time_s,background_centered_adc,without_centered_adc,with_centered_adc,background_filtered_100hz_adc,without_filtered_100hz_adc,with_filtered_100hz_adc
0.0,0.0001489868891546564,0.19270833333333215,-9.851148409893995,-3.022982628919686e-08,-0.24802187879202076,-0.41255664759111466
0.001,0.0001489868891546564,0.19270833333333215,0.14885159010600546,-4.865456296304078e-08,0.10330306199488115,-0.13886333305509918
0.002,0.0001489868891546564,0.19270833333333215,0.14885159010600546,-9.182007106121287e-09,0.31535223115476907,0.3190479297299396
0.003,0.0001489868891546564,0.19270833333333215,-0.8511484098939945,2.631656291852536e-08,0.07745385369919981,0.31337426689182446
0.004,0.0001489868891546564,-0.8072916666666679,0.14885159010600546,2.384056622058486e-08,-0.27934128104025074,-0.12877914798214585
0.005,0.0001489868891546564,0.19270833333333215,0.14885159010600546,6.24023575937417e-09,-0.2432915803004889,-0.37040631666144264
0.006,0.0001489868891546564,0.19270833333333215,0.14885159010600546,-5.341382299282179e-09,0.1445486685467481,-0.08448078303881924
0.007,0.0001489868891546564,0.19270833333333215,0.14885159010600546,-1.8877344692971496e-08,0.3351624058003715,0.30251089167723827
0.008,0.0001489868891546564,0.19270833333333215,-0.8511484098939945,-2.885646010572073e-08,0.04902991825729917,0.2461500884205768
0.009,0.0001489868891546564,-0.8072916666666679,0.14885159010600546,-4.505746685547395e-09,-0.3151670751871783,-0.14767825525239228
0.01,0.0001489868891546564,-0.8072916666666679,0.14885159010600546,4.621945375205162e-08,-0.23676304442233262,-0.3091113876006115
0.011,0.0001489868891546564,0.19270833333333215,0.14885159010600546,5.2559848952182625e-08,0.18271215784449815,-0.030303225224216655
0.012,0.0001489868891546564,0.19270833333333215,0.14885159010600546,-2.1496455851494547e-08,0.3508816541638261,0.2680281661944594
0.013,0.0001489868891546564,0.19270833333333215,0.14885159010600546,-9.092921178903962e-08,0.02169322623754485,0.1695733401763619
0.014,0.0001489868891546564,-0.8072916666666679,0.14885159010600546,-4.345755870381283e-08,-0.34558817479940623,-0.15503117650710246
0.015,0.0001489868891546564,0.19270833333333215,0.14885159010600546,8.326463191487901e-08,-0.22810522131414718,-0.23334690841508732
0.016,0.0001489868891546564,0.19270833333333215,0.14885159010600546,1.159982982849359e-07,0.21616294414035164,0.02080825168928046
0.017,0.0001489868891546564,0.19270833333333215,0.14885159010600546,-1.6465764840236177e-08,0.36134130844234835,0.21908492900705348
0.018,0.0001489868891546564,0.19270833333333215,-0.8511484098939945,-1.4934051674743424e-07,-0.0037682365129755612,0.08869827333186402
0.019,0.0001489868891546564,-0.8072916666666679,0.14885159010600546,-8.606243122797241e-08,-0.36921272627961066,-0.15169108852371407
0.02,0.0001489868891546564,0.19270833333333215,0.14885159010600546,1.1086829300925953e-07,-0.2172785213401634,-0.1489534407685707
0.021,0.0001489868891546564,0.19270833333333215,0.14885159010600546,1.730591484775476e-07,0.24379743490568043,0.06641008220054753
0.022,0.0001489868891546564,0.19270833333333215,0.14885159010600546,-5.16160026172034e-09,0.36601680499249106,0.16036495838484843
0.023,0.0001489868891546564,0.19270833333333215,0.14885159010600546,-1.9276549626969473e-07,-0.02673115711182695,0.008731964128678764
0.024,0.0001489868891546564,-0.8072916666666679,0.14885159010600546,-1.2331644383079962e-07,-0.38543045954339744,-0.1394768764549391
0.025,0.0001489868891546564,0.19270833333333215,0.14885159010600546,1.2374190670237105e-07,-0.2045506082985773,-0.06226574322594272
0.026,0.0001489868891546564,0.19270833333333215,0.14885159010600546,2.1142059541124412e-07,0.26513077878513447,0.10472200273081433
0.027,0.0001489868891546564,0.19270833333333215,0.14885159010600546,9.427513128477275e-09,0.3650721078718771,0.09719793540407497
0.028,0.0001489868891546564,0.19270833333333215,-0.8511484098939945,-2.1148407311838613e-07,-0.046781359199373845,-0.06553164770552483
0.029,0.0001489868891546564,-0.8072916666666679,0.14885159010600546,-1.4613005578134577e-07,-0.39444373354356044,-0.12093448069630597
0.03,0.0001489868891546564,0.19270833333333215,0.14885159010600546,1.1891355141116857e-07,-0.19046668110594994,0.020590430568639833
0.031,0.0001489868891546564,0.19270833333333215,0.14885159010600546,2.2106429629256625e-07,0.28030790178938775,0.13478557981798905
0.032,0.0001489868891546564,0.19270833333333215,0.14885159010600546,2.3409514443450074e-08,0.35930957111668715,0.03495479335261224
0.033,0.0001489868891546564,0.19270833333333215,0.14885159010600546,-1.9955113018737238e-07,-0.06373426405331331,-0.1302033173898178
0.034,0.0001489868891546564,-0.8072916666666679,0.14885159010600546,-1.4742276961336786e-07,-0.39719096053368375,-0.09902298002350554
0.035,0.0001489868891546564,-0.8072916666666679,0.14885159010600546,9.640282143551751e-08,-0.17577957479525402,0.09434226087064279
0.036,0.0001489868891546564,0.19270833333333215,0.14885159010600546,1.9663976244160428e-07,0.2900343553670638,0.15651552669567645
0.037,0.0001489868891546564,0.19270833333333215,0.14885159010600546,3.2907837597923254e-08,0.3500348338338639,-0.02153130633308026
0.038,0.0001489868891546564,0.19270833333333215,-0.8511484098939945,-1.562854672033657e-07,-0.07762901338281489,-0.18265387602702698
0.039,0.0001489868891546564,-0.8072916666666679,0.14885159010600546,-1.2387624442915734e-07,-0.39517613846954164,-0.07676575265325958
0.04,0.0001489868891546564,0.19270833333333215,0.14885159010600546,5.932092431248798e-08,-0.1613508014994353,0.15507462934768534
0.041,0.0001489868891546564,0.19270833333333215,0.14885159010600546,1.3894692192364582e-07,0.2954388956859962,0.17063910214307101
0.042,0.0001489868891546564,0.19270833333333215,0.14885159010600546,3.498411041286248e-08,0.33885837774097277,-0.06844715185302074
0.043,0.0001489868891546564,0.19270833333333215,-0.8511484098939945,-8.673253525016661e-08,-0.08869766029382792,-0.22169266944033394
0.044,0.0001489868891546564,0.19270833333333215,0.14885159010600546,-7.694357078479154e-08,-0.3902313819860361,-0.0569104691342024
0.045,0.0001489868891546564,0.19270833333333215,0.14885159010600546,1.3363158962889549e-08,-0.14803761613912747,0.20053805089020613
0.046,0.0001489868891546564,0.19270833333333215,0.14885159010600546,5.5184032482498657e-08,0.2978892158195195,0.17853479496083113
0.047,0.0001489868891546564,0.19270833333333215,0.14885159010600546,2.8357179678092637e-08,0.327463965205296,-0.10332952031853443
0.048,0.0001489868891546564,0.19270833333333215,0.14885159010600546,-9.712305868945774e-10,-0.09731437991218032,-0.24755463835666694
0.049,0.0001489868891546564,-0.8072916666666679,0.14885159010600546,-1.2869938645796194e-08,-0.3842482967716735,-0.04163922823188422
0.05,0.0001489868891546564,0.19270833333333215,0.14885159010600546,-3.421138878956698e-08,-0.13658279192905853,0.23023166945541756
0.051,0.0001489868891546564,0.19270833333333215,0.14885159010600546,-4.212949789952257e-08,0.29878844476321165,0.18199565619805613
0.052,0.0001489868891546564,0.19270833333333215,0.14885159010600546,1.3755912835462207e-08,0.3173781015893204,-0.12521068232886884
0.053,0.0001489868891546564,0.19270833333333215,0.14885159010600546,8.761902538406869e-08,-0.10393243492031097,-0.2617092179444981
0.054,0.0001489868891546564,-0.8072916666666679,0.14885159010600546,5.830755512008307e-08,-0.37891751235594595,-0.032362312753873385
0.055,0.0001489868891546564,0.19270833333333215,0.14885159010600546,-7.590975323682569e-08,-0.12752286233905505,0.24526554971145614
0.056,0.0001489868891546564,0.19270833333333215,0.14885159010600546,-1.373612899536414e-07,0.29938201103892237,0.18295291087305662
0.057,0.0001489868891546564,0.19270833333333215,0.14885159010600546,-6.176435011843239e-09,0.3097734412181484,-0.13457329631691536
0.058,0.0001489868891546564,0.19270833333333215,0.14885159010600546,1.647917326855123e-07,-0.10901821117423116,-0.266528876125866
0.059,0.0001489868891546564,-0.8072916666666679,0.14885159010600546,1.2459212984301875e-07,-0.37551324990019924,-0.029617025687246293
0.06,0.0001489868891546564,0.19270833333333215,0.14885159010600546,-1.0537597110386015e-07,-0.12112735081285862,0.2480367053894416
0.061,0.0001489868891546564,0.19270833333333215,0.14885159010600546,-2.1466646790790574e-07,0.3006020016408088,0.18320032731796093
0.062,0.0001489868891546564,0.19270833333333215,0.14885159010600546,-2.7410157900940714e-08,0.30533298479682275,-0.13313443956307078
0.063,0.0001489868891546564,0.19270833333333215,-0.8511484098939945,2.1807674162323812e-07,-0.11299176690952481,-0.26487315462348515
0.064,0.0001489868891546564,-0.8072916666666679,0.14885159010600546,1.7432127987876298e-07,-0.37475193872759427,-0.033078633435392954
0.065,0.0001489868891546564,0.19270833333333215,0.14885159010600546,-1.1852603910341302e-07,-0.11737653125349129,0.2417769960358821
0.066,0.0001489868891546564,0.19270833333333215,0.14885159010600546,-2.609903088485754e-07,0.3029696757971834,0.18415855780865253
0.067,0.0001489868891546564,0.19270833333333215,0.14885159010600546,-4.5378238674672444e-08,0.3041920311769458,-0.12350015192219325
0.068,0.0001489868891546564,0.19270833333333215,0.14885159010600546,2.390962988824457e-07,-0.11618200439948166,-0.25965300125091445
0.069,0.0001489868891546564,-0.8072916666666679,0.14885159010600546,1.9844974687813768e-07,-0.3767419139292216,-0.04167564683095009
0.07,0.0001489868891546564,0.19270833333333215,0.14885159010600546,-1.1422075294518347e-07,-0.11597935003942866,0.23004495618682946
0.071,0.0001489868891546564,0.19270833333333215,0.14885159010600546,-2.685575472738979e-07,0.3065673771636144,0.18671155453911395
0.072,0.0001489868891546564,0.19270833333333215,0.14885159010600546,-5.596457977387173e-08,0.3059627390583196,-0.1087463899355973
0.073,0.0001489868891546564,0.19270833333333215,-0.8511484098939945,2.2508412545487579e-07,-0.11880200216878876,-0.2534389589360475
0.074,0.0001489868891546564,-0.8072916666666679,0.14885159010600546,1.9234750557656696e-07,-0.38102704071896,-0.05378855231636561
0.075,0.0001489868891546564,0.19270833333333215,0.14885159010600546,-9.434884303197619e-08,-0.11642721658222195,0.2162361791599145
0.076,0.0001489868891546564,0.19270833333333215,0.14885159010600546,-2.3633873814043794e-07,0.3110802282713458,0.19113538343826758
0.077,0.0001489868891546564,0.19270833333333215,0.14885159010600546,-5.641752730642255e-08,0.3098337167390445,-0.09198798331112626
0.078,0.0001489868891546564,0.19270833333333215,0.14885159010600546,1.7930539307068612e-07,-0.12094666639324488,-0.24816600126064137
0.079,0.0001489868891546564,-0.8072916666666679,0.14885159010600546,1.5673873002816222e-07,-0.3867129334187859,-0.06750139815928813
0.08,0.0001489868891546564,0.19270833333333215,0.14885159010600546,-6.33178138065864e-08,-0.11807432492866243,0.20317826754266646
0.081,0.0001489868891546564,0.19270833333333215,0.14885159010600546,-1.7019809127415512e-07,0.31589738843862525,0.19712519417702745
0.082,0.0001489868891546564,0.19270833333333215,0.14885159010600546,-4.598938346878713e-08,0.3147261854744046,-0.07599374027542431
0.083,0.0001489868891546564,0.19270833333333215,-0.8511484098939945,1.1030604943196497e-07,-0.12261122862708194,-0.2449695553760311
0.084,0.0001489868891546564,-0.8072916666666679,0.14885159010600546,9.758711424219624e-08,-0.3926524337941104,-0.08087052973552077
0.085,0.0001489868891546564,0.19270833333333215,0.14885159010600546,-2.707404633566019e-08,-0.12023172722572609,0.19285851164181633
0.086,0.0001489868891546564,0.19270833333333215,0.14885159010600546,-8.170275429297757e-08,0.32025394263627477,0.2039110582065098
0.087,0.0001489868891546564,0.19270833333333215,0.14885159010600546,-2.6160170526644507e-08,0.31948055954101234,-0.06289434272983105
0.088,0.0001489868891546564,0.19270833333333215,-0.8511484098939945,3.0163613550892657e-08,-0.12372582675804315,-0.24416471980929258
0.089,0.0001489868891546564,-0.8072916666666679,0.14885159010600546,2.49529443517583e-08,-0.39765896610188567,-0.09217474122708241
0.09,0.0001489868891546564,0.19270833333333215,0.14885159010600546,8.129886509657775e-09,-0.1222609924013518,0.18630864230740424
0.091,0.0001489868891546564,0.19270833333333215,0.14885159010600546,1.4148895803782457e-08,0.32338897049298815,0.21044019950251555
0.092,0.0001489868891546564,0.19270833333333215,0.14885159010600546,-3.921888711262192e-10,0.32304382767253786,-0.05401234539257557
0.093,0.0001489868891546564,0.19270833333333215,-0.8511484098939945,-4.788419965296295e-08,-0.12419898829536784,-0.2453576184819274
0.094,0.0001489868891546564,-0.8072916666666679,0.14885159010600546,-4.893934748434486e-08,-0.40071342113117436,-0.10011591430563756
0.095,0.0001489868891546564,0.19270833333333215,0.14885159010600546,3.6954813707495875e-08,-0.12365407030789166,0.18364527426973798
0.096,0.0001489868891546564,0.19270833333333215,0.14885159010600546,1.0180227292626225e-07,0.3246938019944186,0.21559382495952792
0.097,0.0001489868891546564,0.19270833333333215,0.14885159010600546,2.6538039815067266e-08,0.32462929590034245,-0.04982343771558696
0.098,0.0001489868891546564,0.19270833333333215,-0.8511484098939945,-1.1193535784554318e-07,-0.12396167095212678,-0.24765792328360525
0.099,0.0001489868891546564,-0.8072916666666679,0.14885159010600546,-1.1202325587821559e-07,-0.401132648181179,-0.10394791954786907
0.1,0.0001489868891546564,0.19270833333333215,0.14885159010600546,5.592605071626748e-08,-0.12408872624099081,0.18424114982744724
0.101,0.0001489868891546564,0.19270833333333215,0.14885159010600546,1.680310703583843e-07,0.3238270388651981,0.2184026755848855
0.102,0.0001489868891546564,0.19270833333333215,0.14885159010600546,4.9493473841485054e-08,0.32382572419665645,-0.05003838285110723
0.103,0.0001489868891546564,0.19270833333333215,-0.8511484098939945,-1.5353287913716009e-07,-0.12300377375705872,-0.24994785694650248
0.104,0.0001489868891546564,-0.8072916666666679,0.14885159010600546,-1.546268612362491e-07,-0.3986749143381325,-0.1035227268737338
0.105,0.0001489868891546564,0.19270833333333215,0.14885159010600546,6.392641687050583e-08,-0.123453106965215,0.1869845702846404
0.106,0.0001489868891546564,0.19270833333333215,0.14885159010600546,2.0424867614547447e-07,0.3207790957845711,0.2182270728280605
0.107,0.0001489868891546564,0.19270833333333215,0.14885159010600546,6.401754891700446e-08,0.32064166772897723,-0.053778678823338505
0.108,0.0001489868891546564,0.19270833333333215,0.14885159010600546,-1.689725509298547e-07,-0.12139664244999078,-0.2511573557839636
0.109,0.0001489868891546564,-0.8072916666666679,0.14885159010600546,-1.711749007869996e-07,-0.3935685429818162,-0.09925459562137974
0.11,0.0001489868891546564,0.19270833333333215,0.14885159010600546,6.214769032682596e-08,-0.12183794161479249,0.1905748947939379
0.111,0.0001489868891546564,0.19270833333333215,0.14885159010600546,2.0779840169347124e-07,0.3158777227344792,0.21487421119066868
0.112,0.0001489868891546564,0.19270833333333215,0.14885159010600546,6.724484209469524e-08,0.315481445995027,-0.05980823045764249
0.113,0.0001489868891546564,0.19270833333333215,0.14885159010600546,-1.5957639833991952e-07,-0.11929776037253796,-0.25049802515063885
0.114,0.0001489868891546564,-0.8072916666666679,0.14885159010600546,-1.610270839535844e-07,-0.38646256220841796,-0.09201417047653887
0.115,0.0001489868891546564,0.19270833333333215,0.14885159010600546,5.353929251079214e-08,-0.11949978193178183,0.1938016529190059
0.116,0.0001489868891546564,0.19270833333333215,0.14885159010600546,1.8200102449378092e-07,0.3097357608841574,0.2086364943513123
0.117,0.0001489868891546564,0.19270833333333215,0.14885159010600546,5.849066420979493e-08,0.3090599005770397,-0.06677937395850743
0.118,0.0001489868891546564,0.19270833333333215,-0.8511484098939945,-1.3092731762957077e-07,-0.11693707164898963,-0.2476191220508696
0.119,0.0001489868891546564,-0.8072916666666679,0.14885159010600546,-1.283106171854021e-07,-0.3783105459349903,-0.08297281617187362
0.12,0.0001489868891546564,0.19270833333333215,0.14885159010600546,4.190410839662173e-08,-0.11680280291486722,0.19576306162204676
0.121,0.0001489868891546564,0.19270833333333215,0.14885159010600546,1.3500647443722256e-07,0.30315167263679577,0.20024795223178418
0.122,0.0001489868891546564,0.19270833333333215,0.14885159010600546,3.939612294851084e-08,0.3022722931654758,-0.07345448941192767
0.123,0.0001489868891546564,0.19270833333333215,-0.8511484098939945,-9.128323236477297e-08,-0.11458766540263618,-0.2426648858625172
0.124,0.0001489868891546564,-0.8072916666666679,0.14885159010600546,-8.081809442907924e-08,-0.37020898281235126,-0.07342254808726424
0.125,0.0001489868891546564,0.19270833333333215,0.14885159010600546,3.086658867978613e-08,-0.11414943069293233,0.19599458305043035
0.126,0.0001489868891546564,0.19270833333333215,0.14885159010600546,7.774778153879439e-08,0.2969807026967682,0.19076903009065949
0.127,0.0001489868891546564,0.19270833333333215,0.14885159010600546,1.3598494089933775e-08,0.29604196653432513,-0.07887310209510971
0.128,0.0001489868891546564,0.19270833333333215,0.14885159010600546,-4.955830368790755e-08,-0.1125262990823899,-0.2362311264959115
0.129,0.0001489868891546564,-0.8072916666666679,0.14885159010600546,-2.8235101034889883e-08,-0.3632179307304449,-0.06459799715377966
0.13,0.0001489868891546564,0.19270833333333215,0.14885159010600546,2.2961141696927805e-08,-0.11191109337505098,0.19449664933448355
0.131,0.0001489868891546564,0.19270833333333215,0.14885159010600546,2.147556083237861e-08,0.2919987528237071,0.18142118113498404
0.132,0.0001489868891546564,0.19270833333333215,0.14885159010600546,-1.4003815489044322e-08,0.2911708732970619,-0.08244689108148474
0.133,0.0001489868891546564,0.19270833333333215,-0.8511484098939945,-1.3338013740912525e-08,-0.11099099402629266,-0.22923679708391873
0.134,0.0001489868891546564,-0.8072916666666679,0.14885159010600546,1.99059396392133e-08,-0.3581935125214969,-0.057524131598921
0.135,0.0001489868891546564,0.19270833333333215,0.14885159010600546,1.905466441919941e-08,-0.1103696392773662,0.19166942313384755
0.136,0.0001489868891546564,0.19270833333333215,0.14885159010600546,-2.45773187432401e-08,0.28878159262611747,0.17339999216242385
0.137,0.0001489868891546564,0.19270833333333215,0.14885159010600546,-3.823792992179806e-08,0.2882165260526689,-0.08397899291395948
0.138,0.0001489868891546564,0.19270833333333215,-0.8511484098939945,1.2631361010123012e-08,-0.11014341018546615,-0.22274032595802948
0.139,0.0001489868891546564,0.19270833333333215,0.14885159010600546,5.6105125959339804e-08,-0.3556588460919907,-0.052907636642052995
0.14,0.0001489868891546564,0.19270833333333215,0.14885159010600546,1.8234111250779214e-08,-0.109677649988413,0.18817822760621944
0.141,0.0001489868891546564,0.19270833333333215,0.14885159010600546,-5.490184534509671e-08,0.28761889377579386,0.16769796760769642
0.142,0.0001489868891546564,0.19270833333333215,0.14885159010600546,-5.468928408243005e-08,0.28741373572722034,-0.08361695933062761
0.143,0.0001489868891546564,0.19270833333333215,0.14885159010600546,2.716230894043505e-08,-0.11004283425745166,-0.21773853114540231
0.144,0.0001489868891546564,-0.8072916666666679,0.14885159010600546,7.621883132490549e-08,-0.35573290456723833,-0.05108202376802522
0.145,0.0001489868891546564,0.19270833333333215,0.14885159010600546,1.8177482266891697e-08,-0.10984243841234184,0.18478353972860023
0.146,0.0001489868891546564,0.19270833333333215,0.14885159010600546,-6.844949052196792e-08,0.28847636866943877,0.16496535707418267
0.147,0.0001489868891546564,0.19270833333333215,0.14885159010600546,-6.056684339959269e-08,0.288651638070239,-0.08175861575090668
0.148,0.0001489868891546564,0.19270833333333215,0.14885159010600546,3.243009650695947e-08,-0.11063656184643172,-0.2149868820403694
0.149,0.0001489868891546564,-0.8072916666666679,0.14885159010600546,7.99732292450526e-08,-0.35812683332092937,-0.052008014008075705
0.15,0.0001489868891546564,0.19270833333333215,0.14885159010600546,1.5910415866701332e-08,-0.11073455846260459,0.18217277068680396
0.151,0.0001489868891546564,0.19270833333333215,0.14885159010600546,-6.828860145413473e-08,0.29101110111753503,0.16543014433892925
0.152,0.0001489868891546564,0.19270833333333215,0.14885159010600546,-5.522394032359314e-08,0.2915073044983333,-0.07893547827820094
0.153,0.0001489868891546564,0.19270833333333215,0.14885159010600546,3.295233465244437e-08,-0.11176858549446336,-0.21487386898143987
0.154,0.0001489868891546564,-0.8072916666666679,0.14885159010600546,7.059861236487618e-08,-0.36220609438767704,-0.0553228245641279
0.155,0.0001489868891546564,0.19270833333333215,0.14885159010600546,8.757407492923224e-09,-0.11211780605442281,0.18082732354389242
0.156,0.0001489868891546564,0.19270833333333215,0.14885159010600546,-6.031764021076679e-08,0.29463635497662083,0.16888785325855657
0.157,0.0001489868891546564,0.19270833333333215,0.14885159010600546,-4.0231682278960445e-08,0.29532819742711547,-0.0756988110896663
0.158,0.0001489868891546564,0.19270833333333215,-0.8511484098939945,3.402542178515782e-08,-0.11320531824345348,-0.2173706502773842
0.159,0.0001489868891546564,-0.8072916666666679,0.14885159010600546,5.371096336606867e-08,-0.3671062859895535,-0.06042579536686181
0.16,0.0001489868891546564,0.19270833333333215,0.14885159010600546,-4.751943096260634e-09,-0.11369454842916192,0.18094874196036215
0.161,0.0001489868891546564,0.19270833333333215,0.14885159010600546,-5.1382853362422145e-08,0.2986241799311068,0.1747599839767325
0.162,0.0001489868891546564,0.19270833333333215,0.14885159010600546,-1.8996697911891783e-08,0.2993482839263315,-0.07252924392446539
0.163,0.0001489868891546564,0.19270833333333215,-0.8511484098939945,4.002111250886436e-08,-0.11467413733687178,-0.2220622462708639
0.164,0.0001489868891546564,-0.8072916666666679,0.14885159010600546,3.572940747799216e-08,-0.3718822591752381,-0.06658407791007553
0.165,0.0001489868891546564,0.19270833333333215,0.14885159010600546,-2.4253894029694182e-08,-0.1151582251715083,0.18245426232473147
0.166,0.0001489868891546564,0.19270833333333215,0.14885159010600546,-4.727464964396231e-08,0.30222827358779825,0.18220866057895588
0.167,0.0001489868891546564,0.19270833333333215,0.14885159010600546,3.98941451525924e-09,0.30281788177795554,-0.06978330135138953
0.168,0.0001489868891546564,0.19270833333333215,0.14885159010600546,5.2973078416421374e-08,-0.11590832936018221,-0.22825111476524063
0.169,0.0001489868891546564,-0.8072916666666679,0.14885159010600546,2.2212081362193922e-08,-0.37566546836811315,-0.07304118654511615
0.17,0.0001489868891546564,0.19270833333333215,0.14885159010600546,-4.736889872108069e-08,-0.11624425932771176,0.18503745184028636
0.171,0.0001489868891546564,0.19270833333333215,0.14885159010600546,-5.1092747791047e-08,0.3048067032575534,0.19028627903315282
0.172,0.0001489868891546564,0.19270833333333215,0.14885159010600546,2.4105457992155102e-08,0.30512592412045403,-0.0676809222369523
0.173,0.0001489868891546564,0.19270833333333215,-0.8511484098939945,7.180941066493345e-08,-0.11669092911676571,-0.2351107423746382
0.174,0.0001489868891546564,-0.8072916666666679,0.14885159010600546,1.6499204591935873e-08,-0.37780398440881485,-0.07911294061091918
0.175,0.0001489868891546564,0.19270833333333215,0.14885159010600546,-7.003444322095009e-08,-0.11677141020198106,0.18827662862360894
0.176,0.0001489868891546564,0.19270833333333215,0.14885159010600546,-6.237311970698165e-08,0.3059246255555029,0.19809396542008637
0.177,0.0001489868891546564,0.19270833333333215,0.14885159010600546,3.7556683353637643e-08,0.3058953813827328,-0.06632895406941644
0.178,0.0001489868891546564,0.19270833333333215,-0.8511484098939945,9.243016342996509e-08,-0.11689014763419942,-0.24185820813250078
0.179,0.0001489868891546564,-0.8072916666666679,0.14885159010600546,1.897100517828666e-08,-0.37796321293287044,-0.08425916710698043
0.18,0.0001489868891546564,0.19270833333333215,0.14885159010600546,-8.729869306306642e-08,-0.11666758187062175,0.19176476649900173
0.181,0.0001489868891546564,0.19270833333333215,0.14885159010600546,-7.718333646932006e-08,0.3054208916268754,0.20492219163292597
0.182,0.0001489868891546564,0.19270833333333215,0.14885159010600546,4.213044818231223e-08,0.30503761057476897,-0.06576841120274093
0.183,0.0001489868891546564,0.19270833333333215,-0.8511484098939945,1.0862559951742707e-07,-0.11648053415882886,-0.2479119363374501
0.184,0.0001489868891546564,-0.8072916666666679,0.14885159010600546,2.7079227601822395e-08,-0.37617238204187037,-0.08812467331608256
0.185,0.0001489868891546564,0.19270833333333215,0.14885159010600546,-9.441014503609928e-08,-0.11597689195391547,0.19523111089260245
0.186,0.0001489868891546564,0.19270833333333215,0.14885159010600546,-8.916044473403602e-08,0.3034286952148247,0.21035088291018664
0.187,0.0001489868891546564,0.19270833333333215,0.14885159010600546,3.759615734857878e-08,0.3027584947138503,-0.06602923955466933
0.188,0.0001489868891546564,0.19270833333333215,-0.8511484098939945,1.136276093485484e-07,-0.11554645348787519,-0.25300438145901955
0.189,0.0001489868891546564,-0.8072916666666679,0.14885159010600546,3.6128595865588566e-08,-0.37281105026293915,-0.0905484974421485
0.19,0.0001489868891546564,0.19270833333333215,0.14885159010600546,-8.796265762772794e-08,-0.11484792023953315,0.1986272281254536
0.191,0.0001489868891546564,0.19270833333333215,0.14885159010600546,-9.12403008106497e-08,0.3003481215722727,0.2142939867217485
0.192,0.0001489868891546564,0.19270833333333215,0.14885159010600546,2.5672361874795225e-08,0.299517179405517,-0.06717601366329762
0.193,0.0001489868891546564,0.19270833333333215,0.14885159010600546,1.019305706402779e-07,-0.11426745717853595,-0.25722838765921335
0.194,0.0001489868891546564,-0.8072916666666679,0.14885159010600546,4.061016228570763e-08,-0.3685396890357019,-0.091545399624161
0.195,0.0001489868891546564,0.19270833333333215,0.14885159010600546,-6.683262920485307e-08,-0.11350599262479803,0.20215801980187104
0.196,0.0001489868891546564,0.19270833333333215,0.14885159010600546,-7.76607241003534e-08,0.2967762936762596,0.21698337136686804
0.197,0.0001489868891546564,0.19270833333333215,0.14885159010600546,9.577550080520129e-09,0.29594571147191506,-0.0693312446802507
0.198,0.0001489868891546564,0.19270833333333215,0.14885159010600546,7.094480678043431e-08,-0.11288816671801304,-0.26100869845510916
0.199,0.0001489868891546564,-0.8072916666666679,0.14885159010600546,3.576106008713797e-08,-0.3641872149257871,-0.09126724023642997
0.2,0.0001489868891546564,0.19270833333333215,0.14885159010600546,-3.268185556265046e-08,-0.11221466857853406,0.20624973925132714
0.201,0.0001489868891546564,0.19270833333333215,0.14885159010600546,-4.5750780005145e-08,0.2934075063196496,0.21889736494210754
0.202,0.0001489868891546564,0.19270833333333215,0.14885159010600546,-6.729909675434722e-09,0.292743760712944,-0.07266896421904936
0.203,0.0001489868891546564,0.19270833333333215,-0.8511484098939945,2.207313082364438e-08,-0.11167784846257137,-0.26500419719045304
0.204,0.0001489868891546564,0.19270833333333215,0.14885159010600546,1.8973042059239288e-08,-0.3606147981176988,-0.08995386097675317
0.205,0.0001489868891546564,0.19270833333333215,0.14885159010600546,1.011139955421259e-08,-0.11123297122998352,0.21145999238704558
0.206,0.0001489868891546564,0.19270833333333215,0.14885159010600546,2.9390456406294585e-09,0.29092022802212925,0.22064847030289333
0.207,0.0001489868891546564,0.19270833333333215,0.14885159010600546,-1.9452021639026432e-08,0.29056599067588557,-0.07737864464773839
0.208,0.0001489868891546564,0.19270833333333215,-0.8511484098939945,-3.9076609614094557e-08,-0.11088651174355606,-0.269959383260188
0.209,0.0001489868891546564,-0.8072916666666679,0.14885159010600546,-9.293447928387525e-09,-0.3585783970570329,-0.08788321691509478
0.21,0.0001489868891546564,0.19270833333333215,0.14885159010600546,5.510829530670096e-08,-0.11077517639578535,0.2183466223284717
0.211,0.0001489868891546564,0.19270833333333215,0.14885159010600546,6.246545866744075e-08,0.28986946488804527,0.2228512918380325
0.212,0.0001489868891546564,0.19270833333333215,0.14885159010600546,-2.5793253749670268e-08,0.2899201005844896,-0.08360677620065221
0.213,0.0001489868891546564,0.19270833333333215,0.14885159010600546,-1.0343940499876314e-07,-0.11070483222246195,-0.27653303863537354
0.214,0.0001489868891546564,-0.8072916666666679,0.14885159010600546,-4.5320203774493595e-08,-0.3586118762166157,-0.08532900003771712
0.215,0.0001489868891546564,0.19270833333333215,0.14885159010600546,9.493852232050898e-08,-0.11097918787705453,0.22732103568278644
0.216,0.0001489868891546564,0.19270833333333215,0.14885159010600546,1.233633665874546e-07,0.29060153913192655,0.22599447481127077
0.217,0.0001489868891546564,0.19270833333333215,0.14885159010600546,-2.456150074486054e-08,0.2910911365703318,-0.09138907688058918
0.218,0.0001489868891546564,0.19270833333333215,-0.8511484098939945,-1.600812934342798e-07,-0.11123442816729844,-0.28513637493705946
0.219,0.0001489868891546564,-0.8072916666666679,0.14885159010600546,-8.273220916088915e-08,-0.3609484812461833,-0.08253129591056566
0.22,0.0001489868891546564,0.19270833333333215,0.14885159010600546,1.2268185703489328e-07,-0.11188786172809487,0.2385153340320094
0.221,0.0001489868891546564,0.19270833333333215,0.14885159010600546,1.7440479512089003e-07,0.29320416439479086,0.23033912826173036
0.222,0.0001489868891546564,0.19270833333333215,0.14885159010600546,-1.6399742077494672e-08,0.2941028724537688,-0.10058924395466261
0.223,0.0001489868891546564,0.19270833333333215,-0.8511484098939945,-1.9831398786639447e-07,-0.1124731490320643,-0.2958114609492937
0.224,0.0001489868891546564,-0.8072916666666679,0.14885159010600546,-1.1377254288106728e-07,-0.36549165718763504,-0.07968252818071067
0.225,0.0001489868891546564,0.19270833333333215,0.14885159010600546,1.3322029393877427e-07,-0.11344541469884992,0.2516908819532779
0.226,0.0001489868891546564,0.19270833333333215,0.14885159010600546,2.048845781213581e-07,0.2974985661111021,0.2358611111188431
0.227,0.0001489868891546564,0.19270833333333215,0.14885159010600546,-3.602262671126431e-09,0.29872075346482535,-0.11085979645265671
0.228,0.0001489868891546564,0.19270833333333215,0.14885159010600546,-2.098945793188185e-07,-0.11431741152689336,-0.30817373455168257
0.229,0.0001489868891546564,-0.8072916666666679,0.14885159010600546,-1.3097904003995302e-07,-0.3718378965825356,-0.07692771166227635
0.23,0.0001489868891546564,0.19270833333333215,0.14885159010600546,1.2427791074457308e-07,-0.11550863975174352,0.2662090030357884
0.231,0.0001489868891546564,0.19270833333333215,0.14885159010600546,2.0694310245260697e-07,0.30307336525552214,0.24224665917255603
0.232,0.0001489868891546564,0.19270833333333215,0.14885159010600546,1.0439324789977186e-08,0.3044941506919159,-0.12163697844933212
0.233,0.0001489868891546564,0.19270833333333215,-0.8511484098939945,-1.9083720503270043e-07,-0.11658070219852866,-0.3214311792882465
0.234,0.0001489868891546564,-0.8072916666666679,0.14885159010600546,-1.2889425303971632e-07,-0.3793458940491066,-0.07437541937235718
0.235,0.0001489868891546564,0.19270833333333215,0.14885159010600546,9.69258574054064e-08,-0.11787043477400637,0.2810736163888801
0.236,0.0001489868891546564,0.19270833333333215,0.14885159010600546,1.7741518973738572e-07,0.3093532016387722,0.24894151123263755
0.237,0.0001489868891546564,0.19270833333333215,0.14885159010600546,2.203415106058042e-08,0.31082958512658204,-0.13217557853426465
0.238,0.0001489868891546564,0.19270833333333215,-0.8511484098939945,-1.424356079809763e-07,-0.11902466515237932,-0.33447928988799314
0.239,0.0001489868891546564,-0.8072916666666679,0.14885159010600546,-1.0542544179132829e-07,-0.38723912966457735,-0.07211427214598742
0.24,0.0001489868891546564,0.19270833333333215,0.14885159010600546,5.5438948865298195e-08,-0.12029145319420431,0.2950427734836851
0.241,0.0001489868891546564,0.19270833333333215,0.14885159010600546,1.1878593809599352e-07,0.31568971972916493,0.2552445483777732
0.242,0.0001489868891546564,0.19270833333333215,0.14885159010600546,2.8055242024880947e-08,0.31708209170849233,-0.14162203118302935
0.243,0.0001489868891546564,0.19270833333333215,-0.8511484098939945,-7.125654660404059e-08,-0.12139717155810241,-0.3460576189624208
0.244,0.0001489868891546564,-0.8072916666666679,0.14885159010600546,-6.254149620280359e-08,-0.39472421913057837,-0.07022936166698239
0.245,0.0001489868891546564,0.19270833333333215,0.14885159010600546,6.525086705373232e-09,-0.12253472896345595,0.30679353156309974
0.246,0.0001489868891546564,0.19270833333333215,0.14885159010600546,3.901958212235678e-08,0.3214594138228188,0.2604295119252085
0.247,0.0001489868891546564,0.19270833333333215,0.14885159010600546,2.6675121650255475e-08,0.32264965258078315,-0.14911671150327252
0.248,0.0001489868891546564,0.19270833333333215,-0.8511484098939945,1.1920524781672219e-08,-0.12347076128310855,-0.3549427928962801
0.249,0.0001489868891546564,-0.8072916666666679,0.14885159010600546,-6.1336561219476106e-09,-0.40110564118667935,-0.068813767870095
0.25,0.0001489868891546564,0.19270833333333215,0.14885159010600546,-4.1919867458168904e-08,-0.12439800670842131,0.31511463347582747
0.251,0.0001489868891546564,0.19270833333333215,0.14885159010600546,-4.973398151990838e-08,0.3261523731122111,0.2638738139614892
0.252,0.0001489868891546564,0.19270833333333215,0.14885159010600546,1.7809711032566576e-08,0.3270558930972713,-0.15391031486379364
0.253,0.0001489868891546564,0.19270833333333215,-0.8511484098939945,9.401891864848339e-08,-0.12507501088513093,-0.36014626632703206
0.254,0.0001489868891546564,-0.8072916666666679,0.14885159010600546,5.495388813732208e-08,-0.4058789442646714,-0.06797197688547162
0.255,0.0001489868891546564,0.19270833333333215,0.14885159010600546,-8.227956130213848e-08,-0.1257391813533208,0.3190958174618154
0.256,0.0001489868891546564,0.19270833333333215,0.14885159010600546,-1.3331037498713442e-07,0.32943816554447763,0.2651724886190757
0.257,0.0001489868891546564,0.19270833333333215,-0.8511484098939945,3.1706279127852456e-09,0.33000884838386846,-0.15547575869879665
0.258,0.0001489868891546564,0.19270833333333215,-0.8511484098939945,1.6205445346430305e-07,-0.12611766309855277,-0.3610838531288085
0.259,0.0001489868891546564,-0.8072916666666679,0.14885159010600546,1.1053806779247034e-07,-0.4087888737299216,-0.06781415366939844
0.26,0.0001489868891546564,0.19270833333333215,0.14885159010600546,-1.0860865987516623e-07,-0.1264915639976529,0.31828224955954326
0.261,0.0001489868891546564,0.19270833333333215,0.14885159010600546,-1.9814595552223197e-07,0.3311994941556111,0.26421803202167565
0.262,0.0001489868891546564,0.19270833333333215,0.14885159010600546,-1.4087983314054101e-08,0.3314280454131028,-0.15359681751543214
0.263,0.0001489868891546564,0.19270833333333215,-0.8511484098939945,2.0551695637316156e-07,-0.1265915019149054,-0.35768839863134033
0.264,0.0001489868891546564,-0.8072916666666679,0.14885159010600546,1.51029811058262e-07,-0.4098452228289751,-0.06844242384157616
0.265,0.0001489868891546564,0.19270833333333215,0.14885159010600546,-1.176675537253837e-07,-0.1266674021299114,0.3127676212486917
0.266,0.0001489868891546564,0.19270833333333215,0.14885159010600546,-2.338064784584924e-07,0.331530038673064,0.26123271674771303
0.267,0.0001489868891546564,0.19270833333333215,0.14885159010600546,-3.0052860649631204e-08,0.3314376076844663,-0.14841778312187964
0.268,0.0001489868891546564,0.19270833333333215,0.14885159010600546,2.1826215656407154e-07,-0.1265665759009266,-0.35044607135365935
0.269,0.0001489868891546564,-0.8072916666666679,0.14885159010600546,1.6928889296103499e-07,-0.409296466390082,-0.06993214867393785
0.27,0.0001489868891546564,0.19270833333333215,0.14885159010600546,-1.0939669004131518e-07,-0.12634991076041321,0.3032090226461842
0.271,0.0001489868891546564,0.19270833333333215,0.14885159010600546,-2.34914860159299e-07,0.33069903850951204,0.2567479128240423
0.272,0.0001489868891546564,0.19270833333333215,0.14885159010600546,-4.09171914017967e-08,0.33032864803887524,-0.14044431950069117
0.273,0.0001489868891546564,0.19270833333333215,-0.8511484098939945,1.9953622013550491e-07,-0.12616998476704996,-0.34034908629485994
0.274,0.0001489868891546564,-0.8072916666666679,0.14885159010600546,1.6201776243105046e-07,-0.4075681516346253,-0.07231231267670242
0.275,0.0001489868891546564,0.19270833333333215,0.14885159010600546,-8.674718250201482e-08,-0.1256757390238352,0.29075915771520416
0.276,0.0001489868891546564,0.19270833333333215,0.14885159010600546,-2.020894242336661e-07,0.32909063015268697,0.2515336522397742
0.277,0.0001489868891546564,0.19270833333333215,0.14885159010600546,-4.3839449782006003e-08,0.3284989659491524,-0.1304933524710806
0.278,0.0001489868891546564,0.19270833333333215,-0.8511484098939945,1.5393862268894867e-07,-0.12555758274121,-0.3287711431221233
0.279,0.0001489868891546564,-0.8072916666666679,0.14885159010600546,1.3040684999514303e-07,-0.40517846154744613,-0.0755494120452952
0.28,0.0001489868891546564,0.19270833333333215,0.14885159010600546,-5.4921348167232664e-08,-0.12481107108290697,0.2769247076787608
0.281,0.0001489868891546564,0.19270833333333215,0.14885159010600546,-1.4171175534517948e-07,0.32712981934658725,0.24648969904328988
0.282,0.0001489868891546564,0.19270833333333215,0.14885159010600546,-3.760672657724907e-08,0.32638127483669643,-0.11959798602400475
0.283,0.0001489868891546564,0.19270833333333215,-0.8511484098939945,9.035233082208386e-08,-0.12488324076183044,-0.3172842320331343
0.284,0.0001489868891546564,-0.8072916666666679,0.14885159010600546,7.990023507563198e-08,-0.40264648511814016,-0.0795386312463349
0.285,0.0001489868891546564,0.19270833333333215,0.14885159010600546,-2.0200726869624003e-08,-0.12392528272207687,0.263371458196221
0.286,0.0001489868891546564,0.19270833333333215,0.14885159010600546,-6.458787671761399e-08,0.3252086400277577,0.2425154420112746
0.287,0.0001489868891546564,0.19270833333333215,0.14885159010600546,-2.2954840256001826e-08,0.32437240038816756,-0.10888068243807802
0.288,0.0001489868891546564,0.19270833333333215,0.14885159010600546,2.0084881470527285e-08,-0.12427152952682294,-0.30744470894124687
0.289,0.0001489868891546564,-0.8072916666666679,0.14885159010600546,1.9133970176981077e-08,-0.40040909447568745,-0.084104778780929
0.29,0.0001489868891546564,0.19270833333333215,0.14885159010600546,1.1376949377501894e-08,-0.12316617966138069,0.2517052392302891
0.291,0.0001489868891546564,0.19270833333333215,0.14885159010600546,1.6204962930924126e-08,0.3236253135980937,0.24037907607383857
0.292,0.0001489868891546564,0.19270833333333215,0.14885159010600546,-2.470763864005144e-09,0.32277500393558345,-0.09941306161935204
0.293,0.0001489868891546564,0.19270833333333215,-0.8511484098939945,-4.537639200693066e-08,-0.12379881455468743,-0.3005812033872989
0.294,0.0001489868891546564,-0.8072916666666679,0.14885159010600546,-4.172961404221676e-08,-0.3987599860189969,-0.0890136951283824
0.295,0.0001489868891546564,0.19270833333333215,0.14885159010600546,3.520449597898687e-08,-0.122640357837012,0.24326143026418776
0.296,0.0001489868891546564,0.19270833333333215,0.14885159010600546,8.783003923304682e-08,0.32254627877585734,0.24060634314267765
0.297,0.0001489868891546564,0.19270833333333215,0.14885159010600546,1.9907391325833858e-08,0.3217606345975222,-0.09208282156202231
0.298,0.0001489868891546564,0.19270833333333215,-0.8511484098939945,-9.65209916232006e-08,-0.1234859688548766,-0.29761631399143806
0.299,0.0001489868891546564,-0.8072916666666679,0.14885159010600546,-9.292610362061026e-08,-0.39781988881879554,-0.0939929817958918
0.3,0.0001489868891546564,0.19270833333333215,0.14885159010600546,4.890574463598591e-08,-0.12240125906668615,0.2389342120906133
0.301,0.0001489868891546564,0.19270833333333215,0.14885159010600546,1.4004143030884216e-07,0.32199639328903323,0.24340567693884937
0.302,0.0001489868891546564,0.19270833333333215,0.14885159010600546,3.969069602357684e-08,0.3213588338042923,-0.08748712535736827
0.303,0.0001489868891546564,0.19270833333333215,-0.8511484098939945,-1.2744213266934392e-07,-0.12330355069834474,-0.29894836236013195
0.304,0.0001489868891546564,-0.8072916666666679,0.14885159010600546,-1.268783854766079e-07,-0.39754103284221265,-0.09875926518755515
0.305,0.0001489868891546564,0.19270833333333215,0.14885159010600546,5.2591564566453534e-08,-0.12244621663341762,0.23907023697730928
0.306,0.0001489868891546564,0.19270833333333215,0.14885159010600546,1.6690051691117628e-07,0.321877260177783,0.24864057228784195
0.307,0.0001489868891546564,0.19270833333333215,0.14885159010600546,5.277248452199909e-08,0.3214723364045316,-0.08586757035003205
0.308,0.0001489868891546564,0.19270833333333215,0.14885159010600546,-1.3661924900704908e-07,-0.12318780885948812,-0.30440973717101066
0.309,0.0001489868891546564,-0.8072916666666679,0.14885159010600546,-1.3949379210487997e-07,-0.3977427587693598,-0.10304807860273281
0.31,0.0001489868891546564,0.19270833333333215,0.14885159010600546,4.853868183685132e-08,-0.12272239451995141,0.24344108579157192
0.311,0.0001489868891546564,0.19270833333333215,0.14885159010600546,1.6753391053686133e-07,0.3220084654915992,0.2558524099270128
0.312,0.0001489868891546564,0.19270833333333215,0.14885159010600546,5.629684296387243e-08,0.32191393438819743,-0.0870952911930674
0.313,0.0001489868891546564,0.19270833333333215,-0.8511484098939945,-1.267338888936653e-07,-0.12306373343055615,-0.31330622223661164
0.314,0.0001489868891546564,-0.8072916666666679,0.14885159010600546,-1.307222610793642e-07,-0.3981697169319532,-0.10664199364781932
0.315,0.0001489868891546564,0.19270833333333215,0.14885159010600546,4.0389364137715615e-08,-0.12314022263891812,0.2512965256009723
0.316,0.0001489868891546564,0.19270833333333215,0.14885159010600546,1.45821684722516e-07,0.32218244076680824,0.2643290674897316
0.317,0.0001489868891546564,0.19270833333333215,0.14885159010600546,4.927741211056442e-08,0.3224570301892461,-0.09070696299246563
0.318,0.0001489868891546564,0.19270833333333215,-0.8511484098939945,-1.0361122724236398e-07,-0.12286997188015666,-0.32452917050065755
0.319,0.0001489868891546564,-0.8072916666666679,0.14885159010600546,-1.0428936527521247e-07,-0.3985603600058979,-0.10939290746803419
0.32,0.0001489868891546564,0.19270833333333215,0.14885159010600546,3.2076925395094583e-08,-0.12359189377944942,0.26148821049205373
0.321,0.0001489868891546564,0.19270833333333215,0.14885159010600546,1.0913695951574142e-07,0.3222213848103047,0.27320770314809306
0.322,0.0001489868891546564,0.19270833333333215,0.14885159010600546,3.283323387926585e-08,0.3228898635371616,-0.09598475201295209
0.323,0.0001489868891546564,0.19270833333333215,-0.8511484098939945,-7.456826098632516e-08,-0.1225800454306265,-0.3367214757248458
0.324,0.0001489868891546564,-0.8072916666666679,0.14885159010600546,-6.669328645765073e-08,-0.39871198552239784,-0.11123531908229356
0.325,0.0001489868891546564,0.19270833333333215,0.14885159010600546,2.6741052855200814e-08,-0.12397184442614705,0.2726430678801567
0.326,0.0001489868891546564,0.19270833333333215,0.14885159010600546,6.645754561691902e-08,0.32202457078064584,0.2815951864352634
0.327,0.0001489868891546564,0.19270833333333215,0.14885159010600546,9.988773909153139e-09,0.32306314042765166,-0.10206685328903604
0.328,0.0001489868891546564,0.19270833333333215,-0.8511484098939945,-4.6571493192556895e-08,-0.12221501128570463,-0.3484707020846849
0.329,0.0001489868891546564,-0.8072916666666679,0.14885159010600546,-2.5706711868204755e-08,-0.3985296268562843,-0.11218882872148232
0.33,0.0001489868891546564,0.19270833333333215,0.14885159010600546,2.5895040458124533e-08,-0.12419595940225464,0.28335879230819294
0.331,0.0001489868891546564,0.19270833333333215,0.14885159010600546,2.629436859880186e-08,0.32159641544259726,0.28868748940009714
0.332,0.0001489868891546564,0.19270833333333215,0.14885159010600546,-1.492285143011982e-08,0.322922312228403,-0.108071149101299
0.333,0.0001489868891546564,0.19270833333333215,-0.8511484098939945,-2.4635468287518143e-08,-0.12184439979900889,-0.35849957025357604
0.334,0.0001489868891546564,-0.8072916666666679,0.14885159010600546,1.1279035644234187e-08,-0.3980493914162191,-0.11234972469154147
0.335,0.0001489868891546564,0.19270833333333215,0.14885159010600546,2.904473202536359e-08,-0.12421652358473674,0.2923916086077827
0.336,0.0001489868891546564,0.19270833333333215,0.14885159010600546,-5.096036175305035e-09,0.3210495067066741,0.2938701975341348
0.337,0.0001489868891546564,0.19270833333333215,0.14885159010600546,-3.713057504755892e-08,0.3225187418538382,-0.1132133024976282
0.338,0.0001489868891546564,0.19270833333333215,-0.8511484098939945,-1.082391270479772e-08,-0.12157460732956257,-0.36582562924444373
0.339,0.0001489868891546564,-0.8072916666666679,0.14885159010600546,3.8709230290822125e-08,-0.3974317861798777,-0.11187311800427478
0.34,0.0001489868891546564,0.19270833333333215,0.14885159010600546,3.385056785222633e-08,-0.12403063675075326,0.2988089748180768
0.341,0.0001489868891546564,0.19270833333333215,0.14885159010600546,-2.482951077144072e-08,0.32058167353627964,0.2967859232275166
0.342,0.0001489868891546564,0.19270833333333215,0.14885159010600546,-5.238918628102127e-08,0.32199791283495044,-0.11690235601134012
0.343,0.0001489868891546564,0.19270833333333215,-0.8511484098939945,-4.064547959802497e-09,-0.1215265105592141,-0.36986794437610565
0.344,0.0001489868891546564,-0.8072916666666679,0.14885159010600546,5.381902725800117e-08,-0.3969262659560819,-0.11094840375971872
0.345,0.0001489868891546564,0.19270833333333215,0.14885159010600546,3.6794296402642525e-08,-0.12368080460031496,0.302086600076837
0.346,0.0001489868891546564,0.19270833333333215,0.14885159010600546,-3.362329403158738e-08,0.3204312546565342,0.2973601389401883
0.347,0.0001489868891546564,0.19270833333333215,0.14885159010600546,-5.7835676722405646e-08,0.32156700676269756,-0.11880123729995626
0.348,0.0001489868891546564,0.19270833333333215,0.14885159010600546,-7.920637809203983e-10,-0.12180639936342881,-0.3704878905508308
0.349,0.0001489868891546564,-0.8072916666666679,0.14885159010600546,5.690459303198666e-08,-0.39681368414471635,-0.10977168691988368
0.35,0.0001489868891546564,0.19270833333333215,0.14885159010600546,3.419032743481477e-08,-0.12324758093247179,0.30213882050154484
0.351,0.0001489868891546564,0.19270833333333215,0.14885159010600546,-3.5128039333910557e-08,0.3208190645784604,0.29578381169582535
0.352,0.0001489868891546564,0.19270833333333215,0.14885159010600546,-5.2560185922872074e-08,0.32144789013709263,-0.1188456748260128
0.353,0.0001489868891546564,0.19270833333333215,-0.8511484098939945,3.763440328520275e-09,-0.12247595134776841,-0.36796205618449856
0.354,0.0001489868891546564,-0.8072916666666679,0.14885159010600546,5.0889061156760695e-08,-0.39733756866379705,-0.10851910775050594
0.355,0.0001489868891546564,0.19270833333333215,0.14885159010600546,2.3296338107668463e-08,-0.12283530772259908,0.29928233737935517
0.356,0.0001489868891546564,0.19270833333333215,0.14885159010600546,-3.4563246211406535e-08,0.3218883809149866,0.29245808489771763
0.357,0.0001489868891546564,0.19270833333333215,0.14885159010600546,-3.7773770349126914e-08,0.32182419752267644,-0.11722183601948542
0.358,0.0001489868891546564,0.19270833333333215,-0.8511484098939945,1.3977851573403526e-08,-0.12352755868023682,-0.3628960242019488
0.359,0.0001489868891546564,-0.8072916666666679,0.14885159010600546,4.0318173718342315e-08,-0.3986374499766766,-0.10732472797053651
0.36,0.0001489868891546564,0.19270833333333215,0.14885159010600546,3.2485672331785167e-09,-0.1225530289214783,0.2941437598888856
0.361,0.0001489868891546564,0.19270833333333215,0.14885159010600546,-3.7014861652398464e-08,0.3236550636293481,0.28791202345592376
0.362,0.0001489868891546564,0.19270833333333215,0.14885159010600546,-1.654009693921067e-08,0.32279234523741396,-0.11430938604045086
0.363,0.0001489868891546564,0.19270833333333215,-0.8511484098939945,3.2332778960617105e-08,-0.1248707151563374,-0.35609667888252405
0.364,0.0001489868891546564,-0.8072916666666679,0.14885159010600546,3.0044112269862166e-08,-0.40069743177837946,-0.10626586493517753
0.365,0.0001489868891546564,0.19270833333333215,0.14885159010600546,-2.441835993115975e-08,-0.12249340735709417,0.28752964745009246
0.366,0.0001489868891546564,0.19270833333333215,0.14885159010600546,-4.5826680790686934e-08,0.32597849696810344,0.28270822802003537
0.367,0.0001489868891546564,0.19270833333333215,0.14885159010600546,6.870290989392654e-09,0.324325781513473,-0.11060161656102127
0.368,0.0001489868891546564,0.19270833333333215,-0.8511484098939945,5.83991955268236e-08,-0.12633344023239895,-0.348426332392766
0.369,0.0001489868891546564,-0.8072916666666679,0.14885159010600546,2.3918624931610855e-08,-0.4033208154263149,-0.10535762502425021
0.37,0.0001489868891546564,0.19270833333333215,0.14885159010600546,-5.5816194003635456e-08,-0.12271285349195764,0.280282574340174
0.371,0.0001489868891546564,0.19270833333333215,0.14885159010600546,-6.148884375242702e-08,0.32856063474149644,0.27735239094699227
0.372,0.0001489868891546564,0.19270833333333215,0.14885159010600546,2.7865692282235316e-08,0.32625967317895405,-0.10661708316201528
0.373,0.0001489868891546564,0.19270833333333215,-0.8511484098939945,8.857670393874725e-08,-0.12768012675304236,-0.34066358648373285
0.374,0.0001489868891546564,-0.8072916666666679,0.14885159010600546,2.3805261201255257e-08,-0.4061372611398171,-0.10455706460503231
0.375,0.0001489868891546564,0.19270833333333215,0.14885159010600546,-8.53337325747089e-08,-0.12321602608180256,0.27314750940815447
0.376,0.0001489868891546564,0.19270833333333215,0.14885159010600546,-8.130446560892906e-08,0.3309755941387931,0.27222148668589535
0.377,0.0001489868891546564,0.19270833333333215,0.14885159010600546,4.247211748032061e-08,0.3282998975784176,-0.10281747999425221
0.378,0.0001489868891546564,0.19270833333333215,-0.8511484098939945,1.1668131733878473e-07,-0.12864418556760296,-0.33339333713787683
0.379,0.0001489868891546564,-0.8072916666666679,0.14885159010600546,2.9139087431586595e-08,-0.4086434156862286,-0.10377608391020611
0.38,0.0001489868891546564,0.19270833333333215,0.14885159010600546,-1.0673863688940305e-07,-0.1239473850070889,0.2666695728635136
0.381,0.0001489868891546564,0.19270833333333215,0.14885159010600546,-9.992778285639597e-08,0.3327268009575321,0.2675215651863377
0.382,0.0001489868891546564,0.19270833333333215,0.14885159010600546,4.812883863200402e-08,0.330056197308928,-0.09954436261606736
0.383,0.0001489868891546564,0.19270833333333215,-0.8511484098939945,1.352717075233686e-07,-0.1289709514403305,-0.3269422609987145
0.384,0.0001489868891546564,-0.8072916666666679,0.14885159010600546,3.713001394555456e-08,-0.4102720882049333,-0.1029010071927916
0.385,0.0001489868891546564,0.19270833333333215,0.14885159010600546,-1.1452201949103875e-07,-0.1247916147227266,0.26113770883278
0.386,0.0001489868891546564,0.19270833333333215,0.14885159010600546,-1.1065742274012862e-07,0.33332357451935407,0.2632807178738317
0.387,0.0001489868891546564,0.19270833333333215,0.14885159010600546,4.417611893299615e-08,0.33109531368184053,-0.09698328828645873
0.388,0.0001489868891546564,0.19270833333333215,0.14885159010600546,1.3742338547063966e-07,-0.12846404116791987,-0.32136761928645247
0.389,0.0001489868891546564,-0.8072916666666679,0.14885159010600546,4.3553282436690116e-08,-0.4104798959620292,-0.10181595766939482
0.39,0.0001489868891546564,0.19270833333333215,0.14885159010600546,-1.0519247210259129e-07,-0.12558358977701048,0.25658021604544984
0.391,0.0001489868891546564,0.19270833333333215,0.14885159010600546,-1.0718471518317303e-07,0.3323651465304158,0.25937663132930905
0.392,0.0001489868891546564,0.19270833333333215,0.14885159010600546,3.1937192400616936e-08,0.3310064913963886,-0.09515875422984837
0.393,0.0001489868891546564,0.19270833333333215,-0.8511484098939945,1.1854402201854755e-07,-0.1270271561695926,-0.3164977622494921
0.394,0.0001489868891546564,-0.8072916666666679,0.14885159010600546,4.3932443911492834e-08,-0.40883970356889215,-0.10042668639468035
0.395,0.0001489868891546564,0.19270833333333215,0.14885159010600546,-7.82255828698256e-08,-0.12612725714909745,0.25280891989495735
0.396,0.0001489868891546564,0.19270833333333215,0.14885159010600546,-8.538165747586567e-08,0.32961813479662605,0.2555922520144601
0.397,0.0001489868891546564,0.19270833333333215,0.14885159010600546,1.4383388349944636e-08,0.32946948805032766,-0.09395790423082971
0.398,0.0001489868891546564,0.19270833333333215,-0.8511484098939945,7.779861605346055e-08,-0.12469346672207515,-0.3120139048446316
0.399,0.0001489868891546564,-0.8072916666666679,0.14885159010600546,3.482749230158202e-08,-0.40512276331243,-0.09868149614617104
0.4,0.0001489868891546564,0.19270833333333215,0.14885159010600546,-3.644024429962099e-08,-0.12622152383155158,0.24950058936931474
0.401,0.0001489868891546564,0.19270833333333215,0.14885159010600546,-4.469304850060694e-08,0.3250738277405536,0.25168840882546945
0.402,0.0001489868891546564,0.19270833333333215,0.14885159010600546,-4.540225079609444e-09,0.32631448775901123,-0.09317625529467011
0.403,0.0001489868891546564,0.19270833333333215,-0.8511484098939945,1.878745642569493e-08,-0.12163624906532922,-0.30755600623470275
0.404,0.0001489868891546564,-0.8072916666666679,0.14885159010600546,1.4914463901143965e-08,-0.3993564978226027,-0.0965862997705765
0.405,0.0001489868891546564,0.19270833333333215,0.14885159010600546,1.4308960654787355e-08,-0.1256901292173305,0.24629832174479838
0.406,0.0001489868891546564,0.19270833333333215,0.14885159010600546,1.1222221870632755e-08,0.31897428635981395,0.2474795168982278
0.407,0.0001489868891546564,0.19270833333333215,0.14885159010600546,-2.078003814758941e-08,0.3215642284755389,-0.09257541751098154
0.408,0.0001489868891546564,0.19270833333333215,0.14885159010600546,-5.072246951358873e-08,-0.11815717704192553,-0.3028319725024511
0.409,0.0001489868891546564,-0.8072916666666679,0.14885159010600546,-1.4411454810604641e-08,-0.3918472195337362,-0.0942116083649791
0.41,0.0001489868891546564,0.19270833333333215,0.14885159010600546,6.608836823657917e-08,-0.12441170471911736,0.2429129258152708
0.411,0.0001489868891546564,0.19270833333333215,0.14885159010600546,7.479208633248705e-08,0.31180085808787317,0.24289812700336808
0.412,0.0001489868891546564,0.19270833333333215,0.14885159010600546,-3.1042347664543645e-08,0.3154510726168503,-0.09194140920871034
0.413,0.0001489868891546564,0.19270833333333215,-0.8511484098939945,-1.2000505194010953e-07,-0.11465219080746906,-0.2977094225546601
0.414,0.0001489868891546564,-0.8072916666666679,0.14885159010600546,-4.9069852210322166e-08,-0.38316224858574016,-0.09169026477448161
0.415,0.0001489868891546564,0.19270833333333215,0.14885159010600546,1.1031423677265187e-07,-0.12234589923502029,0.23920515988380314
0.416,0.0001489868891546564,0.19270833333333215,0.14885159010600546,1.3575517133770415e-07,0.3042245159384674,0.23803611556921983
0.417,0.0001489868891546564,0.19270833333333215,0.14885159010600546,-3.3478959943652634e-08,0.3084053142684873,-0.0911328289351236
0.418,0.0001489868891546564,0.19270833333333215,-0.8511484098939945,-1.7730362987402785e-07,-0.1115586194278332,-0.2922728120596526
0.419,0.0001489868891546564,-0.8072916666666679,0.14885159010600546,-8.29816754067922e-08,-0.37407207162805495,-0.08920590511023146
0.42,0.0001489868891546564,0.19270833333333215,0.14885159010600546,1.393710477445958e-07,-0.1195516498480701,0.2352337592541164
0.421,0.0001489868891546564,0.19270833333333215,0.14885159010600546,1.8307786076663987e-07,0.297023565235365,0.23315437348227513
0.422,0.0001489868891546564,0.19270833333333215,0.14885159010600546,-2.8045220728302653e-08,0.30101518544606864,-0.09011061138527408
0.423,0.0001489868891546564,0.19270833333333215,-0.8511484098939945,-2.1209566158250213e-07,-0.10929060297530462,-0.28683512476210815
0.424,0.0001489868891546564,-0.8072916666666679,0.14885159010600546,-1.0927421765045595e-07,-0.36545941137933863,-0.08697331552892085
0.425,0.0001489868891546564,0.19270833333333215,0.14885159010600546,1.4808862712042666e-07,-0.11619441063523787,0.23126072611088355
0.426,0.0001489868891546564,0.19270833333333215,0.14885159010600546,2.0717167941301625e-07,0.2909797111960715,0.22865826936512015
0.427,0.0001489868891546564,0.19270833333333215,0.14885159010600546,-1.645788021424743e-08,0.2939631724792298,-0.08894485006267974
0.428,0.0001489868891546564,0.19270833333333215,0.14885159010600546,-2.172230432085658e-07,-0.10817226417882274,-0.2819014891388489
0.429,0.0001489868891546564,-0.8072916666666679,0.14885159010600546,-1.2174902795853687e-07,-0.3582073707436916,-0.08521292165898785
0.43,0.0001489868891546564,0.19270833333333215,0.14885159010600546,1.3477059551244199e-07,-0.11254035783588982,0.22771317866585758
0.431,0.0001489868891546564,0.19270833333333215,0.14885159010600546,2.0193948775924594e-07,0.2867673587119593,0.2250420475337001
0.432,0.0001489868891546564,0.19270833333333215,0.14885159010600546,-1.7674333718408819e-09,0.287946763153663,-0.08779850883196871
0.433,0.0001489868891546564,0.19270833333333215,-0.8511484098939945,-1.9043358814076453e-07,-0.10837907857640725,-0.2780905776989112
0.434,0.0001489868891546564,-0.8072916666666679,0.14885159010600546,-1.1629193896516407e-07,-0.3530823377577609,-0.08412248091672396
0.435,0.0001489868891546564,0.19270833333333215,0.14885159010600546,1.015559908411173e-07,-0.10893713987557563,0.22510881710411978
0.436,0.0001489868891546564,0.19270833333333215,0.14885159010600546,1.662033072525305e-07,0.2848526644958275,0.22281071720177212
0.437,0.0001489868891546564,0.19270833333333215,0.14885159010600546,1.2356945808916951e-08,0.28359409794279583,-0.08689199913286613
0.438,0.0001489868891546564,0.19270833333333215,-0.8511484098939945,-1.3499453590048632e-07,-0.10989725902239961,-0.27602708391980973
0.439,0.0001489868891546564,-0.8072916666666679,0.14885159010600546,-9.190984037761517e-08,-0.35062852419968876,-0.08384954024016684
0.44,0.0001489868891546564,0.19270833333333215,0.14885159010600546,5.403301327214701e-08,-0.1057824545637951,0.22395846289568683
0.441,0.0001489868891546564,0.19270833333333215,0.14885159010600546,1.0418963616968175e-07,0.2854179713076888,0.22239202550052753
0.442,0.0001489868891546564,0.19270833333333215,0.14885159010600546,2.247001027397248e-08,0.28138585305349245,-0.08645587067013769
0.443,0.0001489868891546564,0.19270833333333215,0.14885159010600546,-5.922961378578546e-08,-0.11250873698981238,-0.2762237340892018
0.444,0.0001489868891546564,0.19270833333333215,0.14885159010600546,-5.115420681586223e-08,-0.35108965822176214,-0.08446830053884263
0.445,0.0001489868891546564,0.19270833333333215,0.14885159010600546,1.7953305477088838e-10,-0.10348339792381941,0.2246631281474355
0.446,0.0001489868891546564,0.19270833333333215,0.14885159010600546,2.4943745622891548e-08,0.28832391299995946,0.2240531289796732
0.447,0.0001489868891546564,0.19270833333333215,0.14885159010600546,2.613394602230261e-08,0.28159392208550793,-0.08668073522075173
0.448,0.0001489868891546564,0.19270833333333215,-0.8511484098939945,2.4943745626928868e-08,-0.11580578105026068,-0.27897335338779317
0.449,0.0001489868891546564,-0.8072916666666679,0.14885159010600546,1.7953306009422955e-10,-0.35436964864722875,-0.0859641618325172
0.45,0.0001489868891546564,0.19270833333333215,0.14885159010600546,-5.115420681744675e-08,-0.10241091701556143,0.2274240573451879
0.451,0.0001489868891546564,0.19270833333333215,0.14885159010600546,-5.922961379560807e-08,0.2931161641518537,0.22783625225925014
0.452,0.0001489868891546564,0.19270833333333215,0.14885159010600546,2.2470010272815735e-08,0.2842452078401154,-0.08767376033893362
0.453,0.0001489868891546564,0.19270833333333215,-0.8511484098939945,1.0418963617661394e-07,-0.11923495334140767,-0.2842701557096668
0.454,0.0001489868891546564,-0.8072916666666679,0.14885159010600546,5.403301327695473e-08,-0.36003853543912534,-0.08822842539390625
0.455,0.0001489868891546564,0.19270833333333215,0.14885159010600546,-9.190984038243104e-08,-0.10285461272889412,0.2321820487403441
0.456,0.0001489868891546564,0.19270833333333215,0.14885159010600546,-1.349945359065804e-07,0.29907731047319785,0.23352498407178293
0.457,0.0001489868891546564,0.19270833333333215,0.14885159010600546,1.2356945809642754e-08,0.2891154231554492,-0.08942966667160746
0.458,0.0001489868891546564,0.19270833333333215,-0.8511484098939945,1.662033072551738e-07,-0.12216562136541072,-0.2917749065399102
0.459,0.0001489868891546564,-0.8072916666666679,0.14885159010600546,1.015559908456099e-07,-0.3673835615483535,-0.09106446949746083
0.46,0.0001489868891546564,0.19270833333333215,0.14885159010600546,-1.1629193896484106e-07,-0.10498342919659491,0.23859751225027223
0.461,0.0001489868891546564,0.19270833333333215,0.14885159010600546,-1.9043358814659746e-07,0.30531761932999046,0.24064830878079427
0.462,0.0001489868891546564,0.19270833333333215,0.14885159010600546,-1.767433375751183e-09,0.2957537290347213,-0.09182144378456117
0.463,0.0001489868891546564,0.19270833333333215,-0.8511484098939945,2.0193948776417098e-07,-0.12397430984519078,-0.30083166453179416
0.464,0.0001489868891546564,-0.8072916666666679,0.14885159010600546,1.3477059551765592e-07,-0.3754987161770288,-0.09420531291710917
0.465,0.0001489868891546564,0.19270833333333215,0.14885159010600546,-1.217490279622138e-07,-0.10881736064589576,0.24607599280556375
0.466,0.0001489868891546564,0.19270833333333215,0.14885159010600546,-2.1722304321200746e-07,0.3108926158037161,0.24852370473941598
0.467,0.0001489868891546564,0.19270833333333215,0.14885159010600546,-1.645788021399214e-08,0.3035348955013416,-0.09461247555834193
0.468,0.0001489868891546564,0.19270833333333215,0.14885159010600546,2.0717167941414792e-07,-0.12413342182305719,-0.31053556582567443
0.469,0.0001489868891546564,-0.8072916666666679,0.14885159010600546,1.4808862712345955e-07,-0.3834005752370309,-0.09734099688794587
0.47,0.0001489868891546564,0.19270833333333215,0.14885159010600546,-1.0927421764804173e-07,-0.11421422039042019,0.2538364063532797
0.471,0.0001489868891546564,0.19270833333333215,0.14885159010600546,-2.120956615866542e-07,0.3149312202701261,0.2563345507006034
0.472,0.0001489868891546564,0.19270833333333215,0.14885159010600546,-2.8045220731086936e-08,0.31173204051896186,-0.09748805969175701
0.473,0.0001489868891546564,0.19270833333333215,-0.8511484098939945,1.830778607693552e-07,-0.12229173710375134,-0.3198428964647751
0.474,0.0001489868891546564,-0.8072916666666679,0.14885159010600546,1.3937104774787236e-07,-0.3901545173877654,-0.10015284003017687
0.475,0.0001489868891546564,0.19270833333333215,0.14885159010600546,-8.29816754084331e-08,-0.12087385909222724,0.26101222258684403
0.476,0.0001489868891546564,0.19270833333333215,0.14885159010600546,-1.773036298762639e-07,0.3167564196225,0.2632316134671817
0.477,0.0001489868891546564,0.19270833333333215,0.14885159010600546,-3.3478959942512514e-08,0.31960038434267346,-0.10010104240780382
0.478,0.0001489868891546564,0.19270833333333215,0.14885159010600546,1.35755171336523e-07,-0.11833482327632733,-0.32770780794912824
0.479,0.0001489868891546564,-0.8072916666666679,0.14885159010600546,1.1031423677446835e-07,-0.39499396624893307,-0.1023505436714886
0.48,0.0001489868891546564,0.19270833333333215,0.14885159010600546,-4.906985220867707e-08,-0.12836018166930288,0.2667704073648232
0.481,0.0001489868891546564,0.19270833333333215,0.14885159010600546,-1.200050519403906e-07,0.3159813074813155,0.26844439843699547
0.482,0.0001489868891546564,0.19270833333333215,0.14885159010600546,-3.104234766683919e-08,0.32646119455513495,-0.10212399497468587
0.483,0.0001489868891546564,0.19270833333333215,-0.8511484098939945,7.479208633026244e-08,-0.11241600293614447,-0.3332255546149709
0.484,0.0001489868891546564,-0.8072916666666679,0.14885159010600546,6.608836823947977e-08,-0.39741639185165867,-0.10370751603632164
0.485,0.0001489868891546564,0.19270833333333215,0.14885159010600546,-1.4411454808753791e-08,-0.1361391455118573,0.2704299570716933
0.486,0.0001489868891546564,0.19270833333333215,0.14885159010600546,-5.0722469515094125e-08,0.31256671840714934,0.2713862613153274
0.487,0.0001489868891546564,0.19270833333333215,0.14885159010600546,-2.0780038147353607e-08,0.33177533339385623,-0.10329937749185808
0.488,0.0001489868891546564,0.19270833333333215,-0.8511484098939945,1.122222187169642e-08,-0.10495246948184435,-0.33576076803745114
0.489,0.0001489868891546564,-0.8072916666666679,0.14885159010600546,1.4308960653981848e-08,-0.39724321165171084,-0.10408976168980551
0.49,0.0001489868891546564,0.19270833333333215,0.14885159010600546,1.4914463902664535e-08,-0.14362890600556338,0.27156176243634433
0.491,0.0001489868891546564,0.19270833333333215,0.14885159010600546,1.8787456429610794e-08,0.3068320945299839,0.2717377155701306
0.492,0.0001489868891546564,0.19270833333333215,0.14885159010600546,-4.540225082246743e-09,0.3351974803692446,-0.10347958256350184
0.493,0.0001489868891546564,0.19270833333333215,-0.8511484098939945,-4.469304850339869e-08,-0.0965859679816161,-0.33504124118463713
0.494,0.0001489868891546564,-0.8072916666666679,0.14885159010600546,-3.644024429826922e-08,-0.394635935526264,-0.10347429308179279
0.495,0.0001489868891546564,0.19270833333333215,0.14885159010600546,3.482749230395516e-08,-0.15025667791879085,0.27005431254192974
0.496,0.0001489868891546564,0.19270833333333215,0.14885159010600546,7.779861605340964e-08,0.2994178542159056,0.26949526905694654
0.497,0.0001489868891546564,0.19270833333333215,0.14885159010600546,1.438338834948997e-08,0.33660491710298285,-0.10265050464118843
0.498,0.0001489868891546564,0.19270833333333215,-0.8511484098939945,-8.538165747688855e-08,-0.08811245309451216,-0.33120266456564396
0.499,0.0001489868891546564,-0.8072916666666679,0.14885159010600546,-7.822558287223016e-08,-0.39006711470238925,-0.10195422221447803
0.5,0.0001489868891546564,0.19270833333333215,0.14885159010600546,4.3932443914636544e-08,-0.15551592459396685,0.26613492288820273
0.501,0.0001489868891546564,0.19270833333333215,0.14885159010600546,1.1854402202223183e-07,0.29120439731341397,0.26497796652660116
0.502,0.0001489868891546564,0.19270833333333215,0.14885159010600546,3.193719239795122e-08,0.33609830152455344,-0.10093501116536034
0.503,0.0001489868891546564,0.19270833333333215,-0.8511484098939945,-1.0718471518685801e-07,-0.08038956699272465,-0.324776965759205
0.504,0.0001489868891546564,-0.8072916666666679,0.14885159010600546,-1.0519247210073663e-07,-0.3842509611038319,-0.0997293510052897
0.505,0.0001489868891546564,0.19270833333333215,0.14885159010600546,4.355328243773612e-08,-0.15901731277399966,0.2603429098477292
0.506,0.0001489868891546564,0.19270833333333215,0.14885159010600546,1.3742338547130265e-07,0.28319896895526075,0.25878988617767223
0.507,0.0001489868891546564,0.19270833333333215,0.14885159010600546,4.417611893339484e-08,0.33397561118870767,-0.09857592663434926
0.508,0.0001489868891546564,0.19270833333333215,-0.8511484098939945,-1.1065742274109759e-07,-0.07423399108243585,-0.31662524131644637
0.509,0.0001489868891546564,-0.8072916666666679,0.14885159010600546,-1.1452201949135533e-07,-0.3780439860879318,-0.09708299000978507
0.51,0.0001489868891546564,0.19270833333333215,0.14885159010600546,3.7130013946306e-08,-0.160527519091228,0.2534583749967488
0.511,0.0001489868891546564,0.19270833333333215,0.14885159010600546,1.3527170752454664e-07,0.27640602896410216,0.2517432320179439
0.512,0.0001489868891546564,0.19270833333333215,0.14885159010600546,4.812883863024204e-08,0.33068387564224455,-0.09590134674370024
0.513,0.0001489868891546564,0.19270833333333215,-0.8511484098939945,-9.992778285673735e-08,-0.07032224062544053,-0.3078244609925415
0.514,0.0001489868891546564,-0.8072916666666679,0.14885159010600546,-1.0673863688796839e-07,-0.3723298927229309,-0.09434763621240728
0.515,0.0001489868891546564,-0.8072916666666679,0.14885159010600546,2.913908743263525e-08,-0.15999137462965932,0.24639688590756315
0.516,0.0001489868891546564,0.19270833333333215,0.14885159010600546,1.1668131733721639e-07,0.27169891007577973,0.24475242136749265
0.517,0.0001489868891546564,0.19270833333333215,0.14885159010600546,4.247211747916808e-08,0.3267559850274351,-0.09327777021342241
0.518,0.0001489868891546564,0.19270833333333215,-0.8511484098939945,-8.130446560915988e-08,-0.0691080676755979,-0.2995239271037056
0.519,0.0001489868891546564,0.19270833333333215,0.14885159010600546,-8.53337325743595e-08,-0.36790472401863916,-0.09186375560225786
0.52,0.0001489868891546564,0.19270833333333215,0.14885159010600546,2.38052612036278e-08,-0.1575348139816535,0.24008534101810824
0.521,0.0001489868891546564,0.19270833333333215,0.14885159010600546,8.857670393720319e-08,0.26971011775435616,0.2387138237438543
0.522,0.0001489868891546564,0.19270833333333215,0.14885159010600546,2.7865692281393498e-08,0.3227414237220426,-0.09105827067737922
0.523,0.0001489868891546564,0.19270833333333215,0.14885159010600546,-6.148884375175336e-08,-0.07076737647430313,-0.2927918683629771
0.524,0.0001489868891546564,-0.8072916666666679,0.14885159010600546,-5.58161940020505e-08,-0.3653777256757886,-0.08993699572753702
0.525,0.0001489868891546564,0.19270833333333215,0.14885159010600546,2.3918624931760435e-08,-0.1534484021124837,0.2353369498182933
0.526,0.0001489868891546564,0.19270833333333215,0.14885159010600546,5.839919552500229e-08,0.270754734262973,0.23438792418886417
0.527,0.0001489868891546564,0.19270833333333215,0.14885159010600546,6.870290989320458e-09,0.31914007103284786,-0.08953349449737412
0.528,0.0001489868891546564,0.19270833333333215,0.14885159010600546,-4.582668078877771e-08,-0.07517777191775601,-0.288473895786907
0.529,0.0001489868891546564,-0.8072916666666679,0.14885159010600546,-2.441835992834186e-08,-0.3651006751692605,-0.08879951508605248
0.53,0.0001489868891546564,0.19270833333333215,0.14885159010600546,3.004411227056688e-08,-0.14815354724768606,0.23274318591291512
0.531,0.0001489868891546564,0.19270833333333215,0.14885159010600546,3.233277895906831e-08,0.27479650800610794,0.2323003439414833
0.532,0.0001489868891546564,0.19270833333333215,0.14885159010600546,-1.6540096941172618e-08,0.3163472589086128,-0.08889262080740834
0.533,0.0001489868891546564,0.19270833333333215,-0.8511484098939945,-3.7014861651135736e-08,-0.08193511248471405,-0.28708317541633377
0.534,0.0001489868891546564,-0.8072916666666679,0.14885159010600546,3.2485672375105356e-09,-0.3671340204876286,-0.08858067760374363
0.535,0.0001489868891546564,0.19270833333333215,0.14885159010600546,4.031817371855988e-08,-0.1421555669611866,0.23259784130062272
0.536,0.0001489868891546564,0.19270833333333215,0.14885159010600546,1.3977851569030848e-08,0.2814600874457445,0.23267540793550995
0.537,0.0001489868891546564,0.19270833333333215,0.14885159010600546,-3.77737703478233e-08,0.31461627653422714,-0.08919970655520609
0.538,0.0001489868891546564,0.19270833333333215,-0.8511484098939945,-3.4563246208592625e-08,-0.09040441614278776,-0.2887373952114785
0.539,0.0001489868891546564,-0.8072916666666679,0.14885159010600546,2.3296338107769012e-08,-0.37125275628756804,-0.08929115732761331
0.54,0.0001489868891546564,0.19270833333333215,0.14885159010600546,5.088906115718564e-08,-0.1359892907587094,0.23486338922612626
0.541,0.0001489868891546564,0.19270833333333215,0.14885159010600546,3.763440326582942e-09,0.29008641281309816,0.23541121749435548
0.542,0.0001489868891546564,0.19270833333333215,0.14885159010600546,-5.2560185925156065e-08,0.31404179822739553,-0.09038836897417415
0.543,0.0001489868891546564,0.19270833333333215,-0.8511484098939945,-3.512803933307395e-08,-0.09979789354047558,-0.2931506724204158
0.544,0.0001489868891546564,-0.8072916666666679,0.14885159010600546,3.419032743764567e-08,-0.3769893596722684,-0.09082268490723787
0.545,0.0001489868891546564,0.19270833333333215,0.14885159010600546,5.6904593032058455e-08,-0.1301636628726349,0.23918353533073217
0.546,0.0001489868891546564,0.19270833333333215,0.14885159010600546,-7.920637842580612e-10,0.299822447189139,0.24009918110762415
0.547,0.0001489868891546564,0.19270833333333215,0.14885159010600546,-5.7835676724437937e-08,0.31456470158359345,-0.09227494042851359
0.548,0.0001489868891546564,0.19270833333333215,0.14885159010600546,-3.362329402900628e-08,-0.10926940164102814,-0.2996805275597231
0.549,0.0001489868891546564,-0.8072916666666679,0.14885159010600546,3.67942964051903e-08,-0.38370612597294806,-0.09296349670960649
0.55,0.0001489868891546564,0.19270833333333215,0.14885159010600546,5.381902725687364e-08,-0.12511176141288058,0.2449390813153109
0.551,0.0001489868891546564,0.19270833333333215,0.14885159010600546,-4.064547962591134e-09,0.3097320323117035,0.24608457756696608
0.552,0.0001489868891546564,0.19270833333333215,0.14885159010600546,-5.238918628067194e-08,0.3159958728682334,-0.09458750942530482
0.553,0.0001489868891546564,0.19270833333333215,-0.8511484098939945,-2.482951076996257e-08,-0.11801269492432288,-0.30742215349503
0.554,0.0001489868891546564,-0.8072916666666679,0.14885159010600546,3.385056785068428e-08,-0.39068557629344136,-0.09542733562221456
0.555,0.0001489868891546564,0.19270833333333215,0.14885159010600546,3.8709230292418875e-08,-0.12115179478830558,0.2513380605327547
0.556,0.0001489868891546564,0.19270833333333215,0.14885159010600546,-1.0823912705091171e-08,0.31891227781593556,0.2525589249022192
0.557,0.0001489868891546564,0.19270833333333215,0.14885159010600546,-3.713057505070081e-08,0.31805425629965495,-0.09700604404550708
0.558,0.0001489868891546564,0.19270833333333215,-0.8511484098939945,-5.096036174442476e-09,-0.12535073363870836,-0.31533560505406294
0.559,0.0001489868891546564,-0.8072916666666679,0.14885159010600546,2.9044732029021516e-08,-0.39722572083499785,-0.09789193066319939
0.56,0.0001489868891546564,0.19270833333333215,0.14885159010600546,1.1279035641752788e-08,-0.1184631023486054,0.2575264335072274
0.561,0.0001489868891546564,0.19270833333333215,0.14885159010600546,-2.4635468291139947e-08,0.32659980320475546,0.25867056059605187
0.562,0.0001489868891546564,0.19270833333333215,0.14885159010600546,-1.492285142886614e-08,0.32041288389299555,-0.09920739051374376
0.563,0.0001489868891546564,0.19270833333333215,-0.8511484098939945,2.6294368600223728e-08,-0.1308049549128758,-0.32238718126141763
0.564,0.0001489868891546564,-0.8072916666666679,0.14885159010600546,2.589504045732583e-08,-0.40272704065545883,-0.10004154390879758
0.565,0.0001489868891546564,0.19270833333333215,0.14885159010600546,-2.5706711867776186e-08,-0.11707919153838996,0.2627031062757004
0.566,0.0001489868891546564,0.19270833333333215,0.14885159010600546,-4.6571493193261706e-08,0.33225327181784853,0.2636375329042259
0.567,0.0001489868891546564,0.19270833333333215,0.14885159010600546,9.988773907655517e-09,0.3227460781907828,-0.10090852129281552
0.568,0.0001489868891546564,0.19270833333333215,-0.8511484098939945,6.645754561851875e-08,-0.1341365329969155,-0.3276847656083456
0.569,0.0001489868891546564,-0.8072916666666679,0.14885159010600546,2.6741052856328476e-08,-0.40675998362531907,-0.10160762625132487
0.57,0.0001489868891546564,0.19270833333333215,0.14885159010600546,-6.669328645819139e-08,-0.11689766375709001,0.26622296690661623
0.571,0.0001489868891546564,0.19270833333333215,0.14885159010600546,-7.456826098571139e-08,0.3356025863022985,0.2668469694058621
0.572,0.0001489868891546564,0.19270833333333215,0.14885159010600546,3.2833233879168535e-08,0.3247714569390581,-0.10190198730156984
0.573,0.0001489868891546564,0.19270833333333215,-0.8511484098939945,1.0913695951769066e-07,-0.13535575468540492,-0.3305883848113405
0.574,0.0001489868891546564,-0.8072916666666679,0.14885159010600546,3.20769253953951e-08,-0.4091051789873435,-0.10240195614462622
0.575,0.0001489868891546564,0.19270833333333215,0.14885159010600546,-1.0428936527728254e-07,-0.11770480853779276,0.2676739578811647
0.576,0.0001489868891546564,0.19270833333333215,0.14885159010600546,-1.0361122724490134e-07,0.336660207314147,0.26792747315332716
0.577,0.0001489868891546564,0.19270833333333215,0.14885159010600546,4.9277412114320434e-08,0.3262816509458953,-0.1020789696826508
0.578,0.0001489868891546564,0.19270833333333215,0.14885159010600546,1.4582168472419947e-07,-0.1347000952114889,-0.33078144209635346
0.579,0.0001489868891546564,-0.8072916666666679,0.14885159010600546,4.038936413448858e-08,-0.4097628826290159,-0.10233779944693176
0.58,0.0001489868891546564,0.19270833333333215,0.14885159010600546,-1.3072226107967318e-07,-0.11921095003227926,0.26691848928480233
0.581,0.0001489868891546564,0.19270833333333215,0.14885159010600546,-1.267338888925642e-07,0.3356955211359619,0.2667853944042674
0.582,0.0001489868891546564,0.19270833333333215,0.14885159010600546,5.6296842962639737e-08,0.32716252639095583,-0.10143736802821228
0.583,0.0001489868891546564,0.19270833333333215,-0.8511484098939945,1.6753391053844123e-07,-0.13258574988263438,-0.3282942759184061
0.584,0.0001489868891546564,-0.8072916666666679,0.14885159010600546,4.8538681838616904e-08,-0.40893269415929395,-0.10143644506494845
0.585,0.0001489868891546564,0.19270833333333215,0.14885159010600546,-1.3949379210663814e-07,-0.12109152015074745,0.26409504338314466
0.586,0.0001489868891546564,0.19270833333333215,0.14885159010600546,-1.3661924900612526e-07,0.33317820975397855,0.26360134924269746
0.587,0.0001489868891546564,0.19270833333333215,0.14885159010600546,5.2772484523721814e-08,0.32739686515907435,-0.10007466824264057
0.588,0.0001489868891546564,0.19270833333333215,-0.8511484098939945,1.6690051691184474e-07,-0.1295406772204609,-0.3234789045005071
0.589,0.0001489868891546564,-0.8072916666666679,0.14885159010600546,5.259156456466077e-08,-0.40696866506336093,-0.09981865891510362
0.59,0.0001489868891546564,0.19270833333333215,0.14885159010600546,-1.2687838547618477e-07,-0.12302843041902616,0.2595817533675889
0.591,0.0001489868891546564,0.19270833333333215,0.14885159010600546,-1.2744213266885987e-07,0.32970046516075463,0.25878924555376387
0.592,0.0001489868891546564,0.19270833333333215,0.14885159010600546,3.9690696024634964e-08,0.3270545690671005,-0.09816754749207877
0.593,0.0001489868891546564,0.19270833333333215,-0.8511484098939945,1.4004143030814148e-07,-0.126129212035215,-0.3169409304019371
0.594,0.0001489868891546564,-0.8072916666666679,0.14885159010600546,4.890574463490929e-08,-0.40431797897797317,-0.0976828184038695
0.595,0.0001489868891546564,0.19270833333333215,0.14885159010600546,-9.292610362033714e-08,-0.12474663947744484,0.25392915898020346
0.596,0.0001489868891546564,0.19270833333333215,0.14885159010600546,-9.652099162236252e-08,0.3258901395776536,0.25292543595184463
0.597,0.0001489868891546564,0.19270833333333215,0.14885159010600546,1.9907391324795352e-08,0.32627221753453545,-0.09594197319285619
0.598,0.0001489868891546564,0.19270833333333215,-0.8511484098939945,8.783003923410912e-08,-0.12287879253261234,-0.30944053537698285
0.599,0.0001489868891546564,-0.8072916666666679,0.14885159010600546,3.520449598047928e-08,-0.40145305059997743,-0.09527339864591812
0.6,0.0001489868891546564,0.19270833333333215,0.14885159010600546,-4.172961404326492e-08,-0.12604178447021044,0.2477734612923985
0.601,0.0001489868891546564,0.19270833333333215,0.14885159010600546,-4.5376392008151284e-08,0.3223273058489579,0.2466596542650102
0.602,0.0001489868891546564,0.19270833333333215,0.14885159010600546,-2.4707638643756023e-09,0.3252260002108709,-0.09363869556211131
0.603,0.0001489868891546564,0.19270833333333215,-0.8511484098939945,1.6204962931806863e-08,-0.12021832746781508,-0.30177844205144744
0.604,0.0001489868891546564,-0.8072916666666679,0.14885159010600546,1.137694937675725e-08,-0.3988070112953697,-0.09284478968961923
0.605,0.0001489868891546564,0.19270833333333215,0.14885159010600546,1.913397017890233e-08,-0.1267961966591294,0.2417438571987294
0.606,0.0001489868891546564,0.19270833333333215,0.14885159010600546,2.0084881471765832e-08,0.3194752783381111,0.24062153959930363
0.607,0.0001489868891546564,0.19270833333333215,0.14885159010600546,-2.2954840258366464e-08,0.3241025461444135,-0.09147938900188317
0.608,0.0001489868891546564,0.19270833333333215,0.14885159010600546,-6.458787671846662e-08,-0.11843544026716833,-0.29468413866763765
0.609,0.0001489868891546564,-0.8072916666666679,0.14885159010600546,-2.020072686596152e-08,-0.39672122004059546,-0.09062593983605083
0.61,0.0001489868891546564,0.19270833333333215,0.14885159010600546,7.99002350759825e-08,-0.12698233078125615,0.23637767486102965
0.611,0.0001489868891546564,0.19270833333333215,0.14885159010600546,9.035233082005776e-08,0.31763424007877733,0.23533655009873042
0.612,0.0001489868891546564,0.19270833333333215,0.14885159010600546,-3.76067265776573e-08,0.3230719717902949,-0.08963826173534611
0.613,0.0001489868891546564,0.19270833333333215,0.14885159010600546,-1.417117553440627e-07,-0.11765667350351783,-0.28872244421922677
0.614,0.0001489868891546564,-0.8072916666666679,0.14885159010600546,-5.492134816587751e-08,-0.3954109621074479,-0.0887909816506086
0.615,0.0001489868891546564,0.19270833333333215,0.14885159010600546,1.3040684999687516e-07,-0.1266543566118285,0.23205513032072453
0.616,0.0001489868891546564,0.19270833333333215,0.14885159010600546,1.5393862268900812e-07,0.31692176305485337,0.2311629977215977
0.617,0.0001489868891546564,0.19270833333333215,0.14885159010600546,-4.383944978405348e-08,0.3222666685631436,-0.08822283920019526
0.618,0.0001489868891546564,0.19270833333333215,-0.8511484098939945,-2.02089424233853e-07,-0.1178512296261483,-0.28423093026527096
0.619,0.0001489868891546564,-0.8072916666666679,0.14885159010600546,-8.674718249947192e-08,-0.39495233022202125,-0.08743988005703326
0.62,0.0001489868891546564,0.19270833333333215,0.14885159010600546,1.6201776243215057e-07,-0.1259301550279122,0.22896196613842956
0.621,0.0001489868891546564,0.19270833333333215,0.14885159010600546,1.99536220132856e-07,0.31728033042770243,0.22825819388213342
0.622,0.0001489868891546564,0.19270833333333215,0.14885159010600546,-4.0917191402992766e-08,0.3217681247332203,-0.08726604234258416
0.623,0.0001489868891546564,0.19270833333333215,-0.8511484098939945,-2.349148601585624e-07,-0.11885549455281272,-0.2812954574068266
0.624,0.0001489868891546564,-0.8072916666666679,0.14885159010600546,-1.0939669003903023e-07,-0.3952899503406816,-0.08659144459765863
0.625,0.0001489868891546564,0.19270833333333215,0.14885159010600546,1.6928889296234177e-07,-0.12496703988339294,0.22708363425697253
0.626,0.0001489868891546564,0.19270833333333215,0.14885159010600546,2.1826215656308104e-07,0.3185081127921596,0.22657692703054624
0.627,0.0001489868891546564,0.19270833333333215,0.14885159010600546,-3.005286065239859e-08,0.3216026509944914,-0.08672989184747622
0.628,0.0001489868891546564,0.19270833333333215,-0.8511484098939945,-2.3380647845804835e-07,-0.12041291210594018,-0.2797650084721497
0.629,0.0001489868891546564,-0.8072916666666679,0.14885159010600546,-1.1766755372441282e-07,-0.3962622285808468,-0.08618905720494864
0.63,0.0001489868891546564,0.19270833333333215,0.14885159010600546,1.5102981105873927e-07,-0.1239350711728793,0.22622979622489972
0.631,0.0001489868891546564,0.19270833333333215,0.14885159010600546,2.0551695637098397e-07,0.32030626278309365,0.22590047574790997
0.632,0.0001489868891546564,0.19270833333333215,0.14885159010600546,-1.4087983318470738e-08,0.32174548690780774,-0.0865194519084824
0.633,0.0001489868891546564,0.19270833333333215,-0.8511484098939945,-1.981459555230528e-07,-0.12222209433075448,-0.27930107440518775
0.634,0.0001489868891546564,-0.8072916666666679,0.14885159010600546,-1.0860865987078911e-07,-0.39763857646780865,-0.08611750815238525
0.635,0.0001489868891546564,0.19270833333333215,0.14885159010600546,1.1053806779427202e-07,-0.12299179709207883,0.22608349121511823
0.636,0.0001489868891546564,0.19270833333333215,0.14885159010600546,1.6205445346022554e-07,0.32233425050185255,0.22588987999741
0.637,0.0001489868891546564,0.19270833333333215,0.14885159010600546,3.170627908395413e-09,0.32213161112094185,-0.08650423172097821
0.638,0.0001489868891546564,0.19270833333333215,0.14885159010600546,-1.333103749851674e-07,-0.12398553857890797,-0.2794519722528204
0.639,0.0001489868891546564,-0.8072916666666679,0.14885159010600546,-8.227956129788857e-08,-0.39916188692839843,-0.08622771577221124
0.64,0.0001489868891546564,0.19270833333333215,0.14885159010600546,5.4953888137970716e-08,-0.12226170875541438,0.22626601220494474
0.641,0.0001489868891546564,0.19270833333333215,0.14885159010600546,9.40189186465852e-08,0.3242644260415437,0.22615391520839861
0.642,0.0001489868891546564,0.19270833333333215,0.14885159010600546,1.780971102897621e-08,0.32267080891512073,-0.08654337397324592
0.643,0.0001489868891546564,0.19270833333333215,-0.8511484098939945,-4.9733981519130106e-08,-0.1254519626896627,-0.2797393398249891
0.644,0.0001489868891546564,-0.8072916666666679,0.14885159010600546,-4.1919867454039155e-08,-0.40058947057678806,-0.0863650727520367
0.645,0.0001489868891546564,0.19270833333333215,0.14885159010600546,-6.13365611949943e-09,-0.12182272907002042,0.2264067731528617
0.646,0.0001489868891546564,0.19270833333333215,0.14885159010600546,1.1920524778170916e-08,0.3258279979343218,0.22632058433681848
0.647,0.0001489868891546564,0.19270833333333215,0.14885159010600546,2.6675121645703057e-08,0.3232642387282027,-0.08651067317996608
0.648,0.0001489868891546564,0.19270833333333215,-0.8511484098939945,3.901958212342739e-08,-0.12644687763238702,-0.27974304297281966
0.649,0.0001489868891546564,-0.8072916666666679,0.14885159010600546,6.525086707911224e-09,-0.40172662722885094,-0.08639685098835152
0.65,0.0001489868891546564,0.19270833333333215,0.14885159010600546,-6.254149620091987e-08,-0.12170085413813161,0.2262074195870767
0.651,0.0001489868891546564,0.19270833333333215,0.14885159010600546,-7.125654660463718e-08,0.32684669072659084,0.22610112408941777
0.652,0.0001489868891546564,0.19270833333333215,0.14885159010600546,2.8055242020216602e-08,0.3238198789145386,-0.08631578148849879
0.653,0.0001489868891546564,0.19270833333333215,0.14885159010600546,1.1878593809533148e-07,-0.12688827310317066,-0.2791718785795276
0.654,0.0001489868891546564,-0.8072916666666679,0.14885159010600546,5.5438948868356215e-08,-0.4024487760675394,-0.08623452136871876
0.655,0.0001489868891546564,0.19270833333333215,0.14885159010600546,-1.0542544179135161e-07,-0.12187281155391493,0.22549102701792173
0.656,0.0001489868891546564,0.19270833333333215,0.14885159010600546,-1.4243560798234524e-07,0.3272470806745194,0.22533737842381582
0.657,0.0001489868891546564,0.19270833333333215,0.14885159010600546,2.203415105923303e-08,0.3242647517998856,-0.08591878383442121
0.658,0.0001489868891546564,0.19270833333333215,-0.8511484098939945,1.7741518973593613e-07,-0.1267868022458572,-0.277910446715527
0.659,0.0001489868891546564,-0.8072916666666679,0.14885159010600546,9.692585740877103e-08,-0.4027102538469921,-0.08584789599760725
0.66,0.0001489868891546564,0.19270833333333215,0.14885159010600546,-1.2889425303890839e-07,-0.1222754783532425,0.22423009360324378
0.661,0.0001489868891546564,0.19270833333333215,0.14885159010600546,-1.9083720503684565e-07,0.32705752699442747,0.22402652971954332
0.662,0.0001489868891546564,0.19270833333333215,0.14885159010600546,1.043932478679772e-08,0.3245525887084233,-0.08533649600623479
0.663,0.0001489868891546564,0.19270833333333215,-0.8511484098939945,2.0694310245553355e-07,-0.12623221542334034,-0.276036812253615
0.664,0.0001489868891546564,-0.8072916666666679,0.14885159010600546,1.242779107449965e-07,-0.402540131272857,-0.0852694714555669
0.665,0.0001489868891546564,0.19270833333333215,0.14885159010600546,-1.3097904004104453e-07,-0.12281996242570116,0.22255063550828288
0.666,0.0001489868891546564,0.19270833333333215,0.14885159010600546,-2.0989457931879064e-07,0.3263902508469473,0.22232101713008995
0.667,0.0001489868891546564,0.19270833333333215,0.14885159010600546,-3.6022626721157643e-09,0.3246664671414035,-0.08464015580573633
0.668,0.0001489868891546564,0.19270833333333215,-0.8511484098939945,2.0488457812218355e-07,-0.12536966333018762,-0.2738103286856948
0.669,0.0001489868891546564,-0.8072916666666679,0.14885159010600546,1.332202939411582e-07,-0.4020273377849891,-0.08458897709428294
0.67,0.0001489868891546564,0.19270833333333215,0.14885159010600546,-1.137725428818509e-07,-0.12340779243670527,0.22071342324504148
0.671,0.0001489868891546564,0.19270833333333215,0.14885159010600546,-1.983139878685077e-07,0.32541308412368547,0.22050535603371005
0.672,0.0001489868891546564,0.19270833333333215,0.14885159010600546,-1.6399742076377396e-08,0.3246167720045043,-0.08394543024772508
0.673,0.0001489868891546564,0.19270833333333215,0.14885159010600546,1.7440479511911647e-07,-0.12437062515001278,-0.2716334718076215
0.674,0.0001489868891546564,-0.8072916666666679,0.14885159010600546,1.2268185703511295e-07,-0.40129875089158973,-0.08393963599191158
0.675,0.0001489868891546564,0.19270833333333215,0.14885159010600546,-8.273220915980373e-08,-0.12394661695632768,0.21907666469291354
0.676,0.0001489868891546564,0.19270833333333215,0.14885159010600546,-1.6008129343555003e-07,0.3243164728217785,0.21895488094343835
0.677,0.0001489868891546564,0.19270833333333215,0.14885159010600546,-2.456150074447075e-08,0.3244354849099266,-0.0833966683978604
0.678,0.0001489868891546564,0.19270833333333215,-0.8511484098939945,1.2336336658927478e-07,-0.12340351102568882,-0.26999504378563866
0.679,0.0001489868891546564,-0.8072916666666679,0.14885159010600546,9.493852231885845e-08,-0.400494543176331,-0.08347878944895368
0.68,0.0001489868891546564,0.19270833333333215,0.14885159010600546,-4.5320203774051834e-08,-0.12436315403559048,0.21804677205880824
0.681,0.0001489868891546564,0.19270833333333215,0.14885159010600546,-1.0343940499690549e-07,0.3232813989492304,0.21808368261139563
0.682,0.0001489868891546564,0.19270833333333215,0.14885159010600546,-2.5793253750520557e-08,0.3241682099058507,-0.08314796086493442
0.683,0.0001489868891546564,0.19270833333333215,-0.8511484098939945,6.24654586673204e-08,-0.12260847378776306,-0.2694041804343108
0.684,0.0001489868891546564,-0.8072916666666679,0.14885159010600546,5.5108295306523645e-08,-0.3997449662193882,-0.08336615715142104
0.685,0.0001489868891546564,0.19270833333333215,0.14885159010600546,-9.29344792989474e-09,-0.1246117737853688,0.21802495941167557
0.686,0.0001489868891546564,0.19270833333333215,0.14885159010600546,-3.907660961321273e-08,0.3224530680744192,0.21828992476178322
0.687,0.0001489868891546564,0.19270833333333215,0.14885159010600546,-1.945202163637508e-08,0.323865471619229,-0.08334376339122
0.688,0.0001489868891546564,0.19270833333333215,0.14885159010600546,2.9390456400602404e-09,-0.12207980071124194,-0.27032502088857524
0.689,0.0001489868891546564,-0.8072916666666679,0.14885159010600546,1.0111399553057903e-08,-0.3991519878989285,-0.08374304357612475
0.69,0.0001489868891546564,0.19270833333333215,0.14885159010600546,1.897304206018069e-08,-0.12467791654466112,0.21935724033061454
0.691,0.0001489868891546564,0.19270833333333215,0.14885159010600546,2.2073130824778063e-08,0.3219237197694704,0.2199062770453359
0.692,0.0001489868891546564,0.19270833333333215,0.14885159010600546,-6.729909675117761e-09,0.32357469254517573,-0.08410161709230377
0.693,0.0001489868891546564,0.19270833333333215,0.14885159010600546,-4.575078000467814e-08,-0.12185768871451323,-0.2731207633782651
0.694,0.0001489868891546564,-0.8072916666666679,0.14885159010600546,-3.268185556294896e-08,-0.3987779848811646,-0.08471530165984514
0.695,0.0001489868891546564,0.19270833333333215,0.14885159010600546,3.576106008486038e-08,-0.12457640920504921,0.2222940846136579
0.696,0.0001489868891546564,0.19270833333333215,0.14885159010600546,7.094480678300896e-08,0.32172606517967317,0.22316159133883767
0.697,0.0001489868891546564,0.19270833333333215,0.14885159010600546,9.577550080943617e-09,0.32333392890085566,-0.08549893063501719
0.698,0.0001489868891546564,0.19270833333333215,-0.8511484098939945,-7.766072410274187e-08,-0.12192952417113076,-0.2780134728020103
0.699,0.0001489868891546564,-0.8072916666666679,0.14885159010600546,-6.683262920585813e-08,-0.3986422755236968,-0.08634196301348768
0.7,0.0001489868891546564,0.19270833333333215,0.14885159010600546,4.0610162285317506e-08,-0.12434550892348985,0.22696387743129598
0.701,0.0001489868891546564,0.19270833333333215,0.14885159010600546,1.0193057064079479e-07,0.3218369778457507,0.22815756280885663
0.702,0.0001489868891546564,0.19270833333333215,0.14885159010600546,2.5672361876865953e-08,0.32316800177178917,-0.0875650059579382
0.703,0.0001489868891546564,0.19270833333333215,-0.8511484098939945,-9.124030081142267e-08,-0.12223927122171967,-0.2850629426814366
0.704,0.0001489868891546564,-0.8072916666666679,0.14885159010600546,-8.796265763002148e-08,-0.3987249157025211,-0.08863033643440685
0.705,0.0001489868891546564,0.19270833333333215,0.14885159010600546,3.612859586650551e-08,-0.1240380688294054,0.23336183820529346
0.706,0.0001489868891546564,0.19270833333333215,0.14885159010600546,1.1362760934859088e-07,0.32218946856753716,0.23486144040102763
0.707,0.0001489868891546564,0.19270833333333215,0.14885159010600546,3.759615734883398e-08,0.3230871914393601,-0.09027863719039775
0.708,0.0001489868891546564,0.19270833333333215,-0.8511484098939945,-8.916044473404456e-08,-0.12270244686406201,-0.2941647374470261
0.709,0.0001489868891546564,-0.8072916666666679,0.14885159010600546,-9.441014503837372e-08,-0.39897608922278627,-0.09153728012360607
0.71,0.0001489868891546564,0.19270833333333215,0.14885159010600546,2.7079227601983583e-08,-0.12371151621388454,0.24135365620863114
0.711,0.0001489868891546564,0.19270833333333215,0.14885159010600546,1.0862559952134017e-07,0.32268989192379754,0.24311337536085603
0.712,0.0001489868891546564,0.19270833333333215,0.14885159010600546,4.213044818154613e-08,0.3230882473858093,-0.09357083580784731
0.713,0.0001489868891546564,0.19270833333333215,-0.8511484098939945,-7.718333647164142e-08,-0.12322356842585072,-0.305064805529741
0.714,0.0001489868891546564,-0.8072916666666679,0.14885159010600546,-8.729869305983355e-08,-0.39932875274258844,-0.09497546363727717
0.715,0.0001489868891546564,0.19270833333333215,0.14885159010600546,1.8971005178796902e-08,-0.12341833899885983,0.25069118101413074
0.716,0.0001489868891546564,0.19270833333333215,0.14885159010600546,9.243016342973946e-08,0.3232368812449047,0.25264512939428274
0.717,0.0001489868891546564,0.19270833333333215,0.14885159010600546,3.755668335274323e-08,0.323157162249705,-0.09733164872102412
0.718,0.0001489868891546564,0.19270833333333215,-0.8511484098939945,-6.237311970751775e-08,-0.12371293955976301,-0.3173861794039472
0.719,0.0001489868891546564,-0.8072916666666679,0.14885159010600546,-7.003444322350884e-08,-0.39971200155697056,-0.09882289225316708
0.72,0.0001489868891546564,0.19270833333333215,0.14885159010600546,1.649920459282364e-08,-0.12319851662753797,0.2610363367027165
0.721,0.0001489868891546564,0.19270833333333215,0.14885159010600546,7.180941066390766e-08,0.32373869190618165,0.26310586173356604
0.722,0.0001489868891546564,0.19270833333333215,0.14885159010600546,2.410545799095599e-08,0.3232729942114,-0.1014197088295272
0.723,0.0001489868891546564,0.19270833333333215,-0.8511484098939945,-5.109274779106021e-08,-0.12410013647952475,-0.3306624837548623
0.724,0.0001489868891546564,-0.8072916666666679,0.14885159010600546,-4.736889872209918e-08,-0.40006287757027575,-0.10293382860534854
0.725,0.0001489868891546564,0.19270833333333215,0.14885159010600546,2.221208136265283e-08,-0.12307487157183918,0.2719891108979525
0.726,0.0001489868891546564,0.19270833333333215,0.14885159010600546,5.297307842030644e-08,0.32412634432041454,0.27409064279737827
0.727,0.0001489868891546564,0.19270833333333215,0.14885159010600546,3.989414513602149e-09,0.3234119992658107,-0.10567310437494455
0.728,0.0001489868891546564,0.19270833333333215,0.14885159010600546,-4.72746496473577e-08,-0.12434242896831543,-0.344373248314452
0.729,0.0001489868891546564,-0.8072916666666679,0.14885159010600546,-2.4253894027141307e-08,-0.4003349413117466,-0.10714948782781074
0.73,0.0001489868891546564,0.19270833333333215,0.14885159010600546,3.572940748003076e-08,-0.12305174805023586,0.2831159326736076
0.731,0.0001489868891546564,0.19270833333333215,0.14885159010600546,4.0021112508790325e-08,0.32436101450478294,0.2851680793788566
0.732,0.0001489868891546564,0.19270833333333215,0.14885159010600546,-1.8996697914554186e-08,0.32355142894114963,-0.10992033714729647
0.733,0.0001489868891546564,0.19270833333333215,-0.8511484098939945,-5.1382853364258155e-08,-0.12442743385629017,-0.3579771506085542
0.734,0.0001489868891546564,-0.8072916666666679,0.14885159010600546,-4.751943095734248e-09,-0.40050272604050285,-0.1113074018864512
0.735,0.0001489868891546564,0.19270833333333215,0.14885159010600546,5.37109633703315e-08,-0.12311684566480435,0.29397578161278753
0.736,0.0001489868891546564,0.19270833333333215,0.14885159010600546,3.402542178379591e-08,0.3244352998549031,0.29590471012948477
0.737,0.0001489868891546564,0.19270833333333215,0.14885159010600546,-4.0231682281799124e-08,0.3236725212317659,-0.1139904829311151
0.738,0.0001489868891546564,0.19270833333333215,-0.8511484098939945,-6.03176402116719e-08,-0.12437035244712513,-0.37094092925299005
0.739,0.0001489868891546564,-0.8072916666666679,0.14885159010600546,8.757407494423408e-09,-0.40056201917142686,-0.11524899563669325
0.74,0.0001489868891546564,0.19270833333333215,0.14885159010600546,7.059861236667496e-08,-0.12324554104513011,0.3041426568962142
0.741,0.0001489868891546564,0.19270833333333215,0.14885159010600546,3.2952334656039727e-08,0.32436907334498805,0.30588528344854593
0.742,0.0001489868891546564,0.19270833333333215,0.14885159010600546,-5.5223940326355316e-08,0.3237624185463573,-0.11772207139894934
0.743,0.0001489868891546564,0.19270833333333215,-0.8511484098939945,-6.828860145702764e-08,-0.124207010394331,-0.38276337910455493
0.744,0.0001489868891546564,-0.8072916666666679,0.14885159010600546,1.5910415869428063e-08,-0.4005266261887172,-0.11882552563050648
0.745,0.0001489868891546564,0.19270833333333215,0.14885159010600546,7.997322924847429e-08,-0.1234066926279051,0.31322425094534495
0.746,0.0001489868891546564,0.19270833333333215,0.14885159010600546,3.2430096505452734e-08,0.324201455265634,0.3147293001854165
0.747,0.0001489868891546564,0.19270833333333215,0.14885159010600546,-6.056684340135408e-08,0.3238149461153413,-0.12097056753253
0.748,0.0001489868891546564,0.19270833333333215,-0.8511484098939945,-6.844949052452107e-08,-0.12398447198808824,-0.39299516314849703
0.749,0.0001489868891546564,-0.8072916666666679,0.14885159010600546,1.817748226692436e-08,-0.4004227577970018,-0.1219029579982379
0.75,0.0001489868891546564,0.19270833333333215,0.14885159010600546,7.621883132665845e-08,-0.12356878368865702,0.3208775352537325
0.751,0.0001489868891546564,0.19270833333333215,0.14885159010600546,2.7162308939262726e-08,0.32398087060272146,0.3221050000255707
0.752,0.0001489868891546564,0.19270833333333215,0.14885159010600546,-5.468928408514628e-08,0.32383034819367373,-0.12361458325956379
0.753,0.0001489868891546564,0.19270833333333215,-0.8511484098939945,-5.490184534651387e-08,-0.1237511814288847,-0.4012558633100854
0.754,0.0001489868891546564,-0.8072916666666679,0.14885159010600546,1.823411125126598e-08,-0.40028239062714666,-0.12436651062069062
0.755,0.0001489868891546564,0.19270833333333215,0.14885159010600546,5.6105125962891505e-08,-0.12370532251113,0.32682230039257726
0.756,0.0001489868891546564,0.19270833333333215,0.14885159010600546,1.2631361013040674e-08,0.3237551948403021,0.3277421337896872
0.757,0.0001489868891546564,0.19270833333333215,0.14885159010600546,-3.823792992377974e-08,0.3238141922355486,-0.12556103263467058
0.758,0.0001489868891546564,0.19270833333333215,-0.8511484098939945,-2.457731874611872e-08,-0.12354840329826147,-0.40724962536359655
0.759,0.0001489868891546564,-0.8072916666666679,0.14885159010600546,1.9054664420772616e-08,-0.4001368914133041,-0.1261254346238981
0.76,0.0001489868891546564,0.19270833333333215,0.14885159010600546,1.990593964129152e-08,-0.1237986581402163,0.33085346094506995
0.761,0.0001489868891546564,0.19270833333333215,0.14885159010600546,-1.3338013741886593e-08,0.32356366957775273,0.33144439701406414
0.762,0.0001489868891546564,0.19270833333333215,0.14885159010600546,-1.4003815490550808e-08,0.32377571126174315,-0.126749366160605
0.763,0.0001489868891546564,0.19270833333333215,-0.8511484098939945,2.1475560828575082e-08,-0.12340426691262878,-0.4107800055051062
0.764,0.0001489868891546564,-0.8072916666666679,0.14885159010600546,2.2961141695764137e-08,-0.40001191903432926,-0.1271182125128632
0.765,0.0001489868891546564,0.19270833333333215,0.14885159010600546,-2.8235101031848442e-08,-0.12384173065085849,0.3328522458858365
0.766,0.0001489868891546564,0.19270833333333215,0.14885159010600546,-4.9558303684110256e-08,0.3234316982503527,0.33310146391189926
0.767,0.0001489868891546564,0.19270833333333215,0.14885159010600546,1.3598494089765856e-08,0.32372587023204485,-0.1271548211632064
0.768,0.0001489868891546564,0.19270833333333215,-0.8511484098939945,7.77477815365975e-08,-0.12333108105461282,-0.4117634431838873
0.769,0.0001489868891546564,-0.8072916666666679,0.14885159010600546,3.086658867803549e-08,-0.3999242146194069,-0.12731781844814516
0.77,0.0001489868891546564,0.19270833333333215,0.14885159010600546,-8.081809442583771e-08,-0.1238376853813941,0.3327954692591765
0.771,0.0001489868891546564,0.19270833333333215,0.14885159010600546,-9.128323236060736e-08,0.32336894952351614,0.3326994359848567
0.772,0.0001489868891546564,0.19270833333333215,0.14885159010600546,3.939612294720602e-08,0.3236754266814629,-0.1267903785419344
0.773,0.0001489868891546564,0.19270833333333215,-0.8511484098939945,1.3500647443136612e-07,-0.12332591077997353,-0.41023952642822054
0.774,0.0001489868891546564,-0.8072916666666679,0.14885159010600546,4.190410839503293e-08,-0.39988045390976373,-0.12673616996034998
0.775,0.0001489868891546564,0.19270833333333215,0.14885159010600546,-1.2831061718264577e-07,-0.12379766696860063,0.3307612042359231
0.776,0.0001489868891546564,0.19270833333333215,0.14885159010600546,-1.3092731762787715e-07,0.3233705419439054,0.3303275433693909
0.777,0.0001489868891546564,0.19270833333333215,0.14885159010600546,5.8490664210363587e-08,0.32363322224134294,-0.12570690951006933
0.778,0.0001489868891546564,0.19270833333333215,-0.8511484098939945,1.8200102449047728e-07,-0.12337382233180975,-0.4063752753126097
0.779,0.0001489868891546564,-0.8072916666666679,0.14885159010600546,5.35392925083615e-08,-0.39987795493640743,-0.12542655208150388
0.78,0.0001489868891546564,0.19270833333333215,0.14885159010600546,-1.6102708395137935e-07,-0.12373740640088927,0.32692865507084057
0.781,0.0001489868891546564,0.19270833333333215,0.14885159010600546,-1.5957639833676655e-07,0.3234205741172847,0.32617842659008933
0.782,0.0001489868891546564,0.19270833333333215,0.14885159010600546,6.724484209497194e-08,0.32360489887325494,-0.12399091149770229
0.783,0.0001489868891546564,0.19270833333333215,-0.8511484098939945,2.0779840169040858e-07,-0.12345280112073899,-0.40046038293737524
0.784,0.0001489868891546564,-0.8072916666666679,0.14885159010600546,6.214769032366236e-08,-0.39990676850713797,-0.12348273454185676
0.785,0.0001489868891546564,0.19270833333333215,0.14885159010600546,-1.7117490078577627e-07,-0.1236733773553455,0.3215700586404131
0.786,0.0001489868891546564,0.19270833333333215,0.14885159010600546,-1.689725509236508e-07,0.32349697254220533,0.32053950520460606
0.787,0.0001489868891546564,0.19270833333333215,0.14885159010600546,6.401754891791637e-08,0.3235921848498359,-0.12175932775598905
0.788,0.0001489868891546564,0.19270833333333215,-0.8511484098939945,2.042486761393985e-07,-0.12353918211058235,-0.39289092155434974
0.789,0.0001489868891546564,-0.8072916666666679,0.14885159010600546,6.392641686899294e-08,-0.39995255531873336,-0.12103378953233802
0.79,0.0001489868891546564,0.19270833333333215,0.14885159010600546,-1.546268612325769e-07,-0.123619307532737,0.31503315146138133
0.791,0.0001489868891546564,0.19270833333333215,0.14885159010600546,-1.5353287913447155e-07,0.32357657485159735,0.31377388205999845
0.792,0.0001489868891546564,0.19270833333333215,0.14885159010600546,4.949347384306974e-08,0.3235928389539754,-0.1191512382869743
0.793,0.0001489868891546564,0.19270833333333215,-0.8511484098939945,1.680310703515022e-07,-0.12361250329997349,-0.3841404550830047
0.794,0.0001489868891546564,-0.8072916666666679,0.14885159010600546,5.5926050714096146e-08,-0.3999996637267318,-0.11823423330427929
0.795,0.0001489868891546564,0.19270833333333215,0.14885159010600546,-1.1202325587522786e-07,-0.12358369514996055,0.3077140590979412
0.796,0.0001489868891546564,0.19270833333333215,0.14885159010600546,-1.1193535784451006e-07,0.32363952100508336,0.30629083670831925
0.797,0.0001489868891546564,0.19270833333333215,0.14885159010600546,2.6538039813970285e-08,0.3236012732098788,-0.11631667177868564
0.798,0.0001489868891546564,0.19270833333333215,-0.8511484098939945,1.0180227292399159e-07,-0.12365895837697614,-0.3747196045947781
0.799,0.0001489868891546564,-0.8072916666666679,0.14885159010600546,3.695481370484776e-08,-0.40003393152468014,-0.11524996312731854
0.8,0.0001489868891546564,0.19270833333333215,0.14885159010600546,-4.893934748120495e-08,-0.12356873372757049,0.3000222009814726
0.801,0.0001489868891546564,0.19270833333333215,0.14885159010600546,-4.788419965081035e-08,0.32367232340335805,0.29850796318635636
0.802,0.0001489868891546564,0.19270833333333215,0.14885159010600546,-3.921888692485883e-10,0.32360979267066803,-0.1134033461987779
0.803,0.0001489868891546564,0.19270833333333215,-0.8511484098939945,1.4148895800415746e-08,-0.12367300943926554,-0.3651275195870715
0.804,0.0001489868891546564,-0.8072916666666679,0.14885159010600546,8.129886505885993e-09,-0.40004489445708513,-0.1122413829577426
0.805,0.0001489868891546564,0.19270833333333215,0.14885159010600546,2.495294435464687e-08,-0.123570741304598,0.29234063367110524
0.806,0.0001489868891546564,0.19270833333333215,0.14885159010600546,3.0163613554496994e-08,0.32366934485658755,0.29080902021952254
0.807,0.0001489868891546564,0.19270833333333215,0.14885159010600546,-2.6160170527186065e-08,0.3236102986319467,-0.11054269390562434
0.808,0.0001489868891546564,0.19270833333333215,-0.8511484098939945,-8.170275429411838e-08,-0.1236571362014949,-0.35580093250046235
0.809,0.0001489868891546564,-0.8072916666666679,0.14885159010600546,-2.7074046338982694e-08,-0.40002724449021343,-0.10934591474714879
0.81,0.0001489868891546564,0.19270833333333215,0.14885159010600546,9.758711424201786e-08,-0.12358188292273116,0.28498679701802737
0.811,0.0001489868891546564,0.19270833333333215,0.14885159010600546,1.1030604943676944e-07,0.3236327482302551,0.28350315270782
0.812,0.0001489868891546564,0.19270833333333215,0.14885159010600546,-4.59893834701048e-08,0.3235962096108458,-0.1078369463342407
0.813,0.0001489868891546564,0.19270833333333215,-0.8511484098939945,-1.7019809127703214e-07,-0.12362006011917577,-0.3470680148274189
0.814,0.0001489868891546564,-0.8072916666666679,0.14885159010600546,-6.331781380885351e-08,-0.399981505250275,-0.10666259072082483
0.815,0.0001489868891546564,0.19270833333333215,0.14885159010600546,1.5673873002838403e-07,-0.12359272480500422,0.27817951113371453
0.816,0.0001489868891546564,0.19270833333333215,0.14885159010600546,1.7930539307419254e-07,0.32357122973926233,0.276791917315695
0.817,0.0001489868891546564,0.19270833333333215,0.14885159010600546,-5.641752730501435e-08,0.3235642797491304,-0.10534923385431644
0.818,0.0001489868891546564,0.19270833333333215,-0.8511484098939945,-2.3633873814401552e-07,-0.12357402653367595,-0.339114690216467
0.819,0.0001489868891546564,-0.8072916666666679,0.14885159010600546,-9.434884303182634e-08,-0.399913963683753,-0.10424147211311681
0.82,0.0001489868891546564,0.19270833333333215,0.14885159010600546,1.9234750557791502e-07,-0.12359500977555155,0.27201801747217097
0.821,0.0001489868891546564,0.19270833333333215,0.14885159010600546,2.2508412545549825e-07,0.3234979758067858,0.2707502293874081
0.822,0.0001489868891546564,0.19270833333333215,0.14885159010600546,-5.5964579773697384e-08,0.323515957816073,-0.1030985211713386
0.823,0.0001489868891546564,0.19270833333333215,-0.8511484098939945,-2.685575472758449e-07,-0.123531822318847,-0.3319701468001008
0.824,0.0001489868891546564,-0.8072916666666679,0.14885159010600546,-1.1422075294728025e-07,-0.39983592066342377,-0.10208017494347757
0.825,0.0001489868891546564,0.19270833333333215,0.14885159010600546,1.9844974687806488e-07,-0.12358402079649705,0.26647773783128637
0.826,0.0001489868891546564,0.19270833333333215,0.14885159010600546,2.390962988830731e-07,0.32342829116923194,0.2653258571764634
0.827,0.0001489868891546564,0.19270833333333215,0.14885159010600546,-4.5378238673853085e-08,0.3234579510061644,-0.10106072148594995
0.828,0.0001489868891546564,0.19270833333333215,0.14885159010600546,-2.609903088492432e-07,-0.12350415177455858,-0.32551601842802536
0.829,0.0001489868891546564,-0.8072916666666679,0.14885159010600546,-1.185260391046904e-07,-0.39976232074874163,-0.10012883206417966
0.83,0.0001489868891546564,0.19270833333333215,0.14885159010600546,1.7432127988054268e-07,-0.12356000385772394,0.2614253052072034
0.831,0.0001489868891546564,0.19270833333333215,0.14885159010600546,2.1807674162460915e-07,0.32337726220468155,0.2603595554270372
0.832,0.0001489868891546564,0.19270833333333215,0.14885159010600546,-2.741015790036572e-08,0.3234017479601153,-0.0991765484635745
0.833,0.0001489868891546564,0.19270833333333215,0.14885159010600546,-2.1466646790961042e-07,-0.1234978211410574,-0.3195203225962549
0.834,0.0001489868891546564,-0.8072916666666679,0.14885159010600546,-1.0537597110443307e-07,-0.3997098222617772,-0.09830350864259818
0.835,0.0001489868891546564,0.19270833333333215,0.14885159010600546,1.2459212984387457e-07,-0.12352833019003226,0.25665256052359015
0.836,0.0001489868891546564,0.19270833333333215,0.14885159010600546,1.647917326871113e-07,0.32335769061471026,0.25562469793124165
0.837,0.0001489868891546564,0.19270833333333215,0.14885159010600546,-6.176435013581369e-09,0.32336201365042416,-0.09736566944477361
0.838,0.0001489868891546564,0.19270833333333215,-0.8511484098939945,-1.3736128995479748e-07,-0.12351494417680522,-0.3136932349627975
0.839,0.0001489868891546564,-0.8072916666666679,0.14885159010600546,-7.590975323682544e-08,-0.3996943996083974,-0.09650662139467221
0.84,0.0001489868891546564,0.19270833333333215,0.14885159010600546,5.8307555120669745e-08,-0.1234983492068785,0.25192603330071056
0.841,0.0001489868891546564,0.19270833333333215,0.14885159010600546,8.761902538352079e-08,0.3233784082289681,0.250881845343932
0.842,0.0001489868891546564,0.19270833333333215,0.14885159010600546,1.375591283513939e-08,0.32335397770670377,-0.09554566084391988
0.843,0.0001489868891546564,0.19270833333333215,-0.8511484098939945,-4.212949789978141e-08,-0.12355313736075899,-0.3077577919727637
0.844,0.0001489868891546564,-0.8072916666666679,0.14885159010600546,-3.421138878855115e-08,-0.39972864332956093,-0.09465154325035505
0.845,0.0001489868891546564,0.19270833333333215,0.14885159010600546,-1.2869938644707698e-08,-0.12348116474835738,0.24704545557110738
0.846,0.0001489868891546564,0.19270833333333215,0.14885159010600546,-9.712305875883416e-10,0.32344300285552313,0.2459406596695276
0.847,0.0001489868891546564,0.19270833333333215,0.14885159010600546,2.835717967815619e-08,0.3233901645287865,-0.09365330974052026
0.848,0.0001489868891546564,0.19270833333333215,-0.8511484098939945,5.518403248150247e-08,-0.12360647709703038,-0.3015253466258712
0.849,0.0001489868891546564,-0.8072916666666679,0.14885159010600546,1.3363158963124376e-08,-0.3998190331046618,-0.0926875608628097
0.85,0.0001489868891546564,0.19270833333333215,0.14885159010600546,-7.694357078480507e-08,-0.12348680349508338,0.24190263271733423
0.851,0.0001489868891546564,0.19270833333333215,0.14885159010600546,-8.673253525140537e-08,0.32354896605025946,0.24071952038887864
0.852,0.0001489868891546564,0.19270833333333215,0.14885159010600546,3.498411041224973e-08,0.32347701399969025,-0.09166512678294886
0.853,0.0001489868891546564,0.19270833333333215,-0.8511484098939945,1.389469219242043e-07,-0.12366687943682089,-0.2949636948605968
0.854,0.0001489868891546564,-0.8072916666666679,0.14885159010600546,5.9320924313288676e-08,-0.3999635781823708,-0.09062090486477135
0.855,0.0001489868891546564,0.19270833333333215,0.14885159010600546,-1.238762444294729e-07,-0.12352138949162317,0.23653096684738018
0.856,0.0001489868891546564,0.19270833333333215,0.14885159010600546,-1.562854672048195e-07,0.3236873099466769,0.23529255597091134
0.857,0.0001489868891546564,0.19270833333333215,0.14885159010600546,3.2907837598009274e-08,0.32361206824248606,-0.08961367769359349
0.858,0.0001489868891546564,0.19270833333333215,-0.8511484098939945,1.9663976244303217e-07,-0.12372554841531935,-0.2882456955946086
0.859,0.0001489868891546564,-0.8072916666666679,0.14885159010600546,9.640282143623537e-08,-0.40015030740964025,-0.08852781919621223
0.86,0.0001489868891546564,0.19270833333333215,0.14885159010600546,-1.4742276961347935e-07,-0.12358496293431015,0.23113638543967066
0.861,0.0001489868891546564,0.19270833333333215,0.14885159010600546,-1.9955113018798264e-07,0.3238427635783408,0.2299148147000413
0.862,0.0001489868891546564,0.19270833333333215,0.14885159010600546,2.340951444223064e-08,0.32378241185585704,-0.08759659076272329
0.863,0.0001489868891546564,0.19270833333333215,-0.8511484098939945,2.2106429629336021e-07,-0.12377421097554318,-0.28176810559527793
0.864,0.0001489868891546564,-0.8072916666666679,0.14885159010600546,1.1891355141244639e-07,-0.4003571023433049,-0.0865565899229191
0.865,0.0001489868891546564,0.19270833333333215,0.14885159010600546,-1.4613005577795666e-07,-0.12367047735304769,0.22610242991645252
0.866,0.0001489868891546564,0.19270833333333215,0.14885159010600546,-2.114840731179465e-07,0.3239947083869868,0.22501893095229367
0.867,0.0001489868891546564,0.19270833333333215,0.14885159010600546,9.427513126960664e-09,0.32396492658930687,-0.08577586762631481
0.868,0.0001489868891546564,0.19270833333333215,-0.8511484098939945,2.11420595410661e-07,-0.1238059839029625,-0.2761340968447072
0.869,0.0001489868891546564,-0.8072916666666679,0.14885159010600546,1.2374190670346542e-07,-0.4005532665038112,-0.08491700678091749
0.87,0.0001489868891546564,0.19270833333333215,0.14885159010600546,-1.2331644382839278e-07,-0.12376429356590642,0.22196561199362905
0.871,0.0001489868891546564,0.19270833333333215,0.14885159010600546,-1.927654962706637e-07,0.32411900687504874,0.22118059089349412
0.872,0.0001489868891546564,0.19270833333333215,0.14885159010600546,-5.161600263119826e-09,0.32412865777885136,-0.08436634361841114
0.873,0.0001489868891546564,0.19270833333333215,0.14885159010600546,1.7305914847653353e-07,-0.1238158598290737,-0.2720980554245453
0.874,0.0001489868891546564,-0.8072916666666679,0.14885159010600546,1.1086829301199567e-07,-0.40070299828594874,-0.08385766263283713
0.875,0.0001489868891546564,0.19270833333333215,0.14885159010600546,-8.606243122620639e-08,-0.12384819915207117,0.21936141991169775
0.876,0.0001489868891546564,0.19270833333333215,0.14885159010600546,-1.493405167499174e-07,0.3241907901254441,0.21905481758562817
0.877,0.0001489868891546564,0.19270833333333215,0.14885159010600546,-1.646576484364822e-08,0.3242392193560352,-0.08361366419717323
0.878,0.0001489868891546564,0.19270833333333215,-0.8511484098939945,1.1599829828491263e-07,-0.12380091395271971,-0.2704770534527857
0.879,0.0001489868891546564,-0.8072916666666679,0.14885159010600546,8.326463191696859e-08,-0.4007706014546468,-0.08363350901092581
0.88,0.0001489868891546564,0.19270833333333215,0.14885159010600546,-4.345755870204676e-08,-0.12390267144318089,0.2189459422631883
0.881,0.0001489868891546564,0.19270833333333215,0.14885159010600546,-9.092921179046158e-08,0.324188095564968,0.21928986991124141
0.882,0.0001489868891546564,0.19270833333333215,0.14885159010600546,-2.149645585371833e-08,0.324264744350893,-0.08376375855051824
0.883,0.0001489868891546564,0.19270833333333215,0.14885159010600546,5.2559848952626027e-08,-0.12376038990508598,-0.2720389609715101
0.884,0.0001489868891546564,-0.8072916666666679,0.14885159010600546,4.621945375412412e-08,-0.4007268749042799,-0.084467850591814
0.885,0.0001489868891546564,0.19270833333333215,0.14885159010600546,-4.505746685035302e-09,-0.12391082868586736,0.22130227449605644
0.886,0.0001489868891546564,0.19270833333333215,0.14885159010600546,-2.8856460104926307e-08,0.32409601084099593,0.22242962025903076
0.887,0.0001489868891546564,0.19270833333333215,0.14885159010600546,-1.8877344694287385e-08,0.3241824953314237,-0.08502726332256325
0.888,0.0001489868891546564,0.19270833333333215,0.14885159010600546,-5.3413822994347585e-09,-0.12369580922873107,-0.2773816261815401
0.889,0.0001489868891546564,-0.8072916666666679,0.14885159010600546,6.240235760591966e-09,-0.4005557480890605,-0.08651417187515172
0.89,0.0001489868891546564,0.19270833333333215,0.14885159010600546,2.3840566222960673e-08,-0.12386233189715716,0.22684400115578857
0.891,0.0001489868891546564,0.19270833333333215,0.14885159010600546,2.631656291847234e-08,0.32391073384135366,0.22881795086520515
0.892,0.0001489868891546564,0.19270833333333215,0.14885159010600546,-9.182007106632061e-09,0.32398496724370324,-0.08754344578164526
0.893,0.0001489868891546564,0.19270833333333215,-0.8511484098939945,-4.8654562965401236e-08,-0.12361117205194064,-0.28682012967404347
0.894,0.0001489868891546564,-0.8072916666666679,0.14885159010600546,-3.0229826289893444e-08,-0.40025995872699915,-0.08982361591422373
0.895,0.0001489868891546564,0.19270833333333215,0.14885159010600546,3.8083369364677885e-08,-0.12375644825128855,0.23572955270344845
0.896,0.0001489868891546564,0.19270833333333215,0.14885159010600546,6.684568138103846e-08,0.3236427695104441,0.23851948325624417
0.897,0.0001489868891546564,0.19270833333333215,0.14885159010600546,5.178150371441839e-09,0.323684216920928,-0.09134870433971365
0.898,0.0001489868891546564,0.19270833333333215,-0.8511484098939945,-7.286587875239983e-08,-0.1235132029798406,-0.30029929704869124
0.899,0.0001489868891546564,-0.8072916666666679,0.14885159010600546,-5.801048333317055e-08,-0.3998644878493402,-0.09432346629741091
0.9,0.0001489868891546564,0.19270833333333215,0.14885159010600546,3.871740331374017e-08,-0.12360358262907542,0.2478007882400386
0.901,0.0001489868891546564,0.19270833333333215,0.14885159010600546,8.911063640879024e-08,0.32331841868130484,0.25126960122376674
0.902,0.0001489868891546564,0.19270833333333215,0.14885159010600546,2.0494872803940035e-08,0.323313286413818,-0.09635456451493014
0.903,0.0001489868891546564,0.19270833333333215,-0.8511484098939945,-7.854293419760768e-08,-0.12341148389772728,-0.3173462693060225
0.904,0.0001489868891546564,-0.8072916666666679,0.14885159010600546,-7.4054163702988e-08,-0.39941663116927506,-0.09981064999229916
0.905,0.0001489868891546564,0.19270833333333215,0.14885159010600546,2.980127972010281e-08,-0.12342481810175122,0.2625567068659034
0.906,0.0001489868891546564,0.19270833333333215,0.14885159010600546,9.3920820161074e-08,0.32297882338819794,0.26646334138322775
0.907,0.0001489868891546564,0.19270833333333215,0.14885159010600546,3.261613428858318e-08,0.32292395960205733,-0.10233921322650255
0.908,0.0001489868891546564,0.19270833333333215,-0.8511484098939945,-7.066674108374578e-08,-0.1233182440283717,-0.3370732055092564
0.909,0.0001489868891546564,-0.8072916666666679,0.14885159010600546,-7.782042809354401e-08,-0.3989820095096839,-0.10596225249768955
0.91,0.0001489868891546564,0.19270833333333215,0.14885159010600546,1.7680303791660515e-08,-0.12324934384604824,0.27916899505131737
0.911,0.0001489868891546564,0.19270833333333215,0.14885159010600546,8.579544579293438e-08,0.32267613542916096,0.2831877239432595
0.912,0.0001489868891546564,0.19270833333333215,0.14885159010600546,3.7923378287123684e-08,0.32258066590949436,-0.10895509924363762
0.913,0.0001489868891546564,0.19270833333333215,-0.8511484098939945,-5.694490004104495e-08,-0.12324757824121468,-0.35823371974573553
0.914,0.0001489868891546564,-0.8072916666666679,0.14885159010600546,-7.11012478098992e-08,-0.3986364663230825,-0.11236260911103323
0.915,0.0001489868891546564,0.19270833333333215,0.14885159010600546,9.174214722972401e-09,-0.12311003494459165,0.29654070410374844
0.916,0.0001489868891546564,0.19270833333333215,0.14885159010600546,7.142639214470486e-08,0.32246684640505646,0.30029616340723625
0.917,0.0001489868891546564,0.19270833333333215,0.14885159010600546,3.42145182611843e-08,0.3223510397917121,-0.11575314478709367
0.918,0.0001489868891546564,0.19270833333333215,-0.8511484098939945,-4.553114322365601e-08,-0.12321395080633989,-0.37932931589564967
0.919,0.0001489868891546564,-0.8072916666666679,0.14885159010600546,-5.7364785887774304e-08,-0.3984545760613352,-0.11854407311627636
0.92,0.0001489868891546564,0.19270833333333215,0.14885159010600546,9.666440539245265e-09,-0.1230378156414151,0.3134034529808602
0.921,0.0001489868891546564,0.19270833333333215,0.14885159010600546,5.7714524657997724e-08,0.32240289049049925,0.3165175856603779
0.922,0.0001489868891546564,0.19270833333333215,0.14885159010600546,2.1291580850561754e-08,0.32229434457808104,-0.12222191117674001
0.923,0.0001489868891546564,0.19270833333333215,-0.8511484098939945,-4.270994258067164e-08,-0.12323000457453111,-0.39875492338000484
0.924,0.0001489868891546564,-0.8072916666666679,0.14885159010600546,-4.078905632231144e-08,-0.3984962606700887,-0.12403644706855879
0.925,0.0001489868891546564,0.19270833333333215,0.14885159010600546,2.1555723037193815e-08,-0.12305571838766409,0.3284429994425278
0.926,0.0001489868891546564,0.19270833333333215,0.14885159010600546,4.9861841048498564e-08,0.32252170292160603,0.3305876754378831
0.927,0.0001489868891546564,0.19270833333333215,0.14885159010600546,1.11368254698242e-09,0.32244954309553214,-0.1278379329122224
0.928,0.0001489868891546564,0.19270833333333215,-0.8511484098939945,-5.1110023278415875e-08,-0.12330390371787969,-0.4149667073473528
0.929,0.0001489868891546564,-0.8072916666666679,0.14885159010600546,-2.5219879781262332e-08,-0.39879362995000883,-0.12841863672930806
0.93,0.0001489868891546564,0.19270833333333215,0.14885159010600546,4.3449874228646e-08,-0.1231736893355634,0.34043862741637276
0.931,0.0001489868891546564,0.19270833333333215,0.14885159010600546,4.9981851140077874e-08,0.32283686677952733,0.3413860813129858
0.932,0.0001489868891546564,0.19270833333333215,0.14885159010600546,-2.253059983790529e-08,0.32282512157026433,-0.1321216775589888
0.933,0.0001489868891546564,0.19270833333333215,-0.8511484098939945,-6.88857356894275e-08,-0.12343664373032134,-0.4266515294468994
0.934,0.0001489868891546564,-0.8072916666666679,0.14885159010600546,-1.3296475717661318e-08,-0.3993404800447434,-0.13136558814077728
0.935,0.0001489868891546564,0.19270833333333215,0.14885159010600546,7.03123026649564e-08,-0.1233851525398289,0.3483992290044605
0.936,0.0001489868891546564,0.19270833333333215,0.14885159010600546,5.6563843288491066e-08,0.3233311927465177,0.34806198860159937
0.937,0.0001489868891546564,0.19270833333333215,0.14885159010600546,-4.477244945845635e-08,0.3233927555321638,-0.13469246478779906
0.938,0.0001489868891546564,0.19270833333333215,-0.8511484098939945,-9.007802794199333e-08,-0.12361991064806699,-0.4328763829736748
0.939,0.0001489868891546564,-0.8072916666666679,0.14885159010600546,-5.941604512712606e-09,-0.40008679587921364,-0.13268409545075005
0.94,0.0001489868891546564,0.19270833333333215,0.14885159010600546,9.455205132698152e-08,-0.12366612462632795,0.3516786409605507
0.941,0.0001489868891546564,0.19270833333333215,0.14885159010600546,6.492196757002307e-08,0.32395396641222607,0.35013149648854036
0.942,0.0001489868891546564,0.19270833333333215,0.14885159010600546,-6.068078465926711e-08,0.3240865071703358,-0.1353153743315331
0.943,0.0001489868891546564,0.19270833333333215,-0.8511484098939945,-1.060882500670271e-07,-0.12383511331532501,-0.43319804533476286
0.944,0.0001489868891546564,-0.8072916666666679,0.14885159010600546,-2.322617915210656e-09,-0.40094006477725225,-0.13233255938641383
0.945,0.0001489868891546564,0.19270833333333215,0.14885159010600546,1.078265204144297e-07,-0.1239772950420357,0.35005484270187764
0.946,0.0001489868891546564,0.19270833333333215,0.14885159010600546,6.852403135626734e-08,0.32462363318386295,0.347533609953776
0.947,0.0001489868891546564,0.19270833333333215,0.14885159010600546,-6.633403733633665e-08,0.3248084885797616,-0.13393377426298805
0.948,0.0001489868891546564,0.19270833333333215,-0.8511484098939945,-1.0793132012101124e-07,-0.12405411674099692,-0.4277178822542471
0.949,0.0001489868891546564,-0.8072916666666679,0.14885159010600546,-2.761728763119362e-10,-0.40177425663383903,-0.13042201991177607
0.95,0.0001489868891546564,0.19270833333333215,0.14885159010600546,1.0315294151019503e-07,-0.12426900865915781,0.34376181861578337
0.951,0.0001489868891546564,0.19270833333333215,0.14885159010600546,6.088159889136146e-08,0.32523640573508544,0.3406369379425158
0.952,0.0001489868891546564,0.19270833333333215,0.14885159010600546,-5.971430870419122e-08,0.32544090796914954,-0.13068257450577112
0.953,0.0001489868891546564,0.19270833333333215,-0.8511484098939945,-8.874102573177586e-08,-0.12424196709930989,-0.41707360032933216
0.954,0.0001489868891546564,-0.8072916666666679,0.14885159010600546,2.921125441737932e-09,-0.4024460804506694,-0.12719844666103777
0.955,0.0001489868891546564,0.19270833333333215,0.14885159010600546,7.684002710848276e-08,-0.12448858258048774,0.33346870781089905
0.956,0.0001489868891546564,0.19270833333333215,0.14885159010600546,3.7541703351459124e-08,0.32568027487523704,0.33019564976952237
0.957,0.0001489868891546564,0.19270833333333215,0.14885159010600546,-4.122586522907515e-08,0.3258632870457769,-0.12587950438706738
0.958,0.0001489868891546564,0.19270833333333215,-0.8511484098939945,-4.5924826983413113e-08,-0.1243615470608008,-0.4023678568609567
0.959,0.0001489868891546564,-0.8072916666666679,0.14885159010600546,9.635929031172826e-09,-0.40281677692538276,-0.12300894291871073
0.96,0.0001489868891546564,0.19270833333333215,0.14885159010600546,2.9775855655674746e-08,-0.12458894154173178,0.32020754973663734
0.961,0.0001489868891546564,0.19270833333333215,0.14885159010600546,-2.3154084861453872e-09,0.3258528396777808,0.3172599758577364
0.962,0.0001489868891546564,0.19270833333333215,0.14885159010600546,-1.3716674068310843e-08,0.3259725843003572,-0.11999437352865326
0.963,0.0001489868891546564,0.19270833333333215,-0.8511484098939945,1.7572242596935608e-08,-0.12437969045838475,-0.3850418894275043
0.964,0.0001489868891546564,-0.8072916666666679,0.14885159010600546,2.1049787904419917e-08,-0.4027764833218386,-0.11825679313423028
0.965,0.0001489868891546564,0.19270833333333215,0.14885159010600546,-3.226131591173118e-08,-0.12453724557890869,0.30525759292442506
0.966,0.0001489868891546564,0.19270833333333215,0.14885159010600546,-5.508879826389187e-08,0.325680437063088,0.30305259458120687
0.967,0.0001489868891546564,0.19270833333333215,0.14885159010600546,1.8014192264783753e-08,0.3257031736001386,-0.11359907615895617
0.968,0.0001489868891546564,0.19270833333333215,-0.8511484098939945,9.324660307816585e-08,-0.12427389493583274,-0.36670958393194714
0.969,0.0001489868891546564,-0.8072916666666679,0.14885159010600546,3.663338401157459e-08,-0.40226734510491957,-0.11335180962789651
0.97,0.0001489868891546564,0.19270833333333215,0.14885159010600546,-9.939300518433525e-08,-0.12432207050315637,0.2899998671746489
0.971,0.0001489868891546564,0.19270833333333215,0.14885159010600546,-1.1301775179555225e-07,0.325135435009094,0.2888267666769199
0.972,0.0001489868891546564,0.19270833333333215,0.14885159010600546,4.813097853779685e-08,0.32504327545852285,-0.1073036814482935
0.973,0.0001489868891546564,0.19270833333333215,-0.8511484098939945,1.6833570598349355e-07,-0.12403848411274603,-0.348972653602409
0.974,0.0001489868891546564,-0.8072916666666679,0.14885159010600546,5.406643884310931e-08,-0.40130124514165877,-0.10866297654686573
0.975,0.0001489868891546564,0.19270833333333215,0.14885159010600546,-1.594114241400804e-07,-0.12395781763721636,0.27575974433637634
0.976,0.0001489868891546564,0.19270833333333215,0.14885159010600546,-1.6549110798294137e-07,0.3242484113497921,0.2757244253901752
0.977,0.0001489868891546564,0.19270833333333215,0.14885159010600546,7.091383002215257e-08,0.3240446253711216,-0.10168597151124911
0.978,0.0001489868891546564,0.19270833333333215,-0.8511484098939945,2.282155306374929e-07,-0.12368896109442619,-0.3332401239493724
0.979,0.0001489868891546564,-0.8072916666666679,0.14885159010600546,6.964081919501754e-08,-0.3999683938514094,-0.10447986764894358
0.98,0.0001489868891546564,0.19270833333333215,0.14885159010600546,-2.00187679732681e-07,-0.12348536958470054,0.26365697212708256
0.981,0.0001489868891546564,0.19270833333333215,0.14885159010600546,-2.0116011715351822e-07,0.3231123572922181,0.2646522804763447
0.982,0.0001489868891546564,0.19270833333333215,0.14885159010600546,8.19124353750572e-08,0.3228229124925848,-0.097222957730604
0.983,0.0001489868891546564,0.19270833333333215,-0.8511484098939945,2.5941433198225853e-07,-0.12326341112467429,-0.32057476051803246
0.984,0.0001489868891546564,-0.8072916666666679,0.14885159010600546,7.906844758487375e-08,-0.39843408383375406,-0.10098781634901505
0.985,0.0001489868891546564,0.19270833333333215,0.14885159010600546,-2.1221943132553205e-07,-0.1229685319174118,0.2544819040050537
0.986,0.0001489868891546564,0.19270833333333215,0.14885159010600546,-2.1041379940006312e-07,0.32187701545082315,0.25619138264468966
0.987,0.0001489868891546564,0.19270833333333215,0.14885159010600546,7.886000353156045e-08,0.32154776152219017,-0.09423303633446843
0.988,0.0001489868891546564,0.19270833333333215,0.14885159010600546,2.526022607434843e-07,-0.12282016271544058,-0.31158551493368664
0.989,0.0001489868891546564,-0.8072916666666679,0.14885159010600546,7.851598295505865e-08,-0.39692255261694226,-0.09825958350638146
0.99,0.0001489868891546564,0.19270833333333215,0.14885159010600546,-1.907714615672263e-07,-0.12248643316557017,0.24861344768980023
0.991,0.0001489868891546564,0.19270833333333215,0.14885159010600546,-1.8767390712158787e-07,0.3207328809407561,0.2505509084787105
0.992,0.0001489868891546564,0.19270833333333215,0.14885159010600546,6.215434457271502e-08,0.3204226004254697,-0.09283647282707273
0.993,0.0001489868891546564,0.19270833333333215,-0.8511484098939945,2.0489592236592805e-07,-0.12243146913196613,-0.3063789911697273
0.994,0.0001489868891546564,-0.8072916666666679,0.14885159010600546,6.562802064523787e-08,-0.3956888989512517,-0.09626365890404787
0.995,0.0001489868891546564,0.19270833333333215,0.14885159010600546,-1.3713240342061583e-07,-0.12212270276171894,0.24598902283318821
0.996,0.0001489868891546564,0.19270833333333215,0.14885159010600546,-1.3298414979162472e-07,0.319886065293369,0.2475708425114777
0.997,0.0001489868891546564,0.19270833333333215,0.14885159010600546,3.480180348757715e-08,0.3196564269607059,-0.09293990780822792
0.998,0.0001489868891546564,0.19270833333333215,-0.8511484098939945,1.2094236123431654e-07,-0.12217364867844854,-0.30457518055511124
0.999,0.0001489868891546564,-0.8072916666666679,0.14885159010600546,4.0294170035791024e-08,-0.39498206092086774,-0.09488676365566391
1.0,0.0001489868891546564,0.19270833333333215,0.14885159010600546,-5.8686420750498245e-08,-0.12195280724129456,0.24613023187961627
1.001,0.0001489868891546564,0.19270833333333215,0.14885159010600546,-5.250415131976627e-08,0.31952688731274026,0.24677162117901963
1.002,0.0001489868891546564,0.19270833333333215,0.14885159010600546,1.831647339423631e-09,0.3194309928941105,-0.0942477643365949
1.003,0.0001489868891546564,0.19270833333333215,-0.8511484098939945,1.249394010861262e-08,-0.12211481373683374,-0.305384335353304
1.004,0.0001489868891546564,-0.8072916666666679,0.14885159010600546,4.965147103519936e-09,-0.39500365015288086,-0.0939660022566044
1.005,0.0001489868891546564,0.19270833333333215,0.14885159010600546,3.225620245634446e-08,-0.1220313069311472,0.24822086309983912
1.006,0.0001489868891546564,0.19270833333333215,0.14885159010600546,4.2254909491564716e-08,0.31979642933553437,0.24744259280269912
1.007,0.0001489868891546564,0.19270833333333215,0.14885159010600546,-3.070043034882384e-08,0.31986800773207846,-0.09630013289443588
1.008,0.0001489868891546564,0.19270833333333215,0.14885159010600546,-1.0349760527852352e-07,-0.12230190109284758,-0.3077339748559492
1.009,0.0001489868891546564,-0.8072916666666679,0.14885159010600546,-3.55813699584221e-08,-0.39586862510200976,-0.09332477985831591
1.01,0.0001489868891546564,0.19270833333333215,0.14885159010600546,1.20662859939118e-07,-0.12238093074783192,0.25122718085817725
1.011,0.0001489868891546564,0.19270833333333215,0.14885159010600546,1.3634713805076416e-07,0.32075612201225684,0.24875619507200902
1.012,0.0001489868891546564,0.19270833333333215,0.14885159010600546,-5.691442022860414e-08,0.3210014151553057,-0.09853331448769863
1.013,0.0001489868891546564,0.19270833333333215,-0.8511484098939945,-2.0792106469832455e-07,-0.12274907261140795,-0.3104286898987676
1.014,0.0001489868891546564,-0.8072916666666679,0.14885159010600546,-7.500373091428436e-08,-0.39757413036979466,-0.09280625907153989
1.015,0.0001489868891546564,0.19270833333333215,0.14885159010600546,1.9158645753275556e-07,-0.12298522359968432,0.25404507722406466
1.016,0.0001489868891546564,0.19270833333333215,0.14885159010600546,2.1410261368823105e-07,0.322365506173969,0.2498917176306765
1.017,0.0001489868891546564,0.19270833333333215,0.14885159010600546,-7.226490820947531e-08,0.32275949412412713,-0.10035614481654793
1.018,0.0001489868891546564,0.19270833333333215,-0.8511484098939945,-2.830819447065746e-07,-0.12342959744579782,-0.31232145148491836
1.019,0.0001489868891546564,-0.8072916666666679,0.14885159010600546,-1.0654776911563063e-07,-0.39998220074392565,-0.09229882511053283
1.02,0.0001489868891546564,0.19270833333333215,0.14885159010600546,2.3301142662073727e-07,-0.1237861091783269,0.2556552523478757
1.021,0.0001489868891546564,0.19270833333333215,0.14885159010600546,2.620925186651715e-07,0.32447258504922916,0.25015177647077347
1.022,0.0001489868891546564,0.19270833333333215,0.14885159010600546,-7.441697894831913e-08,0.32496047474607676,-0.10123290787994722
1.023,0.0001489868891546564,0.19270833333333215,-0.8511484098939945,-3.160901330584662e-07,-0.12427301361785541,-0.3124740236290027
1.024,0.0001489868891546564,-0.8072916666666679,0.14885159010600546,-1.243556557322263e-07,-0.40282044996406713,-0.09174963217816083
1.025,0.0001489868891546564,0.19270833333333215,0.14885159010600546,2.3815525308436832e-07,-0.12468708202633247,0.2552665904934832
1.026,0.0001489868891546564,0.19270833333333215,0.14885159010600546,2.717414375670689e-07,0.326819672318957,0.249056218931693
1.027,0.0001489868891546564,0.19270833333333215,0.14885159010600546,-6.365915812869595e-08,0.32732364919022794,-0.10076240410642519
1.028,0.0001489868891546564,0.19270833333333215,0.14885159010600546,-3.0136029400981007e-07,-0.12516871558547293,-0.31028592365884
1.029,0.0001489868891546564,-0.8072916666666679,0.14885159010600546,-1.246593599423589e-07,-0.4057025125201869,-0.09116454155221686
1.03,0.0001489868891546564,0.19270833333333215,0.14885159010600546,2.067499325712036e-07,-0.12556198246593853,0.2524294231145741
1.031,0.0001489868891546564,0.19270833333333215,0.14885159010600546,2.4104131175550573e-07,0.3290655403799474,0.24640181150988633
1.032,0.0001489868891546564,0.19270833333333215,0.14885159010600546,-4.277153216998953e-08,0.32949582222577634,-0.0987427723383992
1.033,0.0001489868891546564,0.19270833333333215,-0.8511484098939945,-2.4170212092601264e-07,-0.12597620327188838,-0.3055758620782445
1.034,0.0001489868891546564,-0.8072916666666679,0.14885159010600546,-1.0660316886928287e-07,-0.4081671955365158,-0.09059525174494483
1.035,0.0001489868891546564,0.19270833333333215,0.14885159010600546,1.4503708557462127e-07,-0.12626852385850346,0.24710421352046072
1.036,0.0001489868891546564,0.19270833333333215,0.14885159010600546,1.7500138046842253e-07,0.3308222676999224,0.24228116480110248
1.037,0.0001489868891546564,0.19270833333333215,0.14885159010600546,-1.6382646461335947e-08,0.33109068574060263,-0.09521302902322015
1.038,0.0001489868891546564,0.19270833333333215,-0.8511484098939945,-1.4776709127666207e-07,-0.126541186383223,-0.298606079112906
1.039,0.0001489868891546564,-0.8072916666666679,0.14885159010600546,-7.251298942966864e-08,-0.4097324334871907,-0.09011673970916356
1.04,0.0001489868891546564,0.19270833333333215,0.14885159010600546,6.447800831639925e-08,-0.12666504695959793,0.2396768580502504
1.041,0.0001489868891546564,0.19270833333333215,0.14885159010600546,8.472887224751035e-08,0.3317028323519455,0.2370601575752626
1.042,0.0001489868891546564,0.19270833333333215,0.14885159010600546,1.0043066034866899e-08,0.331736653472172,-0.09046486635580851
1.043,0.0001489868891546564,0.19270833333333215,-0.8511484098939945,-3.5960251564006705e-08,-0.12671572800023517,-0.29004757645743456
1.044,0.0001489868891546564,-0.8072916666666679,0.14885159010600546,-2.7544087022945384e-08,-0.40995766012076673,-0.08979988314820672
1.045,0.0001489868891546564,0.19270833333333215,0.14885159010600546,-2.0551362975369106e-08,-0.1266284725290635,0.23091854742802692
1.046,0.0001489868891546564,0.19270833333333215,0.14885159010600546,-1.4679295877975256e-08,0.3313735733484643,0.23131879724407287
1.047,0.0001489868891546564,0.19270833333333215,0.14885159010600546,3.136793780335727e-08,0.33112717639522404,-0.08502176771096884
1.048,0.0001489868891546564,0.19270833333333215,-0.8511484098939945,7.475347051587007e-08,-0.1263798030791957,-0.2808918984393136
1.049,0.0001489868891546564,-0.8072916666666679,0.14885159010600546,2.123093927732078e-08,-0.4085065223294424,-0.08968501491953111
1.05,0.0001489868891546564,0.19270833333333215,0.14885159010600546,-9.559852345383557e-08,-0.1260711855767408,0.22189510873890517
1.051,0.0001489868891546564,0.19270833333333215,0.14885159010600546,-1.0700451475221666e-07,0.32960446967880797,0.22576520724976795
1.052,0.0001489868891546564,0.19270833333333215,0.14885159010600546,4.384400716150468e-08,0.3290668287298835,-0.07958654452640318
1.053,0.0001489868891546564,0.19270833333333215,0.14885159010600546,1.6648822006118768e-07,-0.12546118925409114,-0.2723218432153761
1.054,0.0001489868891546564,-0.8072916666666679,0.14885159010600546,6.611398769154996e-08,-0.4052012605513806,-0.08976201359177485
1.055,0.0001489868891546564,0.19270833333333215,0.14885159010600546,-1.4891393694696313e-07,-0.12495464921588045,0.21383707251612052
1.056,0.0001489868891546564,0.19270833333333215,0.14885159010600546,-1.779463477315653e-07,0.32630999593313814,0.2211356343989929
1.057,0.0001489868891546564,0.19270833333333215,0.14885159010600546,4.5849865369530204e-08,0.32550665319036537,-0.07496247850814552
1.058,0.0001489868891546564,0.19270833333333215,-0.8511484098939945,2.2577099281963102e-07,-0.1239506002047651,-0.2655584305312954
1.059,0.0001489868891546564,-0.8072916666666679,0.14885159010600546,1.0019270426524559e-07,-0.4000607163786502,-0.08996137459045744
1.06,0.0001489868891546564,0.19270833333333215,0.14885159010600546,-1.735974637336661e-07,-0.123297906156516,0.20798659168042777
1.061,0.0001489868891546564,0.19270833333333215,0.14885159010600546,-2.1771308656891077e-07,0.3215741881713171,0.21809463813200883
1.062,0.0001489868891546564,0.19270833333333215,0.14885159010600546,3.8147253854836253e-08,0.32056339073853324,-0.07195684486205374
1.063,0.0001489868891546564,0.19270833333333215,-0.8511484098939945,2.4588997521477394e-07,-0.12190944925436448,-0.26170402820910416
1.064,0.0001489868891546564,-0.8072916666666679,0.14885159010600546,1.185856625362849e-07,-0.393315763855336,-0.09015872175587512
1.065,0.0001489868891546564,0.19270833333333215,0.14885159010600546,-1.686772086688142e-07,-0.12117973253161204,0.2054401806849401
1.066,0.0001489868891546564,0.19270833333333215,0.14885159010600546,-2.2264119785402e-07,0.3156554174536479,0.21714886870814257
1.067,0.0001489868891546564,0.19270833333333215,0.14885159010600546,2.3608705255772224e-08,0.31451916335235797,-0.07127821440675443
1.068,0.0001489868891546564,0.19270833333333215,0.14885159010600546,2.2779287212474137e-07,-0.11946854895012048,-0.2616014864520534
1.069,0.0001489868891546564,-0.8072916666666679,0.14885159010600546,1.1927175031999452e-07,-0.38539877578540466,-0.09019274080370906
1.07,0.0001489868891546564,0.19270833333333215,0.14885159010600546,-1.389193265988383e-07,-0.11873397904218735,0.20700670852291858
1.071,0.0001489868891546564,0.19270833333333215,0.14885159010600546,-1.955325588872804e-07,0.3089689877705919,0.21858526586843458
1.072,0.0001489868891546564,0.19270833333333215,0.14885159010600546,6.483359721135252e-09,0.3078006731343549,-0.07344020754474626
1.073,0.0001489868891546564,0.19270833333333215,0.14885159010600546,1.7938512554163087e-07,-0.11681729292413649,-0.2657265429977055
1.074,0.0001489868891546564,-0.8072916666666679,0.14885159010600546,1.0334292542679475e-07,-0.3769071535562475,-0.08989396567225362
1.075,0.0001489868891546564,0.19270833333333215,0.14885159010600546,-9.344264230210307e-08,-0.1161384641436488,0.21309813427432658
1.076,0.0001489868891546564,0.19270833333333215,0.14885159010600546,-1.446746004529136e-07,0.30204869063094775,0.22244056959074235
1.077,0.0001489868891546564,0.19270833333333215,0.14885159010600546,-8.630869834288575e-09,0.3009396849491235,-0.07868408223089349
1.078,0.0001489868891546564,0.19270833333333215,-0.8511484098939945,1.1342273024351293e-07,-0.11418425212439193,-0.27412606722037886
1.079,0.0001489868891546564,-0.8072916666666679,0.14885159010600546,7.464212672968385e-08,-0.36854448948283763,-0.08911966871717662
1.08,0.0001489868891546564,0.19270833333333215,0.14885159010600546,-4.346955638732181e-08,-0.11359856346537062,0.2236663861812359
1.081,0.0001489868891546564,0.19270833333333215,0.14885159010600546,-8.178996379241134e-08,0.2954914268212967,0.22850436087567105
1.082,0.0001489868891546564,0.19270833333333215,0.14885159010600546,-1.7876436650209444e-08,0.29451909292940814,-0.08693065649820698
1.083,0.0001489868891546564,0.19270833333333215,-0.8511484098939945,4.44941887847031e-08,-0.11181143840950722,-0.28640859098937693
1.084,0.0001489868891546564,-0.8072916666666679,0.14885159010600546,3.887775708218269e-08,-0.3610460839994395,-0.08778868601727732
1.085,0.0001489868891546564,0.19270833333333215,0.14885159010600546,2.7173166865038147e-10,-0.11132726957716303,0.23819408593143976
1.086,0.0001489868891546564,0.19270833333333215,0.14885159010600546,-1.9387553486794557e-08,0.28989150443099865,0.23635314848073008
1.087,0.0001489868891546564,0.19270833333333215,0.14885159010600546,-1.9041102998523348e-08,0.2891108731444789,-0.09776877487652111
1.088,0.0001489868891546564,0.19270833333333215,-0.8511484098939945,-1.4224576882760321e-08,-0.10992553412998991,-0.3017868702194068
1.089,0.0001489868891546564,-0.8072916666666679,0.14885159010600546,2.414585550345687e-09,-0.3550978414587451,-0.08590962015001719
1.09,0.0001489868891546564,0.19270833333333215,0.14885159010600546,2.990942824600643e-08,-0.10952390138015394,0.25574023293923354
1.091,0.0001489868891546564,0.19270833333333215,0.14885159010600546,3.18932448606432e-08,0.2857728581725722,0.24540895978743613
1.092,0.0001489868891546564,0.19270833333333215,0.14885159010600546,-1.2074151473594393e-08,0.28521340821749647,-0.11048319906771492
1.093,0.0001489868891546564,0.19270833333333215,-0.8511484098939945,-5.3721221136637475e-08,-0.10870998024246198,-0.319165815520196
1.094,0.0001489868891546564,-0.8072916666666679,0.14885159010600546,-2.899530353819997e-08,-0.35125867026888996,-0.08359660770632958
1.095,0.0001489868891546564,0.19270833333333215,0.14885159010600546,4.203089029085093e-08,-0.10835378095224252,0.27503531240713575
1.096,0.0001489868891546564,0.19270833333333215,0.14885159010600546,6.536486727036103e-08,0.28352794540412674,0.2550130224853563
1.097,0.0001489868891546564,0.19270833333333215,0.14885159010600546,9.042930225233018e-10,0.28319586354601856,-0.12411995799805538
1.098,0.0001489868891546564,0.19270833333333215,-0.8511484098939945,-7.080531842463242e-08,-0.10828184531437497,-0.3372638268233478
1.099,0.0001489868891546564,0.19270833333333215,0.14885159010600546,-5.127228565743271e-08,-0.34989623930044744,-0.08106863183193079
1.1,0.0001489868891546564,0.19270833333333215,0.14885159010600546,3.8178693065903516e-08,-0.10793106280497423,0.29461439433195963
1.101,0.0001489868891546564,0.19270833333333215,0.14885159010600546,7.93597874493846e-08,0.28337135927914336,0.26450377570665723
1.102,0.0001489868891546564,0.19270833333333215,0.14885159010600546,1.6105895340036892e-08,0.2832564691142189,-0.1375824388488382
1.103,0.0001489868891546564,0.19270833333333215,-0.8511484098939945,-6.83305262999516e-08,-0.10867683590119656,-0.3547519882822087
1.104,0.0001489868891546564,-0.8072916666666679,0.14885159010600546,-6.264367344178042e-08,-0.3511443160986163,-0.07863093631641094
1.105,0.0001489868891546564,0.19270833333333215,0.14885159010600546,2.4146691966642892e-08,-0.1083065262869856,0.31297236002469697
1.106,0.0001489868891546564,0.19270833333333215,0.14885159010600546,7.708045841200698e-08,0.2853143407310267,0.27328871735720106
1.107,0.0001489868891546564,0.19270833333333215,0.14885159010600546,2.897864645753968e-08,0.2853998306511739,-0.14974745603207962
1.108,0.0001489868891546564,0.19270833333333215,0.14885159010600546,-5.3967591681738586e-08,-0.10984472025018244,-0.3703940950628771
1.109,0.0001489868891546564,-0.8072916666666679,0.14885159010600546,-6.373651405404096e-08,-0.35488715381079194,-0.07664005257829119
1.11,0.0001489868891546564,0.19270833333333215,0.14885159010600546,8.257431220072227e-09,-0.10946158407275464,0.3287229463120953
1.111,0.0001489868891546564,0.19270833333333215,0.14885159010600546,6.530682545526654e-08,0.28916362188506584,0.28090132609725976
1.112,0.0001489868891546564,0.19270833333333215,0.14885159010600546,3.5311468997694156e-08,0.2894360006606482,-0.15958774393674463
1.113,0.0001489868891546564,0.19270833333333215,-0.8511484098939945,-3.7847345395958464e-08,-0.11165597274551715,-0.38317117237369036
1.114,0.0001489868891546564,-0.8072916666666679,0.14885159010600546,-5.713579378359184e-08,-0.3607728879877968,-0.07545680344176234
1.115,0.0001489868891546564,0.19270833333333215,0.14885159010600546,-9.63668830392421e-10,-0.11130909313314057,0.3407430993538867
1.116,0.0001489868891546564,0.19270833333333215,0.14885159010600546,5.2297989364513604e-08,0.29454478252421173,0.28703713066392267
1.117,0.0001489868891546564,0.19270833333333215,0.14885159010600546,3.228908042930061e-08,0.2950013148126891,-0.16628617861088882
1.118,0.0001489868891546564,0.19270833333333215,-0.8511484098939945,-2.9651881471035225e-08,-0.1139188210731502,-0.39237680457737395
1.119,0.0001489868891546564,-0.8072916666666679,0.14885159010600546,-4.653466326814309e-08,-0.3682541438190273,-0.07539391833282971
1.12,0.0001489868891546564,0.19270833333333215,0.14885159010600546,2.8387675772483093e-09,-0.1137008591895806,0.3482861620692763
1.121,0.0001489868891546564,0.19270833333333215,0.14885159010600546,4.540728534072937e-08,0.3009470143616389,0.2915664335490294
1.122,0.0001489868891546564,0.19270833333333215,-0.8511484098939945,1.925422305201903e-08,0.3015983134876187,-0.16932773492551897
1.123,0.0001489868891546564,0.19270833333333215,-0.8511484098939945,-3.58593982219284e-08,-0.1164043390628015,-0.3976737729538034
1.124,0.0001489868891546564,-0.8072916666666679,0.14885159010600546,-3.5692144382454115e-08,-0.3766505648212132,-0.07666618447010597
1.125,0.0001489868891546564,0.19270833333333215,0.14885159010600546,2.2001050094889616e-08,-0.11644107519641131,0.3510513900139894
1.126,0.0001489868891546564,0.19270833333333215,0.14885159010600546,4.8993258410759976e-08,0.30778333828748333,0.2945246722968672
1.127,0.0001489868891546564,0.19270833333333215,0.14885159010600546,-2.0046346332136654e-09,0.3086497786110287,-0.16855768341876706
1.128,0.0001489868891546564,0.19270833333333215,-0.8511484098939945,-5.7814141671087395e-08,-0.11887601656017012,-0.3991075913318427
1.129,0.0001489868891546564,-0.8072916666666679,0.14885159010600546,-2.7452226092935306e-08,-0.38522523703292944,-0.07935111728025737
1.13,0.0001489868891546564,0.19270833333333215,0.14885159010600546,5.3970826675757106e-08,-0.11930438804631896,0.3492026773361973
1.131,0.0001489868891546564,0.19270833333333215,0.14885159010600546,6.313803416917532e-08,0.31445831637868193,0.2960843959877865
1.132,0.0001489868891546564,0.19270833333333215,0.14885159010600546,-2.7519634472865533e-08,0.31556031398274925,-0.16419854122013072
1.133,0.0001489868891546564,0.19270833333333215,-0.8511484098939945,-9.110399942639018e-08,-0.12111954950800219,-0.39707783955993203
1.134,0.0001489868891546564,-0.8072916666666679,0.14885159010600546,-2.305800340508916e-08,-0.39326536517244803,-0.08336690374526527
1.135,0.0001489868891546564,0.19270833333333215,0.14885159010600546,9.165112231323313e-08,-0.12205688529774156,0.3433354932095421
1.136,0.0001489868891546564,0.19270833333333215,0.14885159010600546,8.349486494077749e-08,0.32043442622921475,0.2965149370440262
1.137,0.0001489868891546564,0.19270833333333215,0.14885159010600546,-5.192154756404161e-08,0.32177817050027957,-0.1568233243186752
1.138,0.0001489868891546564,0.19270833333333215,-0.8511484098939945,-1.2642591236069632e-07,-0.12296854712307415,-0.39227305488747083
1.139,0.0001489868891546564,-0.8072916666666679,0.14885159010600546,-2.1920542637065395e-08,-0.4001572591953545,-0.08847200595752372
1.14,0.0001489868891546564,0.19270833333333215,0.14885159010600546,1.2491359948150644e-07,-0.1244780551889132,0.3343971234433504
1.141,0.0001489868891546564,0.19270833333333215,0.14885159010600546,1.02320591597016e-07,0.32528863479436265,0.29613683096345456
1.142,0.0001489868891546564,0.19270833333333215,0.14885159010600546,-6.957224615316112e-08,0.3268502269397283,-0.14728806874008774
1.143,0.0001489868891546564,0.19270833333333215,-0.8511484098939945,-1.517707896893454e-07,-0.12432246851242128,-0.38557878552579034
1.144,0.0001489868891546564,-0.8072916666666679,0.14885159010600546,-2.1891610456561846e-08,-0.4054467190737268,-0.09428764910036729
1.145,0.0001489868891546564,0.19270833333333215,0.14885159010600546,1.4296273287872073e-07,-0.12638170139683955,0.3235706481469044
1.146,0.0001489868891546564,0.19270833333333215,0.14885159010600546,1.1046648295222129e-07,0.3287522527081327,0.29527783855999384
1.147,0.0001489868891546564,0.19270833333333215,0.14885159010600546,-7.581182652832355e-08,0.3304641141370933,-0.13663169758909996
1.148,0.0001489868891546564,0.19270833333333215,-0.8511484098939945,-1.5544365290505662e-07,-0.12515429378890638,-0.37797084499446626
1.149,0.0001489868891546564,-0.8072916666666679,0.14885159010600546,-1.996773510201771e-08,-0.40887808163191885,-0.10034093727809658
1.15,0.0001489868891546564,0.19270833333333215,0.14885159010600546,1.3702531652574084e-07,-0.12763387984721503,0.3121370432153203
1.151,0.0001489868891546564,0.19270833333333215,0.14885159010600546,9.986681647501176e-08,0.33072962588088367,0.2942362071844512
1.152,0.0001489868891546564,0.19270833333333215,0.14885159010600546,-6.804893158481437e-08,0.33247323475963914,-0.1259554406531127
1.153,0.0001489868891546564,0.19270833333333215,-0.8511484098939945,-1.2922369444800406e-07,-0.1255070267202849,-0.3704066451658571
1.154,0.0001489868891546564,-0.8072916666666679,0.14885159010600546,-1.3248304500139671e-08,-0.41040817848598915,-0.10612308551821889
1.155,0.0001489868891546564,0.19270833333333215,0.14885159010600546,1.0274705338984463e-07,-0.12816615300581274,0.30133193526489394
1.156,0.0001489868891546564,0.19270833333333215,0.14885159010600546,6.593296218849335e-08,0.33129425319966904,0.2932548722676056
1.157,0.0001489868891546564,0.19270833333333215,0.14885159010600546,-4.644988738460464e-08,0.33290262100482815,-0.11629661474782181
1.158,0.0001489868891546564,0.19270833333333215,-0.8511484098939945,-7.091270763285354e-08,-0.12547987178606962,-0.3637267598772379
1.159,0.0001489868891546564,-0.8072916666666679,0.14885159010600546,9.317783990406587e-11,-0.4101948089142447,-0.11115474867554359
1.16,0.0001489868891546564,0.19270833333333215,0.14885159010600546,4.1723117324415515e-08,-0.12798281030763273,0.29221366360258105
1.161,0.0001489868891546564,0.19270833333333215,0.14885159010600546,9.263502614625051e-09,0.3306640560550377,0.29250804261551505
1.162,0.0001489868891546564,0.19270833333333215,0.14885159010600546,-1.4063174947648354e-08,0.3319358881885584,-0.10851229342087007
1.163,0.0001489868891546564,0.19270833333333215,-0.8511484098939945,1.4365174546078166e-08,-0.12520655305320436,-0.3585768004928269
1.164,0.0001489868891546564,-0.8072916666666679,0.14885159010600546,2.0072958301006006e-08,-0.4085625818555788,-0.11504908366945514
1.165,0.0001489868891546564,0.19270833333333215,0.14885159010600546,-3.823459644455593e-08,-0.12716116485962795,0.2855574557540482
1.166,0.0001489868891546564,0.19270833333333215,0.14885159010600546,-6.377995690829608e-08,0.32916030979584265,0.2920994443483216
1.167,0.0001489868891546564,0.19270833333333215,0.14885159010600546,2.36661420256812e-08,0.3298856883069699,-0.10318712698303742
1.168,0.0001489868891546564,0.19270833333333215,0.14885159010600546,1.1448645454425782e-07,-0.12482948390665395,-0.3553566346746304
1.169,0.0001489868891546564,-0.8072916666666679,0.14885159010600546,4.4593236400099576e-08,-0.4059516892213769,-0.1175632413138222
1.17,0.0001489868891546564,0.19270833333333215,0.14885159010600546,-1.2422065031328595e-07,-0.12584458898454098,0.28178698700543947
1.171,0.0001489868891546564,0.19270833333333215,0.14885159010600546,-1.4183494638549673e-07,0.32715678461697145,0.29206977716416893
1.172,0.0001489868891546564,0.19270833333333215,0.14885159010600546,5.990708537756075e-08,0.3271517946051369,-0.1005764737166722
1.173,0.0001489868891546564,0.19270833333333215,-0.8511484098939945,2.1229224100991265e-07,-0.12447414959509993,-0.35420039656048163
1.174,0.0001489868891546564,-0.8072916666666679,0.14885159010600546,6.966945423229134e-08,-0.402856998326055,-0.11863047186984993
1.175,0.0001489868891546564,0.19270833333333215,0.14885159010600546,-2.0057028326442727e-07,-0.12422857345103051,0.2809498434517019
1.176,0.0001489868891546564,0.19270833333333215,0.14885159010600546,-2.1054121073363803e-07,0.3250266605364503,0.2924099079750322
1.177,0.0001489868891546564,0.19270833333333215,0.14885159010600546,8.777900162187601e-08,0.32417208143008847,-0.1005914697968913
1.178,0.0001489868891546564,0.19270833333333215,-0.8511484098939945,2.8884071110139267e-07,-0.12422801317672176,-0.35498708290021047
1.179,0.0001489868891546564,-0.8072916666666679,0.14885159010600546,9.016354880137775e-08,-0.3997655969043918,-0.1183677436249081
1.18,0.0001489868891546564,0.19270833333333215,0.14885159010600546,-2.519496071474148e-07,-0.12254075768951041,0.2827380436939046
1.181,0.0001489868891546564,0.19270833333333215,0.14885159010600546,-2.553996328763071e-07,0.3230946644207862,0.29307608817161035
1.182,0.0001489868891546564,0.19270833333333215,0.14885159010600546,1.0173999204406835e-07,0.32137211981048164,-0.10282728939433762
1.183,0.0001489868891546564,0.19270833333333215,-0.8511484098939945,3.272922669057473e-07,-0.12412749515274318,-0.35737822310686584
1.184,0.0001489868891546564,-0.8072916666666679,0.14885159010600546,1.0087684009255108e-07,-0.39710055558140395,-0.1170573191327903
1.185,0.0001489868891546564,0.19270833333333215,0.14885159010600546,-2.665635477921943e-07,-0.1210165382652756,0.28654944819255806
1.186,0.0001489868891546564,0.19270833333333215,0.14885159010600546,-2.6489170291379774e-07,0.3216006857564089,0.2940039743890143
1.187,0.0001489868891546564,0.19270833333333215,0.14885159010600546,9.873754645118747e-08,0.31911889715783076,-0.10663033027638248
1.188,0.0001489868891546564,0.19270833333333215,-0.8511484098939945,3.1660495117432454e-07,-0.12415521773938328,-0.36087647826057684
1.189,0.0001489868891546564,-0.8072916666666679,0.14885159010600546,9.776554881312147e-08,-0.39517731406304357,-0.11510457587996999
1.19,0.0001489868891546564,0.19270833333333215,0.14885159010600546,-2.387951027231886e-07,-0.11987246255017704,0.29158121945531984
1.191,0.0001489868891546564,0.19270833333333215,0.14885159010600546,-2.331808383055112e-07,0.32067908058578193,0.2951192683722983
1.192,0.0001489868891546564,0.19270833333333215,0.14885159010600546,7.887643642352969e-08,0.3176833779365495,-0.11119512442664363
1.193,0.0001489868891546564,0.19270833333333215,-0.8511484098939945,2.5422793393950124e-07,-0.12424795601458812,-0.3648972732615952
1.194,0.0001489868891546564,-0.8072916666666679,0.14885159010600546,7.900313364369766e-08,-0.39417700341521905,-0.11297791025313648
1.195,0.0001489868891546564,0.19270833333333215,0.14885159010600546,-1.70689866673604e-07,-0.1192800826365206,0.2969430113098121
1.196,0.0001489868891546564,0.19270833333333215,0.14885159010600546,-1.6178198383284833e-07,0.3203553097919719,0.29634409162601844
1.197,0.0001489868891546564,0.19270833333333215,0.14885159010600546,4.545680178113871e-08,0.3172153973441048,-0.11567805915513314
1.198,0.0001489868891546564,0.19270833333333215,-0.8511484098939945,1.4716991271775236e-07,-0.12431387843261317,-0.36884478103512364
1.199,0.0001489868891546564,-0.8072916666666679,0.14885159010600546,4.563665864356471e-08,-0.3941385267944615,-0.11113927773116798
1.2,0.0001489868891546564,0.19270833333333215,0.14885159010600546,-7.192999959312513e-08,-0.11934320286823763,0.30177562454806744
1.201,0.0001489868891546564,0.19270833333333215,0.14885159010600546,-5.978867635111313e-08,0.3205588848692133,0.2975994694514472
1.202,0.0001489868891546564,0.19270833333333215,0.14885159010600546,4.365791059880402e-09,0.31773289837662627,-0.11931297851975864
1.203,0.0001489868891546564,0.19270833333333215,-0.8511484098939945,1.1149597778927319e-08,-0.12425599253312981,-0.37218372803919236
1.204,0.0001489868891546564,-0.8072916666666679,0.14885159010600546,1.665413483605993e-09,-0.3949687031224466,-0.10997537579594198
1.205,0.0001489868891546564,0.19270833333333215,0.14885159010600546,4.174559783134705e-08,-0.12008142891322537,0.30536064040960026
1.206,0.0001489868891546564,0.19270833333333215,0.14885159010600546,5.745444831251709e-08,0.3211492195937353,0.29880524579404943
1.207,0.0001489868891546564,0.19270833333333215,0.14885159010600546,-3.7058417254764115e-08,0.31912596342247174,-0.12151366678880507
1.208,0.0001489868891546564,0.19270833333333215,-0.8511484098939945,-1.320621745408008e-07,-0.12399751971111188,-0.37449945784533034
1.209,0.0001489868891546564,-0.8072916666666679,0.14885159010600546,-4.650792343969629e-08,-0.3964675739263053,-0.10973943978628288
1.21,0.0001489868891546564,0.19270833333333215,0.14885159010600546,1.513894527571764e-07,-0.12142256165500563,0.30720800191427244
1.211,0.0001489868891546564,0.19270833333333215,0.14885159010600546,1.7101449154896518e-07,0.3219492571604464,0.2998792017969568
1.212,0.0001489868891546564,0.19270833333333215,0.14885159010600546,-7.14597646414814e-08,0.3211746142659287,-0.12195008557723444
1.213,0.0001489868891546564,0.19270833333333215,-0.8511484098939945,-2.5861103590969153e-07,-0.12350441880061037,-0.37554029860448446
1.214,0.0001489868891546564,-0.8072916666666679,0.14885159010600546,-9.116658426662653e-08,-0.3983643501495861,-0.11051209645271058
1.215,0.0001489868891546564,0.19270833333333215,0.14885159010600546,2.384026698413356e-07,-0.12320565380052982,0.3071114367874967
1.216,0.0001489868891546564,0.19270833333333215,0.14885159010600546,2.6185745392576245e-07,0.32278089496211765,0.3007370453750583
1.217,0.0001489868891546564,0.19270833333333215,0.14885159010600546,-9.290045811719623e-08,0.32357808389942333,-0.1205887801031695
1.218,0.0001489868891546564,0.19270833333333215,-0.8511484098939945,-3.4705148660529416e-07,-0.12280057019386094,-0.37523832911024857
1.219,0.0001489868891546564,-0.8072916666666679,0.14885159010600546,-1.247012570689579e-07,-0.40035859389641626,-0.11218693635100023
1.22,0.0001489868891546564,0.19270833333333215,0.14885159010600546,2.8808259271236196e-07,-0.12519548634450936,0.305165630849031
1.221,0.0001489868891546564,0.19270833333333215,0.14885159010600546,3.1446078214750237e-07,0.32349635434772955,0.3012943446853727
1.222,0.0001489868891546564,0.19270833333333215,0.14885159010600546,-9.80040924164528e-08,0.3259922837489668,-0.11769260772592123
1.223,0.0001489868891546564,0.19270833333333215,-0.8511484098939945,-3.8245024392742095e-07,-0.12197220280654406,-0.373706924507048
1.224,0.0001489868891546564,-0.8072916666666679,0.14885159010600546,-1.4107707894102433e-07,-0.4021611306712285,-0.11448284952993559
1.225,0.0001489868891546564,0.19270833333333215,0.14885159010600546,2.9243418122116057e-07,-0.12710790571354286,0.3017436873623921
1.226,0.0001489868891546564,0.19270833333333215,0.14885159010600546,3.1981102748979804e-07,0.3240006778312117,0.3014705747608795
1.227,0.0001489868891546564,0.19270833333333215,0.14885159010600546,-8.657059559677816e-08,0.3280715457412977,-0.11378024468002075
1.228,0.0001489868891546564,0.19270833333333215,0.14885159010600546,-3.5925476291442035e-07,-0.12115985083135135,-0.37121579928031145
1.229,0.0001489868891546564,-0.8072916666666679,0.14885159010600546,-1.3704144927687122e-07,-0.40352979790478677,-0.11698127110017979
1.23,0.0001489868891546564,0.19270833333333215,0.14885159010600546,2.5166450957490404e-07,-0.12864402416887386,0.2974381165672484
1.231,0.0001489868891546564,0.19270833333333215,0.14885159010600546,2.7716289088900796e-07,0.32426228001732865,0.301194483658213
1.232,0.0001489868891546564,0.19270833333333215,0.14885159010600546,-6.153879131548478e-08,0.3295104236418684,-0.10955110276073038
1.233,0.0001489868891546564,0.19270833333333215,-0.8511484098939945,-2.823294400705194e-07,-0.12053821291968796,-0.3681464861576344
1.234,0.0001489868891546564,-0.8072916666666679,0.14885159010600546,-1.1281590244902476e-07,-0.40429629188390526,-0.11918289561103258
1.235,0.0001489868891546564,0.19270833333333215,0.14885159010600546,1.7405083297153218e-07,-0.12952990295581038,0.2929728695185608
1.236,0.0001489868891546564,0.19270833333333215,0.14885159010600546,1.9418734017603905e-07,0.32431062688193957,0.3004092263897117
1.237,0.0001489868891546564,0.19270833333333215,0.14885159010600546,-2.830992588358454e-08,0.3300813845393761,-0.1057856739110673
1.238,0.0001489868891546564,0.19270833333333215,-0.8511484098939945,-1.6594013078202575e-07,-0.12028642833121043,-0.36493314865885623
1.239,0.0001489868891546564,-0.8072916666666679,0.14885159010600546,-7.211936828357623e-08,-0.4043818579030705,-0.12057567951034996
1.24,0.0001489868891546564,0.19270833333333215,0.14885159010600546,7.421151023592844e-08,-0.12955721026080608,0.2890973022636862
1.241,0.0001489868891546564,0.19270833333333215,0.14885159010600546,8.547005578727116e-08,0.324222314900918,0.29907538087587715
1.242,0.0001489868891546564,0.19270833333333215,0.14885159010600546,6.419667029230454e-09,0.32966458940113796,-0.10323436978712151
1.243,0.0001489868891546564,0.19270833333333215,-0.8511484098939945,-3.089542542740304e-08,-0.12055313502336136,-0.3619951899337959
1.244,0.0001489868891546564,-0.8072916666666679,0.14885159010600546,-2.150851387332258e-08,-0.4038011410023038,-0.12070445967397879
1.245,0.0001489868891546564,0.19270833333333215,0.14885159010600546,-2.9856572669709786e-08,-0.12861967048943387,0.286475076721626
1.246,0.0001489868891546564,0.19270833333333215,0.14885159010600546,-3.033398069338919e-08,0.3240987159925419,0.297170173901689
1.247,0.0001489868891546564,0.19270833333333215,0.14885159010600546,3.606541516175969e-08,0.3282666249392098,-0.10250927173845581
1.248,0.0001489868891546564,0.19270833333333215,-0.8511484098939945,9.956108327835289e-08,-0.12142191748176116,-0.35966916827074435
1.249,0.0001489868891546564,-0.8072916666666679,0.14885159010600546,3.083619557653081e-08,-0.40265496106790066,-0.11923247490100489
1.25,0.0001489868891546564,0.19270833333333215,0.14885159010600546,-1.2035249426009646e-07,-0.12674005787498324,0.2855816566299162
1.251,0.0001489868891546564,0.19270833333333215,0.14885159010600546,-1.3410264774256754e-07,0.32403965523386424,0.29468200348854007
1.252,0.0001489868891546564,0.19270833333333215,0.14885159010600546,5.55002461321858e-08,0.3260259754974442,-0.10399271634159438
1.253,0.0001489868891546564,0.19270833333333215,-0.8511484098939945,2.0425294106226975e-07,-0.12288315396624322,-0.3581479474897239
1.254,0.0001489868891546564,-0.8072916666666679,0.14885159010600546,7.663352225135153e-08,-0.4011139303271283,-0.11598646111363767
1.255,0.0001489868891546564,0.19270833333333215,0.14885159010600546,-1.831105240830696e-07,-0.12408312923948465,0.2866231777252843
1.256,0.0001489868891546564,0.19270833333333215,0.14885159010600546,-2.09861563775745e-07,0.3241181080533934,0.29160051196878445
1.257,0.0001489868891546564,0.19270833333333215,0.14885159010600546,6.205394914714363e-08,0.32320417146563785,-0.10777441166004093
1.258,0.0001489868891546564,0.19270833333333215,-0.8511484098939945,2.680346065941346e-07,-0.12481772327083503,-0.35743470466368304
1.259,0.0001489868891546564,-0.8072916666666679,0.14885159010600546,1.0902362761241724e-07,-0.3993955947697005,-0.1109795555939779
1.26,0.0001489868891546564,0.19270833333333215,0.14885159010600546,-2.1019124092994895e-07,-0.12095123976585458,0.28948715464025393
1.261,0.0001489868891546564,0.19270833333333215,0.14885159010600546,-2.4766956043594603e-07,0.32436058369232834,0.28790379666875104
1.262,0.0001489868891546564,0.19270833333333215,0.14885159010600546,5.595769483264346e-08,0.32016286148738765,-0.11362512548493794
1.263,0.0001489868891546564,0.19270833333333215,-0.8511484098939945,2.8440563152910736e-07,-0.12699656472742646,-0.3573183306504022
1.264,0.0001489868891546564,-0.8072916666666679,0.14885159010600546,1.237807620831421e-07,-0.39773812663559477,-0.1044095709785329
1.265,0.0001489868891546564,0.19270833333333215,0.14885159010600546,-2.0109897818917877e-07,-0.11776133940866819,0.2937319722818824
1.266,0.0001489868891546564,0.19270833333333215,0.14885159010600546,-2.451934139778085e-07,0.3247367782756433,0.2835455353072363
1.267,0.0001489868891546564,0.19270833333333215,0.14885159010600546,4.014698586659613e-08,0.3173284477340806,-0.12101039397580886
1.268,0.0001489868891546564,0.19270833333333215,-0.8511484098939945,2.5625941757830777e-07,-0.12909788233639824,-0.35737489171247216
1.269,0.0001489868891546564,-0.8072916666666679,0.14885159010600546,1.199750755059004e-07,-0.3963735587060348,-0.09663376070613137
1.27,0.0001489868891546564,0.19270833333333215,0.14885159010600546,-1.6239993880369807e-07,-0.11500440125618251,0.298617758997336
1.271,0.0001489868891546564,0.19270833333333215,0.14885159010600546,-2.076755565614856e-07,0.32516042851891974,0.2784455441649245
1.272,0.0001489868891546564,0.19270833333333215,0.14885159010600546,1.9476651180232125e-08,0.3151472881029922,-0.12914275462282107
1.273,0.0001489868891546564,0.19270833333333215,-0.8511484098939945,1.946560580403117e-07,-0.13074114848302157,-0.35699725515444075
1.274,0.0001489868891546564,-0.8072916666666679,0.14885159010600546,9.996074108171094e-08,-0.39550321388277565,-0.08812444960032921
1.275,0.0001489868891546564,0.19270833333333215,0.14885159010600546,-1.0586278758266026e-07,-0.11319079834697794,0.3031765046894647
1.276,0.0001489868891546564,0.19270833333333215,0.14885159010600546,-1.4634588764614875e-07,0.3255013552813012,0.2724873387971451
1.277,0.0001489868891546564,0.19270833333333215,0.14885159010600546,-4.700671984509121e-10,0.3140356732107682,-0.13706632364326926
1.278,0.0001489868891546564,0.19270833333333215,-0.8511484098939945,1.1593581864784334e-07,-0.13153438021924974,-0.3554518978593525
1.279,0.0001489868891546564,-0.8072916666666679,0.14885159010600546,6.871169209156674e-08,-0.3952774492773794,-0.07941236918675905
1.28,0.0001489868891546564,0.19270833333333215,0.14885159010600546,-4.5562790027139956e-08,-0.11278738437963143,0.30631467005548096
1.281,0.0001489868891546564,0.19270833333333215,0.14885159010600546,-7.566274327609039e-08,0.32560677290712786,0.2655255134348255
1.282,0.0001489868891546564,0.19270833333333215,0.14885159010600546,-1.4707824531987045e-08,0.314329681973143,-0.1437636756315087
1.283,0.0001489868891546564,0.19270833333333215,-0.8511484098939945,3.78452386414262e-08,-0.13112884266136415,-0.3519585937925139
1.284,0.0001489868891546564,-0.8072916666666679,0.14885159010600546,3.266443031088103e-08,-0.39578120671570793,-0.07102588115326694
1.285,0.0001489868891546564,0.19270833333333215,0.14885159010600546,5.388298416539551e-09,-0.11415370521762569,0.30693753643315913
1.286,0.0001489868891546564,0.19270833333333215,0.14885159010600546,-1.0015474556374698e-08,0.32532836166264373,0.257404239508186
1.287,0.0001489868891546564,0.19270833333333215,0.14885159010600546,-2.0011391552713187e-08,0.3162404631427047,-0.1482723854077998
1.288,0.0001489868891546564,0.19270833333333215,0.14885159010600546,-2.4446319985706606e-08,-0.12927375437799274,-0.34578548053746233
1.289,0.0001489868891546564,-0.8072916666666679,0.14885159010600546,-1.6705806061093854e-09,-0.3970262270998828,-0.06343434742256089
1.29,0.0001489868891546564,0.19270833333333215,0.14885159010600546,3.7750072040700344e-08,-0.11748557875851683,0.3040816259137954
1.291,0.0001489868891546564,0.19270833333333215,0.14885159010600546,3.9372307493478694e-08,0.3245506033505363,0.24798611425497968
1.292,0.0001489868891546564,0.19270833333333215,0.14885159010600546,-1.565141590715311e-08,0.31982036357451954,-0.14979753512255986
1.293,0.0001489868891546564,0.19270833333333215,0.14885159010600546,-6.155089845610585e-08,-0.125863008378369,-0.3363493522831417
1.294,0.0001489868891546564,-0.8072916666666679,0.14885159010600546,-2.9023657967747814e-08,-0.39895020151937033,-0.05700277027525967
1.295,0.0001489868891546564,0.19270833333333215,0.14885159010600546,4.805162478851754e-08,-0.12277403425259902,0.29704004059027966
1.296,0.0001489868891546564,0.19270833333333215,0.14885159010600546,6.665726926731085e-08,0.32321561499793483,0.2371883134638932
1.297,0.0001489868891546564,0.19270833333333215,-0.8511484098939945,-3.536782309890965e-09,0.32494456061950844,-0.14780705841510053
1.298,0.0001489868891546564,0.19270833333333215,-0.8511484098939945,-7.158458538353296e-08,-0.12096651780431855,-0.3233093325244497
1.299,0.0001489868891546564,-0.8072916666666679,0.14885159010600546,-4.6325305695669345e-08,-0.4014226233423098,-0.0519627264186308
1.3,0.0001489868891546564,0.19270833333333215,0.14885159010600546,3.906572805302361e-08,-0.1297862379056013,0.2854657533004735
1.301,0.0001489868891546564,0.19270833333333215,0.14885159010600546,7.223580834696511e-08,0.3213402157947748,0.22502094588187327
1.302,0.0001489868891546564,0.19270833333333215,0.14885159010600546,1.227031459892411e-08,0.3313114623520639,-0.1420988793674053
1.303,0.0001489868891546564,0.19270833333333215,-0.8511484098939945,-6.004879455913891e-08,-0.11484051824264406,-0.3066416940242331
1.304,0.0001489868891546564,-0.8072916666666679,0.14885159010600546,-5.3114482331616585e-08,-0.4042566732468567,-0.048401938889387645
1.305,0.0001489868891546564,0.19270833333333215,0.14885159010600546,1.877055283656252e-08,-0.13807264606397748,0.26943978567727916
1.306,0.0001489868891546564,0.19270833333333215,0.14885159010600546,6.208888851707849e-08,0.31902214197067397,0.21162110321636093
1.307,0.0001489868891546564,0.19270833333333215,0.14885159010600546,2.6558873901205564e-08,0.3384632084765092,-0.13283212727275925
1.308,0.0001489868891546564,0.19270833333333215,-0.8511484098939945,-3.793302631512436e-08,-0.10791380942158556,-0.2866847357165488
1.309,0.0001489868891546564,-0.8072916666666679,0.14885159010600546,-5.132802457519711e-08,-0.40722609938840926,-0.046272023265992855
1.31,0.0001489868891546564,0.19270833333333215,0.14885159010600546,-1.943355940887515e-09,-0.14700147312599035,0.24949470069816837
1.311,0.0001489868891546564,0.19270833333333215,0.14885159010600546,4.5800675327181636e-08,0.31643399303012437,0.1972757026674318
1.312,0.0001489868891546564,0.19270833333333215,0.14885159010600546,3.426657505815418e-08,0.34582531802497557,-0.12051885776228953
1.313,0.0001489868891546564,0.19270833333333215,-0.8511484098939945,-1.8510299616183105e-08,-0.10075015221321301,-0.2641453298324719
1.314,0.0001489868891546564,-0.8072916666666679,0.14885159010600546,-4.454514822009813e-08,-0.4100857326082689,-0.04541145395225981
1.315,0.0001489868891546564,0.19270833333333215,0.14885159010600546,-1.2273919338445641e-08,-0.1558180225285999,0.2265885969023966
1.316,0.0001489868891546564,0.19270833333333215,0.14885159010600546,3.374387945498031e-08,0.3138053882492,0.18242702857067702
1.317,0.0001489868891546564,0.19270833333333215,0.14885159010600546,3.177406516292809e-08,0.3527621436095966,-0.10597719691380833
1.318,0.0001489868891546564,0.19270833333333215,-0.8511484098939945,-1.3598659278425549e-08,-0.09399040629885365,-0.24006283200963374
1.319,0.0001489868891546564,-0.8072916666666679,0.14885159010600546,-3.688421435191984e-08,-0.41259399733372176,-0.04557898453553306
1.32,0.0001489868891546564,0.19270833333333215,0.14885159010600546,-4.502333728742073e-09,-0.16372297422305435,0.20203033491721425
1.321,0.0001489868891546564,0.19270833333333215,0.14885159010600546,3.411691376451585e-08,0.3113956411685986,0.16765689115964488
1.322,0.0001489868891546564,0.19270833333333215,0.14885159010600546,1.7895595610153044e-08,0.3586426095040432,-0.09025113745170525
1.323,0.0001489868891546564,0.19270833333333215,0.14885159010600546,-3.0189423222112876e-08,-0.08828101581252704,-0.21573109532215545
1.324,0.0001489868891546564,-0.8072916666666679,0.14885159010600546,-3.182607271073286e-08,-0.4145355559459175,-0.04649184830297828
1.325,0.0001489868891546564,0.19270833333333215,0.14885159010600546,2.3737875056444297e-08,-0.16996084089231167,0.17736244617239702
1.326,0.0001489868891546564,0.19270833333333215,0.14885159010600546,5.055376000613736e-08,0.3094607428259404,0.1536483072804604
1.327,0.0001489868891546564,0.19270833333333215,0.14885159010600546,-5.671552859785902e-09,0.36290904344256214,-0.07450588114394187
1.328,0.0001489868891546564,0.19270833333333215,0.14885159010600546,-6.826484214556223e-08,-0.08419767345189699,-0.19258475076948953
1.329,0.0001489868891546564,-0.8072916666666679,0.14885159010600546,-3.1251856226436307e-08,-0.4157420897806371,-0.047863119187203984
1.33,0.0001489868891546564,0.19270833333333215,0.14885159010600546,6.847893712658477e-08,-0.17390793838235943,0.15421340065608272
1.331,0.0001489868891546564,0.19270833333333215,0.14885159010600546,8.089749000543486e-08,0.30821935862180955,0.14112714545982186
1.332,0.0001489868891546564,0.19270833333333215,0.14885159010600546,-3.455929818625022e-08,0.36514103279891674,-0.05991025075349909
1.333,0.0001489868891546564,0.19270833333333215,-0.8511484098939945,-1.2036001166679848e-07,-0.08217406657281918,-0.1720609967746401
1.334,0.0001489868891546564,-0.8072916666666679,0.14885159010600546,-3.492999904275144e-08,-0.4161092179767414,-0.049433522422068624
1.335,0.0001489868891546564,-0.8072916666666679,0.14885159010600546,1.1999636243633568e-07,-0.17514868668101483,0.13413499309977678
1.336,0.0001489868891546564,0.19270833333333215,0.14885159010600546,1.1746058293594755e-07,0.3078227545738453,0.13078970441651838
1.337,0.0001489868891546564,0.19270833333333215,0.14885159010600546,-6.257677988547213e-08,0.36510633422764144,-0.047519023245648453
1.338,0.0001489868891546564,0.19270833333333215,0.14885159010600546,-1.7302441833188165e-07,-0.08244533494350532,-0.155452139703824
1.339,0.0001489868891546564,-0.8072916666666679,0.14885159010600546,-4.057947318096459e-08,-0.4156077315390202,-0.050994505094774836
1.34,0.0001489868891546564,0.19270833333333215,0.14885159010600546,1.648615399272783e-07,-0.17353001753265362,0.11844299050940256
1.341,0.0001489868891546564,0.19270833333333215,0.14885159010600546,1.4874880109408127e-07,0.30833304887902396,0.12322510168010495
1.342,0.0001489868891546564,0.19270833333333215,0.14885159010600546,-8.302468322606406e-08,0.36279201062438987,-0.038167944088063385
1.343,0.0001489868891546564,0.19270833333333215,-0.8511484098939945,-2.0989597485218323e-07,-0.08501424051849184,-0.14376639368026992
1.344,0.0001489868891546564,-0.8072916666666679,0.14885159010600546,-4.449825493046535e-08,-0.4142877064146758,-0.0524011832498232
1.345,0.0001489868891546564,0.19270833333333215,0.14885159010600546,1.8904003526167934e-07,-0.1691860604882045,0.10807948863484126
1.346,0.0001489868891546564,0.19270833333333215,0.14885159010600546,1.6227819013003157e-07,0.30971301587459493,0.11884308728643149
1.347,0.0001489868891546564,0.19270833333333215,0.14885159010600546,-9.019715562493601e-08,0.3584110863048056,-0.03239270396370329
1.348,0.0001489868891546564,0.19270833333333215,0.14885159010600546,-2.1571435060384033e-07,-0.08964525103285825,-0.13761452251987888
1.349,0.0001489868891546564,-0.8072916666666679,0.14885159010600546,-4.26093606357733e-08,-0.4122746612757942,-0.053575528743397854
1.35,0.0001489868891546564,0.19270833333333215,0.14885159010600546,1.813507522257626e-07,-0.16252885023020533,0.10351350713365846
1.351,0.0001489868891546564,0.19270833333333215,0.14885159010600546,1.4784581548545777e-07,0.31182902831917314,0.11781807543576292
1.352,0.0001489868891546564,0.19270833333333215,0.14885159010600546,-8.074252494131086e-08,0.352382881932899,-0.030380472186943914
1.353,0.0001489868891546564,0.19270833333333215,0.14885159010600546,-1.803593001917832e-07,-0.09588813084105376,-0.13713761243977354
1.354,0.0001489868891546564,-0.8072916666666679,0.14885159010600546,-3.167294208667001e-08,-0.40975771151537943,-0.05450154512726845
1.355,0.0001489868891546564,0.19270833333333215,0.14885159010600546,1.3649447824037248e-07,-0.15420510330045034,0.1046923410382327
1.356,0.0001489868891546564,0.19270833333333215,0.14885159010600546,1.004868005333095e-07,0.31446685420882187,0.12005865133858726
1.357,0.0001489868891546564,0.19270833333333215,0.14885159010600546,-5.457524576379742e-08,0.3452884721650939,-0.03195898650576282
1.358,0.0001489868891546564,0.19270833333333215,-0.8511484098939945,-1.0196102776501728e-07,-0.10312869936143818,-0.14198675633703156
1.359,0.0001489868891546564,-0.8072916666666679,0.14885159010600546,-1.0366281664330282e-08,-0.406970569495785,-0.05521500413641752
1.36,0.0001489868891546564,0.19270833333333215,0.14885159010600546,5.6929661682955534e-08,-0.1450235857401741,0.1110504820252881
1.361,0.0001489868891546564,0.19270833333333215,0.14885159010600546,2.2395091201748348e-08,0.31735820003179444,0.12520868765581733
1.362,0.0001489868891546564,0.19270833333333215,0.14885159010600546,-1.5120779261738123e-08,0.3378059756195195,-0.036624087863769306
1.363,0.0001489868891546564,0.19270833333333215,0.14885159010600546,1.1693396533506137e-08,-0.11066070363413631,-0.15135919852643576
1.364,0.0001489868891546564,-0.8072916666666679,0.14885159010600546,2.004426467267487e-08,-0.4041671467428283,-0.05579049798054169
1.365,0.0001489868891546564,0.19270833333333215,0.14885159010600546,-4.689292623113455e-08,-0.13586161991004647,0.12157616877496077
1.366,0.0001489868891546564,0.19270833333333215,0.14885159010600546,-7.670317256830922e-08,0.3202143769696172,0.13268189617631548
1.367,0.0001489868891546564,0.19270833333333215,0.14885159010600546,3.118570470471066e-08,0.3306331873192172,-0.0436024020436879
1.368,0.0001489868891546564,0.19270833333333215,0.14885159010600546,1.4387568204748842e-07,-0.11776978255902297,-0.1640883072203579
1.369,0.0001489868891546564,-0.8072916666666679,0.14885159010600546,5.562811135061553e-08,-0.4015942998987236,-0.05632816634198458
1.37,0.0001489868891546564,0.19270833333333215,0.14885159010600546,-1.58074965960698e-07,-0.12756228263431815,0.13492863282217338
1.371,0.0001489868891546564,0.19270833333333215,0.14885159010600546,-1.8090057769279236e-07,0.3227624751046868,0.14172676897826494
1.372,0.0001489868891546564,0.19270833333333215,0.14885159010600546,7.606618192812452e-08,0.3244069861204868,-0.05194205447333827
1.373,0.0001489868891546564,0.19270833333333215,0.14885159010600546,2.717091797324747e-07,-0.12381870794518611,-0.17877757189194474
1.374,0.0001489868891546564,-0.8072916666666679,0.14885159010600546,9.036727111636434e-08,-0.39946480059834116,-0.05694165229203881
1.375,0.0001489868891546564,0.19270833333333215,0.14885159010600546,-2.563418537156541e-07,-0.12083537493881116,0.14959275747073103
1.376,0.0001489868891546564,0.19270833333333215,0.14885159010600546,-2.709757684470228e-07,0.3247790995948527,0.15151418112873494
1.377,0.0001489868891546564,0.19270833333333215,0.14885159010600546,1.1100560808212112e-07,0.31962968410706505,-0.06062126742487008
1.378,0.0001489868891546564,0.19270833333333215,-0.8511484098939945,3.7052679945908625e-07,-0.12832274530351007,-0.19396267841058534
1.379,0.0001489868891546564,-0.8072916666666679,0.14885159010600546,1.1729002564981996e-07,-0.3979337926081431,-0.05774787059055347
1.38,0.0001489868891546564,0.19270833333333215,0.14885159010600546,-3.220406098697106e-07,-0.116175036529001,0.16405300184232113
1.381,0.0001489868891546564,0.19270833333333215,0.14885159010600546,-3.282189376823266e-07,0.32611709170107467,0.16123619435196093
1.382,0.0001489868891546564,0.19270833333333215,0.14885159010600546,1.2896988900696956e-07,0.31661187543827174,-0.06866275785576187
1.383,0.0001489868891546564,0.19270833333333215,-0.8511484098939945,4.1891392113196045e-07,-0.13100515915095073,-0.20828151419402005
1.384,0.0001489868891546564,-0.8072916666666679,0.14885159010600546,1.2993301977098635e-07,-0.3970817622356889,-0.058858293848111254
1.385,0.0001489868891546564,0.19270833333333215,0.14885159010600546,-3.4023960857672386e-07,-0.11380491370809169,0.17696573991617973
1.386,0.0001489868891546564,0.19270833333333215,0.14885159010600546,-3.38420348679851e-07,0.32672166569939254,0.17020246015195725
1.387,0.0001489868891546564,0.19270833333333215,0.14885159010600546,1.2587708990819168e-07,0.31543941709928347,-0.07524124251617469
1.388,0.0001489868891546564,0.19270833333333215,0.14885159010600546,4.033716557801653e-07,-0.13182545344070604,-0.22063037619986214
1.389,0.0001489868891546564,-0.8072916666666679,0.14885159010600546,1.2381779475799859e-07,-0.3969063829134685,-0.06037089638791676
1.39,0.0001489868891546564,0.19270833333333215,0.14885159010600546,-3.04054525602867e-07,-0.11365829366900272,0.187309045717136
1.391,0.0001489868891546564,0.19270833333333215,0.14885159010600546,-2.951588594899057e-07,0.32663388948929767,0.1779204834314331
1.392,0.0001489868891546564,0.19270833333333215,0.14885159010600546,1.0150726480293566e-07,0.3159691508746449,-0.07977213999446996
1.393,0.0001489868891546564,0.19270833333333215,-0.8511484098939945,3.2157968718847333e-07,-0.1309765504440258,-0.23028602028564468
1.394,0.0001489868891546564,-0.8072916666666679,0.14885159010600546,9.761043374536183e-08,-0.39732456010478023,-0.06236177660148828
1.395,0.0001489868891546564,0.19270833333333215,0.14885159010600546,-2.1646339539233182e-07,-0.1153960397183142,0.19449151182969285
1.396,0.0001489868891546564,0.19270833333333215,0.14885159010600546,-2.0164771226079347e-07,0.32598120500527644,0.18414797766466542
1.397,0.0001489868891546564,0.19270833333333215,0.14885159010600546,5.964864148092444e-08,0.31785423751302017,-0.08197166361150818
1.398,0.0001489868891546564,0.19270833333333215,-0.8511484098939945,1.8350599508802465e-07,-0.1288512820460029,-0.2369774072076586
1.399,0.0001489868891546564,-0.8072916666666679,0.14885159010600546,5.368948006882853e-08,-0.3981847184417317,-0.06487582759784202
1.4,0.0001489868891546564,0.19270833333333215,0.14885159010600546,-9.017536467350171e-08,-0.11846011376062329,0.19840665493653836
1.401,0.0001489868891546564,0.19270833333333215,0.14885159010600546,-7.068135118697043e-08,0.32495647280585316,0.18890938753382663
1.402,0.0001489868891546564,0.19270833333333215,0.14885159010600546,7.4352567617144525e-09,0.3205960193001686,-0.08188170618536778
1.403,0.0001489868891546564,0.19270833333333215,-0.8511484098939945,1.0049444104016414e-08,-0.12598272293462962,-0.24089755368764332
1.404,0.0001489868891546564,-0.8072916666666679,0.14885159010600546,-2.0331855268005756e-09,-0.3992880073306526,-0.06791654804077664
1.405,0.0001489868891546564,0.19270833333333215,0.14885159010600546,5.4479568841114473e-08,-0.12215564697259017,0.19942624219264304
1.406,0.0001489868891546564,0.19270833333333215,0.14885159010600546,7.737928220754287e-08,0.3237885836908131,0.19247383199909374
1.407,0.0001489868891546564,0.19270833333333215,0.14885159010600546,-4.599959006540771e-08,0.3236157022348478,-0.07985688380965433
1.408,0.0001489868891546564,0.19270833333333215,0.14885159010600546,-1.7058145264182017e-07,-0.12296645891401661,-0.2426539136229955
1.409,0.0001489868891546564,-0.8072916666666679,0.14885159010600546,-6.103631605127072e-08,-0.40041584680948905,-0.07143598972376981
1.41,0.0001489868891546564,0.19270833333333215,0.14885159010600546,1.9325414597611067e-07,-0.12575059191835947,0.1983336072888047
1.411,0.0001489868891546564,0.19270833333333215,0.14885159010600546,2.1822835983873686e-07,0.3227087959403206,0.1952974564283149
1.412,0.0001489868891546564,0.19270833333333215,0.14885159010600546,-9.128460165020403e-08,0.3263363690166578,-0.07651539523463553
1.413,0.0001489868891546564,0.19270833333333215,0.14885159010600546,-3.2806513993582195e-07,-0.12037535708685389,-0.24316408299680028
1.414,0.0001489868891546564,-0.8072916666666679,0.14885159010600546,-1.1369440923745652e-07,-0.4013602806015278,-0.07532668061070136
1.415,0.0001489868891546564,0.19270833333333215,0.14885159010600546,3.025511328290394e-07,-0.12857951934401393,0.19620570556356717
1.416,0.0001489868891546564,0.19270833333333215,0.14885159010600546,3.281387874897844e-07,0.32191748265040643,0.19793859163873687
1.417,0.0001489868891546564,0.19270833333333215,0.14885159010600546,-1.2062741197632143e-07,0.3282643076046927,-0.0726594842462586
1.418,0.0001489868891546564,0.19270833333333215,-0.8511484098939945,-4.357032690968038e-07,-0.11867843885406738,-0.24351115208192484
1.419,0.0001489868891546564,-0.8072916666666679,0.14885159010600546,-1.5107021200852067e-07,-0.4019531022582803,-0.07941789533861143
1.42,0.0001489868891546564,0.19270833333333215,0.14885159010600546,3.6393058434543444e-07,-0.130137473307798,0.19425925955194337
1.421,0.0001489868891546564,0.19270833333333215,0.14885159010600546,3.884768502748373e-07,0.3215558473805759,0.2009583451479958
1.422,0.0001489868891546564,0.19270833333333215,0.14885159010600546,-1.2931379506342428e-07,0.329058606606767,-0.06917478949768435
1.423,0.0001489868891546564,0.19270833333333215,-0.8511484098939945,-4.755288393203197e-07,-0.11817490220110718,-0.24477862792196353
1.424,0.0001489868891546564,-0.8072916666666679,0.14885159010600546,-1.6663147335111032e-07,-0.40208976698537857,-0.0834786762861427
1.425,0.0001489868891546564,0.19270833333333215,0.14885159010600546,3.6763313937655625e-07,-0.13015107985580768,0.19368097415283442
1.426,0.0001489868891546564,0.19270833333333215,0.14885159010600546,3.892820868851488e-07,0.3216864172091699,0.2048216093703146
1.427,0.0001489868891546564,0.19270833333333215,0.14885159010600546,-1.1658046485076319e-07,0.32857945976754804,-0.06692031644190885
1.428,0.0001489868891546564,0.19270833333333215,0.14885159010600546,-4.4173345205136747e-07,-0.11895226892050947,-0.24788769068358096
1.429,0.0001489868891546564,-0.8072916666666679,0.14885159010600546,-1.5753633329959675e-07,-0.4017447123666411,-0.08722944231029135
1.43,0.0001489868891546564,0.19270833333333215,0.14885159010600546,3.143916480922832e-07,-0.12861715670678459,0.19546381477051214
1.431,0.0001489868891546564,0.19270833333333215,0.14885159010600546,3.311691804286163e-07,0.32228486492954234,0.20981356037200954
1.432,0.0001489868891546564,0.19270833333333215,0.14885159010600546,-8.568332260099087e-08,0.32690845216320824,-0.06662186889062796
1.433,0.0001489868891546564,0.19270833333333215,0.14885159010600546,-3.4170140986232033e-07,-0.12087432972619423,-0.25345919431749725
1.434,0.0001489868891546564,-0.8072916666666679,0.14885159010600546,-1.2521584624617244e-07,-0.40097581819489536,-0.09036288893608899
1.435,0.0001489868891546564,0.19270833333333215,0.14885159010600546,2.151562532140277e-07,-0.12580348283917772,0.2002704537865171
1.436,0.0001489868891546564,0.19270833333333215,0.14885159010600546,2.2515188779950073e-07,0.32324412857876866,0.21598449034586473
1.437,0.0001489868891546564,0.19270833333333215,0.14885159010600546,-4.3151933367809906e-08,0.32433789144938974,-0.06878138521769459
1.438,0.0001489868891546564,0.19270833333333215,-0.8511484098939945,-1.9443379151366253e-07,-0.12360048236612278,-0.2617193043215859
1.439,0.0001489868891546564,-0.8072916666666679,0.14885159010600546,-7.512568349749594e-08,-0.3999171948554956,-0.09257333972570163
1.44,0.0001489868891546564,0.19270833333333215,0.14885159010600546,8.879320416863988e-08,-0.12221155148987156,0.20834130874572454
1.441,0.0001489868891546564,0.19270833333333215,0.14885159010600546,9.04207876281685e-08,0.32439010952554986,0.22313158553566215
1.442,0.0001489868891546564,0.19270833333333215,0.14885159010600546,2.6076325075236924e-09,0.3213304779145768,-0.07361276369861608
1.443,0.0001489868891546564,0.19270833333333215,-0.8511484098939945,-2.6690876961899046e-08,-0.12663376935487133,-0.27246147791209013
1.444,0.0001489868891546564,-0.8072916666666679,0.14885159010600546,-1.5711678259729083e-08,-0.3987610999428912,-0.0935920136857569
1.445,0.0001489868891546564,0.19270833333333215,0.14885159010600546,-4.175764507016083e-08,-0.1185063326519961,0.21945861417235688
1.446,0.0001489868891546564,0.19270833333333215,0.14885159010600546,-4.946526143182197e-08,0.32550667175633774,0.23082066803181098
1.447,0.0001489868891546564,0.19270833333333215,0.14885159010600546,4.306241760784154e-08,0.31845468820176914,-0.08101163807793942
1.448,0.0001489868891546564,0.19270833333333215,-0.8511484098939945,1.323405528169715e-07,-0.12939101539740758,-0.2850695244260132
1.449,0.0001489868891546564,-0.8072916666666679,0.14885159010600546,4.320149373611901e-08,-0.3977313146671128,-0.09322414606859677
1.45,0.0001489868891546564,0.19270833333333215,0.14885159010600546,-1.5405892965075026e-07,-0.11542258875804315,0.2329705023420676
1.451,0.0001489868891546564,0.19270833333333215,0.14885159010600546,-1.7118189501426106e-07,0.32636644361826417,0.23844482532698313
1.452,0.0001489868891546564,0.19270833333333215,0.14885159010600546,7.128235176721773e-08,0.3163046066547689,-0.09056254120887709
1.453,0.0001489868891546564,0.19270833333333215,-0.8511484098939945,2.567409034811317e-07,-0.1312854770481209,-0.2985978900826714
1.454,0.0001489868891546564,-0.8072916666666679,0.14885159010600546,9.226824473729841e-08,-0.39705154182266195,-0.09138285744036861
1.455,0.0001489868891546564,0.19270833333333215,0.14885159010600546,-2.3052694988085692e-07,-0.11366049221369065,0.24787113753876278
1.456,0.0001489868891546564,0.19270833333333215,0.14885159010600546,-2.560802377096966e-07,0.326763197001088,0.24531120192151265
1.457,0.0001489868891546564,0.19270833333333215,0.14885159010600546,8.328464248750155e-08,0.31541510168483794,-0.10158245157601412
1.458,0.0001489868891546564,0.19270833333333215,-0.8511484098939945,3.287284933567448e-07,-0.131810754950758,-0.3118973365974267
1.459,0.0001489868891546564,-0.8072916666666679,0.14885159010600546,1.2434552360861444e-07,-0.39691313238421433,-0.08811436395233374
1.46,0.0001489868891546564,0.19270833333333215,0.14885159010600546,-2.616539280221962e-07,-0.1137847429041072,0.2629256366359134
1.461,0.0001489868891546564,0.19270833333333215,0.14885159010600546,-2.935505970756407e-07,0.32654143455479734,0.2507429033849086
1.462,0.0001489868891546564,0.19270833333333215,0.14885159010600546,7.871268832970897e-08,0.3161839066530109,-0.11319539430895201
1.463,0.0001489868891546564,0.19270833333333215,0.14885159010600546,3.417074160583778e-07,-0.13061460137736178,-0.32376797733514034
1.464,0.0001489868891546564,-0.8072916666666679,0.14885159010600546,1.3573129677236797e-07,-0.39744659337362354,-0.08360970088839134
1.465,0.0001489868891546564,0.19270833333333215,0.14885159010600546,-2.474460672719943e-07,-0.11614088232796482,0.27682280811831766
1.466,0.0001489868891546564,0.19270833333333215,0.14885159010600546,-2.8263023138526603e-07,0.3256192588625055,0.2541806395586127
1.467,0.0001489868891546564,0.19270833333333215,0.14885159010600546,6.071528068729286e-08,0.31881123234076875,-0.12442909683806075
1.468,0.0001489868891546564,0.19270833333333215,-0.8511484098939945,3.0089143737476927e-07,-0.12755268560566066,-0.3331180795212584
1.469,0.0001489868891546564,-0.8072916666666679,0.14885159010600546,1.2667322360829113e-07,-0.39870084751518375,-0.07819958340524506
1.47,0.0001489868891546564,0.19270833333333215,0.14885159010600546,-1.9681165240689833e-07,-0.12080012767970244,0.2883354114518686
1.471,0.0001489868891546564,0.19270833333333215,0.14885159010600546,-2.3155893098861514e-07,0.32400155486131466,0.2552687702018446
1.472,0.0001489868891546564,0.19270833333333215,0.14885159010600546,3.506663008718422e-08,0.32326514400227896,-0.13432213545257463
1.473,0.0001489868891546564,0.19270833333333215,-0.8511484098939945,2.21430196501904e-07,-0.1227151451329651,-0.339106619261247
1.474,0.0001489868891546564,-0.8072916666666679,0.14885159010600546,1.01060519025862e-07,-0.4006331693627192,-0.0723311877063713
1.475,0.0001489868891546564,0.19270833333333215,0.14885159010600546,-1.2507930381493304e-07,-0.12754014481959605,0.2964670993578677
1.476,0.0001489868891546564,0.19270833333333215,0.14885159010600546,-1.5543098384004212e-07,0.32178184737179233,0.2539128020225245
1.477,0.0001489868891546564,0.19270833333333215,0.14885159010600546,8.733458186948438e-09,0.32927741966853347,-0.14202887213381793
1.478,0.0001489868891546564,0.19270833333333215,-0.8511484098939945,1.2450517099470769e-07,-0.11642245743322455,-0.3412503020931595
1.479,0.0001489868891546564,-0.8072916666666679,0.14885159010600546,6.538762314419476e-08,-0.4031112602029991,-0.06652820091522497
1.48,0.0001489868891546564,0.19270833333333215,0.14885159010600546,-5.023148825254888e-08,-0.13586429595257546,0.30056748110347564
1.481,0.0001489868891546564,0.19270833333333215,0.14885159010600546,-7.25022905644315e-08,0.3191327123493854,0.2502997406743106
1.482,0.0001489868891546564,0.19270833333333215,0.14885159010600546,-1.1784197427225151e-08,0.33637046416810745,-0.14690991057806396
1.483,0.0001489868891546564,0.19270833333333215,0.14885159010600546,3.229948554624429e-08,-0.10919129557076153,-0.33948118422441126
1.484,0.0001489868891546564,-0.8072916666666679,0.14885159010600546,2.7233316404525152e-08,-0.40592725383956396,-0.06133806609708478
1.485,0.0001489868891546564,0.19270833333333215,0.14885159010600546,1.1286320151604927e-08,-0.14505671949243168,0.30040146421275193
1.486,0.0001489868891546564,0.19270833333333215,0.14885159010600546,3.002667396690709e-12,0.3162861168835383,0.24487833833682623
1.487,0.0001489868891546564,0.19270833333333215,0.14885159010600546,-2.1963279822750133e-08,0.3439116663046328,-0.14859773527740555
1.488,0.0001489868891546564,0.19270833333333215,-0.8511484098939945,-3.7018337881510284e-08,-0.10167501169812143,-0.33414830559170156
1.489,0.0001489868891546564,-0.8072916666666679,0.14885159010600546,-6.400642205637658e-09,-0.4088218065894325,-0.05727252075852941
1.49,0.0001489868891546564,0.19270833333333215,0.14885159010600546,4.823568506342795e-08,-0.15426584240634209,0.2961654874026627
1.491,0.0001489868891546564,0.19270833333333215,0.14885159010600546,4.96439236359427e-08,0.3135063414223685,0.23830231480762695
1.492,0.0001489868891546564,0.19270833333333215,-0.8511484098939945,-2.027826758711645e-08,0.3511879364893199,-0.1470303826830439
1.493,0.0001489868891546564,0.19270833333333215,-0.8511484098939945,-7.317355074339776e-08,-0.09458668557303866,-0.3259647739863242
1.494,0.0001489868891546564,-0.8072916666666679,0.14885159010600546,-3.052341724326452e-08,-0.41151505157537593,-0.05474891734792142
1.495,0.0001489868891546564,0.19270833333333215,0.14885159010600546,5.691435373898871e-08,-0.16260523671862676,0.2884505121706978
1.496,0.0001489868891546564,0.19270833333333215,0.14885159010600546,7.124105144151969e-08,0.31105903574210947,0.23134513155090222
1.497,0.0001489868891546564,0.19270833333333215,0.14885159010600546,-8.501279723415022e-09,0.3574905478451419,-0.14245001213287878
1.498,0.0001489868891546564,0.19270833333333215,-0.8511484098939945,-7.567088558700312e-08,-0.08861484597449738,-0.3159093303632746
1.499,0.0001489868891546564,-0.8072916666666679,0.14885159010600546,-4.305142078621963e-08,-0.4137402838001288,-0.054040157316576506
1.5,0.0001489868891546564,0.19270833333333215,0.14885159010600546,4.163228362092085e-08,-0.16925859969075246,0.27815866732307737
1.501,0.0001489868891546564,0.19270833333333215,0.14885159010600546,6.754710814165453e-08,0.30918037114363117,0.22479902266400534
1.502,0.0001489868891546564,0.19270833333333215,0.14885159010600546,8.786862436375205e-09,0.3621991712734097,-0.13536757330541702
1.503,0.0001489868891546564,0.19270833333333215,-0.8511484098939945,-5.328846472002624e-08,-0.08434275009936014,-0.3050974830492903
1.504,0.0001489868891546564,-0.8072916666666679,0.14885159010600546,-4.4983405495706716e-08,-0.41527591415232357,-0.05524025959726245
1.505,0.0001489868891546564,0.19270833333333215,0.14885159010600546,1.324546199139085e-08,-0.17357532366412295,0.2663862726693383
1.506,0.0001489868891546564,0.19270833333333215,0.14885159010600546,4.799079867189163e-08,0.3080501367196953,0.21937311973976859
1.507,0.0001489868891546564,0.19270833333333215,0.14885159010600546,2.536459296997619e-08,0.3648542898919714,-0.1264988471509796
1.508,0.0001489868891546564,0.19270833333333215,0.14885159010600546,-2.132955319588663e-08,-0.0821814163527572,-0.29464098347633566
1.509,0.0001489868891546564,-0.8072916666666679,0.14885159010600546,-3.9837430304025376e-08,-0.4159715265279563,-0.05825069548648138
1.51,0.0001489868891546564,-0.8072916666666679,0.14885159010600546,-1.3896902892954904e-08,-0.1751446304778521,0.2542898358832559
1.511,0.0001489868891546564,0.19270833333333215,0.14885159010600546,2.581754009820525e-08,0.3077720196511729,0.21560535506183348
1.512,0.0001489868891546564,0.19270833333333215,0.14885159010600546,3.495091882560666e-08,0.36520892881852063,-0.11668044846137585
1.513,0.0001489868891546564,0.19270833333333215,-0.8511484098939945,2.702457106444241e-09,-0.0823245794818884,-0.2855152659859626
1.514,0.0001489868891546564,-0.8072916666666679,0.14885159010600546,-3.250239154272701e-08,-0.4157647405563773,-0.06278990563769622
1.515,0.0001489868891546564,0.19270833333333215,0.14885159010600546,-2.586939469096344e-08,-0.17383932726692547,0.24295305471409942
1.516,0.0001489868891546564,0.19270833333333215,0.14885159010600546,1.4320878986365445e-08,0.3083633046894604,0.21380045688604782
1.517,0.0001489868891546564,0.19270833333333215,0.14885159010600546,3.2836633143987075e-08,0.36325356781720386,-0.10677650973869089
1.518,0.0001489868891546564,0.19270833333333215,-0.8511484098939945,3.973009019089415e-09,-0.08473068389315586,-0.2784524636822218
1.519,0.0001489868891546564,-0.8072916666666679,0.14885159010600546,-2.7790983457009005e-08,-0.4146868887947312,-0.06842526062175196
1.52,0.0001489868891546564,0.19270833333333215,0.14885159010600546,-1.3023199966601083e-08,-0.1698244337253547,0.23327176218561765
1.521,0.0001489868891546564,0.19270833333333215,0.14885159010600546,2.3072168550275775e-08,0.30975497134050173,0.21400217320793638
1.522,0.0001489868891546564,0.19270833333333215,0.14885159010600546,1.7184493481435473e-08,0.3592117830919295,-0.09758747122105678
1.523,0.0001489868891546564,0.19270833333333215,0.14885159010600546,-2.543854335724773e-08,-0.08913339330707648,-0.27387314367161164
1.524,0.0001489868891546564,-0.8072916666666679,0.14885159010600546,-2.904920985232927e-08,-0.4128570667345696,-0.07462360215695939
1.525,0.0001489868891546564,0.19270833333333215,0.14885159010600546,2.715067667672012e-08,-0.16353063251624522,0.22587038770391765
1.526,0.0001489868891546564,0.19270833333333215,0.14885159010600546,5.5063733669782787e-08,0.31180183142725576,0.21600255998071427
1.527,0.0001489868891546564,0.19270833333333215,0.14885159010600546,-1.0314647762335507e-08,0.35350806351131486,-0.08977162994265163
1.528,0.0001489868891546564,0.19270833333333215,-0.8511484098939945,-8.395506019035924e-08,-0.09507838119813092,-0.2718637342471289
1.529,0.0001489868891546564,-0.8072916666666679,0.14885159010600546,-3.7164070067076854e-08,-0.41046568091902536,-0.08081387987869508
1.53,0.0001489868891546564,0.19270833333333215,0.14885159010600546,8.885908808231854e-08,-0.1555970488952869,0.22105844961864796
1.531,0.0001489868891546564,0.19270833333333215,0.14885159010600546,1.054782471386033e-07,0.3143011108716619,0.2193855881698162
1.532,0.0001489868891546564,0.19270833333333215,0.14885159010600546,-4.460322356608847e-08,0.34671282333944764,-0.08378800024525752
1.533,0.0001489868891546564,0.19270833333333215,0.14885159010600546,-1.602461658942121e-07,-0.10198087889980437,-0.27219972658387515
1.534,0.0001489868891546564,-0.8072916666666679,0.14885159010600546,-5.021828182329649e-08,-0.40774998268695245,-0.08645367940334467
1.535,0.0001489868891546564,0.19270833333333215,0.14885159010600546,1.5887643838753674e-07,-0.1467916588167443,0.21882964141093833
1.536,0.0001489868891546564,0.19270833333333215,0.14885159010600546,1.6242748183733844e-07,0.3170168939638499,0.2235973252970966
1.537,0.0001489868891546564,0.19270833333333215,0.14885159010600546,-7.82279200054219e-08,0.3394724081064858,-0.07986593319012258
1.538,0.0001489868891546564,0.19270833333333215,-0.8511484098939945,-2.3543875254196429e-07,-0.10919602293676964,-0.27440817686903096
1.539,0.0001489868891546564,-0.8072916666666679,0.14885159010600546,-6.388933183362049e-08,-0.4049650465145027,-0.09109088672572774
1.54,0.0001489868891546564,0.19270833333333215,0.14885159010600546,2.1931408806602132e-07,-0.13792016962571924,0.21890011507124352
1.541,0.0001489868891546564,0.19270833333333215,0.14885159010600546,2.0954824823811644e-07,0.31970723256354566,0.22803128090952074
1.542,0.0001489868891546564,0.19270833333333215,0.14885159010600546,-1.0292860637342928e-07,0.33243351154471734,-0.07800328333265999
1.543,0.0001489868891546564,0.19270833333333215,-0.8511484098939945,-2.873586500133225e-07,-0.11609275354869762,-0.27785777089161584
1.544,0.0001489868891546564,-0.8072916666666679,0.14885159010600546,-7.251376652942016e-08,-0.4023541092322387,-0.0944124385700009
1.545,0.0001489868891546564,0.19270833333333215,0.14885159010600546,2.517132150881411e-07,-0.12973521780148034,0.2207774516598378
1.546,0.0001489868891546564,0.19270833333333215,0.14885159010600546,2.2990397110451277e-07,0.3221505396636451,0.23211569253931638
1.547,0.0001489868891546564,0.19270833333333215,0.14885159010600546,-1.1150829048010072e-07,0.3261717131923027,-0.07799120944409346
1.548,0.0001489868891546564,0.19270833333333215,-0.8511484098939945,-2.958822083664274e-07,-0.1221219974906237,-0.2818614656181581
1.549,0.0001489868891546564,-0.8072916666666679,0.14885159010600546,-7.057651626850229e-08,-0.4001220850808854,-0.0962739628677758
1.55,0.0001489868891546564,0.19270833333333215,0.14885159010600546,2.415606224005836e-07,-0.12285711376924446,0.2238482268855523
1.551,0.0001489868891546564,0.19270833333333215,0.14885159010600546,2.1031690995868156e-07,0.32416814023918095,0.23538978632496718
1.552,0.0001489868891546564,0.19270833333333215,0.14885159010600546,-9.957320505624855e-08,0.3211328254561074,-0.07946044954102284
1.553,0.0001489868891546564,0.19270833333333215,-0.8511484098939945,-2.481874571336087e-07,-0.12687106585833782,-0.2857758781817792
1.554,0.0001489868891546564,-0.8072916666666679,0.14885159010600546,-5.4276374561325024e-08,-0.398415449913127,-0.09670683766052199
1.555,0.0001489868891546564,0.19270833333333215,0.14885159010600546,1.8219779605757408e-07,-0.11771529102208592,0.22747045722268913
1.556,0.0001489868891546564,0.19270833333333215,0.14885159010600546,1.451241638502826e-07,0.32564048889734976,0.2375582635118414
1.557,0.0001489868891546564,0.19270833333333215,0.14885159010600546,-6.674739284963593e-08,0.3175936061964511,-0.08194153625310567
1.558,0.0001489868891546564,0.19270833333333215,-0.8511484098939945,-1.4267231377415372e-07,-0.13009839359266312,-0.2890831573853944
1.559,0.0001489868891546564,-0.8072916666666679,0.14885159010600546,-2.2788426858675338e-08,-0.39731065811410793,-0.09590238000720594
1.56,0.0001489868891546564,0.19270833333333215,0.14885159010600546,7.719280654892737e-08,-0.11451643743896509,0.23105766857530777
1.561,0.0001489868891546564,0.19270833333333215,0.14885159010600546,3.844448119603334e-08,0.32651548275409537,0.23851702972492725
1.562,0.0001489868891546564,0.19270833333333215,0.14885159010600546,-1.7069228819451674e-08,0.3156454959092553,-0.08493019394836084
1.563,0.0001489868891546564,0.19270833333333215,0.14885159010600546,9.436707472353567e-09,-0.13174559666473726,-0.29144468580580085
1.564,0.0001489868891546564,-0.8072916666666679,0.14885159010600546,2.1099149578494727e-08,-0.396811984586152,-0.09417604385813358
1.565,0.0001489868891546564,0.19270833333333215,0.14885159010600546,-5.944429749600136e-08,-0.1132414894605949,0.23414367142643178
1.566,0.0001489868891546564,0.19270833333333215,0.14885159010600546,-9.5653178775405e-08,0.32680836659757573,0.23834786238995764
1.567,0.0001489868891546564,0.19270833333333215,0.14885159010600546,4.155250006430159e-08,0.3152018157667251,-0.0879491890602737
1.568,0.0001489868891546564,0.19270833333333215,0.14885159010600546,1.8527816635053013e-07,-0.13192690833320767,-0.29272096727681585
1.569,0.0001489868891546564,-0.8072916666666679,0.14885159010600546,7.116380395341453e-08,-0.39685836520250617,-0.0919171923300886
1.57,0.0001489868891546564,0.19270833333333215,0.14885159010600546,-2.0536315358060528e-07,-0.11366980487374471,0.23642089230920935
1.571,0.0001489868891546564,0.19270833333333215,0.14885159010600546,-2.352373724272033e-07,0.3265938003782833,0.23728454983681427
1.572,0.0001489868891546564,0.19270833333333215,0.14885159010600546,9.874383077430031e-08,0.31602577618581357,-0.09059911339696317
1.573,0.0001489868891546564,0.19270833333333215,-0.8511484098939945,3.5423544720713807e-07,-0.13089894902035187,-0.2929576202065702
1.574,0.0001489868891546564,-0.8072916666666679,0.14885159010600546,1.1875226062833017e-07,-0.39733763329746064,-0.08953183225926532
1.575,0.0001489868891546564,0.19270833333333215,0.14885159010600546,-3.3394388013402235e-07,-0.11542542807180511,0.23774965431986717
1.576,0.0001489868891546564,0.19270833333333215,0.14885159010600546,-3.545152123502917e-07,0.3259915979902126,0.23565728510613132
1.577,0.0001489868891546564,0.19270833333333215,0.14885159010600546,1.4366353333474454e-07,0.31777411330920863,-0.09259272769391758
1.578,0.0001489868891546564,0.19270833333333215,-0.8511484098939945,4.837838063665574e-07,-0.1290161064879642,-0.2923426437607962
1.579,0.0001489868891546564,-0.8072916666666679,0.14885159010600546,1.544298671618061e-07,-0.3981056764844038,-0.0873864134223383
1.58,0.0001489868891546564,0.19270833333333215,0.14885159010600546,-4.1954202360889524e-07,-0.11803785974532453,0.23814039341315735
1.581,0.0001489868891546564,0.19270833333333215,0.14885159010600546,-4.2896304548309754e-07,0.32514833760066314,0.23382513126031546
1.582,0.0001489868891546564,0.19270833333333215,0.14885159010600546,1.6718904306126928e-07,0.32004950898018303,-0.09377021890818964
1.583,0.0001489868891546564,0.19270833333333215,-0.8511484098939945,5.461237126854337e-07,-0.12667827516250463,-0.29114426704589597
1.584,0.0001489868891546564,-0.8072916666666679,0.14885159010600546,1.6994190096169202e-07,-0.3990075731708817,-0.08576033072772363
1.585,0.0001489868891546564,0.19270833333333215,0.14885159010600546,-4.428269698292723e-07,-0.12100842707539838,0.23771475104666842
1.586,0.0001489868891546564,0.19270833333333215,0.14885159010600546,-4.4052203244421504e-07,0.3242174123312597,0.23210777992973072
1.587,0.0001489868891546564,0.19270833333333215,0.14885159010600546,1.6383391121263198e-07,0.322454332614416,-0.09409560603452699
1.588,0.0001489868891546564,0.19270833333333215,-0.8511484098939945,5.24202988285007e-07,-0.124278180169144,-0.28964115636821625
1.589,0.0001489868891546564,-0.8072916666666679,0.14885159010600546,1.6006829392674497e-07,-0.39989775068482275,-0.08481323330235323
1.59,0.0001489868891546564,0.19270833333333215,0.14885159010600546,-3.950753088700285e-07,-0.12387332350542857,0.23665424298649768
1.591,0.0001489868891546564,0.19270833333333215,0.14885159010600546,-3.817386554912992e-07,0.3233401070699283,0.23072745659242536
1.592,0.0001489868891546564,0.19270833333333215,0.14885159010600546,1.3298548829019893e-07,0.32463868578519445,-0.09363714349048399
1.593,0.0001489868891546564,0.19270833333333215,0.14885159010600546,4.158131015349604e-07,-0.12215499367834073,-0.28805725520658104
1.594,0.0001489868891546564,-0.8072916666666679,0.14885159010600546,1.2395893530950796e-07,-0.4006566072757925,-0.08457090449104598
1.595,0.0001489868891546564,0.19270833333333215,0.14885159010600546,-2.804686665757921e-07,-0.12625556463539553,0.23514642767167504
1.596,0.0001489868891546564,0.19270833333333215,0.14885159010600546,-2.5791855705389065e-07,0.32262997138145777,0.22976981945751837
1.597,0.0001489868891546564,0.19270833333333215,0.14885159010600546,7.91859478458634e-08,0.32633709538440764,-0.09253655994304116
1.598,0.0001489868891546564,0.19270833333333215,-0.8511484098939945,2.3481613137548727e-07,-0.1205595769143561,-0.28651209525048577
1.599,0.0001489868891546564,-0.8072916666666679,0.14885159010600546,6.563401761670507e-08,-0.4012017685982701,-0.08493070622688625
1.6,0.0001489868891546564,0.19270833333333215,0.14885159010600546,-1.1584394689143512e-07,-0.12790024040248124,0.23333809753641416
1.601,0.0001489868891546564,0.19270833333333215,0.14885159010600546,-8.675867230264635e-08,0.32216217119765933,0.22916943363906495
1.602,0.0001489868891546564,0.19270833333333215,0.14885159010600546,1.137599321722939e-08,0.32739022932579526,-0.09097308879207765
1.603,0.0001489868891546564,0.19270833333333215,-0.8511484098939945,9.144024913893078e-09,-0.11963469871850807,-0.2849943697249447
1.604,0.0001489868891546564,-0.8072916666666679,0.14885159010600546,-6.496395941181491e-09,-0.40149307313660787,-0.08568480319970086
1.605,0.0001489868891546564,0.19270833333333215,0.14885159010600546,7.212925561756468e-08,-0.128690167148856,0.2313031574332212
1.606,0.0001489868891546564,0.19270833333333215,0.14885159010600546,1.0455444759442909e-07,0.32196873664088854,0.2287214327640354
1.607,0.0001489868891546564,0.19270833333333215,0.14885159010600546,-5.876247379622693e-08,0.32775036350597625,-0.08912839314799682
1.608,0.0001489868891546564,0.19270833333333215,0.14885159010600546,-2.2411176915143467e-07,-0.11941130682492382,-0.28336245676779687
1.609,0.0001489868891546564,-0.8072916666666679,0.14885159010600546,-8.103289048502526e-08,-0.4015313483478507,-0.08655700137441422
1.61,0.0001489868891546564,0.19270833333333215,0.14885159010600546,2.518255958138019e-07,-0.12864193243257394,0.22902991292213593
1.611,0.0001489868891546564,0.19270833333333215,0.14885159010600546,2.842539850674362e-07,0.3220397914113321,0.22811694040453562
1.612,0.0001489868891546564,0.19270833333333215,0.14885159010600546,-1.1903703897894291e-07,0.32747165130477307,-0.08715771284671783
1.613,0.0001489868891546564,0.19270833333333215,-0.8511484098939945,-4.2557915969489344e-07,-0.11981969566543148,-0.2813711069884647
1.614,0.0001489868891546564,-0.8072916666666679,0.14885159010600546,-1.4564774065656477e-07,-0.40135190324887504,-0.0872473767971878
1.615,0.0001489868891546564,0.19270833333333215,0.14885159010600546,3.926332726965289e-07,-0.12788496389667658,0.22642898777327436
1.616,0.0001489868891546564,0.19270833333333215,0.14885159010600546,4.219466634041946e-07,0.3223300643647274,0.2269963259420443
1.617,0.0001489868891546564,0.19270833333333215,0.14885159010600546,-1.590966531752368e-07,0.3266882103781015,-0.08517104861870509
1.618,0.0001489868891546564,0.19270833333333215,-0.8511484098939945,-5.610776792697417e-07,-0.12071252928150536,-0.27871937042696154
1.619,0.0001489868891546564,-0.8072916666666679,0.14885159010600546,-1.8939929362845434e-07,-0.40101430454190784,-0.08747813422517783
1.62,0.0001489868891546564,0.19270833333333215,0.14885159010600546,4.7080764028596836e-07,-0.12662829174204174,0.2233595997005822
1.621,0.0001489868891546564,0.19270833333333215,0.14885159010600546,4.944083382437033e-07,0.3227693470061356,0.22501191092313905
1.622,0.0001489868891546564,0.19270833333333215,0.14885159010600546,-1.7242250756414855e-07,0.3255843968694955,-0.08322623286929953
1.623,0.0001489868891546564,0.19270833333333215,-0.8511484098939945,-6.081610420122766e-07,-0.12189537324992968,-0.2751116482537015
1.624,0.0001489868891546564,-0.8072916666666679,0.14885159010600546,-2.0482931859913947e-07,-0.4005903471110315,-0.08703437197449358
1.625,0.0001489868891546564,0.19270833333333215,0.14885159010600546,4.7400851549695964e-07,-0.12512087604780125,0.219668984895664
1.626,0.0001489868891546564,0.19270833333333215,0.14885159010600546,4.900319029022841e-07,0.32327514678926006,0.22189063516555976
1.627,0.0001489868891546564,0.19270833333333215,0.14885159010600546,-1.5754765713487555e-07,0.32436224448774365,-0.08133365144628917
1.628,0.0001489868891546564,0.19270833333333215,0.14885159010600546,-5.603810367381977e-07,-0.12315979935908203,-0.2703219483656554
1.629,0.0001489868891546564,-0.8072916666666679,0.14885159010600546,-1.8940942270130635e-07,-0.4001521533401941,-0.08579454245534776
1.63,0.0001489868891546564,0.19270833333333215,0.14885159010600546,4.0358333959738513e-07,-0.12361163827289015,0.21523779725346134
1.631,0.0001489868891546564,0.19270833333333215,0.14885159010600546,4.1100487289561935e-07,0.32376563625676297,0.21748752752453623
1.632,0.0001489868891546564,0.19270833333333215,0.14885159010600546,-1.1825470835629503e-07,0.3232108867423724,-0.07947050572618601
1.633,0.0001489868891546564,0.19270833333333215,-0.8511484098939945,-4.283870624141809e-07,-0.12431427352204848,-0.2642512005250652
1.634,0.0001489868891546564,-0.8072916666666679,0.14885159010600546,-1.4603249111892716e-07,-0.39976206860854596,-0.08374716591284564
1.635,0.0001489868891546564,0.19270833333333215,0.14885159010600546,2.7412313950509615e-07,-0.12231471652270243,0.21002356438810874
1.636,0.0001489868891546564,0.19270833333333215,0.14885159010600546,2.727603987731546e-07,0.3241711152332115,0.21182247279706057
1.637,0.0001489868891546564,0.19270833333333215,0.14885159010600546,-6.271469096452588e-08,0.32228195120599473,-0.07760111385331886
1.638,0.0001489868891546564,0.19270833333333215,0.14885159010600546,-2.3763181192971937e-07,-0.12520883699762175,-0.256968792881307
1.639,0.0001489868891546564,-0.8072916666666679,0.14885159010600546,-8.24415930165797e-08,-0.3994655347992618,-0.08099247433358209
1.64,0.0001489868891546564,0.19270833333333215,0.14885159010600546,1.1038733685490838e-07,-0.12138412728268763,0.2040948044420232
1.641,0.0001489868891546564,0.19270833333333215,0.14885159010600546,1.0081330280516464e-07,0.3244425542803049,0.20509540395546466
1.642,0.0001489868891546564,0.19270833333333215,0.14885159010600546,-1.7528708383033415e-09,0.3216736019467342,-0.07569902441174438
1.643,0.0001489868891546564,0.19270833333333215,-0.8511484098939945,-2.3163614590940567e-08,-0.12575087297896914,-0.24873204628671428
1.644,0.0001489868891546564,-0.8072916666666679,0.14885159010600546,-9.710272439110537e-09,-0.3992875195245711,-0.07772979943025277
1.645,0.0001489868891546564,0.19270833333333215,0.14885159010600546,-5.775449542717457e-08,-0.12090022269675649,0.19765004318896448
1.646,0.0001489868891546564,0.19270833333333215,0.14885159010600546,-7.435920624796435e-08,0.32455630936770097,0.19767823066596182
1.647,0.0001489868891546564,0.19270833333333215,0.14885159010600546,5.3388994611492646e-08,0.3214243519833222,-0.0737667193429632
1.648,0.0001489868891546564,0.19270833333333215,-0.8511484098939945,1.774025506736583e-07,-0.12591078952338355,-0.23998069341652806
1.649,0.0001489868891546564,-0.8072916666666679,0.14885159010600546,5.991295790036978e-08,-0.3992324646445083,-0.07423336217379356
1.65,0.0001489868891546564,0.19270833333333215,0.14885159010600546,-2.0129972631310842e-07,-0.12086838614549059,0.1910184065346643
1.651,0.0001489868891546564,0.19270833333333215,0.14885159010600546,-2.233224579333314e-07,0.3245147073589186,0.19008504296285816
1.652,0.0001489868891546564,0.19270833333333215,0.14885159010600546,9.331933855265731e-08,0.32151622668186336,-0.07184936094371791
1.653,0.0001489868891546564,0.19270833333333215,0.14885159010600546,3.312628160306177e-07,-0.12571800216968984,-0.23130703301261274
1.654,0.0001489868891546564,-0.8072916666666679,0.14885159010600546,1.1534993920482198e-07,-0.39928719227628356,-0.07082042949092947
1.655,0.0001489868891546564,0.19270833333333215,0.14885159010600546,-2.977547878795214e-07,-0.12122860853228554,0.1846412827696493
1.656,0.0001489868891546564,0.19270833333333215,0.14885159010600546,-3.23322601769711e-07,0.3243428091576153,0.1829249334270892
1.657,0.0001489868891546564,0.19270833333333215,0.14885159010600546,1.1231433625590927e-07,0.3218855592875227,-0.0700402334487663
1.658,0.0001489868891546564,0.19270833333333215,-0.8511484098939945,4.166123319504684e-07,-0.1252489409046255,-0.22340574017554382
1.659,0.0001489868891546564,-0.8072916666666679,0.14885159010600546,1.4874383313868132e-07,-0.3994258432001586,-0.06781643508214065
1.66,0.0001489868891546564,0.19270833333333215,0.14885159010600546,-3.3526752288535846e-07,-0.12187318233363664,0.1790373032481879
1.661,0.0001489868891546564,0.19270833333333215,0.14885159010600546,-3.6239151458305597e-07,0.32408217722207483,0.17684379016804905
1.662,0.0001489868891546564,0.19270833333333215,0.14885159010600546,1.0930767717937404e-07,0.3224388093884466,-0.06847701575509017
1.663,0.0001489868891546564,0.19270833333333215,-0.8511484098939945,4.2636893768418497e-07,-0.12460976216169219,-0.21700986736144134
1.664,0.0001489868891546564,-0.8072916666666679,0.14885159010600546,1.567971004670268e-07,-0.39961575943702665,-0.06552158853019756
1.665,0.0001489868891546564,0.19270833333333215,0.14885159010600546,-3.1440671798640753e-07,-0.12266890636946247,0.17475517033831664
1.666,0.0001489868891546564,0.19270833333333215,0.14885159010600546,-3.410879670874264e-07,0.3237828384888911,0.17246240091134332
1.667,0.0001489868891546564,0.19270833333333215,0.14885159010600546,8.785507880692264e-08,0.32307040198141407,-0.06732954171397991
1.668,0.0001489868891546564,0.19270833333333215,0.14885159010600546,3.6869682104082743e-07,-0.12391691479826984,-0.21282104991133996
1.669,0.0001489868891546564,-0.8072916666666679,0.14885159010600546,1.4113330309552225e-07,-0.39982325964848625,-0.06418280119825541
1.67,0.0001489868891546564,0.19270833333333215,0.14885159010600546,-2.472592389651001e-07,-0.12347997721883011,0.17232035855925415
1.671,0.0001489868891546564,0.19270833333333215,0.14885159010600546,-2.7155969182292927e-07,0.32349479998679087,0.17031811976272676
1.672,0.0001489868891546564,0.19270833333333215,0.14885159010600546,5.509994368963148e-08,0.323679690756784,-0.0667810155049597
1.673,0.0001489868891546564,0.19270833333333215,0.14885159010600546,2.6429117155307546e-07,-0.12327866794853219,-0.2114422015480492
1.674,0.0001489868891546564,-0.8072916666666679,0.14885159010600546,1.0763129886757755e-07,-0.40001845850285495,-0.06397360645220163
1.675,0.0001489868891546564,0.19270833333333215,0.14885159010600546,-1.5409915389559007e-07,-0.12418811790457522,0.1721822614961645
1.676,0.0001489868891546564,0.19270833333333215,0.14885159010600546,-1.741929498521438e-07,0.3232604304617774,0.1708162916986455
1.677,0.0001489868891546564,0.19270833333333215,0.14885159010600546,1.99845300524404e-08,0.3241846782608011,-0.0670055614602645
1.678,0.0001489868891546564,0.19270833333333215,-0.8511484098939945,1.410882199441737e-07,-0.1227802140240916,-0.2133201080293373
1.679,0.0001489868891546564,-0.8072916666666679,0.14885159010600546,6.490234596855867e-08,-0.4001785903417378,-0.06498336551822194
1.68,0.0001489868891546564,0.19270833333333215,0.14885159010600546,-5.841034977895876e-08,-0.12470733937766129,0.17466794422436976
1.681,0.0001489868891546564,0.19270833333333215,0.14885159010600546,-7.263801312491906e-08,0.323108785978552,0.17419584932007723
1.682,0.0001489868891546564,0.19270833333333215,0.14885159010600546,-8.884619385379407e-09,0.3245309440299521,-0.06814538916727357
1.683,0.0001489868891546564,0.19270833333333215,-0.8511484098939945,2.7621047365248705e-08,-0.12247413004380829,-0.21870352831250975
1.684,0.0001489868891546564,-0.8072916666666679,0.14885159010600546,2.2264158418453805e-08,-0.4002896431674691,-0.06721566207046545
1.685,0.0001489868891546564,0.19270833333333215,0.14885159010600546,1.860135625334486e-08,-0.12499186479409607,0.17994742809803363
1.686,0.0001489868891546564,0.19270833333333215,0.14885159010600546,1.165401735055569e-08,0.3230525765058341,0.1805113221772242
1.687,0.0001489868891546564,0.19270833333333215,0.14885159010600546,-2.5233778752968607e-08,0.32469517574331414,-0.07029072610115412
1.688,0.0001489868891546564,0.19270833333333215,0.14885159010600546,-5.3472515166979767e-08,-0.12237697233943401,-0.22762004022958826
1.689,0.0001489868891546564,-0.8072916666666679,0.14885159010600546,-1.2329338858016969e-08,-0.4003464237581,-0.07059460720450826
1.69,0.0001489868891546564,0.19270833333333215,0.14885159010600546,6.276739628787335e-08,-0.12503696463517822,0.18801363748658353
1.691,0.0001489868891546564,0.19270833333333215,0.14885159010600546,6.41523813460118e-08,0.32308800908128144,0.1896312898662193
1.692,0.0001489868891546564,0.19270833333333215,0.14885159010600546,-2.6530784120001704e-08,0.32468360361649573,-0.07346507949760943
1.693,0.0001489868891546564,0.19270833333333215,0.14885159010600546,-9.033171993630136e-08,-0.12247176311158876,-0.23987232735178363
1.694,0.0001489868891546564,-0.8072916666666679,0.14885159010600546,-3.394110754272143e-08,-0.4003514062869391,-0.07497695574529216
1.695,0.0001489868891546564,0.19270833333333215,0.14885159010600546,6.991966384156427e-08,-0.12487355578831891,0.1986780990495054
1.696,0.0001489868891546564,0.19270833333333215,0.14885159010600546,8.017350692085763e-08,0.3231972755644517,0.20125139571244283
1.697,0.0001489868891546564,0.19270833333333215,0.14885159010600546,-1.4487211146296757e-08,0.3245263668351747,-0.0776174741525389
1.698,0.0001489868891546564,0.19270833333333215,-0.8511484098939945,-8.405924394037322e-08,-0.12271525734904569,-0.25505229048740924
1.699,0.0001489868891546564,-0.8072916666666679,0.14885159010600546,-4.152552113156296e-08,-0.4003128362017058,-0.08016755529676958
1.7,0.0001489868891546564,0.19270833333333215,0.14885159010600546,4.640094318455782e-08,-0.12455825247986207,0.21158153632078905
1.701,0.0001489868891546564,0.19270833333333215,0.14885159010600546,6.537468488879266e-08,0.3233530513343946,0.21491866977739357
1.702,0.0001489868891546564,0.19270833333333215,0.14885159010600546,5.459804042699293e-09,0.3242693011209008,-0.08262225145009375
1.703,0.0001489868891546564,0.19270833333333215,-0.8511484098939945,-4.774333024240714e-08,-0.12304827343535799,-0.2725696038609551
1.704,0.0001489868891546564,-0.8072916666666679,0.14885159010600546,-3.7843535502038934e-08,-0.4002425656387875,-0.08593571278158056
1.705,0.0001489868891546564,0.19270833333333215,0.14885159010600546,7.024871787254439e-09,-0.1241610241954624,0.22621693379985403
1.706,0.0001489868891546564,0.19270833333333215,0.14885159010600546,3.373327127377949e-08,0.3235240947671301,0.23006322882615088
1.707,0.0001489868891546564,0.19270833333333215,0.14885159010600546,2.5568447673474657e-08,0.32396479285491686,-0.088285992180778
1.708,0.0001489868891546564,0.19270833333333215,-0.8511484098939945,-2.5710963170445615e-09,-0.12340709678090475,-0.2916903265992466
1.709,0.0001489868891546564,-0.8072916666666679,0.14885159010600546,-2.8458779923171286e-08,-0.4001540074372987,-0.09203050027534712
1.71,0.0001489868891546564,0.19270833333333215,0.14885159010600546,-2.9028070915601488e-08,-0.12375268736825602,0.24196165421230179
1.711,0.0001489868891546564,0.19270833333333215,0.14885159010600546,3.5079123389196916e-09,0.32368092358239053,0.24603344332838928
1.712,0.0001489868891546564,0.19270833333333215,0.14885159010600546,3.779089845670336e-08,0.3236632170981393,-0.0943603009365762
1.713,0.0001489868891546564,0.19270833333333215,-0.8511484098939945,2.8041235576913785e-08,-0.12373403205868033,-0.3115809857154727
1.714,0.0001489868891546564,-0.8072916666666679,0.14885159010600546,-2.0066794529876317e-08,-0.4000604496692091,-0.09819371095604552
1.715,0.0001489868891546564,0.19270833333333215,0.14885159010600546,-4.341336159472845e-08,-0.12339417178234015,0.2581148624774627
1.716,0.0001489868891546564,0.19270833333333215,0.14885159010600546,-7.853254192479293e-09,0.323800604009456,0.2621312870952989
1.717,0.0001489868891546564,0.19270833333333215,0.14885159010600546,3.5888262165977814e-08,0.32340612887332804,-0.10055867089930341
1.718,0.0001489868891546564,0.19270833333333215,-0.8511484098939945,2.4909757976854902e-08,-0.12398554135151786,-0.33135408514773257
1.719,0.0001489868891546564,-0.8072916666666679,0.14885159010600546,-1.8564598313856417e-08,-0.39997381599684523,-0.10416996738212851
1.72,0.0001489868891546564,0.19270833333333215,0.14885159010600546,-2.369420418793301e-08,-0.12312895019690913,0.2739367999334408
1.721,0.0001489868891546564,0.19270833333333215,0.14885159010600546,1.1360085538480596e-08,0.32386990508945646,0.27764562123273007
1.722,0.0001489868891546564,0.19270833333333215,0.14885159010600546,1.7165749532632296e-08,0.32322190179477134,-0.10657547618891954
1.723,0.0001489868891546564,0.19270833333333215,0.14885159010600546,-2.140928643345458e-08,-0.1241369759142931,-0.35011206430324543
1.724,0.0001489868891546564,-0.8072916666666679,0.14885159010600546,-2.7330196738573406e-08,-0.39990382967986676,-0.10971422728612648
1.725,0.0001489868891546564,0.19270833333333215,0.14885159010600546,3.2935823884114234e-08,-0.1229793235528301,0.28868721451893314
1.726,0.0001489868891546564,0.19270833333333215,0.14885159010600546,6.355217755352346e-08,0.3238864014798325,0.2918823637876002
1.727,0.0001489868891546564,0.19270833333333215,0.14885159010600546,-1.6591036856708877e-08,0.32312400617146353,-0.11210528797216436
1.728,0.0001489868891546564,0.19270833333333215,-0.8511484098939945,-1.074135415187023e-07,-0.1241835766746519,-0.3669880481979323
1.729,0.0001489868891546564,-0.8072916666666679,0.14885159010600546,-4.613642708469906e-08,-0.39985746839642977,-0.11459749867813526
1.73,0.0001489868891546564,0.19270833333333215,0.14885159010600546,1.182077883088952e-07,-0.12294654540038923,0.3016612638937509
1.731,0.0001489868891546564,0.19270833333333215,0.14885159010600546,1.405095538663517e-07,0.3238574943532083,0.3041916025137799
1.732,0.0001489868891546564,0.19270833333333215,0.14885159010600546,-5.922483645861612e-08,0.32311167966608456,-0.11686109628629267
1.733,0.0001489868891546564,0.19270833333333215,-0.8511484098939945,-2.1659003191315635e-07,-0.12413806631468766,-0.3811829930998565
1.734,0.0001489868891546564,-0.8072916666666679,0.14885159010600546,-7.097965605294426e-08,-0.3998385926135377,-0.11861187925582903
1.735,0.0001489868891546564,0.19270833333333215,0.14885159010600546,2.1403170985969826e-07,-0.12301416457011882,0.3122222154683664
1.736,0.0001489868891546564,0.19270833333333215,0.14885159010600546,2.2473511333368666e-07,0.32379769404244135,0.31399249640988197
1.737,0.0001489868891546564,0.19270833333333215,0.14885159010600546,-1.0137432032340705e-07,0.3231724312531937,-0.12059052163377541
1.738,0.0001489868891546564,0.19270833333333215,-0.8511484098939945,-3.2262061019458946e-07,-0.12402568092236728,-0.3919997594434604
1.739,0.0001489868891546564,-0.8072916666666679,0.14885159010600546,-9.489263414047786e-08,-0.3998476821770772,-0.12157603872896157
1.74,0.0001489868891546564,0.19270833333333215,0.14885159010600546,2.962575930089317e-07,-0.12315354908391553,0.319831034774582
1.741,0.0001489868891546564,0.19270833333333215,0.14885159010600546,2.9320853995307005e-07,0.32372480589045716,0.3207971274054009
1.742,0.0001489868891546564,0.19270833333333215,0.14885159010600546,-1.324733956344952e-07,0.32328566344195225,-0.1230895887575217
1.743,0.0001489868891546564,0.19270833333333215,-0.8511484098939945,-3.9522890359623186e-07,-0.12387781798988493,-0.39887503888708364
1.744,0.0001489868891546564,-0.8072916666666679,0.14885159010600546,-1.0957929142830171e-07,-0.3998816986106397,-0.12334198265430485
1.745,0.0001489868891546564,0.19270833333333215,0.14885159010600546,3.401650321014397e-07,-0.12333036881771703,0.3240733089310739
1.746,0.0001489868891546564,0.19270833333333215,0.14885159010600546,3.227806429149928e-07,0.3236558321146883,0.3242342459751625
1.747,0.0001489868891546564,0.19270833333333215,0.14885159010600546,-1.4315889801219547e-07,0.323426693815948,-0.12421399707059219
1.748,0.0001489868891546564,0.19270833333333215,-0.8511484098939945,-4.0740715292892527e-07,-0.12372557468012922,-0.40140983939481845
1.749,0.0001489868891546564,-0.8072916666666679,0.14885159010600546,-1.0750981777509435e-07,-0.39993417049303,-0.12380343437223049
1.75,0.0001489868891546564,0.19270833333333215,0.14885159010600546,3.264784953499609e-07,-0.12351085699474773,0.32468381792273976
1.751,0.0001489868891546564,0.19270833333333215,0.14885159010600546,2.960018702579046e-07,0.3236034194970857,0.32407314583773555
1.752,0.0001489868891546564,0.19270833333333215,0.14885159010600546,-1.27556542953561e-07,0.32357057188776167,-0.1238879857026805
1.753,0.0001489868891546564,0.19270833333333215,-0.8511484098939945,-3.4239726664312017e-07,-0.12359432153819663,-0.39939843520221086
1.754,0.0001489868891546564,-0.8072916666666679,0.14885159010600546,-8.399310495371261e-08,-0.3999956432737064,-0.12290554256909787
1.755,0.0001489868891546564,0.19270833333333215,0.14885159010600546,2.465403842164374e-07,-0.12366690030590821,0.3215684768493154
1.756,0.0001489868891546564,0.19270833333333215,0.14885159010600546,2.060393038542049e-07,0.32357354458759274,0.32024684190461783
1.757,0.0001489868891546564,0.19270833333333215,0.14885159010600546,-8.492334041476408e-08,0.3236952709086765,-0.12211083795820712
1.758,0.0001489868891546564,0.19270833333333215,-0.8511484098939945,-1.987936253623686e-07,-0.1235001447648017,-0.39285448537754014
1.759,0.0001489868891546564,-0.8072916666666679,0.14885159010600546,-3.8729910102848733e-08,-0.4000546198964019,-0.12065497833610203
1.76,0.0001489868891546564,0.19270833333333215,0.14885159010600546,1.0541194763380515e-07,-0.12377935703553875,0.31482246789598883
1.761,0.0001489868891546564,0.19270833333333215,0.14885159010600546,5.949114119243005e-08,0.3235648615297628,0.31287252587759545
1.762,0.0001489868891546564,0.19270833333333215,0.14885159010600546,-2.0249036699655775e-08,0.32378403261940486,-0.11896083899998589
1.763,0.0001489868891546564,0.19270833333333215,-0.8511484098939945,7.503872968732892e-09,-0.12344856434271728,-0.3820316808323057
1.764,0.0001489868891546564,-0.8072916666666679,0.14885159010600546,2.35503060390393e-08,-0.40009903810929737,-0.11712894077875602
1.765,0.0001489868891546564,0.19270833333333215,0.14885159010600546,-7.791003468049042e-08,-0.12383939363729049,0.3047423855630243
1.766,0.0001489868891546564,0.19270833333333215,0.14885159010600546,-1.2366397701192425e-07,0.3235697923533868,0.3022661908368099
1.767,0.0001489868891546564,0.19270833333333215,0.14885159010600546,5.6365083225440935e-08,0.32382681063821905,-0.11459617864160526
1.768,0.0001489868891546564,0.19270833333333215,-0.8511484098939945,2.4510043331775385e-07,-0.12343547875362178,-0.36743511472913887
1.769,0.0001489868891546564,-0.8072916666666679,0.14885159010600546,9.357257872060194e-08,-0.40011819716284186,-0.11248124338001353
1.77,0.0001489868891546564,0.19270833333333215,0.14885159010600546,-2.733608577630044e-07,-0.12384798872906584,0.2918294007559825
1.771,0.0001489868891546564,0.19270833333333215,0.14885159010600546,-3.1313194895385595e-07,0.3235770801021917,0.28894760720889623
1.772,0.0001489868891546564,0.19270833333333215,0.14885159010600546,1.3146973011019888e-07,0.3238208676496873,-0.10925199438793323
1.773,0.0001489868891546564,0.19270833333333215,-0.8511484098939945,4.724788078465188e-07,-0.1234498815296614,-0.34981890528092896
1.774,0.0001489868891546564,-0.8072916666666679,0.14885159010600546,1.590773415986219e-07,-0.40010489098240415,-0.106943576965897
1.775,0.0001489868891546564,0.19270833333333215,0.14885159010600546,-4.452841231693314e-07,-0.12381402255895914,0.27678007199255006
1.776,0.0001489868891546564,0.19270833333333215,0.14885159010600546,-4.7386469798634777e-07,0.3235752194774163,0.27363171527903296
1.777,0.0001489868891546564,0.19270833333333215,0.14885159010600546,1.9084129066519406e-07,0.32377062685704266,-0.10323259869558495
1.778,0.0001489868891546564,0.19270833333333215,-0.8511484098939945,6.459344674778219e-07,-0.12347760745455427,-0.3301656966273636
1.779,0.0001489868891546564,-0.8072916666666679,0.14885159010600546,2.0717169062201466e-07,-0.4000573681812779,-0.10082027673550811
1.78,0.0001489868891546564,0.19270833333333215,0.14885159010600546,-5.594489819931813e-07,-0.12375151790327443,0.26046170313506484
1.781,0.0001489868891546564,0.19270833333333215,0.14885159010600546,-5.730264299885247e-07,0.32355598720039835,0.2572031140727262
1.782,0.0001489868891546564,0.19270833333333215,0.14885159010600546,2.2234690583462346e-07,0.32368687340493413,-0.09689802690618868
1.783,0.0001489868891546564,0.19270833333333215,-0.8511484098939945,7.284721810294471e-07,-0.12350523884432354,-0.30964467934056195
1.784,0.0001489868891546564,-0.8072916666666679,0.14885159010600546,2.2699447069782977e-07,-0.3999806643175059,-0.09447545845907387
1.785,0.0001489868891546564,0.19270833333333215,0.14885159010600546,-5.901648890684748e-07,-0.12367662083947706,0.24387017513299494
1.786,0.0001489868891546564,0.19270833333333215,0.14885159010600546,-5.869213228171797e-07,0.3235172548705304,0.24067170710224428
1.787,0.0001489868891546564,0.19270833333333215,0.14885159010600546,2.1850310398074203e-07,0.3235853743159997,-0.09064443110614086
1.788,0.0001489868891546564,0.19270833333333215,0.14885159010600546,6.977930340479701e-07,-0.12352334647185312,-0.2895467193520221
1.789,0.0001489868891546564,-0.8072916666666679,0.14885159010600546,2.1212888997603787e-07,-0.3998868722869707,-0.08831219089998167
1.79,0.0001489868891546564,0.19270833333333215,0.14885159010600546,-5.259783210300021e-07,-0.12360482688812614,0.22806994317884952
1.791,0.0001489868891546564,0.19270833333333215,0.14885159010600546,-5.063932231950717e-07,0.3234643930677334,0.2251096250074449
1.792,0.0001489868891546564,0.19270833333333215,0.14885159010600546,1.7817808776050757e-07,0.3234849675660875,-0.08487852239979303
1.793,0.0001489868891546564,0.19270833333333215,0.14885159010600546,5.516313610564607e-07,-0.12352843619603335,-0.27119791345513444
1.794,0.0001489868891546564,-0.8072916666666679,0.14885159010600546,1.6222863979399405e-07,-0.3997940476956153,-0.08274435953644954
1.795,0.0001489868891546564,0.19270833333333215,0.14885159010600546,-3.7269081859319024e-07,-0.12354880634403294,0.21411822953564044
1.796,0.0001489868891546564,0.19270833333333215,0.14885159010600546,-3.3948523344446767e-07,0.3234098483707312,0.21157207603748052
1.797,0.0001489868891546564,0.19270833333333215,0.14885159010600546,1.0705510305808664e-07,0.3234051877591002,-0.0799871571387899
1.798,0.0001489868891546564,0.19270833333333215,-0.8511484098939945,3.092128851255385e-07,-0.12352327639137006,-0.25585609698316825
1.799,0.0001489868891546564,-0.8072916666666679,0.14885159010600546,8.347392410421038e-08,-0.3997236777551251,-0.07816294248288612
1.8,0.0001489868891546564,0.19270833333333215,0.14885159010600546,-1.5297174040292578e-07,-0.12351700572985562,0.20297806750614042
1.801,0.0001489868891546564,0.19270833333333215,0.14885159010600546,-1.1069510398848221e-07,0.3233708476852821,0.20100746782957493
1.802,0.0001489868891546564,0.19270833333333215,0.14885159010600546,1.6727340629592417e-08,0.3233635585788718,-0.07630414217259143
1.803,0.0001489868891546564,0.19270833333333215,-0.8511484098939945,8.396064562628639e-09,-0.12351563133549767,-0.2445980870761498
1.804,0.0001489868891546564,-0.8072916666666679,0.14885159010600546,-1.2287634339541825e-08,-0.39969693933197137,-0.07489943429129849
1.805,0.0001489868891546564,0.19270833333333215,0.14885159010600546,9.745739767950334e-08,-0.1235130405001677,0.19542738146154112
1.806,0.0001489868891546564,0.19270833333333215,0.14885159010600546,1.4313189731604373e-07,0.3233655883519967,0.19416462005190496
1.807,0.0001489868891546564,0.19270833333333215,0.14885159010600546,-7.741932732997615e-08,0.3233727832334847,-0.07407723319875181
1.808,0.0001489868891546564,0.19270833333333215,-0.8511484098939945,-3.01037173390936e-07,-0.12351575493996055,-0.23820825451495617
1.809,0.0001489868891546564,-0.8072916666666679,0.14885159010600546,-1.0958358546129506e-07,-0.3997302780379658,-0.07318997967334277
1.81,0.0001489868891546564,0.19270833333333215,0.14885159010600546,3.363658370979712e-07,-0.12353577640339355,0.19197329804612012
1.811,0.0001489868891546564,0.19270833333333215,0.14885159010600546,3.7951720436270975e-07,0.32340862983317237,0.19150674802422768
1.812,0.0001489868891546564,0.19270833333333215,0.14885159010600546,-1.5912166903593202e-07,0.32343817798881686,-0.07343894150650296
1.813,0.0001489868891546564,0.19270833333333215,0.14885159010600546,-5.666507953187322e-07,-0.12353324714223263,-0.23708087735732553
1.814,0.0001489868891546564,-0.8072916666666679,0.14885159010600546,-1.9215579858210608e-07,-0.39983108863385936,-0.07314428548485812
1.815,0.0001489868891546564,0.19270833333333215,0.14885159010600546,5.229934222613774e-07,-0.12357993634977187,0.19278197316929133
1.816,0.0001489868891546564,0.19270833333333215,0.14885159010600546,5.583473871972393e-07,0.3235064396530648,0.1931427769686803
1.817,0.0001489868891546564,0.19270833333333215,0.14885159010600546,-2.143644201586835e-07,0.32355578299692117,-0.07438499123391135
1.818,0.0001489868891546564,0.19270833333333215,-0.8511484098939945,-7.433286220051187e-07,-0.12357399807026119,-0.24114921256379215
1.819,0.0001489868891546564,-0.8072916666666679,0.14885159010600546,-2.4603118676100733e-07,-0.3999944031460218,-0.07472345540065244
1.82,0.0001489868891546564,0.19270833333333215,0.14885159010600546,6.25852355162308e-07,-0.12363706285617931,0.19763407442429765
1.821,0.0001489868891546564,0.19270833333333215,0.14885159010600546,6.495381231273745e-07,0.3236541074030064,0.19878616952698522
1.822,0.0001489868891546564,0.19270833333333215,0.14885159010600546,-2.3407604194721172e-07,0.3237116087809273,-0.07676397531145303
1.823,0.0001489868891546564,0.19270833333333215,-0.8511484098939945,-8.019180782990728e-07,-0.12363792259738363,-0.24985304479646409
1.824,0.0001489868891546564,-0.8072916666666679,0.14885159010600546,-2.6219838374195307e-07,-0.40020144967954574,-0.07773046493874622
1.825,0.0001489868891546564,0.19270833333333215,0.14885159010600546,6.287497627384304e-07,-0.12369669662511247,0.2059145112011094
1.826,0.0001489868891546564,0.19270833333333215,0.14885159010600546,6.387892978681032e-07,0.32383410066360385,0.20774967993805496
1.827,0.0001489868891546564,0.19270833333333215,0.14885159010600546,-2.1583895369124296e-07,0.3238824044109941,-0.08028091024917058
1.828,0.0001489868891546564,0.19270833333333215,0.14885159010600546,-7.347600291356863e-07,-0.12371802655958467,-0.2621535556552418
1.829,0.0001489868891546564,-0.8072916666666679,0.14885159010600546,-2.3833670235347905e-07,-0.4004207141141095,-0.08181604434318336
1.83,0.0001489868891546564,0.19270833333333215,0.14885159010600546,5.337845211664166e-07,-0.12374767601128217,0.21664207419093232
1.831,0.0001489868891546564,0.19270833333333215,0.14885159010600546,5.302369169674212e-07,0.32401760693392234,0.21898132727865363
1.832,0.0001489868891546564,0.19270833333333215,0.14885159010600546,-1.6426077321559806e-07,0.32403815193670243,-0.08451603977491887
1.833,0.0001489868891546564,0.19270833333333215,-0.8511484098939945,-5.56954672088023e-07,-0.12380107706548862,-0.2765998613435889
1.834,0.0001489868891546564,-0.8072916666666679,0.14885159010600546,-1.792348434807264e-07,-0.4006117378267309,-0.08650130586448425
1.835,0.0001489868891546564,0.19270833333333215,0.14885159010600546,3.606952467572388e-07,-0.12377949672827082,0.22854055558793626
1.836,0.0001489868891546564,0.19270833333333215,0.14885159010600546,3.4544626032720454e-07,0.32416853446865096,0.2311426400564706
1.837,0.0001489868891546564,0.19270833333333215,0.14885159010600546,-8.993235157196645e-08,0.3241462139266007,-0.08895852112442067
1.838,0.0001489868891546564,0.19270833333333215,-0.8511484098939945,-3.03098321838823e-07,-0.12386982345093053,-0.2914458942904289
1.839,0.0001489868891546564,-0.8072916666666679,0.14885159010600546,-9.580760526252042e-08,-0.40073137404034587,-0.09121665082818027
1.84,0.0001489868891546564,0.19270833333333215,0.14885159010600546,1.426979243368583e-07,-0.12378367977212504,0.2401480870351821
1.841,0.0001489868891546564,0.19270833333333215,0.14885159010600546,1.1895384798652454e-07,0.3242497114200872,0.24272528112777345
1.842,0.0001489868891546564,0.19270833333333215,0.14885159010600546,-7.195234624845337e-09,0.3241767267017516,-0.09305275104927736
1.843,0.0001489868891546564,0.19270833333333215,-0.8511484098939945,-2.017449288983049e-08,-0.12390639312994052,-0.3048100692199437
1.844,0.0001489868891546564,-0.8072916666666679,0.14885159010600546,-2.911850382378621e-09,-0.40074169066001764,-0.09535449614279569
1.845,0.0001489868891546564,0.19270833333333215,0.14885159010600546,-8.031101563550335e-08,-0.12375507325385686,0.2499564220149784
1.846,0.0001489868891546564,0.19270833333333215,0.14885159010600546,-1.087096380063052e-07,0.3242303242756094,0.2521970791628163
1.847,0.0001489868891546564,0.19270833333333215,0.14885159010600546,6.88079856719943e-08,0.32410850253239937,-0.09625329983091639
1.848,0.0001489868891546564,0.19270833333333215,0.14885159010600546,2.4190856054822566e-07,-0.1238962280863879,-0.3148641402751885
1.849,0.0001489868891546564,-0.8072916666666679,0.14885159010600546,8.358474338557379e-08,-0.40061825238294996,-0.09833139744068624
1.85,0.0001489868891546564,0.19270833333333215,0.14885159010600546,-2.6975614596415415e-07,-0.12369296846538948,0.25656735629477995
1.851,0.0001489868891546564,0.19270833333333215,0.14885159010600546,-2.990537750488662e-07,0.3240932723084513,0.2581639221065984
1.852,0.0001489868891546564,0.19270833333333215,0.14885159010600546,1.2517646148305674e-07,0.3239344522641964,-0.09808297761401243
1.853,0.0001489868891546564,0.19270833333333215,0.14885159010600546,4.401481956261344e-07,-0.12383178241924449,-0.32003264506181855
1.854,0.0001489868891546564,-0.8072916666666679,0.14885159010600546,1.498719281954404e-07,-0.40035724097916664,-0.09965347464374173
1.855,0.0001489868891546564,0.19270833333333215,0.14885159010600546,-3.959087714146735e-07,-0.1236018604961802,0.2588500789264899
1.856,0.0001489868891546564,0.19270833333333215,0.14885159010600546,-4.2303971239178336e-07,0.32384096707254784,0.25953056883671083
1.857,0.0001489868891546564,0.19270833333333215,0.14885159010600546,1.5374597844123477e-07,0.3236654345621157,-0.09818768579227027
1.858,0.0001489868891546564,0.19270833333333215,-0.8511484098939945,5.465905250869417e-07,-0.12371519915389756,-0.3191811161030464
1.859,0.0001489868891546564,-0.8072916666666679,0.14885159010600546,1.8676537620832286e-07,-0.39997985870658936,-0.09897792237858558
1.86,0.0001489868891546564,0.19270833333333215,0.14885159010600546,-4.4336651980632206e-07,-0.12349165304753251,0.2560815417694373
1.861,0.0001489868891546564,0.19270833333333215,0.14885159010600546,-4.6632933071765065e-07,0.3234982241918018,0.2556417854184909
1.862,0.0001489868891546564,0.19270833333333215,0.14885159010600546,1.5251573854042e-07,0.32333152892267514,-0.0963815703161321
1.863,0.0001489868891546564,0.19270833333333215,-0.8511484098939945,5.531034897057621e-07,-0.12355933061210184,-0.3117704309288243
1.864,0.0001489868891546564,-0.8072916666666679,0.14885159010600546,1.9124885563744425e-07,-0.3995327437548418,-0.09616303257957343
1.865,0.0001489868891546564,0.19270833333333215,0.14885159010600546,-4.1336454435902027e-07,-0.12337711846036689,0.24805231572889405
1.866,0.0001489868891546564,0.19270833333333215,0.14885159010600546,-4.3130616722055836e-07,0.3231112832190417,0.24638571969055872
1.867,0.0001489868891546564,0.19270833333333215,0.14885159010600546,1.2572014011405608e-07,0.3229800336759236,-0.09267666565304002
1.868,0.0001489868891546564,0.19270833333333215,-0.8511484098939945,4.7183251343316796e-07,-0.12338674006465541,-0.29795661819038893
1.869,0.0001489868891546564,-0.8072916666666679,0.14885159010600546,1.6668721080226337e-07,-0.3990836934158906,-0.09129971676375713
1.87,0.0001489868891546564,0.19270833333333215,0.14885159010600546,-3.224869946777382e-07,-0.12327649188973072,0.2351230099635299
1.871,0.0001489868891546564,0.19270833333333215,0.14885159010600546,-3.3550536868923055e-07,0.3227426050815418,0.2322442551982154
1.872,0.0001489868891546564,0.19270833333333215,0.14885159010600546,8.25543064883999e-08,0.3226699831142424,-0.087292663555727
1.873,0.0001489868891546564,0.19270833333333215,-0.8511484098939945,3.313318797474816e-07,-0.12322667921837978,-0.2786201536988752
1.874,0.0001489868891546564,-0.8072916666666679,0.14885159010600546,1.216961829873052e-07,-0.39871276939800776,-0.08471903287727665
1.875,0.0001489868891546564,0.19270833333333215,0.14885159010600546,-1.981316813534595e-07,-0.1232092040004988,0.2182210242644457
1.876,0.0001489868891546564,0.19270833333333215,0.14885159010600546,-2.0687130043634003e-07,0.32246184502020786,0.21428010215663326
1.877,0.0001489868891546564,0.19270833333333215,0.14885159010600546,3.485594872793559e-08,0.32246359351251525,-0.08064451928786563
1.878,0.0001489868891546564,0.19270833333333215,-0.8511484098939945,1.693059724099792e-07,-0.1231104162557129,-0.25531591426926925
1.879,0.0001489868891546564,-0.8072916666666679,0.14885159010600546,6.794635615686621e-08,-0.3984997307209511,-0.07697261250800913
1.88,0.0001489868891546564,0.19270833333333215,0.14885159010600546,-7.178744392615137e-08,-0.1231929245709064,0.19877375401186367
1.881,0.0001489868891546564,0.19270833333333215,0.14885159010600546,-7.695014740436394e-08,0.32233415841956814,0.1940571526205801
1.882,0.0001489868891546564,0.19270833333333215,0.14885159010600546,-5.726140033852793e-09,0.3224156858689776,-0.07330808756621197
1.883,0.0001489868891546564,0.19270833333333215,-0.8511484098939945,2.362982302365009e-08,-0.1230656262186048,-0.23014380268110443
1.884,0.0001489868891546564,-0.8072916666666679,0.14885159010600546,1.7408195613222177e-08,-0.39850955195079735,-0.0687859337691707
1.885,0.0001489868891546564,0.19270833333333215,0.14885159010600546,2.8342800270948913e-08,-0.12324027041470642,0.17858168806495903
1.886,0.0001489868891546564,0.19270833333333215,0.14885159010600546,2.6430804200940545e-08,0.3224076303775326,0.17349843581971516
1.887,0.0001489868891546564,0.19270833333333215,0.14885159010600546,-3.04354593130722e-08,0.3225626747687645,-0.06596656588688472
1.888,0.0001489868891546564,0.19270833333333215,0.14885159010600546,-7.631473247579596e-08,-0.12311078770357493,-0.205549619509616
1.889,0.0001489868891546564,-0.8072916666666679,0.14885159010600546,-2.0337531022763404e-08,-0.3987783806118598,-0.06098776092405768
1.89,0.0001489868891546564,0.19270833333333215,0.14885159010600546,8.370551827124888e-08,-0.12335568590586407,0.15964226931760034
1.891,0.0001489868891546564,0.19270833333333215,0.14885159010600546,8.534466530947008e-08,0.3227019999070594,0.1546939378970621
1.892,0.0001489868891546564,0.19270833333333215,0.14885159010600546,-3.5372126250576745e-08,0.32291304120155895,-0.05934289300502677
1.893,0.0001489868891546564,0.19270833333333215,0.14885159010600546,-1.1603553410709236e-07,-0.12325061047104122,-0.18407486436672432
1.894,0.0001489868891546564,-0.8072916666666679,0.14885159010600546,-4.012106559024347e-08,-0.3993025318586439,-0.054422356971264796
1.895,0.0001489868891546564,0.19270833333333215,0.14885159010600546,8.931437613361517e-08,-0.12353309218074619,0.14394198512615985
1.896,0.0001489868891546564,0.19270833333333215,0.14885159010600546,9.542149785922194e-08,0.3232008821813678,0.1396775786211586
1.897,0.0001489868891546564,0.19270833333333215,0.14885159010600546,-2.2273910289704865e-08,0.32344123087553267,-0.05412510019376382
1.898,0.0001489868891546564,0.19270833333333215,-0.8511484098939945,-9.862744660405243e-08,-0.12347342456097793,-0.1680815933112631
1.899,0.0001489868891546564,-0.8072916666666679,0.14885159010600546,-4.2089791968679575e-08,-0.4000329244195058,-0.04985381842558651
1.9,0.0001489868891546564,0.19270833333333215,0.14885159010600546,5.4346679960097284e-08,-0.12375488825343672,0.13323902340506985
1.901,0.0001489868891546564,0.19270833333333215,0.14885159010600546,6.617169575546604e-08,0.32384933586666464,0.13019777762234186
1.902,0.0001489868891546564,0.19270833333333215,0.14885159010600546,2.06324807541512e-09,0.3240865924827009,-0.05089269435328151
1.903,0.0001489868891546564,0.19270833333333215,0.14885159010600546,-4.318170186963785e-08,-0.12375119807700578,-0.15948316011174934
1.904,0.0001489868891546564,-0.8072916666666679,0.14885159010600546,-3.130873841940874e-08,-0.4008767127904832,-0.04787365742995599
1.905,0.0001489868891546564,0.19270833333333215,0.14885159010600546,-7.013114571705407e-10,-0.12399275621523734,0.1288612388013015
1.906,0.0001489868891546564,0.19270833333333215,0.14885159010600546,1.7929655815988506e-08,0.32455790051257905,0.12750847526983888
1.907,0.0001489868891546564,0.19270833333333215,0.14885159010600546,2.7593457465711682e-08,0.32475830581009746,-0.050052307381804745
1.908,0.0001489868891546564,0.19270833333333215,0.14885159010600546,2.070121831260885e-08,-0.12404245188973145,-0.1595128277965866
1.909,0.0001489868891546564,-0.8072916666666679,0.14885159010600546,-1.6165170986261544e-08,-0.4017068298319372,-0.048823231057305135
1.91,0.0001489868891546564,0.19270833333333215,0.14885159010600546,-4.963134188036104e-08,-0.12421047785022939,0.13154366482464613
1.911,0.0001489868891546564,0.19270833333333215,0.14885159010600546,-2.3851735107063167e-08,0.3252132303846964,0.13220667552588206
1.912,0.0001489868891546564,0.19270833333333215,0.14885159010600546,4.364343953202682e-08,0.32534632444951417,-0.05179003044978104
1.913,0.0001489868891546564,0.19270833333333215,0.14885159010600546,6.100378344263903e-08,-0.12429786350682755,-0.16855946522109747
1.914,0.0001489868891546564,-0.8072916666666679,0.14885159010600546,-5.963767784518127e-09,-0.4023788608067215,-0.05274160607192099
1.915,0.0001489868891546564,0.19270833333333215,0.14885159010600546,-6.761847966165234e-08,-0.12436863998720907,0.14132627664824568
1.916,0.0001489868891546564,0.19270833333333215,0.14885159010600546,-3.5607102941125154e-08,0.3256943213680015,0.14413841919524234
1.917,0.0001489868891546564,0.19270833333333215,0.14885159010600546,4.174226380548602e-08,0.32573730536862755,-0.05604614031471484
1.918,0.0001489868891546564,0.19270833333333215,-0.8511484098939945,5.2081034834279396e-08,-0.12446787373664078,-0.18609294522379208
1.919,0.0001489868891546564,-0.8072916666666679,0.14885159010600546,-8.289584914306215e-09,-0.40275332292603044,-0.05934695525839002
1.92,0.0001489868891546564,0.19270833333333215,0.14885159010600546,-3.807607206362461e-08,-0.12443074080718129,0.1575264367511718
1.921,0.0001489868891546564,0.19270833333333215,0.14885159010600546,-2.2982029964082125e-09,0.32589224782266824,0.16238788609294863
1.922,0.0001489868891546564,0.19270833333333215,0.14885159010600546,1.799259728012865e-08,0.32583348906354226,-0.06251550548213011
1.923,0.0001489868891546564,0.19270833333333215,-0.8511484098939945,-1.7950263417769927e-08,-0.1245112077966435,-0.2106920523649313
1.924,0.0001489868891546564,-0.8072916666666679,0.14885159010600546,-2.6776553049449706e-08,-0.4027202516337576,-0.06805582304574107
1.925,0.0001489868891546564,0.19270833333333215,0.14885159010600546,4.2338929489769075e-08,-0.12436987337434816,0.17879209454678607
1.926,0.0001489868891546564,0.19270833333333215,0.14885159010600546,7.7921854220789e-08,0.32573048553099004,0.18535480556414047
1.927,0.0001489868891546564,0.19270833333333215,0.14885159010600546,-2.5591038558341176e-08,0.3255717118623674,-0.07067411089874875
1.928,0.0001489868891546564,0.19270833333333215,0.14885159010600546,-1.4303545444746174e-07,-0.12440296868315895,-0.2401757678588538
1.929,0.0001489868891546564,-0.8072916666666679,0.14885159010600546,-5.983404592510052e-08,-0.4022222166716307,-0.07803998486502883
1.93,0.0001489868891546564,0.19270833333333215,0.14885159010600546,1.618338281685007e-07,-0.12417492334050317,0.20323232012520012
1.931,0.0001489868891546564,0.19270833333333215,0.14885159010600546,1.9220172176060193e-07,0.3251824604757883,0.21091462915670853
1.932,0.0001489868891546564,0.19270833333333215,0.14885159010600546,-8.112836986521948e-08,0.32493933841031275,-0.07982919513709594
1.933,0.0001489868891546564,0.19270833333333215,-0.8511484098939945,-2.9932627476812876e-07,-0.1241409067665433,-0.2718261518874297
1.934,0.0001489868891546564,-0.8072916666666679,0.14885159010600546,-1.0067011770805188e-07,-0.4012716816142036,-0.08831572265294528
1.935,0.0001489868891546564,0.19270833333333215,0.14885159010600546,2.9526485950178873e-07,-0.1238551331602718,0.22861228447601645
1.936,0.0001489868891546564,0.19270833333333215,0.14885159010600546,3.151176410219331e-07,0.32428304299617017,0.23664532383487868
1.937,0.0001489868891546564,0.19270833333333215,0.14885159010600546,-1.363473490303385e-07,0.3239840088790442,-0.08918780282452654
1.938,0.0001489868891546564,0.19270833333333215,-0.8511484098939945,-4.497791335112746e-07,-0.12374863857123061,-0.3026792883025299
1.939,0.0001489868891546564,-0.8072916666666679,0.14885159010600546,-1.3865353667101813e-07,-0.39995907393303193,-0.09785580029387132
1.94,0.0001489868891546564,0.19270833333333215,0.14885159010600546,4.093274012299867e-07,-0.12344199182430385,0.25259155905339015
1.941,0.0001489868891546564,0.19270833333333215,0.14885159010600546,4.140750670815302e-07,0.32313133824479484,0.26009558116280296
1.942,0.0001489868891546564,0.19270833333333215,0.14885159010600546,-1.772039688933269e-07,0.3228147384508662,-0.09793643836114763
1.943,0.0001489868891546564,0.19270833333333215,-0.8511484098939945,-5.523118130915332e-07,-0.1232749682351322,-0.32985146136437327
1.944,0.0001489868891546564,-0.8072916666666679,0.14885159010600546,-1.6174337330594578e-07,-0.3984490394421414,-0.1057108981623827
1.945,0.0001489868891546564,0.19270833333333215,0.14885159010600546,4.7008499627667336e-07,-0.12298771299469122,0.27297869582078677
1.946,0.0001489868891546564,0.19270833333333215,0.14885159010600546,4.568562516959578e-07,0.321883253828577,0.2790629858074539
1.947,0.0001489868891546564,0.19270833333333215,0.14885159010600546,-1.9109488650025243e-07,0.32159303446266396,-0.10532321804228241
1.948,0.0001489868891546564,0.19270833333333215,-0.8511484098939945,-5.69769106716911e-07,-0.1227890116596882,-0.35086222042794496
1.949,0.0001489868891546564,-0.8072916666666679,0.14885159010600546,-1.5945534314608088e-07,-0.39696399563310747,-0.11112530992922451
1.95,0.0001489868891546564,0.19270833333333215,0.14885159010600546,4.5119403001429417e-07,-0.12256003651806344,0.2879723082779308
1.951,0.0001489868891546564,0.19270833333333215,0.14885159010600546,4.196458959409463e-07,0.32073381468699486,0.2918482160516087
1.952,0.0001489868891546564,0.19270833333333215,0.14885159010600546,-1.699551207433058e-07,0.3205141705736746,-0.11073361109142671
1.953,0.0001489868891546564,0.19270833333333215,0.14885159010600546,-4.794653386163097e-07,-0.12237146132687718,-0.3639151401840087
1.954,0.0001489868891546564,-0.8072916666666679,0.14885159010600546,-1.2568844913971715e-07,-0.3957560541671074,-0.11363168868513822
1.955,0.0001489868891546564,0.19270833333333215,0.14885159010600546,3.409580657771707e-07,-0.1222336664725674,0.29635976829121824
1.956,0.0001489868891546564,0.19270833333333215,0.14885159010600546,2.9369073102176434e-07,0.31989083432608395,0.2974531703765353
1.957,0.0001489868891546564,0.19270833333333215,0.14885159010600546,-1.125319619096062e-07,0.3197803678973067,-0.11375157287209889
1.958,0.0001489868891546564,0.19270833333333215,-0.8511484098939945,-2.8007820130833465e-07,-0.1221029657115567,-0.36810120486429326
1.959,0.0001489868891546564,-0.8072916666666679,0.14885159010600546,-6.073956270972257e-08,-0.3950703642256011,-0.11311167440078673
1.96,0.0001489868891546564,0.19270833333333215,0.14885159010600546,1.465356043531904e-07,-0.12207925588125447,0.2976491697216103
1.961,0.0001489868891546564,0.19270833333333215,0.14885159010600546,8.898348624916709e-08,0.31954309023007105,0.2956969821133561
1.962,0.0001489868891546564,0.19270833333333215,0.14885159010600546,-2.5282888395045118e-08,0.31956912924741626,-0.11419952103014654
1.963,0.0001489868891546564,0.19270833333333215,-0.8511484098939945,5.824529444687921e-09,-0.12205113224768172,-0.36349848909187654
1.964,0.0001489868891546564,-0.8072916666666679,0.14885159010600546,2.8009458477009896e-08,-0.39510461778836214,-0.10981317754704184
1.965,0.0001489868891546564,0.19270833333333215,0.14885159010600546,-1.0580383408125277e-07,-0.1221513646593052,0.2921179187790618
1.966,0.0001489868891546564,0.19270833333333215,0.14885159010600546,-1.6603411399516877e-07,0.3198273360735029,0.2872335741562853
1.967,0.0001489868891546564,0.19270833333333215,0.14885159010600546,7.837077766849612e-08,0.32000110072466115,-0.11215299187051453
1.968,0.0001489868891546564,0.19270833333333215,-0.8511484098939945,3.3443540855564905e-07,-0.12225800754533452,-0.3511541982041887
1.969,0.0001489868891546564,-0.8072916666666679,0.14885159010600546,1.26968688057796e-07,-0.39597055911150947,-0.10432049216532366
1.97,0.0001489868891546564,0.19270833333333215,0.14885159010600546,-3.74644341694113e-07,-0.12247715816256576,0.28077129234680615
1.971,0.0001489868891546564,0.19270833333333215,0.14885159010600546,-4.2890528391841457e-07,0.3207990980162769,0.2734665718629133
1.972,0.0001489868891546564,0.19270833333333215,0.14885159010600546,1.8035074669016798e-07,0.32111238003766646,-0.10792865742728852
1.973,0.0001489868891546564,0.19270833333333215,-0.8511484098939945,6.482257548334773e-07,-0.12272997742759967,-0.332949663258743
1.974,0.0001489868891546564,-0.8072916666666679,0.14885159010600546,2.1867588800902837e-07,-0.39766362899910984,-0.09747959172894767
1.975,0.0001489868891546564,0.19270833333333215,0.14885159010600546,-6.109547606298876e-07,-0.12304770477867448,0.26521533256179836
1.976,0.0001489868891546564,0.19270833333333215,0.14885159010600546,-6.509721026930925e-07,0.3224121050580115,0.25637050165500397
1.977,0.0001489868891546564,0.19270833333333215,0.14885159010600546,2.6136090833439264e-07,0.3228360155966335,-0.10204734875326804
1.978,0.0001489868891546564,0.19270833333333215,-0.8511484098939945,8.869349666925701e-07,-0.12343183188873298,-0.31136371468751184
1.979,0.0001489868891546564,-0.8072916666666679,0.14885159010600546,2.8515558967862123e-07,-0.40004623782109083,-0.09028710099608965
1.98,0.0001489868891546564,0.19270833333333215,0.14885159010600546,-7.677229030157723e-07,-0.12381353357134604,0.2474591191503622
1.981,0.0001489868891546564,0.19270833333333215,0.14885159010600546,-7.870362551262151e-07,0.32451035415751284,0.23823953149252966
1.982,0.0001489868891546564,0.19270833333333215,0.14885159010600546,3.0476903644331925e-07,0.32499651196403295,-0.09517647171814823
1.983,0.0001489868891546564,0.19270833333333215,-0.8511484098939945,9.998173607504286e-07,-0.12428626738864461,-0.2891630349823667
1.984,0.0001489868891546564,-0.8072916666666679,0.14885159010600546,3.1162079340731924e-07,-0.402848625725577,-0.08375667810450191
1.985,0.0001489868891546564,0.19270833333333215,0.14885159010600546,-8.097151317243726e-07,-0.1246856328104482,0.22967039034738204
1.986,0.0001489868891546564,0.19270833333333215,0.14885159010600546,-8.048686689308554e-07,0.32683528417423435,0.22139487432757632
1.987,0.0001489868891546564,0.19270833333333215,0.14885159010600546,3.0012212836427616e-07,0.3273195605984692,-0.08805840211081699
1.988,0.0001489868891546564,0.19270833333333215,0.14885159010600546,9.56575407156725e-07,-0.12517940418466356,-0.2690578268061879
1.989,0.0001489868891546564,-0.8072916666666679,0.14885159010600546,2.897331729439615e-07,-0.40568900316728296,-0.078780110328345
1.99,0.0001489868891546564,0.19270833333333215,0.14885159010600546,-7.212846097226339e-07,-0.1255423598361649,0.21391447542616276
1.991,0.0001489868891546564,0.19270833333333215,0.14885159010600546,-6.925273819064634e-07,0.32904851312459926,0.20788797137753903
1.992,0.0001489868891546564,0.19270833333333215,0.14885159010600546,2.455389160306666e-07,0.3294571463903866,-0.08143285919611483
1.993,0.0001489868891546564,0.19270833333333215,-0.8511484098939945,7.545993496036554e-07,-0.1259720690443866,-0.25336605236669013
1.994,0.0001489868891546564,-0.8072916666666679,0.14885159010600546,2.197027789108233e-07,-0.40811196383295,-0.07600175285163153
1.995,0.0001489868891546564,0.19270833333333215,0.14885159010600546,-5.105001369426057e-07,-0.1262418859458304,0.20190872684163375
1.996,0.0001489868891546564,0.19270833333333215,0.14885159010600546,-4.618426893767193e-07,0.3307683527899695,0.19923777761146125
1.997,0.0001489868891546564,0.19270833333333215,0.14885159010600546,1.4843991065489556e-07,0.3310259238355966,-0.07596173044536525
1.998,0.0001489868891546564,0.19270833333333215,0.14885159010600546,4.208455308733818e-07,-0.12651574764787588,-0.24372884128829284
1.999,0.0001489868891546564,-0.8072916666666679,0.14885159010600546,1.107321367266997e-07,-0.40964140567304264,-0.07572374515666114
2.0,0.0001489868891546564,0.19270833333333215,0.14885159010600546,-2.085989036263421e-07,-0.126638939270568,0.19482275230436283
2.001,0.0001489868891546564,0.19270833333333215,0.14885159010600546,-1.4719488716786915e-07,0.33161617571061147,0.19623659694074122
2.002,0.0001489868891546564,0.19270833333333215,0.14885159010600546,2.441334773628059e-08,0.3316546428903203,-0.07216431866147065
2.003,0.0001489868891546564,0.19270833333333215,-0.8511484098939945,7.77717411208332e-09,-0.12667136898454023,-0.24091340436489453
2.004,0.0001489868891546564,-0.8072916666666679,0.14885159010600546,-2.035248622088994e-08,-0.40984179620917055,-0.07785579386111337
2.005,0.0001489868891546564,0.19270833333333215,0.14885159010600546,1.352689198535942e-07,-0.1266038667810281,0.19314894417413986
2.006,0.0001489868891546564,0.19270833333333215,0.14885159010600546,2.003149205298973e-07,0.3312669977485757,0.19885036142336862
2.007,0.0001489868891546564,0.19270833333333215,0.14885159010600546,-1.0559575881279386e-07,0.33103476283572264,-0.07036958715828094
2.008,0.0001489868891546564,0.19270833333333215,0.14885159010600546,-4.1596590879359996e-07,-0.12632855969708245,-0.244728668357098
2.009,0.0001489868891546564,-0.8072916666666679,0.14885159010600546,-1.5205879898439062e-07,-0.408379957293467,-0.08191763538753502
2.01,0.0001489868891546564,0.19270833333333215,0.14885159010600546,4.6304152118032755e-07,-0.12604153612246521,0.19665881041372024
2.011,0.0001489868891546564,0.19270833333333215,0.14885159010600546,5.222229774086106e-07,0.32949763400375975,0.20622707704953233
2.012,0.0001489868891546564,0.19270833333333215,0.14885159010600546,-2.1922927875279822e-07,0.3289674987885185,-0.07068987578301197
2.013,0.0001489868891546564,0.19270833333333215,-0.8511484098939945,-7.783736042609981e-07,-0.12542278690601832,-0.2540642805803026
2.014,0.0001489868891546564,-0.8072916666666679,0.14885159010600546,-2.622088382134511e-07,-0.4050789128925395,-0.08709531265239431
2.015,0.0001489868891546564,0.19270833333333215,0.14885159010600546,7.187203923961494e-07,-0.1249074309284674,0.20444959185694592
2.016,0.0001489868891546564,0.19270833333333215,0.14885159010600546,7.637434200405524e-07,0.3262256749793015,0.216812955577976
2.017,0.0001489868891546564,0.19270833333333215,0.14885159010600546,-2.9700041612534166e-07,0.32540057699427716,-0.07301801834681203
2.018,0.0001489868891546564,0.19270833333333215,-0.8511484098939945,-1.0177840304898755e-06,-0.12394794048807398,-0.2670475377939617
2.019,0.0001489868891546564,-0.8072916666666679,0.14885159010600546,-3.321466769298598e-07,-0.3999558922335508,-0.09234505391241049
2.02,0.0001489868891546564,0.19270833333333215,0.14885159010600546,8.590987471721589e-07,-0.12321850496992921,0.21507405563605553
2.021,0.0001489868891546564,0.19270833333333215,0.14885159010600546,8.842548603819868e-07,0.32153337757547995,0.2285614225258632
2.022,0.0001489868891546564,0.19270833333333215,0.14885159010600546,-3.260435567828416e-07,0.3204489781323143,-0.07704712515522605
2.023,0.0001489868891546564,0.19270833333333215,-0.8511484098939945,-1.0947141265213008e-06,-0.12196238805761196,-0.28129733004211044
2.024,0.0001489868891546564,-0.8072916666666679,0.14885159010600546,-3.5031462630088486e-07,-0.39323829149099887,-0.0965318487278474
2.025,0.0001489868891546564,0.19270833333333215,0.14885159010600546,8.620404456246191e-07,-0.12105694035780834,0.2267357271169266
2.026,0.0001489868891546564,0.19270833333333215,0.14885159010600546,8.650765215888607e-07,0.3156722967061619,0.23920769754019128
2.027,0.0001489868891546564,0.19270833333333215,0.14885159010600546,-3.0255543780047525e-07,0.31439582524134946,-0.08230982423942439
2.028,0.0001489868891546564,0.19270833333333215,0.14885159010600546,-9.993578470944372e-07,-0.11958731537743905,-0.2942414596074783
2.029,0.0001489868891546564,-0.8072916666666679,0.14885159010600546,-3.144575460713654e-07,-0.3853540780595703,-0.09858473351582787
2.03,0.0001489868891546564,0.19270833333333215,0.14885159010600546,7.305924026350333e-07,-0.11856583565928247,0.23752358556106576
2.031,0.0001489868891546564,0.19270833333333215,0.14885159010600546,7.129174909487828e-07,0.30904688946939407,0.24657272707860492
2.032,0.0001489868891546564,0.19270833333333215,0.14885159010600546,-2.3242056538417724e-07,0.3076720923725673,-0.08823176926645378
2.033,0.0001489868891546564,0.19270833333333215,-0.8511484098939945,-7.531881028201666e-07,-0.11699714410883456,-0.3034554500176353
2.034,0.0001489868891546564,-0.8072916666666679,0.14885159010600546,-2.3199288959000797e-07,-0.37689642855135363,-0.09764808294862858
2.035,0.0001489868891546564,0.19270833333333215,0.14885159010600546,4.92070543584354e-07,-0.11593691521840609,0.2456555063102306
2.036,0.0001489868891546564,0.19270833333333215,0.14885159010600546,4.5827353739646934e-07,0.302178088706373,0.24885618142068558
2.037,0.0001489868891546564,0.19270833333333215,0.14885159010600546,-1.2989134118509923e-07,0.3008166346131006,-0.09419293917364412
2.038,0.0001489868891546564,0.19270833333333215,-0.8511484098939945,-4.0432199641638144e-07,-0.11440286790875367,-0.3069783488799857
2.039,0.0001489868891546564,-0.8072916666666679,0.14885159010600546,-1.1846410367364294e-07,-0.3685658753868172,-0.09320829194240719
2.04,0.0001489868891546564,0.19270833333333215,0.14885159010600546,1.9230823261352356e-07,-0.11339145267408123,0.24969911334220043
2.041,0.0001489868891546564,0.19270833333333215,0.14885159010600546,1.4910065920494662e-07,0.29565058592638843,0.24487961867577582
2.042,0.0001489868891546564,0.19270833333333215,0.14885159010600546,-1.4601641448592312e-08,0.2944207747756126,-0.09958979678477109
2.043,0.0001489868891546564,0.19270833333333215,-0.8511484098939945,-1.761626003869886e-08,-0.11203012253583504,-0.3035644264269325
2.044,0.0001489868891546564,-0.8072916666666679,0.14885159010600546,5.603565223751043e-09,-0.3610964053905587,-0.08517817589622782
2.045,0.0001489868891546564,0.19270833333333215,0.14885159010600546,-1.1372662100844779e-07,-0.1111565802545107,0.24874227195206533
2.046,0.0001489868891546564,0.19270833333333215,0.14885159010600546,-1.5891203170819003e-07,0.29004989432432804,0.23424761920002726
2.047,0.0001489868891546564,0.19270833333333215,0.14885159010600546,9.24558165544673e-08,0.28906393140328684,-0.10389175431515309
2.048,0.0001489868891546564,0.19270833333333215,0.14885159010600546,3.384294246919206e-07,-0.11009456733317687,-0.2928386181904156
2.049,0.0001489868891546564,-0.8072916666666679,0.14885159010600546,1.1878925001379642e-07,-0.3551743449466422,-0.07392685873476135
2.05,0.0001489868891546564,0.19270833333333215,0.14885159010600546,-3.7297324846545415e-07,-0.10943986460890914,0.2424926838388931
2.051,0.0001489868891546564,0.19270833333333215,0.14885159010600546,-4.1343005103550226e-07,0.28589683759805634,0.21740580757482084
2.052,0.0001489868891546564,0.19270833333333215,0.14885159010600546,1.7313931636979596e-07,0.28524819993060974,-0.10668651819484781
2.053,0.0001489868891546564,0.19270833333333215,-0.8511484098939945,6.052107264594938e-07,-0.108777591738731,-0.2753368152354408
2.054,0.0001489868891546564,-0.8072916666666679,0.14885159010600546,2.029506470988109e-07,-0.3513601168000248,-0.060250141136484484
2.055,0.0001489868891546564,0.19270833333333215,0.14885159010600546,-5.446581871624521e-07,-0.10840535905934799,0.2312959187040394
2.056,0.0001489868891546564,0.19270833333333215,0.14885159010600546,-5.75597850087837e-07,0.28358768522557154,0.19558867891190063
2.057,0.0001489868891546564,0.19270833333333215,0.14885159010600546,2.156687278076733e-07,0.28334017724609767,-0.10771056746436397
2.058,0.0001489868891546564,0.19270833333333215,-0.8511484098939945,7.451623393765505e-07,-0.10820540181061651,-0.25242781993765084
2.059,0.0001489868891546564,0.19270833333333215,0.14885159010600546,2.466161525801785e-07,-0.3500228555274953,-0.0452843610499137
2.06,0.0001489868891546564,0.19270833333333215,0.14885159010600546,-6.078429687625886e-07,-0.10815423375476317,0.2160723355277713
2.061,0.0001489868891546564,0.19270833333333215,0.14885159010600546,-6.270899824036125e-07,0.2833476229882095,0.17066508657944637
2.062,0.0001489868891546564,0.19270833333333215,0.14885159010600546,2.1670360712385796e-07,0.28352756938674073,-0.10686300876991181
2.063,0.0001489868891546564,0.19270833333333215,0.14885159010600546,7.481952041687678e-07,-0.10843417267077285,-0.22612976188537098
2.064,0.0001489868891546564,-0.8072916666666679,0.14885159010600546,2.4689600521525736e-07,-0.3512964035486393,-0.0303744625993283
2.065,0.0001489868891546564,0.19270833333333215,0.14885159010600546,-5.645861641863863e-07,-0.1087125447657235,0.19818415431416636
2.066,0.0001489868891546564,0.19270833333333215,0.14885159010600546,-5.726492764348858e-07,0.28520365824642274,0.1449030419547836
2.067,0.0001489868891546564,0.19270833333333215,0.14885159010600546,1.81567640060913e-07,0.28579632396813315,-0.10420306919462513
2.068,0.0001489868891546564,0.19270833333333215,0.14885159010600546,6.321404421638868e-07,-0.10944321532614025,-0.1988477747507361
2.069,0.0001489868891546564,-0.8072916666666679,0.14885159010600546,2.0953585867730792e-07,-0.35506255494540506,-0.016913295188257273
2.07,0.0001489868891546564,0.19270833333333215,0.14885159010600546,-4.3812177008756317e-07,-0.11002779941422176,0.1792529335997833
2.071,0.0001489868891546564,0.19270833333333215,0.14885159010600546,-4.376548338605559e-07,0.2889806143790516,0.1206861932244434
2.072,0.0001489868891546564,0.19270833333333215,0.14885159010600546,1.226023326990079e-07,0.28993141701645936,-0.09993327096615663
2.073,0.0001489868891546564,0.19270833333333215,-0.8511484098939945,4.372187814144759e-07,-0.11113709530201915,-0.17306982516031855
2.074,0.0001489868891546564,-0.8072916666666679,0.14885159010600546,1.4714047548562586e-07,-0.36096392163645175,-0.006173176104257146
2.075,0.0001489868891546564,0.19270833333333215,0.14885159010600546,-2.6654234405587446e-07,-0.1119748308054594,0.16095366211562373
2.076,0.0001489868891546564,0.19270833333333215,0.14885159010600546,-2.6134564945647224e-07,0.2943208949961492,0.10022049611764852
2.077,0.0001489868891546564,0.19270833333333215,-0.8511484098939945,5.6041380845812373e-08,0.29554135250916425,-0.09437166453889723
2.078,0.0001489868891546564,0.19270833333333215,-0.8511484098939945,2.158569297020124e-07,-0.1133564908381226,-0.15106238136327593
2.079,0.0001489868891546564,-0.8072916666666679,0.14885159010600546,7.599342502946821e-08,-0.36844494202170164,0.0008481107383328271
2.08,0.0001489868891546564,0.19270833333333215,0.14885159010600546,-9.345610258721834e-08,-0.11437026875454892,0.14481380684900705
2.081,0.0001489868891546564,0.19270833333333215,0.14885159010600546,-8.727232979595472e-08,0.3007256030476463,0.08527032594119525
2.082,0.0001489868891546564,0.19270833333333215,0.14885159010600546,-1.879320473639662e-09,0.30210332684431984,-0.08791724276054759
2.083,0.0001489868891546564,0.19270833333333215,0.14885159010600546,2.0186340476040674e-08,-0.11589644647163516,-0.13460650371737193
2.084,0.0001489868891546564,-0.8072916666666679,0.14885159010600546,1.2203290353169482e-08,-0.3768158697723128,0.0035466138791225917
2.085,0.0001489868891546564,0.19270833333333215,0.14885159010600546,4.2253732722253e-08,-0.11699375942927102,0.13204375807103222
2.086,0.0001489868891546564,0.19270833333333215,0.14885159010600546,4.6849244899382095e-08,0.3076118116873304,0.07695854614716927
2.087,0.0001489868891546564,0.19270833333333215,0.14885159010600546,-3.869427306277108e-08,0.30902330334746375,-0.08101277859165096
2.088,0.0001489868891546564,0.19270833333333215,0.14885159010600546,-1.0994007199269855e-07,-0.1185297195043353,-0.12480817706967032
2.089,0.0001489868891546564,-0.8072916666666679,0.14885159010600546,-3.194978044987587e-08,-0.38533158394942907,0.0017812394703549902
2.09,0.0001489868891546564,0.19270833333333215,0.14885159010600546,1.152493262507577e-07,-0.1196132022806716,0.12341954779583611
2.091,0.0001489868891546564,0.19270833333333215,0.14885159010600546,1.1758752643760795e-07,0.31437869162011695,0.07565556926331339
2.092,0.0001489868891546564,0.19270833333333215,0.14885159010600546,-4.85098382482711e-08,0.3157033133312843,-0.07410887924326942
2.093,0.0001489868891546564,0.19270833333333215,0.14885159010600546,-1.5570580926363498e-07,-0.12103226507676611,-0.12200534972919695
2.094,0.0001489868891546564,-0.8072916666666679,0.14885159010600546,-5.0644076004879794e-08,-0.3932751705018344,-0.004116242281280443
2.095,0.0001489868891546564,0.19270833333333215,0.14885159010600546,1.1914568081577307e-07,-0.12201076467014355,0.11923039413974143
2.096,0.0001489868891546564,0.19270833333333215,0.14885159010600546,1.2064333274531696e-07,0.32047409596722604,0.08096962610920277
2.097,0.0001489868891546564,0.19270833333333215,0.14885159010600546,-3.319923290661637e-08,0.3216074199629313,-0.06763217129610101
2.098,0.0001489868891546564,0.19270833333333215,0.14885159010600546,-1.2288891000316944e-07,-0.12320765115003005,-0.1257799134470678
2.099,0.0001489868891546564,-0.8072916666666679,0.14885159010600546,-4.5534711728475335e-08,-0.40003570289990303,-0.01339095297645999
2.1,0.0001489868891546564,0.19270833333333215,0.14885159010600546,6.728528732216295e-08,-0.12400637240624367,0.11929383270903963
2.101,0.0001489868891546564,0.19270833333333215,0.14885159010600546,7.101004360098693e-08,0.32545324131862613,0.09183617500174503
2.102,0.0001489868891546564,0.19270833333333215,0.14885159010600546,-1.7180006238535509e-09,0.32631806975739036,-0.06195942170089589
2.103,0.0001489868891546564,0.19270833333333215,-0.8511484098939945,-3.9426639718245016e-08,-0.12490737291507131,-0.1350678695993356
2.104,0.0001489868891546564,-0.8072916666666679,0.14885159010600546,-2.494051344757977e-08,-0.4051705650501142,-0.024967115990146317
2.105,0.0001489868891546564,0.19270833333333215,0.14885159010600546,-1.1287171673128327e-08,-0.1254757642226336,0.12303142216876412
2.106,0.0001489868891546564,0.19270833333333215,0.14885159010600546,-1.5714954372639861e-09,0.32902229349590134,0.10669070377196885
2.107,0.0001489868891546564,0.19270833333333215,0.14885159010600546,3.230592913615428e-08,0.3295759674222902,-0.05739827678678136
2.108,0.0001489868891546564,0.19270833333333215,0.14885159010600546,5.243749737777786e-08,-0.12604462138810596,-0.14834737450257485
2.109,0.0001489868891546564,-0.8072916666666679,0.14885159010600546,-1.3999402996593262e-09,-0.40844487671191676,-0.03758843657784798
2.11,0.0001489868891546564,0.19270833333333215,0.14885159010600546,-7.971651582041328e-08,-0.12636098111656718,0.12958970499653646
2.111,0.0001489868891546564,0.19270833333333215,0.14885159010600546,-6.079813402803035e-08,0.3310617986215602,0.12369806066003047
2.112,0.0001489868891546564,0.19270833333333215,0.14885159010600546,5.41559004359285e-08,0.3312989365421412,-0.05417436594849384
2.113,0.0001489868891546564,0.19270833333333215,0.14885159010600546,1.0759482990492742e-07,-0.1265999700947337,-0.16387418873351783
2.114,0.0001489868891546564,-0.8072916666666679,0.14885159010600546,1.1824660458107533e-08,-0.4098437795160746,-0.04997743534397723
2.115,0.0001489868891546564,0.19270833333333215,0.14885159010600546,-1.0325889573445821e-07,-0.12667222249552196,0.13798546217561944
2.116,0.0001489868891546564,0.19270833333333215,0.14885159010600546,-7.371070468695364e-08,0.3316276882034657,0.14100445098203668
2.117,0.0001489868891546564,0.19270833333333215,0.14885159010600546,5.195359376644437e-08,0.33157813524961666,-0.05242391595729345
2.118,0.0001489868891546564,0.19270833333333215,-0.8511484098939945,9.041596828568121e-08,-0.12661854800224173,-0.17992868051911295
2.119,0.0001489868891546564,-0.8072916666666679,0.14885159010600546,4.464006482328111e-09,-0.40955706166284517,-0.060992297065649625
2.12,0.0001489868891546564,0.19270833333333215,0.14885159010600546,-5.889844296978242e-08,-0.12648118658125648,0.14725208404199835
2.121,0.0001489868891546564,0.19270833333333215,0.14885159010600546,-1.9973256295687517e-08,0.3309306334270971,0.15697628203593222
2.122,0.0001489868891546564,0.19270833333333215,0.14885159010600546,2.0003919477110153e-08,0.33065306666867283,-0.052190824714094676
2.123,0.0001489868891546564,0.19270833333333215,-0.8511484098939945,-1.4943693271688517e-08,-0.12619941028670298,-0.19503861635208233
2.124,0.0001489868891546564,-0.8072916666666679,0.14885159010600546,-2.7715346243171643e-08,-0.40793931219353174,-0.06976056330099568
2.125,0.0001489868891546564,0.19270833333333215,0.14885159010600546,5.76528333639248e-08,-0.1259071529372758,0.15656530470333346
2.126,0.0001489868891546564,0.19270833333333215,0.14885159010600546,1.0172377896585337e-07,0.3292973975901256,0.17039329683116447
2.127,0.0001489868891546564,0.19270833333333215,0.14885159010600546,-3.925496742925547e-08,0.3288696236996393,-0.05342732886134373
2.128,0.0001489868891546564,0.19270833333333215,0.14885159010600546,-1.988110680822393e-07,-0.12547884056699507,-0.2081473420138147
2.129,0.0001489868891546564,-0.8072916666666679,0.14885159010600546,-8.129857472086094e-08,-0.40545197889347273,-0.07577259880400294
2.13,0.0001489868891546564,0.19270833333333215,0.14885159010600546,2.2933233766326537e-07,-0.12509799983596484,0.16533125899314843
2.131,0.0001489868891546564,0.19270833333333215,0.14885159010600546,2.7177025132097383e-07,0.327120134827654,0.1805713008085075
2.132,0.0001489868891546564,0.19270833333333215,0.14885159010600546,-1.152093423300489e-07,0.32662754636097235,-0.05599786281222885
2.133,0.0001489868891546564,0.19270833333333215,0.14885159010600546,-4.2637251670158605e-07,-0.12461007698583693,-0.21870664533440978
2.134,0.0001489868891546564,-0.8072916666666679,0.14885159010600546,-1.4548085472439762e-07,-0.40259591761822516,-0.0789236444969593
2.135,0.0001489868891546564,0.19270833333333215,0.14885159010600546,4.202763016736875e-07,-0.12420895039905512,0.17322695630667384
2.136,0.0001489868891546564,0.19270833333333215,0.14885159010600546,4.5288324217152663e-07,0.3248009936812655,0.1874009747733832
2.137,0.0001489868891546564,0.19270833333333215,0.14885159010600546,-1.910242894689255e-07,0.3243248580571905,-0.059686279530763636
2.138,0.0001489868891546564,0.19270833333333215,-0.8511484098939945,-6.443264363051255e-07,-0.12374234719735701,-0.2266859921121937
2.139,0.0001489868891546564,-0.8072916666666679,0.14885159010600546,-2.0421198493085157e-07,-0.3998439712990512,-0.07950056369578014
2.14,0.0001489868891546564,0.19270833333333215,0.14885159010600546,5.831642628083468e-07,-0.12338203161962127,0.18019159944087257
2.141,0.0001489868891546564,0.19270833333333215,0.14885159010600546,5.979508082998215e-07,0.3226997238448525,0.19130203210944727
2.142,0.0001489868891546564,0.19270833333333215,0.14885159010600546,-2.472281333543942e-07,0.32230693740885985,-0.06420708945577783
2.143,0.0001489868891546564,0.19270833333333215,-0.8511484098939945,-7.925288885862695e-07,-0.12300207503436837,-0.232502953002283
2.144,0.0001489868891546564,-0.8072916666666679,0.14885159010600546,-2.398030447551387e-07,-0.3975826974022269,-0.07811703841229078
2.145,0.0001489868891546564,0.19270833333333215,0.14885159010600546,6.698615103399391e-07,-0.12272899324332365,0.1863753214203831
2.146,0.0001489868891546564,0.19270833333333215,0.14885159010600546,6.608448020107241e-07,0.3210912293513044,0.19310437216210966
2.147,0.0001489868891546564,0.19270833333333215,0.14885159010600546,-2.66173900051329e-07,0.3208268888598316,-0.06922158967580146
2.148,0.0001489868891546564,0.19270833333333215,-0.8511484098939945,-8.181499898871411e-07,-0.12247869610918251,-0.236891441301598
2.149,0.0001489868891546564,-0.8072916666666679,0.14885159010600546,-2.3721454279174782e-07,-0.39607066690593395,-0.07560789467973922
2.15,0.0001489868891546564,0.19270833333333215,0.14885159010600546,6.430470587912386e-07,-0.12231981522378116,0.1920585458472818
2.151,0.0001489868891546564,0.19270833333333215,0.14885159010600546,6.078267633182842e-07,0.32013829658274917,0.19387805997721203
2.152,0.0001489868891546564,0.19270833333333215,0.14885159010600546,-2.3639580887455134e-07,0.3200219695324283,-0.07435957053366654
2.153,0.0001489868891546564,0.19270833333333215,-0.8511484098939945,-6.891828095099444e-07,-0.12221676099075408,-0.24073306548420256
2.154,0.0001489868891546564,-0.8072916666666679,0.14885159010600546,-1.880556804300432e-07,-0.39541806351874037,-0.07289847416404042
2.155,0.0001489868891546564,0.19270833333333215,0.14885159010600546,4.861949237528301e-07,-0.12217803370826702,0.19755925123636559
2.156,0.0001489868891546564,0.19270833333333215,0.14885159010600546,4.269356953705423e-07,0.31988232319806503,0.19474046286618962
2.157,0.0001489868891546564,0.19270833333333215,0.14885159010600546,-1.558625153365443e-07,0.31990831263109376,-0.07924665666986239
2.158,0.0001489868891546564,0.19270833333333215,0.14885159010600546,-4.0416034964063525e-07,-0.1222150305877529,-0.24488120656982357
2.159,0.0001489868891546564,-0.8072916666666679,0.14885159010600546,-9.33483075557685e-08,-0.395589036839386,-0.07086783212304373
2.16,0.0001489868891546564,0.19270833333333215,0.14885159010600546,2.0953759571456165e-07,-0.12228307545868189,0.20314633757926673
2.161,0.0001489868891546564,0.19270833333333215,0.14885159010600546,1.3309166583608495e-07,0.32025215212477737,0.19667083290799198
2.162,0.0001489868891546564,0.19270833333333215,0.14885159010600546,-3.333480824990749e-08,0.32039344307580064,-0.08353632265617468
2.163,0.0001489868891546564,0.19270833333333215,0.14885159010600546,4.343521676370823e-09,-0.1224322263265654,-0.25000682404371
2.164,0.0001489868891546564,-0.8072916666666679,0.14885159010600546,3.5652269039609646e-08,-0.39642490190020685,-0.07022469549550056
2.165,0.0001489868891546564,0.19270833333333215,0.14885159010600546,-1.4955880722290324e-07,-0.12257876571127559,0.2089749943240615
2.166,0.0001489868891546564,0.19270833333333215,0.14885159010600546,-2.3248548618176961e-07,0.3210884805175472,0.20035989751617014
2.167,0.0001489868891546564,0.19270833333333215,0.14885159010600546,1.1257559940599997e-07,0.32130351787722106,-0.08694437975028542
2.168,0.0001489868891546564,0.19270833333333215,0.14885159010600546,4.7356622577497124e-07,-0.12279814252884251,-0.2564897376290233
2.169,0.0001489868891546564,-0.8072916666666679,0.14885159010600546,1.7888121327206482e-07,-0.3976833265851274,-0.07141262339031494
2.17,0.0001489868891546564,0.19270833333333215,0.14885159010600546,-5.322001455717549e-07,-0.12298631491292188,0.21505493786823382
2.171,0.0001489868891546564,0.19270833333333215,0.14885159010600546,-6.087345858408782e-07,0.3221791529966047,0.2061151903157565
2.172,0.0001489868891546564,0.19270833333333215,0.14885159010600546,2.5655828981571507e-07,0.32242021481680605,-0.08928249911564291
2.173,0.0001489868891546564,0.19270833333333215,-0.8511484098939945,9.21313652161266e-07,-0.123228099306841,-0.2643702302218117
2.174,0.0001489868891546564,-0.8072916666666679,0.14885159010600546,3.109459670387407e-07,-0.39908653260680893,-0.07455611661812078
2.175,0.0001489868891546564,0.19270833333333215,0.14885159010600546,-8.686370268271511e-07,-0.1234195173419971,0.22125556722950288
2.176,0.0001489868891546564,0.19270833333333215,0.14885159010600546,-9.259869586586841e-07,0.32329926897092065,0.21383312469876734
2.177,0.0001489868891546564,0.19270833333333215,0.14885159010600546,3.7139107581785433e-07,0.32352102010684897,-0.09048639675769837
2.178,0.0001489868891546564,0.19270833333333215,-0.8511484098939945,1.2616327261086538e-06,-0.12363831426503936,-0.2733648419850868
2.179,0.0001489868891546564,-0.8072916666666679,0.14885159010600546,4.0601439736711957e-07,-0.4003705460715598,-0.07945326640173608
2.18,0.0001489868891546564,0.19270833333333215,0.14885159010600546,-1.0919413219136146e-06,-0.12379968524615666,0.22734471927386837
2.181,0.0001489868891546564,0.19270833333333215,0.14885159010600546,-1.1197776179315627e-06,0.3242496196011092,0.22303780380633548
2.182,0.0001489868891546564,0.19270833333333215,0.14885159010600546,4.3340701177653124e-07,0.3244164793458652,-0.09063392307301409
2.183,0.0001489868891546564,0.19270833333333215,-0.8511484098939945,1.4222524797687574e-06,-0.12395975196761008,-0.28293905293414895
2.184,0.0001489868891546564,-0.8072916666666679,0.14885159010600546,4.431203180980692e-07,-0.4013277860226767,-0.0856138428898967
2.185,0.0001489868891546564,0.19270833333333215,0.14885159010600546,-1.15188650399961e-06,-0.12406801550584151,0.23305111510270982
2.186,0.0001489868891546564,0.19270833333333215,0.14885159010600546,-1.1443841214365395e-06,0.32488755618827453,0.2329760487933923
2.187,0.0001489868891546564,0.19270833333333215,0.14885159010600546,4.2750429881606183e-07,0.32497877513890017,-0.08994867544951322
2.188,0.0001489868891546564,0.19270833333333215,0.14885159010600546,1.3601388422463405e-06,-0.12414836466023088,-0.29242005032368973
2.189,0.0001489868891546564,-0.8072916666666679,0.14885159010600546,4.107653841054427e-07,-0.40183669996054505,-0.09233547291384807
2.19,0.0001489868891546564,0.19270833333333215,0.14885159010600546,-1.0260815938649871e-06,-0.12419360367663596,0.2381359604379494
2.191,0.0001489868891546564,0.19270833333333215,0.14885159010600546,-9.831920657289073e-07,0.3251458617409141,0.24274975804273388
2.192,0.0001489868891546564,0.19270833333333215,0.14885159010600546,3.5062023451841895e-07,0.32515762933241676,-0.08878597187720386
2.193,0.0001489868891546564,0.19270833333333215,-0.8511484098939945,1.0717791393279363e-06,-0.12419030252864165,-0.3011265031629372
2.194,0.0001489868891546564,-0.8072916666666679,0.14885159010600546,3.098046612751372e-07,-0.40187449497547223,-0.0988056152879896
2.195,0.0001489868891546564,0.19270833333333215,0.14885159010600546,-7.258933251362551e-07,-0.1241760932397663,0.24245733310505352
2.196,0.0001489868891546564,0.19270833333333215,0.14885159010600546,-6.53563066713357e-07,0.32503730239490103,0.25146174194637017
2.197,0.0001489868891546564,0.19270833333333215,0.14885159010600546,2.128831778461971e-07,0.3249817243910884,-0.08760002775993088
2.198,0.0001489868891546564,0.19270833333333215,-0.8511484098939945,5.95823902316315e-07,-0.12410153683921224,-0.30849020844087327
2.199,0.0001489868891546564,-0.8072916666666679,0.14885159010600546,1.5393490380717436e-07,-0.40151188760843864,-0.10421405938983312
2.2,0.0001489868891546564,0.19270833333333215,0.14885159010600546,-2.9572246789094574e-07,-0.12404285006248847,0.24601230630562035
2.201,0.0001489868891546564,0.19270833333333215,0.14885159010600546,-2.0497743916371853e-07,0.32464493411494166,0.2583502902128306
2.202,0.0001489868891546564,0.19270833333333215,0.14885159010600546,3.612624833061857e-08,0.32454624328430465,-0.08689375469554927
2.203,0.0001489868891546564,0.19270833333333215,-0.8511484098939945,7.265553645901115e-09,-0.12392226558315848,-0.31414689762007314
2.204,0.0001489868891546564,-0.8072916666666679,0.14885159010600546,-3.240654029738895e-08,-0.40089174610615996,-0.10785998782438788
2.205,0.0001489868891546564,0.19270833333333215,0.14885159010600546,1.944317418685165e-07,-0.12384144060352822,0.2489460082604358
2.206,0.0001489868891546564,0.19270833333333215,0.14885159010600546,2.893850501340781e-07,0.32410055248280034,0.2628909257972976
2.207,0.0001489868891546564,0.19270833333333215,0.14885159010600546,-1.5000413626086552e-07,0.32398936141572554,-0.08715540281266163
2.208,0.0001489868891546564,0.19270833333333215,-0.8511484098939945,-5.958969894551065e-07,-0.12370731228898069,-0.31797990235826057
2.209,0.0001489868891546564,-0.8072916666666679,0.14885159010600546,-2.1838040715182538e-07,-0.4001960630286043,-0.10923924891738342
2.21,0.0001489868891546564,0.19270833333333215,0.14885159010600546,6.617682367465455e-07,-0.12362892948829785,0.2515232731028699
2.211,0.0001489868891546564,0.19270833333333215,0.14885159010600546,7.460710531488732e-07,0.3235555387774612,0.26485042526384556
2.212,0.0001489868891546564,0.19270833333333215,0.14885159010600546,-3.135994230011311e-07,0.32346224165334914,-0.08878886293588581
2.213,0.0001489868891546564,0.19270833333333215,-0.8511484098939945,-1.1109491370752153e-06,-0.12351435330167107,-0.32010960820593404
2.214,0.0001489868891546564,-0.8072916666666679,0.14885159010600546,-3.7248765955062737e-07,-0.39960747913032046,-0.10810104034159568
2.215,0.0001489868891546564,0.19270833333333215,0.14885159010600546,1.0263299120121798e-06,-0.1234599858051543,0.2540660563958935
2.216,0.0001489868891546564,0.19270833333333215,0.14885159010600546,1.0871387899076205e-06,0.32314948814917754,0.2642870429536207
2.217,0.0001489868891546564,0.19270833333333215,0.14885159010600546,-4.2659005488930306e-07,0.32309802394891424,-0.0920463745643131
2.218,0.0001489868891546564,0.19270833333333215,-0.8511484098939945,-1.4500491674060795e-06,-0.12339212133146059,-0.32083203547125266
2.219,0.0001489868891546564,-0.8072916666666679,0.14885159010600546,-4.685658548108008e-07,-0.3992723131805337,-0.10446810440357086
2.22,0.0001489868891546564,0.19270833333333215,0.14885159010600546,1.2263369236589254e-06,-0.12337592847980865,0.25686702008510676
2.221,0.0001489868891546564,0.19270833333333215,0.14885159010600546,1.2551047998208397e-06,0.3229822377265732,0.2615004336494475
2.222,0.0001489868891546564,0.19270833333333215,0.14885159010600546,-4.7015184647787326e-07,0.32298532846574457,-0.09697324749636169
2.223,0.0001489868891546564,0.19270833333333215,-0.8511484098939945,-1.557115382224127e-06,-0.12337068779684843,-0.3205196448102523
2.224,0.0001489868891546564,-0.8072916666666679,0.14885159010600546,-4.908141114023299e-07,-0.39927163620279915,-0.09862000450219631
2.225,0.0001489868891546564,0.19270833333333215,0.14885159010600546,1.230057159521088e-06,-0.12339663262526632,0.2600953024535018
2.226,0.0001489868891546564,0.19270833333333215,0.14885159010600546,1.2239751318978888e-06,0.32309421919285647,0.25694341377349345
2.227,0.0001489868891546564,0.19270833333333215,0.14885159010600546,-4.3830030197654813e-07,0.3231509139137408,-0.10337372449511775
2.228,0.0001489868891546564,0.19270833333333215,0.14885159010600546,-1.4185166848318188e-06,-0.1234555346537114,-0.31950485395319184
2.229,0.0001489868891546564,-0.8072916666666679,0.14885159010600546,-4.3680448105634246e-07,-0.399605443127632,-0.0910442713508722
2.23,0.0001489868891546564,0.19270833333333215,0.14885159010600546,1.0417453432597013e-06,-0.12351669869682885,0.2637133942447262
2.231,0.0001489868891546564,0.19270833333333215,0.14885159010600546,1.0040613210027446e-06,0.32345856273421436,0.25111400750805596
2.232,0.0001489868891546564,0.19270833333333215,0.14885159010600546,-3.3892239612364074e-07,0.32355450107480144,-0.11080520328899354
2.233,0.0001489868891546564,0.19270833333333215,0.14885159010600546,-1.065326758768786e-06,-0.1236264540974764,-0.31797045878578456
2.234,0.0001489868891546564,-0.8072916666666679,0.14885159010600546,-3.1784587475377893e-07,-0.40019266829897265,-0.08236443392936597
2.235,0.0001489868891546564,0.19270833333333215,0.14885159010600546,7.003988975923243e-07,-0.12370654076757887,0.26742360056529524
2.236,0.0001489868891546564,0.19270833333333215,0.14885159010600546,6.395595548903194e-07,0.3239863244877114,0.24444917927652735
2.237,0.0001489868891546564,0.19270833333333215,0.14885159010600546,-1.920264111739587e-07,0.32409665312366426,-0.11860483326872974
2.238,0.0001489868891546564,0.19270833333333215,-0.8511484098939945,-5.666506461126181e-07,-0.1238414721525365,-0.3158704911273541
2.239,0.0001489868891546564,-0.8072916666666679,0.14885159010600546,-1.566156180730581e-07,-0.4008870401277732,-0.07325662354547101
2.24,0.0001489868891546564,0.19270833333333215,0.14885159010600546,2.715765919528348e-07,-0.12391820016562481,0.2706587016801752
2.241,0.0001489868891546564,0.19270833333333215,0.14885159010600546,1.9938251981466695e-07,0.32454393208237764,0.23724081910896966
2.242,0.0001489868891546564,0.19270833333333215,0.14885159010600546,-2.55738888194638e-08,0.3246383427667861,-0.12594836042208726
2.243,0.0001489868891546564,0.19270833333333215,-0.8511484098939945,-1.5405159187428945e-08,-0.12404511703371435,-0.3129000758190651
2.244,0.0001489868891546564,-0.8072916666666679,0.14885159010600546,1.7452994418715864e-08,-0.4015060201795827,-0.06436725585695657
2.245,0.0001489868891546564,0.19270833333333215,0.14885159010600546,-1.6601340122903212e-07,-0.12409487290958113,0.2726246492888496
2.246,0.0001489868891546564,0.19270833333333215,0.14885159010600546,-2.368447186546083e-07,0.3249798118136106,0.22959012072224
2.247,0.0001489868891546564,0.19270833333333215,0.14885159010600546,1.3023125553498214e-07,0.32502879699009884,-0.13193655062632872
2.248,0.0001489868891546564,0.19270833333333215,-0.8511484098939945,4.904705377374542e-07,-0.12417958789784349,-0.30852436812827666
2.249,0.0001489868891546564,-0.8072916666666679,0.14885159010600546,1.740644191492556e-07,-0.401867768597191,-0.05624323975574319
2.25,0.0001489868891546564,0.19270833333333215,0.14885159010600546,-5.363412837655491e-07,-0.12418248547526624,0.27239448465571237
2.251,0.0001489868891546564,0.19270833333333215,0.14885159010600546,-5.946884520512618e-07,0.325155522821096,0.22140926720391235
2.252,0.0001489868891546564,0.19270833333333215,0.14885159010600546,2.4899384088300153e-07,0.32513672411939976,-0.13570022510259402
2.253,0.0001489868891546564,0.19270833333333215,-0.8511484098939945,8.674279545537036e-07,-0.12419684967815466,-0.30206606481675546
2.254,0.0001489868891546564,-0.8072916666666679,0.14885159010600546,2.880013136667881e-07,-0.40182959674960034,-0.04928349459617553
2.255,0.0001489868891546564,0.19270833333333215,0.14885159010600546,-7.809719282336329e-07,-0.124141269541986,0.2690435380600803
2.256,0.0001489868891546564,0.19270833333333215,0.14885159010600546,-8.193710130968467e-07,0.32497584772350746,0.21247056700119196
2.257,0.0001489868891546564,0.19270833333333215,0.14885159010600546,3.1324465290867244e-07,0.3248793394531107,-0.13651155815400748
2.258,0.0001489868891546564,0.19270833333333215,0.14885159010600546,1.0622710925905166e-06,-0.12406947362466006,-0.2928400721920287
2.259,0.0001489868891546564,-0.8072916666666679,0.14885159010600546,3.4386885950126776e-07,-0.40132095658668054,-0.04371676327580436
2.26,0.0001489868891546564,0.19270833333333215,0.14885159010600546,-8.699423572547736e-07,-0.12395523666338622,0.2618078980503485
2.261,0.0001489868891546564,0.19270833333333215,0.14885159010600546,-8.85771477430756e-07,0.3244123254276408,0.20249436135180074
2.262,0.0001489868891546564,0.19270833333333215,-0.8511484098939945,3.1755228453362394e-07,0.3242438347572602,-0.1338873943662441
2.263,0.0001489868891546564,0.19270833333333215,-0.8511484098939945,1.061341010522247e-06,-0.12379819838629627,-0.28031454890162316
2.264,0.0001489868891546564,-0.8072916666666679,0.14885159010600546,3.386596432628072e-07,-0.40036475389381454,-0.03960641403075462
2.265,0.0001489868891546564,0.19270833333333215,0.14885159010600546,-8.063489580769388e-07,-0.12363775040358359,0.250242539369572
2.266,0.0001489868891546564,0.19270833333333215,0.14885159010600546,-8.019058534881456e-07,0.3235156666699754,0.19125964996534195
2.267,0.0001489868891546564,0.19270833333333215,0.14885159010600546,2.6899327845512484e-07,0.3232970592376018,-0.1276703335788041
2.268,0.0001489868891546564,0.19270833333333215,0.14885159010600546,8.910685459096921e-07,-0.12341468308184218,-0.2642713602345675
2.269,0.0001489868891546564,-0.8072916666666679,0.14885159010600546,2.8162912018601166e-07,-0.3990825578412365,-0.0368787956456217
2.27,0.0001489868891546564,0.19270833333333215,0.14885159010600546,-6.237603071546976e-07,-0.12323199424131503,0.23435342936729264
2.271,0.0001489868891546564,0.19270833333333215,0.14885159010600546,-6.052482324289724e-07,0.32241422709647816,0.1787167050601242
2.272,0.0001489868891546564,0.19270833333333215,0.14885159010600546,1.8491942015477246e-07,0.3221810297239841,-0.11807534162847967
2.273,0.0001489868891546564,0.19270833333333215,-0.8511484098939945,6.09920285598061e-07,-0.1229786872981873,-0.24493712347300634
2.274,0.0001489868891546564,-0.8072916666666679,0.14885159010600546,1.915573352184783e-07,-0.39768184345375035,-0.03536835680970795
2.275,0.0001489868891546564,0.19270833333333215,0.14885159010600546,-3.771360884605869e-07,-0.12280594812866444,0.21467991179737078
2.276,0.0001489868891546564,0.19270833333333215,0.14885159010600546,-3.5281605361537476e-07,0.32129796204703415,0.1650797667348431
2.277,0.0001489868891546564,0.19270833333333215,0.14885159010600546,8.855171761803484e-08,0.3210941833070118,-0.10569351143690377
2.278,0.0001489868891546564,0.19270833333333215,-0.8511484098939945,2.9364315409411016e-07,-0.12256982536849792,-0.22305893538399152
2.279,0.0001489868891546564,-0.8072916666666679,0.14885159010600546,9.204320929043552e-08,-0.3964263517544865,-0.03487062203347233
2.28,0.0001489868891546564,0.19270833333333215,0.14885159010600546,-1.293535131976903e-07,-0.12244238985922548,0.19230956985922848
2.281,0.0001489868891546564,0.19270833333333215,0.14885159010600546,-1.0730685100167297e-07,0.32038970215229245,0.15088046122457263
2.282,0.0001489868891546564,0.19270833333333215,0.14885159010600546,3.4074617438494864e-09,0.3202606697726956,-0.09144987211565131
2.283,0.0001489868891546564,0.19270833333333215,-0.8511484098939945,1.7181066561046273e-08,-0.12227496025158015,-0.199906223275202
2.284,0.0001489868891546564,-0.8072916666666679,0.14885159010600546,5.907747090529346e-09,-0.3955935224862326,-0.03519348825782416
2.285,0.0001489868891546564,0.19270833333333215,0.14885159010600546,6.359377170731504e-08,-0.12222528825202654,0.1688168339067864
2.286,0.0001489868891546564,0.19270833333333215,0.14885159010600546,7.756138408719274e-08,0.3199077879585528,0.136968475045557
2.287,0.0001489868891546564,0.19270833333333215,0.14885159010600546,-5.2176224903469054e-08,0.31989207704445266,-0.07651813791471843
2.288,0.0001489868891546564,0.19270833333333215,0.14885159010600546,-1.6263432423659103e-07,-0.12217307919830193,-0.17719089029766494
2.289,0.0001489868891546564,-0.8072916666666679,0.14885159010600546,-5.00241462415032e-08,-0.39542528860326925,-0.03619818809512701
2.29,0.0001489868891546564,0.19270833333333215,0.14885159010600546,1.6537005685860974e-07,-0.12222461797539144,0.14612752814799543
2.291,0.0001489868891546564,0.19270833333333215,0.14885159010600546,1.6918450367742565e-07,0.32002573052815436,0.12445432584113039
2.292,0.0001489868891546564,0.19270833333333215,0.14885159010600546,-6.918079338515277e-08,0.3201474514887619,-0.06220117662510368
2.293,0.0001489868891546564,0.19270833333333215,0.14885159010600546,-2.1969614437613838e-07,-0.12232000202307543,-0.15691040781672397
2.294,0.0001489868891546564,-0.8072916666666679,0.14885159010600546,-6.858200112374396e-08,-0.3960799370997846,-0.037823451729991686
2.295,0.0001489868891546564,0.19270833333333215,0.14885159010600546,1.671471667048363e-07,-0.12248199135160201,0.12632271273110396
2.296,0.0001489868891546564,0.19270833333333215,0.14885159010600546,1.6292980991809786e-07,0.3208353508686912,0.11459847629243597
2.297,0.0001489868891546564,0.19270833333333215,0.14885159010600546,-4.976409168263965e-08,0.3210980680357019,-0.049790908867032205
2.298,0.0001489868891546564,0.19270833333333215,-0.8511484098939945,-1.6367284552262053e-07,-0.12273542561676473,-0.14113080620465326
2.299,0.0001489868891546564,-0.8072916666666679,0.14885159010600546,-5.352051894107483e-08,-0.39759298912011765,-0.0400894992846277
2.3,0.0001489868891546564,0.19270833333333215,0.14885159010600546,8.873999639527834e-08,-0.122999504916144,0.11140485652083801
2.301,0.0001489868891546564,0.19270833333333215,0.14885159010600546,8.215744889269801e-08,0.3223196469996051,0.10866004264377316
2.302,0.0001489868891546564,0.19270833333333215,0.14885159010600546,-6.408256784671104e-09,0.32270300447306244,-0.040424582103339116
2.303,0.0001489868891546564,0.19270833333333215,0.14885159010600546,-3.6342060509916575e-08,-0.12339457142219025,-0.1317366898447902
2.304,0.0001489868891546564,-0.8072916666666679,0.14885159010600546,-1.8117655540952235e-08,-0.39985406080655433,-0.0430819994584458
2.305,0.0001489868891546564,0.19270833333333215,0.14885159010600546,-2.723876659047734e-08,-0.12373382634327139,0.10305604109432658
2.306,0.0001489868891546564,0.19270833333333215,0.14885159010600546,-2.859877514944653e-08,0.32434044622347613,0.107725515338654
2.307,0.0001489868891546564,0.19270833333333215,0.14885159010600546,4.145575955318334e-08,0.32480021227894307,-0.03495537570288797
2.308,0.0001489868891546564,0.19270833333333215,0.14885159010600546,9.995672387812324e-08,-0.12422610169188958,-0.13018181573627424
2.309,0.0001489868891546564,-0.8072916666666679,0.14885159010600546,1.8572142068729426e-08,-0.40260455131017375,-0.046919490087930095
2.31,0.0001489868891546564,0.19270833333333215,0.14885159010600546,-1.2686975499462228e-07,-0.1245968460908157,0.10242044731749224
2.311,0.0001489868891546564,0.19270833333333215,0.14885159010600546,-1.1572011344952524e-07,0.3266438763337018,0.11254208293361119
2.312,0.0001489868891546564,0.19270833333333215,0.14885159010600546,7.257791063261188e-08,0.3271156332903285,-0.033853874658011186
2.313,0.0001489868891546564,0.19270833333333215,0.14885159010600546,1.7908694410584397e-07,-0.1251170877924338,-0.13727535464647656
2.314,0.0001489868891546564,-0.8072916666666679,0.14885159010600546,3.693535042464239e-08,-0.4054580567406547,-0.05171046629933397
2.315,0.0001489868891546564,0.19270833333333215,0.14885159010600546,-1.5940576831214696e-07,-0.12546328444284915,0.10994131994274775
2.316,0.0001489868891546564,0.19270833333333215,0.14885159010600546,-1.3104775469164817e-07,0.32888411838391285,0.12338064353794179
2.317,0.0001489868891546564,0.19270833333333215,0.14885159010600546,6.958577781405855e-08,0.32929029086726075,-0.03715323868497074
2.318,0.0001489868891546564,0.19270833333333215,-0.8511484098939945,1.4918060058939405e-07,-0.12592477676343503,-0.15303536021899333
2.319,0.0001489868891546564,-0.8072916666666679,0.14885159010600546,2.225745519095735e-08,-0.40794205278059736,-0.05750801096155585
2.32,0.0001489868891546564,0.19270833333333215,0.14885159010600546,-9.133797037711208e-08,-0.1261846127727598,0.12527614320402594
2.321,0.0001489868891546564,0.19270833333333215,0.14885159010600546,-4.544678456619125e-08,0.3306631600762671,0.13995028078447352
2.322,0.0001489868891546564,0.19270833333333215,0.14885159010600546,2.3904317672642686e-08,0.33092256883948357,-0.04444536789847273
2.323,0.0001489868891546564,0.19270833333333215,0.14885159010600546,-1.2296565603710037e-08,-0.1264938640397131,-0.17663265475935552
2.324,0.0001489868891546564,-0.8072916666666679,0.14885159010600546,-3.0889640314814014e-08,-0.4095561197427083,-0.06427024553558161
2.325,0.0001489868891546564,0.19270833333333215,0.14885159010600546,8.333390390131692e-08,-0.1266076701015099,0.1473037601825989
2.326,0.0001489868891546564,0.19270833333333215,0.14885159010600546,1.4190018488995174e-07,0.3315817617947015,0.16137933658544693
2.327,0.0001489868891546564,0.19270833333333215,0.14885159010600546,-6.13000240647345e-08,0.33162048716600473,-0.05492877757507751
2.328,0.0001489868891546564,0.19270833333333215,0.14885159010600546,-2.9019358241976433e-07,-0.12667709719309203,-0.2064364708348797
2.329,0.0001489868891546564,-0.8072916666666679,0.14885159010600546,-1.1642513997954747e-07,-0.4098392952178306,-0.07183398514605804
2.33,0.0001489868891546564,0.19270833333333215,0.14885159010600546,3.392216639966011e-07,-0.12659558021338657,0.1742250396511497
2.331,0.0001489868891546564,0.19270833333333215,0.14885159010600546,4.0085646325467923e-07,0.33129495887685934,0.18626919971682881
2.332,0.0001489868891546564,0.19270833333333215,0.14885159010600546,-1.709278860291944e-07,0.3310570579349112,-0.06750216031408045
2.333,0.0001489868891546564,0.19270833333333215,-0.8511484098939945,-6.322991243099873e-07,-0.12635644388908546,-0.24015947554541767
2.334,0.0001489868891546564,-0.8072916666666679,0.14885159010600546,-2.173228284381537e-07,-0.40843744790987646,-0.07990694820360333
2.335,0.0001489868891546564,0.19270833333333215,0.14885159010600546,6.232519331674533e-07,-0.12604812187120615,0.20374617235326423
2.336,0.0001489868891546564,0.19270833333333215,0.14885159010600546,6.752665324296875e-07,0.32956445121862743,0.21281687001102828
2.337,0.0001489868891546564,0.19270833333333215,0.14885159010600546,-2.806753555510483e-07,0.32902103363939933,-0.08089168252418398
2.338,0.0001489868891546564,0.19270833333333215,-0.8511484098939945,-9.591980938636005e-07,-0.1254618520499663,-0.27508623704913426
2.339,0.0001489868891546564,-0.8072916666666679,0.14885159010600546,-3.0895277506384265e-07,-0.405161148502711,-0.08808101824666414
2.34,0.0001489868891546564,0.19270833333333215,0.14885159010600546,8.654313555681157e-07,-0.12491865096793431,0.23332256447349753
2.341,0.0001489868891546564,0.19270833333333215,0.14885159010600546,8.946536775449116e-07,0.3263003416267677,0.2389927242685912
2.342,0.0001489868891546564,0.19270833333333215,0.14885159010600546,-3.6218290787911886e-07,0.32545568019932025,-0.09379577085571457
2.343,0.0001489868891546564,0.19270833333333215,-0.8511484098939945,-1.181488383813073e-06,-0.12398485073179649,-0.308357733305108
2.344,0.0001489868891546564,-0.8072916666666679,0.14885159010600546,-3.6454720874463074e-07,-0.40002546278658024,-0.09586581530118728
2.345,0.0001489868891546564,0.19270833333333215,0.14885159010600546,9.94502907271122e-07,-0.12322503736328955,0.26043318154224204
2.346,0.0001489868891546564,0.19270833333333215,0.14885159010600546,9.902756277849555e-07,0.3215858872538076,0.26275210000458205
2.347,0.0001489868891546564,0.19270833333333215,0.14885159010600546,-3.8953080830901545e-07,0.32047959996554254,-0.10502909295300489
2.348,0.0001489868891546564,0.19270833333333215,-0.8511484098939945,-1.22071477543513e-06,-0.12198486343999608,-0.33727679361440005
2.349,0.0001489868891546564,-0.8072916666666679,0.14885159010600546,-3.6161782687832947e-07,-0.3932653023082585,-0.1027386849517893
2.35,0.0001489868891546564,0.19270833333333215,0.14885159010600546,9.551094420287844e-07,-0.12105281824311127,0.28285122689569797
2.351,0.0001489868891546564,0.19270833333333215,0.14885159010600546,9.120302918619276e-07,0.31568107316410676,0.2822544443499558
2.352,0.0001489868891546564,0.19270833333333215,0.14885159010600546,-3.456546428125789e-07,0.3143859170947156,-0.11364789802707063
2.353,0.0001489868891546564,0.19270833333333215,-0.8511484098939945,-1.0293686541362739e-06,-0.11958704901048978,-0.3595964850663595
2.354,0.0001489868891546564,-0.8072916666666679,0.14885159010600546,-2.8788130119443304e-07,-0.3853231454048565,-0.10820461369368288
2.355,0.0001489868891546564,0.19270833333333215,0.14885159010600546,7.225888253683624e-07,-0.11854978594183639,0.29887774662849137
2.356,0.0001489868891546564,0.19270833333333215,0.14885159010600546,6.423537377960871e-07,0.3090036126394106,0.2960625246363056
2.357,0.0001489868891546564,0.19270833333333215,0.14885159010600546,-2.2721036366677327e-07,0.3076190077414961,-0.1190417606095342
2.358,0.0001489868891546564,0.19270833333333215,-0.8511484098939945,-6.053060480822594e-07,-0.11697161842291422,-0.37375577468356846
2.359,0.0001489868891546564,-0.8072916666666679,0.14885159010600546,-1.4529577016776688e-07,-0.3768096479969762,-0.11185790305545511
2.36,0.0001489868891546564,0.19270833333333215,0.14885159010600546,3.118864676198854e-07,-0.11591238105659774,0.3075099833298423
2.361,0.0001489868891546564,0.19270833333333215,0.14885159010600546,2.0375782471221396e-07,0.3020890355491739,0.303296709982472
2.362,0.0001489868891546564,0.19270833333333215,0.14885159010600546,-4.670120710563653e-08,0.30073100970239625,-0.12098161828159189
2.363,0.0001489868891546564,0.19270833333333215,-0.8511484098939945,3.0168706604852347e-09,-0.11435573963007854,-0.379033924164489
2.364,0.0001489868891546564,-0.8072916666666679,0.14885159010600546,4.882663214140503e-08,-0.3684413777684032,-0.11343692213134508
2.365,0.0001489868891546564,0.19270833333333215,0.14885159010600546,-2.2176800142310903e-07,-0.11336538912435651,0.308525247156535
2.366,0.0001489868891546564,0.19270833333333215,0.14885159010600546,-3.42070245049084e-07,0.29553441189484864,0.3037252145280678
2.367,0.0001489868891546564,0.19270833333333215,0.14885159010600546,1.687635128375276e-07,0.2943231482839815,-0.11962008298945956
2.368,0.0001489868891546564,0.19270833333333215,0.14885159010600546,7.022019988723775e-07,-0.11197017149992218,-0.3756059348865599
2.369,0.0001489868891546564,-0.8072916666666679,0.14885159010600546,2.6405829600874367e-07,-0.3609630992730158,-0.11286398296545885
2.37,0.0001489868891546564,0.19270833333333215,0.14885159010600546,-7.9104509967844e-07,-0.11113738042420392,0.3024724082584229
2.371,0.0001489868891546564,0.19270833333333215,0.14885159010600546,-9.038983380430884e-07,0.28993256090854574,0.29777957760160645
2.372,0.0001489868891546564,0.19270833333333215,0.14885159010600546,3.819900909325513e-07,0.2889790666488007,-0.1154464398549379
2.373,0.0001489868891546564,0.19270833333333215,-0.8511484098939945,1.3698316635260235e-06,-0.11003351536020535,-0.3644943738351493
2.374,0.0001489868891546564,-0.8072916666666679,0.14885159010600546,4.621464575249324e-07,-0.35506425321619717,-0.11026424685479468
2.375,0.0001489868891546564,0.19270833333333215,0.14885159010600546,-1.2922550842644109e-06,-0.10943495193572303,0.2905752004751091
2.376,0.0001489868891546564,0.19270833333333215,0.14885159010600546,-1.3776837933756633e-06,0.28580498592479525,0.2864943457251072
2.377,0.0001489868891546564,0.19270833333333215,0.14885159010600546,5.526904572057463e-07,0.28519853932545847,-0.10920460148967695
2.378,0.0001489868891546564,0.19270833333333215,-0.8511484098939945,1.8777364694830848e-06,-0.10872733119629592,-0.3474262287377697
2.379,0.0001489868891546564,-0.8072916666666679,0.14885159010600546,6.043682819144515e-07,-0.3513001900544423,-0.10596031534031511
2.38,0.0001489868891546564,0.19270833333333215,0.14885159010600546,-1.6256222593197212e-06,-0.10841903748779794,0.27456266173674293
2.381,0.0001489868891546564,0.19270833333333215,0.14885159010600546,-1.6671548529525542e-06,0.28354204981810205,0.27137956542498504
2.382,0.0001489868891546564,0.19270833333333215,0.14885159010600546,6.45555953184005e-07,0.283340002378384,-0.10178674481010597
2.383,0.0001489868891546564,0.19270833333333215,-0.8511484098939945,2.117958061831493e-06,-0.10817528333722541,-0.32661522630948076
2.384,0.0001489868891546564,0.19270833333333215,0.14885159010600546,6.594674143056235e-07,-0.35002819983276345,-0.10044240904681051
2.385,0.0001489868891546564,0.19270833333333215,0.14885159010600546,-1.7159585552655218e-06,-0.10818631451520089,0.2564507110906498
2.386,0.0001489868891546564,0.19270833333333215,0.14885159010600546,-1.7040056016573984e-06,0.28335802187090087,0.25424298821044317
2.387,0.0001489868891546564,0.19270833333333215,0.14885159010600546,6.377398170568064e-07,0.28357923987474537,-0.09411783788902871
2.388,0.0001489868891546564,0.19270833333333215,-0.8511484098939945,2.02597878701396e-06,-0.1084289682470335,-0.3044987407991946
2.389,0.0001489868891546564,-0.8072916666666679,0.14885159010600546,6.104991561558252e-07,-0.35136649480499266,-0.0943173427295435
2.39,0.0001489868891546564,0.19270833333333215,0.14885159010600546,-1.5293482588089794e-06,-0.10875808482898085,0.23830397092556427
2.391,0.0001489868891546564,0.19270833333333215,0.14885159010600546,-1.4633829433005653e-06,0.2852667060750017,0.23698475087164916
2.392,0.0001489868891546564,0.19270833333333215,0.14885159010600546,5.24136672018445e-07,0.285889474249181,-0.08704649691285671
2.393,0.0001489868891546564,0.19270833333333215,0.14885159010600546,1.5961662744694652e-06,-0.10946220653933363,-0.28346295154247614
2.394,0.0001489868891546564,-0.8072916666666679,0.14885159010600546,4.5907961109816315e-07,-0.3551813110995012,-0.08824240962199548
2.395,0.0001489868891546564,0.19270833333333215,0.14885159010600546,-1.0821462877871709e-06,-0.11007803257733928,0.22200793382696288
2.396,0.0001489868891546564,0.19270833333333215,0.14885159010600546,-9.711907132721407e-07,0.28908067149679806,0.22139001683930665
2.397,0.0001489868891546564,0.19270833333333215,0.14885159010600546,3.192608971822866e-07,0.29004530996593697,-0.081255673278712
2.398,0.0001489868891546564,0.19270833333333215,-0.8511484098939945,8.858625896268319e-07,-0.11117447457059755,-0.26558983345440884
2.399,0.0001489868891546564,-0.8072916666666679,0.14885159010600546,2.2603409799244254e-07,-0.3611036185612889,-0.08285238988241883
2.4,0.0001489868891546564,0.19270833333333215,0.14885159010600546,-4.4010318847827313e-07,-0.1120191011418703,0.20907850580384157
2.401,0.0001489868891546564,0.19270833333333215,0.14885159010600546,-3.0136005663126426e-07,0.29443402335832247,0.20894439399149195
2.402,0.0001489868891546564,0.19270833333333215,0.14885159010600546,5.5209654694168096e-08,0.29564986636001334,-0.07720295502592854
2.403,0.0001489868891546564,0.19270833333333215,-0.8511484098939945,6.844365691936204e-09,-0.11340296234873148,-0.2524551004146478
2.404,0.0001489868891546564,-0.8072916666666679,0.14885159010600546,-5.182734759325383e-08,-0.36857307670206557,-0.07868890267327605
2.405,0.0001489868891546564,0.19270833333333215,0.14885159010600546,2.925438323293177e-07,-0.1143985441032362,0.20052946590451548
2.406,0.0001489868891546564,0.19270833333333215,0.14885159010600546,4.366940649974908e-07,0.30082560744967607,0.20069309868511348
2.407,0.0001489868891546564,0.19270833333333215,0.14885159010600546,-2.2399019572165966e-07,0.3021814394248606,-0.07509541981295423
2.408,0.0001489868891546564,0.19270833333333215,0.14885159010600546,-8.944832681213521e-07,-0.1159416383597475,-0.24499818538568444
2.409,0.0001489868891546564,-0.8072916666666679,0.14885159010600546,-3.2826698974602607e-07,-0.37690338237463433,-0.07614108445170319
2.41,0.0001489868891546564,0.19270833333333215,0.14885159010600546,9.92057762416242e-07,-0.11699915807242248,0.19680955568892874
2.411,0.0001489868891546564,0.19270833333333215,0.14885159010600546,1.1181292727727789e-06,0.3076769494935055,0.1971584536428664
2.412,0.0001489868891546564,0.19270833333333215,0.14885159010600546,-4.705813518208464e-07,0.3090535655086219,-0.0748987810634293
2.413,0.0001489868891546564,0.19270833333333215,-0.8511484098939945,-1.6643811766336452e-06,-0.11856482889708256,-0.24347500401635647
2.414,0.0001489868891546564,-0.8072916666666679,0.14885159010600546,-5.562496856779689e-07,-0.3853604976194204,-0.07540512259931609
2.415,0.0001489868891546564,0.19270833333333215,0.14885159010600546,1.5385577495068627e-06,-0.11959394020657711,0.19781111154461506
2.416,0.0001489868891546564,0.19270833333333215,0.14885159010600546,1.626301828591866e-06,0.31439744470242603,0.19832234154298126
2.417,0.0001489868891546564,0.19270833333333215,0.14885159010600546,-6.421906631539725e-07,0.3156807544053843,-0.07637581737907305
2.418,0.0001489868891546564,0.19270833333333215,-0.8511484098939945,-2.171114157720601e-06,-0.1210522951528248,-0.2474931313851965
2.419,0.0001489868891546564,-0.8072916666666679,0.14885159010600546,-6.969196643475272e-07,-0.39324377593244453,-0.07646769654476594
2.42,0.0001489868891546564,0.19270833333333215,0.14885159010600546,1.839033044891539e-06,-0.12197103188458079,0.202942796775873
2.421,0.0001489868891546564,0.19270833333333215,0.14885159010600546,1.8751800164770337e-06,0.32044856185316395,0.20367180861189899
2.422,0.0001489868891546564,0.19270833333333215,0.14885159010600546,-7.100025497454571e-07,0.32154162061586344,-0.07914544643822873
2.423,0.0001489868891546564,0.19270833333333215,-0.8511484098939945,-2.330344065752951e-06,-0.12321268029523895,-0.2561186660410541
2.424,0.0001489868891546564,-0.8072916666666679,0.14885159010600546,-7.270873510730903e-07,-0.39995990066474685,-0.07911521366175434
2.425,0.0001489868891546564,0.19270833333333215,0.14885159010600546,1.8452839912277792e-06,-0.12395585768323251,0.21125134357354655
2.426,0.0001489868891546564,0.19270833333333215,0.14885159010600546,1.8259248955629148e-06,0.325399191699053,0.2122982529158928
2.427,0.0001489868891546564,0.19270833333333215,0.14885159010600546,-6.642997542758992e-07,0.32623172090757085,-0.08275176231007522
2.428,0.0001489868891546564,0.19270833333333215,0.14885159010600546,-2.121311112998133e-06,-0.1249025063773654,-0.26803580498781293
2.429,0.0001489868891546564,-0.8072916666666679,0.14885159010600546,-6.436693251880939e-07,-0.4050807932827014,-0.08296730763850456
2.43,0.0001489868891546564,0.19270833333333215,0.14885159010600546,1.5630461451953052e-06,-0.12542782928046656,0.2215722131122233
2.431,0.0001489868891546564,0.19270833333333215,0.14885159010600546,1.494167727742809e-06,0.3289656737323817,0.22303452421000566
2.432,0.0001489868891546564,0.19270833333333215,0.14885159010600546,-5.162077637043764e-07,0.3294999963656069,-0.08673208731940658
2.433,0.0001489868891546564,0.19270833333333215,0.14885159010600546,-1.5903917460486273e-06,-0.12603857383303632,-0.2817349759213102
2.434,0.0001489868891546564,-0.8072916666666679,0.14885159010600546,-4.641406958958109e-07,-0.4083790352673712,-0.087529864074174
2.435,0.0001489868891546564,0.19270833333333215,0.14885159010600546,1.0503541758688784e-06,-0.12632978294753391,0.23268721654544558
2.436,0.0001489868891546564,0.19270833333333215,0.14885159010600546,9.464207538959341e-07,0.33103225633955446,0.2346105186456888
2.437,0.0001489868891546564,0.19270833333333215,0.14885159010600546,-2.952629068010712e-07,0.33126507065526456,-0.09067449440780005
2.438,0.0001489868891546564,0.19270833333333215,-0.8511484098939945,-8.41232358225395e-07,-0.1266025514451749,-0.29570375004195526
2.439,0.0001489868891546564,-0.8072916666666679,0.14885159010600546,-2.2288548537716827e-07,-0.4098375135001399,-0.09226029557314624
2.44,0.0001489868891546564,0.19270833333333215,0.14885159010600546,4.054430247278495e-07,-0.12666933651373027,0.2434684167689127
2.441,0.0001489868891546564,0.19270833333333215,0.14885159010600546,2.863260296012729e-07,0.3316504525838434,0.24580683204091136
2.442,0.0001489868891546564,0.19270833333333215,0.14885159010600546,-4.3299320076438244e-08,0.3316104250233884,-0.09425797574277392
2.443,0.0001489868891546564,0.19270833333333215,-0.8511484098939945,-1.3474930779274248e-08,-0.1266376052594785,-0.3085966496989072
2.444,0.0001489868891546564,-0.8072916666666679,0.14885159010600546,3.580751493297645e-08,-0.4096334835559641,-0.09663625980213164
2.445,0.0001489868891546564,0.19270833333333215,0.14885159010600546,-2.533105199226244e-07,-0.12651243918230262,0.2529916062428573
2.446,0.0001489868891546564,0.19270833333333215,0.14885159010600546,-3.6640717291158694e-07,0.33101855807933867,0.2555877175334319
2.447,0.0001489868891546564,0.19270833333333215,0.14885159010600546,1.9407039108533683e-07,0.3307602583486978,-0.09727192879488152
2.448,0.0001489868891546564,0.19270833333333215,-0.8511484098939945,7.454904628588705e-07,-0.1262379510376442,-0.3193648501639386
2.449,0.0001489868891546564,-0.8072916666666679,0.14885159010600546,2.6664387830651756e-07,-0.40810055659237654,-0.1002187101862233
2.45,0.0001489868891546564,0.19270833333333215,0.14885159010600546,-8.112083359268013e-07,-0.12597039207578342,0.26060853513058946
2.451,0.0001489868891546564,0.19270833333333215,0.14885159010600546,-8.999671166428091e-07,0.3294451087816128,0.2631985972412498
2.452,0.0001489868891546564,0.19270833333333215,0.14885159010600546,3.7659141252189173e-07,0.3290402615043534,-0.09961528078913817
2.453,0.0001489868891546564,0.19270833333333215,-0.8511484098939945,1.3098183685682196e-06,-0.12553308526414853,-0.3273337622149324
2.454,0.0001489868891546564,-0.8072916666666679,0.14885159010600546,4.3225185647891627e-07,-0.40567480320127575,-0.10270112776154151
2.455,0.0001489868891546564,0.19270833333333215,0.14885159010600546,-1.1798061276556071e-06,-0.1251824026919151,0.2659738461605298
2.456,0.0001489868891546564,0.19270833333333215,0.14885159010600546,-1.2322704584401914e-06,0.32730194051050815,0.2682190360993834
2.457,0.0001489868891546564,0.19270833333333215,0.14885159010600546,4.771957854873705e-07,0.32682926954684605,-0.10127877993252099
2.458,0.0001489868891546564,0.19270833333333215,-0.8511484098939945,1.5993860956732512e-06,-0.1246690418440329,-0.33222446030389874
2.459,0.0001489868891546564,-0.8072916666666679,0.14885159010600546,5.102655918739604e-07,-0.40283288659634137,-0.10393886087430039
2.46,0.0001489868891546564,0.19270833333333215,0.14885159010600546,-1.3134970414451367e-06,-0.12429620269291715,0.2690293162039438
2.461,0.0001489868891546564,0.19270833333333215,0.14885159010600546,-1.32607612856687e-06,0.32497353589883937,0.27056855068854735
2.462,0.0001489868891546564,0.19270833333333215,0.14885159010600546,4.868792125602159e-07,0.3245085929307501,-0.102316271903218
2.463,0.0001489868891546564,0.19270833333333215,0.14885159010600546,1.5937928039692752e-06,-0.12378926663276099,-0.33412272979459356
2.464,0.0001489868891546564,-0.8072916666666679,0.14885159010600546,4.97085039822748e-07,-0.40003069415344006,-0.1039553919472208
2.465,0.0001489868891546564,0.19270833333333215,0.14885159010600546,-1.2166463632263457e-06,-0.12344935539037791,0.2699535830346622
2.466,0.0001489868891546564,0.19270833333333215,0.14885159010600546,-1.1942465053401938e-06,0.32280940716430734,0.2704689897115118
2.467,0.0001489868891546564,0.19270833333333215,0.14885159010600546,4.1561772923359234e-07,0.3224156966239865,-0.10281186814589087
2.468,0.0001489868891546564,0.19270833333333215,-0.8511484098939945,1.3333150801668488e-06,-0.12301758299405643,-0.33340610202174703
2.469,0.0001489868891546564,-0.8072916666666679,0.14885159010600546,4.075535966339442e-07,-0.3976503106431139,-0.10292563433576558
2.47,0.0001489868891546564,0.19270833333333215,0.14885159010600546,-9.398677674869311e-07,-0.12275361177280511,0.2690893632526255
2.471,0.0001489868891546564,0.19270833333333215,0.14885159010600546,-8.941580948981541e-07,0.3210854047240556,0.2683726447774365
2.472,0.0001489868891546564,0.19270833333333215,0.14885159010600546,2.891769937819987e-07,0.32080786194339034,-0.1028497369224513
2.473,0.0001489868891546564,0.19270833333333215,-0.8511484098939945,9.067920815352176e-07,-0.12244527416630464,-0.33064383446622175
2.474,0.0001489868891546564,-0.8072916666666679,0.14885159010600546,2.706833020926416e-07,-0.3959615181106342,-0.10113955814835336
2.475,0.0001489868891546564,0.19270833333333215,0.14885159010600546,-5.663998172886948e-07,-0.12228409894070243,0.26686187655521815
2.476,0.0001489868891546564,0.19270833333333215,0.14885159010600546,-5.12632858448024e-07,0.31997823175316037,0.26486906359024925
2.477,0.0001489868891546564,0.19270833333333215,0.14885159010600546,1.4256539541726985e-07,0.3198397242391698,-0.10249196224500423
2.478,0.0001489868891546564,0.19270833333333215,-0.8511484098939945,4.292743817543212e-07,-0.12212361274361483,-0.3264869210913102
2.479,0.0001489868891546564,-0.8072916666666679,0.14885159010600546,1.224231198664758e-07,-0.3951016063490232,-0.09895208791799841
2.48,0.0001489868891546564,0.19270833333333215,0.14885159010600546,-1.9171450212198917e-07,-0.12207434085944292,0.26370175610882557
2.481,0.0001489868891546564,0.19270833333333215,0.14885159010600546,-1.448440292979034e-07,0.3195553519066352,0.26058532942282103
2.482,0.0001489868891546564,0.19270833333333215,0.14885159010600546,1.1621684635296814e-08,0.319556416137553,-0.10176784401933732
2.483,0.0001489868891546564,0.19270833333333215,-0.8511484098939945,1.4526738923390722e-08,-0.1220623356986079,-0.32156480382054037
2.484,0.0001489868891546564,-0.8072916666666679,0.14885159010600546,-2.8825454447206136e-09,-0.3950745160016025,-0.0967269288057035
2.485,0.0001489868891546564,0.19270833333333215,0.14885159010600546,9.901303320059822e-08,-0.1221172419859671,0.2599834286480041
2.486,0.0001489868891546564,0.19270833333333215,0.14885159010600546,1.2801549387856003e-07,0.31978022533623474,0.256094223013725
2.487,0.0001489868891546564,0.19270833333333215,0.14885159010600546,-7.53565039405138e-08,0.31990179234997984,-0.10067557976142164
2.488,0.0001489868891546564,0.19270833333333215,-0.8511484098939945,-2.513789833637325e-07,-0.12223372026921148,-0.3164027718097952
2.489,0.0001489868891546564,-0.8072916666666679,0.14885159010600546,-8.040678371247566e-08,-0.395767626510233,-0.09478252663318273
2.49,0.0001489868891546564,0.19270833333333215,0.14885159010600546,2.5046205936435555e-07,-0.12237133872682998,0.25598631146224465
2.491,0.0001489868891546564,0.19270833333333215,0.14885159010600546,2.5723278257275427e-07,0.320530725613912,0.25184237345120725
2.492,0.0001489868891546564,0.19270833333333215,0.14885159010600546,-1.0404122120285472e-07,0.3207391940032685,-0.09919491747437617
2.493,0.0001489868891546564,0.19270833333333215,0.14885159010600546,-3.2937680840016607e-07,-0.12258118146895061,-0.31136963794711103
2.494,0.0001489868891546564,-0.8072916666666679,0.14885159010600546,-1.003248044060472e-07,-0.3969822252854171,-0.09334769521257241
2.495,0.0001489868891546564,0.19270833333333215,0.14885159010600546,2.492929466486991e-07,-0.12277095712733276,0.25188185251279777
2.496,0.0001489868891546564,0.19270833333333215,0.14885159010600546,2.3702148826513228e-07,0.32162696239674377,0.24810666780270582
2.497,0.0001489868891546564,0.19270833333333215,0.14885159010600546,-7.708724005424988e-08,0.3218807005804704,-0.09730748442018236
2.498,0.0001489868891546564,0.19270833333333215,-0.8511484098939945,-2.3520003800439723e-07,-0.12303078306087512,-0.3066599157172135
2.499,0.0001489868891546564,-0.8072916666666679,0.14885159010600546,-6.96138937388146e-08,-0.39847214865258856,-0.09253268491947812
2.5,0.0001489868891546564,0.19270833333333215,0.14885159010600546,1.2604509799036296e-07,-0.12323849266478751,0.24774511670902097
2.501,0.0001489868891546564,0.19270833333333215,0.14885159010600546,1.0450008365983672e-07,0.3228637634424858,0.24498244585579543
2.502,0.0001489868891546564,0.19270833333333215,0.14885159010600546,-1.3022354337239257e-08,0.3231199975310676,-0.09502034120233789
2.503,0.0001489868891546564,0.19270833333333215,-0.8511484098939945,-3.382284806617946e-08,-0.12350379194903799,-0.30230919920893295
2.504,0.0001489868891546564,-0.8072916666666679,0.14885159010600546,-9.745431877302277e-09,-0.3999844403624542,-0.09231891853394386
2.505,0.0001489868891546564,0.19270833333333215,0.14885159010600546,-5.367882158560789e-08,-0.12369689322137858,0.2435859043848127
2.506,0.0001489868891546564,0.19270833333333215,0.14885159010600546,-7.083851635300742e-08,0.3240428481123065,0.24240207074164521
2.507,0.0001489868891546564,0.19270833333333215,0.14885159010600546,5.875601707049488e-08,0.3242639262829877,-0.09238799515196568
2.508,0.0001489868891546564,0.19270833333333215,0.14885159010600546,1.7823675258852245e-07,-0.1239284297149786,-0.29823654677271144
2.509,0.0001489868891546564,-0.8072916666666679,0.14885159010600546,4.921330313997495e-08,-0.40129615751987413,-0.09256770145991033
2.51,0.0001489868891546564,0.19270833333333215,0.14885159010600546,-2.0676803392447071e-07,-0.12408057752377223,0.2393917356920421
2.511,0.0001489868891546564,0.19270833333333215,0.14885159010600546,-2.0578383712212063e-07,0.3250002298328637,0.24017804561110936
2.512,0.0001489868891546564,0.19270833333333215,0.14885159010600546,1.0574822188936535e-07,0.32515843324967947,-0.08952858667076367
2.513,0.0001489868891546564,0.19270833333333215,-0.8511484098939945,2.9871658985256204e-07,-0.12424926005844432,-0.29430401598235534
2.514,0.0001489868891546564,-0.8072916666666679,0.14885159010600546,7.67302973251819e-08,-0.40224255563598005,-0.09304539116358777
2.515,0.0001489868891546564,0.19270833333333215,0.14885159010600546,-2.548672253766695e-07,-0.12434341447097065,0.23517371076698437
2.516,0.0001489868891546564,0.19270833333333215,0.14885159010600546,-2.25882696847901e-07,0.32562548850655676,0.23806154484817021
2.517,0.0001489868891546564,0.19270833333333215,0.14885159010600546,1.0109178514180356e-07,0.32570584586930657,-0.08663106389760522
2.518,0.0001489868891546564,0.19270833333333215,-0.8511484098939945,2.475152410587277e-07,-0.12443313599555865,-0.2903815137841844
2.519,0.0001489868891546564,-0.8072916666666679,0.14885159010600546,5.026873070340073e-08,-0.4027335795779042,-0.09346022646737819
2.52,0.0001489868891546564,0.19270833333333215,0.14885159010600546,-1.4613459653437683e-07,-0.12446294675993669,0.2310063186570389
2.521,0.0001489868891546564,0.19270833333333215,0.14885159010600546,-8.643725800786472e-08,0.32587104719973653,0.2358054672862444
2.522,0.0001489868891546564,0.19270833333333215,0.14885159010600546,3.121109194117791e-08,0.3258719541405829,-0.08395163160007868
2.523,0.0001489868891546564,0.19270833333333215,-0.8511484098939945,-9.934273301510628e-09,-0.12447122928803507,-0.28640498142224713
2.524,0.0001489868891546564,-0.8072916666666679,0.14885159010600546,-3.795299660056992e-08,-0.4027575785988204,-0.09350461406851182
2.525,0.0001489868891546564,0.19270833333333215,0.14885159010600546,1.2874235527790618e-07,-0.12444066892241218,0.22705359091611696
2.526,0.0001489868891546564,0.19270833333333215,0.14885159010600546,2.130702535409454e-07,0.3257512191404695,0.2332210862203772
2.527,0.0001489868891546564,0.19270833333333215,0.14885159010600546,-9.949149962767212e-08,0.3256830085077725,-0.0817993238252155
2.528,0.0001489868891546564,0.19270833333333215,0.14885159010600546,-4.49599178616839e-07,-0.12437727949570156,-0.28241754681457854
2.529,0.0001489868891546564,-0.8072916666666679,0.14885159010600546,-1.7759340042741935e-07,-0.4023731320171178,-0.09289633568255222
2.53,0.0001489868891546564,0.19270833333333215,0.14885159010600546,5.303383296273448e-07,-0.1242987661074203,0.2235763071534315
2.531,0.0001489868891546564,0.19270833333333215,0.14885159010600546,6.248545939216276e-07,0.3253323075867621,0.23021900152552421
2.532,0.0001489868891546564,0.19270833333333215,0.14885159010600546,-2.6814773486482383e-07,0.32521420936230344,-0.08051196323348377
2.533,0.0001489868891546564,0.19270833333333215,-0.8511484098939945,-9.896638704400345e-07,-0.12418273875223212,-0.27858634086137024
2.534,0.0001489868891546564,-0.8072916666666679,0.14885159010600546,-3.411709876684885e-07,-0.40169152586296497,-0.09141287859240584
2.535,0.0001489868891546564,0.19270833333333215,0.14885159010600546,9.760195175195355e-07,-0.1240741988831863,0.22091789756461822
2.536,0.0001489868891546564,0.19270833333333215,0.14885159010600546,1.0604733820942342e-06,0.32471622569045777,0.2268280910435561
2.537,0.0001489868891546564,0.19270833333333215,0.14885159010600546,-4.374562307573893e-07,0.32457235481143953,-0.0804248632107981
2.538,0.0001489868891546564,0.19270833333333215,-0.8511484098939945,-1.5057145035981586e-06,-0.12392987681620818,-0.2751917100192903
2.539,0.0001489868891546564,-0.8072916666666679,0.14885159010600546,-4.893808818066902e-07,-0.4008535387878953,-0.08891472667040924
2.54,0.0001489868891546564,0.19270833333333215,0.14885159010600546,1.3564969755776868e-06,-0.12381131909058218,0.21946985369564012
2.541,0.0001489868891546564,0.19270833333333215,0.14885159010600546,1.4090379514123364e-06,0.3240208066709268,0.22319002133051463
2.542,0.0001489868891546564,0.19270833333333215,0.14885159010600546,-5.635228905477723e-07,0.3238758998645835,-0.08183532492658759
2.543,0.0001489868891546564,0.19270833333333215,-0.8511484098939945,-1.857472227846883e-06,-0.12366410360283361,-0.27258998340832485
2.544,0.0001489868891546564,-0.8072916666666679,0.14885159010600546,-5.797216756794409e-07,-0.4000046560446797,-0.0853556507035289
2.545,0.0001489868891546564,0.19270833333333215,0.14885159010600546,1.560115685537598e-06,-0.12355429309633548,0.21962046799465706
2.546,0.0001489868891546564,0.19270833333333215,0.14885159010600546,1.5622934641021266e-06,0.3233601325382166,0.21953100671835735
2.547,0.0001489868891546564,0.19270833333333215,0.14885159010600546,-6.058900573386263e-07,0.32323571814194474,-0.084966292886706
2.548,0.0001489868891546564,0.19270833333333215,0.14885159010600546,-1.9214718311183395e-06,-0.12342675118393667,-0.2711551592148925
2.549,0.0001489868891546564,-0.8072916666666679,0.14885159010600546,-5.765991159232402e-07,-0.399272622596975,-0.08078038935387938
2.55,0.0001489868891546564,0.19270833333333215,0.14885159010600546,1.499666235608745e-06,-0.12334049708841242,0.22169323883836844
2.551,0.0001489868891546564,0.19270833333333215,0.14885159010600546,1.4411255238545836e-06,0.32282784743912957,0.21611626893729588
2.552,0.0001489868891546564,0.19270833333333215,0.14885159010600546,-5.375613004095417e-07,0.3227393912274196,-0.08993253660714025
2.553,0.0001489868891546564,0.19270833333333215,-0.8511484098939945,-1.6224603317286462e-06,-0.12324935498098948,-0.27120829925570433
2.554,0.0001489868891546564,-0.8072916666666679,0.14885159010600546,-4.606475493301056e-07,-0.3987504637480636,-0.07531218486579276
2.555,0.0001489868891546564,0.19270833333333215,0.14885159010600546,1.1356841874456985e-06,-0.12319577082730558,0.22588303708768126
2.556,0.0001489868891546564,0.19270833333333215,0.14885159010600546,1.0174647746962332e-06,0.32248564295956283,0.213195480685189
2.557,0.0001489868891546564,0.19270833333333215,0.14885159010600546,-3.527255986450765e-07,0.32244099988241093,-0.09671252796479493
2.558,0.0001489868891546564,0.19270833333333215,-0.8511484098939945,-9.56232176959702e-07,-0.12315013259834637,-0.2729456108080983
2.559,0.0001489868891546564,-0.8072916666666679,0.14885159010600546,-2.3507731713275886e-07,-0.3984869188080108,-0.06913406461948117
2.56,0.0001489868891546564,0.19270833333333215,0.14885159010600546,4.907043561128351e-07,-0.1231320308049656,0.23219895391998085
2.561,0.0001489868891546564,0.19270833333333215,0.14885159010600546,3.2630734612305395e-07,0.3223580669244079,0.21094895524647733
2.562,0.0001489868891546564,0.19270833333333215,0.14885159010600546,-7.029172208654547e-08,0.3223573242553569,-0.10512887662238153
2.563,0.0001489868891546564,0.19270833333333215,0.14885159010600546,1.8088493859780237e-09,-0.12313294409769834,-0.2763768611723626
2.564,0.0001489868891546564,-0.8072916666666679,0.14885159010600546,7.258135250700163e-08,-0.39848487233077734,-0.06246830572777483
2.565,0.0001489868891546564,0.19270833333333215,0.14885159010600546,-3.493024327887892e-07,-0.12314732184034173,0.24042254743019048
2.566,0.0001489868891546564,0.19270833333333215,0.14885159010600546,-5.354722489751462e-07,0.3224337002904231,0.20944425666079397
2.567,0.0001489868891546564,0.19270833333333215,0.14885159010600546,2.678118947214818e-07,0.3224702646592061,-0.1148398187116429
2.568,0.0001489868891546564,0.19270833333333215,-0.8511484098939945,1.1051589138488106e-06,-0.12318860105124912,-0.2812848152169964
2.569,0.0001489868891546564,-0.8072916666666679,0.14885159010600546,4.140176535803374e-07,-0.39870705872125267,-0.05555812364686328
2.57,0.0001489868891546564,0.19270833333333215,0.14885159010600546,-1.2474106986046887e-06,-0.12322799773796479,0.250088975467792
2.571,0.0001489868891546564,0.19270833333333215,0.14885159010600546,-1.4240602399798036e-06,0.32267174924735953,0.20861127368952903
2.572,0.0001489868891546564,0.19270833333333215,0.14885159010600546,6.035062324071031e-07,0.3227343456097094,-0.12534381622311444
2.573,0.0001489868891546564,0.19270833333333215,0.14885159010600546,2.160940254726834e-06,-0.12329803907231776,-0.28721391360510756
2.574,0.0001489868891546564,-0.8072916666666679,0.14885159010600546,7.285022706232298e-07,-0.3990872607613551,-0.048654410097492835
2.575,0.0001489868891546564,0.19270833333333215,0.14885159010600546,-2.0402160920278063e-06,-0.12335242477735242,0.26049632956602004
2.576,0.0001489868891546564,0.19270833333333215,0.14885159010600546,-2.17492611726913e-06,0.32301235854991217,0.2082408809760385
2.577,0.0001489868891546564,0.19270833333333215,0.14885159010600546,8.733938295179307e-07,0.3230874992355984,-0.13599875167591438
2.578,0.0001489868891546564,0.19270833333333215,-0.8511484098939945,2.9663779278950413e-06,-0.12343662943326641,-0.2934927135005974
2.579,0.0001489868891546564,-0.8072916666666679,0.14885159010600546,9.545265967198125e-07,-0.39954456306971975,-0.04200859370433858
2.58,0.0001489868891546564,0.19270833333333215,0.14885159010600546,-2.5696596984126756e-06,-0.12349543424375878,0.2707455400829164
2.581,0.0001489868891546564,0.19270833333333215,0.14885159010600546,-2.635268832077141e-06,0.32338855983423415,0.2080085515733285
2.582,0.0001489868891546564,0.19270833333333215,-0.8511484098939945,1.021427392694511e-06,0.32346301749312023,-0.14605640129601938
2.583,0.0001489868891546564,0.19270833333333215,-0.8511484098939945,3.3497859760848744e-06,-0.12357880695265049,-0.29929014531516623
2.584,0.0001489868891546564,-0.8072916666666679,0.14885159010600546,1.0423843504016164e-06,-0.3999980230299046,-0.035870797600350966
2.585,0.0001489868891546564,0.19270833333333215,0.14885159010600546,-2.715743356612795e-06,-0.12363272514713512,0.2798097582545953
2.586,0.0001489868891546564,0.19270833333333215,0.14885159010600546,-2.696041956827463e-06,0.3237377528790134,0.20752026289542957
2.587,0.0001489868891546564,0.19270833333333215,0.14885159010600546,1.0107964632778354e-06,0.32380062793880204,-0.15471175764713999
2.588,0.0001489868891546564,0.19270833333333215,-0.8511484098939945,3.207521207995323e-06,-0.12370223554131372,-0.3037009560794669
2.589,0.0001489868891546564,-0.8072916666666679,0.14885159010600546,9.650512683478855e-07,-0.40037936883448666,-0.03049084077798103
2.59,0.0001489868891546564,0.19270833333333215,0.14885159010600546,-2.423205254845258e-06,-0.12374452444166267,0.286628463254149
2.591,0.0001489868891546564,0.19270833333333215,0.14885159010600546,-2.3167155721519204e-06,0.32401094243766654,0.2063743707312255
2.592,0.0001489868891546564,0.19270833333333215,0.14885159010600546,8.324725630139609e-07,0.32405503559606424,-0.16116532167901507
2.593,0.0001489868891546564,0.19270833333333215,0.14885159010600546,2.5288705580358424e-06,-0.12379089825989992,-0.30585141287697004
2.594,0.0001489868891546564,-0.8072916666666679,0.14885159010600546,7.2497256730378e-07,-0.4006419404283035,-0.026118640371681254
2.595,0.0001489868891546564,0.19270833333333215,0.14885159010600546,-1.716237958671564e-06,-0.12381801787891646,0.2902180757368595
2.596,0.0001489868891546564,0.19270833333333215,0.14885159010600546,-1.5372118966161182e-06,0.324178530223283,0.20423037923533147
2.597,0.0001489868891546564,0.19270833333333215,0.14885159010600546,5.084678225223531e-07,0.32420088624852444,-0.1646947578472163
2.598,0.0001489868891546564,0.19270833333333215,-0.8511484098939945,1.4031027815143252e-06,-0.12383674620617809,-0.3050130012337365
2.599,0.0001489868891546564,-0.8072916666666679,0.14885159010600546,3.551486712721796e-07,-0.4007649172742583,-0.02300045935502577
2.6,0.0001489868891546564,0.19270833333333215,0.14885159010600546,-6.97657575334808e-07,-0.12384832538182407,0.2897879977018535
2.601,0.0001489868891546564,0.19270833333333215,0.14885159010600546,-4.7397692308357793e-07,0.3242321697474537,0.20087413763260037
2.602,0.0001489868891546564,0.19270833333333215,0.14885159010600546,8.891646705385447e-08,0.32423381948286734,-0.16473047682803532
2.603,0.0001489868891546564,0.19270833333333215,-0.8511484098939945,6.500570785030824e-09,-0.12383982091282786,-0.30070994767329445
2.604,0.0001489868891546564,-0.8072916666666679,0.14885159010600546,-8.593570208079698e-08,-0.4007527668551797,-0.021368268822849028
2.605,0.0001489868891546564,0.19270833333333215,0.14885159010600546,4.678910192539325e-07,-0.1238380613644976,0.284849145156052
2.606,0.0001489868891546564,0.19270833333333215,0.14885159010600546,6.995877093962946e-07,0.3241829000219839,0.19626917306784045
2.607,0.0001489868891546564,0.19270833333333215,0.14885159010600546,-3.5663234080753956e-07,0.3241679641259265,-0.16092805215327294
2.608,0.0001489868891546564,0.19270833333333215,0.14885159010600546,-1.4286417419163872e-06,-0.12380702825751841,-0.29280623593489963
2.609,0.0001489868891546564,-0.8072916666666679,0.14885159010600546,-5.24704553981514e-07,-0.4006306452396736,-0.0214211201770316
2.61,0.0001489868891546564,0.19270833333333215,0.14885159010600546,1.583744233093088e-06,-0.12379574783739654,0.2753015370102748
2.611,0.0001489868891546564,0.19270833333333215,0.14885159010600546,1.7847938808728483e-06,0.32405636460913,0.19058561230013976
2.612,0.0001489868891546564,0.19270833333333215,-0.8511484098939945,-7.520878153282669e-07,0.3240307734563968,-0.15322922877623218
2.613,0.0001489868891546564,0.19270833333333215,-0.8511484098939945,-2.657201347308854e-06,-0.1237499458419093,-0.2815594778971704
2.614,0.0001489868891546564,-0.8072916666666679,0.14885159010600546,-8.862219066174012e-07,-0.40043706259052886,-0.023299537956556423
2.615,0.0001489868891546564,0.19270833333333215,0.14885159010600546,2.4582663958589194e-06,-0.12373350291070034,0.2614885761056008
2.616,0.0001489868891546564,0.19270833333333215,0.14885159010600546,2.5952458982462448e-06,0.323886308766128,0.18420120470211612
2.617,0.0001489868891546564,0.19270833333333215,0.14885159010600546,-1.029313070494024e-06,0.3238564267492612,-0.1419029872641488
2.618,0.0001489868891546564,0.19270833333333215,-0.8511484098939945,-3.4680128661596157e-06,-0.12368216214620899,-0.2676324166718394
2.619,0.0001489868891546564,-0.8072916666666679,0.14885159010600546,-1.1085205349020255e-06,-0.40021541794125154,-0.027056115918670194
2.62,0.0001489868891546564,0.19270833333333215,0.14885159010600546,2.9416825232927028e-06,-0.12366449184788315,0.2442083633794987
2.621,0.0001489868891546564,0.19270833333333215,0.14885159010600546,2.9927369526725077e-06,0.32370768641724207,0.17767288741968737
2.622,0.0001489868891546564,0.19270833333333215,0.14885159010600546,-1.1412965506459996e-06,0.3236791058318419,-0.12755896230780772
2.623,0.0001489868891546564,0.19270833333333215,-0.8511484098939945,-3.724715048262545e-06,-0.12361666391080592,-0.25205762642694735
2.624,0.0001489868891546564,-0.8072916666666679,0.14885159010600546,-1.1545958992052388e-06,-0.4000059916772627,-0.03262725544718317
2.625,0.0001489868891546564,0.19270833333333215,0.14885159010600546,2.9551226557113302e-06,-0.12360060182802811,0.22467657586143017
2.626,0.0001489868891546564,0.19270833333333215,0.14885159010600546,2.914054993332757e-06,0.3235506039412253,0.1716815506773335
2.627,0.0001489868891546564,0.19270833333333215,0.14885159010600546,-1.0712691041543323e-06,0.32352730441133865,-0.11112761159504358
2.628,0.0001489868891546564,0.19270833333333215,0.14885159010600546,-3.3921638481381854e-06,-0.12356371541180271,-0.23615658245137133
2.629,0.0001489868891546564,-0.8072916666666679,0.14885159010600546,-1.01956243737741e-06,-0.3998396981656897,-0.03981190845031398
2.63,0.0001489868891546564,0.19270833333333215,0.14885159010600546,2.505790319007329e-06,-0.12355070030092749,0.20444074731321837
2.631,0.0001489868891546564,0.19270833333333215,0.14885159010600546,2.3830567156263282e-06,0.32343602437920066,0.1669565433144239
2.632,0.0001489868891546564,0.19270833333333215,0.14885159010600546,-8.358385832702198e-07,0.32341999660157905,-0.09380482464499677
2.633,0.0001489868891546564,0.19270833333333215,0.14885159010600546,-2.542797043333675e-06,-0.12352953186877431,-0.22142002300246874
2.634,0.0001489868891546564,-0.8072916666666679,0.14885159010600546,-7.314412661285166e-07,-0.3997344248486903,-0.04826299909163297
2.635,0.0001489868891546564,0.19270833333333215,0.14885159010600546,1.684981804435847e-06,-0.12351968679112388,0.18525165144416345
2.636,0.0001489868891546564,0.19270833333333215,0.14885159010600546,1.505372594243156e-06,0.3233737285022805,0.1641894330728696
2.637,0.0001489868891546564,0.19270833333333215,0.14885159010600546,-4.8144213223331e-07,0.32336505759595174,-0.07696285954894926
2.638,0.0001489868891546564,0.19270833333333215,-0.8511484098939945,-1.3414665853423614e-06,-0.12351587121090088,-0.2093616769714435
2.639,0.0001489868891546564,-0.8072916666666679,0.14885159010600546,-3.4536499336050106e-07,-0.3996942224503041,-0.05749582626733989
2.64,0.0001489868891546564,0.19270833333333215,0.14885159010600546,6.49245909093463e-07,-0.12350838120979557,0.16890319000419432
2.641,0.0001489868891546564,0.19270833333333215,0.14885159010600546,4.4672602263907503e-07,0.3233625669095061,0.16394816837476442
2.642,0.0001489868891546564,0.19270833333333215,0.14885159010600546,-7.481486247932847e-08,0.3233598814622404,-0.062034096667370295
2.643,0.0001489868891546564,0.19270833333333215,0.14885159010600546,-1.1772463226483203e-08,-0.12352048915745897,-0.2013612960609819
2.644,0.0001489868891546564,-0.8072916666666679,0.14885159010600546,6.763019782054353e-08,-0.3997110722194019,-0.06691534866024874
2.645,0.0001489868891546564,0.19270833333333215,0.14885159010600546,-4.114677512937884e-07,-0.12351413941184258,0.1570569579491661
2.646,0.0001489868891546564,0.19270833333333215,0.14885159010600546,-6.006829981026193e-07,0.32339262552830783,0.1666028471339431
2.647,0.0001489868891546564,0.19270833333333215,0.14885159010600546,3.1055586217284906e-07,0.32339375925481834,-0.05037844715158635
2.648,0.0001489868891546564,0.19270833333333215,-0.8511484098939945,1.2091312520819429e-06,-0.12353825409270007,-0.19851495116569162
2.649,0.0001489868891546564,-0.8072916666666679,0.14885159010600546,4.349003612791811e-07,-0.3997685331593275,-0.07586119759828841
2.65,0.0001489868891546564,0.19270833333333215,0.14885159010600546,-1.3120379192091518e-06,-0.12353197395885986,0.15107076564701571
2.651,0.0001489868891546564,0.19270833333333215,0.14885159010600546,-1.4567161418854444e-06,0.3234486331772402,0.17227278900209012
2.652,0.0001489868891546564,0.19270833333333215,0.14885159010600546,6.091554505780516e-07,0.32345132517012065,-0.04314863751200905
2.653,0.0001489868891546564,0.19270833333333215,0.14885159010600546,2.1177924374754077e-06,-0.12356262390410722,-0.20151039170688356
2.654,0.0001489868891546564,-0.8072916666666679,0.14885159010600546,6.965815573873486e-07,-0.3998463272027547,-0.08366607642846943
2.655,0.0001489868891546564,0.19270833333333215,0.14885159010600546,-1.9087471556737614e-06,-0.12355589992923582,0.15185127153526384
2.656,0.0001489868891546564,0.19270833333333215,0.14885159010600546,-1.988655064793345e-06,0.3235138035766993,0.1808017686801224
2.657,0.0001489868891546564,0.19270833333333215,0.14885159010600546,7.762444047471383e-07,0.32351628024552703,-0.0411693562776787
2.658,0.0001489868891546564,0.19270833333333215,-0.8511484098939945,2.5838247479588237e-06,-0.1235871580958578,-0.21054285893158073
2.659,0.0001489868891546564,-0.8072916666666679,0.14885159010600546,8.170396789687595e-07,-0.3999248768338579,-0.08972047905991017
2.66,0.0001489868891546564,0.19270833333333215,0.14885159010600546,-2.126489592136437e-06,-0.12358022570322585,0.15974920551953786
2.661,0.0001489868891546564,0.19270833333333215,0.14885159010600546,-2.1359242752533804e-06,0.3235733321490139,0.1917645306329721
2.662,0.0001489868891546564,0.19270833333333215,0.14885159010600546,7.960355835181368e-07,0.32357466130553647,-0.04484592405491428
2.663,0.0001489868891546564,0.19270833333333215,-0.8511484098939945,2.5730815872416316e-06,-0.12360677335577519,-0.22528231933017265
2.664,0.0001489868891546564,-0.8072916666666679,0.14885159010600546,7.90973251824051e-07,-0.39998895226606557,-0.0935349400411227
2.665,0.0001489868891546564,0.19270833333333215,0.14885159010600546,-1.970887135649731e-06,-0.12360055957462311,0.17451146500688533
2.666,0.0001489868891546564,0.19270833333333215,0.14885159010600546,-1.9189914856486118e-06,0.32361693633796446,0.2045036239956805
2.667,0.0001489868891546564,0.19270833333333215,0.14885159010600546,6.835339059563002e-07,0.3236171083528471,-0.05411554823952956
2.668,0.0001489868891546564,0.19270833333333215,0.14885159010600546,2.149817288031408e-06,-0.12361853609821058,-0.24489714804460852
2.669,0.0001489868891546564,-0.8072916666666679,0.14885159010600546,6.42910639802948e-07,-0.4000298661967996,-0.09479070812021516
2.67,0.0001489868891546564,0.19270833333333215,0.14885159010600546,-1.5228455843226347e-06,-0.12361438907362118,0.19529802570082475
2.671,0.0001489868891546564,0.19270833333333215,0.14885159010600546,-1.4306788817271516e-06,0.3236400899671326,0.2181917604198842
2.672,0.0001489868891546564,0.19270833333333215,0.14885159010600546,4.79699163529979e-07,0.3236398471630504,-0.0684495114203081
2.673,0.0001489868891546564,0.19270833333333215,-0.8511484098939945,1.4575744264648718e-06,-0.12362190004694448,-0.26813256832830495
2.674,0.0001489868891546564,-0.8072916666666679,0.14885159010600546,4.2027984037296973e-07,-0.4000460053414991,-0.09337097432846739
2.675,0.0001489868891546564,0.19270833333333215,0.14885159010600546,-9.169100000632884e-07,-0.123621190754747,0.2207638499158067
2.676,0.0001489868891546564,0.19270833333333215,0.14885159010600546,-8.119602923985148e-07,0.32364389800886467,0.23191184103658727
2.677,0.0001489868891546564,0.19270833333333215,0.14885159010600546,2.4105432652535914e-07,0.3236443872840574,-0.0869083388287027
2.678,0.0001489868891546564,0.19270833333333215,-0.8511484098939945,6.832018859099779e-07,-0.12361841601477061,-0.29343549316763495
2.679,0.0001489868891546564,-0.8072916666666679,0.14885159010600546,1.816411519251476e-07,-0.40004183566661927,-0.08936746580366803
2.68,0.0001489868891546564,0.19270833333333215,0.14885159010600546,-3.08347724659265e-07,-0.12362212333362152,0.24919777602875537
2.681,0.0001489868891546564,0.19270833333333215,0.14885159010600546,-2.1774425907526447e-07,0.32363382860231615,0.24474491958869973
2.682,0.0001489868891546564,0.19270833333333215,0.14885159010600546,2.6092092703409937e-08,0.3236361835050452,-0.1082449203327809
2.683,0.0001489868891546564,0.19270833333333215,0.14885159010600546,1.215277610276709e-08,-0.12361104156825162,-0.31911168579032206
2.684,0.0001489868891546564,-0.8072916666666679,0.14885159010600546,-1.7251027071258128e-08,-0.400025797335971,-0.08306094749961183
2.685,0.0001489868891546564,0.19270833333333215,0.14885159010600546,1.6359300934945327e-07,-0.12361942941088569,0.2787028448124421
2.686,0.0001489868891546564,0.19270833333333215,0.14885159010600546,2.1961063941313808e-07,0.32361771577594695,0.2558558729215233
2.687,0.0001489868891546564,0.19270833333333215,0.14885159010600546,-1.1844381024686265e-07,0.32362267845517345,-0.13104374590819
2.688,0.0001489868891546564,0.19270833333333215,-0.8511484098939945,-4.1480755985627384e-07,-0.12360324286679743,-0.34349712061519705
2.689,0.0001489868891546564,-0.8072916666666679,0.14885159010600546,-1.3639457546236407e-07,-0.4000076705897972,-0.07487835050139685
2.69,0.0001489868891546564,0.19270833333333215,0.14885159010600546,4.0790569464012514e-07,-0.1236157098731565,0.3073967467002549
2.691,0.0001489868891546564,0.19270833333333215,0.14885159010600546,4.2075132548348127e-07,0.32360353964459676,0.26456742736388617
2.692,0.0001489868891546564,0.19270833333333215,0.14885159010600546,-1.682778975290145e-07,0.3236112120806159,-0.15387891081627111
2.693,0.0001489868891546564,0.19270833333333215,-0.8511484098939945,-5.336051035793462e-07,-0.12359810078385837,-0.3651236380766286
2.694,0.0001489868891546564,-0.8072916666666679,0.14885159010600546,-1.605348259776585e-07,-0.39999602624030917,-0.06533314785369662
2.695,0.0001489868891546564,0.19270833333333215,0.14885159010600546,4.021428588717017e-07,-0.12361323727656771,0.33360795248741254
2.696,0.0001489868891546564,0.19270833333333215,0.14885159010600546,3.7675767398015256e-07,0.32359747414185513,0.2704152260298115
2.697,0.0001489868891546564,0.19270833333333215,0.14885159010600546,-1.268486435415456e-07,0.3236072489144173,-0.17547028739464407
2.698,0.0001489868891546564,0.19270833333333215,-0.8511484098939945,-3.701638647372801e-07,-0.12359760905983819,-0.38285970654391827
2.699,0.0001489868891546564,-0.8072916666666679,0.14885159010600546,-1.0211983706637913e-07,-0.39999628268346854,-0.054958517727429546
2.7,0.0001489868891546564,0.19270833333333215,0.14885159010600546,1.960720599040603e-07,-0.12361344427611813,0.3560431752897212
2.701,0.0001489868891546564,0.19270833333333215,0.14885159010600546,1.494352824117847e-07,0.3236025807012673,0.27317944395480914
2.702,0.0001489868891546564,0.19270833333333215,0.14885159010600546,-2.3824449936564687e-08,0.3236132547215791,-0.19481688022891894
2.703,0.0001489868891546564,0.19270833333333215,-0.8511484098939945,-3.1787740945935495e-08,-0.12360229282018019,-0.3960102591429857
2.704,0.0001489868891546564,-0.8072916666666679,0.14885159010600546,2.5162690413633635e-09,-0.40000970678312464,-0.04424420182318926
2.705,0.0001489868891546564,0.19270833333333215,0.14885159010600546,-1.0233472734363352e-07,-0.12361667031508485,0.37390522008284854
2.706,0.0001489868891546564,0.19270833333333215,0.14885159010600546,-1.4576031180094575e-07,0.3236183516189442,0.2728916000514916
2.707,0.0001489868891546564,0.19270833333333215,0.14885159010600546,9.284131751263516e-08,0.3236283829715249,-0.2112890983145754
2.708,0.0001489868891546564,0.19270833333333215,-0.8511484098939945,3.2161904804901433e-07,-0.12361119645075144,-0.4043647599809879
2.709,0.0001489868891546564,-0.8072916666666679,0.14885159010600546,1.0292496973195173e-07,-0.40003346483729296,-0.03358746833559107
2.71,0.0001489868891546564,0.19270833333333215,0.14885159010600546,-3.555285930751931e-07,-0.12362218732187395,0.38694664406988666
2.711,0.0001489868891546564,0.19270833333333215,0.14885159010600546,-3.7039555244557024e-07,0.3236411100757875,0.26981820038592386
2.712,0.0001489868891546564,0.19270833333333215,-0.8511484098939945,1.6955021989086723e-07,0.3236489478857041,-0.22466722932329616
2.713,0.0001489868891546564,0.19270833333333215,-0.8511484098939945,5.200289559248465e-07,-0.12362220824268824,-0.4081891920557628
2.714,0.0001489868891546564,-0.8072916666666679,0.14885159010600546,1.480555138307096e-07,-0.4000616025509568,-0.023266229169660077
2.715,0.0001489868891546564,0.19270833333333215,0.14885159010600546,-4.3312266644719325e-07,-0.12362846634937164,0.39545316247448997
2.716,0.0001489868891546564,0.19270833333333215,0.14885159010600546,-4.0031218158986764e-07,0.32366509618015604,0.2644252654889779
2.717,0.0001489868891546564,0.19270833333333215,0.14885159010600546,1.6149529655458788e-07,0.32366950202806694,-0.23512105945873168
2.718,0.0001489868891546564,0.19270833333333215,-0.8511484098939945,4.296565323178619e-07,-0.12363262195956311,-0.4081646803560758
2.719,0.0001489868891546564,-0.8072916666666679,0.14885159010600546,1.0036554916828181e-07,-0.40008665406316013,-0.013438481634789567
2.72,0.0001489868891546564,0.19270833333333215,0.14885159010600546,-2.4817421048043074e-07,-0.12363360290305234,0.40016023015203556
2.721,0.0001489868891546564,0.19270833333333215,0.14885159010600546,-1.6071909683183165e-07,0.3236839433087442,0.2573293625886861
2.722,0.0001489868891546564,0.19270833333333215,-0.8511484098939945,4.5493234542530424e-08,0.32368423121350215,-0.24313424758413474
2.723,0.0001489868891546564,0.19270833333333215,-0.8511484098939945,-7.795946305837751e-09,-0.12363979480305298,-0.4052820335855426
2.724,0.0001489868891546564,-0.8072916666666679,0.14885159010600546,-5.284738595590597e-08,-0.40010148012358665,-0.004167476326926592
2.725,0.0001489868891546564,0.19270833333333215,0.14885159010600546,2.157252586053697e-07,-0.12363579595623621,0.40211536548552235
2.726,0.0001489868891546564,0.19270833333333215,0.14885159010600546,3.4940172659250453e-07,0.3236921962416912,0.24924136357248658
2.727,0.0001489868891546564,0.19270833333333215,0.14885159010600546,-1.7193086062480565e-07,0.3236883430360674,-0.24938542236264757
2.728,0.0001489868891546564,0.19270833333333215,0.14885159010600546,-7.527417203618012e-07,-0.12364175304699097,-0.40070673511762556
2.729,0.0001489868891546564,-0.8072916666666679,0.14885159010600546,-2.9374122197871493e-07,-0.40010092635058514,0.004532824865202101
2.73,0.0001489868891546564,0.19270833333333215,0.14885159010600546,8.934633526551107e-07,-0.12363377618060345,0.40250622834583083
2.731,0.0001489868891546564,0.19270833333333215,0.14885159010600546,1.0499255367105302e-06,0.32368654561940585,0.24090883333695012
2.732,0.0001489868891546564,0.19270833333333215,0.14885159010600546,-4.5336514426932313e-07,0.3236791575760103,-0.25460470583090866
2.733,0.0001489868891546564,0.19270833333333215,-0.8511484098939945,-1.6683452452688888e-06,-0.12363761973269026,-0.3956321523861678
2.734,0.0001489868891546564,-0.8072916666666679,0.14885159010600546,-5.754997753203083e-07,-0.4000829668193813,0.012641473954841803
2.735,0.0001489868891546564,0.19270833333333215,0.14885159010600546,1.6469695558724052e-06,-0.1236270998231636,0.40247910352863436
2.736,0.0001489868891546564,0.19270833333333215,0.14885159010600546,1.791899545115362e-06,0.32366654016395396,0.23306191917891259
2.737,0.0001489868891546564,0.19270833333333215,-0.8511484098939945,-7.368864295686862e-07,0.32365669626143845,-0.2594283622981653
2.738,0.0001489868891546564,0.19270833333333215,-0.8511484098939945,-2.5452873565315173e-06,-0.12362778589563876,-0.39113956010466433
2.739,0.0001489868891546564,-0.8072916666666679,0.14885159010600546,-8.312059132752025e-07,-0.4000491328518166,0.02007538947418321
2.74,0.0001489868891546564,0.19270833333333215,0.14885159010600546,2.2923915627503665e-06,-0.12361625943420806,0.4029735528866448
2.741,0.0001489868891546564,0.19270833333333215,0.14885159010600546,2.387743370487604e-06,0.3236346653395458,0.22636615564291365
2.742,0.0001489868891546564,0.19270833333333215,-0.8511484098939945,-9.489192245977004e-07,0.3236236843554148,-0.26427481034371797
2.743,0.0001489868891546564,0.19270833333333215,-0.8511484098939945,-3.1462221117679348e-06,-0.12361380619845658,-0.38808192074824144
2.744,0.0001489868891546564,-0.8072916666666679,0.14885159010600546,-9.88354389835156e-07,-0.40000418891618594,0.026647664990451996
2.745,0.0001489868891546564,0.19270833333333215,0.14885159010600546,2.6406060098328497e-06,-0.12360260290768532,0.40459637526274267
2.746,0.0001489868891546564,0.19270833333333215,0.14885159010600546,2.653319500354466e-06,0.32359581525388026,0.2213840508567695
2.747,0.0001489868891546564,0.19270833333333215,0.14885159010600546,-1.0209640859341171e-06,0.32358500707687576,-0.2692621294278515
2.748,0.0001489868891546564,0.19270833333333215,-0.8511484098939945,-3.260733365045086e-06,-0.12359805838864064,-0.3870045153870408
2.749,0.0001489868891546564,-0.8072916666666679,0.14885159010600546,-9.85958337331988e-07,-0.399955171899853,0.032049788402092674
2.75,0.0001489868891546564,0.19270833333333215,0.14885159010600546,2.5424565889930698e-06,-0.12358808964554004,0.40755200402399305
2.751,0.0001489868891546564,0.19270833333333215,0.14885159010600546,2.4528273423807984e-06,0.323556304795815,0.21854597950527757
2.752,0.0001489868891546564,0.19270833333333215,0.14885159010600546,-9.065626382554077e-07,0.3235467637478784,-0.27418083172452545
2.753,0.0001489868891546564,0.19270833333333215,-0.8511484098939945,-2.7587219954664303e-06,-0.12358325173637015,-0.3881100519824198
2.754,0.0001489868891546564,-0.8072916666666679,0.14885159010600546,-7.904505377828217e-07,-0.39991002663050684,0.03586431868968408
2.755,0.0001489868891546564,0.19270833333333215,0.14885159010600546,1.9285848266238612e-06,-0.12357494035423358,0.4116379457944691
2.756,0.0001489868891546564,0.19270833333333215,0.14885159010600546,1.7363545655313913e-06,0.32352264878171916,0.218129988658814
2.757,0.0001489868891546564,0.19270833333333215,0.14885159010600546,-5.946221339659672e-07,0.3235151300762357,-0.2785269802427322
2.758,0.0001489868891546564,0.19270833333333215,-0.8511484098939945,-1.6298709661272457e-06,-0.1235718941794843,-0.39126959615842966
2.759,0.0001489868891546564,-0.8072916666666679,0.14885159010600546,-4.066508896152657e-07,-0.3998761299233526,0.03760921875711375
2.76,0.0001489868891546564,0.19270833333333215,0.14885159010600546,8.344025959308048e-07,-0.12356525103122525,0.4163040835496376
2.761,0.0001489868891546564,0.19270833333333215,0.14885159010600546,5.610353235960787e-07,0.32350036206323945,0.22024972016946928
2.762,0.0001489868891546564,0.19270833333333215,0.14885159010600546,-1.1583651752562123e-07,0.3234952569044908,-0.28159104437212246
2.763,0.0001489868891546564,0.19270833333333215,-0.8511484098939945,6.898216575346207e-10,-0.12356582797775122,-0.39607447026418385
2.764,0.0001489868891546564,-0.8072916666666679,0.14885159010600546,1.1901823742539735e-07,-0.3998589916119479,0.03680913189673124
2.765,0.0001489868891546564,0.19270833333333215,0.14885159010600546,-5.964144447111547e-07,-0.1235606412717722,0.4207651018438209
2.766,0.0001489868891546564,0.19270833333333215,0.14885159010600546,-9.100434675995467e-07,0.3234930087644379,0.22484973269863842
2.767,0.0001489868891546564,0.19270833333333215,0.14885159010600546,4.596890284679684e-07,0.32349040607718077,-0.2825887202919683
2.768,0.0001489868891546564,0.19270833333333215,0.14885159010600546,1.8856045413415688e-06,-0.12356592125008746,-0.40191901788767886
2.769,0.0001489868891546564,-0.8072916666666679,0.14885159010600546,7.043058262860881e-07,-0.39986136129066185,0.033083431433607244
2.77,0.0001489868891546564,0.19270833333333215,0.14885159010600546,-2.1320999872163898e-06,-0.12356199417168762,0.42414739344313024
2.771,0.0001489868891546564,0.19270833333333215,0.14885159010600546,-2.4324052356319258e-06,0.32350166046458473,0.23170792124218792
2.772,0.0001489868891546564,0.19270833333333215,-0.8511484098939945,1.0336507426023613e-06,0.3235014610469135,-0.2808127885633758
2.773,0.0001489868891546564,0.19270833333333215,-0.8511484098939945,3.696343977164526e-06,-0.12357196433097434,-0.40810054395072265
2.774,0.0001489868891546564,-0.8072916666666679,0.14885159010600546,1.245203847391618e-06,-0.3998828716325088,0.026236851666565156
2.775,0.0001489868891546564,0.19270833333333215,0.14885159010600546,-3.4937051214288858e-06,-0.12356932391859277,0.425646783926448
2.776,0.0001489868891546564,0.19270833333333215,0.14885159010600546,-3.7243116364047707e-06,0.32352483022421563,0.2404452631544682
2.777,0.0001489868891546564,0.19270833333333215,-0.8511484098939945,1.497692143295488e-06,0.3235268678143438,-0.27578113048844005
2.778,0.0001489868891546564,0.19270833333333215,-0.8511484098939945,5.084850390399128e-06,-0.12358277473060778,-0.4139212686749231
2.779,0.0001489868891546564,-0.8072916666666679,0.14885159010600546,1.6357619841213195e-06,-0.3999202366597923,0.016336701531952883
2.78,0.0001489868891546564,0.19270833333333215,0.14885159010600546,-4.409106511552482e-06,-0.12358178267153062,0.42467203868196696
2.781,0.0001489868891546564,0.19270833333333215,0.14885159010600546,-4.522058323345635e-06,0.3235588530197772,0.2505435278300223
2.782,0.0001489868891546564,0.19270833333333215,-0.8511484098939945,1.7549664239370717e-06,0.323562978943735,-0.26735598613343853
2.783,0.0001489868891546564,0.19270833333333215,-0.8511484098939945,5.753665730176374e-06,-0.12359647254827238,-0.418777911191248
2.784,0.0001489868891546564,-0.8072916666666679,0.14885159010600546,1.7897053883193834e-06,-0.39996792004277276,0.003761500959349562
2.785,0.0001489868891546564,0.19270833333333215,0.14885159010600546,-4.6692429994625096e-06,-0.12359779531871341,0.42095161010326404
2.786,0.0001489868891546564,0.19270833333333215,0.14885159010600546,-4.635191144466891e-06,0.32359860302102544,0.2613716679663188
2.787,0.0001489868891546564,0.19270833333333215,0.14885159010600546,1.7406847866944505e-06,0.3236047057566742,-0.2558135033278812
2.788,0.0001489868891546564,0.19270833333333215,-0.8511484098939945,5.519999309245972e-06,-0.12361085789595994,-0.42222734611428253
2.789,0.0001489868891546564,-0.8072916666666679,0.14885159010600546,1.6593308152601969e-06,-0.40001911353771247,-0.010790640385128378
2.79,0.0001489868891546564,0.19270833333333215,0.14885159010600546,-4.174704130420333e-06,-0.12361529282699073,0.4145870575805992
2.791,0.0001489868891546564,0.19270833333333215,0.14885159010600546,-3.989874337373554e-06,0.3236383883657206,0.2722212407842863
2.792,0.0001489868891546564,0.19270833333333215,0.14885159010600546,1.4372314627607605e-06,0.32364634226354966,-0.24185004827781498
2.793,0.0001489868891546564,0.19270833333333215,-0.8511484098939945,4.359816891485374e-06,-0.12362380849319769,-0.4240211571056364
2.794,0.0001489868891546564,-0.8072916666666679,0.14885159010600546,1.2475312645721276e-06,-0.40006683010476135,-0.026339914490200733
2.795,0.0001489868891546564,0.19270833333333215,0.14885159010600546,-2.962325506784403e-06,-0.12363200415036397,0.4060451008976554
2.796,0.0001489868891546564,0.19270833333333215,0.14885159010600546,-2.6506528589380955e-06,0.3236728509523682,0.28235037528604184
2.797,0.0001489868891546564,0.19270833333333215,-0.8511484098939945,8.803949110599608e-07,0.32368241308245793,-0.22652150733290727
2.798,0.0001489868891546564,0.19270833333333215,-0.8511484098939945,2.4216978076502378e-06,-0.12363362030738972,-0.42410713042079423
2.799,0.0001489868891546564,-0.8072916666666679,0.14885159010600546,6.100876207215042e-07,-0.4001049216696537,-0.04170797328760542
2.8,0.0001489868891546564,0.19270833333333215,0.14885159010600546,-1.2052738373683467e-06,-0.12364576332784047,0.39609001818881145
2.801,0.0001489868891546564,0.19270833333333215,0.14885159010600546,-8.150487824814605e-07,0.32369772024368704,0.2910346104703955
2.802,0.0001489868891546564,0.19270833333333215,0.14885159010600546,1.550150748136163e-07,0.32370841396422884,-0.21112239177439832
2.803,0.0001489868891546564,0.19270833333333215,-0.8511484098939945,6.224085986820906e-09,-0.12363923417321628,-0.42260096712860673
2.804,0.0001489868891546564,-0.8072916666666679,0.14885159010600546,-1.5267914649643173e-07,-0.40012887088851634,-0.055638083985121906
2.805,0.0001489868891546564,0.19270833333333215,0.14885159010600546,8.145197445661426e-07,-0.12365479136976419,0.385667546224677
2.806,0.0001489868891546564,0.19270833333333215,0.14885159010600546,1.219016406279613e-06,0.3237103171468846,0.29762158145412765
2.807,0.0001489868891546564,0.19270833333333215,0.14885159010600546,-6.194733674366433e-07,0.3237213498478146,-0.19702129047776143
2.808,0.0001489868891546564,0.19270833333333215,-0.8511484098939945,-2.48618634293728e-06,-0.12364032091278883,-0.41973594289719457
2.809,0.0001489868891546564,-0.8072916666666679,0.14885159010600546,-9.13580441756563e-07,-0.4001362666123994,-0.06693767144114927
2.81,0.0001489868891546564,0.19270833333333215,0.14885159010600546,2.756906860079671e-06,-0.1236579199038942,0.3757591008043454
2.811,0.0001489868891546564,0.19270833333333215,0.14885159010600546,3.1072314421352394e-06,0.3237097634980094,0.30158528747117536
2.812,0.0001489868891546564,0.19270833333333215,0.14885159010600546,-1.3109690879397907e-06,0.3237200211356438,-0.18547653546652107
2.813,0.0001489868891546564,0.19270833333333215,-0.8511484098939945,-4.629319668791674e-06,-0.12363722925022476,-0.41580124759420384
2.814,0.0001489868891546564,-0.8072916666666679,0.14885159010600546,-1.542226627062323e-06,-0.4001269386332099,-0.07462428692183505
2.815,0.0001489868891546564,0.19270833333333215,0.14885159010600546,4.287370521346065e-06,-0.12365473327180666,0.36722980398287736
2.816,0.0001489868891546564,0.19270833333333215,0.14885159010600546,4.523882036472014e-06,0.323696910506993,0.30257480835988637
2.817,0.0001489868891546564,0.19270833333333215,0.14885159010600546,-1.7998111119553806e-06,0.3237050536328549,-0.1774596524528319
2.818,0.0001489868891546564,0.19270833333333215,-0.8511484098939945,-6.052477777167041e-06,-0.12363082764993777,-0.41108087168681917
2.819,0.0001489868891546564,-0.8072916666666679,0.14885159010600546,-1.9299888716797373e-06,-0.40010278471009997,-0.07805445091776765
2.82,0.0001489868891546564,0.19270833333333215,0.14885159010600546,5.141399352187735e-06,-0.12364561615074184,0.3606947482198369
2.821,0.0001489868891546564,0.19270833333333215,0.14885159010600546,5.224734558963783e-06,0.32367404411944906,0.30045207028241866
2.822,0.0001489868891546564,0.19270833333333215,0.14885159010600546,-2.0019786416767234e-06,0.323678703228997,-0.1735136234414489
2.823,0.0001489868891546564,0.19270833333333215,-0.8511484098939945,-6.512510254522603e-06,-0.1236222877885679,-0.40580405150773696
2.824,0.0001489868891546564,-0.8072916666666679,0.14885159010600546,-2.0111515582188506e-06,-0.40006736215812927,-0.07701632765421787
2.825,0.0001489868891546564,0.19270833333333215,0.14885159010600546,5.176150836381409e-06,-0.12363170380213201,0.3564249986725997
2.826,0.0001489868891546564,0.19270833333333215,0.14885159010600546,5.094826743358001e-06,0.3236444497713094,0.2953137323953625
2.827,0.0001489868891546564,0.19270833333333215,0.14885159010600546,-1.8855664885626274e-06,0.3236444886246123,-0.17366822250596498
2.828,0.0001489868891546564,0.19270833333333215,-0.8511484098939945,-5.941542890214089e-06,-0.12361286123443438,-0.400115635022265
2.829,0.0001489868891546564,-0.8072916666666679,0.14885159010600546,-1.7758226995024852e-06,-0.4000253336862945,-0.07177165206264623
2.83,0.0001489868891546564,0.19270833333333215,0.14885159010600546,4.398517352777941e-06,-0.12361474134591999,0.3543084998904168
2.831,0.0001489868891546564,0.19270833333333215,0.14885159010600546,4.171039318205876e-06,0.32361192231503116,0.2874934894405906
2.832,0.0001489868891546564,0.19270833333333215,0.14885159010600546,-1.4770221579184474e-06,0.3236067140429841,-0.1774264013075707
2.833,0.0001489868891546564,0.19270833333333215,-0.8511484098939945,-4.4601503410516566e-06,-0.12360369277655134,-0.39407075894019383
2.834,0.0001489868891546564,-0.8072916666666679,0.14885159010600546,-1.2718049960635395e-06,-0.39998185481941434,-0.06303912330663256
2.835,0.0001489868891546564,0.19270833333333215,0.14885159010600546,2.963440287561559e-06,-0.12359686706442641,0.3538723181141594
2.836,0.0001489868891546564,0.19270833333333215,0.14885159010600546,2.634417615325769e-06,0.3235802930415646,0.2775429487502823
2.837,0.0001489868891546564,0.19270833333333215,0.14885159010600546,-8.557150176155838e-07,0.32356994205426515,-0.18382516358475437
2.838,0.0001489868891546564,0.19270833333333215,-0.8511484098939945,-2.3527941069855916e-06,-0.12359569718294489,-0.38765361563837514
2.839,0.0001489868891546564,-0.8072916666666679,0.14885159010600546,-5.949011305498209e-07,-0.39994197458317754,-0.05191960015376587
2.84,0.0001489868891546564,0.19270833333333215,0.14885159010600546,1.1424720174067824e-06,-0.12358034271083494,0.3543629018982462
2.841,0.0001489868891546564,0.19270833333333215,0.14885159010600546,7.734974220501894e-07,0.32355302222629795,0.26619152005889773
2.842,0.0001489868891546564,0.19270833333333215,-0.8511484098939945,-1.3784390305175585e-07,0.32353846923544005,-0.19156320708581653
2.843,0.0001489868891546564,0.19270833333333215,0.14885159010600546,-1.0254589646462086e-08,-0.12358950612794466,-0.3808156082091888
2.844,0.0001489868891546564,-0.8072916666666679,0.14885159010600546,1.3044049852465356e-07,-0.3999101004926773,-0.03977165931875287
2.845,0.0001489868891546564,0.19270833333333215,0.14885159010600546,-7.311298715523933e-07,-0.12356726085881155,0.3548718286166882
2.846,0.0001489868891546564,0.19270833333333215,0.14885159010600546,-1.0739629743905692e-06,0.3235328810184742,0.25428815243278713
2.847,0.0001489868891546564,0.19270833333333215,0.14885159010600546,5.470403573814022e-07,0.3235158491207925,-0.19917756083164476
2.848,0.0001489868891546564,0.19270833333333215,-0.8511484098939945,2.1491600295844827e-06,-0.12358547405577261,-0.37352458986284526
2.849,0.0001489868891546564,-0.8072916666666679,0.14885159010600546,7.761609585286314e-07,-0.39988956075205684,-0.028053159584503135
2.85,0.0001489868891546564,0.19270833333333215,0.14885159010600546,-2.3294321702238125e-06,-0.12355926466621261,0.354487283029321
2.851,0.0001489868891546564,0.19270833333333215,0.14885159010600546,-2.588764806953143e-06,0.3235217278435914,0.24272993635281326
2.852,0.0001489868891546564,0.19270833333333215,0.14885159010600546,1.0820113642742779e-06,0.3235045007659294,-0.20524406615918203
2.853,0.0001489868891546564,0.19270833333333215,-0.8511484098939945,3.7631908549577527e-06,-0.12358372020019219,-0.3658147593023588
2.854,0.0001489868891546564,-0.8072916666666679,0.14885159010600546,1.236072854291025e-06,-0.3998822854358927,-0.018149317476485283
2.855,0.0001489868891546564,0.19270833333333215,0.14885159010600546,-3.3949241373100984e-06,-0.12355731773159877,0.3524474277238746
2.856,0.0001489868891546564,0.19270833333333215,0.14885159010600546,-3.5333237418937305e-06,0.3235203755591432,0.23238425719163786
2.857,0.0001489868891546564,0.19270833333333215,-0.8511484098939945,1.385770743972142e-06,0.32350543766026585,-0.20857298110999878
2.858,0.0001489868891546564,0.19270833333333215,-0.8511484098939945,4.596361498357007e-06,-0.12358418109302076,-0.3578264940333039
2.859,0.0001489868891546564,-0.8072916666666679,0.14885159010600546,1.4464073694433404e-06,-0.3998886246895189,-0.01120971512323959
2.86,0.0001489868891546564,0.19270833333333215,0.14885159010600546,-3.7899056127566985e-06,-0.12356155951247963,0.3482715142714972
2.861,0.0001489868891546564,0.19270833333333215,0.14885159010600546,-3.7966356835901424e-06,0.32352854607523485,0.22401210801366914
2.862,0.0001489868891546564,0.19270833333333215,0.14885159010600546,1.4277949151057033e-06,0.32351814856419675,-0.20837176678207295
2.863,0.0001489868891546564,0.19270833333333215,-0.8511484098939945,4.5828409705545005e-06,-0.12358665333956322,-0.34982700672257305
2.864,0.0001489868891546564,-0.8072916666666679,0.14885159010600546,1.3970598937634768e-06,-0.39990732224998893,-0.008015357294279369
2.865,0.0001489868891546564,0.19270833333333215,0.14885159010600546,-3.5196552637417285e-06,-0.1235712738882693,0.3418480865021977
2.866,0.0001489868891546564,0.19270833333333215,0.14885159010600546,-3.4115844872005675e-06,0.3235449150913222,0.2182002201333618
2.867,0.0001489868891546564,0.19270833333333215,0.14885159010600546,1.2323990447818906e-06,0.3235406554665827,-0.20435209401809187
2.868,0.0001489868891546564,0.19270833333333215,-0.8511484098939945,3.8323215545302636e-06,-0.12359081756237342,-0.34220595325841097
2.869,0.0001489868891546564,-0.8072916666666679,0.14885159010600546,1.1311497295487703e-06,-0.39993566113626244,-0.008892599409500806
2.87,0.0001489868891546564,0.19270833333333215,0.14885159010600546,-2.724478860110201e-06,-0.1235849846076461,0.3334663748575649
2.871,0.0001489868891546564,0.19270833333333215,0.14885159010600546,-2.5409620026139705e-06,0.32356725501473677,0.21530884619335075
2.872,0.0001489868891546564,0.19270833333333215,-0.8511484098939945,8.708805998065387e-07,0.32356976065620363,-0.19676648569939423
2.873,0.0001489868891546564,0.19270833333333215,-0.8511484098939945,2.5977934096272944e-06,-0.12359624707883439,-0.3354444807252056
2.874,0.0001489868891546564,-0.8072916666666679,0.14885159010600546,7.330438782866942e-07,-0.3999697894446202,-0.01368416309998201
2.875,0.0001489868891546564,0.19270833333333215,0.14885159010600546,-1.6425087410551313e-06,-0.1236006725908535,0.32378589089343335
2.876,0.0001489868891546564,0.19270833333333215,0.14885159010600546,-1.4353996038055218e-06,0.3235926831332068,0.21544044632499457
2.877,0.0001489868891546564,0.19270833333333215,0.14885159010600546,4.435151723825149e-07,0.3236014730428121,-0.1863704580049915
2.878,0.0001489868891546564,0.19270833333333215,-0.8511484098939945,1.2124670863047528e-06,-0.12360241468135998,-0.3300609645504552
2.879,0.0001489868891546564,-0.8072916666666679,0.14885159010600546,3.075367305219824e-07,-0.40000521443251125,-0.021779561192340646
2.88,0.0001489868891546564,0.19270833333333215,0.14885159010600546,-5.515942662999927e-07,-0.12361608885685797,0.31374888256821626
2.881,0.0001489868891546564,0.19270833333333215,0.14885159010600546,-3.726446525777479e-07,0.32361801111421146,0.21843239044019594
2.882,0.0001489868891546564,0.19270833333333215,0.14885159010600546,5.54394974618561e-08,0.32363157457768754,-0.17431691182426495
2.883,0.0001489868891546564,0.19270833333333215,0.14885159010600546,1.0001133204518758e-08,-0.12360871444140391,-0.32654105470449046
2.884,0.0001489868891546564,-0.8072916666666679,0.14885159010600546,-4.513394208732603e-08,-0.4000374232280251,-0.03219926116643008
2.885,0.0001489868891546564,0.19270833333333215,0.14885159010600546,2.966452056892337e-07,-0.12362911693644461,0.3044491731019435
2.886,0.0001489868891546564,0.19270833333333215,0.14885159010600546,4.081349479214399e-07,0.32364017112282323,0.22387436376821354
2.887,0.0001489868891546564,0.19270833333333215,0.14885159010600546,-2.0813688452655328e-07,0.3236562556370184,-0.16199917970304123
2.888,0.0001489868891546564,0.19270833333333215,0.14885159010600546,-7.539257514327088e-07,-0.12361451137678461,-0.32526288829004596
2.889,0.0001489868891546564,-0.8072916666666679,0.14885159010600546,-2.5277167775689075e-07,-0.4000625540063393,-0.043719995639938586
2.89,0.0001489868891546564,0.19270833333333215,0.14885159010600546,7.356259936259098e-07,-0.12363812434019897,0.29697758390890494
2.891,0.0001489868891546564,0.19270833333333215,0.14885159010600546,7.620573792012452e-07,0.32365666775524043,0.2311487296168934
2.892,0.0001489868891546564,0.19270833333333215,0.14885159010600546,-3.017308171497421e-07,0.3236727211083238,-0.15086610564447384
2.893,0.0001489868891546564,0.19270833333333215,-0.8511484098939945,-9.607323889285636e-07,-0.1236192211781857,-0.32642985707222016
2.894,0.0001489868891546564,-0.8072916666666679,0.14885159010600546,-2.8780896675546905e-07,-0.400078011564339,-0.05502374659294179
2.895,0.0001489868891546564,0.19270833333333215,0.14885159010600546,7.21893975448617e-07,-0.12364223797901454,0.29226759865454727
2.896,0.0001489868891546564,0.19270833333333215,0.14885159010600546,6.713340644767056e-07,0.323665981402452,0.23948992136801026
2.897,0.0001489868891546564,0.19270833333333215,0.14885159010600546,-2.297811728170665e-07,0.3236796553646783,-0.14223582705876683
2.898,0.0001489868891546564,0.19270833333333215,-0.8511484098939945,-6.548874234333109e-07,-0.12362240828032241,-0.3300228354944153
2.899,0.0001489868891546564,-0.8072916666666679,0.14885159010600546,-1.730849453986277e-07,-0.4000829066723395,-0.06485070463182974
2.9,0.0001489868891546564,0.19270833333333215,0.14885159010600546,3.4342927260518006e-07,-0.12364148603985163,0.2909646457863058
2.901,0.0001489868891546564,0.19270833333333215,0.14885159010600546,2.472710672000587e-07,0.32366783672554833,0.24805720988807348
2.902,0.0001489868891546564,0.19270833333333215,0.14885159010600546,-4.473679800950015e-08,0.32367744178947316,-0.13713414249037045
2.903,0.0001489868891546564,0.19270833333333215,-0.8511484098939945,-3.0174180470132906e-08,-0.12362387803224033,-0.3357812895221217
2.904,0.0001489868891546564,-0.8072916666666679,0.14885159010600546,2.4695665112669574e-08,-0.40007820859441956,-0.07213712190195934
2.905,0.0001489868891546564,0.19270833333333215,0.14885159010600546,-2.042612697708143e-07,-0.12363676911998886,0.2933384456904071
2.906,0.0001489868891546564,0.19270833333333215,0.14885159010600546,-2.995241543177857e-07,0.3236632573751812,0.2560140566960782
2.907,0.0001489868891546564,0.19270833333333215,0.14885159010600546,1.6673654215873516e-07,0.32366806477854887,-0.13617873687622653
2.908,0.0001489868891546564,0.19270833333333215,-0.8511484098939945,6.212532287745458e-07,-0.12362373226072325,-0.3432185362508114
2.909,0.0001489868891546564,-0.8072916666666679,0.14885159010600546,2.12521683684349e-07,-0.40006653922723534,-0.07612218247426934
2.91,0.0001489868891546564,0.19270833333333215,0.14885159010600546,-6.693031009736042e-07,-0.12362965409728335,0.2992509513194037
2.911,0.0001489868891546564,0.19270833333333215,0.14885159010600546,-7.14387656057376e-07,0.32365435856544367,0.2626067762571438
2.912,0.0001489868891546564,0.19270833333333215,0.14885159010600546,3.0644721705567173e-07,0.3236546773423966,-0.1395229412867891
2.913,0.0001489868891546564,0.19270833333333215,-0.8511484098939945,9.858494176872992e-07,-0.12362236045801828,-0.3516712239412988
2.914,0.0001489868891546564,-0.8072916666666679,0.14885159010600546,2.9575705596712883e-07,-0.4000516028275214,-0.07641317379685807
2.915,0.0001489868891546564,0.19270833333333215,0.14885159010600546,-8.104296511903893e-07,-0.1236220202627798,0.30818364096646833
2.916,0.0001489868891546564,0.19270833333333215,0.14885159010600546,-7.66843931109203e-07,0.32364388026905255,0.2672353847943072
2.917,0.0001489868891546564,0.19270833333333215,-0.8511484098939945,2.9112155312590673e-07,0.32364088738922414,-0.14686340956973037
2.918,0.0001489868891546564,0.19270833333333215,-0.8511484098939945,8.140995719217576e-07,-0.12362035198444184,-0.3603776537925075
2.919,0.0001489868891546564,-0.8072916666666679,0.14885159010600546,2.0426076037235138e-07,-0.40003732687583393,-0.07300446668018612
2.92,0.0001489868891546564,0.19270833333333215,0.14885159010600546,-4.642637585022409e-07,-0.12361562168938373,0.3193187126349715
2.921,0.0001489868891546564,0.19270833333333215,0.14885159010600546,-3.1593111706481165e-07,0.32363452680788585,0.2695102495455093
2.922,0.0001489868891546564,0.19270833333333215,0.14885159010600546,7.639415373615181e-08,0.3236298868514502,-0.15750660366810876
2.923,0.0001489868891546564,0.19270833333333215,-0.8511484098939945,-5.830968832655796e-09,-0.12361833583930223,-0.36857473306917254
2.924,0.0001489868891546564,-0.8072916666666679,0.14885159010600546,-8.629020858791494e-08,-0.40002687028454087,-0.06625210915646393
2.925,0.0001489868891546564,0.19270833333333215,0.14885159010600546,4.032819695145346e-07,-0.12361165496964267,0.33166054478882606
2.926,0.0001489868891546564,0.19270833333333215,0.14885159010600546,6.43266042903315e-07,0.3236282393960656,0.2692893811211339
2.927,0.0001489868891546564,0.19270833333333215,0.14885159010600546,-3.2754320460458756e-07,0.32362360333307183,-0.1704807674642955
2.928,0.0001489868891546564,0.19270833333333215,0.14885159010600546,-1.4045294131854616e-06,-0.12361677871165323,-0.3755999256635384
2.929,0.0001489868891546564,-0.8072916666666679,0.14885159010600546,-5.432546624842312e-07,-0.4000217145783887,-0.056811286729409
2.93,0.0001489868891546564,0.19270833333333215,0.14885159010600546,1.6746718040728048e-06,-0.12361043054690553,0.3441779054396462
2.931,0.0001489868891546564,0.19270833333333215,0.14885159010600546,1.964066720868866e-06,0.3236255702892201,0.26669282673510947
2.932,0.0001489868891546564,0.19270833333333215,0.14885159010600546,-8.528446953195229e-07,0.32362207776741814,-0.18467434502606667
2.933,0.0001489868891546564,0.19270833333333215,-0.8511484098939945,-3.129989716041324e-06,-0.12361579243101636,-0.38098314143734663
2.934,0.0001489868891546564,-0.8072916666666679,0.14885159010600546,-1.0793156981426219e-06,-0.40002107281762556,-0.04554778312530648
2.935,0.0001489868891546564,0.19270833333333215,0.14885159010600546,3.094525025187281e-06,-0.12361123465869502,0.35594469840413223
2.936,0.0001489868891546564,0.19270833333333215,0.14885159010600546,3.3691940099154517e-06,0.3236253357048099,0.2620925125728435
2.937,0.0001489868891546564,0.19270833333333215,0.14885159010600546,-1.3849650041751717e-06,0.32362325217443516,-0.19897932116188904
2.938,0.0001489868891546564,0.19270833333333215,-0.8511484098939945,-4.791414395462592e-06,-0.12361501177045368,-0.38451437100397046
2.939,0.0001489868891546564,-0.8072916666666679,0.14885159010600546,-1.568501546198893e-06,-0.40002181721588637,-0.03343648662064553
2.94,0.0001489868891546564,0.19270833333333215,0.14885159010600546,4.318526790889543e-06,-0.12361243703522634,0.3662578935142639
2.941,0.0001489868891546564,0.19270833333333215,0.14885159010600546,4.505696218901315e-06,0.32362469044796965,0.25607793602459417
2.942,0.0001489868891546564,0.19270833333333215,-0.8511484098939945,-1.785988389232162e-06,0.32362328571184457,-0.21241893234920267
2.943,0.0001489868891546564,0.19270833333333215,-0.8511484098939945,-5.940786077451416e-06,-0.12361359778613998,-0.38627596650393636
2.944,0.0001489868891546564,-0.8072916666666679,0.14885159010600546,-1.8730708962121286e-06,-0.40001903760725704,-0.021459873007224753
2.945,0.0001489868891546564,0.19270833333333215,0.14885159010600546,4.988316548632145e-06,-0.12361185105465873,0.37471548190318554
2.946,0.0001489868891546564,0.19270833333333215,0.14885159010600546,5.023177642314604e-06,0.32361969016305153,0.24940020372490435
2.947,0.0001489868891546564,0.19270833333333215,0.14885159010600546,-1.92570870519514e-06,0.32361741196128696,-0.22424325159724032
2.948,0.0001489868891546564,0.19270833333333215,-0.8511484098939945,-6.17570831377255e-06,-0.1236103989390918,-0.38663337861641267
2.949,0.0001489868891546564,-0.8072916666666679,0.14885159010600546,-1.875727494254712e-06,-0.400007210139101,-0.010517531612792386
2.95,0.0001489868891546564,0.19270833333333215,0.14885159010600546,4.816700999908977e-06,-0.12360729635236756,0.3812440825326014
2.951,0.0001489868891546564,0.19270833333333215,0.14885159010600546,4.658758087232388e-06,0.323606298016434,0.2428989178152179
2.952,0.0001489868891546564,0.19270833333333215,0.14885159010600546,-1.7137918190472688e-06,0.3236012233850926,-0.23398244925570305
2.953,0.0001489868891546564,0.19270833333333215,-0.8511484098939945,-5.241175169210638e-06,-0.12360426498690066,-0.3861841784231852
2.954,0.0001489868891546564,-0.8072916666666679,0.14885159010600546,-1.5100810796701928e-06,-0.3999818023943334,-0.0013547113343827363
2.955,0.0001489868891546564,0.19270833333333215,0.14885159010600546,3.664252180922201e-06,-0.12359726017542007,0.386074056109054
2.956,0.0001489868891546564,0.19270833333333215,0.14885159010600546,3.309655466543956e-06,0.32358167201427673,0.23741818198303624
2.957,0.0001489868891546564,0.19270833333333215,-0.8511484098939945,-1.12570706524357e-06,0.32357214580588356,-0.2414549132503282
2.958,0.0001489868891546564,0.19270833333333215,-0.8511484098939945,-3.1068285082965044e-06,-0.12359446427995818,-0.38567142302678553
2.959,0.0001489868891546564,-0.8072916666666679,0.14885159010600546,-7.822413080332868e-07,-0.3999410002256991,0.005485788693777157
2.96,0.0001489868891546564,0.19270833333333215,0.14885159010600546,1.5891580209772144e-06,-0.12358151524054861,0.3896683056646756
2.961,0.0001489868891546564,0.19270833333333215,0.14885159010600546,1.0759274040877226e-06,0.3235454642663597,0.2337193660636707
2.962,0.0001489868891546564,0.19270833333333215,0.14885159010600546,-2.1607820743647345e-07,0.32353077569980143,-0.2467346079657338
2.963,0.0001489868891546564,0.19270833333333215,-0.8511484098939945,-3.6539034672946277e-10,-0.12358111406905878,-0.38587291623236547
2.964,0.0001489868891546564,-0.8072916666666679,0.14885159010600546,2.2200465093119884e-07,-0.39988714840908646,0.009687606552204473
2.965,0.0001489868891546564,0.19270833333333215,0.14885159010600546,-1.1428972377295064e-06,-0.1235615390771863,0.3926180257452501
2.966,0.0001489868891546564,0.19270833333333215,0.14885159010600546,-1.73845599215572e-06,0.3235008026522777,0.23239906311998904
2.967,0.0001489868891546564,0.19270833333333215,0.14885159010600546,8.844629238853368e-07,0.3234817224553616,-0.2500879016319275
2.968,0.0001489868891546564,0.19270833333333215,0.14885159010600546,3.6136048369477784e-06,-0.12356550719491784,-0.38748181484170585
2.969,0.0001489868891546564,-0.8072916666666679,0.14885159010600546,1.3470950088021104e-06,-0.39982748230497267,0.011162794998053909
2.97,0.0001489868891546564,0.19270833333333215,0.14885159010600546,-4.093931295377854e-06,-0.12354059932305987,0.3955234057848353
2.971,0.0001489868891546564,0.19270833333333215,0.14885159010600546,-4.6694699563597635e-06,0.32345463143136927,0.23382074031987063
2.972,0.0001489868891546564,0.19270833333333215,0.14885159010600546,1.9894062688669563e-06,0.3234336438169452,-0.25189373757794087
2.973,0.0001489868891546564,0.19270833333333215,-0.8511484098939945,7.108486198247642e-06,-0.12355021686761417,-0.3909957115007292
2.974,0.0001489868891546564,-0.8072916666666679,0.14885159010600546,2.393712313288168e-06,-0.39977380872736307,0.010035781976339888
2.975,0.0001489868891546564,0.19270833333333215,0.14885159010600546,-6.729377665020404e-06,-0.12352342168923018,0.3988790080408393
2.976,0.0001489868891546564,0.19270833333333215,0.14885159010600546,-7.175347800654645e-06,0.32341717155671346,0.23806781151591905
2.977,0.0001489868891546564,0.19270833333333215,-0.8511484098939945,2.8902459796836224e-06,0.32339828836668916,-0.25256203450795284
2.978,0.0001489868891546564,0.19270833333333215,-0.8511484098939945,9.811739947823218e-06,-0.12353888954249179,-0.3966304915610424
2.979,0.0001489868891546564,-0.8072916666666679,0.14885159010600546,3.156348810657917e-06,-0.39974096989098606,0.0066140770031473724
2.98,0.0001489868891546564,0.19270833333333215,0.14885159010600546,-8.520584285669455e-06,-0.12351543591915158,0.4029820479031754
2.981,0.0001489868891546564,0.19270833333333215,0.14885159010600546,-8.742056896700613e-06,0.3234004187789401,0.2449242054330486
2.982,0.0001489868891546564,0.19270833333333215,0.14885159010600546,3.397686641263765e-06,0.3233885496843951,-0.2524636238392501
2.983,0.0001489868891546564,0.19270833333333215,-0.8511484098939945,1.1139655949135765e-05,-0.1235356931076763,-0.40427200004354624
2.984,0.0001489868891546564,-0.8072916666666679,0.14885159010600546,3.4650615691903625e-06,-0.39974417172178506,0.0013502790639496464
2.985,0.0001489868891546564,0.19270833333333215,0.14885159010600546,-9.053741224809405e-06,-0.12352168716105885,0.4078774529121318
2.986,0.0001489868891546564,0.19270833333333215,0.14885159010600546,-8.9907320396171e-06,0.3234158053420223,0.25388602926161274
2.987,0.0001489868891546564,0.19270833333333215,0.14885159010600546,3.3817914643090124e-06,0.323415761615629,-0.251881360508925
2.988,0.0001489868891546564,0.19270833333333215,-0.8511484098939945,1.07231401853697e-05,-0.12354446542934201,-0.4134733235103371
2.989,0.0001489868891546564,-0.8072916666666679,0.14885159010600546,3.222741118174776e-06,-0.39979553414058117,-0.0052009254750109025
2.99,0.0001489868891546564,0.19270833333333215,0.14885159010600546,-8.122368269534313e-06,-0.12354558826146675,0.4133471697011852
2.991,0.0001489868891546564,0.19270833333333215,0.14885159010600546,-7.764275958783904e-06,0.32347137110697605,0.2642048097291826
2.992,0.0001489868891546564,0.19270833333333215,-0.8511484098939945,2.802466439025995e-06,0.32348667928241204,-0.2509871015197706
2.993,0.0001489868891546564,0.19270833333333215,-0.8511484098939945,8.497255345851268e-06,-0.12356769202939673,-0.4234990528015194
2.994,0.0001489868891546564,-0.8072916666666679,0.14885159010600546,2.42972021719471e-06,-0.3999004698219613,-0.01242820215771115
2.995,0.0001489868891546564,0.19270833333333215,0.14885159010600546,-5.782824924763691e-06,-0.12358775348335697,0.41894383749906644
2.996,0.0001489868891546564,0.19270833333333215,0.14885159010600546,-5.173622408331406e-06,0.3235689749782912,0.2749593234507223
2.997,0.0001489868891546564,0.19270833333333215,-0.8511484098939945,1.7233049101511724e-06,0.3236007476375583,-0.24984402411887907
2.998,0.0001489868891546564,0.19270833333333215,-0.8511484098939945,4.73362756558425e-06,-0.12360551255968812,-0.433411196816673
2.999,0.0001489868891546564,-0.8072916666666679,0.14885159010600546,1.1898459379557758e-06,-0.40005465982377736,-0.019709832346574807
3.0,0.0001489868891546564,0.19270833333333215,0.14885159010600546,-2.3591878452566333e-06,-0.12364517910332522,0.4240618802086485
3.001,0.0001489868891546564,0.19270833333333215,0.14885159010600546,-1.5918113516757918e-06,0.3237021800653747,0.2851495891084064
3.002,0.0001489868891546564,0.19270833333333215,0.14885159010600546,3.0502828355386795e-07,0.3237483148637427,-0.24842922213407356
3.003,0.0001489868891546564,0.19270833333333215,-0.8511484098939945,6.007173916009283e-09,-0.12365499474846665,-0.44218545742911286
3.004,0.0001489868891546564,-0.8072916666666679,0.14885159010600546,-3.0419311432592657e-07,-0.40024241903956886,-0.02645969089900671
3.005,0.0001489868891546564,0.19270833333333215,0.14885159010600546,1.6060255479723646e-06,-0.12371101017293931,0.4280334215176106
3.006,0.0001489868891546564,0.19270833333333215,0.14885159010600546,2.4054269739994923e-06,0.3238554288370257,0.2938036195488322
3.007,0.0001489868891546564,0.19270833333333215,0.14885159010600546,-1.221079078344187e-06,0.32391037293529806,-0.24666844814402342
3.008,0.0001489868891546564,0.19270833333333215,-0.8511484098939945,-4.906976509828501e-06,-0.12370990660849425,-0.4488422324310529
3.009,0.0001489868891546564,-0.8072916666666679,0.14885159010600546,-1.8041897780306728e-06,-0.40043710275625877,-0.03217173500783143
3.01,0.0001489868891546564,0.19270833333333215,0.14885159010600546,5.447483948333083e-06,-0.12377505324817786,0.43023305567573134
3.011,0.0001489868891546564,0.19270833333333215,0.14885159010600546,6.142606727471225e-06,0.3240049702785234,0.30008544813788657
3.012,0.0001489868891546564,0.19270833333333215,0.14885159010600546,-2.5950912003193524e-06,0.3240601964181684,-0.24447370754358347
3.013,0.0001489868891546564,0.19270833333333215,-0.8511484098939945,-9.164367793027176e-06,-0.12376115594919977,-0.4525746210676149
3.014,0.0001489868891546564,-0.8072916666666679,0.14885159010600546,-3.0522651998175995e-06,-0.4006038996067107,-0.03646117584942846
3.015,0.0001489868891546564,0.19270833333333215,0.14885159010600546,8.501101923527002e-06,-0.12382507036349714,0.43017485536106553
3.016,0.0001489868891546564,0.19270833333333215,0.14885159010600546,8.971372384852383e-06,0.32412171905368753,0.30339210334922284
3.017,0.0001489868891546564,0.19270833333333215,0.14885159010600546,-3.577642976871521e-06,0.32416692486641696,-0.24177521302000304
3.018,0.0001489868891546564,0.19270833333333215,-0.8511484098939945,-1.2023000957581546e-05,-0.12379795454161661,-0.4528561553525827
3.019,0.0001489868891546564,-0.8072916666666679,0.14885159010600546,-3.8302345994196845e-06,-0.40070492272070757,-0.039099580658480376
3.02,0.0001489868891546564,0.19270833333333215,0.14885159010600546,1.0231942215368678e-05,-0.1238487383559103,0.42758704115503177
3.021,0.0001489868891546564,0.19270833333333215,0.14885159010600546,1.0395990671964821e-05,0.3241758548887417,0.30342782587156575
3.022,0.0001489868891546564,0.19270833333333215,-0.8511484098939945,-3.996510074133813e-06,0.324200742740875,-0.2385416479628002
3.023,0.0001489868891546564,0.19270833333333215,-0.8511484098939945,-1.2982738475622245e-05,-0.12380961825192728,-0.4495138745029781
3.024,0.0001489868891546564,-0.8072916666666679,0.14885159010600546,-4.002426262412954e-06,-0.4007060190368387,-0.040040283825172905
3.025,0.0001489868891546564,0.19270833333333215,0.14885159010600546,1.0339707826663729e-05,-0.12383600599784057,0.4224540000733151
3.026,0.0001489868891546564,0.19270833333333215,0.14885159010600546,1.017153162580271e-05,0.3241425717043033,0.3002459379642456
3.027,0.0001489868891546564,0.19270833333333215,0.14885159010600546,-3.7808841095048625e-06,0.32413892315192183,-0.23478613871969942
3.028,0.0001489868891546564,0.19270833333333215,-0.8511484098939945,-1.188645490887225e-05,-0.12378775976272938,-0.4427572379583697
3.029,0.0001489868891546564,-0.8072916666666679,0.14885159010600546,-3.542940553821647e-06,-0.4005842583181965,-0.03943005609729331
3.03,0.0001489868891546564,0.19270833333333215,0.14885159010600546,8.819458577094495e-06,-0.12378145903690503,0.4150209997846709
3.031,0.0001489868891546564,0.19270833333333215,0.14885159010600546,8.353766539127157e-06,0.324008038695399,0.2942522140161442
3.032,0.0001489868891546564,0.19270833333333215,0.14885159010600546,-2.975957834936746e-06,0.32397169695731065,-0.2305590079520324
3.033,0.0001489868891546564,0.19270833333333215,-0.8511484098939945,-8.953013433252576e-06,-0.1237284988530989,-0.4331594842469383
3.034,0.0001489868891546564,-0.8072916666666679,0.14885159010600546,-2.5413486068298243e-06,-0.4003347372209927,-0.03760331110636501
3.035,0.0001489868891546564,0.19270833333333215,0.14885159010600546,5.9639788696975175e-06,-0.12368623816333393,0.4057629838253291
3.036,0.0001489868891546564,0.19270833333333215,0.14885159010600546,5.289395637233375e-06,0.3237744192917155,0.28616799486792305
3.037,0.0001489868891546564,0.19270833333333215,-0.8511484098939945,-1.7343829058704583e-06,0.3237067607686211,-0.2259314820429878
3.038,0.0001489868891546564,0.19270833333333215,-0.8511484098939945,-4.73502552195749e-06,-0.12363423847780422,-0.421594471236777
3.039,0.0001489868891546564,-0.8072916666666679,0.14885159010600546,-1.1852198202068734e-06,-0.3999752265373725,-0.03505638942525231
3.04,0.0001489868891546564,0.19270833333333215,0.14885159010600546,2.3061874324529714e-06,-0.12355906773349355,0.3953242251670728
3.041,0.0001489868891546564,0.19270833333333215,0.14885159010600546,1.547529729977195e-06,0.32346277372094684,0.27695610882527516
3.042,0.0001489868891546564,0.19270833333333215,0.14885159010600546,-2.8596409091699524e-07,0.3233712996153088,-0.22097641723524317
3.043,0.0001489868891546564,0.19270833333333215,-0.8511484098939945,-8.885691352860284e-09,-0.12351455838222745,-0.40913784019868443
3.044,0.0001489868891546564,-0.8072916666666679,0.14885159010600546,2.7726976632179723e-07,-0.39954735701974986,-0.032401619154365
3.045,0.0001489868891546564,0.19270833333333215,0.14885159010600546,-1.4873659402897736e-06,-0.12341605212821123,0.38443950413440253
3.046,0.0001489868891546564,0.19270833333333215,0.14885159010600546,-2.194184879792861e-06,0.32311288180892367,0.26771729126688715
3.047,0.0001489868891546564,0.19270833333333215,0.14885159010600546,1.1084019568893972e-06,0.3230106918832933,-0.21575243268113048
3.048,0.0001489868891546564,0.19270833333333215,-0.8511484098939945,4.3808940973304885e-06,-0.12338587422167883,-0.39694571924849925
3.049,0.0001489868891546564,-0.8072916666666679,0.14885159010600546,1.5870967743346133e-06,-0.3991134900258317,-0.030303657795544697
3.05,0.0001489868891546564,0.19270833333333215,0.14885159010600546,-4.750243513181115e-06,-0.12327907496876386,0.37384931644718267
3.051,0.0001489868891546564,0.19270833333333215,0.14885159010600546,-5.285483790500991e-06,0.3227794586360476,0.2595686097884933
3.052,0.0001489868891546564,0.19270833333333215,0.14885159010600546,2.209058473266458e-06,0.32268356301375445,-0.21029657812040178
3.053,0.0001489868891546564,0.19270833333333215,-0.8511484098939945,7.690846342572365e-06,-0.12326969442288294,-0.38612655649085725
3.054,0.0001489868891546564,-0.8072916666666679,0.14885159010600546,2.5261795119018736e-06,-0.3987491081026844,-0.029403636864955434
3.055,0.0001489868891546564,0.19270833333333215,0.14885159010600546,-6.949194087182715e-06,-0.12317287129123583,0.3642212550861348
3.056,0.0001489868891546564,0.19270833333333215,0.14885159010600546,-7.232975177938566e-06,0.3225248452130599,0.2535178675164552
3.057,0.0001489868891546564,0.19270833333333215,0.14885159010600546,2.8451867106944698e-06,0.3224534944111145,-0.20462814343291244
3.058,0.0001489868891546564,0.19270833333333215,-0.8511484098939945,9.42551822817433e-06,-0.12318955598530672,-0.3776218111937868
3.059,0.0001489868891546564,-0.8072916666666679,0.14885159010600546,2.9602362417611935e-06,-0.39853138925867043,-0.030239310875147637
3.06,0.0001489868891546564,0.19270833333333215,0.14885159010600546,-7.788295114225586e-06,-0.12312109802560708,0.3560873925443938
3.061,0.0001489868891546564,0.19270833333333215,0.14885159010600546,-7.795614863846406e-06,0.32240894656154456,0.25034870754521377
3.062,0.0001489868891546564,0.19270833333333215,-0.8511484098939945,2.947493508872731e-06,0.3223783731181377,-0.19876302925967773
3.063,0.0001489868891546564,0.19270833333333215,-0.8511484098939945,9.430732002921253e-06,-0.12316699425775406,-0.37210924348485586
3.064,0.0001489868891546564,-0.8072916666666679,0.14885159010600546,2.863493712562177e-06,-0.39852545821930574,-0.033171199010937
3.065,0.0001489868891546564,0.19270833333333215,0.14885159010600546,-7.261675818884324e-06,-0.12314195933220697,0.3498037988845627
3.066,0.0001489868891546564,0.19270833333333215,0.14885159010600546,-7.025478728429426e-06,0.3224778390014748,0.2505300389957823
3.067,0.0001489868891546564,0.19270833333333215,0.14885159010600546,2.5588742267926306e-06,0.32249896305643727,-0.19273497870535636
3.068,0.0001489868891546564,0.19270833333333215,0.14885159010600546,7.912756774262573e-06,-0.12321714994632384,-0.3699388546359944
3.069,0.0001489868891546564,-0.8072916666666679,0.14885159010600546,2.319821780232431e-06,-0.3987704806421166,-0.03832514538599167
3.07,0.0001489868891546564,0.19270833333333215,0.14885159010600546,-5.643162111984643e-06,-0.123244105106762,0.3455340567012298
3.071,0.0001489868891546564,0.19270833333333215,0.14885159010600546,-5.244736692912303e-06,0.32275294685469547,0.2541605670731281
3.072,0.0001489868891546564,0.19270833333333215,0.14885159010600546,1.8206309035566897e-06,0.3228286666676557,-0.18661764736456796
3.073,0.0001489868891546564,0.19270833333333215,-0.8511484098939945,5.3788874515679786e-06,-0.1233447866794136,-0.3711067955399556
3.074,0.0001489868891546564,-0.8072916666666679,0.14885159010600546,1.4999466837352126e-06,-0.39926813312181264,-0.0455605562832392
3.075,0.0001489868891546564,0.19270833333333215,0.14885159010600546,-3.4148359517253075e-06,-0.12342357505488095,0.34325461846321514
3.076,0.0001489868891546564,0.19270833333333215,0.14885159010600546,-2.9636072648013922e-06,0.32322288118528253,0.26095499489869056
3.077,0.0001489868891546564,0.19270833333333215,0.14885159010600546,9.371678591660976e-07,0.323346526153821,-0.1805405295603914
3.078,0.0001489868891546564,0.19270833333333215,-0.8511484098939945,2.512186646567012e-06,-0.12354153990167631,-0.3752675452341058
3.079,0.0001489868891546564,-0.8072916666666679,0.14885159010600546,6.196752183089803e-07,-0.3999759320470908,-0.05447081035816636
3.08,0.0001489868891546564,0.19270833333333215,0.14885159010600546,-1.150056513591447e-06,-0.12366248385393443,0.34277682511357677
3.081,0.0001489868891546564,0.19270833333333215,0.14885159010600546,-7.57240664807587e-07,0.32383986367046436,0.27027342549496436
3.082,0.0001489868891546564,0.19270833333333215,-0.8511484098939945,1.2691912540706098e-07,0.3239952300998822,-0.1746924486855298
3.083,0.0001489868891546564,0.19270833333333215,-0.8511484098939945,8.02317309243592e-09,-0.12378511600148646,-0.3817801079211913
3.084,0.0001489868891546564,-0.8072916666666679,0.14885159010600546,-1.1161561907141607e-07,-0.4008073907617334,-0.06441827652718635
3.085,0.0001489868891546564,0.19270833333333215,0.14885159010600546,6.230515571170163e-07,-0.12392993250517786,0.343778850356215
3.086,0.0001489868891546564,0.19270833333333215,0.14885159010600546,8.709938036407541e-07,0.32452210943734544,0.2811902930807051
3.087,0.0001489868891546564,0.19270833333333215,0.14885159010600546,-4.295016295627827e-07,0.3246852479325503,-0.1693085981563962
3.088,0.0001489868891546564,0.19270833333333215,-0.8511484098939945,-1.5908351989809906e-06,-0.12404090787346639,-0.38978048803807047
3.089,0.0001489868891546564,-0.8072916666666679,0.14885159010600546,-5.405928293401583e-07,-0.4016400297538715,-0.07460156408105736
3.09,0.0001489868891546564,0.19270833333333215,0.14885159010600546,1.5466958623311746e-06,-0.12418530790617271,0.3458409050778354
3.091,0.0001489868891546564,0.19270833333333215,0.14885159010600546,1.608687107303133e-06,0.3251626643427074,0.29259447563645213
3.092,0.0001489868891546564,0.19270833333333215,0.14885159010600546,-6.320684952418463e-07,0.325305281459022,-0.16464058210624508
3.093,0.0001489868891546564,0.19270833333333215,-0.8511484098939945,-2.0226638209611674e-06,-0.1242661165839405,-0.3982706506132293
3.094,0.0001489868891546564,-0.8072916666666679,0.14885159010600546,-6.062177493442414e-07,-0.40233100462679094,-0.08414779347539672
3.095,0.0001489868891546564,0.19270833333333215,0.14885159010600546,1.5180111766583672e-06,-0.12438374003375986,0.34847853597278666
3.096,0.0001489868891546564,0.19270833333333215,0.14885159010600546,1.4081392221527729e-06,0.3256441023359603,0.30330868586386034
3.097,0.0001489868891546564,0.19270833333333215,0.14885159010600546,-4.849389689638099e-07,0.3257381305292526,-0.16091287473724517
3.098,0.0001489868891546564,0.19270833333333215,-0.8511484098939945,-1.3681936157245519e-06,-0.12441602222992974,-0.40621365786171937
3.099,0.0001489868891546564,-0.8072916666666679,0.14885159010600546,-3.5391769453333227e-07,-0.4027387286184497,-0.09221859400403787
3.1,0.0001489868891546564,0.19270833333333215,0.14885159010600546,7.125417454634858e-07,-0.12448308396003119,0.35117129252552015
3.101,0.0001489868891546564,0.19270833333333215,0.14885159010600546,4.964152508523044e-07,0.325857357775675,0.31221423931972775
3.102,0.0001489868891546564,0.19270833333333215,0.14885159010600546,-9.489789754726155e-08,0.32587999346368623,-0.15827277307174287
3.103,0.0001489868891546564,0.19270833333333215,-0.8511484098939945,-2.8934569260355232e-08,-0.12445160398971031,-0.41262552849801654
3.104,0.0001489868891546564,-0.8072916666666679,0.14885159010600546,7.621660016008325e-08,-0.4027475828482054,-0.09811591027298605
3.105,0.0001489868891546564,0.19270833333333215,0.14885159010600546,-4.605582955301335e-07,-0.12445145046507665,0.35338674478462495
3.106,0.0001489868891546564,0.19270833333333215,0.14885159010600546,-6.824394859070094e-07,0.3257219940135345,0.3183670666518675
3.107,0.0001489868891546564,0.19270833333333215,0.14885159010600546,3.557180433733475e-07,0.3256603543157776,-0.15674345458753688
3.108,0.0001489868891546564,0.19270833333333215,-0.8511484098939945,1.3749729679373741e-06,-0.12434735149549059,-0.416656222252304
3.109,0.0001489868891546564,-0.8072916666666679,0.14885159010600546,4.852218997754729e-07,-0.40229186878915024,-0.10137303640427382
3.11,0.0001489868891546564,0.19270833333333215,0.14885159010600546,-1.4632036409314835e-06,-0.12427408969188108,0.3546021023811007
3.111,0.0001489868891546564,0.19270833333333215,0.14885159010600546,-1.5815820876837144e-06,0.3252045859596775,0.321092334757812
3.112,0.0001489868891546564,0.19270833333333215,0.14885159010600546,6.56071125215224e-07,0.32505912515257795,-0.15619054245085848
3.113,0.0001489868891546564,0.19270833333333215,-0.8511484098939945,2.1659535813056266e-06,-0.12409791269413897,-0.4176545210486427
3.114,0.0001489868891546564,-0.8072916666666679,0.14885159010600546,6.673946313384302e-07,-0.4013747700218032,-0.10181780236424895
3.115,0.0001489868891546564,0.19270833333333215,0.14885159010600546,-1.7702508588830239e-06,-0.12395838820193185,0.3543269219193452
3.116,0.0001489868891546564,0.19270833333333215,0.14885159010600546,-1.6968926263839062e-06,0.3243317727068225,0.3200480010963021
3.117,0.0001489868891546564,0.19270833333333215,0.14885159010600546,6.234127048490727e-07,0.32411774114914743,-0.15631131252216676
3.118,0.0001489868891546564,0.19270833333333215,-0.8511484098939945,1.7931074635512737e-06,-0.12372224231584206,-0.41521396305447944
3.119,0.0001489868891546564,-0.8072916666666679,0.14885159010600546,4.6696256608424503e-07,-0.40007838599072926,-0.09959837379999724
3.12,0.0001489868891546564,0.19270833333333215,0.14885159010600546,-1.0161661782451062e-06,-0.12353589757672657,0.3521302509388716
3.121,0.0001489868891546564,0.19270833333333215,0.14885159010600546,-7.102899128124671e-07,0.32319499645679883,0.31525159589228924
3.122,0.0001489868891546564,0.19270833333333215,0.14885159010600546,1.5605389557763011e-07,0.32294150269090305,-0.15665242388703027
3.123,0.0001489868891546564,0.19270833333333215,-0.8511484098939945,-3.996326219366701e-09,-0.12326417207180988,-0.40919897989579956
3.124,0.0001489868891546564,-0.8072916666666679,0.14885159010600546,-1.7414825328826942e-07,-0.39856190584673146,-0.09516722367017742
3.125,0.0001489868891546564,0.19270833333333215,0.14885159010600546,8.886599088504747e-07,-0.12306066773721994,0.34767402381761275
3.126,0.0001489868891546564,0.19270833333333215,0.14885159010600546,1.4039005123801702e-06,0.3219449721679071,0.30706895010740215
3.127,0.0001489868891546564,0.19270833333333215,0.14885159010600546,-7.302819784316133e-07,0.32169158290314687,-0.15665729012515717
3.128,0.0001489868891546564,0.19270833333333215,-0.8511484098939945,-3.092618557195913e-06,-0.12278880062762865,-0.39975174967856897
3.129,0.0001489868891546564,-0.8072916666666679,0.14885159010600546,-1.1895378180221632e-06,-0.397046611797814,-0.08922475110564428
3.13,0.0001489868891546564,0.19270833333333215,0.14885159010600546,3.701932350463072e-06,-0.12260367240636172,0.34075191816753303
3.131,0.0001489868891546564,0.19270833333333215,0.14885159010600546,4.337569897836089e-06,0.32077541434312595,0.29616788219199297
3.132,0.0001489868891546564,0.19270833333333215,0.14885159010600546,-1.8925788364842858e-06,0.32056663778910294,-0.15573872963045798
3.133,0.0001489868891546564,0.19270833333333215,-0.8511484098939945,-6.934090487105655e-06,-0.12237473915903502,-0.38728096799045614
3.134,0.0001489868891546564,-0.8072916666666679,0.14885159010600546,-2.390436661926271e-06,-0.3957884295142787,-0.08262986638195827
3.135,0.0001489868891546564,0.19270833333333215,0.14885159010600546,6.871482832027492e-06,-0.1222437195737299,0.33132979910133903
3.136,0.0001489868891546564,0.19270833333333215,0.14885159010600546,7.4870081128462616e-06,0.31989727906663895,0.28344350452715644
3.137,0.0001489868891546564,0.19270833333333215,-0.8511484098939945,-3.0814038588545064e-06,0.3197756559776651,-0.15336732886770904
3.138,0.0001489868891546564,0.19270833333333215,-0.8511484098939945,-1.0670671689201642e-05,-0.12210295347324798,-0.3724339034491897
3.139,0.0001489868891546564,-0.8072916666666679,0.14885159010600546,-3.498346122523964e-06,-0.39504087881685723,-0.07628972489432552
3.14,0.0001489868891546564,0.19270833333333215,0.14885159010600546,9.635961183712641e-06,-0.1220558470210259,0.319581083552076
3.141,0.0001489868891546564,0.19270833333333215,0.14885159010600546,1.0067648273159507e-05,0.31950649384903956,0.26992442107810705
3.142,0.0001489868891546564,0.19270833333333215,0.14885159010600546,-3.989962006322144e-06,0.3195053015016501,-0.14916202554565297
3.143,0.0001489868891546564,0.19270833333333215,-0.8511484098939945,-1.3299220937989088e-05,-0.12204360191782487,-0.35605302647007897
3.144,0.0001489868891546564,-0.8072916666666679,0.14885159010600546,-4.2028992307273785e-06,-0.3950131751666344,-0.07104390761856373
3.145,0.0001489868891546564,0.19270833333333215,0.14885159010600546,1.118666932126348e-05,-0.12209871407188332,0.3059086112014951
3.146,0.0001489868891546564,0.19270833333333215,0.14885159010600546,1.1284470291949629e-05,0.31974955582425857,0.25667044296812236
3.147,0.0001489868891546564,0.19270833333333215,0.14885159010600546,-4.322070408358707e-06,0.3198862610001211,-0.14296759925334365
3.148,0.0001489868891546564,0.19270833333333215,0.14885159010600546,-1.3897974543383267e-05,-0.12224276257952137,-0.3391185141929668
3.149,0.0001489868891546564,-0.8072916666666679,0.14885159010600546,-4.233448140073156e-06,-0.3958295536194937,-0.06755920424011928
3.15,0.0001489868891546564,0.19270833333333215,0.14885159010600546,1.0857740315855422e-05,-0.12240282477043347,0.2909445139633382
3.151,0.0001489868891546564,0.19270833333333215,0.14885159010600546,1.0522912339575915e-05,0.3206922164606594,0.24467251482257957
3.152,0.0001489868891546564,0.19270833333333215,0.14885159010600546,-3.864806293067693e-06,0.3209637660718671,-0.13490453859247037
3.153,0.0001489868891546564,0.19270833333333215,-0.8511484098939945,-1.1858184227119739e-05,-0.12271117414344246,-0.3226783319145972
3.154,0.0001489868891546564,-0.8072916666666679,0.14885159010600546,-3.428928085694972e-06,-0.39749636026764634,-0.06624960112258006
3.155,0.0001489868891546564,0.19270833333333215,0.14885159010600546,8.30306039301786e-06,-0.12296148597161777,0.2755214310813519
3.156,0.0001489868891546564,0.19270833333333215,0.14885159010600546,7.5179530997501824e-06,0.32229654669902036,0.2347644560813339
3.157,0.0001489868891546564,0.19270833333333215,0.14885159010600546,-2.549499899631059e-06,0.3226773599215841,-0.12538018465832673
3.158,0.0001489868891546564,0.19270833333333215,-0.8511484098939945,-7.067799466189527e-06,-0.1234170190731405,-0.3077685339786975
3.159,0.0001489868891546564,-0.8072916666666679,0.14885159010600546,-1.789826669703593e-06,-0.39988292732085634,-0.0672323320977066
3.16,0.0001489868891546564,0.19270833333333215,0.14885159010600546,3.618339311101756e-06,-0.12372618278779114,0.26061213102480096
3.161,0.0001489868891546564,0.19270833333333215,0.14885159010600546,2.460911859263297e-06,0.32441090938559936,0.2275541399232806
3.162,0.0001489868891546564,0.19270833333333215,0.14885159010600546,-4.861981432984608e-07,0.3248540637099824,-0.11505570247140491
3.163,0.0001489868891546564,0.19270833333333215,-0.8511484098939945,-1.3787710010168805e-09,-0.12428434238114135,-0.2953278915712509
3.164,0.0001489868891546564,-0.8072916666666679,0.14885159010600546,5.010522097464327e-07,-0.402720714595172,-0.07032548527946417
3.165,0.0001489868891546564,0.19270833333333215,0.14885159010600546,-2.623939468692811e-06,-0.12460755315070059,0.2472396811942957
3.166,0.0001489868891546564,0.19270833333333215,0.14885159010600546,-3.985428307123677e-06,0.3267758077861057,0.22337919294096106
3.167,0.0001489868891546564,0.19270833333333215,0.14885159010600546,2.03840366286596e-06,0.32721744887665843,-0.10477045290459654
3.168,0.0001489868891546564,0.19270833333333215,0.14885159010600546,8.311906761831491e-06,-0.125197967179842,-0.2861127187072649
3.169,0.0001489868891546564,-0.8072916666666679,0.14885159010600546,3.096326476503747e-06,-0.4056228239226362,-0.0750865010541636
3.17,0.0001489868891546564,0.19270833333333215,0.14885159010600546,-9.441843983759367e-06,-0.12548241745337008,0.23636592256391184
3.171,0.0001489868891546564,0.19270833333333215,0.14885159010600546,-1.0774458551462169e-05,0.32904641540701923,0.22228955126084296
3.172,0.0001489868891546564,0.19270833333333215,0.14885159010600546,4.602157866530957e-06,0.3294129385683572,-0.09543258482874906
3.173,0.0001489868891546564,0.19270833333333215,-0.8511484098939945,1.6445253742870963e-05,-0.1260148352516479,-0.2806194427889135
3.174,0.0001489868891546564,-0.8072916666666679,0.14885159010600546,5.539554089446018e-06,-0.40812308449302187,-0.08088489827064606
3.175,0.0001489868891546564,0.19270833333333215,0.14885159010600546,-1.5607183348593992e-05,-0.12620646226186613,0.22877113035122612
3.176,0.0001489868891546564,0.19270833333333215,0.14885159010600546,-1.6655293278972755e-05,0.3308301212735612,0.22405656743359526
3.177,0.0001489868891546564,0.19270833333333215,0.14885159010600546,6.721931365756159e-06,0.3310472460921903,-0.08789089612676802
3.178,0.0001489868891546564,0.19270833333333215,-0.8511484098939945,2.283193041388905e-05,-0.1265807030962792,-0.279023575083539
3.179,0.0001489868891546564,-0.8072916666666679,0.14885159010600546,7.349439695018851e-06,-0.4097308851670003,-0.08699765378466555
3.18,0.0001489868891546564,0.19270833333333215,0.14885159010600546,-1.987662960372592e-05,-0.12663131009885398,0.22494133106584957
3.181,0.0001489868891546564,0.19270833333333215,0.14885159010600546,-2.041244578760361e-05,0.33173501491204027,0.22820606888525052
3.182,0.0001489868891546564,0.19270833333333215,0.14885159010600546,7.947788423670289e-06,0.3317375711111886,-0.08280709220085788
3.183,0.0001489868891546564,0.19270833333333215,-0.8511484098939945,2.6075716733752206e-05,-0.12675021728244792,-0.2811438172429898
3.184,0.0001489868891546564,-0.8072916666666679,0.14885159010600546,8.116738242425727e-06,-0.4099952599503337,-0.09271258591982405
3.185,0.0001489868891546564,0.19270833333333215,0.14885159010600546,-2.124609635698668e-05,-0.12662396143310428,0.22498094384970455
3.186,0.0001489868891546564,0.19270833333333215,0.14885159010600546,-2.111856832564819e-05,0.33142326995245497,0.23407097532533164
3.187,0.0001489868891546564,0.19270833333333215,0.14885159010600546,7.95812422248521e-06,0.3311643788990784,-0.08054868815000533
3.188,0.0001489868891546564,0.19270833333333215,0.14885159010600546,2.5251387285844575e-05,-0.12640772848113863,-0.2864387578752769
3.189,0.0001489868891546564,-0.8072916666666679,0.14885159010600546,7.594031404298847e-06,-0.4085698547599235,-0.09742431101401454
3.19,0.0001489868891546564,0.19270833333333215,0.14885159010600546,-1.9175674583863713e-05,-0.1260860914563033,0.22856672583241747
3.191,0.0001489868891546564,0.19270833333333215,0.14885159010600546,-1.834724132877499e-05,0.32966220087897186,0.24085785381774671
3.192,0.0001489868891546564,0.19270833333333215,0.14885159010600546,6.635542905070148e-06,0.3291205936303174,-0.08112061487563015
3.193,0.0001489868891546564,0.19270833333333215,-0.8511484098939945,2.013058805395416e-05,-0.12548590193836032,-0.29404085688740594
3.194,0.0001489868891546564,-0.8072916666666679,0.14885159010600546,5.758799026642399e-06,-0.4052696585240698,-0.10070894332898783
3.195,0.0001489868891546564,0.19270833333333215,0.14885159010600546,-1.3735366896935723e-05,-0.12497051474662216,0.23495441663150923
3.196,0.0001489868891546564,0.19270833333333215,0.14885159010600546,-1.2297994305955348e-05,0.326365596056497,0.2477211199067891
3.197,0.0001489868891546564,0.19270833333333215,0.14885159010600546,4.1061283470203194e-06,0.3255500455603283,-0.08414830941306932
3.198,0.0001489868891546564,0.19270833333333215,-0.8511484098939945,1.1280394977759904e-05,-0.12397931200780106,-0.30282835532722074
3.199,0.0001489868891546564,-0.8072916666666679,0.14885159010600546,2.8347081215882587e-06,-0.4001109519384351,-0.1023674031715328
3.2,0.0001489868891546564,0.19270833333333215,0.14885159010600546,-5.635739032142887e-06,-0.12329234186916371,0.24304250703806407
3.201,0.0001489868891546564,0.19270833333333215,0.14885159010600546,-3.8015784447716206e-06,0.3216188564166832,0.2538384295027911
3.202,0.0001489868891546564,0.19270833333333215,0.14885159010600546,7.315230926846221e-07,0.32056908117180977,-0.08891744060950175
3.203,0.0001489868891546564,0.19270833333333215,-0.8511484098939945,5.84399930813489e-09,-0.12195077245133466,-0.3115308426760642
3.204,0.0001489868891546564,-0.8072916666666679,0.14885159010600546,-7.3594749821872e-07,-0.3933277990613684,-0.10243236838577208
3.205,0.0001489868891546564,0.19270833333333215,0.14885159010600546,3.869992765221251e-06,-0.12113293462848858,0.2514891784036017
3.206,0.0001489868891546564,0.19270833333333215,0.14885159010600546,5.80286793939464e-06,0.31568340946267753,0.25848107861897024
3.207,0.0001489868891546564,0.19270833333333215,0.14885159010600546,-2.947344460150224e-06,0.3144672706316585,-0.09446661477914405
3.208,0.0001489868891546564,0.19270833333333215,0.14885159010600546,-1.1860761918253505e-05,-0.11952908588614608,-0.31885915486475025
3.209,0.0001489868891546564,-0.8072916666666679,0.14885159010600546,-4.365749899085674e-06,-0.3853613631505706,-0.10113970654931295
3.21,0.0001489868891546564,0.19270833333333215,0.14885159010600546,1.3199392378534966e-05,-0.11863565570665993,0.2588699720346299
3.211,0.0001489868891546564,0.19270833333333215,0.14885159010600546,1.4900414581236369e-05,0.3089785762952579,0.2610738682093741
3.212,0.0001489868891546564,0.19270833333333215,0.14885159010600546,-6.3058609518922225e-06,0.3076858713479419,-0.09972083583148926
3.213,0.0001489868891546564,0.19270833333333215,-0.8511484098939945,-2.2288354924685386e-05,-0.11689806696654696,-0.3236458878925871
3.214,0.0001489868891546564,-0.8072916666666679,0.14885159010600546,-7.428811708282765e-06,-0.37682197342831325,-0.09887072745281456
3.215,0.0001489868891546564,0.19270833333333215,0.14885159010600546,2.0731570813736422e-05,-0.1159934889857256,0.26385656479879177
3.216,0.0001489868891546564,0.19270833333333215,0.14885159010600546,2.1900170450168235e-05,0.3020421687326407,0.261239844186238
3.217,0.0001489868891546564,0.19270833333333215,0.14885159010600546,-8.752851789115938e-06,0.30077575427889974,-0.10364658372459966
3.218,0.0001489868891546564,0.19270833333333215,-0.8511484098939945,-2.9431286734040367e-05,-0.11427793370779149,-0.32497990705851143
3.219,0.0001489868891546564,-0.8072916666666679,0.14885159010600546,-9.38013939029667e-06,-0.3684276856285774,-0.09607592917080093
3.22,0.0001489868891546564,0.19270833333333215,0.14885159010600546,2.5118862777745127e-05,-0.11342972994369768,0.2653924329026082
3.221,0.0001489868891546564,0.19270833333333215,0.14885159010600546,2.554352419865938e-05,0.29547413250045956,0.25882654574415237
3.222,0.0001489868891546564,0.19270833333333215,0.14885159010600546,-9.84600925423669e-06,0.29433943032734117,-0.10540531613531569
3.223,0.0001489868891546564,0.19270833333333215,-0.8511484098939945,-3.1992313468732947e-05,-0.11190128225853627,-0.32231746243226156
3.224,0.0001489868891546564,-0.8072916666666679,0.14885159010600546,-9.863602389975223e-06,-0.3609265021643309,-0.09319341007297328
3.225,0.0001489868891546564,0.19270833333333215,0.14885159010600546,2.5555912094917553e-05,-0.11117394910309704,0.2628401064246292
3.226,0.0001489868891546564,0.19270833333333215,0.14885159010600546,2.5157449678860845e-05,0.2898700727352382,0.2539118483667587
3.227,0.0001489868891546564,0.19270833333333215,0.14885159010600546,-9.381695885460686e-06,0.2889641886038677,-0.10448174477480635
3.228,0.0001489868891546564,0.19270833333333215,0.14885159010600546,-2.9488473453087366e-05,-0.10998668811828037,-0.31555424377802793
3.229,0.0001489868891546564,-0.8072916666666679,0.14885159010600546,-8.785725138490156e-06,-0.3550119246521275,-0.09057542454327898
3.23,0.0001489868891546564,0.19270833333333215,0.14885159010600546,2.1948833124754227e-05,-0.10943616469266199,0.25607754111459174
3.231,0.0001489868891546564,0.19270833333333215,0.14885159010600546,2.079834636611565e-05,0.2857531073139091,0.2467891183055815
3.232,0.0001489868891546564,0.19270833333333215,0.14885159010600546,-7.439566404159492e-06,0.28515480746502153,-0.10076656703511304
3.233,0.0001489868891546564,0.19270833333333215,-0.8511484098939945,-2.236120136146407e-05,-0.10871337868609891,-0.3050468930410767
3.234,0.0001489868891546564,-0.8072916666666679,0.14885159010600546,-6.338771651303591e-06,-0.35124270375717986,-0.08843467398532298
3.235,0.0001489868891546564,0.19270833333333215,0.14885159010600546,1.4945826084921802e-05,-0.10838250702039227,0.2455276188187081
3.236,0.0001489868891546564,0.19270833333333215,0.14885159010600546,1.3252761555111458e-05,0.28351292887807966,0.23793312206866007
3.237,0.0001489868891546564,0.19270833333333215,0.14885159010600546,-4.371203748406216e-06,0.2832745833207721,-0.0945800023232783
3.238,0.0001489868891546564,0.19270833333333215,-0.8511484098939945,-1.1902592892046961e-05,-0.1082003294687895,-0.29157869661701524
3.239,0.0001489868891546564,0.19270833333333215,0.14885159010600546,-2.9666599250462142e-06,-0.3499773202351125,-0.08681820436111165
3.24,0.0001489868891546564,0.19270833333333215,0.14885159010600546,5.818424288570451e-06,-0.10811555349401926,0.23211407247128132
3.241,0.0001489868891546564,0.19270833333333215,0.14885159010600546,3.890334549517761e-06,0.2833601287965647,0.22794984054053022
3.242,0.0001489868891546564,0.19270833333333215,0.14885159010600546,-7.33409734233972e-07,0.28350247156171654,-0.08663148635320772
3.243,0.0001489868891546564,0.19270833333333215,-0.8511484098939945,-7.635873422759528e-09,-0.10849255670653855,-0.27627159130830004
3.244,0.0001489868891546564,-0.8072916666666679,0.14885159010600546,7.208743626584007e-07,-0.3513318949256512,-0.08561187681259924
3.245,0.0001489868891546564,0.19270833333333215,0.14885159010600546,-3.7861510870539344e-06,-0.1086619614266875,0.2171478548317834
3.246,0.0001489868891546564,0.19270833333333215,0.14885159010600546,-5.604484831856681e-06,0.28530184792821206,0.21751487182695486
3.247,0.0001489868891546564,0.19270833333333215,0.14885159010600546,2.821423918317606e-06,0.2858120636618793,-0.07792080585877095
3.248,0.0001489868891546564,0.19270833333333215,0.14885159010600546,1.1200410364574239e-05,-0.109556395928357,-0.2604541701057819
3.249,0.0001489868891546564,-0.8072916666666679,0.14885159010600546,4.069237707702967e-06,-0.3551671311443215,-0.08457312112804893
3.25,0.0001489868891546564,0.19270833333333215,0.14885159010600546,-1.217287575791101e-05,-0.1099690938553205,0.2021584798773272
3.251,0.0001489868891546564,0.19270833333333215,0.14885159010600546,-1.3568620300792908e-05,0.289141950515428,0.20730629916236024
3.252,0.0001489868891546564,0.19270833333333215,0.14885159010600546,5.6758510142479025e-06,0.28997522036594087,-0.0695952208079314
3.253,0.0001489868891546564,0.19270833333333215,-0.8511484098939945,1.9795598732516273e-05,-0.11128431559583273,-0.2455019089175404
3.254,0.0001489868891546564,-0.8072916666666679,0.14885159010600546,6.510362767114475e-06,-0.361105981171253,-0.083384949600639
3.255,0.0001489868891546564,0.19270833333333215,0.14885159010600546,-1.793958888054155e-05,-0.11191114772496373,0.18869348406225056
3.256,0.0001489868891546564,0.19270833333333215,0.14885159010600546,-1.8694811671546114e-05,0.29450558616110944,0.19793858461600713
3.257,0.0001489868891546564,0.19270833333333215,0.14885159010600546,7.371589548425012e-06,0.2955898581399359,-0.06278421124988742
3.258,0.0001489868891546564,0.19270833333333215,-0.8511484098939945,2.4436526672036855e-05,-0.11350850416600866,-0.23267029378079102
3.259,0.0001489868891546564,-0.8072916666666679,0.14885159010600546,7.676774124343816e-06,-0.36857956801442693,-0.0817207785533341
3.26,0.0001489868891546564,0.19270833333333215,0.14885159010600546,-2.0258056790489434e-05,-0.11430402052028721,0.1781144557250107
3.261,0.0001489868891546564,0.19270833333333215,0.14885159010600546,-2.029281559324392e-05,0.3008847005667686,0.18990409573348438
3.262,0.0001489868891546564,0.19270833333333215,0.14885159010600546,7.70069591124953e-06,0.3021281271891032,-0.058437221758015453
3.263,0.0001489868891546564,0.19270833333333215,-0.8511484098939945,2.4631358722650067e-05,-0.11602128444506904,-0.22294313054519796
3.264,0.0001489868891546564,-0.8072916666666679,0.14885159010600546,7.473465855089653e-06,-0.3768950938043309,-0.07930802862939372
3.265,0.0001489868891546564,0.19270833333333215,0.14885159010600546,-1.9033689359630406e-05,-0.11692697345278169,0.17141913420627805
3.266,0.0001489868891546564,0.19270833333333215,0.14885159010600546,-1.841951798115569e-05,0.30769826491820074,0.18352821575246417
3.267,0.0001489868891546564,0.19270833333333215,0.14885159010600546,6.743312629512553e-06,0.30899850022778097,-0.05718950777391817
3.268,0.0001489868891546564,0.19270833333333215,0.14885159010600546,2.0820764603565687e-05,-0.11859952650757082,-0.21691670750061515
3.269,0.0001489868891546564,-0.8072916666666679,0.14885159010600546,6.09114305604437e-06,-0.38531658298589966,-0.0759789918331123
3.27,0.0001489868891546564,0.19270833333333215,0.14885159010600546,-1.4906735110009908e-05,-0.11954823811717015,0.1691156165563171
3.271,0.0001489868891546564,0.19270833333333215,0.14885159010600546,-1.3846976596081153e-05,0.31435912328481164,0.17894265109183768
3.272,0.0001489868891546564,0.19270833333333215,0.14885159010600546,4.8426740761527884e-06,0.3156135077597201,-0.05927690793711342
3.273,0.0001489868891546564,0.19270833333333215,0.14885159010600546,1.4256978038143597e-05,-0.12102977591851571,-0.2147357945930982
3.274,0.0001489868891546564,-0.8072916666666679,0.14885159010600546,3.956751892991243e-06,-0.393147757872696,-0.07169995275784294
3.275,0.0001489868891546564,0.19270833333333215,0.14885159010600546,-9.091513168804688e-06,-0.12195120315713291,0.1711671804845959
3.276,0.0001489868891546564,0.19270833333333215,0.14885159010600546,-7.872179859854671e-06,0.32033867092949686,0.17607965080716265
3.277,0.0001489868891546564,0.19270833333333215,0.14885159010600546,2.521621731254165e-06,0.321454262483314,-0.06451271953598789
3.278,0.0001489868891546564,0.19270833333333215,-0.8511484098939945,6.701617159038702e-06,-0.12313084478930902,-0.21609032993749078
3.279,0.0001489868891546564,-0.8072916666666679,0.14885159010600546,1.6310002249974439e-06,-0.39980633767743184,-0.06657359429372203
3.28,0.0001489868891546564,0.19270833333333215,0.14885159010600546,-3.0861177225761506e-06,-0.12395778358762288,0.17701574986258176
3.281,0.0001489868891546564,0.19270833333333215,0.14885159010600546,-2.0076724977302563e-06,0.32522115437550453,0.17468759760370908
3.282,0.0001489868891546564,0.19270833333333215,0.14885159010600546,3.5806923598029326e-07,0.3261235864408197,-0.0723300385709274
3.283,0.0001489868891546564,0.19270833333333215,0.14885159010600546,6.177254131379578e-09,-0.12477110963357897,-0.22027309632099085
3.284,0.0001489868891546564,-0.8072916666666679,0.14885159010600546,-3.2522703334894024e-07,-0.40488056506255904,-0.060814610451401664
3.285,0.0001489868891546564,0.19270833333333215,0.14885159010600546,1.684782974876554e-06,-0.12544602299387164,0.1856801967207021
3.286,0.0001489868891546564,0.19270833333333215,0.14885159010600546,2.3796418281996577e-06,0.3287411126108783,0.1743660872267202
3.287,0.0001489868891546564,0.19270833333333215,0.14885159010600546,-1.153272306996488e-06,0.3293813718977966,-0.0818825022767699
3.288,0.0001489868891546564,0.19270833333333215,0.14885159010600546,-4.332090978187406e-06,-0.1258786302358093,-0.22629000205307737
3.289,0.0001489868891546564,-0.8072916666666679,0.14885159010600546,-1.4858102674724433e-06,-0.40816154125869974,-0.05470335681335312
3.29,0.0001489868891546564,0.19270833333333215,0.14885159010600546,4.213913624714196e-06,-0.12635984065208047,0.19591433117618182
3.291,0.0001489868891546564,0.19270833333333215,0.14885159010600546,4.399863957387518e-06,0.33080007039563236,0.17461647517991913
3.292,0.0001489868891546564,0.19270833333333215,0.14885159010600546,-1.7214037860649493e-06,0.33115848061076214,-0.09218701232438661
3.293,0.0001489868891546564,0.19270833333333215,-0.8511484098939945,-5.5368935788080005e-06,-0.12644330055186556,-0.2330070685492456
3.294,0.0001489868891546564,-0.8072916666666679,0.14885159010600546,-1.6644260926918268e-06,-0.409648548555308,-0.04852645530359746
3.295,0.0001489868891546564,0.19270833333333215,0.14885159010600546,4.16167425921536e-06,-0.12670998196226124,0.20640035905747384
3.296,0.0001489868891546564,0.19270833333333215,0.14885159010600546,3.8633329209583135e-06,0.331461636280365,0.1749022086136865
3.297,0.0001489868891546564,0.19270833333333215,0.14885159010600546,-1.3329824891831307e-06,0.331548600391684,-0.10228523371413935
3.298,0.0001489868891546564,0.19270833333333215,-0.8511484098939945,-3.7534284801906297e-06,-0.12651138893415084,-0.23931303832384723
3.299,0.0001489868891546564,-0.8072916666666679,0.14885159010600546,-9.638637681164923e-07,-0.4095283983320282,-0.04251583075999074
3.3,0.0001489868891546564,0.19270833333333215,0.14885159010600546,1.950146027274409e-06,-0.12656648875357102,0.21594821969418343
3.301,0.0001489868891546564,0.19270833333333215,0.14885159010600546,1.3386789228380374e-06,0.3309271790126552,0.1747122848669746
3.302,0.0001489868891546564,0.19270833333333215,0.14885159010600546,-2.6026571040061296e-07,0.33078055760100084,-0.1113975644123104
3.303,0.0001489868891546564,0.19270833333333215,-0.8511484098939945,-2.8033565793711464e-08,-0.12617384370551762,-0.244274442826842
3.304,0.0001489868891546564,-0.8072916666666679,0.14885159010600546,2.445720299710165e-07,-0.4081333787158669,-0.036798237074475264
3.305,0.0001489868891546564,0.19270833333333215,0.14885159010600546,-1.3287626382071951e-06,-0.12604418684939842,0.22367040640085473
3.306,0.0001489868891546564,0.19270833333333215,0.14885159010600546,-1.976015737882369e-06,0.3294968042045887,0.1736209975018284
3.307,0.0001489868891546564,0.19270833333333215,0.14885159010600546,1.0020938810727407e-06,0.32917617010984584,-0.11904437472377012
3.308,0.0001489868891546564,0.19270833333333215,0.14885159010600546,3.9393960961189295e-06,-0.12555048339102848,-0.24726131706738474
3.309,0.0001489868891546564,-0.8072916666666679,0.14885159010600546,1.4102923841812875e-06,-0.4058850702527509,-0.03136579894828
3.31,0.0001489868891546564,0.19270833333333215,0.14885159010600546,-4.179015352404746e-06,-0.12528361546143335,0.22910575317843015
3.311,0.0001489868891546564,0.19270833333333215,0.14885159010600546,-4.548366953797147e-06,0.32752206598816647,0.1713377429614983
3.312,0.0001489868891546564,0.19270833333333215,0.14885159010600546,1.8602662102103696e-06,0.3271004457903882,-0.12511447207529358
3.313,0.0001489868891546564,0.19270833333333215,-0.8511484098939945,6.223942817330246e-06,-0.12477256309261872,-0.24802629175827584
3.314,0.0001489868891546564,-0.8072916666666679,0.14885159010600546,1.943913521399971e-06,-0.40323277985342654,-0.026074667134148733
3.315,0.0001489868891546564,0.19270833333333215,0.14885159010600546,-5.086651825457165e-06,-0.12443036063505,0.2322736357477034
3.316,0.0001489868891546564,0.19270833333333215,0.14885159010600546,-4.912436043853227e-06,0.3253575084408991,0.16774195279898999
3.317,0.0001489868891546564,0.19270833333333215,0.14885159010600546,1.7786118828317774e-06,0.32491155978467584,-0.12986915640386776
3.318,0.0001489868891546564,0.19270833333333215,-0.8511484098939945,5.193594360516496e-06,-0.12396617952494669,-0.24672681441740768
3.319,0.0001489868891546564,-0.8072916666666679,0.14885159010600546,1.3785057346728816e-06,-0.40059544430612753,-0.020674091154970247
3.32,0.0001489868891546564,0.19270833333333215,0.14885159010600546,-2.9414319719459443e-06,-0.12361582897371445,0.23365083400916198
3.321,0.0001489868891546564,0.19270833333333215,0.14885159010600546,-2.085567512213197e-06,0.3233176964172947,0.1628999860022235
3.322,0.0001489868891546564,0.19270833333333215,-0.8511484098939945,4.3558081420285473e-07,0.3229175302016028,-0.13388057277108367
3.323,0.0001489868891546564,0.19270833333333215,0.14885159010600546,-2.254533570402962e-09,-0.123238584303468,-0.24388865470025567
3.324,0.0001489868891546564,-0.8072916666666679,0.14885159010600546,-4.858978220313716e-07,-0.39831462982932353,-0.014862817913764937
3.325,0.0001489868891546564,0.19270833333333215,0.14885159010600546,2.6054955882661928e-06,-0.12294210751834861,0.23407524794809106
3.326,0.0001489868891546564,0.19270833333333215,0.14885159010600546,4.098413707236257e-06,0.32164499809178887,0.15706281019736623
3.327,0.0001489868891546564,0.19270833333333215,0.14885159010600546,-2.159738786356117e-06,0.32134498811946105,-0.13791371026236304
3.328,0.0001489868891546564,0.19270833333333215,0.14885159010600546,-9.09446185531206e-06,-0.12266881247498722,-0.24031734736587718
3.329,0.0001489868891546564,-0.8072916666666679,0.14885159010600546,-3.4909278739657134e-06,-0.39662396585633336,-0.00836460543534159
3.33,0.0001489868891546564,0.19270833333333215,0.14885159010600546,1.0939902686539862e-05,-0.12247277360278332,0.23459189416051934
3.331,0.0001489868891546564,0.19270833333333215,0.14885159010600546,1.282748419386763e-05,0.32049130178316476,0.1506452593316324
3.332,0.0001489868891546564,0.19270833333333215,-0.8511484098939945,-5.62205081503459e-06,0.32032319068718923,-0.1427706585503729
3.333,0.0001489868891546564,0.19270833333333215,-0.8511484098939945,-2.0601108101303294e-05,-0.12230323279005126,-0.23697154301022316
3.334,0.0001489868891546564,-0.8072916666666679,0.14885159010600546,-7.108521806483966e-06,-0.3956374196700562,-0.0010106524729276345
3.335,0.0001489868891546564,0.19270833333333215,0.14885159010600546,2.0501764445943984e-05,-0.12223047890606813,0.23626540845787308
3.336,0.0001489868891546564,0.19270833333333215,0.14885159010600546,2.2376159323195466e-05,0.31991446188697636,0.14418935439759384
3.337,0.0001489868891546564,0.19270833333333215,0.14885159010600546,-9.23294352643265e-06,0.31988384714766444,-0.14912215046754687
3.338,0.0001489868891546564,0.19270833333333215,-0.8511484098939945,-3.202567034438347e-05,-0.12215583187204504,-0.2348173111539355
3.339,0.0001489868891546564,-0.8072916666666679,0.14885159010600546,-1.0520085814400891e-05,-0.3953557472978181,0.007185417953547478
3.34,0.0001489868891546564,0.19270833333333215,0.14885159010600546,2.903890752993325e-05,-0.12220100855682706,0.23998831387417535
3.341,0.0001489868891546564,0.19270833333333215,0.14885159010600546,3.040372471901938e-05,0.319887975855109,0.1383154568276514
3.342,0.0001489868891546564,0.19270833333333215,0.14885159010600546,-1.2071265464080265e-05,0.31997484597484205,-0.15735397091633138
3.343,0.0001489868891546564,0.19270833333333215,0.14885159010600546,-4.0328734618309994e-05,-0.12221238643199328,-0.23468458774951653
3.344,0.0001489868891546564,-0.8072916666666679,0.14885159010600546,-1.2776622508110346e-05,-0.39568774638470877,0.01597429556997308
3.345,0.0001489868891546564,0.19270833333333215,0.14885159010600546,3.4061244902186975e-05,-0.12234249397574778,0.2463148570771125
3.346,0.0001489868891546564,0.19270833333333215,0.14885159010600546,3.4439645958969576e-05,0.3203205589652483,0.13366582023772292
3.347,0.0001489868891546564,0.19270833333333215,0.14885159010600546,-1.3209133168243773e-05,0.3204839824954716,-0.1674540824742226
3.348,0.0001489868891546564,0.19270833333333215,0.14885159010600546,-4.2590912757883074e-05,-0.1224372502053064,-0.23714596627355367
3.349,0.0001489868891546564,-0.8072916666666679,0.14885159010600546,-1.3010756280479472e-05,-0.39648100427729566,0.02485129507856475
3.35,0.0001489868891546564,0.19270833333333215,0.14885159010600546,3.341043067283176e-05,-0.12259770289745135,0.25534624759766306
3.351,0.0001489868891546564,0.19270833333333215,0.14885159010600546,3.246261229312468e-05,0.32108116988541935,0.1308454268184029
3.352,0.0001489868891546564,0.19270833333333215,0.14885159010600546,-1.1934878541411798e-05,0.3212675877452687,-0.17896055222769458
3.353,0.0001489868891546564,0.19270833333333215,-0.8511484098939945,-3.673323897515755e-05,-0.12278132925379338,-0.24243417118615423
3.354,0.0001489868891546564,-0.8072916666666679,0.14885159010600546,-1.0657023600397711e-05,-0.3975559435212592,0.03307762536037455
3.355,0.0001489868891546564,0.19270833333333215,0.14885159010600546,2.5825489720381466e-05,-0.12290696078397412,0.2666853225828131
3.356,0.0001489868891546564,0.19270833333333215,0.14885159010600546,2.3449585992117784e-05,0.32202477275445485,0.13036491483588705
3.357,0.0001489868891546564,0.19270833333333215,0.14885159010600546,-7.954488753258741e-06,0.3221787037287825,-0.19098142773942636
3.358,0.0001489868891546564,0.19270833333333215,-0.8511484098939945,-2.2135695461790716e-05,-0.1231899302011669,-0.250408519182891
3.359,0.0001489868891546564,-0.8072916666666679,0.14885159010600546,-5.630809184875501e-06,-0.39873719201919827,0.03974407682843422
3.36,0.0001489868891546564,0.19270833333333215,0.14885159010600546,1.1374615955083188e-05,-0.12321932726543827,0.2794682436425296
3.361,0.0001489868891546564,0.19270833333333215,0.14885159010600546,7.766321865297413e-06,0.3230146727687582,0.13259003080759935
3.362,0.0001489868891546564,0.19270833333333215,0.14885159010600546,-1.5233607333774051e-06,0.3230901249061451,-0.20228694689667526
3.363,0.0001489868891546564,0.19270833333333215,0.14885159010600546,-2.3701229497193076e-09,-0.12360948239499793,-0.2605734533657847
3.364,0.0001489868891546564,-0.8072916666666679,0.14885159010600546,1.5790945512414733e-06,-0.3998775265559951,0.043872066352784456
3.365,0.0001489868891546564,0.19270833333333215,0.14885159010600546,-8.358927094344044e-06,-0.12350013665785864,0.29246941239153823
3.366,0.0001489868891546564,0.19270833333333215,0.14885159010600546,-1.270583359931078e-05,0.32393846436507395,0.13770147921180811
3.367,0.0001489868891546564,0.19270833333333215,0.14885159010600546,6.528781659999798e-06,0.3239090595739103,-0.21146348897822662
3.368,0.0001489868891546564,0.19270833333333215,0.14885159010600546,2.6636004272832228e-05,-0.12399256571122445,-0.27214493531381884
3.369,0.0001489868891546564,-0.8072916666666679,0.14885159010600546,9.934325653869839e-06,-0.400871571233787,0.04454082132275745
3.37,0.0001489868891546564,0.19270833333333215,0.14885159010600546,-3.040471868016389e-05,-0.12373381881397927,0.30426507285186905
3.371,0.0001489868891546564,0.19270833333333215,0.14885159010600546,-3.476336665130099e-05,0.3247162135062786,0.14566836790400156
3.372,0.0001489868891546564,0.19270833333333215,-0.8511484098939945,1.4896753820375217e-05,0.32458206272685597,-0.21710911486272527
3.373,0.0001489868891546564,0.19270833333333215,-0.8511484098939945,5.3321317340627104e-05,-0.12430111750193189,-0.28415414836425895
3.374,0.0001489868891546564,-0.8072916666666679,0.14885159010600546,1.7994278167222408e-05,-0.4016586826379326,0.041024632376674815
3.375,0.0001489868891546564,0.19270833333333215,0.14885159010600546,-5.085187244203614e-05,-0.12392189573986614,0.3134325989685657
3.376,0.0001489868891546564,0.19270833333333215,0.14885159010600546,-5.438540543734857e-05,0.3253011386387475,0.1562376847158834
3.377,0.0001489868891546564,0.19270833333333215,-0.8511484098939945,2.2013828572888273e-05,0.325090889464636,-0.2180438098563062
3.378,0.0001489868891546564,0.19270833333333215,-0.8511484098939945,7.49236300965298e-05,-0.12450805163151334,-0.29557343363437455
3.379,0.0001489868891546564,-0.8072916666666679,0.14885159010600546,2.416754394469062e-05,-0.40221659208430793,0.0329213366147785
3.38,0.0001489868891546564,0.19270833333333215,0.14885159010600546,-6.555002967820477e-05,-0.12407702069895009,0.31875740592001073
3.381,0.0001489868891546564,0.19270833333333215,0.14885159010600546,-6.747206751931754e-05,0.3256744498559954,0.16894136900326154
3.382,0.0001489868891546564,0.19270833333333215,-0.8511484098939945,2.6346011666144187e-05,0.32544164659787805,-0.21350461013482644
3.383,0.0001489868891546564,0.19270833333333215,-0.8511484098939945,8.662548606266457e-05,-0.12459773469915802,-0.3054471519635476
3.384,0.0001489868891546564,-0.8072916666666679,0.14885159010600546,2.7023613501765264e-05,-0.40254901506271684,0.020253006680542696
3.385,0.0001489868891546564,0.19270833333333215,0.14885159010600546,-7.093889356190618e-05,-0.12421471111426961,0.31941839538681155
3.386,0.0001489868891546564,0.19270833333333215,0.14885159010600546,-7.068060183522537e-05,0.32583691044159935,0.18312151156417347
3.387,0.0001489868891546564,0.19270833333333215,0.14885159010600546,2.6711372559170023e-05,0.3256507723201572,-0.20329707614811723
3.388,0.0001489868891546564,0.19270833333333215,0.14885159010600546,8.49462824303256e-05,-0.12456580461520274,-0.31301036747816324
3.389,0.0001489868891546564,-0.8072916666666679,0.14885159010600546,2.5603960435592912e-05,-0.4026713017692743,0.003522352798043923
3.39,0.0001489868891546564,0.19270833333333215,0.14885159010600546,-6.484141477779737e-05,-0.12434487810622623,0.3151258628629194
3.391,0.0001489868891546564,0.19270833333333215,0.14885159010600546,-6.219027642603888e-05,0.32579996473198647,0.1979729805468215
3.392,0.0001489868891546564,0.19270833333333215,0.14885159010600546,2.2558783803141226e-05,0.32573175619503314,-0.18787987647060497
3.393,0.0001489868891546564,0.19270833333333215,-0.8511484098939945,6.85925785357095e-05,-0.1244187026873636,-0.31778065088679125
3.394,0.0001489868891546564,-0.8072916666666679,0.14885159010600546,1.966637243416015e-05,-0.402598169099234,-0.016286655928655976
3.395,0.0001489868891546564,0.19270833333333215,0.14885159010600546,-4.704901306002726e-05,-0.12446528641931459,0.306192301545251
3.396,0.0001489868891546564,0.19270833333333215,0.14885159010600546,-4.2227422772147634e-05,0.3255789240804347,0.2126013220355841
3.397,0.0001489868891546564,0.19270833333333215,0.14885159010600546,1.414339417526775e-05,0.32568607712385567,-0.1683678022999086
3.398,0.0001489868891546564,0.19270833333333215,-0.8511484098939945,3.8938892349373456e-05,-0.12417307636307222,-0.31961238804159015
3.399,0.0001489868891546564,-0.8072916666666679,0.14885159010600546,9.804954283050597e-06,-0.4023366752263698,-0.037768587838888236
3.4,0.0001489868891546564,0.19270833333333215,0.14885159010600546,-1.9556904887818e-05,-0.12455867675704071,0.29352551774481256
3.401,0.0001489868891546564,0.19270833333333215,0.14885159010600546,-1.3218829608862741e-05,0.325189834541698,0.22609218453847257
3.402,0.0001489868891546564,0.19270833333333215,0.14885159010600546,2.5528532928722132e-06,0.32550069067191373,-0.14644914698521122
3.403,0.0001489868891546564,0.19270833333333215,-0.8511484098939945,5.730310192772137e-09,-0.12385497152720144,-0.31870806565810494
3.404,0.0001489868891546564,-0.8072916666666679,0.14885159010600546,-2.5901505722780517e-06,-0.40188608287292915,-0.059213574393228316
3.405,0.0001489868891546564,0.19270833333333215,0.14885159010600546,1.3629851414123745e-05,-0.12459451553739605,0.27854363220698475
3.406,0.0001489868891546564,0.19270833333333215,0.14885159010600546,2.0490311469882823e-05,0.3246504774140382,0.2375869155118555
3.407,0.0001489868891546564,0.19270833333333215,0.14885159010600546,-1.0433809407852932e-05,0.32515277589920355,-0.12422460340903174
3.408,0.0001489868891546564,0.19270833333333215,0.14885159010600546,-4.2102699711117786e-05,-0.12349854935277826,-0.31558636040678373
3.409,0.0001489868891546564,-0.8072916666666679,0.14885159010600546,-1.5538234557981107e-05,-0.4012444321304693,-0.07877063131400724
3.41,0.0001489868891546564,0.19270833333333215,0.14885159010600546,4.711449841806472e-05,-0.12453534170095043,0.26302150820480436
3.411,0.0001489868891546564,0.19270833333333215,0.14885159010600546,5.333068347331078e-05,0.3239847401796515,0.24635760442951435
3.412,0.0001489868891546564,0.19270833333333215,0.14885159010600546,-2.2638802349836387e-05,0.3246206799062339,-0.10398515853004131
3.413,0.0001489868891546564,0.19270833333333215,-0.8511484098939945,-8.022741638554115e-05,-0.12314399538002226,-0.31101181942176614
3.414,0.0001489868891546564,-0.8072916666666679,0.14885159010600546,-2.6809099499212082e-05,-0.40041988656076544,-0.09463973722796314
3.415,0.0001489868891546564,0.19270833333333215,0.14885159010600546,7.505585017555512e-05,-0.12434664046756658,0.24888666737672885
3.416,0.0001489868891546564,0.19270833333333215,0.14885159010600546,7.950331087376538e-05,0.32322860284872174,0.25187397924123783
3.417,0.0001489868891546564,0.19270833333333215,0.14885159010600546,-3.188065255234677e-05,0.3238984280635083,-0.08795456545312404
3.418,0.0001489868891546564,0.19270833333333215,-0.8511484098939945,-0.00010747249148686499,-0.12283436835193236,-0.3058949839190118
3.419,0.0001489868891546564,-0.8072916666666679,0.14885159010600546,-3.433928620524399e-05,-0.39944358710178796,-0.10527059759223538
3.42,0.0001489868891546564,0.19270833333333215,0.14885159010600546,9.22730602349083e-05,-0.12400828954689057,0.23798885145570997
3.421,0.0001489868891546564,0.19270833333333215,0.14885159010600546,9.40904934555937e-05,0.32243542349358134,0.2538544773288629
3.422,0.0001489868891546564,0.19270833333333215,0.14885159010600546,-3.639746339088843e-05,0.3230101157165858,-0.07802684935700344
3.423,0.0001489868891546564,0.19270833333333215,-0.8511484098939945,-0.00011855996990691908,-0.12261135428373571,-0.3011746635112748
3.424,0.0001489868891546564,-0.8072916666666679,0.14885159010600546,-3.664272354494594e-05,-0.39838012145033785,-0.10954422119303539
3.425,0.0001489868891546564,0.19270833333333215,0.14885159010600546,9.529049419734763e-05,-0.12352507430708654,0.23187046285473634
3.426,0.0001489868891546564,0.19270833333333215,0.14885159010600546,9.406155945818385e-05,0.32167819545087256,0.25229471743618703
3.427,0.0001489868891546564,0.19270833333333215,0.14885159010600546,-3.521274684553801e-05,0.3220201855513423,-0.07553040300739451
3.428,0.0001489868891546564,0.19270833333333215,0.14885159010600546,-0.0001109441284965699,-0.12251019960053842,-0.2976956005363459
3.429,0.0001489868891546564,-0.8072916666666679,0.14885159010600546,-3.313045446091828e-05,-0.39733193059132305,-0.10691467469847561
3.43,0.0001489868891546564,0.19270833333333215,0.14885159010600546,8.31024596154937e-05,-0.12293368191263257,0.23156498139807483
3.431,0.0001489868891546564,0.19270833333333215,0.14885159010600546,7.89582675044728e-05,0.32104699276935367,0.2474685746148179
3.432,0.0001489868891546564,0.19270833333333215,0.14885159010600546,-2.836430793500614e-05,0.321036111001139,-0.08104749328247322
3.433,0.0001489868891546564,0.19270833333333215,-0.8511484098939945,-8.543861756387548e-05,-0.12255441973050508,-0.29609500905678315
3.434,0.0001489868891546564,-0.8072916666666679,0.14885159010600546,-2.42673296624186e-05,-0.3964350062111888,-0.09749255792651942
3.435,0.0001489868891546564,0.19270833333333215,0.14885159010600546,5.748139419211208e-05,-0.1223040092713161,0.2374473036986171
3.436,0.0001489868891546564,0.19270833333333215,0.14885159010600546,5.1097469645869146e-05,0.3206408129033119,0.23990000741714532
3.437,0.0001489868891546564,0.19270833333333215,0.14885159010600546,-1.694012142598181e-05,0.32020128431459066,-0.09431184681962763
3.438,0.0001489868891546564,0.19270833333333215,0.14885159010600546,-4.619610480109979e-05,-0.12275112863815735,-0.29671056490622805
3.439,0.0001489868891546564,-0.8072916666666679,0.14885159010600546,-1.1523115550364515e-05,-0.39584490286518154,-0.08205836440229965
3.44,0.0001489868891546564,0.19270833333333215,0.14885159010600546,2.2737717142859795e-05,-0.12173351352701706,0.24915428950206342
3.441,0.0001489868891546564,0.19270833333333215,0.14885159010600546,1.5219841866021271e-05,0.3205542686567145,0.23030741066808139
3.442,0.0001489868891546564,0.19270833333333215,0.14885159010600546,-2.902238473227046e-06,0.3196777385229806,-0.11419821558210996
3.443,0.0001489868891546564,0.19270833333333215,-0.8511484098939945,-6.479547756768942e-09,-0.12308793183934826,-0.29952052849702576
3.444,0.0001489868891546564,-0.8072916666666679,0.14885159010600546,2.8837936683645703e-06,-0.39571409221314396,-0.06200213398262434
3.445,0.0001489868891546564,0.19270833333333215,0.14885159010600546,-1.505023517819883e-05,-0.12133456603966447,0.2655863359683412
3.446,0.0001489868891546564,0.19270833333333215,0.14885159010600546,-2.2373641586178625e-05,0.3208608254311101,0.21952609672200005
3.447,0.0001489868891546564,0.19270833333333215,0.14885159010600546,1.1276462950583205e-05,0.3196203965124785,-0.13880751399823674
3.448,0.0001489868891546564,0.19270833333333215,-0.8511484098939945,4.497769225727904e-05,-0.12353222045424388,-0.3041239585353778
3.449,0.0001489868891546564,-0.8072916666666679,0.14885159010600546,1.6407863281364194e-05,-0.3961636487750904,-0.03919462194668107
3.45,0.0001489868891546564,0.19270833333333215,0.14885159010600546,-4.9203726196693616e-05,-0.12121614019097134,0.2849923466006951
3.451,0.0001489868891546564,0.19270833333333215,0.14885159010600546,-5.5043922272093956e-05,0.3215952718019533,0.20841795406872177
3.452,0.0001489868891546564,0.19270833333333215,0.14885159010600546,2.30963320963505e-05,0.32014646344115605,-0.1656404637734055
3.453,0.0001489868891546564,0.19270833333333215,-0.8511484098939945,8.085042115455154e-05,-0.12403338958305914,-0.3097655537428214
3.454,0.0001489868891546564,-0.8072916666666679,0.14885159010600546,2.66828649726991e-05,-0.39725380039597324,-0.015803476608115437
3.455,0.0001489868891546564,0.19270833333333215,0.14885159010600546,-7.378251854674239e-05,-0.12146242979452386,0.30513183419656736
3.456,0.0001489868891546564,0.19270833333333215,0.14885159010600546,-7.715444443246425e-05,0.3227386430771325,0.1977797800470278
3.457,0.0001489868891546564,0.19270833333333215,-0.8511484098939945,3.053926659739142e-05,0.32130499597407985,-0.19184285582534605
3.458,0.0001489868891546564,0.19270833333333215,-0.8511484098939945,0.00010157100978984529,-0.12452802170768248,-0.3154056613989336
3.459,0.0001489868891546564,-0.8072916666666679,0.14885159010600546,3.200961060736802e-05,-0.39895869035419723,0.0059254200210280975
3.46,0.0001489868891546564,0.19270833333333215,0.14885159010600546,-8.48176337737594e-05,-0.12211191895307467,0.3234998552981452
3.461,0.0001489868891546564,0.19270833333333215,0.14885159010600546,-8.524879982328404e-05,0.3242087649714176,0.18826270579797877
3.462,0.0001489868891546564,0.19270833333333215,0.14885159010600546,3.249330000732239e-05,0.3230523019947854,-0.21449757111117154
3.463,0.0001489868891546564,0.19270833333333215,-0.8511484098939945,0.00010424393933855901,-0.12494750922200501,-0.3198315646235009
3.464,0.0001489868891546564,-0.8072916666666679,0.14885159010600546,3.1718645385366396e-05,-0.4011505923058685,0.02389708113324689
3.465,0.0001489868891546564,0.19270833333333215,0.14885159010600546,-8.116546955198087e-05,-0.12314080904228578,0.3375936779599751
3.466,0.0001489868891546564,0.19270833333333215,0.14885159010600546,-7.880120873988105e-05,0.3258589320552483,0.1803141944941486
3.467,0.0001489868891546564,0.19270833333333215,0.14885159010600546,2.8996620994988655e-05,0.325238482848487,-0.23093318356222786
3.468,0.0001489868891546564,0.19270833333333215,-0.8511484098939945,8.976263982997513e-05,-0.1252270523741575,-0.32180153162356273
3.469,0.0001489868891546564,-0.8072916666666679,0.14885159010600546,2.63218643460443e-05,-0.4035977620652604,0.03638140545301359
3.47,0.0001489868891546564,0.19270833333333215,0.14885159010600546,-6.477551900045911e-05,-0.12445443672212582,0.34519508310958
3.471,0.0001489868891546564,0.19270833333333215,0.14885159010600546,-6.035157833496486e-05,0.32748607873190677,0.17415125051494848
3.472,0.0001489868891546564,0.19270833333333215,-0.8511484098939945,2.123731537254689e-05,0.327609121045298,-0.23901679063368872
3.473,0.0001489868891546564,0.19270833333333215,0.14885159010600546,6.263959929871609e-05,-0.12531457904215032,-0.32020862562999197
3.474,0.0001489868891546564,-0.8072916666666679,0.14885159010600546,1.740763776653676e-05,-0.4059782353798001,0.04218828596923911
3.475,0.0001489868891546564,0.19270833333333215,0.14885159010600546,-4.027902216568529e-05,-0.12588937603154637,0.34463942437231304
3.476,0.0001489868891546564,0.19270833333333215,0.14885159010600546,-3.4959827609700635e-05,0.32884832880309633,0.16976900869458345
3.477,0.0001489868891546564,0.19270833333333215,0.14885159010600546,1.1294736784329482e-05,0.3298239993773376,-0.23739985051568724
3.478,0.0001489868891546564,0.19270833333333215,-0.8511484098939945,3.0013136494109715e-05,-0.12517799120548614,-0.31424741233557324
3.479,0.0001489868891546564,-0.8072916666666679,0.14885159010600546,7.287756123508172e-06,-0.40790946765769903,0.04078479680340056
3.48,0.0001489868891546564,0.19270833333333215,0.14885159010600546,-1.3950256197985136e-05,-0.12722740934501678,0.3350423345388201
3.481,0.0001489868891546564,0.19270833333333215,0.14885159010600546,-9.061075441824466e-06,0.32969027263251793,0.16698337713382772
3.482,0.0001489868891546564,0.19270833333333215,-0.8511484098939945,1.6650247448951464e-06,0.33149211658390465,-0.2256901067721709
3.483,0.0001489868891546564,0.19270833333333215,0.14885159010600546,4.426822200725297e-09,-0.12480930805276265,-0.30356404491271666
3.484,0.0001489868891546564,-0.8072916666666679,0.14885159010600546,-1.5393302853055526e-06,-0.40899113968364703,0.032342329219101254
3.485,0.0001489868891546564,0.19270833333333215,0.14885159010600546,7.763308889413425e-06,-0.1282206824442755,0.31645744725736674
3.486,0.0001489868891546564,0.19270833333333215,0.14885159010600546,1.1055992856888998e-05,0.3297729828432557,0.16550072676992497
3.487,0.0001489868891546564,0.19270833333333215,0.14885159010600546,-5.334906013617869e-06,0.33221954288327754,-0.204529725690046
3.488,0.0001489868891546564,0.19270833333333215,0.14885159010600546,-2.024180627224965e-05,-0.12422474752523138,-0.28836936791881956
3.489,0.0001489868891546564,-0.8072916666666679,0.14885159010600546,-6.997997393502807e-06,-0.4088561404412558,0.017709767048804684
3.49,0.0001489868891546564,0.19270833333333215,0.14885159010600546,1.983276451373164e-05,-0.12862541128814026,0.2899437136532067
3.491,0.0001489868891546564,0.19270833333333215,0.14885159010600546,2.0822124843281154e-05,0.328904872489701,0.16500271657667187
3.492,0.0001489868891546564,0.19270833333333215,0.14885159010600546,-8.155364282449186e-06,0.33166427481679583,-0.1755688981935368
3.493,0.0001489868891546564,0.19270833333333215,0.14885159010600546,-2.640026003716594e-05,-0.12346050333878908,-0.2694961910876206
3.494,0.0001489868891546564,-0.8072916666666679,0.14885159010600546,-7.98089188963802e-06,-0.407223071286437,-0.0016827283153412595
3.495,0.0001489868891546564,0.19270833333333215,0.14885159010600546,1.9998328186433403e-05,-0.1282398001943499,0.2575286411364856
3.496,0.0001489868891546564,0.19270833333333215,0.14885159010600546,1.8646848105583582e-05,0.3269691828071299,0.165231132425765
3.497,0.0001489868891546564,0.19270833333333215,0.14885159010600546,-6.454923726988198e-06,0.32959060786284156,-0.14133452749107622
3.498,0.0001489868891546564,0.19270833333333215,-0.8511484098939945,-1.824757936342437e-05,-0.1225648134948639,-0.24838605810253284
3.499,0.0001489868891546564,-0.8072916666666679,0.14885159010600546,-4.696045302961287e-06,-0.40394288740668466,-0.02397706512664078
3.5,0.0001489868891546564,0.19270833333333215,0.14885159010600546,9.538112084753458e-06,-0.12694066554170907,0.2220636189541837
3.501,0.0001489868891546564,0.19270833333333215,0.14885159010600546,6.537709386599906e-06,0.323944219799251,0.16605680490961727
3.502,0.0001489868891546564,0.19270833333333215,0.14885159010600546,-1.2764262519124559e-06,0.3259149518925705,-0.1050042808805767
3.503,0.0001489868891546564,0.19270833333333215,-0.8511484098939945,-2.7446160000610222e-08,-0.12158772238612492,-0.22699765048416912
3.504,0.0001489868891546564,-0.8072916666666679,0.14885159010600546,1.2857809865490905e-06,-0.3990326523894642,-0.04707946431762071
3.505,0.0001489868891546564,0.19270833333333215,0.14885159010600546,-6.784387189072376e-06,-0.12471287199516971,0.18697869379825705
3.506,0.0001489868891546564,0.19270833333333215,0.14885159010600546,-1.0131423572434926e-05,0.31991338962996274,0.16751860127943302
3.507,0.0001489868891546564,0.19270833333333215,0.14885159010600546,5.110693918333549e-06,0.3207356215026411,-0.07010622728713757
3.508,0.0001489868891546564,0.19270833333333215,-0.8511484098939945,2.0282805329282688e-05,-0.12057054656079338,-0.2076379728376368
3.509,0.0001489868891546564,-0.8072916666666679,0.14885159010600546,7.326021843700593e-06,-0.39269081135696754,-0.06886976065190095
3.51,0.0001489868891546564,0.19270833333333215,0.14885159010600546,-2.1668389075508316e-05,-0.12166620679491381,0.15595571383261095
3.511,0.0001489868891546564,0.19270833333333215,0.14885159010600546,-2.3739013891129286e-05,0.31506346263969104,0.16982304804603054
3.512,0.0001489868891546564,0.19270833333333215,0.14885159010600546,9.700448277155209e-06,0.3143409124626265,-0.0401725352682427
3.513,0.0001489868891546564,0.19270833333333215,-0.8511484098939945,3.275015236852277e-05,-0.11953732229629134,-0.1927277649097374
3.514,0.0001489868891546564,-0.8072916666666679,0.14885159010600546,1.03233413591671e-05,-0.3852907027477493,-0.08740503581735125
3.515,0.0001489868891546564,0.19270833333333215,0.14885159010600546,-2.69944986259507e-05,-0.11803573227293589,0.13254944233748547
3.516,0.0001489868891546564,0.19270833333333215,0.14885159010600546,-2.625593398568824e-05,0.30967110381811014,0.17330174600282622
3.517,0.0001489868891546564,0.19270833333333215,0.14885159010600546,9.494193148001818e-06,0.3071925167781723,-0.01838139820694284
3.518,0.0001489868891546564,0.19270833333333215,0.14885159010600546,2.8006240078098375e-05,-0.11849035316897534,-0.18452289335405325
3.519,0.0001489868891546564,-0.8072916666666679,0.14885159010600546,7.521005858076498e-06,-0.37735190545333996,-0.1010966556261079
3.52,0.0001489868891546564,0.19270833333333215,0.14885159010600546,-1.599570088961232e-05,-0.11416381410115592,0.1197947103304856
3.521,0.0001489868891546564,0.19270833333333215,0.14885159010600546,-1.1454672855889589e-05,0.3040792902137687,0.17833138746821617
3.522,0.0001489868891546564,0.19270833333333215,0.14885159010600546,2.3516802523361944e-06,0.2998846669266358,-0.007223799236153771
3.523,0.0001489868891546564,0.19270833333333215,-0.8511484098939945,-5.719685558081893e-10,-0.11741137497833895,-0.18482226737426405
3.524,0.0001489868891546564,-0.8072916666666679,0.14885159010600546,-2.6512017888107192e-06,-0.3694920449182747,-0.10884389989852668
3.525,0.0001489868891546564,0.19270833333333215,0.14885159010600546,1.4581590836190155e-05,-0.1104646412488045,0.11984263513577129
3.526,0.0001489868891546564,0.19270833333333215,0.14885159010600546,2.2994024281038684e-05,0.29866655048475244,0.18522860566085353
3.527,0.0001489868891546564,0.19270833333333215,0.14885159010600546,-1.2240739144890864e-05,0.2930828656294037,-0.008230508673879451
3.528,0.0001489868891546564,0.19270833333333215,-0.8511484098939945,-5.165081529891773e-05,-0.11626888506897652,-0.1946985526031822
3.529,0.0001489868891546564,-0.8072916666666679,0.14885159010600546,-1.9897905495768735e-05,-0.3623644212171275,-0.1101131626794033
3.53,0.0001489868891546564,0.19270833333333215,0.14885159010600546,6.284650669293366e-05,-0.10737476033054778,0.1336693238172407
3.531,0.0001489868891546564,0.19270833333333215,0.14885159010600546,7.405605140250539e-05,0.29381281708450263,0.19413774185420876
3.532,0.0001489868891546564,0.19270833333333215,0.14885159010600546,-3.268084295027329e-05,0.28744914633489843,-0.021789736197236117
3.533,0.0001489868891546564,0.19270833333333215,0.14885159010600546,-0.00012031914771335978,-0.11503099215150274,-0.2142893213859376
3.534,0.0001489868891546564,-0.8072916666666679,0.14885159010600546,-4.172846854568356e-05,-0.3565888761336635,-0.10495834155681265
3.535,0.0001489868891546564,0.19270833333333215,0.14885159010600546,0.00012113185479293992,-0.10529553110280067,0.16089569124924252
3.536,0.0001489868891546564,0.19270833333333215,0.14885159010600546,0.00013294572424230104,0.2898659667659626,0.20493273749030502
3.537,0.0001489868891546564,0.19270833333333215,0.14885159010600546,-5.519953289833863e-05,0.2835630555885012,-0.047077434431074365
3.538,0.0001489868891546564,0.19270833333333215,0.14885159010600546,-0.0001925347331271732,-0.11368193554464825,-0.24268246745481192
3.539,0.0001489868891546564,-0.8072916666666679,0.14885159010600546,-6.360972796581856e-05,-0.35268438574343564,-0.09398465325129234
3.54,0.0001489868891546564,0.19270833333333215,0.14885159010600546,0.00017666915170591604,-0.1045350846361944,0.19974704448450503
3.541,0.0001489868891546564,0.19270833333333215,0.14885159010600546,0.00018607815047829823,0.287112825034343,0.21715396347549526
3.542,0.0001489868891546564,0.19270833333333215,0.14885159010600546,-7.433070536591051e-05,0.2818485948541969,-0.08211105977661957
3.543,0.0001489868891546564,0.19270833333333215,-0.8511484098939945,-0.0002498418199491524,-0.11223942527881492,-0.27792062656214783
3.544,0.0001489868891546564,0.19270833333333215,0.14885159010600546,-7.964422979321294e-05,-0.3510117926447666,-0.078263901679186
3.545,0.0001489868891546564,0.19270833333333215,0.14885159010600546,0.0002136279536489941,-0.10525803015085915,0.24716661777493953
3.546,0.0001489868891546564,0.19270833333333215,0.14885159010600546,0.00021736232841911197,0.2857576029682306,0.22999666144479625
3.547,0.0001489868891546564,0.19270833333333215,0.14885159010600546,-8.387959716871778e-05,0.2825170133171026,-0.12392469268982897
3.548,0.0001489868891546564,0.19270833333333215,0.14885159010600546,-0.0002722142135738567,-0.11076937382650102,-0.31713569770706557
3.549,0.0001489868891546564,-0.8072916666666679,0.14885159010600546,-8.370573923721357e-05,-0.3517338835983905,-0.059213551574837806
3.55,0.0001489868891546564,0.19270833333333215,0.14885159010600546,0.00021628047528081339,-0.10745064645469438,0.2990796960567394
3.551,0.0001489868891546564,0.19270833333333215,0.14885159010600546,0.00021153607059625865,0.28590957372785963,0.24236020478659848
3.552,0.0001489868891546564,0.19270833333333215,0.14885159010600546,-7.825289555163924e-05,0.2855336075863271,-0.16885013797886414
3.553,0.0001489868891546564,0.19270833333333215,-0.8511484098939945,-0.00024251019171141105,-0.10939457504270271,-0.35680787123110586
3.554,0.0001489868891546564,-0.8072916666666679,0.14885159010600546,-7.085215285748121e-05,-0.35479783977197465,-0.0384544408758347
3.555,0.0001489868891546564,0.19270833333333215,0.14885159010600546,0.00017276744286500242,-0.11090761431673717,0.35078634754645477
3.556,0.0001489868891546564,0.19270833333333215,0.14885159010600546,0.0001579685685981009,0.2875804797455351,0.25295761805648054
3.557,0.0001489868891546564,0.19270833333333215,0.14885159010600546,-5.391343726267841e-05,0.29061376107220943,-0.2128764542955942
3.558,0.0001489868891546564,0.19270833333333215,-0.8511484098939945,-0.00015114746014698304,-0.10829449500561533,-0.3931260085856333
3.559,0.0001489868891546564,-0.8072916666666679,0.14885159010600546,-3.8747606997785565e-05,-0.3599422378327954,-0.01766249553423269
3.56,0.0001489868891546564,0.19270833333333215,0.14885159010600546,7.872926150963836e-05,-0.11524367867929916,0.3974434823069442
3.561,0.0001489868891546564,0.19270833333333215,0.14885159010600546,5.416611567582657e-05,0.29069089848056767,0.2604742293973733
3.562,0.0001489868891546564,0.19270833333333215,0.14885159010600546,-1.065867051392375e-05,0.29724972105201264,-0.2520507757914145
3.563,0.0001489868891546564,0.19270833333333215,-0.8511484098939945,-3.357909304538527e-09,-0.10769452465484748,-0.42241031985739574
3.564,0.0001489868891546564,-0.8072916666666679,0.14885159010600546,1.1217876235088503e-05,-0.366727649991918,0.0015714401452534307
3.565,0.0001489868891546564,0.19270833333333215,0.14885159010600546,-6.001824306259676e-05,-0.1199303136927448,0.4345834102552225
3.566,0.0001489868891546564,0.19270833333333215,0.14885159010600546,-9.183800647785392e-05,0.29508376803881425,0.26375473078417533
3.567,0.0001489868891546564,0.19270833333333215,0.14885159010600546,4.758672868037828e-05,0.30476556421920636,-0.2828775626222092
3.568,0.0001489868891546564,0.19270833333333215,-0.8511484098939945,0.0001954428002246168,-0.1078446514089878,-0.44154657940891895
3.569,0.0001489868891546564,-0.8072916666666679,0.14885159010600546,7.340658820050654e-05,-0.3745869025204702,0.01786218579134393
3.57,0.0001489868891546564,0.19270833333333215,0.14885159010600546,-0.00022650796431668743,-0.1243539518867951,0.4586084392019938
3.571,0.0001489868891546564,0.19270833333333215,0.14885159010600546,-0.0002609183225171982,0.300542614042041,0.2619910084621581
3.572,0.0001489868891546564,0.19270833333333215,-0.8511484098939945,0.00011271869365991702,0.31239399536667,-0.30267244281868716
3.573,0.0001489868891546564,0.19270833333333215,-0.8511484098939945,0.000406488962559977,-0.10898929659570164,-0.4483757229534632
3.574,0.0001489868891546564,-0.8072916666666679,0.14885159010600546,0.0001382241917988423,-0.3828886026659375,0.03012324744211831
3.575,0.0001489868891546564,0.19270833333333215,0.14885159010600546,-0.00039384749439229247,-0.12788913424032866,0.46720083144293795
3.576,0.0001489868891546564,0.19270833333333215,0.14885159010600546,-0.00042455205058743634,0.3068117860238607,0.25488026775645545
3.577,0.0001489868891546564,0.19270833333333215,-0.8511484098939945,0.0001732809325462506,0.31936558935772713,-0.3098309456157943
3.578,0.0001489868891546564,0.19270833333333215,-0.8511484098939945,0.0005944659082823952,-0.1113317486027703,-0.4419849046838161
3.579,0.0001489868891546564,-0.8072916666666679,0.14885159010600546,0.00019330235908701852,-0.39100595190642845,0.03762808547179168
3.58,0.0001489868891546564,0.19270833333333215,0.14885159010600546,-0.0005287682730774752,-0.1299775200999342,0.4595951902123302
3.581,0.0001489868891546564,0.19270833333333215,0.14885159010600546,-0.0005488074701726456,0.3136161919966695,0.24272500206361666
3.582,0.0001489868891546564,0.19270833333333215,-0.8511484098939945,0.00021614956408560275,0.3249992564105422,-0.30398141135095774
3.583,0.0001489868891546564,0.19270833333333215,-0.8511484098939945,0.0007166840460022234,-0.11499790703216119,-0.4228562132704318
3.584,0.0001489868891546564,-0.8072916666666679,0.14885159010600546,0.00022547995022246403,-0.3983823278303954,0.040038956056105426
3.585,0.0001489868891546564,0.19270833333333215,0.14885159010600546,-0.0005971598216693913,-0.130202448620644,0.43667553654584773
3.586,0.0001489868891546564,0.19270833333333215,0.14885159010600546,-0.0006001933385244485,0.32067853626355985,0.2264532635505147
3.587,0.0001489868891546564,0.19270833333333215,0.14885159010600546,0.0002288743144311162,0.3287823579384103,-0.2860042948578173
3.588,0.0001489868891546564,0.19270833333333215,-0.8511484098939945,0.0007343076832809697,-0.12000469730080875,-0.3928463069250223
3.589,0.0001489868891546564,-0.8072916666666679,0.14885159010600546,0.0002233125039193516,-0.4045856928643766,0.0374055138724995
3.59,0.0001489868891546564,0.19270833333333215,0.14885159010600546,-0.0005707950378338982,-0.12834889394081167,0.40088031428913234
3.591,0.0001489868891546564,0.19270833333333215,0.14885159010600546,-0.000552492642975903,0.3277327959898383,0.20754867827182924
3.592,0.0001489868891546564,0.19270833333333215,0.14885159010600546,0.00020231154014503,0.33043009784419713,-0.2579154975130118
3.593,0.0001489868891546564,0.19270833333333215,-0.8511484098939945,0.0006208863901069922,-0.1262383661097208,-0.35499215177594107
3.594,0.0001489868891546564,-0.8072916666666679,0.14885159010600546,0.00017969190776504125,-0.40934548350882677,0.030137326724075153
3.595,0.0001489868891546564,0.19270833333333215,0.14885159010600546,-0.000434091511750763,-0.12444023624256768,0.3559227332859787
3.596,0.0001489868891546564,0.19270833333333215,0.14885159010600546,-0.00039337254237073216,0.33453347491280155,0.18789317025709734
3.597,0.0001489868891546564,0.19270833333333215,-0.8511484098939945,0.00013307029696378218,0.3299164227879867,-0.22262741000844796
3.598,0.0001489868891546564,0.19270833333333215,-0.8511484098939945,0.00036994840818063604,-0.13344689573295276,-0.3131618723642591
3.599,0.0001489868891546564,-0.8072916666666679,0.14885159010600546,9.407260358670728e-05,-0.41256802479755667,0.018955476280074247
3.6,0.0001489868891546564,0.19270833333333215,0.14885159010600546,-0.00018957141476971446,-0.11874610499723207,0.3063580167915932
3.601,0.0001489868891546564,0.19270833333333215,0.14885159010600546,-0.00012942378167632914,0.340860912423936,0.1695393579428281
3.602,0.0001489868891546564,0.19270833333333215,0.14885159010600546,2.525730885329175e-05,0.32747234918181356,-0.18361599957807315
3.603,0.0001489868891546564,0.19270833333333215,-0.8511484098939945,5.66321453972749e-09,-0.1412490812998037,-0.2715920139733031
3.604,0.0001489868891546564,-0.8072916666666679,0.14885159010600546,-2.6197614018296386e-05,-0.4143293776973084,0.004828631330952606
3.605,0.0001489868891546564,0.19270833333333215,0.14885159010600546,0.00013926256116392934,-0.11175927657157993,0.2570498737669778
3.606,0.0001489868891546564,0.19270833333333215,0.14885159010600546,0.00021161095042500418,0.34652349542366484,0.1544418010747634
3.607,0.0001489868891546564,0.19270833333333215,0.14885159010600546,-0.00010893299089166537,0.3235519072216461,-0.14453361202065043
3.608,0.0001489868891546564,0.19270833333333215,0.14885159010600546,-0.00044442088100935266,-0.1491606234472482,-0.23436988129162317
3.609,0.0001489868891546564,-0.8072916666666679,0.14885159010600546,-0.00016584440186897777,-0.4148474823794537,-0.011101368702385641
3.61,0.0001489868891546564,0.19270833333333215,0.14885159010600546,0.000508605822776745,-0.10414372414876688,0.21260281117980528
3.611,0.0001489868891546564,0.19270833333333215,0.14885159010600546,0.000582298681946076,0.3513579529499623,0.1441846125658716
3.612,0.0001489868891546564,0.19270833333333215,0.14885159010600546,-0.000250080665326088,0.31877017922482453,-0.10881363637369917
3.613,0.0001489868891546564,0.19270833333333215,0.14885159010600546,-0.0008965831124838896,-0.15663521141265682,-0.20492924254324177
3.614,0.0001489868891546564,-0.8072916666666679,0.14885159010600546,-0.00030314247555560375,-0.4144381214690772,-0.027599986646812843
3.615,0.0001489868891546564,0.19270833333333215,0.14885159010600546,0.0008590142543653264,-0.0966598523073219,0.1768324817395125
3.616,0.0001489868891546564,0.19270833333333215,0.14885159010600546,0.0009209670300042123,0.3552289904286008,0.13974583852114136
3.617,0.0001489868891546564,0.19270833333333215,0.14885159010600546,-0.00037391722377187097,0.3138216282396506,-0.07931386199892343
3.618,0.0001489868891546564,0.19270833333333215,0.14885159010600546,-0.0012761238933500186,-0.16311636281427522,-0.18562780939151097
3.619,0.0001489868891546564,-0.8072916666666679,0.14885159010600546,-0.00041285400962576664,-0.41346125081094,-0.04342265636318318
3.62,0.0001489868891546564,0.19270833333333215,0.14885159010600546,0.0011237831567364254,-0.09007614269298139,0.15234205786439528
3.621,0.0001489868891546564,0.19270833333333215,0.14885159010600546,0.0011607286164681352,0.3580293650129325,0.14133569354724324
3.622,0.0001489868891546564,0.19270833333333215,0.14885159010600546,-0.00045500154041666277,0.30938955182445793,-0.05804006983601417
3.623,0.0001489868891546564,0.19270833333333215,-0.8511484098939945,-0.0015016491622701896,-0.1680940856878519,-0.1774651348595209
3.624,0.0001489868891546564,-0.8072916666666679,0.14885159010600546,-0.00047030088803023327,-0.4122653726349937,-0.057396122611579024
3.625,0.0001489868891546564,0.19270833333333215,0.14885159010600546,0.001240036625451506,-0.08507842627057388,0.14025895844263483
3.626,0.0001489868891546564,0.19270833333333215,0.14885159010600546,0.001240931636627954,0.35968117133848315,0.1483364361800484
3.627,0.0001489868891546564,0.19270833333333215,0.14885159010600546,-0.0004712043201805602,0.30605868570350364,-0.045980779618565296
3.628,0.0001489868891546564,0.19270833333333215,0.14885159010600546,-0.0015055054467252142,-0.17115950644804542,-0.1799810266004167
3.629,0.0001489868891546564,-0.8072916666666679,0.14885159010600546,-0.00045598318976644396,-0.4111377158870872,-0.06849494383842318
3.63,0.0001489868891546564,0.19270833333333215,0.14885159010600546,0.001160873147550515,-0.08218848058244983,0.14016485756019703
3.631,0.0001489868891546564,0.19270833333333215,0.14885159010600546,0.0011192755249369627,0.36013867105014336,0.15935758276127743
3.632,0.0001489868891546564,0.19270833333333215,0.14885159010600546,-0.0004082914416356586,0.3042425478272201,-0.04306950602186766
3.633,0.0001489868891546564,-0.8072916666666679,0.14885159010600546,-0.001248359926269902,-0.17205062155538153,-0.19134974711262365
3.634,0.0001489868891546564,-0.8072916666666679,0.14885159010600546,-0.00035997301210685407,-0.4102670336061744,-0.07590940318565118
3.635,0.0001489868891546564,0.19270833333333215,0.14885159010600546,0.0008664874466738426,-0.08170253646075247,0.15022568860625796
3.636,0.0001489868891546564,0.19270833333333215,0.14885159010600546,0.0007824632589363414,0.35939253540353516,0.1724033164426376
3.637,0.0001489868891546564,0.19270833333333215,0.14885159010600546,-0.00026377997626371566,0.30413510111627506,-0.04827430830933857
3.638,0.0001489868891546564,0.19270833333333215,-0.8511484098939945,-0.0007308845235897549,-0.17068329807401766,-0.20865770482979545
3.639,0.0001489868891546564,-0.8072916666666679,0.14885159010600546,-0.00018524775543401147,-0.4097239551241277,-0.07910073895457781
3.64,0.0001489868891546564,0.19270833333333215,0.14885159010600546,0.0003720903740299689,-0.08365770358986072,0.16750102062469105
3.641,0.0001489868891546564,0.19270833333333215,0.14885159010600546,0.0002532377925714849,0.3574749447395602,0.185131907310088
3.642,0.0001489868891546564,0.19270833333333215,0.14885159010600546,-4.926054339913298e-05,0.3056929859421892,-0.05979809774358926
3.643,0.0001489868891546564,0.19270833333333215,-0.8511484098939945,-5.394305291280481e-09,-0.16716344217545018,-0.22832609217836816
3.644,0.0001489868891546564,-0.8072916666666679,0.14885159010600546,5.0793731258070806e-05,-0.40946128847642627,-0.07783943489680496
3.645,0.0001489868891546564,0.19270833333333215,0.14885159010600546,-0.0002692653175905107,-0.087830633974481,0.1883876661849291
3.646,0.0001489868891546564,0.19270833333333215,0.14885159010600546,-0.00040798562888329194,0.35446465203198324,0.19517240442410685
3.647,0.0001489868891546564,0.19270833333333215,0.14885159010600546,0.0002094516342950331,0.30865037799083006,-0.07535932218990407
3.648,0.0001489868891546564,0.19270833333333215,0.14885159010600546,0.0008521808974726241,-0.16177862308089644,-0.24661896236673592
3.649,0.0001489868891546564,-0.8072916666666679,0.14885159010600546,0.0003171627004656386,-0.40933379209562615,-0.07222256580519773
3.65,0.0001489868891546564,0.19270833333333215,0.14885159010600546,-0.0009701820891684429,-0.09376844469929423,0.20913426905827864
3.651,0.0001489868891546564,0.19270833333333215,0.14885159010600546,-0.0011079475859087544,0.3504909020602522,0.200454169948263
3.652,0.0001489868891546564,0.19270833333333215,0.14885159010600546,0.0004746702265546057,0.31256403491674284,-0.09251316252044417
3.653,0.0001489868891546564,0.19270833333333215,-0.8511484098939945,0.0016976630270884381,-0.15497004508826634,-0.2601647974060134
3.654,0.0001489868891546564,-0.8072916666666679,0.14885159010600546,0.0005726412149416249,-0.40913410915869947,-0.0626670813396743
3.655,0.0001489868891546564,0.19270833333333215,0.14885159010600546,-0.0016190013568190954,-0.10084761446462055,0.22635459653979334
3.656,0.0001489868891546564,0.19270833333333215,0.14885159010600546,-0.0017318787722066507,0.3457350190988501,0.1995016755273632
3.657,0.0001489868891546564,0.19270833333333215,0.14885159010600546,0.0007016279878836171,0.3168819248526876,-0.10896951533343381
3.658,0.0001489868891546564,0.19270833333333215,-0.8511484098939945,0.0023894418889393557,-0.14728823109909478,-0.2664176993154398
3.659,0.0001489868891546564,-0.8072916666666679,0.14885159010600546,0.0007714296108595315,-0.40863916764426156,-0.04987752120599417
3.66,0.0001489868891546564,0.19270833333333215,0.14885159010600546,-0.0020956085526472553,-0.10835285461784533,0.23746867386059525
3.661,0.0001489868891546564,0.19270833333333215,0.14885159010600546,-0.0021602451170543943,0.3404285390376091,0.19165105079303582
3.662,0.0001489868891546564,0.19270833333333215,0.14885159010600546,0.000845198239883376,0.3210255625924256,-0.1228662577589659
3.663,0.0001489868891546564,0.19270833333333215,-0.8511484098939945,0.0027842164923011846,-0.139337770657239,-0.2639933409872583
3.664,0.0001489868891546564,-0.8072916666666679,0.14885159010600546,0.0008704062500209445,-0.4076597299009292,-0.034788923701093634
3.665,0.0001489868891546564,0.19270833333333215,0.14885159010600546,-0.0022909821397225825,-0.11556535436096207,0.24101253706888395
3.666,0.0001489868891546564,0.19270833333333215,0.14885159010600546,-0.002288723380199878,0.3348469646371149,0.17715570732675034
3.667,0.0001489868891546564,0.19270833333333215,-0.8511484098939945,0.0008676411585796597,0.3244742776902395,-0.13296417229045623
3.668,0.0001489868891546564,0.19270833333333215,0.14885159010600546,0.002767671349544082,-0.13171772437840792,-0.25283346856386
3.669,0.0001489868891546564,-0.8072916666666679,0.14885159010600546,0.0008369596595072161,-0.40608516901076475,-0.01848839074890947
3.67,0.0001489868891546564,0.19270833333333215,0.14885159010600546,-0.002127610541454065,-0.12184867297025773,0.23677749237007575
3.671,0.0001489868891546564,0.19270833333333215,0.14885159010600546,-0.002048393463310047,0.3292985593441788,0.15716441220918778
3.672,0.0001489868891546564,0.19270833333333215,0.14885159010600546,0.0007461776530445611,0.32683938071151536,-0.13874221769812492
3.673,0.0001489868891546564,0.19270833333333215,-0.8511484098939945,0.0022783645363157095,-0.1249646121583258,-0.23417827217839624
3.674,0.0001489868891546564,-0.8072916666666679,0.14885159010600546,0.0006561249999458407,-0.40391606826468074,-0.0021215422718613365
3.675,0.0001489868891546564,0.19270833333333215,0.14885159010600546,-0.0015773943737685042,-0.12672105015790538,0.22576531320773813
3.676,0.0001489868891546564,0.19270833333333215,0.14885159010600546,-0.0014227230574006863,0.3241080554482003,0.13357404143133025
3.677,0.0001489868891546564,0.19270833333333215,0.14885159010600546,0.0004790752159440273,0.3279176310707096,-0.14038670256491495
3.678,0.0001489868891546564,0.19270833333333215,-0.8511484098939945,0.0013259618355279897,-0.11950432921088575,-0.21035446584186832
3.679,0.0001489868891546564,-0.8072916666666679,0.14885159010600546,0.0003357196903991358,-0.4012788485969966,0.013207513836706958
3.68,0.0001489868891546564,0.19270833333333215,0.14885159010600546,-0.0006736651498211114,-0.1299049479052229,0.20997291476238908
3.681,0.0001489868891546564,0.19270833333333215,0.14885159010600546,-0.00045804705315606245,0.31959571783170676,0.10877799911578402
3.682,0.0001489868891546564,0.19270833333333215,0.14885159010600546,8.902226461514839e-05,0.3277163569000801,-0.13868314016059982
3.683,0.0001489868891546564,0.19270833333333215,0.14885159010600546,2.73885236039013e-09,-0.11561795133667453,-0.18441407822617778
3.684,0.0001489868891546564,-0.8072916666666679,0.14885159010600546,-9.164700520297696e-05,-0.3984191402148115,0.026532501816199455
3.685,0.0001489868891546564,0.19270833333333215,0.14885159010600546,0.0004854631416839956,-0.13134792215241547,0.1920446229006383
3.686,0.0001489868891546564,0.19270833333333215,0.14885159010600546,0.0007350582421239207,0.31605284273229056,0.0853470044273455
3.687,0.0001489868891546564,0.19270833333333215,0.14885159010600546,-0.00037712404554939277,0.32644663387524153,-0.13483291356433033
3.688,0.0001489868891546564,0.19270833333333215,0.14885159010600546,-0.00153348576220938,-0.11342443988803462,-0.15968058568365645
3.689,0.0001489868891546564,-0.8072916666666679,0.14885159010600546,-0.0005704271261486204,-0.3956737096670712,0.03710701944888953
3.69,0.0001489868891546564,0.19270833333333215,0.14885159010600546,0.0017440780196068043,-0.1312129742842689,0.17484851167631094
3.691,0.0001489868891546564,0.19270833333333215,0.14885159010600546,0.0019908982468688674,0.31371543011982445,0.06568912604512243
3.692,0.0001489868891546564,0.19270833333333215,0.14885159010600546,-0.0008526371919174386,0.32448553332884544,-0.13022645644672762
3.693,0.0001489868891546564,0.19270833333333215,0.14885159010600546,-0.0030485134061004437,-0.11288103982800114,-0.13927180335810108
3.694,0.0001489868891546564,-0.8072916666666679,0.14885159010600546,-0.0010280342233060797,-0.3934240171206341,0.04446276152536918
3.695,0.0001489868891546564,0.19270833333333215,0.14885159010600546,0.002905946246005681,-0.12984076876494016,0.16104271334547426
3.696,0.0001489868891546564,0.19270833333333215,0.14885159010600546,0.0031081070054488815,0.31273837525778175,0.051738937463089
3.697,0.0001489868891546564,0.19270833333333215,-0.8511484098939945,-0.0012590727116598428,0.32231295210810273,-0.126209161672015
3.698,0.0001489868891546564,0.19270833333333215,0.14885159010600546,-0.004287736477541908,-0.11380000433075721,-0.12567096076425066
3.699,0.0001489868891546564,-0.8072916666666679,0.14885159010600546,-0.0013843348436577598,-0.3920374516134827,0.04843681784623756
3.7,0.0001489868891546564,0.19270833333333215,0.14885159010600546,0.0037609511700752367,-0.12768992268472107,0.15269680462620847
3.701,0.0001489868891546564,0.19270833333333215,0.14885159010600546,0.003877545968430997,0.313172987923239,0.04472095755112207
3.702,0.0001489868891546564,0.19270833333333215,0.14885159010600546,-0.001517429740007616,0.3204322938339716,-0.12387516473436859
3.703,0.0001489868891546564,0.19270833333333215,0.14885159010600546,-0.005000027156357197,-0.11587846989260357,-0.12040839205826388
3.704,0.0001489868891546564,-0.8072916666666679,0.14885159010600546,-0.001563644964414587,-0.3918045328376717,0.04916453848105667
3.705,0.0001489868891546564,0.19270833333333215,0.14885159010600546,0.004117342620905095,-0.12526444073216367,0.15102264325852416
3.706,0.0001489868891546564,0.19270833333333215,0.14885159010600546,0.004115218647003186,0.3149508657187213,0.04502083784849451
3.707,0.0001489868891546564,0.19270833333333215,0.14885159010600546,-0.0015609060433341008,0.31928673583352646,-0.12391786748832898
3.708,0.0001489868891546564,0.19270833333333215,0.14885159010600546,-0.004982103409654662,-0.11873706686243761,-0.12389777222084151
3.709,0.0001489868891546564,-0.8072916666666679,0.14885159010600546,-0.0015076279229746857,-0.3928815150312742,0.0470387823662626
3.71,0.0001489868891546564,0.19270833333333215,0.14885159010600546,0.003835388886120291,-0.12303889457674608,0.15625021834005234
3.711,0.0001489868891546564,0.19270833333333215,0.14885159010600546,0.0036956016773720874,0.31787702675165647,0.05218089231283971
3.712,0.0001489868891546564,0.19270833333333215,0.14885159010600546,-0.001347427157576392,0.3191836160139298,-0.12655571265223745
3.713,0.0001489868891546564,0.19270833333333215,0.14885159010600546,-0.004118162172097287,-0.12196229909943072,-0.13544582949376882
3.714,0.0001489868891546564,-0.8072916666666679,0.14885159010600546,-0.0011871803072736346,-0.39524765619407576,0.04264081385676613
3.715,0.0001489868891546564,0.19270833333333215,0.14885159010600546,0.0028573409320739687,-0.12139193718197838,0.16766028049002651
3.716,0.0001489868891546564,0.19270833333333215,0.14885159010600546,0.002580252269817376,0.3216346791404839,0.06501720407724909
3.717,0.0001489868891546564,0.19270833333333215,-0.8511484098939945,-0.0008699789423641928,0.3202384692150123,-0.13153902961791678
3.718,0.0001489868891546564,0.19270833333333215,-0.8511484098939945,-0.002411153393392604,-0.12514786749591114,-0.1534269781000052
3.719,0.0001489868891546564,-0.8072916666666679,0.14885159010600546,-0.0006113564615479673,-0.3986848745392619,0.03665202466939123
3.72,0.0001489868891546564,0.19270833333333215,0.14885159010600546,0.0012286814002721274,-0.12055723255779052,0.18376057264803872
3.721,0.0001489868891546564,0.19270833333333215,0.14885159010600546,0.0008367725668139059,0.32580304984300434,0.08183676408691286
3.722,0.0001489868891546564,0.19270833333333215,0.14885159010600546,-0.0001629179285001196,0.32234754921326325,-0.13823079856958426
3.723,0.0001489868891546564,0.19270833333333215,-0.8511484098939945,1.082523273054908e-09,-0.1279308454224186,-0.17558872897305394
3.724,0.0001489868891546564,-0.8072916666666679,0.14885159010600546,0.00016835130751187462,-0.40278474808975034,0.029758417889377397
3.725,0.0001489868891546564,0.19270833333333215,0.14885159010600546,-0.00089351510168225,-0.1205981182035365,0.20257035538453527
3.726,0.0001489868891546564,0.19270833333333215,0.14885159010600546,-0.0013557810572346742,0.32988835620233864,0.10071788802530586
3.727,0.0001489868891546564,0.19270833333333215,0.14885159010600546,0.0006971242025052558,0.32519365092049907,-0.14574295956994773
3.728,0.0001489868891546564,0.19270833333333215,0.14885159010600546,0.0028413308448729155,-0.13001976094537118,-0.19943409792666594
3.729,0.0001489868891546564,-0.8072916666666679,0.14885159010600546,0.0010595095437921237,-0.4069841516022788,0.02256092598834852
3.73,0.0001489868891546564,0.19270833333333215,0.14885159010600546,-0.003247711627481172,-0.1214087254450488,0.22196207021542172
3.731,0.0001489868891546564,0.19270833333333215,0.14885159010600546,-0.0037172593716532005,0.33336639482908176,0.11980793765754827
3.732,0.0001489868891546564,0.19270833333333215,0.14885159010600546,0.0015964336380648188,0.32828525478384135,-0.15310212820719374
3.733,0.0001489868891546564,0.19270833333333215,-0.8511484098939945,0.005724599064681111,-0.13121297998404846,-0.22261659982861962
3.734,0.0001489868891546564,-0.8072916666666679,0.14885159010600546,0.001936381141060569,-0.4106267448630849,0.01550390813287492
3.735,0.0001489868891546564,0.19270833333333215,0.14885159010600546,-0.005491031573336623,-0.12274039762009067,0.24000181153655153
3.736,0.0001489868891546564,0.19270833333333215,0.14885159010600546,-0.005892596834174942,0.3357335258853779,0.1375905905088729
3.737,0.0001489868891546564,0.19270833333333215,-0.8511484098939945,0.0023953440766500272,0.3310241297018219,-0.15941537523978747
3.738,0.0001489868891546564,0.19270833333333215,-0.8511484098939945,0.008186841935773603,-0.13140709422910649,-0.24328337525877933
3.739,0.0001489868891546564,-0.8072916666666679,0.14885159010600546,0.0026531830469968755,-0.4130435931128198,0.00883162752197809
3.74,0.0001489868891546564,0.19270833333333215,0.14885159010600546,-0.007236541646775622,-0.12424863408316277,0.25523275119439354
3.741,0.0001489868891546564,0.19270833333333215,0.14885159010600546,-0.0074915045905656905,0.336561278342549,0.1530808030349692
3.742,0.0001489868891546564,0.19270833333333215,0.14885159010600546,0.002944249694415896,0.3327922546054799,-0.16400843105232735
3.743,0.0001489868891546564,0.19270833333333215,0.14885159010600546,0.009744701906279627,-0.1305961118217598,-0.26031239831983966
3.744,0.0001489868891546564,-0.8072916666666679,0.14885159010600546,0.003061572759643453,-0.41364299011366634,0.0025784777811639513
3.745,0.0001489868891546564,0.19270833333333215,0.14885159010600546,-0.0081006317157073,-0.12555296331535787,0.26685717552456134
3.746,0.0001489868891546564,0.19270833333333215,0.14885159010600546,-0.008137214087806,0.335548645115001,0.16591819723977733
3.747,0.0001489868891546564,0.19270833333333215,0.14885159010600546,0.003102649914233531,0.3330458789551208,-0.16651483565467173
3.748,0.0001489868891546564,0.19270833333333215,0.14885159010600546,0.009957120347216028,-0.12886300584842494,-0.27340872447970077
3.749,0.0001489868891546564,-0.8072916666666679,0.14885159010600546,0.0030302483551294074,-0.4119975709415235,-0.003406217146101205
3.75,0.0001489868891546564,0.19270833333333215,0.14885159010600546,-0.007754649573616149,-0.12630049870208132,0.274791292044208
3.751,0.0001489868891546564,0.19270833333333215,0.14885159010600546,-0.007518155396482435,0.3325656089908355,0.1763467872386799
3.752,0.0001489868891546564,0.19270833333333215,0.14885159010600546,0.002758797604167303,0.3314031978773319,-0.1669040125958735
3.753,0.0001489868891546564,0.19270833333333215,-0.8511484098939945,0.008488274532517848,-0.12636555184827725,-0.2830491374846353
3.754,0.0001489868891546564,-0.8072916666666679,0.14885159010600546,0.0024640886048961637,-0.40791639875491303,-0.009403129677101033
3.755,0.0001489868891546564,0.19270833333333215,0.14885159010600546,-0.005973918288693453,-0.12622366332974447,0.27958927528165634
3.756,0.0001489868891546564,0.19270833333333215,0.14885159010600546,-0.0054356011073758495,0.3276817131837559,0.18508792774320135
3.757,0.0001489868891546564,0.19270833333333215,-0.8511484098939945,0.0018472667522541615,0.3277126910078634,-0.1654473358394379
3.758,0.0001489868891546564,0.19270833333333215,-0.8511484098939945,0.005162051633660092,-0.12331841285153029,-0.2902902787360241
3.759,0.0001489868891546564,-0.8072916666666679,0.14885159010600546,0.0013201511839794568,-0.40149103154913646,-0.015746408451134977
3.76,0.0001489868891546564,0.19270833333333215,0.14885159010600546,-0.0026771781533302236,-0.1251836868942596,0.2822554042993932
3.761,0.0001489868891546564,0.19270833333333215,0.14885159010600546,-0.0018404220998754508,0.32117463824265363,0.1931310095595824
3.762,0.0001489868891546564,0.19270833333333215,0.14885159010600546,0.00036187706586931925,0.32209161545295967,-0.16263209188889083
3.763,0.0001489868891546564,0.19270833333333215,-0.8511484098939945,-4.3599902058329104e-09,-0.11997320080210405,-0.296478147614078
3.764,0.0001489868891546564,-0.8072916666666679,0.14885159010600546,-0.0003818773269739188,-0.3931075234495877,-0.02273776784895554
3.765,0.0001489868891546564,0.19270833333333215,0.14885159010600546,0.0020495838795623693,-0.12319377885680026,0.2839818941456784
3.766,0.0001489868891546564,0.19270833333333215,0.14885159010600546,0.003146782110167762,0.3135157202766426,0.20147987593096017
3.767,0.0001489868891546564,0.19270833333333215,0.14885159010600546,-0.001638087761676786,0.31492813369880795,-0.15904201096222637
3.768,0.0001489868891546564,0.19270833333333215,0.14885159010600546,-0.006763492661031649,-0.11659788191062756,-0.30291302122547825
3.769,0.0001489868891546564,-0.8072916666666679,0.14885159010600546,-0.0025565481599057363,-0.3834205530432243,-0.030564671076729336
3.77,0.0001489868891546564,0.19270833333333215,0.14885159010600546,0.007949115180113243,-0.12041900111007853,0.2858620810490415
3.771,0.0001489868891546564,0.19270833333333215,0.14885159010600546,0.009235916353071817,0.30533196242434335,0.21090001436765096
3.772,0.0001489868891546564,0.19270833333333215,0.14885159010600546,-0.004029610458532778,0.306845551221397,-0.15522832568856293
3.773,0.0001489868891546564,0.19270833333333215,0.14885159010600546,-0.014692094761317512,-0.11345652879151502,-0.31053075511476064
3.774,0.0001489868891546564,-0.8072916666666679,0.14885159010600546,-0.005057680257612386,-0.3732908594798023,-0.03923548705801804
3.775,0.0001489868891546564,0.19270833333333215,0.14885159010600546,0.014610359624328047,-0.11715332602053552,0.28863206789632795
3.776,0.0001489868891546564,0.19270833333333215,0.14885159010600546,0.01598909757234973,0.2973470518888552,0.2217111696421557
3.777,0.0001489868891546564,0.19270833333333215,0.14885159010600546,-0.006635826003488821,0.29863243972840714,-0.15159629475081363
3.778,0.0001489868891546564,0.19270833333333215,-0.8511484098939945,-0.02318460735039064,-0.11079015672463843,-0.3196580330775613
3.779,0.0001489868891546564,-0.8072916666666679,0.14885159010600546,-0.007691317000863548,-0.36369223434266984,-0.04854195481539198
3.78,0.0001489868891546564,0.19270833333333215,0.14885159010600546,0.021506199061346664,-0.11377766129894681,0.2924882971470196
3.781,0.0001489868891546564,0.19270833333333215,0.14885159010600546,0.022862054677967904,0.2903068137902983,0.2336622338779661
3.782,0.0001489868891546564,0.19270833333333215,0.14885159010600546,-0.009243162327036012,0.29114728218518116,-0.14832871459703778
3.783,0.0001489868891546564,0.19270833333333215,-0.8511484098939945,-0.03153445536222713,-0.10879927090755678,-0.3298860796780826
3.784,0.0001489868891546564,-0.8072916666666679,0.14885159010600546,-0.010235281680156137,-0.3555987524568012,-0.05805519267438553
3.785,0.0001489868891546564,0.19270833333333215,0.14885159010600546,0.028047459488695765,-0.11070528102355505,0.29701482554348896
3.786,0.0001489868891546564,0.19270833333333215,0.14885159010600546,0.029260687208216257,0.28489699267760393,0.24591141511338763
3.787,0.0001489868891546564,0.19270833333333215,0.14885159010600546,-0.011623814642616736,0.2852100020928193,-0.14536078295091728
3.788,0.0001489868891546564,0.19270833333333215,-0.8511484098939945,-0.039004884935415984,-0.10762879577785853,-0.34008686528882937
3.789,0.0001489868891546564,-0.8072916666666679,0.14885159010600546,-0.012463060848088563,-0.34986607881171106,-0.06715647926681399
3.79,0.0001489868891546564,0.19270833333333215,0.14885159010600546,0.03364682369637605,-0.1083227588484661,0.3012346863126383
3.791,0.0001489868891546564,0.19270833333333215,0.14885159010600546,0.034606044620176205,0.2816628636895614,0.25711706712916715
3.792,0.0001489868891546564,0.19270833333333215,0.14885159010600546,-0.013560848103450979,0.2814947942930293,-0.14241104148734676
3.793,0.0001489868891546564,0.19270833333333215,-0.8511484098939945,-0.0449107025034266,-0.10735620329014998,-0.3485713609831416
3.794,0.0001489868891546564,-0.8072916666666679,0.14885159010600546,-0.01416909099083762,-0.3471220712967352,-0.07509888486308587
3.795,0.0001489868891546564,0.19270833333333215,0.14885159010600546,0.037784767914836766,-0.1069349482614216,0.3037779236502815
3.796,0.0001489868891546564,0.19270833333333215,0.14885159010600546,0.03839966061976697,0.28094064024146675,0.26562608335048526
3.797,0.0001489868891546564,0.19270833333333215,-0.8511484098939945,-0.014872794877723321,0.2804387537454225,-0.13906268411799289
3.798,0.0001489868891546564,0.19270833333333215,-0.8511484098939945,-0.04869630210530395,-0.10798381384746697,-0.3533650150530231
3.799,0.0001489868891546564,0.19270833333333215,0.14885159010600546,-0.015192260142912582,-0.3476812549112439,-0.0810913352906213
3.8,0.0001489868891546564,0.19270833333333215,0.14885159010600546,0.04006917290200227,-0.10672177045873839,0.30313833361561787
3.801,0.0001489868891546564,0.19270833333333215,0.14885159010600546,0.04028093696586045,0.2828098101277015,0.2697304414005247
3.802,0.0001489868891546564,0.19270833333333215,0.14885159010600546,-0.015434607660522147,0.282178876210974,-0.1348800689709297
3.803,-0.9998510131108453,0.19270833333333215,-0.8511484098939945,-0.0499999943589671,-0.10943630689906757,-0.3525553614408924
3.804,0.0001489868891546564,-0.8072916666666679,0.14885159010600546,-0.015434607660522152,-0.35149509694627523,-0.08439352334179062
3.805,0.0001489868891546564,0.19270833333333215,0.14885159010600546,0.04028093696586044,-0.10771270635940433,0.29797508146981105
3.806,0.0001489868891546564,0.19270833333333215,0.14885159010600546,0.04006917290200227,0.28707342165325694,0.26795098378024873
3.807,0.0001489868891546564,0.19270833333333215,0.14885159010600546,-0.015192260142912577,0.28652633700832936,-0.12953844053239402
3.808,0.0001489868891546564,0.19270833333333215,0.14885159010600546,-0.04869630210530395,-0.11156435631927568,-0.34465386944874815
3.809,0.0001489868891546564,-0.8072916666666679,0.14885159010600546,-0.014872794877723326,-0.35814567252111956,-0.08440869903269586
3.81,0.0001489868891546564,0.19270833333333215,0.14885159010600546,0.03839966061976697,-0.10978224852115229,0.2874068348089348
3.811,0.0001489868891546564,0.19270833333333215,0.14885159010600546,0.037784767914836766,0.29327016688196933,0.25930268085601227
3.812,0.0001489868891546564,0.19270833333333215,0.14885159010600546,-0.014169090990837616,0.29298204339670003,-0.1229418374378951
3.813,0.0001489868891546564,0.19270833333333215,-0.8511484098939945,-0.04491070250342662,-0.11415494393768949,-0.3289108974023933
3.814,0.0001489868891546564,-0.8072916666666679,0.14885159010600546,-0.013560848103450984,-0.3668848303706,-0.0807619329409505
3.815,0.0001489868891546564,0.19270833333333215,0.14885159010600546,0.0346060446201762,-0.1126665541465983,0.2712462819230193
3.816,0.0001489868891546564,0.19270833333333215,0.14885159010600546,0.033646823696376074,0.30071824753177634,0.2434981917366016
3.817,0.0001489868891546564,0.19270833333333215,0.14885159010600546,-0.012463060848088557,0.30079197909527844,-0.11530548053082036
3.818,0.0001489868891546564,0.19270833333333215,-0.8511484098939945,-0.039004884935415984,-0.11694830210696477,-0.305529437216932
3.819,0.0001489868891546564,-0.8072916666666679,0.14885159010600546,-0.011623814642616739,-0.3767150765183041,-0.07335380567815072
3.82,0.0001489868891546564,0.19270833333333215,0.14885159010600546,0.02926068720821626,-0.1159985923505927,0.25013187597424097
3.821,0.0001489868891546564,0.19270833333333215,0.14885159010600546,0.028047459488695768,0.30858695673393965,0.22105605210047863
3.822,0.0001489868891546564,0.19270833333333215,0.14885159010600546,-0.010235281680156135,0.30903556962722306,-0.1071844300531068
3.823,0.0001489868891546564,0.19270833333333215,-0.8511484098939945,-0.03153445536222714,-0.11966065135273811,-0.2757390985789366
3.824,0.0001489868891546564,-0.8072916666666679,0.14885159010600546,-0.009243162327036016,-0.38650288615564676,-0.062383199968583096
3.825,0.0001489868891546564,0.19270833333333215,0.14885159010600546,0.022862054677967914,-0.11935661006595917,0.22552990140474416
3.826,0.0001489868891546564,0.19270833333333215,0.14885159010600546,0.021506199061346664,0.3159882144325036,0.19329468784341303
3.827,0.0001489868891546564,0.19270833333333215,0.14885159010600546,-0.007691317000863547,0.316735918238466,-0.09943909862407865
3.828,0.0001489868891546564,0.19270833333333215,0.14885159010600546,-0.023184607350390646,-0.12201104265543716,-0.24171389447446504
3.829,0.0001489868891546564,-0.8072916666666679,0.14885159010600546,-0.006635826003488826,-0.39511078771185193,-0.04833732646427732
3.83,0.0001489868891546564,0.19270833333333215,0.14885159010600546,0.015989097572349734,-0.1223190781582563,0.1996008508110743
3.831,0.0001489868891546564,0.19270833333333215,0.14885159010600546,0.014610359624328053,0.32207747614682436,0.16221124043443672
3.832,0.0001489868891546564,0.19270833333333215,0.14885159010600546,-0.005057680257612386,0.32297788585227394,-0.09313888065035464
3.833,0.0001489868891546564,0.19270833333333215,-0.8511484098939945,-0.014692094761317515,-0.1237498304865511,-0.20634224803596965
3.834,0.0001489868891546564,-0.8072916666666679,0.14885159010600546,-0.004029610458532779,-0.40153194409825055,-0.031951576579452065
3.835,0.0001489868891546564,0.19270833333333215,0.14885159010600546,0.009235916353071817,-0.12451862045682908,0.1749462245030344
3.836,0.0001489868891546564,0.19270833333333215,0.14885159010600546,0.007949115180113247,0.3261519102538931,0.13026201185849373
3.837,0.0001489868891546564,0.19270833333333215,0.14885159010600546,-0.0025565481599057385,0.3270189929859136,-0.08941595652902266
3.838,0.0001489868891546564,0.19270833333333215,-0.8511484098939945,-0.0067634926610316524,-0.12468574480395606,-0.1728812139197969
3.839,0.0001489868891546564,-0.8072916666666679,0.14885159010600546,-0.0016380877616767884,-0.40501045401546504,-0.014145575453957891
3.84,0.0001489868891546564,0.19270833333333215,0.14885159010600546,0.003146782110167765,-0.1256878206095111,0.1542716189778004
3.841,0.0001489868891546564,0.19270833333333215,0.14885159010600546,0.002049583879562371,0.327733755512173,0.1000763443795267
3.842,0.0001489868891546564,0.19270833333333215,0.14885159010600546,-0.0003818773269739199,0.3283791212392952,-0.08929045724438094
3.843,0.0001489868891546564,0.19270833333333215,0.14885159010600546,-4.359990206633979e-09,-0.12470832862180575,-0.14454540021184872
3.844,0.0001489868891546564,-0.8072916666666679,0.14885159010600546,0.00036187706586932164,-0.4051322906424384,0.004055635114032145
3.845,0.0001489868891546564,0.19270833333333215,0.14885159010600546,-0.0018404220998754495,-0.12569114224741967,0.14001613974155852
3.846,0.0001489868891546564,0.19270833333333215,0.14885159010600546,-0.0026771781533302245,0.32662836691922026,0.07414558994546146
3.847,0.0001489868891546564,0.19270833333333215,0.14885159010600546,0.001320151183979456,0.32689782619473584,-0.09349408647083082
3.848,0.0001489868891546564,0.19270833333333215,0.14885159010600546,0.005162051633660092,-0.12380274489745753,-0.12409154270618553
3.849,0.0001489868891546564,-0.8072916666666679,0.14885159010600546,0.0018472667522541615,-0.40187546427553156,0.021605326227355007
3.85,0.0001489868891546564,0.19270833333333215,0.14885159010600546,-0.005435601107375847,-0.12453925709705742,0.13400444983549523
3.851,0.0001489868891546564,0.19270833333333215,0.14885159010600546,-0.005973918288693454,0.3229494536254218,0.054532014781944804
3.852,0.0001489868891546564,0.19270833333333215,0.14885159010600546,0.0024640886048961637,0.32275233440265216,-0.10232094858398745
3.853,0.0001489868891546564,0.19270833333333215,0.14885159010600546,0.008488274532517848,-0.12205464715772313,-0.11346049441334757
3.854,0.0001489868891546564,-0.8072916666666679,0.14885159010600546,0.002758797604167304,-0.39561314849961443,0.03751429708149381
3.855,0.0001489868891546564,0.19270833333333215,0.14885159010600546,-0.0075181553964824375,-0.12238453622027509,0.13717511527577136
3.856,0.0001489868891546564,0.19270833333333215,0.14885159010600546,-0.00775464957361615,0.3171080298097605,0.0426386440970516
3.857,0.0001489868891546564,0.19270833333333215,-0.8511484098939945,0.0030302483551294074,0.3164343916106583,-0.11553135114712629
3.858,0.0001489868891546564,0.19270833333333215,0.14885159010600546,0.009957120347216028,-0.11964389216083784,-0.1135294902204762
3.859,0.0001489868891546564,-0.8072916666666679,0.14885159010600546,0.0031026499142335316,-0.3870694561580123,0.05091799959372637
3.86,0.0001489868891546564,0.19270833333333215,0.14885159010600546,-0.008137214087806,-0.11949896688859014,0.14942773641011703
3.861,0.0001489868891546564,0.19270833333333215,0.14885159010600546,-0.0081006317157073,0.30976611466158566,0.03907093842171151
3.862,0.0001489868891546564,0.19270833333333215,-0.8511484098939945,0.003061572759643455,0.3086893662281987,-0.13232710862838382
3.863,0.0001489868891546564,0.19270833333333215,0.14885159010600546,0.009744701906279631,-0.11682721993436967,-0.1240104320612893
3.864,0.0001489868891546564,-0.8072916666666679,0.14885159010600546,0.0029442496944158962,-0.377233500521816,0.061126717580805436
3.865,0.0001489868891546564,0.19270833333333215,0.14885159010600546,-0.0074915045905656905,-0.11623797181088388,0.16961342951094174
3.866,0.0001489868891546564,0.19270833333333215,0.14885159010600546,-0.007236541646775624,0.3017606346878583,0.04360656090091736
3.867,0.0001489868891546564,0.19270833333333215,0.14885159010600546,0.0026531830469968746,0.30042569944685255,-0.15140642885168762
3.868,0.0001489868891546564,0.19270833333333215,0.14885159010600546,0.008186841935773605,-0.11391145507472712,-0.14350741698874828
3.869,0.0001489868891546564,-0.8072916666666679,0.14885159010600546,0.0023953440766500285,-0.36724254708677767,0.06765697052552752
3.87,0.0001489868891546564,0.19270833333333215,0.14885159010600546,-0.0058925968341749435,-0.11299524990068978,0.19567139072528902
3.871,0.0001489868891546564,0.19270833333333215,0.14885159010600546,-0.005491031573336621,0.2940067153577397,0.05527278663075551
3.872,0.0001489868891546564,0.19270833333333215,0.14885159010600546,0.001936381141060568,0.2926063338427288,-0.171094402752155
3.873,0.0001489868891546564,0.19270833333333215,-0.8511484098939945,0.005724599064681111,-0.11122008751398076,-0.16972243523561104
3.874,0.0001489868891546564,-0.8072916666666679,0.14885159010600546,0.0015964336380648216,-0.3582487877865659,0.07024506756608563
3.875,0.0001489868891546564,0.19270833333333215,0.14885159010600546,-0.003717259371653204,-0.1101546456536844,0.224891994394462
3.876,0.0001489868891546564,0.19270833333333215,0.14885159010600546,-0.003247711627481174,0.28739210756283456,0.07251503870460105
3.877,0.0001489868891546564,0.19270833333333215,0.14885159010600546,0.0010595095437921228,0.28613572011974725,-0.18953331341687243
3.878,0.0001489868891546564,0.19270833333333215,0.14885159010600546,0.002841330844872916,-0.10905707377615503,-0.19977596972883743
3.879,0.0001489868891546564,-0.8072916666666679,0.14885159010600546,0.0006971242025052559,-0.3512860929386319,0.06884575357690623
3.88,0.0001489868891546564,0.19270833333333215,0.14885159010600546,-0.0013557810572346733,-0.10804511881862881,0.2542676680238838
3.881,0.0001489868891546564,0.19270833333333215,0.14885159010600546,-0.0008935151016822515,0.2826755465293094,0.09342715312203653
3.882,0.0001489868891546564,0.19270833333333215,0.14885159010600546,0.00016835130751187397,0.2817561942411384,-0.2049072965929777
3.883,0.0001489868891546564,0.19270833333333215,-0.8511484098939945,1.0825232735002733e-09,-0.1076722041504632,-0.23059261359824448
3.884,0.0001489868891546564,0.19270833333333215,0.14885159010600546,-0.00016291792850012035,-0.3471528204353418,0.06361988445343053
3.885,0.0001489868891546564,0.19270833333333215,0.14885159010600546,0.0008367725668139054,-0.10690417361106734,0.28087966231044176
3.886,0.0001489868891546564,0.19270833333333215,0.14885159010600546,0.0012286814002721272,0.2804012608828815,0.11600623048233649
3.887,0.0001489868891546564,0.19270833333333215,0.14885159010600546,-0.0006113564615479668,0.2799659725123216,-0.21566988529592593
3.888,0.0001489868891546564,0.19270833333333215,0.14885159010600546,-0.002411153393392606,-0.10723231660411037,-0.25929332295920215
3.889,0.0001489868891546564,-0.8072916666666679,0.14885159010600546,-0.0008699789423641923,-0.3463244716769277,0.05491499577630066
3.89,0.0001489868891546564,0.19270833333333215,0.14885159010600546,0.0025802522698173775,-0.10685376289659086,0.3022638320510087
3.891,0.0001489868891546564,0.19270833333333215,0.14885159010600546,0.0028573409320739704,0.2808397312173764,0.13839338702568235
3.892,0.0001489868891546564,0.19270833333333215,-0.8511484098939945,-0.0011871803072736361,0.2809679926983007,-0.22074166900933712
3.893,0.0001489868891546564,0.19270833333333215,-0.8511484098939945,-0.004118162172097288,-0.10780199595684467,-0.28353673351210973
3.894,0.0001489868891546564,-0.8072916666666679,0.14885159010600546,-0.0013474271575763916,-0.34890602559773665,0.04324167345587892
3.895,0.0001489868891546564,0.19270833333333215,0.14885159010600546,0.0036956016773720905,-0.10789092458765559,0.3167024001860786
3.896,0.0001489868891546564,0.19270833333333215,0.14885159010600546,0.003835388886120294,0.2839614369136729,0.15906638671204126
3.897,0.0001489868891546564,0.19270833333333215,-0.8511484098939945,-0.001507627922974688,0.2846547760814315,-0.21964898995181376
3.898,0.0001489868891546564,0.19270833333333215,-0.8511484098939945,-0.004982103409654664,-0.1093362527783697,-0.3017617743738023
3.899,0.0001489868891546564,-0.8072916666666679,0.14885159010600546,-0.0015609060433341025,-0.35462870724893614,0.029247166419963656
3.9,0.0001489868891546564,0.19270833333333215,0.14885159010600546,0.004115218647003189,-0.10989348793247268,0.32340072385247853
3.901,0.0001489868891546564,0.19270833333333215,0.14885159010600546,0.004117342620905101,0.2894461808766928,0.1769600157074546
3.902,0.0001489868891546564,0.19270833333333215,0.14885159010600546,-0.0015636449644145874,0.2906299507825883,-0.21258280877066102
3.903,0.0001489868891546564,0.19270833333333215,-0.8511484098939945,-0.005000027156357199,-0.11168618063164935,-0.31330085758661735
3.904,0.0001489868891546564,-0.8072916666666679,0.14885159010600546,-0.0015174297400076182,-0.36289043126131004,0.013686168189129459
3.905,0.0001489868891546564,0.19270833333333215,0.14885159010600546,0.003877545968431,-0.11263935840343507,0.3225263582610217
3.906,0.0001489868891546564,0.19270833333333215,0.14885159010600546,0.0037609511700752414,0.29672619033133074,0.19150332148493804
3.907,0.0001489868891546564,0.19270833333333215,0.14885159010600546,-0.0013843348436577585,0.29826264596492785,-0.20036841353869878
3.908,0.0001489868891546564,0.19270833333333215,0.14885159010600546,-0.004287736477541913,-0.11461694466916811,-0.31835432315729745
3.909,0.0001489868891546564,-0.8072916666666679,0.14885159010600546,-0.0012590727116598437,-0.3728339086683376,-0.002612402042520377
3.91,0.0001489868891546564,0.19270833333333215,0.14885159010600546,0.003108107005448885,-0.11583636947953693,0.3151092901958055
3.911,0.0001489868891546564,0.19270833333333215,0.14885159010600546,0.002905946246005684,0.30505712036661475,0.20257715258394826
3.912,0.0001489868891546564,0.19270833333333215,0.14885159010600546,-0.0010280342233060815,0.3067671805652914,-0.18434979657037567
3.913,0.0001489868891546564,0.19270833333333215,-0.8511484098939945,-0.0030485134061004485,-0.11783588336377532,-0.31783904722883943
3.914,0.0001489868891546564,-0.8072916666666679,0.14885159010600546,-0.0008526371919174401,-0.3834520604999379,-0.0187841160883575
3.915,0.0001489868891546564,0.19270833333333215,0.14885159010600546,0.001990898246868871,-0.11915863692199416,0.30282365663654587
3.916,0.0001489868891546564,0.19270833333333215,0.14885159010600546,0.0017440780196068064,0.313607839575889,0.21040837683517996
3.917,0.0001489868891546564,0.19270833333333215,-0.8511484098939945,-0.0005704271261486228,0.3152977592534385,-0.16620528372329446
3.918,0.0001489868891546564,0.19270833333333215,-0.8511484098939945,-0.0015334857622093842,-0.12102722181343825,-0.31314357969869705
3.919,0.0001489868891546564,-0.8072916666666679,0.14885159010600546,-0.00037712404554939114,-0.39370744322021234,-0.03397414807060255
3.92,0.0001489868891546564,0.19270833333333215,0.14885159010600546,0.0007350582421239254,-0.12228485250824897,0.28768919133741366
3.921,0.0001489868891546564,0.19270833333333215,0.14885159010600546,0.00048546314168399515,0.3215578357015122,0.2154266116848211
3.922,0.0001489868891546564,0.19270833333333215,0.14885159010600546,-9.164700520298046e-05,0.32304652538439427,-0.14772139935577563
3.923,0.0001489868891546564,0.19270833333333215,-0.8511484098939945,2.7388523587428018e-09,-0.12388907171876766,-0.3058357887859529
3.924,0.0001489868891546564,-0.8072916666666679,0.14885159010600546,8.902226461515062e-05,-0.4026511610385956,-0.047388221455809613
3.925,0.0001489868891546564,0.19270833333333215,0.14885159010600546,-0.0004580470531560584,-0.12493402052980301,0.27174225221863924
3.926,0.0001489868891546564,0.19270833333333215,0.14885159010600546,-0.0006736651498211134,0.32819045889152504,0.2181138134059389
3.927,0.0001489868891546564,0.19270833333333215,0.14885159010600546,0.0003357196903991314,0.3293333986030556,-0.1305583498420034
3.928,0.0001489868891546564,0.19270833333333215,0.14885159010600546,0.0013259618355279893,-0.12616813661119375,-0.2973746815993325
3.929,0.0001489868891546564,-0.8072916666666679,0.14885159010600546,0.0004790752159440321,-0.40952729502017704,-0.058346820315714545
3.93,0.0001489868891546564,0.19270833333333215,0.14885159010600546,-0.0014227230574006833,-0.12689471476242634,0.2567297973765794
3.931,0.0001489868891546564,0.19270833333333215,0.14885159010600546,-0.0015773943737685094,0.3329710497218592,0.21887606991157618
3.932,0.0001489868891546564,0.19270833333333215,0.14885159010600546,0.0006561249999458364,0.33367755800035187,-0.1160418649871841
3.933,0.0001489868891546564,0.19270833333333215,0.14885159010600546,0.002278364536315712,-0.1276878789497324,-0.28887509488227625
3.934,0.0001489868891546564,-0.8072916666666679,0.14885159010600546,0.0007461776530445677,-0.4138510745449742,-0.06633799164801643
3.935,0.0001489868891546564,0.19270833333333215,0.14885159010600546,-0.002048393463310047,-0.1280449066211486,0.24387461810617464
3.936,0.0001489868891546564,0.19270833333333215,0.14885159010600546,-0.0021276105414540715,0.3356011261870184,0.21796080893420752
3.937,0.0001489868891546564,0.19270833333333215,0.14885159010600546,0.000836959659507212,0.335842980362166,-0.10501216910474159
3.938,0.0001489868891546564,0.19270833333333215,-0.8511484098939945,0.0027676713495440857,-0.12836678500867327,-0.280962986918147
3.939,0.0001489868891546564,-0.8072916666666679,0.14885159010600546,0.0008676411585796643,-0.41545251944280387,-0.0710624172567766
3.94,0.0001489868891546564,0.19270833333333215,0.14885159010600546,-0.002288723380199878,-0.1283606444275105,0.23374739104289868
3.941,0.0001489868891546564,0.19270833333333215,0.14885159010600546,-0.0022909821397225864,0.3360429234029588,0.21543262031404867
3.942,0.0001489868891546564,0.19270833333333215,0.14885159010600546,0.0008704062500209428,0.33585375309431365,-0.09775210108244756
3.943,0.0001489868891546564,0.19270833333333215,0.14885159010600546,0.0027842164923011863,-0.12822465933960311,-0.27374208045904797
3.944,0.0001489868891546564,-0.8072916666666679,0.14885159010600546,0.0008451982398833797,-0.41448162051813076,-0.07246373992593354
3.945,0.0001489868891546564,0.19270833333333215,0.14885159010600546,-0.0021602451170543943,-0.1279131943754938,0.22626278449205475
3.946,0.0001489868891546564,0.19270833333333215,0.14885159010600546,-0.0020956085526472566,0.3345122799415389,0.21120888049897757
3.947,0.0001489868891546564,0.19270833333333215,0.14885159010600546,0.0007714296108595288,0.3339785348010461,-0.0940041550952027
3.948,0.0001489868891546564,0.19270833333333215,-0.8511484098939945,0.0023894418889393557,-0.12737641615199302,-0.26687253028377744
3.949,0.0001489868891546564,-0.8072916666666679,0.14885159010600546,0.0007016279878836201,-0.4113757593352346,-0.07073773595235562
3.95,0.0001489868891546564,0.19270833333333215,0.14885159010600546,-0.001731878772206649,-0.1268555372790456,0.22079593103427772
3.951,0.0001489868891546564,0.19270833333333215,0.14885159010600546,-0.001619001356819098,0.3314416827659409,0.20514453676129363
3.952,0.0001489868891546564,0.19270833333333215,0.14885159010600546,0.0005726412149416211,0.3306871034860492,-0.093072324314138
3.953,0.0001489868891546564,0.19270833333333215,-0.8511484098939945,0.0016976630270884383,-0.1260144068428064,-0.259742503531124
3.954,0.0001489868891546564,-0.8072916666666679,0.14885159010600546,0.0004746702265546069,-0.4067944476362098,-0.06631593797855934
3.955,0.0001489868891546564,0.19270833333333215,0.14885159010600546,-0.0011079475859087514,-0.12540022356720026,0.21639544587183704
3.956,0.0001489868891546564,0.19270833333333215,0.14885159010600546,-0.0009701820891684455,0.3274187631308506,0.19714585182281205
3.957,0.0001489868891546564,0.19270833333333215,0.14885159010600546,0.0003171627004656349,0.32658501965545556,-0.09399123963200319
3.958,0.0001489868891546564,0.19270833333333215,-0.8511484098939945,0.0008521808974726223,-0.12438172925087237,-0.25169735786971814
3.959,0.0001489868891546564,-0.8072916666666679,0.14885159010600546,0.000209451634295036,-0.4015301029634471,-0.05982254485451852
3.96,0.0001489868891546564,0.19270833333333215,0.14885159010600546,-0.000407985628883289,-0.12379142446949354,0.21205307713640761
3.961,0.0001489868891546564,0.19270833333333215,0.14885159010600546,-0.0002692653175905121,0.32310828323854707,0.1872872795286813
3.962,0.0001489868891546564,0.19270833333333215,0.14885159010600546,5.079373125806495e-05,0.3223347215512372,-0.09573430518358768
3.963,0.0001489868891546564,0.19270833333333215,-0.8511484098939945,-5.394305294354346e-09,-0.12274003104718895,-0.24228114418094862
3.964,0.0001489868891546564,-0.8072916666666679,0.14885159010600546,-4.926054339913109e-05,-0.39640608847320064,-0.05200744990911684
3.965,0.0001489868891546564,0.19270833333333215,0.14885159010600546,0.00025323779257148946,-0.12227451686569844,0.20698061690827357
3.966,0.0001489868891546564,0.19270833333333215,0.14885159010600546,0.00037209037402996905,0.3191673748254396,0.17590487647161043
3.967,0.0001489868891546564,0.19270833333333215,0.14885159010600546,-0.0001852477554340152,0.3185726473790151,-0.09742607706753849
3.968,0.0001489868891546564,0.19270833333333215,0.14885159010600546,-0.0007308845235897584,-0.12133592219999408,-0.23144305348476166
3.969,0.0001489868891546564,-0.8072916666666679,0.14885159010600546,-0.0002637799762637119,-0.3921743925158054,-0.04366230910193255
3.97,0.0001489868891546564,0.19270833333333215,0.14885159010600546,0.000782463258936347,-0.12106667512427109,0.2008434126289033
3.971,0.0001489868891546564,0.19270833333333215,0.14885159010600546,0.0008664874466738461,0.3161643226457791,0.1636438275306809
3.972,0.0001489868891546564,0.19270833333333215,0.14885159010600546,-0.00035997301210685835,0.31583214666319304,-0.0985231028383649
3.973,0.0001489868891546564,0.19270833333333215,-0.8511484098939945,-0.001248359926269908,-0.12037018773179113,-0.2196674729607209
3.974,0.0001489868891546564,-0.8072916666666679,0.14885159010600546,-0.0004082914416356588,-0.38942502721074307,-0.03552999656562104
3.975,0.0001489868891546564,0.19270833333333215,0.14885159010600546,0.0011192755249369675,-0.1203317207533947,0.19390692409667085
3.976,0.0001489868891546564,0.19270833333333215,0.14885159010600546,0.001160873147550518,0.3145105050591023,0.15144598853853283
3.977,0.0001489868891546564,0.19270833333333215,0.14885159010600546,-0.00045598318976644933,0.3144810204489745,-0.0989321025616239
3.978,0.0001489868891546564,0.19270833333333215,-0.8511484098939945,-0.0015055054467252185,-0.11997354780785435,-0.20799947105610703
3.979,0.0001489868891546564,-0.8072916666666679,0.14885159010600546,-0.00047120432018055955,-0.3885175630326573,-0.028219845374296417
3.98,0.0001489868891546564,0.19270833333333215,0.14885159010600546,0.0012409316366279568,-0.1201619344660423,0.18706715444738847
3.981,0.0001489868891546564,0.19270833333333215,0.14885159010600546,0.0012400366254515073,0.31441332356525786,0.14047432745134777
3.982,0.0001489868891546564,0.19270833333333215,-0.8511484098939945,-0.00047030088803023484,0.31468064860032213,-0.09904410791483766
3.983,0.0001489868891546564,0.19270833333333215,0.14885159010600546,-0.0015016491622701922,-0.12019181722928757,-0.19795559276336594
3.984,0.0001489868891546564,-0.8072916666666679,0.14885159010600546,-0.00045500154041666125,-0.38954240874871576,-0.022141223871731633
3.985,0.0001489868891546564,0.19270833333333215,0.14885159010600546,0.0011607286164681365,-0.12056872487479839,0.18175515943257542
3.986,0.0001489868891546564,0.19270833333333215,0.14885159010600546,0.0011237831567364285,0.31585530369409615,0.1319828317016449
3.987,0.0001489868891546564,0.19270833333333215,0.14885159010600546,-0.0004128540096257706,0.31637104521363063,-0.09967655619463862
3.988,0.0001489868891546564,0.19270833333333215,0.14885159010600546,-0.0012761238933500243,-0.12098209277219239,-0.19132981350046255
3.989,0.0001489868891546564,-0.8072916666666679,0.14885159010600546,-0.0003739172237718703,-0.3923158277480559,-0.017466035353338964
3.99,0.0001489868891546564,0.19270833333333215,0.14885159010600546,0.0009209670300042174,-0.12148305341053948,0.17972711360992144
3.991,0.0001489868891546564,0.19270833333333215,0.14885159010600546,0.0008590142543653285,0.3186013503360287,0.1271507922588028
3.992,0.0001489868891546564,0.19270833333333215,0.14885159010600546,-0.00030314247555560716,0.31928312258242925,-0.1019303292957331
3.993,0.0001489868891546564,0.19270833333333215,0.14885159010600546,-0.0008965831124838932,-0.1222202021210181,-0.18992306959684696
3.994,0.0001489868891546564,-0.8072916666666679,0.14885159010600546,-0.0002500806653260864,-0.3964086656199051,-0.014126804416479476
3.995,0.0001489868891546564,0.19270833333333215,0.14885159010600546,0.0005822986819460805,-0.12276543162727568,0.18277116770043825
3.996,0.0001489868891546564,0.19270833333333215,0.14885159010600546,0.000508605822776748,0.3222327632692577,0.12690756755388874
3.997,0.0001489868891546564,0.19270833333333215,0.14885159010600546,-0.00016584440186898257,0.3229762737608399,-0.10698300046372239
3.998,0.0001489868891546564,0.19270833333333215,-0.8511484098939945,-0.0004444208810093586,-0.1237182553715665,-0.19523888290259128
3.999,0.0001489868891546564,-0.8072916666666679,0.14885159010600546,-0.00010893299089166437,-0.401204798542956,-0.011851650444347057
4.0,0.0001489868891546564,0.19270833333333215,0.14885159010600546,0.0002116109504250091,-0.1242242400773491,0.19237736684785292
4.001,0.0001489868891546564,0.19270833333333215,0.14885159010600546,0.00013926256116393202,0.32620344838342236,0.13177671609493344
4.002,0.0001489868891546564,0.19270833333333215,0.14885159010600546,-2.6197614018300844e-05,0.3268964475658642,-0.11585082583870898
4.003,0.0001489868891546564,0.19270833333333215,0.14885159010600546,5.663214536295418e-09,-0.12524991688312473,-0.20819488074510925
4.004,0.0001489868891546564,-0.8072916666666679,0.14885159010600546,2.525730885329309e-05,-0.4059818383619269,-0.010231472601266896
4.005,0.0001489868891546564,0.19270833333333215,0.14885159010600546,-0.0001294237816763233,-0.125640175500061,0.20942473492262223
4.006,0.0001489868891546564,0.19270833333333215,0.14885159010600546,-0.00018957141476971405,0.32991115559120693,0.14176626646778864
4.007,0.0001489868891546564,0.19270833333333215,0.14885159010600546,9.407260358670362e-05,0.33044751029626757,-0.1291584274025077
4.008,0.0001489868891546564,0.19270833333333215,0.14885159010600546,0.0003699484081806324,-0.12658010494408792,-0.22889923586848251
4.009,0.0001489868891546564,-0.8072916666666679,0.14885159010600546,0.00013307029696378472,-0.4100040374228986,-0.008809078987782154
4.01,0.0001489868891546564,0.19270833333333215,0.14885159010600546,-0.0003933725423707264,-0.1267939173571702,0.2339389017806237
4.011,0.0001489868891546564,0.19270833333333215,0.14885159010600546,-0.0004340915117507626,0.3327748312276524,0.15632520374781583
4.012,0.0001489868891546564,0.19270833333333215,0.14885159010600546,0.00017969190776503732,0.33306713500293167,-0.1469555061653226
4.013,0.0001489868891546564,0.19270833333333215,-0.8511484098939945,0.0006208863901069893,-0.12749533275277145,-0.2565322669903028
4.014,0.0001489868891546564,-0.8072916666666679,0.14885159010600546,0.00020231154014503153,-0.4126159224152604,-0.007175786486240735
4.015,0.0001489868891546564,0.19270833333333215,0.14885159010600546,-0.0005524926429759012,-0.1274937018582073,0.26496433305290756
4.016,0.0001489868891546564,0.19270833333333215,0.14885159010600546,-0.0005707950378338984,0.3343084923616143,0.17437609902361256
4.017,0.0001489868891546564,0.19270833333333215,-0.8511484098939945,0.00022331250391934848,0.334297919448028,-0.16861405774651547
4.018,0.0001489868891546564,0.19270833333333215,-0.8511484098939945,0.0007343076832809674,-0.1278308796311734,-0.28935798732336276
4.019,0.0001489868891546564,-0.8072916666666679,0.14885159010600546,0.00022887431443111909,-0.4133251255674952,-0.0050590225082003375
4.02,0.0001489868891546564,0.19270833333333215,0.14885159010600546,-0.0006001933385244461,-0.12759946064010208,0.30057864201940565
4.021,0.0001489868891546564,0.19270833333333215,0.14885159010600546,-0.0005971598216693922,0.3341824976650618,0.19442187811312583
4.022,0.0001489868891546564,0.19270833333333215,0.14885159010600546,0.0002254799502224616,0.33384499014826846,-0.19282816764203575
4.023,0.0001489868891546564,0.19270833333333215,-0.8511484098939945,0.0007166840460022227,-0.1274914237938326,-0.3248706725673749
4.024,0.0001489868891546564,-0.8072916666666679,0.14885159010600546,0.0002161495640856067,-0.41186420040177196,-0.0023851659654765523
4.025,0.0001489868891546564,0.19270833333333215,0.14885159010600546,-0.0005488074701726445,-0.12704054421273897,0.3380551017261116
4.026,0.0001489868891546564,0.19270833333333215,0.14885159010600546,-0.0005287682730774776,0.3322646603376694,0.21471299096168595
4.027,0.0001489868891546564,0.19270833333333215,0.14885159010600546,0.00019330235908701765,0.33161296369089704,-0.21772315468623984
4.028,0.0001489868891546564,0.19270833333333215,-0.8511484098939945,0.0005944659082823975,-0.12646262050180918,-0.360060631808371
4.029,0.0001489868891546564,-0.8072916666666679,0.14885159010600546,0.00017328093254625256,-0.40822377788815384,0.0006946790658000479
4.03,0.0001489868891546564,0.19270833333333215,0.14885159010600546,-0.0004245520505874382,-0.12582478469817804,0.3741565911821426
4.031,0.0001489868891546564,0.19270833333333215,0.14885159010600546,-0.0003938474943922948,0.3286361508340772,0.23345163660973453
4.032,0.0001489868891546564,0.19270833333333215,-0.8511484098939945,0.00013822419179884191,0.3277176449771666,-0.24106387791161274
4.033,0.0001489868891546564,0.19270833333333215,-0.8511484098939945,0.00040648896255997865,-0.12481226726575359,-0.3917645873624623
4.034,0.0001489868891546564,-0.8072916666666679,0.14885159010600546,0.00011271869365991855,-0.40265295668358764,0.003822505314059373
4.035,0.0001489868891546564,0.19270833333333215,0.14885159010600546,-0.0002609183225171986,-0.12403768859276369,0.40552333717018263
4.036,0.0001489868891546564,0.19270833333333215,0.14885159010600546,-0.0002265079643166887,0.3235802844103276,0.2490037885904286
4.037,0.0001489868891546564,0.19270833333333215,0.14885159010600546,7.340658820050455e-05,0.3224709678857029,-0.2605360127870537
4.038,0.0001489868891546564,0.19270833333333215,-0.8511484098939945,0.00019544280022461887,-0.12268101989946631,-0.41705235973626853
4.039,0.0001489868891546564,-0.8072916666666679,0.14885159010600546,4.7586728680381464e-05,-0.39562692072044725,0.006494104477067048
4.04,0.0001489868891546564,0.19270833333333215,0.14885159010600546,-9.183800647785403e-05,-0.12183177477292387,0.4291012181179554
4.041,0.0001489868891546564,0.19270833333333215,0.14885159010600546,-6.001824306259861e-05,0.31754570802526466,0.2600885010226016
4.042,0.0001489868891546564,0.19270833333333215,0.14885159010600546,1.121787623508588e-05,0.3163410602187934,-0.27406155166273344
4.043,0.0001489868891546564,0.19270833333333215,0.14885159010600546,-3.357909303589898e-09,-0.12026394806830905,-0.4335950782754088
4.044,0.0001489868891546564,-0.8072916666666679,0.14885159010600546,-1.0658670513921843e-05,-0.38778594517039383,0.008154383804079044
4.045,0.0001489868891546564,0.19270833333333215,0.14885159010600546,5.416611567582904e-05,-0.11940733873136324,0.44254956658226446
4.046,0.0001489868891546564,0.19270833333333215,0.14885159010600546,7.872926150963807e-05,0.3110887736098728,0.26591753558150577
4.047,0.0001489868891546564,0.19270833333333215,0.14885159010600546,-3.874760699778844e-05,0.30989252423736674,-0.2801027378310293
4.048,0.0001489868891546564,0.19270833333333215,-0.8511484098939945,-0.0001511474601469849,-0.11778538265184078,-0.43996193626410085
4.049,0.0001489868891546564,-0.8072916666666679,0.14885159010600546,-5.3913437262676815e-05,-0.37985366338740123,0.00831245059287846
4.05,0.0001489868891546564,0.19270833333333215,0.14885159010600546,0.0001579685685981041,-0.11698706725281693,0.44456866293788044
4.051,0.0001489868891546564,0.19270833333333215,0.14885159010600546,0.00017276744286500296,0.3048025930284732,0.2662661227595525
4.052,0.0001489868891546564,0.19270833333333215,0.14885159010600546,-7.085215285748275e-05,0.3037146482427847,-0.27790835572819433
4.053,0.0001489868891546564,0.19270833333333215,-0.8511484098939945,-0.00024251019171141265,-0.1154703628016777,-0.43580233544677527
4.054,0.0001489868891546564,-0.8072916666666679,0.14885159010600546,-7.82528955516389e-05,-0.37254523210988755,0.006657185901376518
4.055,0.0001489868891546564,0.19270833333333215,0.14885159010600546,0.00021153607059626127,-0.1147877892287395,0.43509739655673696
4.056,0.0001489868891546564,0.19270833333333215,0.14885159010600546,0.00021628047528081452,0.2992420517320579,0.26146636629718756
4.057,0.0001489868891546564,0.19270833333333215,-0.8511484098939945,-8.370573923721448e-05,0.29834693928853245,-0.26766301665065334
4.058,0.0001489868891546564,0.19270833333333215,-0.8511484098939945,-0.00027221421357385837,-0.11351642612672873,-0.42188663216224903
4.059,0.0001489868891546564,-0.8072916666666679,0.14885159010600546,-8.387959716871597e-05,-0.36647745899432577,0.00315261927344198
4.06,0.0001489868891546564,0.19270833333333215,0.14885159010600546,0.00021736232841911376,-0.11299309680654854,0.4153494445162783
4.061,0.0001489868891546564,0.19270833333333215,0.14885159010600546,0.00021362795364899366,0.2948546552193627,0.2523266673399201
4.062,0.0001489868891546564,0.19270833333333215,-0.8511484098939945,-7.964422979321606e-05,0.29421183514349636,-0.25051297632219893
4.063,0.0001489868891546564,0.19270833333333215,-0.8511484098939945,-0.0002498418199491545,-0.11206943905958705,-0.3999991148173926
4.064,0.0001489868891546564,-0.8072916666666679,0.14885159010600546,-7.433070536590871e-05,-0.36209281289597733,-0.0019055650949261185
4.065,0.0001489868891546564,0.19270833333333215,0.14885159010600546,0.00018607815047830072,-0.11173052481086856,0.38767917675427177
4.066,0.0001489868891546564,0.19270833333333215,0.14885159010600546,0.00017666915170591756,0.29192638182891734,0.2399916688978316
4.067,0.0001489868891546564,0.19270833333333215,-0.8511484098939945,-6.360972796582104e-05,0.2915636081810074,-0.22845930833685402
4.068,0.0001489868891546564,0.19270833333333215,-0.8511484098939945,-0.00019253473312717568,-0.1112066339316388,-0.3726982079350304
4.069,0.0001489868891546564,-0.8072916666666679,0.14885159010600546,-5.5199532898338634e-05,-0.3596074910326511,-0.007885767365126355
4.07,0.0001489868891546564,0.19270833333333215,0.14885159010600546,0.00013294572424230297,-0.11105641919632825,0.3552929604176243
4.071,0.0001489868891546564,0.19270833333333215,0.14885159010600546,0.00012113185479294346,0.2905497726350215,0.22576583560754182
4.072,0.0001489868891546564,0.19270833333333215,0.14885159010600546,-4.172846854568459e-05,0.29046038347471564,-0.204128435392482
4.073,0.0001489868891546564,0.19270833333333215,-0.8511484098939945,-0.00012031914771336258,-0.11092906495663761,-0.34297798130318835
4.074,0.0001489868891546564,-0.8072916666666679,0.14885159010600546,-3.268084295027366e-05,-0.35899055375403405,-0.013873977234157274
4.075,0.0001489868891546564,0.19270833333333215,0.14885159010600546,7.405605140250891e-05,-0.11095061399525742,0.3218439617476109
4.076,0.0001489868891546564,0.19270833333333215,0.14885159010600546,6.28465066929366e-05,0.290618531005955,0.21092855858798665
4.077,0.0001489868891546564,0.19270833333333215,0.14885159010600546,-1.9897905495769053e-05,0.2907631038509818,-0.1804482461462858
4.078,0.0001489868891546564,0.19270833333333215,-0.8511484098939945,-5.165081529891998e-05,-0.11116443511736386,-0.31387898497158967
4.079,0.0001489868891546564,0.19270833333333215,0.14885159010600546,-1.2240739144890874e-05,-0.3599769476668912,-0.018781321337414263
4.08,0.0001489868891546564,0.19270833333333215,0.14885159010600546,2.299402428104061e-05,-0.11132169714967297,0.290965578652774
4.081,0.0001489868891546564,0.19270833333333215,0.14885159010600546,1.4581590836191746e-05,0.29184930699495054,0.19656892588514313
4.082,0.0001489868891546564,0.19270833333333215,0.14885159010600546,-2.651201788811838e-06,0.29216158479514565,-0.16027254455614243
4.083,0.0001489868891546564,0.19270833333333215,-0.8511484098939945,-5.719685586059584e-10,-0.11177984246764959,-0.28810318103637084
4.084,0.0001489868891546564,-0.8072916666666679,0.14885159010600546,2.3516802523362782e-06,-0.36211257354393783,-0.021492751945184633
4.085,0.0001489868891546564,0.19270833333333215,0.14885159010600546,-1.1454672855887073e-05,-0.11202216000299062,0.26580772910907147
4.086,0.0001489868891546564,0.19270833333333215,0.14885159010600546,-1.5995700889611654e-05,0.2938275864144384,0.18346408700599978
4.087,0.0001489868891546564,0.19270833333333215,0.14885159010600546,7.521005858075021e-06,0.2942240147622898,-0.14600514570100726
4.088,0.0001489868891546564,0.19270833333333215,0.14885159010600546,2.800624007809779e-05,-0.11260263509108778,-0.2676863650005722
4.089,0.0001489868891546564,-0.8072916666666679,0.14885159010600546,9.4941931480024e-06,-0.3648250600961846,-0.021036376420273336
4.09,0.0001489868891546564,0.19270833333333215,0.14885159010600546,-2.625593398568746e-05,-0.11287130482603172,0.24864000580029258
4.091,0.0001489868891546564,0.19270833333333215,0.14885159010600546,-2.6994498625950882e-05,0.29607121425145705,0.17201724895403092
4.092,0.0001489868891546564,0.19270833333333215,0.14885159010600546,1.0323341359165943e-05,0.29646291021924437,-0.1392761626627362
4.093,0.0001489868891546564,0.19270833333333215,0.14885159010600546,3.275015236852218e-05,-0.11344643674880524,-0.25377227196605207
4.094,0.0001489868891546564,-0.8072916666666679,0.14885159010600546,9.700448277155053e-06,-0.3675102237235696,-0.01674821814803719
4.095,0.0001489868891546564,0.19270833333333215,0.14885159010600546,-2.373901389113078e-05,-0.11368264097670969,0.24057621600997994
4.096,0.0001489868891546564,0.19270833333333215,0.14885159010600546,-2.1668389075507858e-05,0.29810254830369304,0.16226113545255064
4.097,0.0001489868891546564,0.19270833333333215,0.14885159010600546,7.326021843699736e-06,0.29840812581317294,-0.14071662170583704
4.098,0.0001489868891546564,0.19270833333333215,-0.8511484098939945,2.0282805329282275e-05,-0.11413867213851342,-0.2465170367627031
4.099,0.0001489868891546564,-0.8072916666666679,0.14885159010600546,5.1106939183326334e-06,-0.3696218800861129,-0.008406275964996391
4.1,0.0001489868891546564,0.19270833333333215,0.14885159010600546,-1.0131423572435822e-05,-0.11429181150577476,0.2414574742410763
4.101,0.0001489868891546564,0.19270833333333215,0.14885159010600546,-6.7843871890717435e-06,0.2995189474818501,0.1539219322413427
4.102,0.0001489868891546564,0.19270833333333215,0.14885159010600546,1.285780986551002e-06,0.29967642553046925,-0.14986433853648098
4.103,0.0001489868891546564,0.19270833333333215,0.14885159010600546,-2.744616000095124e-08,-0.11454569374679228,-0.2451332496502935
4.104,0.0001489868891546564,-0.8072916666666679,0.14885159010600546,-1.2764262519133114e-06,-0.37075209808626847,0.0036890748639519643
4.105,0.0001489868891546564,0.19270833333333215,0.14885159010600546,6.537709386599312e-06,-0.1145809742338661,0.2499083874231612
4.106,0.0001489868891546564,0.19270833333333215,0.14885159010600546,9.53811208475343e-06,0.3000514685390835,0.14652910202711414
4.107,0.0001489868891546564,0.19270833333333215,0.14885159010600546,-4.696045302960703e-06,0.3000275359431719,-0.16521585403706576
4.108,0.0001489868891546564,0.19270833333333215,0.14885159010600546,-1.8247579363423054e-05,-0.11459193522149648,-0.24806249790465218
4.109,0.0001489868891546564,-0.8072916666666679,0.14885159010600546,-6.454923726989393e-06,-0.3706902786725844,0.018704355511685672
4.11,0.0001489868891546564,0.19270833333333215,0.14885159010600546,1.864684810558108e-05,-0.11449604733307953,0.26355632431241854
4.111,0.0001489868891546564,0.19270833333333215,0.14885159010600546,1.9998328186432404e-05,0.2996032856917413,0.13954952579933697
4.112,0.0001489868891546564,0.19270833333333215,-0.8511484098939945,-7.980891889635693e-06,0.2993985034448709,-0.18441878273963505
4.113,0.0001489868891546564,0.19270833333333215,-0.8511484098939945,-2.6400260037163516e-05,-0.11427035495507082,-0.25324707070225627
4.114,0.0001489868891546564,-0.8072916666666679,0.14885159010600546,-8.155364282449748e-06,-0.36945245349575123,0.03533818621790248
4.115,0.0001489868891546564,0.19270833333333215,0.14885159010600546,2.082212484327869e-05,-0.11405426029790766,0.27938090716403213
4.116,0.0001489868891546564,0.19270833333333215,0.14885159010600546,1.983276451372819e-05,0.2982622520327785,0.13252127853648496
4.117,0.0001489868891546564,0.19270833333333215,-0.8511484098939945,-6.997997393501615e-06,0.2979113146190095,-0.20457915114978273
4.118,0.0001489868891546564,0.19270833333333215,-0.8511484098939945,-2.0241806272245747e-05,-0.11364267792648451,-0.2584581065557324
4.119,0.0001489868891546564,-0.8072916666666679,0.14885159010600546,-5.334906013616588e-06,-0.36727652237577696,0.05195752209848437
4.12,0.0001489868891546564,0.19270833333333215,0.14885159010600546,1.1055992856887795e-05,-0.11334088202330211,0.2941430328464227
4.121,0.0001489868891546564,0.19270833333333215,0.14885159010600546,7.76330888941119e-06,0.29628578654084303,0.12516340052843253
4.122,0.0001489868891546564,0.19270833333333215,0.14885159010600546,-1.5393302853056053e-06,0.29585266822406925,-0.22264208763813712
4.123,0.0001489868891546564,0.19270833333333215,-0.8511484098939945,4.42682220334011e-09,-0.11282942059132632,-0.2616307665964215
4.124,0.0001489868891546564,-0.8072916666666679,0.14885159010600546,1.6650247448932288e-06,-0.3645841638456347,0.06678916578814258
4.125,0.0001489868891546564,0.19270833333333215,0.14885159010600546,-9.061075441825482e-06,-0.11249561765928656,0.30483246389071056
4.126,0.0001489868891546564,0.19270833333333215,0.14885159010600546,-1.3950256197985265e-05,0.2940603511683539,0.11744300549581252
4.127,0.0001489868891546564,0.19270833333333215,0.14885159010600546,7.287756123509914e-06,0.2936289310781729,-0.23579393858612943
4.128,0.0001489868891546564,0.19270833333333215,0.14885159010600546,3.0013136494110355e-05,-0.11199117998044263,-0.26115784848905804
4.129,0.0001489868891546564,-0.8072916666666679,0.14885159010600546,1.1294736784327099e-05,-0.36191511757851696,0.07814191776503863
4.13,0.0001489868891546564,0.19270833333333215,0.14885159010600546,-3.4959827609703197e-05,-0.11169072942785986,0.3090717091697285
4.131,0.0001489868891546564,0.19270833333333215,0.14885159010600546,-4.0279022165685816e-05,0.29204157159741734,0.1095890578839094
4.132,0.0001489868891546564,0.19270833333333215,0.14885159010600546,1.7407637766537672e-05,0.29170304299834626,-0.2418310139524168
4.133,0.0001489868891546564,0.19270833333333215,-0.8511484098939945,6.263959929871864e-05,-0.11130396251017219,-0.2561012741234405
4.134,0.0001489868891546564,-0.8072916666666679,0.14885159010600546,2.1237315372545702e-05,-0.3598436980833808,0.08462923568050502
4.135,0.0001489868891546564,0.19270833333333215,0.14885159010600546,-6.0351578334967764e-05,-0.11110420141535234,0.3054215684158319
4.136,0.0001489868891546564,0.19270833333333215,0.14885159010600546,-6.477551900046015e-05,0.29068397465177614,0.1020517602389825
4.137,0.0001489868891546564,0.19270833333333215,-0.8511484098939945,2.632186434604455e-05,0.2905228811937471,-0.23944509491671429
4.138,0.0001489868891546564,0.19270833333333215,-0.8511484098939945,8.976263982997631e-05,-0.11093222320004274,-0.24629466232485542
4.139,0.0001489868891546564,0.19270833333333215,0.14885159010600546,2.8996620994986802e-05,-0.35889010858570497,0.0853610989981404
4.14,0.0001489868891546564,0.19270833333333215,0.14885159010600546,-7.88012087398821e-05,-0.11089203418870956,0.29354903872791016
4.141,0.0001489868891546564,0.19270833333333215,0.14885159010600546,-8.116546955198048e-05,0.2903709069742175,0.09541608228648664
4.142,0.0001489868891546564,0.19270833333333215,-0.8511484098939945,3.171864538536787e-05,0.29045191611905724,-0.2283877984728841
4.143,0.0001489868891546564,0.19270833333333215,0.14885159010600546,0.00010424393933855828,-0.11100364051852739,-0.2323274681835808
4.144,0.0001489868891546564,-0.8072916666666679,0.14885159010600546,3.249330000732123e-05,-0.35943994597019735,0.08007718980909241
4.145,0.0001489868891546564,0.19270833333333215,0.14885159010600546,-8.524879982328407e-05,-0.11116389652462708,0.27423885409405296
4.146,0.0001489868891546564,0.19270833333333215,0.14885159010600546,-8.481763377375742e-05,0.29135520046113517,0.09028593212146398
4.147,0.0001489868891546564,0.19270833333333215,0.14885159010600546,3.20096106073688e-05,0.2917126658916717,-0.20949309090175558
4.148,0.0001489868891546564,0.19270833333333215,0.14885159010600546,0.00010157100978984258,-0.11158940363914745,-0.2154191967624372
4.149,0.0001489868891546564,-0.8072916666666679,0.14885159010600546,3.053926659738887e-05,-0.3616840702934187,0.06920108349355451
4.15,0.0001489868891546564,0.19270833333333215,0.14885159010600546,-7.715444443246624e-05,-0.11196584972273936,0.24925260318535933
4.151,0.0001489868891546564,0.19270833333333215,0.14885159010600546,-7.378251854673896e-05,0.2937195387007918,0.0871605062271597
4.152,0.0001489868891546564,0.19270833333333215,0.14885159010600546,2.6682864972700117e-05,0.2943515155688609,-0.1845571265549547
4.153,0.0001489868891546564,0.19270833333333215,0.14885159010600546,8.085042115455012e-05,-0.11269296644899748,-0.19720821119802065
4.154,0.0001489868891546564,-0.8072916666666679,0.14885159010600546,2.3096332096346713e-05,-0.3655879195026004,0.05380583507308091
4.155,0.0001489868891546564,0.19270833333333215,0.14885159010600546,-5.5043922272094945e-05,-0.11327276902020719,0.22106076322959547
4.156,0.0001489868891546564,0.19270833333333215,0.14885159010600546,-4.920372619669186e-05,0.29736248472908744,0.08632565203228129
4.157,0.0001489868891546564,0.19270833333333215,-0.8511484098939945,1.640786328136648e-05,0.2982301955522871,-0.1560942545537306
4.158,0.0001489868891546564,0.19270833333333215,-0.8511484098939945,4.497769225727782e-05,-0.11424894443007493,-0.17949128102169354
4.159,0.0001489868891546564,-0.8072916666666679,0.14885159010600546,1.1276462950580156e-05,-0.3708948419651179,0.03549361098037511
4.16,0.0001489868891546564,0.19270833333333215,0.14885159010600546,-2.237364158618059e-05,-0.114991583457363,0.19248999787366142
4.161,0.0001489868891546564,0.19270833333333215,0.14885159010600546,-1.505023517819546e-05,0.3020122033384066,0.08778045603930458
4.162,0.0001489868891546564,0.19270833333333215,0.14885159010600546,2.883793668370041e-06,0.30304510849545174,-0.12700466008351988
4.163,0.0001489868891546564,0.19270833333333215,0.14885159010600546,-6.479547760709036e-09,-0.11613228774209537,-0.16395563802868915
4.164,0.0001489868891546564,-0.8072916666666679,0.14885159010600546,-2.9022384732319473e-06,-0.37716278574832,0.01620406835347548
4.165,0.0001489868891546564,0.19270833333333215,0.14885159010600546,1.5219841866022125e-05,-0.1169747743878726,0.16633833888959285
4.166,0.0001489868891546564,0.19270833333333215,0.14885159010600546,2.2737717142865192e-05,0.3072656536594322,0.09121320284676553
4.167,0.0001489868891546564,0.19270833333333215,0.14885159010600546,-1.15231155503609e-05,0.3083713924954117,-0.10020036788712194
4.168,0.0001489868891546564,0.19270833333333215,0.14885159010600546,-4.619610480110274e-05,-0.11817629224901446,-0.15194429105261642
4.169,0.0001489868891546564,-0.8072916666666679,0.14885159010600546,-1.6940121425987558e-05,-0.38382853711130377,-0.0020237332541259002
4.17,0.0001489868891546564,0.19270833333333215,0.14885159010600546,5.109746964587008e-05,-0.11904197831912423,0.14501313179693476
4.171,0.0001489868891546564,0.19270833333333215,0.14885159010600546,5.7481394192115595e-05,0.31264710243998783,0.0960323701029925
4.172,0.0001489868891546564,0.19270833333333215,0.14885159010600546,-2.4267329662415035e-05,0.3137247842939963,-0.07824075118816555
4.173,0.0001489868891546564,0.19270833333333215,0.14885159010600546,-8.543861756387724e-05,-0.12019665382022032,-0.14428811829718483
4.174,0.0001489868891546564,-0.8072916666666679,0.14885159010600546,-2.836430793501117e-05,-0.3902894494651637,-0.017304457297177167
4.175,0.0001489868891546564,0.19270833333333215,0.14885159010600546,7.895826750447183e-05,-0.12100628458145689,0.13024084405771727
4.176,0.0001489868891546564,0.19270833333333215,0.14885159010600546,8.310245961549622e-05,0.31767683309260597,0.10144885446729945
4.177,0.0001489868891546564,0.19270833333333215,0.14885159010600546,-3.313045446091471e-05,0.31863160434624627,-0.06302581763903274
4.178,0.0001489868891546564,0.19270833333333215,-0.8511484098939945,-0.00011094412849657197,-0.12201784355123287,-0.14122618242354404
4.179,0.0001489868891546564,-0.8072916666666679,0.14885159010600546,-3.521274684554163e-05,-0.39598992188198295,-0.028140972498486037
4.18,0.0001489868891546564,0.19270833333333215,0.14885159010600546,9.406155945818222e-05,-0.12270110223688538,0.12288519021534725
4.181,0.0001489868891546564,0.19270833333333215,0.14885159010600546,9.529049419735337e-05,0.3219393733821137,0.10659673957153931
4.182,0.0001489868891546564,0.19270833333333215,0.14885159010600546,-3.664272354494167e-05,0.32269596297138753,-0.05558602120305256
4.183,0.0001489868891546564,0.19270833333333215,-0.8511484098939945,-0.00011855996990692204,-0.12349773112247214,-0.14242088390457164
4.184,0.0001489868891546564,-0.8072916666666679,0.14885159010600546,-3.639746339089308e-05,-0.4004992026554657,-0.03360896817656277
4.185,0.0001489868891546564,0.19270833333333215,0.14885159010600546,9.409049345559328e-05,-0.12400340784890525,0.12289268765678152
4.186,0.0001489868891546564,0.19270833333333215,0.14885159010600546,9.227306023491295e-05,0.32514068649442224,0.11067308967779349
4.187,0.0001489868891546564,0.19270833333333215,0.14885159010600546,-3.433928620524139e-05,0.32565378076980595,-0.0559927624554018
4.188,0.0001489868891546564,0.19270833333333215,0.14885159010600546,-0.00010747249148686576,-0.12454666908020465,-0.14705942345290696
4.189,0.0001489868891546564,-0.8072916666666679,0.14885159010600546,-3.18806525523486e-05,-0.40356852217940004,-0.03346726607581867
4.19,0.0001489868891546564,0.19270833333333215,0.14885159010600546,7.950331087376465e-05,-0.12484978592622317,0.1293655065655821
4.191,0.0001489868891546564,0.19270833333333215,0.14885159010600546,7.505585017555564e-05,0.3271455520550719,0.11307361130527528
4.192,0.0001489868891546564,0.19270833333333215,0.14885159010600546,-2.68090994992094e-05,0.32740535103359547,-0.06339635996897272
4.193,0.0001489868891546564,0.19270833333333215,0.14885159010600546,-8.022741638553902e-05,-0.12513813064096965,-0.15401998434947328
4.194,0.0001489868891546564,-0.8072916666666679,0.14885159010600546,-2.2638802349838657e-05,-0.40515887741692147,-0.028179513488255318
4.195,0.0001489868891546564,0.19270833333333215,0.14885159010600546,5.333068347330793e-05,-0.12524284025022173,0.14074327429250374
4.196,0.0001489868891546564,0.19270833333333215,0.14885159010600546,4.711449841806653e-05,0.327989526223764,0.11350117743398848
4.197,0.0001489868891546564,0.19270833333333215,0.14885159010600546,-1.553823455797669e-05,0.3280216081077876,-0.07618069246961703
4.198,0.0001489868891546564,0.19270833333333215,0.14885159010600546,-4.2102699711116356e-05,-0.1253093309797896,-0.16207204877461295
4.199,0.0001489868891546564,-0.8072916666666679,0.14885159010600546,-1.043380940785593e-05,-0.4054354713152755,-0.018844937864909633
4.2,0.0001489868891546564,0.19270833333333215,0.14885159010600546,2.049031146988107e-05,-0.1252470991646338,0.15506100150814484
4.201,0.0001489868891546564,0.19270833333333215,0.14885159010600546,1.3629851414125793e-05,0.32786391212222576,0.11202814781981776
4.202,0.0001489868891546564,0.19270833333333215,0.14885159010600546,-2.5901505722767088e-06,0.3277234554391091,-0.09220843665662685
4.203,0.0001489868891546564,0.19270833333333215,-0.8511484098939945,5.730310194845237e-09,-0.1251518462460348,-0.17007658506485548
4.204,0.0001489868891546564,-0.8072916666666679,0.14885159010600546,2.552853292868149e-06,-0.4047301090031291,-0.007048011514584244
4.205,0.0001489868891546564,0.19270833333333215,0.14885159010600546,-1.3218829608865711e-05,-0.12497521299554931,0.1702414876448316
4.206,0.0001489868891546564,0.19270833333333215,0.14885159010600546,-1.9556904887815056e-05,0.32707645028668003,0.10910052762126146
4.207,0.0001489868891546564,0.19270833333333215,0.14885159010600546,9.804954283054681e-06,0.32683778114181267,-0.10911992039053231
4.208,0.0001489868891546564,0.19270833333333215,0.14885159010600546,3.893889234937593e-05,-0.12479382461853107,-0.17715384303686382
4.209,0.0001489868891546564,-0.8072916666666679,0.14885159010600546,1.4143394175266417e-05,-0.4034779232868054,0.0053524733525214235
4.21,0.0001489868891546564,0.19270833333333215,0.14885159010600546,-4.2227422772153014e-05,-0.12456677869429005,0.18437844296565195
4.211,0.0001489868891546564,0.19270833333333215,0.14885159010600546,-4.70490130600288e-05,0.32599427177004225,0.10548116063346882
4.212,0.0001489868891546564,0.19270833333333215,0.14885159010600546,1.966637243416274e-05,0.3257374652655944,-0.12464340005716046
4.213,0.0001489868891546564,0.19270833333333215,-0.8511484098939945,6.859257853571423e-05,-0.12437670824159301,-0.18279360503506065
4.214,0.0001489868891546564,-0.8072916666666679,0.14885159010600546,2.255878380314083e-05,-0.40213883686394036,0.016466719463491
4.215,0.0001489868891546564,0.19270833333333215,0.14885159010600546,-6.219027642604381e-05,-0.1241632806650817,0.19597106351858815
4.216,0.0001489868891546564,0.19270833333333215,0.14885159010600546,-6.484141477779948e-05,0.3249784339756486,0.1021389027104544
4.217,0.0001489868891546564,0.19270833333333215,-0.8511484098939945,2.5603960435593566e-05,0.3247751772801536,-0.13687548108345454
4.218,0.0001489868891546564,0.19270833333333215,-0.8511484098939945,8.494628243032903e-05,-0.12403024305803602,-0.18689359231875077
4.219,0.0001489868891546564,-0.8072916666666679,0.14885159010600546,2.6711372559168952e-05,-0.4011165280057165,0.02461766558473783
4.22,0.0001489868891546564,0.19270833333333215,0.14885159010600546,-7.068060183522806e-05,-0.12388322580472082,0.20408082870695526
4.221,0.0001489868891546564,0.19270833333333215,0.14885159010600546,-7.09388935619053e-05,0.3243206420035329,0.10009952030311789
4.222,0.0001489868891546564,0.19270833333333215,-0.8511484098939945,2.7023613501767002e-05,0.3242216825991725,-0.14449694436707167
4.223,0.0001489868891546564,0.19270833333333215,0.14885159010600546,8.662548606266763e-05,-0.12384980933545472,-0.1897243979266185
4.224,0.0001489868891546564,-0.8072916666666679,0.14885159010600546,2.634601166613959e-05,-0.4006879820241056,0.028553769268675637
4.225,0.0001489868891546564,0.19270833333333215,0.14885159010600546,-6.747206751932013e-05,-0.12380148553019985,0.20839498178437804
4.226,0.0001489868891546564,0.19270833333333215,0.14885159010600546,-6.555002967820455e-05,0.32419234859201873,0.10028051199643148
4.227,0.0001489868891546564,0.19270833333333215,0.14885159010600546,2.4167543944693447e-05,0.3242185863611605,-0.1469001414446611
4.228,0.0001489868891546564,0.19270833333333215,0.14885159010600546,7.492363009653227e-05,-0.12387971993797912,-0.1918316636525414
4.229,0.0001489868891546564,-0.8072916666666679,0.14885159010600546,2.2013828572888897e-05,-0.4009549447357716,0.027604163218439573
4.23,0.0001489868891546564,0.19270833333333215,0.14885159010600546,-5.4385405437353214e-05,-0.12393615450347777,0.20919616754346423
4.231,0.0001489868891546564,0.19270833333333215,0.14885159010600546,-5.085187244204041e-05,0.32461439885533605,0.10333512751753866
4.232,0.0001489868891546564,0.19270833333333215,0.14885159010600546,1.7994278167223424e-05,0.3247530801055346,-0.14421754846267215
4.233,0.0001489868891546564,0.19270833333333215,0.14885159010600546,5.3321317340629774e-05,-0.12410517015513406,-0.19389622886689462
4.234,0.0001489868891546564,-0.8072916666666679,0.14885159010600546,1.4896753820374368e-05,-0.4018250430665955,0.02175760718861188
4.235,0.0001489868891546564,0.19270833333333215,0.14885159010600546,-3.476336665130467e-05,-0.12424501367477823,0.20725164181240485
4.236,0.0001489868891546564,0.19270833333333215,0.14885159010600546,-3.0404718680162957e-05,0.3254520763644831,0.10953005388736546
4.237,0.0001489868891546564,0.19270833333333215,0.14885159010600546,9.934325653872099e-06,0.32565871257806267,-0.1372549509803825
4.238,0.0001489868891546564,0.19270833333333215,-0.8511484098939945,2.6636004272831614e-05,-0.1244541386480002,-0.19657909736718002
4.239,0.0001489868891546564,-0.8072916666666679,0.14885159010600546,6.528781659997366e-06,-0.4030255826379208,0.011656927995511069
4.24,0.0001489868891546564,0.19270833333333215,0.14885159010600546,-1.2705833599312439e-05,-0.12463214480132613,0.2036462570500908
4.241,0.0001489868891546564,0.19270833333333215,0.14885159010600546,-8.358927094344899e-06,0.326436352199405,0.1186766475841573
4.242,0.0001489868891546564,0.19270833333333215,0.14885159010600546,1.5790945512448e-06,0.32664205541259533,-0.12734507864404007
4.243,0.0001489868891546564,0.19270833333333215,0.14885159010600546,-2.3701229457946925e-09,-0.12480895689272867,-0.20037943435458788
4.244,0.0001489868891546564,-0.8072916666666679,0.14885159010600546,-1.5233607333769818e-06,-0.4041478406083674,-0.001488344978708195
4.245,0.0001489868891546564,0.19270833333333215,0.14885159010600546,7.766321865293585e-06,-0.12496363365460168,0.1995896219274996
4.246,0.0001489868891546564,0.19270833333333215,0.14885159010600546,1.1374615955079346e-05,0.3272079900135837,0.13012789256779764
4.247,0.0001489868891546564,0.19270833333333215,0.14885159010600546,-5.630809184874356e-06,0.3273310438202186,-0.11614670528945278
4.248,0.0001489868891546564,0.19270833333333215,0.14885159010600546,-2.2135695461788243e-05,-0.12502573739715103,-0.20553036978174508
4.249,0.0001489868891546564,-0.8072916666666679,0.14885159010600546,-7.954488753259531e-06,-0.4047148728998217,-0.01605815433568918
4.25,0.0001489868891546564,0.19270833333333215,0.14885159010600546,2.344958599211403e-05,-0.12508987584377554,0.1962288093604553
4.251,0.0001489868891546564,0.19270833333333215,0.14885159010600546,2.5825489720383424e-05,0.32737757673549284,0.14284360973993618
4.252,0.0001489868891546564,0.19270833333333215,0.14885159010600546,-1.0657023600394728e-05,0.3273373888290129,-0.10541924763720127
4.253,0.0001489868891546564,0.19270833333333215,-0.8511484098939945,-3.6733238975157035e-05,-0.12495862054502124,-0.21194988998641257
4.254,0.0001489868891546564,-0.8072916666666679,0.14885159010600546,-1.1934878541415899e-05,-0.4042622026539324,-0.030225651459385005
4.255,0.0001489868891546564,0.19270833333333215,0.14885159010600546,3.24626122931231e-05,-0.12487098441278145,0.1944939989139178
4.256,0.0001489868891546564,0.19270833333333215,0.14885159010600546,3.341043067283303e-05,0.3265920895999825,0.1555162833716909
4.257,0.0001489868891546564,0.19270833333333215,0.14885159010600546,-1.3010756280476545e-05,0.3263233050436951,-0.0968033994621144
4.258,0.0001489868891546564,0.19270833333333215,-0.8511484098939945,-4.259091275788059e-05,-0.12448505735139503,-0.2192539342737074
4.259,0.0001489868891546564,-0.8072916666666679,0.14885159010600546,-1.3209133168243548e-05,-0.40241881067141366,-0.04218200229106493
4.26,0.0001489868891546564,0.19270833333333215,0.14885159010600546,3.4439645958969006e-05,-0.12420134454690417,0.1949965140152644
4.261,0.0001489868891546564,0.19270833333333215,0.14885159010600546,3.40612449021849e-05,0.3245976466234606,0.1667407285638614
4.262,0.0001489868891546564,0.19270833333333215,0.14885159010600546,-1.2776622508110163e-05,0.32406219467474096,-0.09163467712600694
4.263,0.0001489868891546564,0.19270833333333215,0.14885159010600546,-4.032873461830975e-05,-0.12352820114160797,-0.22682775975003605
4.264,0.0001489868891546564,-0.8072916666666679,0.14885159010600546,-1.2071265464079431e-05,-0.3989758859880334,-0.05035406387185587
4.265,0.0001489868891546564,0.19270833333333215,0.14885159010600546,3.0403724719019656e-05,-0.12302952779761935,0.197988438672512
4.266,0.0001489868891546564,0.19270833333333215,0.14885159010600546,2.9038907529936853e-05,0.3212887452714107,0.17520406981467718
4.267,0.0001489868891546564,0.19270833333333215,0.14885159010600546,-1.0520085814400051e-05,0.3204839401596837,-0.09080984562424933
4.268,0.0001489868891546564,0.19270833333333215,-0.8511484098939945,-3.2025670344385346e-05,-0.12207294835924326,-0.2339415685478759
4.269,0.0001489868891546564,-0.8072916666666679,0.14885159010600546,-9.232943526434111e-06,-0.39393277186119124,-0.05358861756874972
4.27,0.0001489868891546564,0.19270833333333215,0.14885159010600546,2.23761593231947e-05,-0.12137052623586721,0.20338222129493028
4.271,0.0001489868891546564,0.19270833333333215,0.14885159010600546,2.050176444594555e-05,0.3167364384440004,0.17986914372397447
4.272,0.0001489868891546564,0.19270833333333215,0.14885159010600546,-7.108521806482145e-06,0.3156978917351899,-0.09471733807924543
4.273,0.0001489868891546564,0.19270833333333215,0.14885159010600546,-2.060110810130253e-05,-0.12017316294608132,-0.23988895787929126
4.274,0.0001489868891546564,-0.8072916666666679,0.14885159010600546,-5.62205081503455e-06,-0.3875131087591181,-0.05128190744015089
4.275,0.0001489868891546564,0.19270833333333215,0.14885159010600546,1.2827484193869145e-05,-0.11930846507194032,0.21081918487564053
4.276,0.0001489868891546564,0.19270833333333215,0.14885159010600546,1.0939902686539639e-05,0.31119116087721893,0.1801249813577795
4.277,0.0001489868891546564,0.19270833333333215,-0.8511484098939945,-3.490927873968264e-06,0.30999008013316,-0.10323341661111884
4.278,0.0001489868891546564,0.19270833333333215,-0.8511484098939945,-9.09446185531441e-06,-0.11794897375756595,-0.2441231212175253
4.279,0.0001489868891546564,-0.8072916666666679,0.14885159010600546,-2.1597387863578334e-06,-0.3801487384054077,-0.04344068661289079
4.28,0.0001489868891546564,0.19270833333333215,0.14885159010600546,4.0984137072388526e-06,-0.1169894025385411,0.21976910388880402
4.281,0.0001489868891546564,0.19270833333333215,0.14885159010600546,2.605495588269417e-06,0.30505976790107975,0.1758823937340522
4.282,0.0001489868891546564,0.19270833333333215,0.14885159010600546,-4.858978220320593e-07,0.3037950775920838,-0.1157773018516028
4.283,0.0001489868891546564,0.19270833333333215,-0.8511484098939945,-2.254533572380654e-09,-0.11557453100765322,-0.24636640337422547
4.284,0.0001489868891546564,-0.8072916666666679,0.14885159010600546,4.355808142005546e-07,-0.3724337581355633,-0.030669783603742486
4.285,0.0001489868891546564,0.19270833333333215,0.14885159010600546,-2.085567512213203e-06,-0.1146052969094165,0.22963985663881756
4.286,0.0001489868891546564,0.19270833333333215,0.14885159010600546,-2.941431971945084e-06,0.29886017071678067,0.1676002432023923
4.287,0.0001489868891546564,0.19270833333333215,0.14885159010600546,1.3785057346735914e-06,0.29764665866853135,-0.13141189397826242
4.288,0.0001489868891546564,0.19270833333333215,0.14885159010600546,5.193594360514876e-06,-0.11325801030025394,-0.24667357558750685
4.289,0.0001489868891546564,-0.8072916666666679,0.14885159010600546,1.778611882833115e-06,-0.3650554511864413,-0.014090222966505063
4.29,0.0001489868891546564,0.19270833333333215,0.14885159010600546,-4.91243604385127e-06,-0.11237148597120841,0.2398768276674195
4.291,0.0001489868891546564,0.19270833333333215,0.14885159010600546,-5.086651825456183e-06,0.29316016036290427,0.1562376392568276
4.292,0.0001489868891546564,0.19270833333333215,0.14885159010600546,1.943913521397148e-06,0.29211440887743606,-0.14897268313587775
4.293,0.0001489868891546564,0.19270833333333215,-0.8511484098939945,6.223942817327262e-06,-0.11121674814950538,-0.24543716714602562
4.294,0.0001489868891546564,-0.8072916666666679,0.14885159010600546,1.8602662102117733e-06,-0.35871201750472875,0.004799927739961637
4.295,0.0001489868891546564,0.19270833333333215,0.14885159010600546,-4.548366953795037e-06,-0.11050089850864372,0.2500357752344831
4.296,0.0001489868891546564,0.19270833333333215,0.14885159010600546,-4.179015352400762e-06,0.2885091361472274,0.1431376589461905
4.297,0.0001489868891546564,0.19270833333333215,-0.8511484098939945,1.4102923841818658e-06,0.2877352629728591,-0.1672062078091755
4.298,0.0001489868891546564,0.19270833333333215,-0.8511484098939945,3.939396096114638e-06,-0.1096510235672961,-0.2433329868718858
4.299,0.0001489868891546564,-0.8072916666666679,0.14885159010600546,1.0020938810718716e-06,-0.3540286457917443,0.024303486187595792
4.3,0.0001489868891546564,0.19270833333333215,0.14885159010600546,-1.9760157378794083e-06,-0.10917858365222792,0.2598193214770911
4.301,0.0001489868891546564,0.19270833333333215,0.14885159010600546,-1.3287626382060536e-06,0.28537221167650123,0.12985777882565505
4.302,0.0001489868891546564,0.19270833333333215,0.14885159010600546,2.4457202996944533e-07,0.2849493942287059,-0.1849007461562032
4.303,0.0001489868891546564,0.19270833333333215,0.14885159010600546,-2.8033565793865075e-08,-0.10872008790464967,-0.2412139522985535
4.304,0.0001489868891546564,0.19270833333333215,0.14885159010600546,-2.6026571039979483e-07,-0.3514833215304745,0.04271850244306536
4.305,0.0001489868891546564,0.19270833333333215,0.14885159010600546,1.3386789228398763e-06,-0.10853996989839163,0.26907477033778077
4.306,0.0001489868891546564,0.19270833333333215,0.14885159010600546,1.950146027274079e-06,0.2840755065583881,0.11796966148095829
4.307,0.0001489868891546564,0.19270833333333215,0.14885159010600546,-9.638637681174376e-07,0.28404891776046254,-0.20099526549638896
4.308,0.0001489868891546564,0.19270833333333215,0.14885159010600546,-3.753428480192121e-06,-0.1085235997052073,-0.23996889417923786
4.309,0.0001489868891546564,-0.8072916666666679,0.14885159010600546,-1.332982489184975e-06,-0.35135196143500247,0.05852561161372904
4.31,0.0001489868891546564,0.19270833333333215,0.14885159010600546,3.863332920961207e-06,-0.10865560434242913,0.27775823323498616
4.311,0.0001489868891546564,0.19270833333333215,0.14885159010600546,4.161674259216433e-06,0.28476951269360623,0.10885522690502365
4.312,0.0001489868891546564,0.19270833333333215,0.14885159010600546,-1.6644260926938872e-06,0.2851457287502915,-0.21465725888865914
4.313,0.0001489868891546564,0.19270833333333215,0.14885159010600546,-5.536893578810636e-06,-0.10909073577480657,-0.24036877434341208
4.314,0.0001489868891546564,-0.8072916666666679,0.14885159010600546,-1.7214037860644915e-06,-0.35367935869139017,0.07054671346352313
4.315,0.0001489868891546564,0.19270833333333215,0.14885159010600546,4.399863957389304e-06,-0.1095240998396625,0.2858758269383407
4.316,0.0001489868891546564,0.19270833333333215,0.14885159010600546,4.213913624714205e-06,0.2874146056550138,0.10352648020988729
4.317,0.0001489868891546564,0.19270833333333215,0.14885159010600546,-1.4858102674728914e-06,0.288161856701959,-0.22532516194273428
4.318,0.0001489868891546564,0.19270833333333215,-0.8511484098939945,-4.332090978187405e-06,-0.11037808083230251,-0.24292488543664992
4.319,0.0001489868891546564,-0.8072916666666679,0.14885159010600546,-1.1532723069970554e-06,-0.3582785546840876,0.07805750235993004
4.32,0.0001489868891546564,0.19270833333333215,0.14885159010600546,2.379641828198989e-06,-0.11107380761383792,0.29341613814971423
4.321,0.0001489868891546564,0.19270833333333215,0.14885159010600546,1.6847829748781735e-06,0.29178952859652824,0.10249332023797636
4.322,0.0001489868891546564,0.19270833333333215,-0.8511484098939945,-3.252270333481132e-07,0.2928424669137372,-0.23271584162955847
4.323,0.0001489868891546564,0.19270833333333215,0.14885159010600546,6.177254129675691e-09,-0.11227613818392454,-0.24778183570127815
4.324,0.0001489868891546564,-0.8072916666666679,0.14885159010600546,3.580692359779428e-07,-0.3647572468552282,0.08084245348198618
4.325,0.0001489868891546564,0.19270833333333215,0.14885159010600546,-2.007672497729723e-06,-0.11317252730538582,0.300288832360941
4.326,0.0001489868891546564,0.19270833333333215,0.14885159010600546,-3.086117722574463e-06,0.2975205199934784,0.1056970078588181
4.327,0.0001489868891546564,0.19270833333333215,0.14885159010600546,1.6310002249994803e-06,0.29878858471539715,-0.2368016271453952
4.328,0.0001489868891546564,0.19270833333333215,-0.8511484098939945,6.701617159039374e-06,-0.11462314749624862,-0.2546628270176928
4.329,0.0001489868891546564,-0.8072916666666679,0.14885159010600546,2.5216217312526736e-06,-0.37256630494772475,0.07918806528739451
4.33,0.0001489868891546564,0.19270833333333215,0.14885159010600546,-7.87217985985769e-06,-0.11564354375129039,0.30628232658688637
4.331,0.0001489868891546564,0.19270833333333215,0.14885159010600546,-9.091513168805401e-06,0.30412615147784466,0.11251806954067191
4.332,0.0001489868891546564,0.19270833333333215,-0.8511484098939945,3.956751892994186e-06,0.30550419652962363,-0.23776417512532072
4.333,0.0001489868891546564,0.19270833333333215,-0.8511484098939945,1.4256978038145411e-05,-0.1172240085326086,-0.2628768160369929
4.334,0.0001489868891546564,-0.8072916666666679,0.14885159010600546,4.842674076150536e-06,-0.38106289012922534,0.07381760253479237
4.335,0.0001489868891546564,0.19270833333333215,0.14885159010600546,-1.3846976596084464e-05,-0.11828557673930121,0.3110493894017905
4.336,0.0001489868891546564,0.19270833333333215,0.14885159010600546,-1.4906735110008895e-05,0.3110712336020071,0.12185740359898857
4.337,0.0001489868891546564,0.19270833333333215,-0.8511484098939945,6.0911430560466295e-06,0.3124509037314697,-0.2359340118818058
4.338,0.0001489868891546564,0.19270833333333215,-0.8511484098939945,2.0820764603566293e-05,-0.11987160346181014,-0.27138788725827884
4.339,0.0001489868891546564,-0.8072916666666679,0.14885159010600546,6.743312629510322e-06,-0.389579358653968,0.06577741961616677
4.34,0.0001489868891546564,0.19270833333333215,0.14885159010600546,-1.8419517981155344e-05,-0.12089392329859676,0.3141242252390609
4.341,0.0001489868891546564,0.19270833333333215,0.14885159010600546,-1.9033689359628763e-05,0.3178225153155598,0.1322796253405444
4.342,0.0001489868891546564,0.19270833333333215,0.14885159010600546,7.473465855089918e-06,0.3191029092662159,-0.23172494089244325
4.343,0.0001489868891546564,0.19270833333333215,0.14885159010600546,2.4631358722650765e-05,-0.12236772882446212,-0.27893800226756144
4.344,0.0001489868891546564,-0.8072916666666679,0.14885159010600546,7.700695911245833e-06,-0.3974891682554788,0.056290403111105024
4.345,0.0001489868891546564,0.19270833333333215,0.14885159010600546,-2.0292815593246204e-05,-0.12328017088217952,0.3149690232366588
4.346,0.0001489868891546564,0.19270833333333215,0.14885159010600546,-2.0258056790487726e-05,0.3238993450642455,0.1421995498851473
4.347,0.0001489868891546564,0.19270833333333215,-0.8511484098939945,7.676774124350072e-06,0.3249957623649091,-0.22557183462416316
4.348,0.0001489868891546564,0.19270833333333215,0.14885159010600546,2.4436526672038766e-05,-0.12454116533749561,-0.2842065873324193
4.349,0.0001489868891546564,-0.8072916666666679,0.14885159010600546,7.371589548422944e-06,-0.40426225923437575,0.04659555704783141
4.35,0.0001489868891546564,0.19270833333333215,0.14885159010600546,-1.869481167154986e-05,-0.1252883098392762,0.31304303681165785
4.351,0.0001489868891546564,0.19270833333333215,0.14885159010600546,-1.7939588880541165e-05,0.3289138088560402,0.15008723885507536
4.352,0.0001489868891546564,0.19270833333333215,0.14885159010600546,6.510362767117304e-06,0.32976377520792965,-0.21787889433635624
4.353,0.0001489868891546564,0.19270833333333215,-0.8511484098939945,1.9795598732516897e-05,-0.12626104342294742,-0.2859852688845888
4.354,0.0001489868891546564,-0.8072916666666679,0.14885159010600546,5.675851014246724e-06,-0.40950454456838775,0.03779389526803175
4.355,0.0001489868891546564,0.19270833333333215,0.14885159010600546,-1.356862030079363e-05,-0.12680577179942076,0.307883740785506
4.356,0.0001489868891546564,0.19270833333333215,0.14885159010600546,-1.2172875757909736e-05,0.33259681995147206,0.1546649137221882
4.357,0.0001489868891546564,0.19270833333333215,0.14885159010600546,4.069237707707207e-06,0.3331630476144071,-0.20898351194279335
4.358,0.0001489868891546564,0.19270833333333215,-0.8511484098939945,1.1200410364575884e-05,-0.12744447808481701,-0.2833441191234758
4.359,0.0001489868891546564,-0.8072916666666679,0.14885159010600546,2.821423918315185e-06,-0.41297879567122914,0.03071950050799901
4.36,0.0001489868891546564,0.19270833333333215,0.14885159010600546,-5.604484831861637e-06,-0.12776873649790116,0.2991879177277428
4.361,0.0001489868891546564,0.19270833333333215,0.14885159010600546,-3.786151087055722e-06,0.3348088476197197,0.15507047859637416
4.362,0.0001489868891546564,0.19270833333333215,0.14885159010600546,7.208743626606037e-07,0.33507923239390297,-0.1991386267801595
4.363,0.0001489868891546564,0.19270833333333215,0.14885159010600546,-7.635873421394015e-09,-0.1280583059958149,-0.2757671824715073
4.364,0.0001489868891546564,-0.8072916666666679,0.14885159010600546,-7.334097342337234e-07,-0.41460690332936917,0.025851036459765123
4.365,0.0001489868891546564,0.19270833333333215,0.14885159010600546,3.890334549517947e-06,-0.12816184933302444,0.28688074363000066
4.366,0.0001489868891546564,0.19270833333333215,0.14885159010600546,5.818424288569759e-06,0.3355360806754939,0.15096712669129925
4.367,0.0001489868891546564,0.19270833333333215,0.14885159010600546,-2.966659925046713e-06,0.33552119964936367,-0.18851412050608357
4.368,0.0001489868891546564,0.19270833333333215,0.14885159010600546,-1.1902592892047197e-05,-0.12811552709085836,-0.26323947125279307
4.369,0.0001489868891546564,-0.8072916666666679,0.14885159010600546,-4.371203748408381e-06,-0.4144558240971903,0.02327359768021788
4.37,0.0001489868891546564,0.19270833333333215,0.14885159010600546,1.3252761555108617e-05,-0.12801316071958438,0.27116285162099635
4.371,0.0001489868891546564,0.19270833333333215,0.14885159010600546,1.4945826084920365e-05,0.3348745269180193,0.1425858208411154
4.372,0.0001489868891546564,0.19270833333333215,0.14885159010600546,-6.338771651300852e-06,0.3346033375075532,-0.17721549020115893
4.373,0.0001489868891546564,0.19270833333333215,-0.8511484098939945,-2.2361201361461764e-05,-0.12766762976816234,-0.24627428657746872
4.374,0.0001489868891546564,-0.8072916666666679,0.14885159010600546,-7.439566404158245e-06,-0.4127111965644456,0.02269421263590627
4.375,0.0001489868891546564,0.19270833333333215,0.14885159010600546,2.079834636611542e-05,-0.12738555702559712,0.2525284944938856
4.376,0.0001489868891546564,0.19270833333333215,0.14885159010600546,2.194883312475447e-05,0.33300565643785013,0.13069630677071714
4.377,0.0001489868891546564,0.19270833333333215,-0.8511484098939945,-8.785725138490706e-06,0.3325201914179308,-0.16531593102197123
4.378,0.0001489868891546564,0.19270833333333215,-0.8511484098939945,-2.948847345308777e-05,-0.1267943044586653,-0.22587760781601782
4.379,0.0001489868891546564,-0.8072916666666679,0.14885159010600546,-9.381695885461363e-06,-0.40964347974545223,0.023507386435974418
4.38,0.0001489868891546564,0.19270833333333215,0.14885159010600546,2.515744967886052e-05,-0.1263661670150118,0.23175172310766184
4.381,0.0001489868891546564,0.19270833333333215,0.14885159010600546,2.5555912094919965e-05,0.3301676325722693,0.1165115299207893
4.382,0.0001489868891546564,0.19270833333333215,-0.8511484098939945,-9.863602389972626e-06,0.3295174486779288,-0.15289620659078315
4.383,0.0001489868891546564,0.19270833333333215,-0.8511484098939945,-3.199231346873145e-05,-0.1255921152209051,-0.20345427148918507
4.384,0.0001489868891546564,-0.8072916666666679,0.14885159010600546,-9.846009254239231e-06,-0.4055715294864168,0.024900648957858224
4.385,0.0001489868891546564,0.19270833333333215,0.14885159010600546,2.5543524198656984e-05,-0.125055207171932,0.2098413631571183
4.386,0.0001489868891546564,0.19270833333333215,0.14885159010600546,2.511886277774503e-05,0.3266259862630909,0.10153866652548543
4.387,0.0001489868891546564,0.19270833333333215,0.14885159010600546,-9.380139390299523e-06,0.32586298749778847,-0.14008546964821092
4.388,0.0001489868891546564,0.19270833333333215,0.14885159010600546,-2.9431286734041546e-05,-0.12416353774656878,-0.18066767019707786
4.389,0.0001489868891546564,-0.8072916666666679,0.14885159010600546,-8.752851789112917e-06,-0.4008279211696399,0.025984982453731768
4.39,0.0001489868891546564,0.19270833333333215,0.14885159010600546,2.190017045017048e-05,-0.12355552036053552,0.18796901539595548
4.391,0.0001489868891546564,0.19270833333333215,0.14885159010600546,2.0731570813737086e-05,0.3226469198005526,0.08739638700980547
4.392,0.0001489868891546564,0.19270833333333215,0.14885159010600546,-7.428811708280458e-06,0.3218209848086536,-0.1270957080396115
4.393,0.0001489868891546564,0.19270833333333215,0.14885159010600546,-2.2288354924685532e-05,-0.12260745133819458,-0.1592699034412324
4.394,0.0001489868891546564,-0.8072916666666679,0.14885159010600546,-6.3058609518918134e-06,-0.39572926955103044,0.025931911075724127
4.395,0.0001489868891546564,0.19270833333333215,0.14885159010600546,1.4900414581236357e-05,-0.12196373402322078,0.1673769889904781
4.396,0.0001489868891546564,0.19270833333333215,0.14885159010600546,1.3199392378534122e-05,0.3184754722432042,0.07562167588555821
4.397,0.0001489868891546564,0.19270833333333215,0.14885159010600546,-4.365749899087188e-06,0.3176311136273192,-0.11424289885418988
4.398,0.0001489868891546564,0.19270833333333215,0.14885159010600546,-1.1860761918254923e-05,-0.12101177400740339,-0.14092217824624256
4.399,0.0001489868891546564,-0.8072916666666679,0.14885159010600546,-2.9473444601480496e-06,-0.39055354579644963,0.024098370389119685
4.4,0.0001489868891546564,0.19270833333333215,0.14885159010600546,5.802867939396555e-06,-0.12036359220137606,0.14927484631184512
4.401,0.0001489868891546564,0.19270833333333215,0.14885159010600546,3.869992765222688e-06,0.31431975002609747,0.06749015135024808
4.402,0.0001489868891546564,0.19270833333333215,0.14885159010600546,-7.359474982187971e-07,0.3134938602501102,-0.10194935287603794
4.403,0.0001489868891546564,0.19270833333333215,0.14885159010600546,5.843999307662508e-09,-0.11944853364310579,-0.1270256161321367
4.404,0.0001489868891546564,-0.8072916666666679,0.14885159010600546,7.315230926831396e-07,-0.38552518607512165,0.020122354611707523
4.405,0.0001489868891546564,0.19270833333333215,0.14885159010600546,-3.8015784447722487e-06,-0.11882166718370632,0.134734088558034
4.406,0.0001489868891546564,0.19270833333333215,0.14885159010600546,-5.6357390321424915e-06,0.3103415013132382,0.06387139293569738
4.407,0.0001489868891546564,0.19270833333333215,0.14885159010600546,2.8347081215875947e-06,0.3095621184614768,-0.09072409851544615
4.408,0.0001489868891546564,0.19270833333333215,-0.8511484098939945,1.1280394977758596e-05,-0.11797133703732271,-0.11858063926946075
4.409,0.0001489868891546564,-0.8072916666666679,0.14885159010600546,4.106128347020905e-06,-0.38080780328010294,0.013976539523456686
4.41,0.0001489868891546564,0.19270833333333215,0.14885159010600546,-1.2297994305954103e-05,-0.11738537874874735,0.12459054921664135
4.411,0.0001489868891546564,0.19270833333333215,0.14885159010600546,-1.3735366896936069e-05,0.3066526110083527,0.06513572747494943
4.412,0.0001489868891546564,0.19270833333333215,0.14885159010600546,5.758799026644345e-06,0.30593857479831493,-0.08112130698113457
4.413,0.0001489868891546564,0.19270833333333215,0.14885159010600546,2.0130588053955206e-05,-0.11661496882470433,-0.1160892205005665
4.414,0.0001489868891546564,-0.8072916666666679,0.14885159010600546,6.6355429050685185e-06,-0.3765036465792431,0.0059730514450874765
4.415,0.0001489868891546564,0.19270833333333215,0.14885159010600546,-1.8347241328776975e-05,-0.11608306343472542,0.11936343281470335
4.416,0.0001489868891546564,0.19270833333333215,0.14885159010600546,-1.917567458386509e-05,0.3033166618578934,0.07112199665170875
4.417,0.0001489868891546564,0.19270833333333215,0.14885159010600546,7.59403140430071e-06,0.3026780169394901,-0.07368034638845741
4.418,0.0001489868891546564,0.19270833333333215,0.14885159010600546,2.525138728584339e-05,-0.11539673135485017,-0.11950910517838507
4.419,0.0001489868891546564,-0.8072916666666679,0.14885159010600546,7.958124222484276e-06,-0.3726586075814116,-0.0032805132399865724
4.42,0.0001489868891546564,0.19270833333333215,0.14885159010600546,-2.111856832564859e-05,-0.1149257397769622,0.11919877055808108
4.421,0.0001489868891546564,0.19270833333333215,0.14885159010600546,-2.1246096356987757e-05,0.3003545240079348,0.08116799762959337
4.422,0.0001489868891546564,0.19270833333333215,-0.8511484098939945,8.116738242427777e-06,0.2997935439212618,-0.06885457291833989
4.423,0.0001489868891546564,0.19270833333333215,0.14885159010600546,2.6075716733753043e-05,-0.11431910623386182,-0.12826333537803494
4.424,0.0001489868891546564,-0.8072916666666679,0.14885159010600546,7.947788423668927e-06,-0.3692714804650328,-0.012966786621581943
4.425,0.0001489868891546564,0.19270833333333215,0.14885159010600546,-2.041244578760787e-05,-0.11391018585330777,0.12384344191460529
4.426,0.0001489868891546564,0.19270833333333215,0.14885159010600546,-1.9876629603725784e-05,0.29775292901206896,0.09419758923095632
4.427,0.0001489868891546564,0.19270833333333215,0.14885159010600546,7.349439695021188e-06,0.29726565643956154,-0.0669388380170304
4.428,0.0001489868891546564,0.19270833333333215,-0.8511484098939945,2.283193041388926e-05,-0.11337334463234505,-0.1413026911073499
4.429,0.0001489868891546564,-0.8072916666666679,0.14885159010600546,6.721931365753855e-06,-0.3663062389733295,-0.02217308799073594
4.43,0.0001489868891546564,0.19270833333333215,0.14885159010600546,-1.6655293278974652e-05,-0.11302295131095294,0.13265385486798026
4.431,0.0001489868891546564,0.19270833333333215,0.14885159010600546,-1.5607183348595605e-05,0.29547506066882895,0.10885186084241212
4.432,0.0001489868891546564,0.19270833333333215,0.14885159010600546,5.539554089448197e-06,0.29505326720771996,-0.06800733569074886
4.433,0.0001489868891546564,0.19270833333333215,-0.8511484098939945,1.6445253742872724e-05,-0.11254363782683272,-0.1572135696589114
4.434,0.0001489868891546564,-0.8072916666666679,0.14885159010600546,4.602157866530959e-06,-0.36370618346998684,-0.030017631857015965
4.435,0.0001489868891546564,0.19270833333333215,0.14885159010600546,-1.0774458551466433e-05,-0.11224493709989858,0.1446408793867122
4.436,0.0001489868891546564,0.19270833333333215,0.14885159010600546,-9.441843983762824e-06,0.2934722675394598,0.12364704995970913
4.437,0.0001489868891546564,0.19270833333333215,0.14885159010600546,3.0963264765070193e-06,0.29310571748354913,-0.071873374371982
4.438,0.0001489868891546564,0.19270833333333215,0.14885159010600546,8.311906761834098e-06,-0.11181155002441356,-0.17435976819891533
4.439,0.0001489868891546564,0.19270833333333215,0.14885159010600546,2.038403662865376e-06,-0.36140885231320957,-0.035768912863601426
4.44,0.0001489868891546564,0.19270833333333215,0.14885159010600546,-3.9854283071270646e-06,-0.11155617241388806,0.15854969774055994
4.441,0.0001489868891546564,0.19270833333333215,0.14885159010600546,-2.623939468692081e-06,0.2916960155755373,0.1371395640123759
4.442,0.0001489868891546564,0.19270833333333215,0.14885159010600546,5.010522097476015e-07,0.29137487349751995,-0.07808069792044829
4.443,0.0001489868891546564,0.19270833333333215,0.14885159010600546,-1.3787709980777568e-09,-0.11116039578593352,-0.1910438715898291
4.444,0.0001489868891546564,-0.8072916666666679,0.14885159010600546,-4.861981432980702e-07,-0.3593605502564004,-0.03894088606867988
4.445,0.0001489868891546564,0.19270833333333215,0.14885159010600546,2.460911859258627e-06,-0.1109403953810538,0.17296995368970727
4.446,0.0001489868891546564,0.19270833333333215,0.14885159010600546,3.6183393110992987e-06,0.2901091443194719,0.1480786762586686
4.447,0.0001489868891546564,0.19270833333333215,0.14885159010600546,-1.789826669699996e-06,0.2898263077223806,-0.08593216649224773
4.448,0.0001489868891546564,0.19270833333333215,0.14885159010600546,-7.067799466185434e-06,-0.11057921669852674,-0.2056725856607569
4.449,0.0001489868891546564,-0.8072916666666679,0.14885159010600546,-2.5494998996300825e-06,-0.35752924626507393,-0.039350355525415805
4.45,0.0001489868891546564,0.19270833333333215,0.14885159010600546,7.517953099748132e-06,-0.11038901348981892,0.1864681503435601
4.451,0.0001489868891546564,0.19270833333333215,0.14885159010600546,8.303060393015468e-06,0.2886954025120195,0.1555300507861937
4.452,0.0001489868891546564,0.19270833333333215,0.14885159010600546,-3.4289280856948906e-06,0.28844848895520786,-0.09455634102953855
4.453,0.0001489868891546564,0.19270833333333215,-0.8511484098939945,-1.1858184227117633e-05,-0.1100659758806853,-0.21691038525379322
4.454,0.0001489868891546564,-0.8072916666666679,0.14885159010600546,-3.864806293065849e-06,-0.3559145052577708,-0.037128833128090295
4.455,0.0001489868891546564,0.19270833333333215,0.14885159010600546,1.0522912339571185e-05,-0.10990400515267633,0.19773099969104613
4.456,0.0001489868891546564,0.19270833333333215,0.14885159010600546,1.085774031585281e-05,0.2874661872949561,0.15895773962844084
4.457,0.0001489868891546564,0.19270833333333215,0.14885159010600546,-4.233448140070321e-06,0.28725888332112337,-0.10300650280673235
4.458,0.0001489868891546564,0.19270833333333215,-0.8511484098939945,-1.3897974543379727e-05,-0.10962957452986699,-0.22380717031591732
4.459,0.0001489868891546564,-0.8072916666666679,0.14885159010600546,-4.322070408358896e-06,-0.3545531379685279,-0.03268815661221137
4.46,0.0001489868891546564,0.19270833333333215,0.14885159010600546,1.1284470291949214e-05,-0.1094993530056819,0.20570581728967663
4.461,0.0001489868891546564,0.19270833333333215,0.14885159010600546,1.1186669321262503e-05,0.2864634747351777,0.15825800094898854
4.462,0.0001489868891546564,0.19270833333333215,0.14885159010600546,-4.202899230727794e-06,0.2863059808018956,-0.11038080779407403
4.463,0.0001489868891546564,0.19270833333333215,-0.8511484098939945,-1.329922093798746e-05,-0.10929033309879892,-0.22588808837493005
4.464,0.0001489868891546564,-0.8072916666666679,0.14885159010600546,-3.989962006320023e-06,-0.3535194686018506,-0.026646283587040142
4.465,0.0001489868891546564,0.19270833333333215,0.14885159010600546,1.0067648273156441e-05,-0.10920069529968514,0.2097225905571593
4.466,0.0001489868891546564,0.19270833333333215,0.14885159010600546,9.635961183710202e-06,0.28575817195293607,0.15374441293707758
4.467,0.0001489868891546564,0.19270833333333215,0.14885159010600546,-3.4983461225223744e-06,0.2856665627476539,-0.1159476282748528
4.468,0.0001489868891546564,0.19270833333333215,0.14885159010600546,-1.0670671689200467e-05,-0.10907869261707771,-0.2231970933069807
4.469,0.0001489868891546564,-0.8072916666666679,0.14885159010600546,-3.081403858853611e-06,-0.35291958207821705,-0.019725794939626916
4.47,0.0001489868891546564,0.19270833333333215,0.14885159010600546,7.487008112846537e-06,-0.10904305338717835,0.20958249823196337
4.471,0.0001489868891546564,0.19270833333333215,0.14885159010600546,6.871482832024841e-06,0.2854435681179968,0.14608950384333982
4.472,0.0001489868891546564,0.19270833333333215,0.14885159010600546,-2.390436661929619e-06,0.2854380269051226,-0.11925758195839001
4.473,0.0001489868891546564,0.19270833333333215,0.14885159010600546,-6.9340904871057e-06,-0.10903208349271791,-0.21628993687159695
4.474,0.0001489868891546564,-0.8072916666666679,0.14885159010600546,-1.892578836482599e-06,-0.352879612757944,-0.012641773464106665
4.475,0.0001489868891546564,0.19270833333333215,0.14885159010600546,4.3375698978359454e-06,-0.10906673127686548,0.20559974569921374
4.476,0.0001489868891546564,0.19270833333333215,0.14885159010600546,3.701932350458932e-06,0.28562418569475684,0.1362327887950889
4.477,0.0001489868891546564,0.19270833333333215,0.14885159010600546,-1.1895378180227394e-06,0.2857262463547535,-0.12022393798250972
4.478,0.0001489868891546564,0.19270833333333215,0.14885159010600546,-3.0926185571948503e-06,-0.10919016258796366,-0.2061768576202212
4.479,0.0001489868891546564,-0.8072916666666679,0.14885159010600546,-7.302819784292154e-07,-0.3535289982280913,-0.0059971991208336555
4.48,0.0001489868891546564,0.19270833333333215,0.14885159010600546,1.403900512380349e-06,-0.10931175812571198,0.19858768289589093
4.481,0.0001489868891546564,0.19270833333333215,0.14885159010600546,8.886599088485757e-07,0.2864010530527725,0.1252681919466438
4.482,0.0001489868891546564,0.19270833333333215,-0.8511484098939945,-1.7414825329128208e-07,0.28663016450543005,-0.11915626085165756
4.483,0.0001489868891546564,0.19270833333333215,-0.8511484098939945,-3.996326220197508e-09,-0.10958889683668455,-0.19421991902611954
4.484,0.0001489868891546564,-0.8072916666666679,0.14885159010600546,1.5605389558040632e-07,-0.3549805097364404,-0.00020256286285089435
4.485,0.0001489868891546564,0.19270833333333215,0.14885159010600546,-7.10289912810623e-07,-0.10981151122768795,0.18978604852306785
4.486,0.0001489868891546564,0.19270833333333215,0.14885159010600546,-1.0161661782465288e-06,0.28785511139508496,0.11432507453569367
4.487,0.0001489868891546564,0.19270833333333215,0.14885159010600546,4.6696256608275494e-07,0.2882249907256587,-0.11673806317798412
4.488,0.0001489868891546564,0.19270833333333215,0.14885159010600546,1.7931074635509618e-06,-0.11025422162249,-0.18199438301520632
4.489,0.0001489868891546564,0.19270833333333215,0.14885159010600546,6.234127048513004e-07,-0.3573096152838442,0.0045677454009991625
4.49,0.0001489868891546564,0.19270833333333215,0.14885159010600546,-1.696892626382648e-06,-0.11058636306461814,0.18073326123917088
4.491,0.0001489868891546564,0.19270833333333215,0.14885159010600546,-1.7702508588840837e-06,0.29003099122156906,0.10445648289866272
4.492,0.0001489868891546564,0.19270833333333215,0.14885159010600546,6.673946313378553e-07,0.29054632030549693,-0.11394715582007305
4.493,0.0001489868891546564,0.19270833333333215,-0.8511484098939945,2.1659535813053467e-06,-0.11119616962805662,-0.17112727827743082
4.494,0.0001489868891546564,-0.8072916666666679,0.14885159010600546,6.560711252177649e-07,-0.3605361630058275,0.00837592196102775
4.495,0.0001489868891546564,0.19270833333333215,0.14885159010600546,-1.5815820876817234e-06,-0.11163829254603178,0.1730950896184538
4.496,0.0001489868891546564,0.19270833333333215,0.14885159010600546,-1.4632036409319365e-06,0.29292361696444663,0.09654601512831189
4.497,0.0001489868891546564,0.19270833333333215,-0.8511484098939945,4.852218997728637e-07,0.2935776381934976,-0.11192617945638368
4.498,0.0001489868891546564,0.19270833333333215,-0.8511484098939945,1.3749729679381748e-06,-0.11240440485534095,-0.16312902169180818
4.499,0.0001489868891546564,-0.8072916666666679,0.14885159010600546,3.557180433760328e-07,-0.36461136122270826,0.011479018643670673
4.5,0.0001489868891546564,0.19270833333333215,0.14885159010600546,-6.824394859059428e-07,-0.11294735395463047,0.16846772838547097
4.501,0.0001489868891546564,0.19270833333333215,0.14885159010600546,-4.605582955299439e-07,0.29646993674934163,0.09124131249938944
4.502,0.0001489868891546564,0.19270833333333215,0.14885159010600546,7.621660015659685e-08,0.29724340733758225,-0.11181910799045086
4.503,0.0001489868891546564,0.19270833333333215,0.14885159010600546,-2.893456926267777e-08,-0.11384598123939942,-0.15923520619632944
4.504,0.0001489868891546564,-0.8072916666666679,0.14885159010600546,-9.489789754549217e-08,-0.3694125197915276,0.0142530483813249
4.505,0.0001489868891546564,0.19270833333333215,0.14885159010600546,4.964152508556857e-07,-0.11447069768635924,0.1681782116091365
4.506,0.0001489868891546564,0.19270833333333215,0.14885159010600546,7.125417454608582e-07,0.30054750793894186,0.08891816262638222
4.507,0.0001489868891546564,0.19270833333333215,0.14885159010600546,-3.539176945378203e-07,0.30140928837409436,-0.11459594472366676
4.508,0.0001489868891546564,0.19270833333333215,0.14885159010600546,-1.3681936157253987e-06,-0.1154658780753055,-0.16027521222408714
4.509,0.0001489868891546564,-0.8072916666666679,0.14885159010600546,-4.849389689603622e-07,-0.37474704016843846,0.01709681656846059
4.51,0.0001489868891546564,0.19270833333333215,0.14885159010600546,1.4081392221567389e-06,-0.1161445036735007,0.1731072803322312
4.511,0.0001489868891546564,0.19270833333333215,0.14885159010600546,1.518011176657626e-06,0.3049807565656794,0.08967514083954274
4.512,0.0001489868891546564,0.19270833333333215,0.14885159010600546,-6.062177493450977e-07,0.3058900640663234,-0.12089121503206147
4.513,0.0001489868891546564,0.19270833333333215,0.14885159010600546,-2.0226638209622626e-06,-0.11719047810369718,-0.16658202678134912
4.514,0.0001489868891546564,-0.8072916666666679,0.14885159010600546,-6.32068495240878e-07,-0.3803658283776768,0.020332919315891766
4.515,0.0001489868891546564,0.19270833333333215,0.14885159010600546,1.6086871073033126e-06,-0.11788876801044351,0.18355869620779255
4.516,0.0001489868891546564,0.19270833333333215,0.14885159010600546,1.5466958623290068e-06,0.30955460144642016,0.09335515154179908
4.517,0.0001489868891546564,0.19270833333333215,0.14885159010600546,-5.405928293446732e-07,0.3104646943381915,-0.13088144949985703
4.518,0.0001489868891546564,0.19270833333333215,-0.8511484098939945,-1.5908351989801229e-06,-0.11893370768483301,-0.1779536666865128
4.519,0.0001489868891546564,-0.8072916666666679,0.14885159010600546,-4.295016295601639e-07,-0.38598486178037966,0.024123997028564888
4.52,0.0001489868891546564,0.19270833333333215,0.14885159010600546,8.70993803643005e-07,-0.11961444293824432,0.19919441958016326
4.521,0.0001489868891546564,0.19270833333333215,0.14885159010600546,6.230515571179074e-07,0.3140339757925898,0.09958758107419734
4.522,0.0001489868891546564,0.19270833333333215,0.14885159010600546,-1.1161561907167065e-07,0.314896796325592,-0.14422248226956244
4.523,0.0001489868891546564,0.19270833333333215,0.14885159010600546,8.023173092844649e-09,-0.12060512763950168,-0.19367123166466504
4.524,0.0001489868891546564,-0.8072916666666679,0.14885159010600546,1.2691912540776373e-07,-0.3913123141435867,0.0284199289813083
4.525,0.0001489868891546564,0.19270833333333215,0.14885159010600546,-7.572406648072241e-07,-0.1212320459974672,0.21904744347597385
4.526,0.0001489868891546564,0.19270833333333215,0.14885159010600546,-1.1500565135943807e-06,0.31818679430965563,0.10784328996189019
4.527,0.0001489868891546564,0.19270833333333215,0.14885159010600546,6.19675218304781e-07,0.3189579297327057,-0.16005953183990895
4.528,0.0001489868891546564,0.19270833333333215,0.14885159010600546,2.5121866465670944e-06,-0.1221189261563843,-0.21257240551289422
4.529,0.0001489868891546564,-0.8072916666666679,0.14885159010600546,9.371678591670256e-07,-0.39607767605634625,0.03294655973365166
4.53,0.0001489868891546564,0.19270833333333215,0.14885159010600546,-2.963607264799759e-06,-0.12266059638868444,0.2416142958550029
4.531,0.0001489868891546564,0.19270833333333215,0.14885159010600546,-3.414835951726343e-06,0.3218072866818878,0.11749441964983141
4.532,0.0001489868891546564,0.19270833333333215,0.14885159010600546,1.499946683733362e-06,0.3224505440630134,-0.1771127485291241
4.533,0.0001489868891546564,0.19270833333333215,-0.8511484098939945,5.378887451569739e-06,-0.12340258694123192,-0.23317288995570473
4.534,0.0001489868891546564,-0.8072916666666679,0.14885159010600546,1.8206309035590135e-06,-0.4000588884694019,0.03723957076108089
4.535,0.0001489868891546564,0.19270833333333215,0.14885159010600546,-5.244736692912941e-06,-0.12383565645944418,0.2650185928569014
4.536,0.0001489868891546564,0.19270833333333215,0.14885159010600546,-5.643162111987697e-06,0.3247364769354982,0.12787185070333484
4.537,0.0001489868891546564,0.19270833333333215,-0.8511484098939945,2.3198217802299165e-06,0.3252274207259986,-0.1938297100696804
4.538,0.0001489868891546564,0.19270833333333215,-0.8511484098939945,7.912756774263731e-06,-0.12440402540470023,-0.2538225850255866
4.539,0.0001489868891546564,-0.8072916666666679,0.14885159010600546,2.5588742267941485e-06,-0.4031037327355852,0.040719383009022454
4.54,0.0001489868891546564,0.19270833333333215,0.14885159010600546,-7.025478728428776e-06,-0.12471537446090623,0.28722706324372504
4.541,0.0001489868891546564,0.19270833333333215,0.14885159010600546,-7.26167581888805e-06,0.3268769759747929,0.13831486166449766
4.542,0.0001489868891546564,0.19270833333333215,-0.8511484098939945,2.863493712560884e-06,0.32720494145219814,-0.2085859428704691
4.543,0.0001489868891546564,0.19270833333333215,0.14885159010600546,9.43073200292433e-06,-0.12509620673850239,-0.27287908044741477
4.544,0.0001489868891546564,-0.8072916666666679,0.14885159010600546,2.947493508875373e-06,-0.4051425719352304,0.042795769512945614
4.545,0.0001489868891546564,0.19270833333333215,0.14885159010600546,-7.795614863846574e-06,-0.1252837262201045,0.30629167020316084
4.546,0.0001489868891546564,0.19270833333333215,0.14885159010600546,-7.788295114229062e-06,0.3282001183405598,0.14820973951128352
4.547,0.0001489868891546564,0.19270833333333215,0.14885159010600546,2.9602362417577283e-06,0.32836846074613396,-0.21990659808807897
4.548,0.0001489868891546564,0.19270833333333215,-0.8511484098939945,9.425518228176253e-06,-0.12547864825796065,-0.2888788075977491
4.549,0.0001489868891546564,-0.8072916666666679,0.14885159010600546,2.8451867106987367e-06,-0.40619087949588434,0.04298537267651624
4.55,0.0001489868891546564,0.19270833333333215,0.14885159010600546,-7.232975177938452e-06,-0.12555058877911893,0.3205870739892106
4.551,0.0001489868891546564,0.19270833333333215,0.14885159010600546,-6.949194087186614e-06,0.32874467038860156,0.15701638824921993
4.552,0.0001489868891546564,0.19270833333333215,0.14885159010600546,2.526179511900466e-06,0.32876929475182093,-0.22667824011758786
4.553,0.0001489868891546564,0.19270833333333215,0.14885159010600546,7.69084634257491e-06,-0.12557569807038457,-0.3006863861672161
4.554,0.0001489868891546564,-0.8072916666666679,0.14885159010600546,2.209058473269121e-06,-0.4063415912423548,0.04102248923969057
4.555,0.0001489868891546564,0.19270833333333215,0.14885159010600546,-5.285483790500281e-06,-0.12554877295411837,0.32901248047266585
4.556,0.0001489868891546564,0.19270833333333215,0.14885159010600546,-4.750243513185396e-06,0.328607656405575,0.16428400302575294
4.557,0.0001489868891546564,0.19270833333333215,-0.8511484098939945,1.5870967743308167e-06,0.3285141449200171,-0.22832007080330224
4.558,0.0001489868891546564,0.19270833333333215,-0.8511484098939945,4.380894097335453e-06,-0.12543198609280154,-0.30760532996854545
4.559,0.0001489868891546564,-0.8072916666666679,0.14885159010600546,1.1084019568940314e-06,-0.4057488918201486,0.0369438124374159
4.56,0.0001489868891546564,0.19270833333333215,0.14885159010600546,-2.19418487979312e-06,-0.12532860643549548,0.33113106708042156
4.561,0.0001489868891546564,0.19270833333333215,0.14885159010600546,-1.4873659402942792e-06,0.3279290553244106,0.16965833524430274
4.562,0.0001489868891546564,0.19270833333333215,0.14885159010600546,2.7726976631998564e-07,0.3277489180698335,-0.22488887709008057
4.563,0.0001489868891546564,0.19270833333333215,-0.8511484098939945,-8.885691350662746e-09,-0.12510587058553924,-0.30943805549194275
4.564,0.0001489868891546564,-0.8072916666666679,0.14885159010600546,-2.859640909148504e-07,-0.40460631197314073,0.031131298462790818
4.565,0.0001489868891546564,0.19270833333333215,0.14885159010600546,1.5475297299767355e-06,-0.12495101101890031,0.3272281703535347
4.566,0.0001489868891546564,0.19270833333333215,0.14885159010600546,2.3061874324462248e-06,0.32687299537856823,0.17288379922342742
4.567,0.0001489868891546564,0.19270833333333215,0.14885159010600546,-1.1852198202103304e-06,0.3266396783967767,-0.21710089088874873
4.568,0.0001489868891546564,0.19270833333333215,0.14885159010600546,-4.735025521952674e-06,-0.12466197601948177,-0.3064894537095528
4.569,0.0001489868891546564,-0.8072916666666679,0.14885159010600546,-1.7343829058685173e-06,-0.4031227409249621,0.024303433123588757
4.57,0.0001489868891546564,0.19270833333333215,0.14885159010600546,5.289395637233061e-06,-0.12448019387263722,0.31828016150273253
4.571,0.0001489868891546564,0.19270833333333215,0.14885159010600546,5.963978869697098e-06,0.325608459938307,0.17380362734310695
4.572,0.0001489868891546564,0.19270833333333215,0.14885159010600546,-2.541348606830578e-06,0.325353733783038,-0.20626529660396725
4.573,0.0001489868891546564,0.19270833333333215,-0.8511484098939945,-8.953013433249888e-06,-0.12416398751783018,-0.29951529567368435
4.574,0.0001489868891546564,-0.8072916666666679,0.14885159010600546,-2.9759578349343723e-06,-0.4015000208088899,0.017452965429732657
4.575,0.0001489868891546564,0.19270833333333215,0.14885159010600546,8.353766539124607e-06,-0.1239770436213927,0.3058378928804906
4.576,0.0001489868891546564,0.19270833333333215,0.14885159010600546,8.81945857708886e-06,0.32429235058786665,0.17236056239800848
4.577,0.0001489868891546564,0.19270833333333215,-0.8511484098939945,-3.5429405538225728e-06,0.32404357730899236,-0.19413659407050882
4.578,0.0001489868891546564,0.19270833333333215,-0.8511484098939945,-1.188645490886781e-05,-0.12366872364551838,-0.2896234888852481
4.579,0.0001489868891546564,-0.8072916666666679,0.14885159010600546,-3.7808841095032993e-06,-0.3999151884367807,0.01173742459921558
4.58,0.0001489868891546564,0.19270833333333215,0.14885159010600546,1.0171531625802038e-05,-0.1234940972474392,0.2918400316940835
4.581,0.0001489868891546564,0.19270833333333215,0.14885159010600546,1.0339707826660652e-05,0.3230570761961853,0.16859938237876892
4.582,0.0001489868891546564,0.19270833333333215,-0.8511484098939945,-4.002426262413314e-06,0.3228356405838875,-0.18270454617018989
4.583,0.0001489868891546564,0.19270833333333215,-0.8511484098939945,-1.2982738475618157e-05,-0.12322218494605665,-0.27814175860465823
4.584,0.0001489868891546564,-0.8072916666666679,0.14885159010600546,-3.996510074130022e-06,-0.39850929439451016,0.008336148196057828
4.585,0.0001489868891546564,0.19270833333333215,0.14885159010600546,1.039599067196254e-05,-0.12307257143708535,0.27838083980523254
4.586,0.0001489868891546564,0.19270833333333215,0.14885159010600546,1.023194221536392e-05,0.32200379272533747,0.1626711497422037
4.587,0.0001489868891546564,0.19270833333333215,0.14885159010600546,-3.8302345994192026e-06,0.3218247290538619,-0.17394927822977585
4.588,0.0001489868891546564,0.19270833333333215,0.14885159010600546,-1.2023000957578789e-05,-0.12285783824090908,-0.2664689436883932
4.589,0.0001489868891546564,-0.8072916666666679,0.14885159010600546,-3.577642976873027e-06,-0.39738329710608317,0.008292961025262204
4.59,0.0001489868891546564,0.19270833333333215,0.14885159010600546,8.971372384849257e-06,-0.12274150936895124,0.2674626757879025
4.591,0.0001489868891546564,0.19270833333333215,0.14885159010600546,8.501101923523018e-06,0.32120122448586635,0.15483774950301218
4.592,0.0001489868891546564,0.19270833333333215,0.14885159010600546,-3.0522651998193426e-06,0.3210738259118581,-0.1695939377123793
4.593,0.0001489868891546564,0.19270833333333215,0.14885159010600546,-9.164367793024083e-06,-0.12259693698211707,-0.25592830745270806
4.594,0.0001489868891546564,-0.8072916666666679,0.14885159010600546,-2.595091200316092e-06,-0.3966000966189874,0.01236621935702842
4.595,0.0001489868891546564,0.19270833333333215,0.14885159010600546,6.142606727468449e-06,-0.12251867255958775,0.2607648971901934
4.596,0.0001489868891546564,0.19270833333333215,0.14885159010600546,5.447483948333045e-06,0.32068890073351514,0.14547428575201424
4.597,0.0001489868891546564,0.19270833333333215,0.14885159010600546,-1.8041897780264628e-06,0.3206179156434893,-0.17088748225126335
4.598,0.0001489868891546564,0.19270833333333215,-0.8511484098939945,-4.906976509827467e-06,-0.12245029124812172,-0.24763996907274205
4.599,0.0001489868891546564,-0.8072916666666679,0.14885159010600546,-1.2210790783443125e-06,-0.39619063649366637,0.020907289676156206
4.6,0.0001489868891546564,0.19270833333333215,0.14885159010600546,2.405426973998676e-06,-0.12241249456416503,0.2594578024100743
4.601,0.0001489868891546564,0.19270833333333215,0.14885159010600546,1.6060255479676597e-06,0.3204828697226384,0.13506643446331884
4.602,0.0001489868891546564,0.19270833333333215,0.14885159010600546,-3.041931143268364e-07,0.32046980575575884,-0.17844568629913204
4.603,0.0001489868891546564,0.19270833333333215,0.14885159010600546,6.007173918604766e-09,-0.12242066783375678,-0.24242603340009047
4.604,0.0001489868891546564,-0.8072916666666679,0.14885159010600546,3.050282835512661e-07,-0.3961613989223441,0.03378479096583788
4.605,0.0001489868891546564,0.19270833333333215,0.14885159010600546,-1.5918113516795675e-06,-0.12242427417245358,0.2640833257838788
4.606,0.0001489868891546564,0.19270833333333215,0.14885159010600546,-2.3591878452554843e-06,0.32058166655764303,0.12419999664859398
4.607,0.0001489868891546564,0.19270833333333215,0.14885159010600546,1.1898459379580247e-06,0.32062575608196,-0.1921700981035575
4.608,0.0001489868891546564,0.19270833333333215,-0.8511484098939945,4.733627565585823e-06,-0.12250496999626327,-0.24075683731532843
4.609,0.0001489868891546564,-0.8072916666666679,0.14885159010600546,1.7233049101528123e-06,-0.3965006737515642,0.05036569907706254
4.61,0.0001489868891546564,0.19270833333333215,0.14885159010600546,-5.1736224083330405e-06,-0.12254984910455444,0.27451451829945056
4.611,0.0001489868891546564,0.19270833333333215,0.14885159010600546,-5.7828249247641255e-06,0.32097057043231114,0.11354064858261158
4.612,0.0001489868891546564,0.19270833333333215,0.14885159010600546,2.4297202171967846e-06,0.321069093458855,-0.21125377331984
4.613,0.0001489868891546564,0.19270833333333215,0.14885159010600546,8.497255345850989e-06,-0.1226955236352569,-0.24274076583764026
4.614,0.0001489868891546564,-0.8072916666666679,0.14885159010600546,2.8024664390232017e-06,-0.39718168202717924,0.06955666695782281
4.615,0.0001489868891546564,0.19270833333333215,0.14885159010600546,-7.764275958785222e-06,-0.12278024268491433,0.28999492802725046
4.616,0.0001489868891546564,0.19270833333333215,0.14885159010600546,-8.122368269534865e-06,0.3216229329442557,0.10380313256153945
4.617,0.0001489868891546564,0.19270833333333215,-0.8511484098939945,3.2227411181743435e-06,0.3217708134709214,-0.23427084406328727
4.618,0.0001489868891546564,0.19270833333333215,-0.8511484098939945,1.0723140185371685e-05,-0.1229801425358435,-0.24815423788043656
4.619,0.0001489868891546564,-0.8072916666666679,0.14885159010600546,3.381791464309434e-06,-0.3981618232074853,0.08990083721868354
4.62,0.0001489868891546564,0.19270833333333215,0.14885159010600546,-8.990732039617905e-06,-0.12310115949979256,0.30924849107504304
4.621,0.0001489868891546564,0.19270833333333215,0.14885159010600546,-9.053741224808331e-06,0.3224984252084789,0.09571067976201479
4.622,0.0001489868891546564,0.19270833333333215,-0.8511484098939945,3.465061569192182e-06,0.322687265391617,-0.2593361092731822
4.623,0.0001489868891546564,0.19270833333333215,-0.8511484098939945,1.1139655949137104e-05,-0.12334108181168882,-0.2565035765687522
4.624,0.0001489868891546564,-0.8072916666666679,0.14885159010600546,3.3976866412638345e-06,-0.3993787230188545,0.1097182070956072
4.625,0.0001489868891546564,0.19270833333333215,0.14885159010600546,-8.74205689670001e-06,-0.12349163421930935,0.3306419731397793
4.626,0.0001489868891546564,0.19270833333333215,0.14885159010600546,-8.520584285670234e-06,0.3235391931567525,0.08994706511300507
4.627,0.0001489868891546564,0.19270833333333215,0.14885159010600546,3.156348810656108e-06,0.323756128811989,-0.2843123998966547
4.628,0.0001489868891546564,0.19270833333333215,0.14885159010600546,9.811739947824533e-06,-0.12375341445449269,-0.26710722275652904
4.629,0.0001489868891546564,-0.8072916666666679,0.14885159010600546,2.890245979681549e-06,-0.40074505594762205,0.12727226587822552
4.63,0.0001489868891546564,0.19270833333333215,0.14885159010600546,-7.175347800655527e-06,-0.12392250907701993,0.3523765078318379
4.631,0.0001489868891546564,0.19270833333333215,0.14885159010600546,-6.729377665019901e-06,0.32466585473722,0.08710511091236219
4.632,0.0001489868891546564,0.19270833333333215,-0.8511484098939945,2.393712313288256e-06,0.32489275131293643,-0.307038577426358
4.633,0.0001489868891546564,0.19270833333333215,0.14885159010600546,7.1084861982475e-06,-0.12418367674724662,-0.2791854864609128
4.634,0.0001489868891546564,-0.8072916666666679,0.14885159010600546,1.989406268868123e-06,-0.4021449793025473,0.1409428459785824
4.635,0.0001489868891546564,0.19270833333333215,0.14885159010600546,-4.669469956360174e-06,-0.1243556352991648,0.37268296339952295
4.636,0.0001489868891546564,0.19270833333333215,0.14885159010600546,-4.093931295377848e-06,0.32577577511344086,0.08763645669082205
4.637,0.0001489868891546564,0.19270833333333215,-0.8511484098939945,1.3470950088035764e-06,0.32598929646860014,-0.32555015945767457
4.638,0.0001489868891546564,0.19270833333333215,-0.8511484098939945,3.613604836947218e-06,-0.12458973946214796,-0.2919457793423222
4.639,0.0001489868891546564,-0.8072916666666679,0.14885159010600546,8.844629238845612e-07,-0.4034351978315087,0.1493851727093895
4.64,0.0001489868891546564,0.19270833333333215,0.14885159010600546,-1.7384559921539755e-06,-0.12474469491242604,0.38999772375659886
4.641,0.0001489868891546564,0.19270833333333215,0.14885159010600546,-1.142897237730793e-06,0.3267459541806186,0.09180783268827986
4.642,0.0001489868891546564,0.19270833333333215,-0.8511484098939945,2.2200465093026935e-07,0.32691891247924637,-0.3382675720824098
4.643,0.0001489868891546564,0.19270833333333215,-0.8511484098939945,-3.6539034663471393e-10,-0.12492272720448312,-0.30465372183900646
4.644,0.0001489868891546564,-0.8072916666666679,0.14885159010600546,-2.160782074351659e-07,-0.40445306619786203,0.15165778503032945
4.645,0.0001489868891546564,0.19270833333333215,0.14885159010600546,1.075927404088894e-06,-0.12503829828014482,0.4031004046049321
4.646,0.0001489868891546564,0.19270833333333215,0.14885159010600546,1.5891580209783577e-06,0.32744211488148806,0.09966883069215526
4.647,0.0001489868891546564,0.19270833333333215,-0.8511484098939945,-7.822413080352863e-07,0.32754626276621285,-0.3441331590325374
4.648,0.0001489868891546564,0.19270833333333215,0.14885159010600546,-3.1068285082968932e-06,-0.125131433058804,-0.31668410089796256
4.649,0.0001489868891546564,-0.8072916666666679,0.14885159010600546,-1.1257070652426582e-06,-0.4050327855253694,0.1473067648148757
4.65,0.0001489868891546564,0.19270833333333215,0.14885159010600546,3.3096554665436442e-06,-0.12518555754598065,0.4112020073845407
4.651,0.0001489868891546564,0.19270833333333215,0.14885159010600546,3.6642521809210687e-06,0.3277342904371963,0.11103526876291592
4.652,0.0001489868891546564,0.19270833333333215,0.14885159010600546,-1.5100810796720976e-06,0.3277443882690522,-0.3426861562598953
4.653,0.0001489868891546564,0.19270833333333215,-0.8511484098939945,-5.24117516921084e-06,-0.12516911861286595,-0.32754965161061905
4.654,0.0001489868891546564,-0.8072916666666679,0.14885159010600546,-1.7137918190466026e-06,-0.40502888200693216,0.13639972074837659
4.655,0.0001489868891546564,0.19270833333333215,0.14885159010600546,4.658758087234954e-06,-0.12514374470264353,0.4139797663849321
4.656,0.0001489868891546564,0.19270833333333215,0.14885159010600546,4.8167009999085325e-06,0.3275176021726885,0.12549079476508945
4.657,0.0001489868891546564,0.19270833333333215,0.14885159010600546,-1.8757274942552452e-06,0.32741624659131735,-0.3340734883378036
4.658,0.0001489868891546564,0.19270833333333215,-0.8511484098939945,-6.175708313773832e-06,-0.1250019546719596,-0.33690932004592755
4.659,0.0001489868891546564,-0.8072916666666679,0.14885159010600546,-1.9257087051953527e-06,-0.404344127107885,0.11950927376954028
4.66,0.0001489868891546564,0.19270833333333215,0.14885159010600546,5.023177642314627e-06,-0.12488703048557505,0.4115621825126668
4.661,0.0001489868891546564,0.19270833333333215,0.14885159010600546,4.988316548630667e-06,0.3267353170717605,0.14240754107778963
4.662,0.0001489868891546564,0.19270833333333215,-0.8511484098939945,-1.8730708962146655e-06,0.3265177253701329,-0.3190021207815645
4.663,0.0001489868891546564,0.19270833333333215,0.14885159010600546,-5.9407860774541055e-06,-0.12461777708722604,-0.3445604268047267
4.664,0.0001489868891546564,-0.8072916666666679,0.14885159010600546,-1.785988389230377e-06,-0.40295729862454466,0.097651479015884
4.665,0.0001489868891546564,0.19270833333333215,0.14885159010600546,4.505696218901979e-06,-0.12441479872487919,0.4044733896036664
4.666,0.0001489868891546564,0.19270833333333215,0.14885159010600546,4.318526790889296e-06,0.3254000284838352,0.16098465254609642
4.667,0.0001489868891546564,0.19270833333333215,0.14885159010600546,-1.5685015461999364e-06,0.3250778051398392,-0.2986447342957296
4.668,0.0001489868891546564,0.19270833333333215,0.14885159010600546,-4.791414395461056e-06,-0.12403343919810347,-0.35042060721437157
4.669,0.0001489868891546564,-0.8072916666666679,0.14885159010600546,-1.384965004173313e-06,-0.40094510801107647,0.07218897768871652
4.67,0.0001489868891546564,0.19270833333333215,0.14885159010600546,3.3691940099194835e-06,-0.12375776345740351,0.39354937933679657
4.671,0.0001489868891546564,0.19270833333333215,0.14885159010600546,3.094525025187753e-06,0.3236082311820054,0.18030160448214652
4.672,0.0001489868891546564,0.19270833333333215,0.14885159010600546,-1.079315698145207e-06,0.3232111490334517,-0.27451402091933136
4.673,0.0001489868891546564,0.19270833333333215,-0.8511484098939945,-3.1299897160419977e-06,-0.12329894697674186,-0.35450545310333365
4.674,0.0001489868891546564,-0.8072916666666679,0.14885159010600546,-8.528446953197229e-07,-0.3984925543358031,0.044711270780417436
4.675,0.0001489868891546564,0.19270833333333215,0.14885159010600546,1.964066720868313e-06,-0.12298017193137052,0.37983950780522757
4.676,0.0001489868891546564,0.19270833333333215,0.14885159010600546,1.6746718040734761e-06,0.32154387656614963,0.1993816384023003
4.677,0.0001489868891546564,0.19270833333333215,-0.8511484098939945,-5.432546624872034e-07,0.3211189066531921,-0.2483217826286119
4.678,0.0001489868891546564,0.19270833333333215,-0.8511484098939945,-1.4045294131891197e-06,-0.12249682589673744,-0.3569066062925663
4.679,0.0001489868891546564,-0.8072916666666679,0.14885159010600546,-3.2754320460404334e-07,-0.395887062505733,0.01690524147711151
4.68,0.0001489868891546564,0.19270833333333215,0.14885159010600546,6.432660429070029e-07,-0.12217678940643902,0.36450538223144324
4.681,0.0001489868891546564,0.19270833333333215,0.14885159010600546,4.0328196951602273e-07,0.31946775356327245,0.21725956079793368
4.682,0.0001489868891546564,0.19270833333333215,-0.8511484098939945,-8.629020858810282e-08,0.319074959591403,-0.22183755852178094
4.683,0.0001489868891546564,0.19270833333333215,-0.8511484098939945,-5.830968833932084e-09,-0.12173578558873321,-0.3577730716691312
4.684,0.0001489868891546564,-0.8072916666666679,0.14885159010600546,7.639415373571409e-08,-0.39349396229136735,-0.009571873982585653
4.685,0.0001489868891546564,0.19270833333333215,0.14885159010600546,-3.1593111706178213e-07,-0.1214640983607789,0.3487263225161902
4.686,0.0001489868891546564,0.19270833333333215,0.14885159010600546,-4.642637584988777e-07,0.31769162376017174,0.23304770212101847
4.687,0.0001489868891546564,0.19270833333333215,0.14885159010600546,2.042607603697121e-07,0.31739704828711696,-0.1967584002778494
4.688,0.0001489868891546564,0.19270833333333215,-0.8511484098939945,8.140995719198064e-07,-0.12113864523707132,-0.3572962812644508
4.689,0.0001489868891546564,-0.8072916666666679,0.14885159010600546,2.9112155312411854e-07,-0.39171388284362635,-0.033207022693112126
4.69,0.0001489868891546564,0.19270833333333215,0.14885159010600546,-7.668439311076271e-07,-0.12096610591800497,0.333616973256156
4.691,0.0001489868891546564,0.19270833333333215,0.14885159010600546,-8.104296511874883e-07,0.316538650801293,0.24599406968203721
4.692,0.0001489868891546564,0.19270833333333215,0.14885159010600546,2.9575705596588936e-07,0.3164048800161547,-0.17459753530911234
4.693,0.0001489868891546564,0.19270833333333215,-0.8511484098939945,9.858494176842848e-07,-0.12082552328788744,-0.35569752036206936
4.694,0.0001489868891546564,-0.8072916666666679,0.14885159010600546,3.064472170554117e-07,-0.39092600524951227,-0.05272616168702024
4.695,0.0001489868891546564,0.19270833333333215,0.14885159010600546,-7.143876560546826e-07,-0.12079618611025458,0.3201592003656336
4.696,0.0001489868891546564,0.19270833333333215,0.14885159010600546,-6.693031009707792e-07,0.316294377569654,0.2555276180425479
4.697,0.0001489868891546564,0.19270833333333215,0.14885159010600546,2.1252168368373745e-07,0.316369982530676,-0.15659588243684
4.698,0.0001489868891546564,0.19270833333333215,-0.8511484098939945,6.212532287712108e-07,-0.12089430185571483,-0.35321518912376015
4.699,0.0001489868891546564,-0.8072916666666679,0.14885159010600546,1.66736542158065e-07,-0.39142424875121395,-0.06716509669517422
4.7,0.0001489868891546564,0.19270833333333215,0.14885159010600546,-2.9952415431405356e-07,-0.12103730568446298,0.30914787696057433
4.701,0.0001489868891546564,0.19270833333333215,0.14885159010600546,-2.042612697707307e-07,0.31715483054864047,0.2612869960575607
4.702,0.0001489868891546564,0.19270833333333215,0.14885159010600546,2.469566511199422e-08,0.31746424739509277,-0.14365741832293832
4.703,0.0001489868891546564,0.19270833333333215,-0.8511484098939945,-3.0174180474202204e-08,-0.1214011600284637,-0.3500892850535622
4.704,0.0001489868891546564,-0.8072916666666679,0.14885159010600546,-4.473679801385746e-08,-0.3933557642303368,-0.07591464886984149
4.705,0.0001489868891546564,0.19270833333333215,0.14885159010600546,2.4727106720415815e-07,-0.12172361305670278,0.30114897723814643
4.706,0.0001489868891546564,0.19270833333333215,0.14885159010600546,3.4342927260643266e-07,0.3191798018194988,0.26313094068605597
4.707,0.0001489868891546564,0.19270833333333215,0.14885159010600546,-1.7308494540031108e-07,0.3197153516687556,-0.13630763086682499
4.708,0.0001489868891546564,0.19270833333333215,0.14885159010600546,-6.54887423437695e-07,-0.12234436418120335,-0.34654146454690327
4.709,0.0001489868891546564,-0.8072916666666679,0.14885159010600546,-2.297811728175596e-07,-0.3966720643121102,-0.07874043427116416
4.71,0.0001489868891546564,0.19270833333333215,0.14885159010600546,6.713340644794631e-07,-0.12282656425648929,0.29646860904470695
4.711,0.0001489868891546564,0.19270833333333215,0.14885159010600546,7.21893975452798e-07,0.32225961789687063,0.26113046163184345
4.712,0.0001489868891546564,0.19270833333333215,-0.8511484098939945,-2.8780896675653324e-07,0.3229772318937595,-0.13467377432768152
4.713,0.0001489868891546564,0.19270833333333215,-0.8511484098939945,-9.607323889319193e-07,-0.1236543950712242,-0.34275083141671714
4.714,0.0001489868891546564,-0.8072916666666679,0.14885159010600546,-3.017308171488346e-07,-0.40110241869786767,-0.07577881039318975
4.715,0.0001489868891546564,0.19270833333333215,0.14885159010600546,7.620573792037101e-07,-0.12424843597249481,0.2951329120020824
4.716,0.0001489868891546564,0.19270833333333215,0.14885159010600546,7.356259936277547e-07,0.32610257669292325,0.25554486806646065
4.717,0.0001489868891546564,0.19270833333333215,0.14885159010600546,-2.527716777574512e-07,0.3269223798253714,-0.13848606227619567
4.718,0.0001489868891546564,0.19270833333333215,-0.8511484098939945,-7.539257514353784e-07,-0.1251928476247761,-0.33882775822764
4.719,0.0001489868891546564,-0.8072916666666679,0.14885159010600546,-2.0813688452654526e-07,-0.40615673622471976,-0.06751122482563916
4.72,0.0001489868891546564,0.19270833333333215,0.14885159010600546,4.0813494792420674e-07,-0.12582523656742378,0.2968805355638232
4.721,0.0001489868891546564,0.19270833333333215,0.14885159010600546,2.9664520569194155e-07,0.3302477734604606,0.24678530843223043
4.722,0.0001489868891546564,0.19270833333333215,0.14885159010600546,-4.513394208816198e-08,0.33106003654697774,-0.14709976658841517
4.723,0.0001489868891546564,0.19270833333333215,-0.8511484098939945,1.0001133200656304e-08,-0.12676141765582205,-0.3347900152738441
4.724,0.0001489868891546564,-0.8072916666666679,0.14885159010600546,5.543949746078169e-08,-0.41116128521612166,-0.05471952992139415
4.725,0.0001489868891546564,0.19270833333333215,0.14885159010600546,-3.726446525772743e-07,-0.12733976336878453,0.30117096653121
4.726,0.0001489868891546564,0.19270833333333215,0.14885159010600546,-5.515942662993686e-07,0.3341045337681941,0.23537064021883505
4.727,0.0001489868891546564,0.19270833333333215,0.14885159010600546,3.075367305230186e-07,0.3347807136692243,-0.15953881589585053
4.728,0.0001489868891546564,0.19270833333333215,0.14885159010600546,1.2124670863028194e-06,-0.1281208354843038,-0.3305467156719201
4.729,0.0001489868891546564,-0.8072916666666679,0.14885159010600546,4.4351517238101506e-07,-0.41532578673607273,-0.03842508243970706
4.73,0.0001489868891546564,0.19270833333333215,0.14885159010600546,-1.4353996038042059e-06,-0.12854404113380125,0.30721262017415624
4.731,0.0001489868891546564,0.19270833333333215,0.14885159010600546,-1.6425087410540182e-06,0.3370156189916851,0.22188098807172077
4.732,0.0001489868891546564,0.19270833333333215,0.14885159010600546,7.330438782863826e-07,0.3374233906227736,-0.1745613661443193
4.733,0.0001489868891546564,0.19270833333333215,-0.8511484098939945,2.597793409626364e-06,-0.12901803312004098,-0.3258956678395798
4.734,0.0001489868891546564,-0.8072916666666679,0.14885159010600546,8.708805998074372e-07,-0.41783536928921916,-0.019814860918316624
4.735,0.0001489868891546564,0.19270833333333215,0.14885159010600546,-2.5409620026138925e-06,-0.12918884099029676,0.3140138770694946
4.736,0.0001489868891546564,0.19270833333333215,0.14885159010600546,-2.7244788601076273e-06,0.33833739141521674,0.20691422653194344
4.737,0.0001489868891546564,0.19270833333333215,0.14885159010600546,1.1311497295496026e-06,0.3383578623145168,-0.19074663242390594
4.738,0.0001489868891546564,0.19270833333333215,-0.8511484098939945,3.8323215545327115e-06,-0.12921838912621286,-0.32053847061740803
4.739,0.0001489868891546564,-0.8072916666666679,0.14885159010600546,1.2323990447816439e-06,-0.4179564088441055,-0.00015852136442193532
4.74,0.0001489868891546564,0.19270833333333215,0.14885159010600546,-3.4115844872023145e-06,-0.12905667096843657,0.3204580066203419
4.741,0.0001489868891546564,0.19270833333333215,0.14885159010600546,-3.5196552637411792e-06,0.3375268792405646,0.19104985856338844
4.742,0.0001489868891546564,0.19270833333333215,0.14885159010600546,1.397059893763048e-06,0.3370716906233757,-0.20660002201265087
4.743,0.0001489868891546564,0.19270833333333215,-0.8511484098939945,4.582840970557684e-06,-0.12853882922522314,-0.3141151839185931
4.744,0.0001489868891546564,-0.8072916666666679,0.14885159010600546,1.4277949151046208e-06,-0.4151421663357537,0.01927876566031577
4.745,0.0001489868891546564,0.19270833333333215,0.14885159010600546,-3.796635683594409e-06,-0.12799377813433854,0.3253994192103793
4.746,0.0001489868891546564,0.19270833333333215,0.14885159010600546,-3.7899056127587733e-06,0.3342237483615975,0.17482345210697292
4.747,0.0001489868891546564,0.19270833333333215,0.14885159010600546,1.4464073694431539e-06,0.3332495989508093,-0.22067062314647898
4.748,0.0001489868891546564,0.19270833333333215,0.14885159010600546,4.5963614983588815e-06,-0.12687707118642821,-0.3062570295546886
4.749,0.0001489868891546564,-0.8072916666666679,0.14885159010600546,1.3857707439722138e-06,-0.40912297649493595,0.03732188644535749
4.75,0.0001489868891546564,0.19270833333333215,0.14885159010600546,-3.5333237418936695e-06,-0.12593647836190267,0.3277745337445782
4.751,0.0001489868891546564,0.19270833333333215,0.14885159010600546,-3.3949241373104982e-06,0.32831497184813435,0.1587131126952238
4.752,0.0001489868891546564,0.19270833333333215,-0.8511484098939945,1.2360728542953065e-06,0.32683329941670614,-0.23167198530124786
4.753,0.0001489868891546564,0.19270833333333215,-0.8511484098939945,3.763190854963195e-06,-0.12423250777967976,-0.29665191245036077
4.754,0.0001489868891546564,-0.8072916666666679,0.14885159010600546,1.0820113642741269e-06,-0.3999668564287331,0.05296323794805155
4.755,0.0001489868891546564,0.19270833333333215,0.14885159010600546,-2.5887648069546736e-06,-0.12292761164967107,0.326716576337415
4.756,0.0001489868891546564,0.19270833333333215,0.14885159010600546,-2.329432170224409e-06,0.31997163911752985,0.14313763009920544
4.757,0.0001489868891546564,0.19270833333333215,-0.8511484098939945,7.761609585321444e-07,0.3180517506903129,-0.23859462538596474
4.758,0.0001489868891546564,0.19270833333333215,-0.8511484098939945,2.1491600295908587e-06,-0.12071513401467775,-0.2851143051689712
4.759,0.0001489868891546564,-0.8072916666666679,0.14885159010600546,5.47040357380264e-07,-0.38809976022482084,0.06542539815558655
4.76,0.0001489868891546564,0.19270833333333215,0.14885159010600546,-1.0739629743932327e-06,-0.1191200780207421,0.32166074941074985
4.761,0.0001489868891546564,0.19270833333333215,0.14885159010600546,-7.311298715557996e-07,0.30965072134448296,0.12846418618642097
4.762,0.0001489868891546564,0.19270833333333215,0.14885159010600546,1.3044049852913198e-07,0.30741551021811486,-0.24079754199801592
4.763,0.0001489868891546564,0.19270833333333215,0.14885159010600546,-1.0254589643163381e-08,-0.11654044368264481,-0.27164889256679936
4.764,0.0001489868891546564,-0.8072916666666679,0.14885159010600546,-1.3784390305398543e-07,-0.37427991522420884,0.07420304844200386
4.765,0.0001489868891546564,0.19270833333333215,0.14885159010600546,7.734974220447777e-07,-0.11476610091683313,0.3124252158975393
4.766,0.0001489868891546564,0.19270833333333215,0.14885159010600546,1.1424720174029673e-06,0.29805928038227897,0.1150220905532399
4.767,0.0001489868891546564,0.19270833333333215,-0.8511484098939945,-5.949011305436906e-07,0.2956736912307309,-0.23806675717362766
4.768,0.0001489868891546564,0.19270833333333215,0.14885159010600546,-2.3527941069798326e-06,-0.11201014232277959,-0.2564968577204431
4.769,0.0001489868891546564,-0.8072916666666679,0.14885159010600546,-8.557150176165144e-07,-0.3595270289610529,0.07907984816707433
4.77,0.0001489868891546564,0.19270833333333215,0.14885159010600546,2.6344176153218854e-06,-0.11019285864982295,0.29925471765646744
4.771,0.0001489868891546564,0.19270833333333215,0.14885159010600546,2.9634402875584785e-06,0.2860839201157273,0.10311812543956944
4.772,0.0001489868891546564,0.19270833333333215,0.14885159010600546,-1.2718049960606155e-06,0.283737374373084,-0.23063173935672981
4.773,0.0001489868891546564,0.19270833333333215,-0.8511484098939945,-4.460150341047673e-06,-0.10748057220618062,-0.2401550675494795
4.774,0.0001489868891546564,-0.8072916666666679,0.14885159010600546,-1.47702215791826e-06,-0.34501372991295903,0.08011851468485984
4.775,0.0001489868891546564,0.19270833333333215,0.14885159010600546,4.171039318199548e-06,-0.1057671278792374,0.28281745182931417
4.776,0.0001489868891546564,0.19270833333333215,0.14885159010600546,4.398517352780846e-06,0.2746934443951616,0.09304887284050475
4.777,0.0001489868891546564,0.19270833333333215,-0.8511484098939945,-1.7758226995005246e-06,0.2725783581900386,-0.21913528840892565
4.778,0.0001489868891546564,0.19270833333333215,-0.8511484098939945,-5.941542890214449e-06,-0.10332261041687354,-0.22336161652736772
4.779,0.0001489868891546564,-0.8072916666666679,0.14885159010600546,-1.8855664885613823e-06,-0.3319324005117014,0.07762551648504701
4.78,0.0001489868891546564,0.19270833333333215,0.14885159010600546,5.0948267433537405e-06,-0.10185328945713581,0.264151653520815
4.781,0.0001489868891546564,0.19270833333333215,0.14885159010600546,5.1761508363798355e-06,0.2648269058516575,0.08510591839076351
4.782,0.0001489868891546564,0.19270833333333215,0.14885159010600546,-2.0111515582164755e-06,0.263116077396994,-0.20455847118936882
4.783,0.0001489868891546564,0.19270833333333215,0.14885159010600546,-6.512510254520264e-06,-0.09987819008517151,-0.2070458004923532
4.784,0.0001489868891546564,-0.8072916666666679,0.14885159010600546,-2.0019786416777407e-06,-0.321354657854879,0.07209508014795218
4.785,0.0001489868891546564,0.19270833333333215,0.14885159010600546,5.224734558959723e-06,-0.09877018308260024,0.24456534283542783
4.786,0.0001489868891546564,0.19270833333333215,0.14885159010600546,5.141399352185179e-06,0.25728182177846404,0.07957103246460101
4.787,0.0001489868891546564,0.19270833333333215,0.14885159010600546,-1.9299888716811734e-06,0.25610772685722016,-0.1881085537834246
4.788,0.0001489868891546564,0.19270833333333215,0.14885159010600546,-6.05247777716706e-06,-0.09741927682059218,-0.19224592922884506
4.789,0.0001489868891546564,-0.8072916666666679,0.14885159010600546,-1.7998111119552366e-06,-0.31410244575527274,0.0641400811438703
4.79,0.0001489868891546564,0.19270833333333215,0.14885159010600546,4.52388203647064e-06,-0.09675266787019035,0.22549976258664228
4.791,0.0001489868891546564,0.19270833333333215,0.14885159010600546,4.287370521346621e-06,0.2526178414065635,0.07670017298396424
4.792,0.0001489868891546564,0.19270833333333215,0.14885159010600546,-1.5422266270619888e-06,0.25205670207115305,-0.1710834956148993
4.793,0.0001489868891546564,0.19270833333333215,-0.8511484098939945,-4.629319668792671e-06,-0.09611497850439858,-0.18000358585347354
4.794,0.0001489868891546564,0.19270833333333215,0.14885159010600546,-1.310969087936849e-06,-0.310648676343012,0.054419281062912876
4.795,0.0001489868891546564,0.19270833333333215,0.14885159010600546,3.107231442138531e-06,-0.09592326747597223,0.20837293968743378
4.796,0.0001489868891546564,0.19270833333333215,0.14885159010600546,2.7569068600800714e-06,0.25108942460533623,0.07669720436457926
4.797,0.0001489868891546564,0.19270833333333215,-0.8511484098939945,-9.135804417589253e-07,0.2511523198304526,-0.1547304091584423
4.798,0.0001489868891546564,0.19270833333333215,0.14885159010600546,-2.486186342939711e-06,-0.09601147286022209,-0.17124712041356696
4.799,0.0001489868891546564,0.19270833333333215,0.14885159010600546,-6.194733674383637e-07,-0.3110616659859013,0.04357086139349684
4.8,0.0001489868891546564,0.19270833333333215,0.14885159010600546,1.2190164062832022e-06,-0.09627799523314375,0.19442345982669273
4.801,0.0001489868891546564,0.19270833333333215,0.14885159010600546,8.145197445650173e-07,0.2526173256968564,0.07968029123004883
4.802,0.0001489868891546564,0.19270833333333215,0.14885159010600546,-1.5267914649911862e-07,0.2532496704568956,-0.14011665720842986
4.803,0.0001489868891546564,0.19270833333333215,0.14885159010600546,6.224085985752153e-09,-0.09702772863165351,-0.1666795761495313
4.804,0.0001489868891546564,-0.8072916666666679,0.14885159010600546,1.550150748155145e-07,-0.31500172604323834,0.032161083693982816
4.805,0.0001489868891546564,0.19270833333333215,0.14885159010600546,-8.150487824769404e-07,-0.09768853600243728,0.184575205576804
4.806,0.0001489868891546564,0.19270833333333215,0.14885159010600546,-1.2052738373687134e-06,0.25680337650749674,0.08564569064097544
4.807,0.0001489868891546564,0.19270833333333215,0.14885159010600546,6.100876207184473e-07,0.25789293884253833,-0.1280305895980408
4.808,0.0001489868891546564,0.19270833333333215,0.14885159010600546,2.421697807647879e-06,-0.09896781048318633,-0.1666864131183291
4.809,0.0001489868891546564,-0.8072916666666679,0.14885159010600546,8.803949110624847e-07,-0.32177101894205756,0.02065426310133582
4.81,0.0001489868891546564,0.19270833333333215,0.14885159010600546,-2.6506528589350775e-06,-0.09992067801109022,0.17934122406643366
4.811,0.0001489868891546564,0.19270833333333215,0.14885159010600546,-2.962325506782671e-06,0.2629869858539183,0.09443484135620443
4.812,0.0001489868891546564,0.19270833333333215,0.14885159010600546,1.2475312645682596e-06,0.2643794065759218,-0.1189244618016766
4.813,0.0001489868891546564,0.19270833333333215,-0.8511484098939945,4.35981689148287e-06,-0.10154821098963568,-0.17127620338389077
4.814,0.0001489868891546564,-0.8072916666666679,0.14885159010600546,1.4372314627618483e-06,-0.3304102271209857,0.009406458495365286
4.815,0.0001489868891546564,0.19270833333333215,0.14885159010600546,-3.989874337372271e-06,-0.10266657280764868,0.17877937800373758
4.816,0.0001489868891546564,0.19270833333333215,0.14885159010600546,-4.174704130418527e-06,0.2703358096115126,0.10571100803431359
4.817,0.0001489868891546564,0.19270833333333215,0.14885159010600546,1.6593308152568013e-06,0.2718555136837565,-0.11290549470911793
4.818,0.0001489868891546564,0.19270833333333215,-0.8511484098939945,5.519999309243531e-06,-0.10443649244446213,-0.18006320718636545
4.819,0.0001489868891546564,-0.8072916666666679,0.14885159010600546,1.7406847866956432e-06,-0.3398288292373015,-0.0013190137228143504
4.82,0.0001489868891546564,0.19270833333333215,0.14885159010600546,-4.635191144463036e-06,-0.1055863995510147,0.182504837774673
4.821,0.0001489868891546564,0.19270833333333215,0.14885159010600546,-4.669242999461052e-06,0.27795808809152317,0.11895116146207016
4.822,0.0001489868891546564,0.19270833333333215,-0.8511484098939945,1.789705388318281e-06,0.2794316915823413,-0.10977341046861826
4.823,0.0001489868891546564,0.19270833333333215,0.14885159010600546,5.7536657301734694e-06,-0.10729587200716076,-0.19229503745303447
4.824,0.0001489868891546564,-0.8072916666666679,0.14885159010600546,1.7549664239377245e-06,-0.3489508556407882,-0.01132017417993401
4.825,0.0001489868891546564,0.19270833333333215,0.14885159010600546,-4.522058323343027e-06,-0.10835362523502286,0.18975602923257945
4.826,0.0001489868891546564,0.19270833333333215,0.14885159010600546,-4.409106511551691e-06,0.28502095079902423,0.13345727178920047
4.827,0.0001489868891546564,0.19270833333333215,0.14885159010600546,1.6357619841198929e-06,0.28629989304799763,-0.10909542791210407
4.828,0.0001489868891546564,0.19270833333333215,0.14885159010600546,5.084850390396998e-06,-0.10982949909920729,-0.20692236882515658
4.829,0.0001489868891546564,-0.8072916666666679,0.14885159010600546,1.4976921432948658e-06,-0.35685566431669885,-0.020418024217191296
4.83,0.0001489868891546564,0.19270833333333215,0.14885159010600546,-3.724311636403094e-06,-0.11069750091527569,0.19950277654459952
4.831,0.0001489868891546564,0.19270833333333215,0.14885159010600546,-3.4937051214274564e-06,0.29085805343991683,0.14838890728415377
4.832,0.0001489868891546564,0.19270833333333215,0.14885159010600546,1.2452038473903084e-06,0.29183728144682486,-0.11030393129335367
4.833,0.0001489868891546564,0.19270833333333215,-0.8511484098939945,3.6963439771633184e-06,-0.11181819525090124,-0.22270183647678232
4.834,0.0001489868891546564,-0.8072916666666679,0.14885159010600546,1.0336507426020555e-06,-0.36289391981037983,-0.028421533613374537
4.835,0.0001489868891546564,0.19270833333333215,0.14885159010600546,-2.432405235633295e-06,-0.11243680872776289,0.21057941202833674
4.836,0.0001489868891546564,0.19270833333333215,0.14885159010600546,-2.1320999872166e-06,0.29505140457965356,0.1628162394773456
4.837,0.0001489868891546564,0.19270833333333215,0.14885159010600546,7.043058262869702e-07,0.29568149682636385,-0.11279889450478241
4.838,0.0001489868891546564,0.19270833333333215,-0.8511484098939945,1.8856045413413437e-06,-0.11314636033591428,-0.23831882045785086
4.839,0.0001489868891546564,-0.8072916666666679,0.14885159010600546,4.5968902846708205e-07,-0.36676250843388764,-0.03510562108657238
4.84,0.0001489868891546564,0.19270833333333215,0.14885159010600546,-9.10043467598338e-07,-0.11350013019072139,0.22182258429354154
4.841,0.0001489868891546564,0.19270833333333215,0.14885159010600546,-5.964144447116666e-07,0.297475962295809,0.17578962458460543
4.842,0.0001489868891546564,0.19270833333333215,0.14885159010600546,1.1901823742603579e-07,0.29776702435355706,-0.11603724616179066
4.843,0.0001489868891546564,0.19270833333333215,0.14885159010600546,6.898216596285483e-10,-0.11381246470903153,-0.25251441649730877
4.844,0.0001489868891546564,-0.8072916666666679,0.14885159010600546,-1.1583651752654168e-07,-0.368528082267966,-0.04020914931434383
4.845,0.0001489868891546564,0.19270833333333215,0.14885159010600546,5.610353235954018e-07,-0.11392986454235564,0.23219388783824557
4.846,0.0001489868891546564,0.19270833333333215,0.14885159010600546,8.344025959306656e-07,0.29830099993496956,0.18641927528789434
4.847,0.0001489868891546564,0.19270833333333215,0.14885159010600546,-4.0665088961210847e-07,0.29831785828666685,-0.1195947071647848
4.848,0.0001489868891546564,0.19270833333333215,0.14885159010600546,-1.6298709661247497e-06,-0.11392279508939766,-0.264200899754205
4.849,0.0001489868891546564,-0.8072916666666679,0.14885159010600546,-5.946221339651887e-07,-0.36859642466700676,-0.04345575272469553
4.85,0.0001489868891546564,0.19270833333333215,0.14885159010600546,1.7363545655299693e-06,-0.11386960092177588,0.2408711526106736
4.851,0.0001489868891546564,0.19270833333333215,0.14885159010600546,1.928584826623636e-06,0.29794856108922535,0.19395655900232803
4.852,0.0001489868891546564,0.19270833333333215,0.14885159010600546,-7.904505377812073e-07,0.2977980503020362,-0.12319162052713564
4.853,0.0001489868891546564,0.19270833333333215,-0.8511484098939945,-2.758721995464431e-06,-0.11366957236721924,-0.2725523328049541
4.854,0.0001489868891546564,0.19270833333333215,0.14885159010600546,-9.065626382558458e-07,-0.3676327658567959,-0.044595272322288916
4.855,0.0001489868891546564,0.19270833333333215,0.14885159010600546,2.4528273423752563e-06,-0.11353688935779255,0.24729855871382056
4.856,0.0001489868891546564,0.19270833333333215,0.14885159010600546,2.5424565889900336e-06,0.2970156127784744,0.19786748912227467
4.857,0.0001489868891546564,0.19270833333333215,-0.8511484098939945,-9.859583373285615e-07,0.29682790763274225,-0.12668180772195242
4.858,0.0001489868891546564,0.19270833333333215,-0.8511484098939945,-3.2607333650429803e-06,-0.11329684893466166,-0.2770611987995211
4.859,0.0001489868891546564,-0.8072916666666679,0.14885159010600546,-1.0209640859355971e-06,-0.36644537114586345,-0.04345863409879008
4.86,0.0001489868891546564,0.19270833333333215,0.14885159010600546,2.6533195003496286e-06,-0.1131855997673992,0.2511934882310825
4.861,0.0001489868891546564,0.19270833333333215,0.14885159010600546,2.6406060098290075e-06,0.2961718276347734,0.1978892191876035
4.862,0.0001489868891546564,0.19270833333333215,0.14885159010600546,-9.88354389831765e-07,0.2960786444365408,-0.13001109262018284
4.863,0.0001489868891546564,0.19270833333333215,-0.8511484098939945,-3.146222111762897e-06,-0.11305938106233884,-0.27755729122335066
4.864,0.0001489868891546564,-0.8072916666666679,0.14885159010600546,-9.489192246005431e-07,-0.36585010346183805,-0.04001516467445355
4.865,0.0001489868891546564,0.19270833333333215,0.14885159010600546,2.387743370482134e-06,-0.11306358486259728,0.252515739692405
4.866,0.0001489868891546564,0.19270833333333215,0.14885159010600546,2.2923915627463618e-06,0.2960484859459953,0.19406184791277087
4.867,0.0001489868891546564,0.19270833333333215,0.14885159010600546,-8.312059132726216e-07,0.2961614353478047,-0.13315834546525196
4.868,0.0001489868891546564,0.19270833333333215,0.14885159010600546,-2.5452873565261136e-06,-0.11318069126241838,-0.2741906286715273
4.869,0.0001489868891546564,-0.8072916666666679,0.14885159010600546,-7.368864295690503e-07,-0.3665364202877138,-0.034419432499483885
4.87,0.0001489868891546564,0.19270833333333215,0.14885159010600546,1.7918995451112848e-06,-0.11337204231416863,0.25141096574909616
4.871,0.0001489868891546564,0.19270833333333215,0.14885159010600546,1.6469695558712025e-06,0.297135252198561,0.18673045864184415
4.872,0.0001489868891546564,0.19270833333333215,0.14885159010600546,-5.754997753167044e-07,0.2975275994094203,-0.13607545803822413
4.873,0.0001489868891546564,0.19270833333333215,-0.8511484098939945,-1.6683452452621625e-06,-0.11381663330836606,-0.2673849511223695
4.874,0.0001489868891546564,-0.8072916666666679,0.14885159010600546,-4.5336514426844894e-07,-0.368954985111783,-0.027035260966046647
4.875,0.0001489868891546564,0.19270833333333215,0.14885159010600546,1.04992553670645e-06,-0.11423269982231635,0.24814378837524917
4.876,0.0001489868891546564,0.19270833333333215,0.14885159010600546,8.934633526535004e-07,0.2997003547407254,0.1765157457384886
4.877,0.0001489868891546564,0.19270833333333215,0.14885159010600546,-2.93741221976827e-07,0.3003949334294955,-0.1386427915416188
4.878,0.0001489868891546564,0.19270833333333215,-0.8511484098939945,-7.527417203572564e-07,-0.11502993235431773,-0.25777162583885455
4.879,0.0001489868891546564,-0.8072916666666679,0.14885159010600546,-1.7193086062325354e-07,-0.3732437897928759,-0.01842766852876261
4.88,0.0001489868891546564,0.19270833333333215,0.14885159010600546,3.4940172658671903e-07,-0.11566776177095389,0.24303634427816218
4.881,0.0001489868891546564,0.19270833333333215,0.14885159010600546,2.1572525860192476e-07,0.30374615846362607,0.16425538790684757
4.882,0.0001489868891546564,0.19270833333333215,0.14885159010600546,-5.284738595416091e-08,0.3047112649745116,-0.14065321492391894
4.883,0.0001489868891546564,0.19270833333333215,0.14885159010600546,-7.79594630669014e-09,-0.11677951764691893,-0.24611508345522382
4.884,0.0001489868891546564,-0.8072916666666679,0.14885159010600546,4.549323454282971e-08,-0.3792038790190738,-0.009318753819242232
4.885,0.0001489868891546564,0.19270833333333215,0.14885159010600546,-1.6071909683448117e-07,-0.11759563219605122,0.236425004991905
4.886,0.0001489868891546564,0.19270833333333215,0.14885159010600546,-2.481742104836255e-07,0.30900679070958365,0.15092200745400491
4.887,0.0001489868891546564,0.19270833333333215,0.14885159010600546,1.0036554917043791e-07,0.3101606896084836,-0.14183144761240993
4.888,0.0001489868891546564,0.19270833333333215,0.14885159010600546,4.296565323201056e-07,-0.11892624010088819,-0.2332401397042643
4.889,0.0001489868891546564,-0.8072916666666679,0.14885159010600546,1.614952965559545e-07,-0.3863282997586798,-0.0005101233180400546
4.89,0.0001489868891546564,0.19270833333333215,0.14885159010600546,-4.003121815908355e-07,-0.11984305078161225,0.22864234717684503
4.891,0.0001489868891546564,0.19270833333333215,0.14885159010600546,-4.3312266644933784e-07,0.31498814888624,0.1375265974219283
4.892,0.0001489868891546564,0.19270833333333215,0.14885159010600546,1.4805551383324038e-07,0.316211525154584,-0.14188722913431542
4.893,0.0001489868891546564,0.19270833333333215,-0.8511484098939945,5.200289559287385e-07,-0.12125410087790717,-0.21996904900857345
4.894,0.0001489868891546564,-0.8072916666666679,0.14885159010600546,1.6955021989163284e-07,-0.3938798743835167,0.007218794200179528
4.895,0.0001489868891546564,0.19270833333333215,0.14885159010600546,-3.703955524448633e-07,-0.12217179964528047,0.22002430981708587
4.896,0.0001489868891546564,0.19270833333333215,0.14885159010600546,-3.555285930771252e-07,0.32104422340942407,0.12501827153645273
4.897,0.0001489868891546564,0.19270833333333215,-0.8511484098939945,1.0292496972990318e-07,0.32219871244317283,-0.14059246480641024
4.898,0.0001489868891546564,0.19270833333333215,-0.8511484098939945,3.216190480513992e-07,-0.12350377549895135,-0.2070725209922333
4.899,0.0001489868891546564,-0.8072916666666679,0.14885159010600546,9.284131751436943e-08,-0.40100600739105274,0.013221555274987973
4.9,0.0001489868891546564,0.19270833333333215,0.14885159010600546,-1.457603118020691e-07,-0.12431592764661922,0.2109353817330095
4.901,0.0001489868891546564,0.19270833333333215,0.14885159010600546,-1.0233472734349519e-07,0.3264781612938655,0.11419180089734886
4.902,0.0001489868891546564,0.19270833333333215,0.14885159010600546,2.5162690388201053e-09,0.32742815450901847,-0.13786566836400083
4.903,0.0001489868891546564,0.19270833333333215,0.14885159010600546,-3.17877409457381e-08,-0.12541334838680263,-0.1952350438299704
4.904,0.0001489868891546564,-0.8072916666666679,0.14885159010600546,-2.382444993502027e-08,-0.40687308150608364,0.01708624823667607
4.905,0.0001489868891546564,0.19270833333333215,0.14885159010600546,1.4943528240796014e-07,-0.12602382564897716,0.2017991648361152
4.906,0.0001489868891546564,0.19270833333333215,0.14885159010600546,1.9607205990025495e-07,0.33065269388744484,0.1056135384882293
4.907,0.0001489868891546564,0.19270833333333215,0.14885159010600546,-1.021198370679871e-07,0.3312870955551078,-0.13384325705640476
4.908,0.0001489868891546564,0.19270833333333215,0.14885159010600546,-3.701638647376932e-07,-0.12676005331935206,-0.18503156174601737
4.909,0.0001489868891546564,-0.8072916666666679,0.14885159010600546,-1.2684864353974295e-07,-0.41079992381441843,0.018709080242551804
4.91,0.0001489868891546564,0.19270833333333215,0.14885159010600546,3.7675767397974683e-07,-0.12709871246404775,0.1931190328550472
4.911,0.0001489868891546564,0.19270833333333215,0.14885159010600546,4.021428588694926e-07,0.33309302611412084,0.09957409626485678
4.912,0.0001489868891546564,0.19270833333333215,0.14885159010600546,-1.6053482597889462e-07,0.3333436066624284,-0.1289175556122406
4.913,0.0001489868891546564,0.19270833333333215,0.14885159010600546,-5.336051035803837e-07,-0.12739661421734524,-0.17691056502287672
4.914,0.0001489868891546564,-0.8072916666666679,0.14885159010600546,-1.682778975269796e-07,-0.41236979169756866,0.01832438336778624
4.915,0.0001489868891546564,0.19270833333333215,0.14885159010600546,4.207513254854669e-07,-0.12743127529028778,0.1854745903936186
4.916,0.0001489868891546564,0.19270833333333215,0.14885159010600546,4.0790569463885147e-07,0.3335662689497751,0.096072823270006
4.917,0.0001489868891546564,0.19270833333333215,-0.8511484098939945,-1.363945754633772e-07,0.3334197300516936,-0.12372599778591152
4.918,0.0001489868891546564,0.19270833333333215,-0.8511484098939945,-4.1480755985506375e-07,-0.12727653143383413,-0.17117839397898757
4.919,0.0001489868891546564,-0.8072916666666679,0.14885159010600546,-1.1844381024481737e-07,-0.4115033594324907,0.016481604167509156
4.92,0.0001489868891546564,0.19270833333333215,0.14885159010600546,2.1961063941441e-07,-0.12701932739327995,0.17948426097221193
4.921,0.0001489868891546564,0.19270833333333215,0.14885159010600546,1.6359300934979394e-07,0.33212485773381206,0.09483518481913428
4.922,0.0001489868891546564,0.19270833333333215,0.14885159010600546,-1.7251027071468655e-08,0.33162663010645504,-0.11908441016420233
4.923,0.0001489868891546564,0.19270833333333215,-0.8511484098939945,1.2152776104152198e-08,-0.12646425517567678,-0.16798107342322757
4.924,0.0001489868891546564,-0.8072916666666679,0.14885159010600546,2.6092092704016102e-08,-0.40848084715824196,0.013968268259930819
4.925,0.0001489868891546564,0.19270833333333215,0.14885159010600546,-2.177442590737334e-07,-0.12597123890788836,0.17573187006622734
4.926,0.0001489868891546564,0.19270833333333215,0.14885159010600546,-3.0834772465821335e-07,0.3291066533079828,0.09536009993715049
4.927,0.0001489868891546564,0.19270833333333215,0.14885159010600546,1.8164115192411572e-07,0.3283556598140953,-0.11586807909344558
4.928,0.0001489868891546564,0.19270833333333215,0.14885159010600546,6.832018859090001e-07,-0.12512839979842463,-0.16728291934745057
4.929,0.0001489868891546564,-0.8072916666666679,0.14885159010600546,2.41054326525486e-07,-0.403908905613726,0.011687246367702405
4.93,0.0001489868891546564,0.19270833333333215,0.14885159010600546,-8.119602923988008e-07,-0.1244922891507221,0.17466416341139823
4.931,0.0001489868891546564,0.19270833333333215,0.14885159010600546,-9.169100000625405e-07,0.3250908094218307,0.09699070539681044
4.932,0.0001489868891546564,0.19270833333333215,0.14885159010600546,4.202798403717748e-07,0.32422576836171163,-0.11485562510808732
4.933,0.0001489868891546564,0.19270833333333215,0.14885159010600546,1.457574426463495e-06,-0.1235186599137686,-0.1688447945651854
4.934,0.0001489868891546564,-0.8072916666666679,0.14885159010600546,4.796991635295182e-07,-0.39863606659779816,0.010505302151571232
4.935,0.0001489868891546564,0.19270833333333215,0.14885159010600546,-1.4306788817264371e-06,-0.12285563194019812,0.1764750157292868
4.936,0.0001489868891546564,0.19270833333333215,0.14885159010600546,-1.5228455843227996e-06,0.3208150793506842,0.09899935839671034
4.937,0.0001489868891546564,0.19270833333333215,-0.8511484098939945,6.429106398019679e-07,0.3199941997341761,-0.11656038200831638
4.938,0.0001489868891546564,0.19270833333333215,-0.8511484098939945,2.149817288031582e-06,-0.1219295269923458,-0.17220832862203847
4.939,0.0001489868891546564,-0.8072916666666679,0.14885159010600546,6.835339059532857e-07,-0.3936282953117279,0.011096298791012489
4.94,0.0001489868891546564,0.19270833333333215,0.14885159010600546,-1.918991485649264e-06,-0.1213618872612556,0.18099874960948562
4.941,0.0001489868891546564,0.19270833333333215,0.14885159010600546,-1.970887135650004e-06,0.31706606555980354,0.10067630442593879
4.942,0.0001489868891546564,0.19270833333333215,0.14885159010600546,7.909732518253668e-07,0.31644300949830995,-0.12107998461407828
4.943,0.0001489868891546564,0.19270833333333215,0.14885159010600546,2.5730815872426667e-06,-0.12065591764625272,-0.17669472835707833
4.944,0.0001489868891546564,-0.8072916666666679,0.14885159010600546,7.960355835180547e-07,-0.389822305621875,0.013805296960515434
4.945,0.0001489868891546564,0.19270833333333215,0.14885159010600546,-2.1359242752541724e-06,-0.12029313229869588,0.1876378742395193
4.946,0.0001489868891546564,0.19270833333333215,0.14885159010600546,-2.1264895921351516e-06,0.31455813339576605,0.10141147196721044
4.947,0.0001489868891546564,0.19270833333333215,0.14885159010600546,8.17039678971594e-07,0.31425773774158333,-0.12799572209314
4.948,0.0001489868891546564,0.19270833333333215,0.14885159010600546,2.5838247479593828e-06,-0.11994711634105201,-0.1814272268400168
4.949,0.0001489868891546564,-0.8072916666666679,0.14885159010600546,7.762444047485808e-07,-0.3879779196492999,0.018558343928125196
4.95,0.0001489868891546564,0.19270833333333215,0.14885159010600546,-1.988655064792612e-06,-0.11986800193346671,0.1953486431438444
4.951,0.0001489868891546564,0.19270833333333215,0.14885159010600546,-1.9087471556720034e-06,0.3138186881496631,0.10076025375482042
4.952,0.0001489868891546564,0.19270833333333215,0.14885159010600546,6.96581557385893e-07,0.3139160531323814,-0.1363482611080316
4.953,0.0001489868891546564,0.19270833333333215,0.14885159010600546,2.117792437477666e-06,-0.11996581291591822,-0.18538432835924887
4.954,0.0001489868891546564,-0.8072916666666679,0.14885159010600546,6.091554505792715e-07,-0.38855132399412823,0.024836981863207954
4.955,0.0001489868891546564,0.19270833333333215,0.14885159010600546,-1.4567161418876352e-06,-0.12020458088444241,0.20270093103611425
4.956,0.0001489868891546564,0.19270833333333215,0.14885159010600546,-1.3120379192085515e-06,0.31509694961246915,0.09848664376375446
4.957,0.0001489868891546564,0.19270833333333215,0.14885159010600546,4.3490036127964655e-07,0.3156030934765499,-0.1447059451564622
4.958,0.0001489868891546564,0.19270833333333215,-0.8511484098939945,1.2091312520809324e-06,-0.12075841649058248,-0.1874868388128249
4.959,0.0001489868891546564,-0.8072916666666679,0.14885159010600546,3.105558621747006e-07,-0.39160848825124384,0.03172708824094178
4.96,0.0001489868891546564,0.19270833333333215,0.14885159010600546,-6.006829981065911e-07,-0.1212967730778333,0.20801778991993064
4.961,0.0001489868891546564,0.19270833333333215,0.14885159010600546,-4.114677512950269e-07,0.31831030893345313,0.09458031790636565
4.962,0.0001489868891546564,0.19270833333333215,0.14885159010600546,6.763019782063153e-08,0.31916670728224567,-0.1513274080281852
4.963,0.0001489868891546564,0.19270833333333215,-0.8511484098939945,-1.177246322625192e-08,-0.1222413292580766,-0.18671574470543187
4.964,0.0001489868891546564,-0.8072916666666679,0.14885159010600546,-7.481486248041679e-08,-0.3967926119669514,0.03803996313341887
4.965,0.0001489868891546564,0.19270833333333215,0.14885159010600546,4.4672602263676485e-07,-0.12300800407392419,0.20958627800384427
4.966,0.0001489868891546564,0.19270833333333215,0.14885159010600546,6.49245909093092e-07,0.32303723489901426,0.08924768806747202
4.967,0.0001489868891546564,0.19270833333333215,0.14885159010600546,-3.453649933612299e-07,0.3241203330872893,-0.15440391004765705
4.968,0.0001489868891546564,0.19270833333333215,0.14885159010600546,-1.3414665853405763e-06,-0.12420567232040135,-0.18225126780246462
4.969,0.0001489868891546564,-0.8072916666666679,0.14885159010600546,-4.814421322323987e-07,-0.40335200247974373,0.0424914245441868
4.97,0.0001489868891546564,0.19270833333333215,0.14885159010600546,1.5053725942427062e-06,-0.12508370488464926,0.20591701086607903
4.971,0.0001489868891546564,0.19270833333333215,0.14885159010600546,1.6849818044333203e-06,0.3285592236682424,0.08288013034126167
4.972,0.0001489868891546564,0.19270833333333215,0.14885159010600546,-7.314412661268872e-07,0.3296946032000333,-0.15235132279824254
4.973,0.0001489868891546564,0.19270833333333215,0.14885159010600546,-2.5427970433331232e-06,-0.1263403769226023,-0.17361710518417145
4.974,0.0001489868891546564,-0.8072916666666679,0.14885159010600546,-8.358385832720225e-07,-0.4102263044686223,0.04391406950900137
4.975,0.0001489868891546564,0.19270833333333215,0.14885159010600546,2.383056715625157e-06,-0.12718137909647753,0.19601788479586713
4.976,0.0001489868891546564,0.19270833333333215,0.14885159010600546,2.5057903190056357e-06,0.3339473666878815,0.07600506540221952
4.977,0.0001489868891546564,0.19270833333333215,-0.8511484098939945,-1.0195624373782078e-06,0.334931862104278,-0.14410981139833956
4.978,0.0001489868891546564,0.19270833333333215,-0.8511484098939945,-3.3921638481368526e-06,-0.12827095054195495,-0.16080926540782411
4.979,0.0001489868891546564,-0.8072916666666679,0.14885159010600546,-1.0712691041558248e-06,-0.41618069790526735,0.04147065790495294
4.98,0.0001489868891546564,0.19270833333333215,0.14885159010600546,2.9140549933313625e-06,-0.12891454383780518,0.17963992959651498
4.981,0.0001489868891546564,0.19270833333333215,0.14885159010600546,2.955122655709463e-06,0.3381827223952678,0.0692270601053726
4.982,0.0001489868891546564,0.19270833333333215,-0.8511484098939945,-1.1545958992074606e-06,0.33881162174227564,-0.12940332852856407
4.983,0.0001489868891546564,0.19270833333333215,0.14885159010600546,-3.7247150482614546e-06,-0.12960896599093485,-0.14438716137109148
4.984,0.0001489868891546564,-0.8072916666666679,0.14885159010600546,-1.1412965506469373e-06,-0.4199707295069533,0.03483415734379828
4.985,0.0001489868891546564,0.19270833333333215,0.14885159010600546,2.992736952671803e-06,-0.12990481475705645,0.15745203354946158
4.986,0.0001489868891546564,0.19270833333333215,0.14885159010600546,2.941682523292805e-06,0.3402947238162944,0.06316650348540467
4.987,0.0001489868891546564,0.19270833333333215,0.14885159010600546,-1.1085205349034434e-06,0.34039041132553616,-0.10891252302400302
4.988,0.0001489868891546564,0.19270833333333215,0.14885159010600546,-3.468012866159005e-06,-0.13000572404766317,-0.1255064550447246
4.989,0.0001489868891546564,-0.8072916666666679,0.14885159010600546,-1.0293130704937709e-06,-0.42051583197570563,0.02430300543267569
4.99,0.0001489868891546564,0.19270833333333215,0.14885159010600546,2.5952458982462172e-06,-0.12983516328759884,0.13110717403229707
4.991,0.0001489868891546564,0.19270833333333215,0.14885159010600546,2.4582663958598947e-06,0.3394990425426484,0.05840274551754868
4.992,0.0001489868891546564,0.19270833333333215,0.14885159010600546,-8.862219066184701e-07,0.3389371699192346,-0.08432390234969306
4.993,0.0001489868891546564,0.19270833333333215,0.14885159010600546,-2.6572013473071922e-06,-0.1292028351373914,-0.1058787384896554
4.994,0.0001489868891546564,-0.8072916666666679,0.14885159010600546,-7.520878153254096e-07,-0.41705797697876623,0.010828389224499399
4.995,0.0001489868891546564,0.19270833333333215,0.14885159010600546,1.7847938808743384e-06,-0.12849708943295093,0.10317545829102547
4.996,0.0001489868891546564,0.19270833333333215,0.14885159010600546,1.5837442330945801e-06,0.33531606706946837,0.055427089413528946
4.997,0.0001489868891546564,0.19270833333333215,0.14885159010600546,-5.247045539821014e-07,0.3340456119869396,-0.05823411933903999
4.998,0.0001489868891546564,0.19270833333333215,0.14885159010600546,-1.428641741916004e-06,-0.12707275777196467,-0.08765200209759358
4.999,0.0001489868891546564,-0.8072916666666679,0.14885159010600546,-3.5663234080519937e-07,-0.4092835436199759,-0.004057264774468694
5.0,0.0001489868891546564,0.19270833333333215,0.14885159010600546,6.995877093969026e-07,-0.12582516927265405,0.07693723144753882
5.001,0.0001489868891546564,0.19270833333333215,0.14885159010600546,4.678910192555761e-07,0.32765349073583355,0.054609024689757146
5.002,0.0001489868891546564,0.19270833333333215,0.14885159010600546,-8.59357020795788e-08,0.325707842687445,-0.033908939340597244
5.003,0.0001489868891546564,0.19270833333333215,0.14885159010600546,6.500570785252074e-09,-0.12364358595540571,-0.07321688769586152
5.004,0.0001489868891546564,-0.8072916666666679,0.14885159010600546,8.891646705746127e-08,-0.3973911516119821,-0.018406648701902048
5.005,0.0001489868891546564,0.19270833333333215,0.14885159010600546,-4.739769230819458e-07,-0.12191405728564134,0.056050250146368934
5.006,0.0001489868891546564,0.19270833333333215,0.14885159010600546,-6.976575753331507e-07,0.31684112839151807,0.05617695264070306
5.007,0.0001489868891546564,0.19270833333333215,0.14885159010600546,3.551486712719919e-07,0.31433852539774254,-0.014918753842313228
5.008,0.0001489868891546564,0.19270833333333215,-0.8511484098939945,1.4031027815126654e-06,-0.11910442510724775,-0.0649553727970758
5.009,0.0001489868891546564,-0.8072916666666679,0.14885159010600546,5.084678225252968e-07,-0.3820952710128972,-0.03009998207456491
5.01,0.0001489868891546564,0.19270833333333215,0.14885159010600546,-1.5372118966151526e-06,-0.1170153268882269,0.044125321359236545
5.011,0.0001489868891546564,0.19270833333333215,0.14885159010600546,-1.7162379586710384e-06,0.3036123586303972,0.06021274072226724
5.012,0.0001489868891546564,0.19270833333333215,0.14885159010600546,7.249725673032018e-07,0.3007454188233801,-0.004692977664812317
5.013,0.0001489868891546564,0.19270833333333215,0.14885159010600546,2.5288705580342703e-06,-0.1137902558872149,-0.06495895517926221
5.014,0.0001489868891546564,-0.8072916666666679,0.14885159010600546,8.324725630143148e-07,-0.3645639076468761,-0.03713205433747616
5.015,0.0001489868891546564,0.19270833333333215,0.14885159010600546,-2.3167155721510488e-06,-0.11151420092990523,0.04426158550586672
5.016,0.0001489868891546564,0.19270833333333215,0.14885159010600546,-2.423205254845803e-06,0.28903365677356546,0.06665801832552352
5.017,0.0001489868891546564,0.19270833333333215,0.14885159010600546,9.650512683480701e-07,0.286049208464191,-0.006050952587579185
5.018,0.0001489868891546564,0.19270833333333215,-0.8511484098939945,3.207521207992371e-06,-0.10814790578490283,-0.07475081706035909
5.019,0.0001489868891546564,-0.8072916666666679,0.14885159010600546,1.010796463277717e-06,-0.34629740739196047,-0.03790416731667287
5.02,0.0001489868891546564,0.19270833333333215,0.14885159010600546,-2.696041956826063e-06,-0.10588888998852371,0.058602880627504905
5.021,0.0001489868891546564,0.19270833333333215,0.14885159010600546,-2.7157433566134025e-06,0.27439057074571915,0.07532934022158508
5.022,0.0001489868891546564,0.19270833333333215,0.14885159010600546,1.0423843503989239e-06,0.2715622800892595,-0.02077440244583268
5.023,0.0001489868891546564,0.19270833333333215,0.14885159010600546,3.34978597608158e-06,-0.10268725562494967,-0.0950494006213691
5.024,0.0001489868891546564,-0.8072916666666679,0.14885159010600546,1.0214273926920908e-06,-0.3289632228944421,-0.031478673077525186
5.025,0.0001489868891546564,0.19270833333333215,0.14885159010600546,-2.6352688320773083e-06,-0.10065755470461166,0.08797833444813791
5.026,0.0001489868891546564,0.19270833333333215,0.14885159010600546,-2.5696596984141337e-06,0.26104425355658284,0.085939202163173
5.027,0.0001489868891546564,0.19270833333333215,0.14885159010600546,9.545265967194417e-07,0.2586415013215078,-0.04928449435620017
5.028,0.0001489868891546564,0.19270833333333215,0.14885159010600546,2.9663779278939558e-06,-0.09792375896438017,-0.1256084818340635
5.029,0.0001489868891546564,-0.8072916666666679,0.14885159010600546,8.733938295139664e-07,-0.31420727848701446,-0.017757553498385613
5.03,0.0001489868891546564,0.19270833333333215,0.14885159010600546,-2.174926117270775e-06,-0.09631952676926674,0.13168271529164297
5.031,0.0001489868891546564,0.19270833333333215,0.14885159010600546,-2.040216092027102e-06,0.2502765188008436,0.09812027390491818
5.032,0.0001489868891546564,0.19270833333333215,0.14885159010600546,7.285022706229117e-07,0.24853345760163914,-0.09047503030574736
5.033,0.0001489868891546564,0.19270833333333215,0.14885159010600546,2.160940254725733e-06,-0.09431948222601745,-0.16516113014456252
5.034,0.0001489868891546564,-0.8072916666666679,0.14885159010600546,6.035062324039879e-07,-0.30346557367397387,0.0024438457814432856
5.035,0.0001489868891546564,0.19270833333333215,0.14885159010600546,-1.4240602399809166e-06,-0.09329814585037795,0.187435782093169
5.036,0.0001489868891546564,0.19270833333333215,0.14885159010600546,-1.2474106986046887e-06,0.24314281590982822,0.11145090456762667
5.037,0.0001489868891546564,0.19270833333333215,0.14885159010600546,4.1401765358069366e-07,0.24223148504017736,-0.1417335864434941
5.038,0.0001489868891546564,0.19270833333333215,-0.8511484098939945,1.1051589138471142e-06,-0.09223003352946085,-0.2114826705842704
5.039,0.0001489868891546564,0.19270833333333215,0.14885159010600546,2.678118947185369e-07,-0.29779949603171507,0.02744257312824538
5.04,0.0001489868891546564,0.19270833333333215,0.14885159010600546,-5.354722489775156e-07,-0.09189230724040523,0.2515369455890556
5.041,0.0001489868891546564,0.19270833333333215,0.14885159010600546,-3.493024327871934e-07,0.2403513569807707,0.1254807017995428
5.042,0.0001489868891546564,0.19270833333333215,0.14885159010600546,7.25813525081376e-08,0.24036215823578688,-0.19915721845923096
5.043,0.0001489868891546564,0.19270833333333215,0.14885159010600546,1.808849385079237e-09,-0.09186392585348743,-0.2615724690218888
5.044,0.0001489868891546564,0.19270833333333215,0.14885159010600546,-7.029172208923952e-08,-0.29777502896101354,0.054851227602140916
5.045,0.0001489868891546564,0.19270833333333215,0.14885159010600546,3.2630734612010485e-07,-0.09224261553798703,0.3192051415534698
5.046,0.0001489868891546564,0.19270833333333215,0.14885159010600546,4.907043561152043e-07,0.2421830566096691,0.13975555857000915
5.047,0.0001489868891546564,0.19270833333333215,0.14885159010600546,-2.3507731713031188e-07,0.24311488895939085,-0.257942277750542
5.048,0.0001489868891546564,0.19270833333333215,0.14885159010600546,-9.56232176959461e-07,-0.09325923968515122,-0.3119381461812863
5.049,0.0001489868891546564,-0.8072916666666679,0.14885159010600546,-3.5272559864743575e-07,-0.3034001293047698,0.08183967943904186
5.05,0.0001489868891546564,0.19270833333333215,0.14885159010600546,1.017464774693946e-06,-0.09431608088389155,0.3850677356316524
5.051,0.0001489868891546564,0.19270833333333215,0.14885159010600546,1.135684187447384e-06,0.24846149259414518,0.15384174261902014
5.052,0.0001489868891546564,0.19270833333333215,-0.8511484098939945,-4.6064754932733905e-07,0.25022255359617407,-0.3129029379022393
5.053,0.0001489868891546564,0.19270833333333215,-0.8511484098939945,-1.622460331727128e-06,-0.09628015423092477,-0.3589510517301672
5.054,0.0001489868891546564,-0.8072916666666679,0.14885159010600546,-5.375613004123457e-07,-0.3141268641745585,0.10546229429884428
5.055,0.0001489868891546564,0.19270833333333215,0.14885159010600546,1.4411255238527866e-06,-0.09791085661542674,0.4437404216365261
5.056,0.0001489868891546564,0.19270833333333215,0.14885159010600546,1.4996662356102797e-06,0.2585755361150332,0.16734852606121586
5.057,0.0001489868891546564,0.19270833333333215,-0.8511484098939945,-5.765991159196048e-07,0.2609944082484726,-0.3590539833463342
5.058,0.0001489868891546564,0.19270833333333215,-0.8511484098939945,-1.9214718311160733e-06,-0.10063332973722726,-0.39923075177528694
5.059,0.0001489868891546564,-0.8072916666666679,0.14885159010600546,-6.058900573411869e-07,-0.32891651924938387,0.12300804400928257
5.06,0.0001489868891546564,0.19270833333333215,0.14885159010600546,1.5622934640992772e-06,-0.10267994282189441,0.49042580905190303
5.061,0.0001489868891546564,0.19270833333333215,0.14885159010600546,1.5601156855403328e-06,0.27155055400379513,0.1799483890453356
5.062,0.0001489868891546564,0.19270833333333215,-0.8511484098939945,-5.797216756751923e-07,0.2743958993366123,-0.3921832028825698
5.063,0.0001489868891546564,0.19270833333333215,-0.8511484098939945,-1.8574722278460783e-06,-0.10590160687808468,-0.43001069589348384
5.064,0.0001489868891546564,-0.8072916666666679,0.14885159010600546,-5.635228905494132e-07,-0.3463579826943855,0.13232743679968803
5.065,0.0001489868891546564,0.19270833333333215,0.14885159010600546,1.4090379514100032e-06,-0.10817042342189707,0.5214540250893198
5.066,0.0001489868891546564,0.19270833333333215,0.14885159010600546,1.356496975578541e-06,0.28615808023727524,0.19139325759949638
5.067,0.0001489868891546564,0.19270833333333215,-0.8511484098939945,-4.893808818026491e-07,0.2891642431010639,-0.4093390018672793
5.068,0.0001489868891546564,0.19270833333333215,-0.8511484098939945,-1.505714503592171e-06,-0.11159038599026419,-0.4494381695979945
5.069,0.0001489868891546564,-0.8072916666666679,0.14885159010600546,-4.3745623075718693e-07,-0.3648233394323743,0.13209336088237758
5.07,0.0001489868891546564,0.19270833333333215,0.14885159010600546,1.0604733820930695e-06,-0.11387298062230317,0.5346950412054949
5.071,0.0001489868891546564,0.19270833333333215,0.14885159010600546,9.760195175207258e-07,0.30104939133324826,0.201524769578143
5.072,0.0001489868891546564,0.19270833333333215,-0.8511484098939945,-3.411709876650188e-07,0.3039445881848475,-0.40916967043397573
5.073,0.0001489868891546564,0.19270833333333215,-0.8511484098939945,-9.89663870436842e-07,-0.11718063649363802,-0.4567691953257616
5.074,0.0001489868891546564,-0.8072916666666679,0.14885159010600546,-2.681477348651296e-07,-0.38264060664316374,0.12196219696987359
5.075,0.0001489868891546564,0.19270833333333215,0.14885159010600546,6.248545939206698e-07,-0.11927537234885838,0.5297888274992557
5.076,0.0001489868891546564,0.19270833333333215,0.14885159010600546,5.303383296284647e-07,0.31489606496888434,0.21027644571424872
5.077,0.0001489868891546564,0.19270833333333215,-0.8511484098939945,-1.7759340042620198e-07,0.317429693374913,-0.3920705988423198
5.078,0.0001489868891546564,0.19270833333333215,-0.8511484098939945,-4.495991786150017e-07,-0.1221819372484808,-0.4524323195539771
5.079,0.0001489868891546564,-0.8072916666666679,0.14885159010600546,-9.949149962788302e-08,-0.3982623721258052,0.10261548180261719
5.08,0.0001489868891546564,0.19270833333333215,0.14885159010600546,2.130702535396341e-07,-0.12391338288163546,0.5081635794522634
5.081,0.0001489868891546564,0.19270833333333215,0.14885159010600546,1.2874235527835919e-07,0.3265206015091007,0.21766605856370058
5.082,0.0001489868891546564,0.19270833333333215,0.14885159010600546,-3.7952996599254265e-08,0.32848652536645717,-0.3601217255551662
5.083,0.0001489868891546564,0.19270833333333215,-0.8511484098939945,-9.934273300890952e-09,-0.12617930571772373,-0.4379524341596324
5.084,0.0001489868891546564,-0.8072916666666679,0.14885159010600546,3.1211091940439545e-08,-0.41041081308113525,0.07567886773283218
5.085,0.0001489868891546564,0.19270833333333215,0.14885159010600546,-8.643725800830081e-08,-0.12741345251621636,0.47284070222161223
5.086,0.0001489868891546564,0.19270833333333215,0.14885159010600546,-1.4613459653395217e-07,0.3350024477757826,0.2237775120058293
5.087,0.0001489868891546564,0.19270833333333215,0.14885159010600546,5.026873070307069e-08,0.3362558440466371,-0.3168258261841173
5.088,0.0001489868891546564,0.19270833333333215,-0.8511484098939945,2.4751524106126264e-07,-0.12886874948692445,-0.41574451383543
5.089,0.0001489868891546564,-0.8072916666666679,0.14885159010600546,1.0109178514468173e-07,-0.4181838082042811,0.043531645290153784
5.09,0.0001489868891546564,0.19270833333333215,0.14885159010600546,-2.2588269684987106e-07,-0.12952262218660163,0.4280538622876154
5.091,0.0001489868891546564,0.19270833333333215,0.14885159010600546,-2.548672253765987e-07,0.3397488621326987,0.22873309456868351
5.092,0.0001489868891546564,0.19270833333333215,0.14885159010600546,7.673029732489905e-08,0.34021522009501365,-0.26668475579210116
5.093,0.0001489868891546564,0.19270833333333215,-0.8511484098939945,2.9871658985449645e-07,-0.13007826396764216,-0.38880471817065865
5.094,0.0001489868891546564,-0.8072916666666679,0.14885159010600546,1.0574822189251529e-07,-0.421112893074566,0.009034244131209422
5.095,0.0001489868891546564,0.19270833333333215,0.14885159010600546,-2.0578383712305306e-07,-0.13012335615919618,0.378734067818479
5.096,0.0001489868891546564,0.19270833333333215,0.14885159010600546,-2.0676803392567922e-07,0.34052532827458865,0.2326588296906693
5.097,0.0001489868891546564,0.19270833333333215,-0.8511484098939945,4.921330313898683e-08,0.3402013149915103,-0.21467160473868988
5.098,0.0001489868891546564,0.19270833333333215,-0.8511484098939945,1.782367525887457e-07,-0.12977311854723944,-0.3603401441285259
5.099,0.0001489868891546564,-0.8072916666666679,0.14885159010600546,5.875601707357939e-08,-0.41917069451660116,-0.024789103013105464
5.1,0.0001489868891546564,0.19270833333333215,0.14885159010600546,-7.083851635313011e-08,-0.12923292976393436,0.32992985626816346
5.101,0.0001489868891546564,0.19270833333333215,0.14885159010600546,-5.3678821587238135e-08,0.33744584552824525,0.2356474745932518
5.102,0.0001489868891546564,0.19270833333333215,0.14885159010600546,-9.745431876927073e-09,0.33639282092107375,-0.16566897839364025
5.103,0.0001489868891546564,0.19270833333333215,0.14885159010600546,-3.3822848064901354e-08,-0.1280463966196183,-0.3333865789539591
5.104,0.0001489868891546564,-0.8072916666666679,0.14885159010600546,-1.3022354333515009e-08,-0.4127321752819565,-0.055071232714531855
5.105,0.0001489868891546564,0.19270833333333215,0.14885159010600546,1.04500083659233e-07,-0.12698907333332254,0.286238829711556
5.106,0.0001489868891546564,0.19270833333333215,0.14885159010600546,1.2604509798967266e-07,0.3309285622542052,0.23772511537239552
5.107,0.0001489868891546564,0.19270833333333215,0.14885159010600546,-6.961389373865169e-08,0.3292603908764647,-0.1239456641876308
5.108,0.0001489868891546564,0.19270833333333215,0.14885159010600546,-2.3520003800372585e-07,-0.12509757275584993,-0.310464689485646
5.109,0.0001489868891546564,-0.8072916666666679,0.14885159010600546,-7.708724004917522e-08,-0.40249956248119717,-0.07938705699723617
5.11,0.0001489868891546564,0.19270833333333215,0.14885159010600546,2.3702148826593678e-07,-0.12362516422668636,0.25132307196561365
5.111,0.0001489868891546564,0.19270833333333215,0.14885159010600546,2.4929294664735845e-07,0.32162615300766834,0.2388278848819208
5.112,0.0001489868891546564,0.19270833333333215,0.14885159010600546,-1.0032480440507389e-07,0.3194935045101439,-0.09273577540945933
5.113,0.0001489868891546564,0.19270833333333215,-0.8511484098939945,-3.293768084011618e-07,-0.12120317339685732,-0.2933190161165379
5.114,0.0001489868891546564,-0.8072916666666679,0.14885159010600546,-1.040412212004454e-07,-0.3894044788398954,-0.09597063264414477
5.115,0.0001489868891546564,0.19270833333333215,0.14885159010600546,2.5723278257241615e-07,-0.11943924710625545,0.2275671313346718
5.116,0.0001489868891546564,0.19270833333333215,0.14885159010600546,2.5046205936638917e-07,0.3103425653339512,0.23879480806659462
5.117,0.0001489868891546564,0.19270833333333215,0.14885159010600546,-8.040678371355486e-08,0.3079160649420827,-0.07396757583076563
5.118,0.0001489868891546564,0.19270833333333215,-0.8511484098939945,-2.513789833640334e-07,-0.11668412420616879,-0.28277180865905344
5.119,0.0001489868891546564,-0.8072916666666679,0.14885159010600546,-7.535650393918301e-08,-0.3745021312587095,-0.10384359239322895
5.12,0.0001489868891546564,0.19270833333333215,0.14885159010600546,1.280154938804755e-07,-0.11476143437394022,0.21591549540234414
5.121,0.0001489868891546564,0.19270833333333215,0.14885159010600546,9.901303320053106e-08,0.2979480648966625,0.23738104583388062
5.122,0.0001489868891546564,0.19270833333333215,0.14885159010600546,-2.882545442848833e-09,0.29540245492998196,-0.06816638720753083
5.123,0.0001489868891546564,0.19270833333333215,-0.8511484098939945,1.4526738923454181e-08,-0.11187420438553133,-0.2787069743793879
5.124,0.0001489868891546564,-0.8072916666666679,0.14885159010600546,1.162168463681997e-08,-0.3588714056351866,-0.10284768640469841
5.125,0.0001489868891546564,0.19270833333333215,0.14885159010600546,-1.4484402929727468e-07,-0.10992380724197934,0.21590020652566722
5.126,0.0001489868891546564,0.19270833333333215,0.14885159010600546,-1.9171450212248754e-07,0.2853029891382311,0.2342929722773219
5.127,0.0001489868891546564,0.19270833333333215,0.14885159010600546,1.2242311986638568e-07,0.2828039575521706,-0.07453087049049947
5.128,0.0001489868891546564,0.19270833333333215,-0.8511484098939945,4.2927438175370854e-07,-0.10709319239659065,-0.2801806951260723
5.129,0.0001489868891546564,-0.8072916666666679,0.14885159010600546,1.4256539541701482e-07,-0.3435317145685658,-0.09358753404087046
5.13,0.0001489868891546564,0.19270833333333215,0.14885159010600546,-5.126328584461387e-07,-0.10523592787694391,0.22584246764778074
5.131,0.0001489868891546564,0.19270833333333215,0.14885159010600546,-5.663998172878927e-07,0.2731976684492009,0.22924291857419157
5.132,0.0001489868891546564,0.19270833333333215,0.14885159010600546,2.706833020927652e-07,0.27089230111978774,-0.0911583859448663
5.133,0.0001489868891546564,0.19270833333333215,-0.8511484098939945,9.067920815345433e-07,-0.10262698688218579,-0.2856373848356307
5.134,0.0001489868891546564,0.19270833333333215,0.14885159010600546,2.8917699378111086e-07,-0.3293830955537379,-0.07730090502612587
5.135,0.0001489868891546564,0.19270833333333215,0.14885159010600546,-8.941580948948042e-07,-0.10096769612278637,0.24318875146072724
5.136,0.0001489868891546564,0.19270833333333215,0.14885159010600546,-9.398677674850306e-07,0.2623121926292428,0.22201758197458693
5.137,0.0001489868891546564,0.19270833333333215,0.14885159010600546,4.075535966361413e-07,0.2603232484824591,-0.11537653045590285
5.138,0.0001489868891546564,0.19270833333333215,0.14885159010600546,1.3333150801662945e-06,-0.09871547655768245,-0.2931952362555691
5.139,0.0001489868891546564,-0.8072916666666679,0.14885159010600546,4.1561772923321864e-07,-0.3171712001645595,-0.05568137230750476
5.14,0.0001489868891546564,0.19270833333333215,0.14885159010600546,-1.1942465053381734e-06,-0.09733980146102542,0.2649254039646646
5.141,0.0001489868891546564,0.19270833333333215,0.14885159010600546,-1.2166463632261043e-06,0.2531957988964415,0.21255068119563528
5.142,0.0001489868891546564,0.19270833333333215,0.14885159010600546,4.97085039825138e-07,0.251619328165013,-0.14412686074979666
5.143,0.0001489868891546564,0.19270833333333215,-0.8511484098939945,1.5937928039692561e-06,-0.09554749100223915,-0.30095674163351727
5.144,0.0001489868891546564,-0.8072916666666679,0.14885159010600546,4.86879212558769e-07,-0.30747432991394286,-0.030681151109017278
5.145,0.0001489868891546564,0.19270833333333215,0.14885159010600546,-1.3260761285639197e-06,-0.09452069711646559,0.28800823990914176
5.146,0.0001489868891546564,0.19270833333333215,0.14885159010600546,-1.313497041446942e-06,0.2462623291426946,0.2009881055617971
5.147,0.0001489868891546564,0.19270833333333215,0.14885159010600546,5.102655918730058e-07,0.2451676699357211,-0.1743444918508279
5.148,0.0001489868891546564,0.19270833333333215,0.14885159010600546,1.5993860956726843e-06,-0.09326104228577078,-0.3072975033946175
5.149,0.0001489868891546564,-0.8072916666666679,0.14885159010600546,4.771957854870184e-07,-0.30070633292292887,-0.004320319253363745
5.15,0.0001489868891546564,0.19270833333333215,0.14885159010600546,-1.2322704584374909e-06,-0.09262808243731732,0.3097459202188232
5.151,0.0001489868891546564,0.19270833333333215,0.14885159010600546,-1.1798061276567144e-06,0.24179600699226195,0.1877331147976948
5.152,0.0001489868891546564,0.19270833333333215,-0.8511484098939945,4.322518564780655e-07,0.24122697753575525,-0.2032835248359756
5.153,0.0001489868891546564,0.19270833333333215,-0.8511484098939945,1.3098183685673281e-06,-0.09194644806520261,-0.3110915722973948
5.154,0.0001489868891546564,-0.8072916666666679,0.14885159010600546,3.76591412521427e-07,-0.2971275083615356,0.021476859973810117
5.155,0.0001489868891546564,0.19270833333333215,0.14885159010600546,-8.999671166413222e-07,-0.0917324670698498,0.328087201237364
5.156,0.0001489868891546564,0.19270833333333215,0.14885159010600546,-8.112083359291297e-07,0.2399610492286672,0.17346044273424752
5.157,0.0001489868891546564,0.19270833333333215,-0.8511484098939945,2.6664387830641194e-07,0.2399372231997028,-0.22875156791362433
5.158,0.0001489868891546564,0.19270833333333215,-0.8511484098939945,7.454904628576647e-07,-0.0916498936522316,-0.31184259314628276
5.159,0.0001489868891546564,0.19270833333333215,0.14885159010600546,1.9407039108593772e-07,-0.2968558765000795,0.04500577489277937
5.16,0.0001489868891546564,0.19270833333333215,0.14885159010600546,-3.664071729065886e-07,-0.09186054893200941,0.3417803018848361
5.161,0.0001489868891546564,0.19270833333333215,0.14885159010600546,-2.533105199237354e-07,0.24080939899160264,0.1590914828719876
5.162,0.0001489868891546564,0.19270833333333215,0.14885159010600546,3.580751493208989e-08,0.2413266749211997,-0.24923438276881918
5.163,0.0001489868891546564,0.19270833333333215,-0.8511484098939945,-1.3474930782208044e-08,-0.09237551475183278,-0.30970541234701127
5.164,0.0001489868891546564,-0.8072916666666679,0.14885159010600546,-4.329932007696274e-08,-0.29987310736345985,0.06486153725744308
5.165,0.0001489868891546564,0.19270833333333215,0.14885159010600546,2.8632602960492043e-07,-0.09299680252137428,0.3503945058190887
5.166,0.0001489868891546564,0.19270833333333215,0.14885159010600546,4.0544302472681903e-07,0.24428291176816527,0.14572778720303273
5.167,0.0001489868891546564,0.19270833333333215,0.14885159010600546,-2.2288548538174424e-07,0.24531308270283106,-0.26391074572738243
5.168,0.0001489868891546564,0.19270833333333215,0.14885159010600546,-8.412323582286652e-07,-0.09408502982466459,-0.3054000829208531
5.169,0.0001489868891546564,-0.8072916666666679,0.14885159010600546,-2.9526290680016076e-07,-0.30602258214465183,0.0799793059313189
5.17,0.0001489868891546564,0.19270833333333215,0.14885159010600546,9.464207539003781e-07,-0.09508268487665598,0.35421609821665606
5.171,0.0001489868891546564,0.19270833333333215,0.14885159010600546,1.0503541758673959e-06,0.25020916257798154,0.1345462678035878
5.172,0.0001489868891546564,0.19270833333333215,0.14885159010600546,-4.641406959003687e-07,0.25169874572524453,-0.2725747594823528
5.173,0.0001489868891546564,0.19270833333333215,-0.8511484098939945,-1.5903917460511832e-06,-0.0966951072424503,-0.30003671329333365
5.174,0.0001489868891546564,-0.8072916666666679,0.14885159010600546,-5.162077637024555e-07,-0.31500077626667783,0.08964454638692622
5.175,0.0001489868891546564,0.19270833333333215,0.14885159010600546,1.4941677277478606e-06,-0.09801399893227823,0.35404935672075344
5.176,0.0001489868891546564,0.19270833333333215,0.14885159010600546,1.5630461451947772e-06,0.258293047089694,0.12666587885877004
5.177,0.0001489868891546564,0.19270833333333215,-0.8511484098939945,-6.436693251923508e-07,0.26016212155410784,-0.2754953869192567
5.178,0.0001489868891546564,0.19270833333333215,-0.8511484098939945,-2.121311113001029e-06,-0.1000737636111427,-0.29488283266026954
5.179,0.0001489868891546564,-0.8072916666666679,0.14885159010600546,-6.642997542762877e-07,-0.3263465870096669,0.09348543597691854
5.18,0.0001489868891546564,0.19270833333333215,0.14885159010600546,1.825924895568533e-06,-0.10163796016794718,0.3509657823510248
5.181,0.0001489868891546564,0.19270833333333215,0.14885159010600546,1.845283991227098e-06,0.26810886060053374,0.12300117316457683
5.182,0.0001489868891546564,0.19270833333333215,-0.8511484098939945,-7.270873510774842e-07,0.2702509740414051,-0.2732491393018506
5.183,0.0001489868891546564,0.19270833333333215,0.14885159010600546,-2.3303440657553306e-06,-0.10403790935879302,-0.2911129257868832
5.184,0.0001489868891546564,0.19270833333333215,0.14885159010600546,-7.10002549744519e-07,-0.33943561735610966,0.09145882318787014
5.185,0.0001489868891546564,0.19270833333333215,0.14885159010600546,1.8751800164817654e-06,-0.10575216721121886,0.3460493886106489
5.186,0.0001489868891546564,0.19270833333333215,0.14885159010600546,1.8390330448893093e-06,0.2790989868763303,0.12412199783869252
5.187,0.0001489868891546564,0.19270833333333215,0.14885159010600546,-6.96919664349716e-07,0.28138325223335026,-0.26656106537568625
5.188,0.0001489868891546564,0.19270833333333215,0.14885159010600546,-2.1711141577228662e-06,-0.10835449345705651,-0.2895814091793458
5.189,0.0001489868891546564,-0.8072916666666679,0.14885159010600546,-6.42190663152433e-07,-0.35348720050305504,0.08383752012451198
5.19,0.0001489868891546564,0.19270833333333215,0.14885159010600546,1.626301828598159e-06,-0.11010782048647538,0.34018233131896547
5.191,0.0001489868891546564,0.19270833333333215,0.14885159010600546,1.5385577495072757e-06,0.2905853426434124,0.13013993566577586
5.192,0.0001489868891546564,0.19270833333333215,0.14885159010600546,-5.562496856796537e-07,0.2928616257665671,-0.256182124151626
5.193,0.0001489868891546564,0.19270833333333215,-0.8511484098939945,-1.6643811766362598e-06,-0.11274744987603877,-0.29065547159443567
5.194,0.0001489868891546564,-0.8072916666666679,0.14885159010600546,-4.705813518199507e-07,-0.3675908409794891,0.07120131799603989
5.195,0.0001489868891546564,0.19270833333333215,0.14885159010600546,1.1181292727779843e-06,-0.11441910185475147,0.33390447694195685
5.196,0.0001489868891546564,0.19270833333333215,0.14885159010600546,9.920577624168517e-07,0.30179820523970086,0.14064046203154532
5.197,0.0001489868891546564,0.19270833333333215,-0.8511484098939945,-3.282669897456182e-07,0.3039058298202748,-0.24281942175108306
5.198,0.0001489868891546564,0.19270833333333215,0.14885159010600546,-8.944832681235991e-07,-0.11691182576284376,-0.294133784784474
5.199,0.0001489868891546564,-0.8072916666666679,0.14885159010600546,-2.2399019572308527e-07,-0.3807558565327928,0.05442837199546055
5.2,0.0001489868891546564,0.19270833333333215,0.14885159010600546,4.3669406500094323e-07,-0.11837967043455089,0.3273648306125062
5.201,0.0001489868891546564,0.19270833333333215,0.14885159010600546,2.925438323309589e-07,0.3119242024856915,0.15467515660041298
5.202,0.0001489868891546564,0.19270833333333215,0.14885159010600546,-5.182734759138562e-08,0.3137039477167239,-0.2271221134958138
5.203,0.0001489868891546564,0.19270833333333215,-0.8511484098939945,6.844365688935828e-09,-0.12053520120710755,-0.2992628537741842
5.204,0.0001489868891546564,-0.8072916666666679,0.14885159010600546,5.52096546936578e-08,-0.39198378483063706,0.0346789628457232
5.205,0.0001489868891546564,0.19270833333333215,0.14885159010600546,-3.013600566289261e-07,-0.12168589947858849,0.3203649746780307
5.206,0.0001489868891546564,0.19270833333333215,0.14885159010600546,-4.4010318847692354e-07,0.32017153940596144,0.17082113556202694
5.207,0.0001489868891546564,0.19270833333333215,0.14885159010600546,2.2603409799582893e-07,0.32147999415862216,-0.209712736020493
5.208,0.0001489868891546564,0.19270833333333215,-0.8511484098939945,8.858625896241064e-07,-0.12332501330917857,-0.30484702770431515
5.209,0.0001489868891546564,-0.8072916666666679,0.14885159010600546,3.1926089718053664e-07,-0.4003583108319458,0.0133613211186623
5.21,0.0001489868891546564,0.19270833333333215,0.14885159010600546,-9.711907132714762e-07,-0.12406501189991784,0.31247793446463445
5.211,0.0001489868891546564,0.19270833333333215,0.14885159010600546,-1.0821462877837211e-06,0.3258466447362471,0.18730603547795593
5.212,0.0001489868891546564,0.19270833333333215,-0.8511484098939945,4.5907961110134577e-07,0.32657134386321834,-0.19124382163689893
5.213,0.0001489868891546564,0.19270833333333215,-0.8511484098939945,1.5961662744672207e-06,-0.12503895100471862,-0.3094334270927466
5.214,0.0001489868891546564,-0.8072916666666679,0.14885159010600546,5.241366720169648e-07,-0.4051429745234743,-0.007930081847029518
5.215,0.0001489868891546564,0.19270833333333215,0.14885159010600546,-1.4633829433000592e-06,-0.12530494489752603,0.30321301891576646
5.216,0.0001489868891546564,0.19270833333333215,0.14885159010600546,-1.5293482588066395e-06,0.32843308893764717,0.20218758351510244
5.217,0.0001489868891546564,0.19270833333333215,0.14885159010600546,6.104991561597209e-07,0.3285064213210563,-0.17245466008902724
5.218,0.0001489868891546564,0.19270833333333215,-0.8511484098939945,2.0259787870118106e-06,-0.12551447811675226,-0.3115415475817859
5.219,0.0001489868891546564,-0.8072916666666679,0.14885159010600546,6.377398170533144e-07,-0.4058736358292185,-0.02750954166951284
5.22,0.0001489868891546564,0.19270833333333215,0.14885159010600546,-1.7040056016593957e-06,-0.12528185679054588,0.292190240293353
5.221,0.0001489868891546564,0.19270833333333215,0.14885159010600546,-1.7159585552632056e-06,0.32766154761122057,0.2135683821687699
5.222,0.0001489868891546564,0.19270833333333215,0.14885159010600546,6.594674143091762e-07,0.3270712916632675,-0.15420382419825931
5.223,0.0001489868891546564,0.19270833333333215,0.14885159010600546,2.1179580618277503e-06,-0.12469301307364795,-0.3099007967301751
5.224,0.0001489868891546564,-0.8072916666666679,0.14885159010600546,6.455559531796232e-07,-0.4024313414025698,-0.04372785080039726
5.225,0.0001489868891546564,0.19270833333333215,0.14885159010600546,-1.6671548529568449e-06,-0.12398089434486935,0.2792878662368882
5.226,0.0001489868891546564,0.19270833333333215,0.14885159010600546,-1.6256222593172802e-06,0.3235592687269728,0.21982032005096142
5.227,0.0001489868891546564,0.19270833333333215,0.14885159010600546,6.043682819182639e-07,0.3223538313053439,-0.1374592646446332
5.228,0.0001489868891546564,0.19270833333333215,-0.8511484098939945,1.877736469480742e-06,-0.12263449726306666,-0.30365860949345214
5.229,0.0001489868891546564,-0.8072916666666679,0.14885159010600546,5.526904572022825e-07,-0.3950822884981705,-0.05512450036922215
5.23,0.0001489868891546564,0.19270833333333215,0.14885159010600546,-1.377683793379678e-06,-0.12150628093823732,0.2647332415556424
5.231,0.0001489868891546564,0.19270833333333215,0.14885159010600546,-1.2922550842613607e-06,0.316469172601046,0.2197900400400197
5.232,0.0001489868891546564,0.19270833333333215,-0.8511484098939945,4.6214645752836343e-07,0.3147561747048772,-0.12323806746092911
5.233,0.0001489868891546564,0.19270833333333215,0.14885159010600546,1.3698316635251983e-06,-0.11951905056255686,-0.29252702383007945
5.234,0.0001489868891546564,-0.8072916666666679,0.14885159010600546,3.819900909289546e-07,-0.3844750467750173,-0.06058863979419677
5.235,0.0001489868891546564,0.19270833333333215,0.14885159010600546,-9.038983380479421e-07,-0.11807795515104168,0.2491188341747729
5.236,0.0001489868891546564,0.19270833333333215,0.14885159010600546,-7.910450996747094e-07,0.3070322534982048,0.21295776947173026
5.237,0.0001489868891546564,0.19270833333333215,0.14885159010600546,2.6405829601053773e-07,0.3049699531223399,-0.11250024444310659
5.238,0.0001489868891546564,0.19270833333333215,-0.8511484098939945,7.022019988716776e-07,-0.11563403881607764,-0.27684571718369966
5.239,0.0001489868891546564,-0.8072916666666679,0.14885159010600546,1.687635128324423e-07,-0.3715906861742278,-0.05950744131763988
5.24,0.0001489868891546564,0.19270833333333215,0.14885159010600546,-3.4207024505267553e-07,-0.11401374695508537,0.23334023650826125
5.241,0.0001489868891546564,0.19270833333333215,0.14885159010600546,-2.217680014209096e-07,0.2961319070397864,0.19952661767748922
5.242,0.0001489868891546564,0.19270833333333215,0.14885159010600546,4.8826632141584025e-08,0.29391395697373623,-0.10601270678392581
5.243,0.0001489868891546564,0.19270833333333215,-0.8511484098939945,3.0168706598003556e-09,-0.11134693804831922,-0.25755280080295667
5.244,0.0001489868891546564,-0.8072916666666679,0.14885159010600546,-4.6701207108099945e-08,-0.35764819495509215,-0.05187808144504621
5.245,0.0001489868891546564,0.19270833333333215,0.14885159010600546,2.0375782470851451e-07,-0.10969817391206281,0.21846786147828134
5.246,0.0001489868891546564,0.19270833333333215,0.14885159010600546,3.1188646762302944e-07,0.2848044485897447,0.1804276683331335
5.247,0.0001489868891546564,0.19270833333333215,0.14885159010600546,-1.4529577016778475e-07,0.28263950175338726,-0.10420846137733523
5.248,0.0001489868891546564,0.19270833333333215,0.14885159010600546,-6.053060480805506e-07,-0.10706655892268441,-0.23606898002388682
5.249,0.0001489868891546564,-0.8072916666666679,0.14885159010600546,-2.2721036366959085e-07,-0.3439745187755274,-0.038361182590039664
5.25,0.0001489868891546564,0.19270833333333215,0.14885159010600546,6.423537377943536e-07,-0.105541047559838,0.2055766113155284
5.251,0.0001489868891546564,0.19270833333333215,0.14885159010600546,7.225888253695725e-07,0.2741255215138684,0.15723680567347234
5.252,0.0001489868891546564,0.19270833333333215,0.14885159010600546,-2.8788130119436364e-07,0.2722140559432524,-0.10707020796671012
5.253,0.0001489868891546564,0.19270833333333215,-0.8511484098939945,-1.0293686541346971e-06,-0.10319713807768735,-0.21411375132789062
5.254,0.0001489868891546564,-0.8072916666666679,0.14885159010600546,-3.4565464281426604e-07,-0.3318545719886896,-0.020259412641691083
5.255,0.0001489868891546564,0.19270833333333215,0.14885159010600546,9.120302918632519e-07,-0.10193085274698628,0.19556566424238825
5.256,0.0001489868891546564,0.19270833333333215,0.14885159010600546,9.55109442029364e-07,0.2650864094925934,0.1320107921755663
5.257,0.0001489868891546564,0.19270833333333215,0.14885159010600546,-3.6161782687814085e-07,0.2635977034169137,-0.11406592530635538
5.258,0.0001489868891546564,0.19270833333333215,-0.8511484098939945,-1.2207147754322768e-06,-0.10009117585167875,-0.1934821177460185
5.259,0.0001489868891546564,0.19270833333333215,0.14885159010600546,-3.8953080830995957e-07,-0.32238061818710056,0.0005856004990062655
5.26,0.0001489868891546564,0.19270833333333215,0.14885159010600546,9.902756277852921e-07,-0.09918898771801031,0.18900238671286612
5.261,0.0001489868891546564,0.19270833333333215,0.14885159010600546,9.94502907270062e-07,0.2584766885604428,0.10706104842804325
5.262,0.0001489868891546564,0.19270833333333215,0.14885159010600546,-3.6454720874475324e-07,0.2575290284863401,-0.12415680507239442
5.263,0.0001489868891546564,0.19270833333333215,0.14885159010600546,-1.1814883838123848e-06,-0.09800744513615031,-0.1758154304317307
5.264,0.0001489868891546564,-0.8072916666666679,0.14885159010600546,-3.6218290787891806e-07,-0.3163217113822043,0.0219731406474922
5.265,0.0001489868891546564,0.19270833333333215,0.14885159010600546,8.946536775458817e-07,-0.09753120761154743,0.18601999080419623
5.266,0.0001489868891546564,0.19270833333333215,0.14885159010600546,8.654313555653794e-07,0.2547896796151955,0.08469230674694683
5.267,0.0001489868891546564,0.19270833333333215,0.14885159010600546,-3.0895277506288704e-07,0.25443658599558616,-0.13588617436980172
5.268,0.0001489868891546564,0.19270833333333215,0.14885159010600546,-9.591980938635819e-07,-0.09708018022251667,-0.16239975584698926
5.269,0.0001489868891546564,-0.8072916666666679,0.14885159010600546,-2.8067535554845503e-07,-0.3140320683227418,0.0415829651010438
5.27,0.0001489868891546564,0.19270833333333215,0.14885159010600546,6.752665324329166e-07,-0.09704190722024257,0.18628878155037956
5.271,0.0001489868891546564,0.19270833333333215,0.14885159010600546,6.232519331653702e-07,0.2541646568401926,0.0669385320956626
5.272,0.0001489868891546564,0.19270833333333215,0.14885159010600546,-2.1732282843991932e-07,0.25438918678116307,-0.14754385690971153
5.273,0.0001489868891546564,0.19270833333333215,0.14885159010600546,-6.322991243099122e-07,-0.09730409535261478,-0.15401983791245027
5.274,0.0001489868891546564,-0.8072916666666679,0.14885159010600546,-1.709278860267853e-07,-0.3154124341653432,0.05724683985433344
5.275,0.0001489868891546564,0.19270833333333215,0.14885159010600546,4.0085646326030406e-07,-0.09766527109970413,0.1890674829707428
5.276,0.0001489868891546564,0.19270833333333215,0.14885159010600546,3.392216639930082e-07,0.2563750040143871,0.05532941819461916
5.277,0.0001489868891546564,0.19270833333333215,0.14885159010600546,-1.1642513998140758e-07,0.2570931300519325,-0.15738628610794822
5.278,0.0001489868891546564,0.19270833333333215,-0.8511484098939945,-2.901935824228117e-07,-0.09853775222578391,-0.15088728845238036
5.279,0.0001489868891546564,0.19270833333333215,0.14885159010600546,-6.130002406012292e-08,-0.31993132618184206,0.06721718186367467
5.28,0.0001489868891546564,0.19270833333333215,0.14885159010600546,1.4190018489011217e-07,-0.09921501982450646,0.19332661221118788
5.281,0.0001489868891546564,0.19270833333333215,0.14885159010600546,8.333390389952023e-08,0.2608651382929067,0.05071717123964456
5.282,0.0001489868891546564,0.19270833333333215,-0.8511484098939945,-3.0889640316702474e-08,0.26193795319154933,-0.16388119117720296
5.283,0.0001489868891546564,0.19270833333333215,0.14885159010600546,-1.2296565605435953e-08,-0.10052519728867954,-0.15264972841179872
5.284,0.0001489868891546564,-0.8072916666666679,0.14885159010600546,2.3904317677718038e-08,-0.3267045190266883,0.07039568276676846
5.285,0.0001489868891546564,0.19270833333333215,0.14885159010600546,-4.544678456602193e-08,-0.10140182016358316,0.19792278838493035
5.286,0.0001489868891546564,0.19270833333333215,0.14885159010600546,-9.133797037611993e-08,0.26683197331494174,0.05318563227105845
5.287,0.0001489868891546564,0.19270833333333215,0.14885159010600546,2.22574551868013e-08,0.2680852136075698,-0.16593902143967285
5.288,0.0001489868891546564,0.19270833333333215,0.14885159010600546,1.491806005886897e-07,-0.1029331126329321,-0.1584751817532359
5.289,0.0001489868891546564,-0.8072916666666679,0.14885159010600546,6.958577781848832e-08,-0.3346225503354021,0.066488102687804
5.29,0.0001489868891546564,0.19270833333333215,0.14885159010600546,-1.3104775469097195e-07,-0.10387480517984096,0.20179354159504653
5.291,0.0001489868891546564,0.19270833333333215,0.14885159010600546,-1.5940576831174478e-07,0.27334004581667476,0.062053094216363125
5.292,0.0001489868891546564,0.19270833333333215,-0.8511484098939945,3.693535041952451e-08,0.27458834874891697,-0.1630928501501603
5.293,0.0001489868891546564,0.19270833333333215,0.14885159010600546,1.790869441047266e-07,-0.10539838343014186,-0.1671950659852484
5.294,0.0001489868891546564,-0.8072916666666679,0.14885159010600546,7.257791063568672e-08,-0.3425087120184492,0.05606010931552346
5.295,0.0001489868891546564,0.19270833333333215,0.14885159010600546,-1.1572011344647061e-07,-0.1062714774662482,0.2041382754917671
5.296,0.0001489868891546564,0.19270833333333215,0.14885159010600546,-1.2686975499399425e-07,0.2794542295029201,0.07596791485005051
5.297,0.0001489868891546564,0.19270833333333215,-0.8511484098939945,1.857214206499418e-08,0.2805268046979948,-0.1555946449916853
5.298,0.0001489868891546564,0.19270833333333215,-0.8511484098939945,9.995672387870168e-08,-0.10757935351618308,-0.17748128957883227
5.299,0.0001489868891546564,-0.8072916666666679,0.14885159010600546,4.145575955358372e-08,-0.34928512623014996,0.04048201002208729
5.3,0.0001489868891546564,0.19270833333333215,0.14885159010600546,-2.8598775145811545e-08,-0.10826889751454553,0.20455322128349926
5.301,0.0001489868891546564,0.19270833333333215,0.14885159010600546,-2.7238766590652556e-08,0.28437105592666423,0.09308391379891642
5.302,0.0001489868891546564,0.19270833333333215,0.14885159010600546,-1.811765554208909e-08,0.2851351824228631,-0.14440770856019972
5.303,0.0001489868891546564,0.19270833333333215,0.14885159010600546,-3.634206050966737e-08,-0.1092033899655588,-0.1880293506703264
5.304,0.0001489868891546564,-0.8072916666666679,0.14885159010600546,-6.408256785418486e-09,-0.3541229083052618,0.021765659172427433
5.305,0.0001489868891546564,0.19270833333333215,0.14885159010600546,8.215744889584274e-08,-0.10962872661761458,0.20309611787877302
5.306,0.0001489868891546564,0.19270833333333215,0.14885159010600546,8.87399963961437e-08,0.2875295639335393,0.11129225036071698
5.307,0.0001489868891546564,0.19270833333333215,0.14885159010600546,-5.3520518941778756e-08,0.28790856680964977,-0.13109095853415526
5.308,0.0001489868891546564,0.19270833333333215,0.14885159010600546,-1.6367284552387935e-07,-0.11010382986332996,-0.1977203024836282
5.309,0.0001489868891546564,-0.8072916666666679,0.14885159010600546,-4.976409168360739e-08,-0.35655442067386905,0.0023124310236844266
5.31,0.0001489868891546564,0.19270833333333215,0.14885159010600546,1.6292980992083563e-07,-0.1102294799527568,0.2002685787531243
5.311,0.0001489868891546564,0.19270833333333215,0.14885159010600546,1.671471667052296e-07,0.2886853867847457,0.12847942243124477
5.312,0.0001489868891546564,0.19270833333333215,0.14885159010600546,-6.858200112336684e-08,0.2886684814681908,-0.11758798770202868
5.313,0.0001489868891546564,0.19270833333333215,-0.8511484098939945,-2.1969614437966712e-07,-0.11024088957908568,-0.20573962057751688
5.314,0.0001489868891546564,-0.8072916666666679,0.14885159010600546,-6.918079338491997e-08,-0.3565309926340948,-0.01539546343504517
5.315,0.0001489868891546564,0.19270833333333215,0.14885159010600546,1.691845036790578e-07,-0.11008115704207126,0.1969185251495855
5.316,0.0001489868891546564,0.19270833333333215,0.14885159010600546,1.6537005685855156e-07,0.28793708790151584,0.14277814663482696
5.317,0.0001489868891546564,0.19270833333333215,0.14885159010600546,-5.0024146242821905e-08,0.287579607373305,-0.10594966880984696
5.318,0.0001489868891546564,0.19270833333333215,-0.8511484098939945,-1.6263432424142232e-07,-0.10970346396500745,-0.21163932245726882
5.319,0.0001489868891546564,0.19270833333333215,0.14885159010600546,-5.217622490430222e-08,-0.35441745855050244,-0.029118987475829902
5.32,0.0001489868891546564,0.19270833333333215,0.14885159010600546,7.756138408773708e-08,-0.10931999703558057,0.19407916176045956
5.321,0.0001489868891546564,0.19270833333333215,0.14885159010600546,6.359377171043062e-08,0.285700799906244,0.15277951263188158
5.322,0.0001489868891546564,0.19270833333333215,0.14885159010600546,5.9077470895366974e-09,0.2851146834582913,-0.0980307736183507
5.323,0.0001489868891546564,0.19270833333333215,-0.8511484098939945,1.7181066557321393e-08,-0.10869158064540337,-0.21533963290995828
5.324,0.0001489868891546564,-0.8072916666666679,0.14885159010600546,3.4074617425271162e-09,-0.35092426734069637,-0.03715707398341713
5.325,0.0001489868891546564,0.19270833333333215,0.14885159010600546,-1.0730685100049756e-07,-0.10818407269619865,0.19277228634168797
5.326,0.0001489868891546564,0.19270833333333215,0.14885159010600546,-1.2935351319452817e-07,0.2826369498578527,0.15768064164036283
5.327,0.0001489868891546564,0.19270833333333215,0.14885159010600546,9.204320928685604e-08,0.2819727774744912,-0.09520661396464285
5.328,0.0001489868891546564,0.19270833333333215,0.14885159010600546,2.9364315409119827e-07,-0.10748217254977288,-0.21707634416755237
5.329,0.0001489868891546564,-0.8072916666666679,0.14885159010600546,8.855171761634935e-08,-0.3469873136403431,-0.03857090656322308
5.33,0.0001489868891546564,0.19270833333333215,0.14885159010600546,-3.528160536133758e-07,-0.10697333922566866,0.19381028072996356
5.331,0.0001489868891546564,0.19270833333333215,0.14885159010600546,-3.771360884580254e-07,0.2795400870709453,0.15735122173309568
5.332,0.0001489868891546564,0.19270833333333215,0.14885159010600546,1.9155733521943913e-07,0.2789631872979901,-0.09815402034957256
5.333,0.0001489868891546564,0.19270833333333215,-0.8511484098939945,6.099202855951981e-07,-0.10638334591264068,-0.21730817088127144
5.334,0.0001489868891546564,-0.8072916666666679,0.14885159010600546,1.849194201523525e-07,-0.3436135911207675,-0.03330573417741839
5.335,0.0001489868891546564,0.19270833333333215,0.14885159010600546,-6.052482324275984e-07,-0.10600014391874964,0.19763176922830683
5.336,0.0001489868891546564,0.19270833333333215,0.14885159010600546,-6.237603071510847e-07,0.2772084523353715,0.15231339486182094
5.337,0.0001489868891546564,0.19270833333333215,0.14885159010600546,2.8162912018734156e-07,0.2768725105831062,-0.10673215730805322
5.338,0.0001489868891546564,0.19270833333333215,0.14885159010600546,8.910685459082988e-07,-0.10568406316861952,-0.21660359130139112
5.339,0.0001489868891546564,-0.8072916666666679,0.14885159010600546,2.6899327845297936e-07,-0.34171603466844486,-0.022192415405725672
5.34,0.0001489868891546564,0.19270833333333215,0.14885159010600546,-8.019058534864138e-07,-0.10553770468852104,0.20420050995407238
5.341,0.0001489868891546564,0.19270833333333215,0.14885159010600546,-8.063489580723719e-07,0.2763130617724297,0.14364094699387284
5.342,0.0001489868891546564,0.19270833333333215,0.14885159010600546,3.3865964326497495e-07,0.276335074766013,-0.1199840088676691
5.343,0.0001489868891546564,0.19270833333333215,0.14885159010600546,1.0613410105222085e-06,-0.10560686014862725,-0.21552820291948102
5.344,0.0001489868891546564,-0.8072916666666679,0.14885159010600546,3.1755228453214443e-07,-0.3419626690213111,-0.006827791443700242
5.345,0.0001489868891546564,0.19270833333333215,0.14885159010600546,-8.85771477427583e-07,-0.10577443738409338,0.21298650359010127
5.346,0.0001489868891546564,0.19270833333333215,0.14885159010600546,-8.699423572531842e-07,0.27728622721425694,0.13279401460794096
5.347,0.0001489868891546564,0.19270833333333215,0.14885159010600546,3.438688595047248e-07,0.27772651981752294,-0.13626109613240325
5.348,0.0001489868891546564,0.19270833333333215,0.14885159010600546,1.0622710925893214e-06,-0.10627076483852245,-0.21455146272955655
5.349,0.0001489868891546564,-0.8072916666666679,0.14885159010600546,3.1324465290882236e-07,-0.3446631242033692,0.010649837791296897
5.35,0.0001489868891546564,0.19270833333333215,0.14885159010600546,-8.193710130968462e-07,-0.10678118388185143,0.22303434495179297
5.351,0.0001489868891546564,0.19270833333333215,0.14885159010600546,-7.809719282320191e-07,0.2802465596694476,0.12141320772370315
5.352,0.0001489868891546564,0.19270833333333215,0.14885159010600546,2.880013136678743e-07,0.2810969127728062,-0.1534549682295712
5.353,0.0001489868891546564,0.19270833333333215,-0.8511484098939945,8.674279545527515e-07,-0.10767004870520021,-0.21398642420404268
5.354,0.0001489868891546564,-0.8072916666666679,0.14885159010600546,2.4899384088116595e-07,-0.3497100077638276,0.02785894851322043
5.355,0.0001489868891546564,0.19270833333333215,0.14885159010600546,-5.946884520527216e-07,-0.1084964810446903,0.23310886930496402
5.356,0.0001489868891546564,0.19270833333333215,0.14885159010600546,-5.363412837655941e-07,0.28497203233193213,0.11110121899795432
5.357,0.0001489868891546564,0.19270833333333215,-0.8511484098939945,1.740644191520167e-07,0.28615385251456715,-0.1693022444406464
5.358,0.0001489868891546564,0.19270833333333215,0.14885159010600546,4.904705377375469e-07,-0.10967205636542124,-0.21396882833776507
5.359,0.0001489868891546564,0.19270833333333215,0.14885159010600546,1.3023125553141026e-07,-0.35658437958178046,0.04250510475371069
5.36,0.0001489868891546564,0.19270833333333215,0.14885159010600546,-2.3684471865525522e-07,-0.11073229970866576,0.24189469991517096
5.361,0.0001489868891546564,0.19270833333333215,0.14885159010600546,-1.660134012302372e-07,0.2909254452064946,0.10322023532976998
5.362,0.0001489868891546564,0.19270833333333215,-0.8511484098939945,1.7452994418146767e-08,0.2922984915977912,-0.18171815150432005
5.363,0.0001489868891546564,0.19270833333333215,-0.8511484098939945,-1.5405159187834005e-08,-0.11203449026092797,-0.21447405584199686
5.364,0.0001489868891546564,-0.8072916666666679,0.14885159010600546,-2.5573888821332246e-08,-0.36442491034211505,0.05269725560266184
5.365,0.0001489868891546564,0.19270833333333215,0.14885159010600546,1.9938251981282556e-07,-0.11319958347664445,0.24821667723173654
5.366,0.0001489868891546564,0.19270833333333215,0.14885159010600546,2.7157659195361565e-07,0.2973287371516204,0.09872996033702536
5.367,0.0001489868891546564,0.19270833333333215,0.14885159010600546,-1.5661561807207665e-07,0.29870940575166366,-0.18910850184708972
5.368,0.0001489868891546564,0.19270833333333215,0.14885159010600546,-5.666506461099437e-07,-0.11443961157476619,-0.2153634454045807
5.369,0.0001489868891546564,-0.8072916666666679,0.14885159010600546,-1.9202641117401539e-07,-0.372150692418918,0.05720608730176714
5.37,0.0001489868891546564,0.19270833333333215,0.14885159010600546,6.395595548882196e-07,-0.11554990218744322,0.25124399746004245
5.371,0.0001489868891546564,0.19270833333333215,0.14885159010600546,7.003988975915559e-07,0.3032752352550608,0.09808447987199373
5.372,0.0001489868891546564,0.19270833333333215,0.14885159010600546,-3.178458747500304e-07,0.3044620000216888,-0.19061272893339554
5.373,0.0001489868891546564,0.19270833333333215,-0.8511484098939945,-1.0653267587656973e-06,-0.11654029846233308,-0.2164465596949948
5.374,0.0001489868891546564,-0.8072916666666679,0.14885159010600546,-3.389223961234304e-07,-0.3786195744325177,0.055628916332443296
5.375,0.0001489868891546564,0.19270833333333215,0.14885159010600546,1.004061320999617e-06,-0.11742706625095485,0.25064294824443395
5.376,0.0001489868891546564,0.19270833333333215,0.14885159010600546,1.0417453432575994e-06,0.30786323111609987,0.1011976362451907
5.377,0.0001489868891546564,0.19270833333333215,-0.8511484098939945,-4.3680448105394895e-07,0.30866575507117977,-0.18624056242272677
5.378,0.0001489868891546564,0.19270833333333215,-0.8511484098939945,-1.4185166848299712e-06,-0.11801115496670223,-0.21754394345085926
5.379,0.0001489868891546564,-0.8072916666666679,0.14885159010600546,-4.3830030197790317e-07,-0.38279853385420526,0.048438999537238785
5.38,0.0001489868891546564,0.19270833333333215,0.14885159010600546,1.2239751318938986e-06,-0.11852100433430794,0.24665110298133833
5.381,0.0001489868891546564,0.19270833333333215,0.14885159010600546,1.2300571595195124e-06,0.31033108463094844,0.10747730821277264
5.382,0.0001489868891546564,0.19270833333333215,0.14885159010600546,-4.908141114036157e-07,0.3105989020388608,-0.176880671659015
5.383,0.0001489868891546564,0.19270833333333215,0.14885159010600546,-1.557115382220288e-06,-0.11859714404453897,-0.21853601848713677
5.384,0.0001489868891546564,-0.8072916666666679,0.14885159010600546,-4.701518464796897e-07,-0.3839207860111654,0.03691350239123241
5.385,0.0001489868891546564,0.19270833333333215,0.14885159010600546,1.2551047998182423e-06,-0.11861582497270706,0.24005843697985285
5.386,0.0001489868891546564,0.19270833333333215,0.14885159010600546,1.2263369236563942e-06,0.3101738445074246,0.11592031981722961
5.387,0.0001489868891546564,0.19270833333333215,0.14885159010600546,-4.6856585480873527e-07,0.30982047143643604,-0.1641787145964647
5.388,0.0001489868891546564,0.19270833333333215,0.14885159010600546,-1.4500491674017251e-06,-0.11815262175602044,-0.21938766570111268
5.389,0.0001489868891546564,-0.8072916666666679,0.14885159010600546,-4.2659005488882163e-07,-0.38160630709234866,0.022951306902141456
5.39,0.0001489868891546564,0.19270833333333215,0.14885159010600546,1.0871387899060831e-06,-0.11762482086399927,0.23209600029579255
5.391,0.0001489868891546564,0.19270833333333215,0.14885159010600546,1.026329912009748e-06,0.3072241495591809,0.12525273696723338
5.392,0.0001489868891546564,0.19270833333333215,0.14885159010600546,-3.724876595478137e-07,0.30624302128115005,-0.15030176969183798
5.393,0.0001489868891546564,0.19270833333333215,-0.8511484098939945,-1.1109491370734683e-06,-0.11666510108736719,-0.2201439102975084
5.394,0.0001489868891546564,-0.8072916666666679,0.14885159010600546,-3.135994229991282e-07,-0.37592789760302114,0.008806921466552715
5.395,0.0001489868891546564,0.19270833333333215,0.14885159010600546,7.460710531466647e-07,-0.11560710408707223,0.22424803582950076
5.396,0.0001489868891546564,0.19270833333333215,0.14885159010600546,6.617682367434618e-07,0.30168549084748353,0.13409584034040545
5.397,0.0001489868891546564,0.19270833333333215,0.14885159010600546,-2.1838040715135332e-07,0.3001551857071814,-0.1376231186984526
5.398,0.0001489868891546564,0.19270833333333215,-0.8511484098939945,-5.958969894537704e-07,-0.11426034053524926,-0.22089876303535744
5.399,0.0001489868891546564,-0.8072916666666679,0.14885159010600546,-1.5000413625970693e-07,-0.36741298195608196,-0.00322213022915301
5.4,0.0001489868891546564,0.19270833333333215,0.14885159010600546,2.893850501325062e-07,-0.11276328601671086,0.21801626138559227
5.401,0.0001489868891546564,0.19270833333333215,0.14885159010600546,1.9443174186764104e-07,0.2941129478977001,0.1411364526326903
5.402,0.0001489868891546564,0.19270833333333215,-0.8511484098939945,-3.240654029906055e-08,0.2921906003693363,-0.12837322164578788
5.403,0.0001489868891546564,0.19270833333333215,0.14885159010600546,7.265553648718563e-09,-0.11118808402201877,-0.22174536353213573
5.404,0.0001489868891546564,-0.8072916666666679,0.14885159010600546,3.612624833385588e-08,-0.3569807938817859,-0.011111390902475907
5.405,0.0001489868891546564,0.19270833333333215,0.14885159010600546,-2.0497743916242172e-07,-0.10941072207763086,0.2146733293798094
5.406,0.0001489868891546564,0.19270833333333215,0.14885159010600546,-2.9572246789181124e-07,0.28534419152317164,0.14528147927397134
5.407,0.0001489868891546564,0.19270833333333215,0.14885159010600546,1.5393490380567993e-07,0.2832476288695201,-0.12430772332237079
5.408,0.0001489868891546564,0.19270833333333215,0.14885159010600546,5.958239023181476e-07,-0.10779056268317819,-0.2227199271281525
5.409,0.0001489868891546564,-0.8072916666666679,0.14885159010600546,2.1288317785006222e-07,-0.34582400885548475,-0.01338638621971786
5.41,0.0001489868891546564,0.19270833333333215,0.14885159010600546,-6.535630667140126e-07,-0.10594185827925152,0.21504486563700093
5.411,0.0001489868891546564,0.19270833333333215,0.14885159010600546,-7.258933251398043e-07,0.2763907211587796,0.14578004575961523
5.412,0.0001489868891546564,0.19270833333333215,0.14885159010600546,3.0980466127325373e-07,0.27437145568358273,-0.1264407645292834
5.413,0.0001489868891546564,0.19270833333333215,0.14885159010600546,1.0717791393308018e-06,-0.1044582957120914,-0.22375375814131335
5.414,0.0001489868891546564,-0.8072916666666679,0.14885159010600546,3.506202345213354e-07,-0.3352518559661132,-0.009323994470314626
5.415,0.0001489868891546564,0.19270833333333215,0.14885159010600546,-9.831920657282498e-07,-0.10277169082842483,0.21935555793290393
5.416,0.0001489868891546564,0.19270833333333215,0.14885159010600546,-1.0260815938678285e-06,0.2683049234169517,0.142301760391959
5.417,0.0001489868891546564,0.19270833333333215,0.14885159010600546,4.1076538410334284e-07,0.26661547356897675,-0.1348822107106339
5.418,0.0001489868891546564,0.19270833333333215,-0.8511484098939945,1.3601388422468078e-06,-0.10157945117139737,-0.2246463974074464
5.419,0.0001489868891546564,0.19270833333333215,0.14885159010600546,4.275042988180022e-07,-0.3265171162008299,0.0009470911987146749
5.42,0.0001489868891546564,0.19270833333333215,0.14885159010600546,-1.1443841214348594e-06,-0.1002819158936724,0.22716512774423328
5.421,0.0001489868891546564,0.19270833333333215,0.14885159010600546,-1.1518865040036421e-06,0.26204180309020386,0.13496554483899528
5.422,0.0001489868891546564,0.19270833333333215,0.14885159010600546,4.431203180946637e-07,0.2609017102529514,-0.14880218948150956
5.423,0.0001489868891546564,0.19270833333333215,-0.8511484098939945,1.4222524797668679e-06,-0.09948981716801009,-0.2250690192638334
5.424,0.0001489868891546564,-0.8072916666666679,0.14885159010600546,4.334070117780204e-07,-0.32065144722409733,0.016458084970725453
5.425,0.0001489868891546564,0.19270833333333215,0.14885159010600546,-1.119777617929518e-06,-0.09876977927678435,0.23740620604236504
5.426,0.0001489868891546564,0.19270833333333215,0.14885159010600546,-1.0919413219170287e-06,0.2583347194102542,0.12431931656138101
5.427,0.0001489868891546564,0.19270833333333215,0.14885159010600546,4.0601439736473083e-07,0.2578999390166836,-0.16652788917498748
5.428,0.0001489868891546564,0.19270833333333215,0.14885159010600546,1.2616327261069185e-06,-0.09843020272487213,-0.22460120659611257
5.429,0.0001489868891546564,-0.8072916666666679,0.14885159010600546,3.713910758207877e-07,-0.3183319359845519,0.035520206299323294
5.43,0.0001489868891546564,0.19270833333333215,0.14885159010600546,-9.259869586558346e-07,-0.09840888465662007,0.2485203425593896
5.431,0.0001489868891546564,0.19270833333333215,0.14885159010600546,-8.686370268264981e-07,0.2576021539928369,0.11127587686512369
5.432,0.0001489868891546564,0.19270833333333215,0.14885159010600546,3.1094596703710417e-07,0.2579421720855685,-0.18575868734046272
5.433,0.0001489868891546564,0.19270833333333215,-0.8511484098939945,9.213136521617724e-07,-0.09851690217659612,-0.22279733169150814
5.434,0.0001489868891546564,-0.8072916666666679,0.14885159010600546,2.5655828981940236e-07,-0.3197969751327045,0.05593535772725128
5.435,0.0001489868891546564,0.19270833333333215,0.14885159010600546,-6.087345858374542e-07,-0.09922741226380762,0.2586731116013669
5.436,0.0001489868891546564,0.19270833333333215,0.14885159010600546,-5.322001455697432e-07,0.25989784919000875,0.09701418254380283
5.437,0.0001489868891546564,0.19270833333333215,-0.8511484098939945,1.7888121326938086e-07,0.2609839369855139,-0.20386912596605009
5.438,0.0001489868891546564,0.19270833333333215,0.14885159010600546,4.7356622577512476e-07,-0.0997289194300753,-0.21927226819183074
5.439,0.0001489868891546564,0.19270833333333215,0.14885159010600546,1.1257559940618477e-07,-0.3248222670105045,0.07526853462898113
5.44,0.0001489868891546564,0.19270833333333215,0.14885159010600546,-2.3248548617910458e-07,-0.10110662146001424,0.2660169427719573
5.441,0.0001489868891546564,0.19270833333333215,0.14885159010600546,-1.495588072247176e-07,0.2649103306621096,0.08285754599081163
5.442,0.0001489868891546564,0.19270833333333215,-0.8511484098939945,3.5652269037358934e-08,0.2666169122289441,-0.21825738468784822
5.443,0.0001489868891546564,0.19270833333333215,0.14885159010600546,4.343521674250729e-09,-0.10191326178032531,-0.21379132291938008
5.444,0.0001489868891546564,-0.8072916666666679,0.14885159010600546,-3.33348082499028e-08,-0.3327591026755835,0.09114632800055318
5.445,0.0001489868891546564,0.19270833333333215,0.14885159010600546,1.3309166583761094e-07,-0.10379955481816162,0.26896282714661407
5.446,0.0001489868891546564,0.19270833333333215,0.14885159010600546,2.095375957136367e-07,0.2720108247340554,0.07014125171290435
5.447,0.0001489868891546564,0.19270833333333215,0.14885159010600546,-9.334830755726763e-08,0.2741301794344055,-0.22669131889242744
5.448,0.0001489868891546564,0.19270833333333215,-0.8511484098939945,-4.0416034964488264e-07,-0.10480713094003227,-0.20634709511759394
5.449,0.0001489868891546564,-0.8072916666666679,0.14885159010600546,-1.5586251533449306e-07,-0.34262832996446674,0.10154401148479643
5.45,0.0001489868891546564,0.19270833333333215,0.14885159010600546,4.26935695371022e-07,-0.10696697006027285,0.2664205704384036
5.451,0.0001489868891546564,0.19270833333333215,0.14885159010600546,4.861949237543428e-07,0.2803419226924398,0.060081815625957574
5.452,0.0001489868891546564,0.19270833333333215,-0.8511484098939945,-1.8805568043325257e-07,0.28261060531330034,-0.22760544593750656
5.453,0.0001489868891546564,0.19270833333333215,-0.8511484098939945,-6.89182809512004e-07,-0.10807361184549444,-0.19720697005455712
5.454,0.0001489868891546564,-0.8072916666666679,0.14885159010600546,-2.3639580887430978e-07,-0.3532558679504182,0.10502670155575287
5.455,0.0001489868891546564,0.19270833333333215,0.14885159010600546,6.078267633201476e-07,-0.11022512207013718,0.25797197080574763
5.456,0.0001489868891546564,0.19270833333333215,0.14885159010600546,6.430470587944705e-07,0.2889339643325034,0.05365896704489083
5.457,0.0001489868891546564,0.19270833333333215,-0.8511484098939945,-2.3721454279241542e-07,0.2910676507356898,-0.22031006685294158
5.458,0.0001489868891546564,0.19270833333333215,0.14885159010600546,-8.181499898872084e-07,-0.11134578368020889,-0.18691908979091196
5.459,0.0001489868891546564,-0.8072916666666679,0.14885159010600546,-2.661739000528914e-07,-0.3634302822065155,0.10091723967071675
5.46,0.0001489868891546564,0.19270833333333215,0.14885159010600546,6.608448020153687e-07,-0.1131984400579193,0.24395140378008667
5.461,0.0001489868891546564,0.19270833333333215,0.14885159010600546,6.698615103412363e-07,0.29683272271653555,0.05151973125372842
5.462,0.0001489868891546564,0.19270833333333215,0.14885159010600546,-2.398030447541687e-07,0.29856491148834763,-0.20508665937655446
5.463,0.0001489868891546564,0.19270833333333215,0.14885159010600546,-7.925288885892748e-07,-0.11427325457357373,-0.17627129685632642
5.464,0.0001489868891546564,-0.8072916666666679,0.14885159010600546,-2.472281333555378e-07,-0.37206048236539124,0.08937356055223349
5.465,0.0001489868891546564,0.19270833333333215,0.14885159010600546,5.979508083025373e-07,-0.11556960362441275,0.22542217968939063
5.466,0.0001489868891546564,0.19270833333333215,0.14885159010600546,5.831642628098883e-07,0.3032209659656649,0.05391199629627422
5.467,0.0001489868891546564,0.19270833333333215,0.14885159010600546,-2.0421198493120917e-07,0.3043402744666783,-0.18315973547850448
5.468,0.0001489868891546564,0.19270833333333215,0.14885159010600546,-6.443264363078107e-07,-0.11656503683097862,-0.16620561866792308
5.469,0.0001489868891546564,-0.8072916666666679,0.14885159010600546,-1.9102428946978548e-07,-0.378312273538185,0.07136988436129373
5.47,0.0001489868891546564,0.19270833333333215,0.14885159010600546,4.528832421706214e-07,-0.11712006653522414,0.20405251391408907
5.471,0.0001489868891546564,0.19270833333333215,0.14885159010600546,4.202763016765119e-07,0.30751788707509103,0.06065281362845425
5.472,0.0001489868891546564,0.19270833333333215,0.14885159010600546,-1.4548085472355895e-07,0.30789868782291197,-0.15655212739594832
5.473,0.0001489868891546564,0.19270833333333215,0.14885159010600546,-4.2637251670215304e-07,-0.11802339752922268,-0.1576989585730772
5.474,0.0001489868891546564,-0.8072916666666679,0.14885159010600546,-1.1520934233038915e-07,-0.3817060633389782,0.048587547369859714
5.475,0.0001489868891546564,0.19270833333333215,0.14885159010600546,2.717702513218741e-07,-0.11775559850043421,0.18190961986539272
5.476,0.0001489868891546564,0.19270833333333215,0.14885159010600546,2.2933233766539294e-07,0.3094439227808152,0.0711344442623121
5.477,0.0001489868891546564,0.19270833333333215,0.14885159010600546,-8.129857471928018e-08,0.30906579675482204,-0.12784576639075482
5.478,0.0001489868891546564,0.19270833333333215,-0.8511484098939945,-1.9881106808432764e-07,-0.11856469699365628,-0.15162733436584896
5.479,0.0001489868891546564,-0.8072916666666679,0.14885159010600546,-3.9254967429702364e-08,-0.3821638737734711,0.023231270455447185
5.48,0.0001489868891546564,0.19270833333333215,0.14885159010600546,1.0172377896807961e-07,-0.11751366458791174,0.16120207045563495
5.481,0.0001489868891546564,0.19270833333333215,0.14885159010600546,5.765283336807769e-08,0.3090435414663945,0.08436877109716857
5.482,0.0001489868891546564,0.19270833333333215,0.14885159010600546,-2.771534624192528e-08,0.3079964052352515,-0.09988142481478494
5.483,0.0001489868891546564,0.19270833333333215,0.14885159010600546,-1.4943693274623e-08,-0.11822504359533946,-0.14863500673089275
5.484,0.0001489868891546564,-0.8072916666666679,0.14885159010600546,2.0003919476287323e-08,-0.3800010213076138,-0.0022059078909790744
5.485,0.0001489868891546564,0.19270833333333215,0.14885159010600546,-1.9973256294689693e-08,-0.11655209379624386,0.14400746311172793
5.486,0.0001489868891546564,0.19270833333333215,0.14885159010600546,-5.8898442966881576e-08,0.3066644035592213,0.09906808078159651
5.487,0.0001489868891546564,0.19270833333333215,0.14885159010600546,4.464006479692205e-09,0.3051380332071358,-0.07543721951844107
5.488,0.0001489868891546564,0.19270833333333215,0.14885159010600546,9.04159682829821e-08,-0.11715058478472987,-0.14903034260784886
5.489,0.0001489868891546564,-0.8072916666666679,0.14885159010600546,5.195359376567688e-08,-0.3758653577044577,-0.025201569343379943
5.49,0.0001489868891546564,0.19270833333333215,0.14885159010600546,-7.37107046833515e-08,-0.11512111540558301,0.13202362567927056
5.491,0.0001489868891546564,0.19270833333333215,0.14885159010600546,-1.0325889573234272e-07,0.30289706311479764,0.11375734812022384
5.492,0.0001489868891546564,0.19270833333333215,0.14885159010600546,1.1824660456865091e-08,0.30115585428787456,-0.056926341549573524
5.493,0.0001489868891546564,0.19270833333333215,-0.8511484098939945,1.0759482990194029e-07,-0.11557415716367314,-0.1527270181070916
5.494,0.0001489868891546564,-0.8072916666666679,0.14885159010600546,5.4155900433395816e-08,-0.3706337751907989,-0.0434583817071517
5.495,0.0001489868891546564,0.19270833333333215,0.14885159010600546,-6.079813402367875e-08,-0.11352309300111922,0.126377077344289
5.496,0.0001489868891546564,0.19270833333333215,0.14885159010600546,-7.971651581691497e-08,0.298484325087338,0.12691011647057424
5.497,0.0001489868891546564,0.19270833333333215,0.14885159010600546,-1.3999402995512493e-09,0.2968302170310125,-0.046149740534055836
5.498,0.0001489868891546564,0.19270833333333215,-0.8511484098939945,5.243749737619759e-08,-0.11378160293492241,-0.1592425805753825
5.499,0.0001489868891546564,0.19270833333333215,0.14885159010600546,3.230592913576957e-08,-0.36528090109747324,-0.05512798341318262
5.5,0.0001489868891546564,0.19270833333333215,0.14885159010600546,-1.571495434658818e-09,-0.11206586009047716,0.1275130571599988
5.501,0.0001489868891546564,0.19270833333333215,0.14885159010600546,-1.1287171670025773e-08,0.2942129007230091,0.13709708967990777
5.502,0.0001489868891546564,0.19270833333333215,-0.8511484098939945,-2.494051344728843e-08,0.2929411680403714,-0.04413035555675639
5.503,0.0001489868891546564,0.19270833333333215,0.14885159010600546,-3.942663972264028e-08,-0.11207215786914712,-0.16775745073253226
5.504,0.0001489868891546564,-0.8072916666666679,0.14885159010600546,-1.718000625489944e-09,-0.3607379407892531,-0.05898294546280036
5.505,0.0001489868891546564,0.19270833333333215,0.14885159010600546,7.101004360110904e-08,-0.11101626634655222,0.135178730373521
5.506,0.0001489868891546564,0.19270833333333215,0.14885159010600546,6.728528732259167e-08,0.2908017472844416,0.1431340103982631
5.507,0.0001489868891546564,0.19270833333333215,0.14885159010600546,-4.553471173066077e-08,0.2901555725338131,-0.05104350019450464
5.508,0.0001489868891546564,0.19270833333333215,0.14885159010600546,-1.228889100062906e-07,-0.11071783503888812,-0.17722758469040778
5.509,0.0001489868891546564,-0.8072916666666679,0.14885159010600546,-3.3199232907943893e-08,-0.35776020947946646,-0.054521996838499745
5.51,0.0001489868891546564,0.19270833333333215,0.14885159010600546,1.2064333274709223e-07,-0.11056031961063222,0.14849722064136867
5.511,0.0001489868891546564,0.19270833333333215,0.14885159010600546,1.1914568081755111e-07,0.28880133351379694,0.1442137696689861
5.512,0.0001489868891546564,0.19270833333333215,0.14885159010600546,-5.064407600519819e-08,0.2889315291770086,-0.06624501384630828
5.513,0.0001489868891546564,0.19270833333333215,0.14885159010600546,-1.5570580926675307e-07,-0.1099266559066776,-0.18653487147080466
5.514,0.0001489868891546564,-0.8072916666666679,0.14885159010600546,-4.850983824687972e-08,-0.3568201026644379,-0.04200113497803976
5.515,0.0001489868891546564,0.19270833333333215,0.14885159010600546,1.1758752643978315e-07,-0.11077522859398901,0.1661170666996037
5.516,0.0001489868891546564,0.19270833333333215,0.14885159010600546,1.1524932625407745e-07,0.2885161860905622,0.14000746026190683
5.517,0.0001489868891546564,0.19270833333333215,0.14885159010600546,-3.194978045008311e-08,0.2894520422167798,-0.0883866172416308
5.518,0.0001489868891546564,0.19270833333333215,-0.8511484098939945,-1.0994007199295997e-07,-0.10981397295364993,-0.19465248819279427
5.519,0.0001489868891546564,-0.8072916666666679,0.14885159010600546,-3.8694273062089474e-08,-0.3580384730174462,-0.022390776575548693
5.52,0.0001489868891546564,0.19270833333333215,0.14885159010600546,4.68492449000731e-08,-0.11161690197076471,0.18641152467301353
5.521,0.0001489868891546564,0.19270833333333215,0.14885159010600546,4.2253732724111225e-08,0.28995979917139053,0.1307206425327809
5.522,0.0001489868891546564,0.19270833333333215,0.14885159010600546,1.2203290352937174e-08,0.29159580931125845,-0.11559812161628902
5.523,0.0001489868891546564,0.19270833333333215,-0.8511484098939945,2.0186340472992047e-08,-0.11038509615914484,-0.20079911110860788
5.524,0.0001489868891546564,-0.8072916666666679,0.14885159010600546,-1.8793204747463246e-09,-0.36116221319451586,0.0027339541464783427
5.525,0.0001489868891546564,0.19270833333333215,0.14885159010600546,-8.727232979437216e-08,-0.11292430937763405,0.20769627839777197
5.526,0.0001489868891546564,0.19270833333333215,0.14885159010600546,-9.345610258532767e-08,0.29284682212216107,0.1170946219274505
5.527,0.0001489868891546564,0.19270833333333215,0.14885159010600546,7.59934250299298e-08,0.294948112899038,-0.14570983270985857
5.528,0.0001489868891546564,0.19270833333333215,0.14885159010600546,2.1585692970046634e-07,-0.11153112174851448,-0.2045567699448475
5.529,0.0001489868891546564,-0.8072916666666679,0.14885159010600546,5.604138084552077e-08,-0.36559001462493906,0.031356878674431404
5.53,0.0001489868891546564,0.19270833333333215,0.14885159010600546,-2.613456494549783e-07,-0.11443986475312175,0.22843330276444793
5.531,0.0001489868891546564,0.19270833333333215,0.14885159010600546,-2.665423440536791e-07,0.2966229329870564,0.10034793282248576
5.532,0.0001489868891546564,0.19270833333333215,0.14885159010600546,1.4714047548616788e-07,0.2988498183920433,-0.17648617131974167
5.533,0.0001489868891546564,0.19270833333333215,0.14885159010600546,4.372187814122117e-07,-0.11303841919396888,-0.20593223285835824
5.534,0.0001489868891546564,-0.8072916666666679,0.14885159010600546,1.2260233269688483e-07,-0.370442521617354,0.06122108685135227
5.535,0.0001489868891546564,0.19270833333333215,0.14885159010600546,-4.3765483386016393e-07,-0.11584295128961515,0.2473927588202496
5.536,0.0001489868891546564,0.19270833333333215,0.14885159010600546,-4.3812177008854096e-07,0.3005284939262779,0.0820600381138082
5.537,0.0001489868891546564,0.19270833333333215,-0.8511484098939945,2.095358586769949e-07,0.3024779928188629,-0.2058431079298594
5.538,0.0001489868891546564,0.19270833333333215,-0.8511484098939945,6.321404421617582e-07,-0.11461080798126316,-0.20535041125457265
5.539,0.0001489868891546564,-0.8072916666666679,0.14885159010600546,1.8156764006131824e-07,-0.3746680864758275,0.09004598004232117
5.54,0.0001489868891546564,0.19270833333333215,0.14885159010600546,-5.726492764341187e-07,-0.11679212129063497,0.263753022472421
5.541,0.0001489868891546564,0.19270833333333215,0.14885159010600546,-5.645861641854119e-07,0.3036884272660524,0.06400672130697765
5.542,0.0001489868891546564,0.19270833333333215,0.14885159010600546,2.4689600521677556e-07,0.3049481551987074,-0.23202685777410667
5.543,0.0001489868891546564,0.19270833333333215,0.14885159010600546,7.481952041727659e-07,-0.115902175903865,-0.20357906229118378
5.544,0.0001489868891546564,-0.8072916666666679,0.14885159010600546,2.1670360712533468e-07,-0.3771715607830426,0.11574016230188064
5.545,0.0001489868891546564,0.19270833333333215,0.14885159010600546,-6.270899824035606e-07,-0.11697054704164728,0.2771297907454239
5.546,0.0001489868891546564,0.19270833333333215,0.14885159010600546,-6.078429687618875e-07,0.30521808259267785,0.04796376269999123
5.547,0.0001489868891546564,0.19270833333333215,0.14885159010600546,2.4661615258138704e-07,0.30542598255507,-0.25373839950926946
5.548,0.0001489868891546564,0.19270833333333215,0.14885159010600546,7.451623393778931e-07,-0.1165562557219457,-0.20159532273353759
5.549,0.0001489868891546564,-0.8072916666666679,0.14885159010600546,2.15668727805978e-07,-0.37695134361723565,0.13659012263397008
5.55,0.0001489868891546564,0.19270833333333215,0.14885159010600546,-5.755978500895322e-07,-0.11612905009152853,0.2875368458120182
5.551,0.0001489868891546564,0.19270833333333215,0.14885159010600546,-5.446581871643454e-07,0.3043333809899559,0.03550114897369695
5.552,0.0001489868891546564,0.19270833333333215,-0.8511484098939945,2.029506470978298e-07,0.30323556648569827,-0.27019656473892634
5.553,0.0001489868891546564,0.19270833333333215,-0.8511484098939945,6.052107264588631e-07,-0.11624955855998399,-0.2004144832729535
5.554,0.0001489868891546564,-0.8072916666666679,0.14885159010600546,1.731393163676337e-07,-0.37322936052997363,0.15140711802584092
5.555,0.0001489868891546564,0.19270833333333215,0.14885159010600546,-4.1343005103694667e-07,-0.11412148029403685,0.29529161040417534
5.556,0.0001489868891546564,0.19270833333333215,0.14885159010600546,-3.729732484679533e-07,0.30045327747370076,0.027793238811707015
5.557,0.0001489868891546564,0.19270833333333215,-0.8511484098939945,1.1878925001461796e-07,0.29795201139657523,-0.281140496425983
5.558,0.0001489868891546564,0.19270833333333215,0.14885159010600546,3.384294246918168e-07,-0.11473310515084459,-0.20090823531167495
5.559,0.0001489868891546564,0.19270833333333215,0.14885159010600546,9.245581655658953e-08,-0.36555969553480006,0.1596186245724477
5.56,0.0001489868891546564,0.19270833333333215,0.14885159010600546,-1.5891203170807523e-07,-0.1109282530674538,0.30088647027784055
5.561,0.0001489868891546564,0.19270833333333215,0.14885159010600546,-1.1372662100923913e-07,0.2932835115487358,0.025470231692520835
5.562,0.0001489868891546564,0.19270833333333215,-0.8511484098939945,5.603565225444191e-09,0.2894681061965119,-0.28677916443951695
5.563,0.0001489868891546564,0.19270833333333215,-0.8511484098939945,-1.7616260035053566e-08,-0.11186862067950297,-0.20364217795071987
5.564,0.0001489868891546564,-0.8072916666666679,0.14885159010600546,-1.4601641445665418e-08,-0.3539040238913947,0.16129592960867492
5.565,0.0001489868891546564,0.19270833333333215,0.14885159010600546,1.4910065920686963e-07,-0.10666532217259293,0.3048508416293133
5.566,0.0001489868891546564,0.19270833333333215,0.14885159010600546,1.923082326133875e-07,0.28287256010863115,0.0285326225380151
5.567,0.0001489868891546564,0.19270833333333215,0.14885159010600546,-1.1846410367433735e-07,0.2780277005143818,-0.28770062774808564
5.568,0.0001489868891546564,0.19270833333333215,0.14885159010600546,-4.0432199641580265e-07,-0.10765526452128074,-0.20876011732949953
5.569,0.0001489868891546564,-0.8072916666666679,0.14885159010600546,-1.2989134118436967e-07,-0.33866547792072027,0.15711554734780245
5.57,0.0001489868891546564,0.19270833333333215,0.14885159010600546,4.582735373955563e-07,-0.10157756980765385,0.3076286582747292
5.571,0.0001489868891546564,0.19270833333333215,0.14885159010600546,4.920705435802103e-07,0.2696334449319819,0.03634326052067903
5.572,0.0001489868891546564,0.19270833333333215,-0.8511484098939945,-2.3199288959365508e-07,0.2642219296110233,-0.28475648004347776
5.573,0.0001489868891546564,0.19270833333333215,0.14885159010600546,-7.531881028213273e-07,-0.10224373042736229,-0.2159358567990639
5.574,0.0001489868891546564,-0.8072916666666679,0.14885159010600546,-2.3242056538336706e-07,-0.3206767491924482,0.14825869644928075
5.575,0.0001489868891546564,0.19270833333333215,0.14885159010600546,7.129174909491888e-07,-0.09601733320562718,0.3094915941334242
5.576,0.0001489868891546564,0.19270833333333215,0.14885159010600546,7.305924026321234e-07,0.2543283205060617,0.047701908961243544
5.577,0.0001489868891546564,0.19270833333333215,0.14885159010600546,-3.144575460718414e-07,0.24894819829976353,-0.2789374074077283
5.578,0.0001489868891546564,0.19270833333333215,-0.8511484098939945,-9.993578470915344e-07,-0.09593563103429308,-0.2244027563183844
5.579,0.0001489868891546564,-0.8072916666666679,0.14885159010600546,-3.0255543779567246e-07,-0.30114270044106656,0.13625951305555628
5.58,0.0001489868891546564,0.19270833333333215,0.14885159010600546,8.650765215901377e-07,-0.09041037219837679,0.3105008197883542
5.581,0.0001489868891546564,0.19270833333333215,0.14885159010600546,8.620404456230531e-07,0.23801630195813261,0.060996054111985096
5.582,0.0001489868891546564,0.19270833333333215,-0.8511484098939945,-3.5031462630049925e-07,0.2333355101023478,-0.2712543296279522
5.583,0.0001489868891546564,0.19270833333333215,0.14885159010600546,-1.0947141265198253e-06,-0.08916740357112277,-0.23305893853627585
5.584,0.0001489868891546564,0.19270833333333215,0.14885159010600546,-3.260435567799783e-07,-0.28154215402968785,0.12281834046133173
5.585,0.0001489868891546564,0.19270833333333215,0.14885159010600546,8.84254860380863e-07,-0.08521286613965723,0.3105207981501376
5.586,0.0001489868891546564,0.19270833333333215,0.14885159010600546,8.590987471699235e-07,0.22196850915569497,0.07441069320469927
5.587,0.0001489868891546564,0.19270833333333215,-0.8511484098939945,-3.3214667693344273e-07,0.21864301011745385,-0.2626367105968349
5.588,0.0001489868891546564,0.19270833333333215,0.14885159010600546,-1.0177840304890526e-06,-0.08247944560761357,-0.24063360800498632
5.589,0.0001489868891546564,-0.8072916666666679,0.14885159010600546,-2.9700041612504986e-07,-0.2634974945877962,0.10960066955663457
5.59,0.0001489868891546564,0.19270833333333215,0.14885159010600546,7.637434200401145e-07,-0.08086390780868692,0.30927917536781707
5.591,0.0001489868891546564,0.19270833333333215,0.14885159010600546,7.187203923960523e-07,0.20755752798983687,0.08617061146131037
5.592,0.0001489868891546564,0.19270833333333215,0.14885159010600546,-2.6220883821681485e-07,0.20614124678826723,-0.2538559272175943
5.593,0.0001489868891546564,0.19270833333333215,0.14885159010600546,-7.783736042589233e-07,-0.07647268974983538,-0.24588955046686164
5.594,0.0001489868891546564,-0.8072916666666679,0.14885159010600546,-2.1922927875071954e-07,-0.2486239643150977,0.09804449892480184
5.595,0.0001489868891546564,0.19270833333333215,0.14885159010600546,5.22222977411601e-07,-0.07773838151108589,0.3064588097753742
5.596,0.0001489868891546564,0.19270833333333215,0.14885159010600546,4.630415211795067e-07,0.19613116168500563,0.09478274415017567
5.597,0.0001489868891546564,0.19270833333333215,0.14885159010600546,-1.5205879898154126e-07,0.1969874529016587,-0.24547768878224072
5.598,0.0001489868891546564,0.19270833333333215,-0.8511484098939945,-4.1596590879391023e-07,-0.07175621381837864,-0.24783023413626504
5.599,0.0001489868891546564,-0.8072916666666679,0.14885159010600546,-1.055957588120085e-07,-0.2383727784497818,0.08919859745295455
5.6,0.0001489868891546564,0.19270833333333215,0.14885159010600546,2.0031492053035817e-07,-0.07610506248210892,0.3018027036686498
5.601,0.0001489868891546564,0.19270833333333215,0.14885159010600546,1.3526891985235815e-07,0.1888822231911452,0.09924471487670541
5.602,0.0001489868891546564,0.19270833333333215,-0.8511484098939945,-2.0352486220183543e-08,0.19210696066840163,-0.2378439079331232
5.603,0.0001489868891546564,0.19270833333333215,0.14885159010600546,7.777174110673704e-09,-0.0688906088962668,-0.2458782178098877
5.604,0.0001489868891546564,0.19270833333333215,0.14885159010600546,2.4413347736496597e-08,-0.23388323733161415,0.08361119793153553
5.605,0.0001489868891546564,0.19270833333333215,0.14885159010600546,-1.4719488716974625e-07,-0.07609428237960095,0.2952108638631096
5.606,0.0001489868891546564,0.19270833333333215,0.14885159010600546,-2.0859890362503196e-07,0.18672699995621178,0.09918903370089042
5.607,0.0001489868891546564,0.19270833333333215,0.14885159010600546,1.1073213672602691e-07,0.19209261935892968,-0.23108149111396056
5.608,0.0001489868891546564,0.19270833333333215,-0.8511484098939945,4.2084553087430524e-07,-0.06833254936793628,-0.23999518152336757
5.609,0.0001489868891546564,-0.8072916666666679,0.14885159010600546,1.4843991065401512e-07,-0.23585871908495792,0.08128316532423702
5.61,0.0001489868891546564,0.19270833333333215,0.14885159010600546,-4.6184268937607614e-07,-0.07767862766969087,0.2868101061200806
5.611,0.0001489868891546564,0.19270833333333215,0.14885159010600546,-5.105001369423357e-07,0.19020475720342714,0.09494048663832544
5.612,0.0001489868891546564,0.19270833333333215,0.14885159010600546,2.1970277891173494e-07,0.1971327602983667,-0.2251334158326317
5.613,0.0001489868891546564,0.19270833333333215,-0.8511484098939945,7.54599349601555e-07,-0.07038621050454234,-0.2307223791911793
5.614,0.0001489868891546564,0.19270833333333215,0.14885159010600546,2.455389160289454e-07,-0.24447974748766482,0.08169216090716631
5.615,0.0001489868891546564,0.19270833333333215,0.14885159010600546,-6.925273819062377e-07,-0.08066895189789877,0.27698309407083405
5.616,0.0001489868891546564,0.19270833333333215,0.14885159010600546,-7.212846097189556e-07,0.1994091694503739,0.08747597441286957
5.617,0.0001489868891546564,0.19270833333333215,-0.8511484098939945,2.8973317294515214e-07,0.20697590898211737,-0.219806208317962
5.618,0.0001489868891546564,0.19270833333333215,-0.8511484098939945,9.565754071559734e-07,-0.07516678993255539,-0.21913241490462249
5.619,0.0001489868891546564,-0.8072916666666679,0.14885159010600546,3.0012212836123277e-07,-0.25936429422012114,0.0838855861502858
5.62,0.0001489868891546564,0.19270833333333215,0.14885159010600546,-8.048686689317295e-07,-0.08472658259033303,0.26635048138893913
5.621,0.0001489868891546564,0.19270833333333215,0.14885159010600546,-8.097151317217198e-07,0.21395992257029905,0.07828986452762163
5.622,0.0001489868891546564,0.19270833333333215,-0.8511484098939945,3.116207934100313e-07,0.22093721558937549,-0.21482742274832672
5.623,0.0001489868891546564,0.19270833333333215,0.14885159010600546,9.998173607481016e-07,-0.0825804015926232,-0.2066970990565131
5.624,0.0001489868891546564,0.19270833333333215,0.14885159010600546,3.047690364385095e-07,-0.27958127014231726,0.08663120866923592
5.625,0.0001489868891546564,0.19270833333333215,0.14885159010600546,-7.870362551256488e-07,-0.08939109412196405,0.2557085558009898
5.626,0.0001489868891546564,0.19270833333333215,0.14885159010600546,-7.677229030128314e-07,0.23301907422872187,0.06918180823763542
5.627,0.0001489868891546564,0.19270833333333215,0.14885159010600546,2.8515558968313375e-07,0.2379476899579932,-0.20990678118520859
5.628,0.0001489868891546564,0.19270833333333215,0.14885159010600546,8.869349666922456e-07,-0.09232308925319986,-0.19508955931684202
5.629,0.0001489868891546564,-0.8072916666666679,0.14885159010600546,2.6136090833208135e-07,-0.30371809825568125,0.08860653198033179
5.63,0.0001489868891546564,0.19270833333333215,0.14885159010600546,-6.509721026936317e-07,-0.09412151407370935,0.24593277921093576
5.631,0.0001489868891546564,0.19270833333333215,0.14885159010600546,-6.10954760625116e-07,0.2553523920880261,0.061995841148246696
5.632,0.0001489868891546564,0.19270833333333215,0.14885159010600546,2.186758880122111e-07,0.25664309953322556,-0.20479507959038945
5.633,0.0001489868891546564,0.19270833333333215,0.14885159010600546,6.482257548320015e-07,-0.10389978912226977,-0.18594960312680986
5.634,0.0001489868891546564,-0.8072916666666679,0.14885159010600546,1.8035074668615328e-07,-0.3299977817518568,0.08860230378743798
5.635,0.0001489868891546564,0.19270833333333215,0.14885159010600546,-4.28905283921768e-07,-0.09834745393740722,0.23786370886944203
5.636,0.0001489868891546564,0.19270833333333215,0.14885159010600546,-3.746443416913717e-07,0.27943121628212686,0.05834755568709106
5.637,0.0001489868891546564,0.19270833333333215,-0.8511484098939945,1.2696868805899818e-07,0.2754852075481281,-0.1993356498911784
5.638,0.0001489868891546564,0.19270833333333215,-0.8511484098939945,3.34435408555643e-07,-0.1166619581131192,-0.18064776751567296
5.639,0.0001489868891546564,-0.8072916666666679,0.14885159010600546,7.837077766323197e-08,-0.3564355255712903,0.08571296840381065
5.64,0.0001489868891546564,0.19270833333333215,0.14885159010600546,-1.6603411399542767e-07,-0.10152552933827601,0.23219494124738083
5.641,0.0001489868891546564,0.19270833333333215,0.14885159010600546,-1.0580383408041586e-07,0.3035659085976982,0.059378858623845426
5.642,0.0001489868891546564,0.19270833333333215,0.14885159010600546,2.8009458480331963e-08,0.29290432823271245,-0.19350399780296806
5.643,0.0001489868891546564,0.19270833333333215,0.14885159010600546,5.8245294437315804e-09,-0.12986051784140185,-0.18008443476345223
5.644,0.0001489868891546564,-0.8072916666666679,0.14885159010600546,-2.5282888395590204e-08,-0.3810203333305117,0.07948787811277093
5.645,0.0001489868891546564,0.19270833333333215,0.14885159010600546,8.898348624694134e-08,-0.10319567865683534,0.22938242346135368
5.646,0.0001489868891546564,0.19270833333333215,0.14885159010600546,1.465356043556663e-07,0.3260581809917691,0.06557672348486099
5.647,0.0001489868891546564,0.19270833333333215,0.14885159010600546,-6.073956270732329e-08,0.30744939358240575,-0.18743217819248018
5.648,0.0001489868891546564,0.19270833333333215,0.14885159010600546,-2.8007820130854847e-07,-0.14270899814296364,-0.18455558758940907
5.649,0.0001489868891546564,-0.8072916666666679,0.14885159010600546,-1.1253196191191249e-07,-0.40190366295610946,0.07002171532923439
5.65,0.0001489868891546564,0.19270833333333215,0.14885159010600546,2.9369073101959884e-07,-0.10303170397371014,0.2295907976408936
5.651,0.0001489868891546564,0.19270833333333215,0.14885159010600546,3.4095806577666576e-07,0.34535703286190783,0.07668371522903639
5.652,0.0001489868891546564,0.19270833333333215,-0.8511484098939945,-1.256884491385099e-07,0.3179302486713379,-0.18141553656065415
5.653,0.0001489868891546564,0.19270833333333215,0.14885159010600546,-4.794653386160121e-07,-0.1544505288493078,-0.19370689170285116
5.654,0.0001489868891546564,-0.8072916666666679,0.14885159010600546,-1.699551207451905e-07,-0.4175756712687569,0.05797034411766822
5.655,0.0001489868891546564,0.19270833333333215,0.14885159010600546,4.196458959404973e-07,-0.10088061627648173,0.23268602584825124
5.656,0.0001489868891546564,0.19270833333333215,0.14885159010600546,4.5119403001375376e-07,0.360202058850313,0.09171506692701734
5.657,0.0001489868891546564,0.19270833333333215,0.14885159010600546,-1.5945534314359357e-07,0.3235369977099843,-0.1759006667372213
5.658,0.0001489868891546564,0.19270833333333215,-0.8511484098939945,-5.697691067175854e-07,-0.1644217993146495,-0.20658431841768332
5.659,0.0001489868891546564,-0.8072916666666679,0.14885159010600546,-1.9109488649961986e-07,-0.4270101281353424,0.044488224613033804
5.66,0.0001489868891546564,0.19270833333333215,0.14885159010600546,4.568562516921493e-07,-0.09678619469699755,0.23827549331015443
5.661,0.0001489868891546564,0.19270833333333215,0.14885159010600546,4.7008499627682334e-07,0.3697387381952444,0.10908159744939451
5.662,0.0001489868891546564,0.19270833333333215,-0.8511484098939945,-1.6174337330563476e-07,0.32392302830405206,-0.17145482700489312
5.663,0.0001489868891546564,0.19270833333333215,0.14885159010600546,-5.523118130896512e-07,-0.1721073719800142,-0.221774545182383
5.664,0.0001489868891546564,-0.8072916666666679,0.14885159010600546,-1.772039688944211e-07,-0.42976181990581314,0.031094246778534562
5.665,0.0001489868891546564,0.19270833333333215,0.14885159010600546,4.140750670814831e-07,-0.0909935367397886,0.24578848704170436
5.666,0.0001489868891546564,0.19270833333333215,0.14885159010600546,4.0932740122660145e-07,0.37359298917996797,0.12680208051057734
5.667,0.0001489868891546564,0.19270833333333215,0.14885159010600546,-1.3865353667019608e-07,0.3192417661653699,-0.16871859423422383
5.668,0.0001489868891546564,-0.8072916666666679,-0.8511484098939945,-4.497791335097763e-07,-0.17717878786783753,-0.23761425761550134
5.669,0.0001489868891546564,-0.8072916666666679,0.14885159010600546,-1.3634734902767174e-07,-0.4260050048083489,0.0194828589533358
5.67,0.0001489868891546564,0.19270833333333215,0.14885159010600546,3.1511764102048623e-07,-0.08393318795276697,0.2545828203718131
5.671,0.0001489868891546564,0.19270833333333215,0.14885159010600546,2.9526485949970577e-07,0.37189653934563444,0.1427751954770531
5.672,0.0001489868891546564,0.19270833333333215,0.14885159010600546,-1.0067011770934445e-07,0.31013196542294263,-0.1683451359172044
5.673,0.0001489868891546564,0.19270833333333215,0.14885159010600546,-2.993262747642106e-07,-0.1795146227116754,-0.25243647855038814
5.674,0.0001489868891546564,-0.8072916666666679,0.14885159010600546,-8.112836986316689e-08,-0.4165077730998681,0.011305222559544744
5.675,0.0001489868891546564,0.19270833333333215,0.14885159010600546,1.9220172175932688e-07,-0.07618553622234776,0.2640586523009329
5.676,0.0001489868891546564,0.19270833333333215,0.14885159010600546,1.618338281642611e-07,0.3652600725490962,0.1550720036030801
5.677,0.0001489868891546564,0.19270833333333215,0.14885159010600546,-5.983404592604472e-08,0.29765193474886903,-0.1709310038960107
5.678,0.0001489868891546564,0.19270833333333215,-0.8511484098939945,-1.4303545444447711e-07,-0.17919983482855578,-0.2648159549288042
5.679,0.0001489868891546564,-0.8072916666666679,0.14885159010600546,-2.559103855401274e-08,-0.4025443119265714,0.007949635589749678
5.68,0.0001489868891546564,0.19270833333333215,0.14885159010600546,7.792185421879609e-08,-0.06842832514037629,0.2737590654295837
5.681,0.0001489868891546564,0.19270833333333215,0.14885159010600546,4.2338929486409484e-08,0.35469704044768663,0.1622064665148021
5.682,0.0001489868891546564,0.19270833333333215,0.14885159010600546,-2.677655305140883e-08,0.2831689035100112,-0.17694462042995115
5.683,0.0001489868891546564,0.19270833333333215,-0.8511484098939945,-1.79502634156726e-08,-0.17650511673194577,-0.2737754682308053
5.684,0.0001489868891546564,-0.8072916666666679,0.14885159010600546,1.799259728373912e-08,-0.38575423206229326,0.010350919890144628
5.685,0.0001489868891546564,0.19270833333333215,0.14885159010600546,-2.2982029971699536e-09,-0.061372136629979035,0.2834390095150865
5.686,0.0001489868891546564,0.19270833333333215,0.14885159010600546,-3.807607206633077e-08,0.3415067415977976,0.16334445340899212
5.687,0.0001489868891546564,0.19270833333333215,0.14885159010600546,-8.289584915285861e-09,0.2682150385590258,-0.18665944346429758
5.688,0.0001489868891546564,0.19270833333333215,0.14885159010600546,5.208103483842126e-08,-0.1718492202863177,-0.2789207896572375
5.689,0.0001489868891546564,-0.8072916666666679,0.14885159010600546,4.174226380698387e-08,-0.36796438344784876,0.018854735977418588
5.69,0.0001489868891546564,0.19270833333333215,0.14885159010600546,-3.5607102941326675e-08,-0.055690264451271794,0.293089490936789
5.691,0.0001489868891546564,0.19270833333333215,0.14885159010600546,-6.76184796666882e-08,0.32713004529817163,0.15842058802061706
5.692,0.0001489868891546564,0.19270833333333215,-0.8511484098939945,-5.9637677859899445e-09,0.25432574320993895,-0.20009899236202475
5.693,0.0001489868891546564,0.19270833333333215,-0.8511484098939945,6.100378344350922e-08,-0.16574908199715377,-0.28048300855755753
5.694,0.0001489868891546564,-0.8072916666666679,0.14885159010600546,4.364343953214971e-08,-0.3509931425765178,0.03315537103981473
5.695,0.0001489868891546564,0.19270833333333215,0.14885159010600546,-2.3851735109366987e-08,-0.05195032540812389,0.30291154739352893
5.696,0.0001489868891546564,0.19270833333333215,0.14885159010600546,-4.9631341886249364e-08,0.31299433724096853,0.1481458526320743
5.697,0.0001489868891546564,0.19270833333333215,0.14885159010600546,-1.6165170986198105e-08,0.2428782332306638,-0.2170003740246729
5.698,0.0001489868891546564,0.19270833333333215,-0.8511484098939945,2.070121831562668e-08,-0.15876379737065388,-0.2792614217444218
5.699,0.0001489868891546564,0.19270833333333215,0.14885159010600546,2.7593457469234923e-08,-0.33645936202765453,0.05231549420071394
5.7,0.0001489868891546564,0.19270833333333215,0.14885159010600546,1.7929655815234144e-08,-0.05055507470823061,0.3132433372745812
5.701,0.0001489868891546564,0.19270833333333215,0.14885159010600546,-7.013114606894187e-10,0.3003654489521032,0.13390504499807954
5.702,0.0001489868891546564,0.19270833333333215,-0.8511484098939945,-3.1308738419131565e-08,0.23494862130347918,-0.23680164317777894
5.703,0.0001489868891546564,0.19270833333333215,-0.8511484098939945,-4.3181701868225754e-08,-0.15143893540811793,-0.2764758158421249
5.704,0.0001489868891546564,-0.8072916666666679,0.14885159010600546,2.0632480756357426e-09,-0.3256176851915104,0.07486514341280971
5.705,0.0001489868891546564,0.19270833333333215,0.14885159010600546,6.617169575097353e-08,-0.05169913771658839,0.324452131739823
5.706,0.0001489868891546564,0.19270833333333215,0.14885159010600546,5.434667995665018e-08,0.29022332211656265,0.11755950573527019
5.707,0.0001489868891546564,0.19270833333333215,-0.8511484098939945,-4.208979197096645e-08,0.2312037489739655,-0.25865633002222344
5.708,0.0001489868891546564,-0.8072916666666679,0.14885159010600546,-9.862744660395681e-08,-0.14425730851321328,-0.27355132962789236
5.709,0.0001489868891546564,-0.8072916666666679,0.14885159010600546,-2.227391028922421e-08,-0.319238752563796,0.09896643746305586
5.71,0.0001489868891546564,0.19270833333333215,0.14885159010600546,9.542149785564578e-08,-0.05534678309024281,0.33680969246534953
5.711,0.0001489868891546564,0.19270833333333215,0.14885159010600546,8.931437613518011e-08,0.2831750647418332,0.10118449551145395
5.712,0.0001489868891546564,0.19270833333333215,0.14885159010600546,-4.0121065587053234e-08,0.23183997597096156,-0.28147594212320914
5.713,0.0001489868891546564,0.19270833333333215,0.14885159010600546,-1.1603553410221232e-07,-0.1376011940334967,-0.27186985979058215
5.714,0.0001489868891546564,-0.8072916666666679,0.14885159010600546,-3.5372126251072736e-08,-0.31754732812220027,0.1226217614267294
5.715,0.0001489868891546564,0.19270833333333215,0.14885159010600546,8.534466530789052e-08,-0.06123359544683699,0.3503732830257549
5.716,0.0001489868891546564,0.19270833333333215,0.14885159010600546,8.37055182673799e-08,0.27941427554604337,0.08678006185430563
5.717,0.0001489868891546564,0.19270833333333215,-0.8511484098939945,-2.033753102501587e-08,0.23657554417356094,-0.303998445215759
5.718,0.0001489868891546564,0.19270833333333215,-0.8511484098939945,-7.631473247126048e-08,-0.1317293159049027,-0.2725274376504499
5.719,0.0001489868891546564,0.19270833333333215,0.14885159010600546,-3.043545931638366e-08,-0.3202242458693404,0.14389770898022416
5.72,0.0001489868891546564,0.19270833333333215,0.14885159010600546,2.6430804200095004e-08,-0.06889221257955346,0.36489469131933566
5.721,0.0001489868891546564,0.19270833333333215,0.14885159010600546,2.834280027433085e-08,0.2787296758875501,0.0759977548132553
5.722,0.0001489868891546564,0.19270833333333215,0.14885159010600546,1.7408195617527e-08,0.24469667569355807,-0.32487795058162433
5.723,0.0001489868891546564,0.19270833333333215,0.14885159010600546,2.3629823026489113e-08,-0.12676988575679,-0.27613625862134666
5.724,0.0001489868891546564,-0.8072916666666679,0.14885159010600546,-5.7261400327023575e-09,-0.32647024117794393,0.16113562858360111
5.725,0.0001489868891546564,0.19270833333333215,0.14885159010600546,-7.695014740285214e-08,-0.07769949720983496,0.3797760113112568
5.726,0.0001489868891546564,0.19270833333333215,0.14885159010600546,-7.178744392456186e-08,0.280559971360744,0.06992262033044445
5.727,0.0001489868891546564,0.19270833333333215,0.14885159010600546,6.79463561575201e-08,0.255151073484108,-0.342788398797005
5.728,0.0001489868891546564,0.19270833333333215,0.14885159010600546,1.6930597241146452e-07,-0.12272895491014225,-0.2827031785997343
5.729,0.0001489868891546564,-0.8072916666666679,0.14885159010600546,3.4855948723422744e-08,-0.3351222191543604,0.17312234169164628
5.73,0.0001489868891546564,0.19270833333333215,0.14885159010600546,-2.068713004352066e-07,-0.0869399706237063,0.3940840337316522
5.731,0.0001489868891546564,0.19270833333333215,0.14885159010600546,-1.9813168135123854e-07,0.2840862811476164,0.06894102311773702
5.732,0.0001489868891546564,0.19270833333333215,-0.8511484098939945,1.216961829877085e-07,0.26667681989825687,-0.35653221772750376
5.733,0.0001489868891546564,0.19270833333333215,0.14885159010600546,3.313318797470097e-07,-0.11951151773577762,-0.2916045669935432
5.734,0.0001489868891546564,-0.8072916666666679,0.14885159010600546,8.255430648830531e-08,-0.34480631441363824,0.17920097562742462
5.735,0.0001489868891546564,0.19270833333333215,0.14885159010600546,-3.355053686876332e-07,-0.09587838092506529,0.4066259593261841
5.736,0.0001489868891546564,0.19270833333333215,0.14885159010600546,-3.2248699467620236e-07,0.28834915638738623,0.07271146032970856
5.737,0.0001489868891546564,0.19270833333333215,-0.8511484098939945,1.666872108026845e-07,0.2779505637703497,-0.3651439699739919
5.738,0.0001489868891546564,0.19270833333333215,-0.8511484098939945,4.7183251343141185e-07,-0.11695146203419148,-0.30166230052532345
5.739,0.0001489868891546564,-0.8072916666666679,0.14885159010600546,1.257201401115533e-07,-0.35410802463617586,0.17931083164125497
5.74,0.0001489868891546564,0.19270833333333215,0.14885159010600546,-4.313061672199297e-07,-0.1038331806120644,0.4160791926838817
5.741,0.0001489868891546564,0.19270833333333215,0.14885159010600546,-4.133645443563497e-07,0.29237470902387963,0.0802397552288152
5.742,0.0001489868891546564,0.19270833333333215,-0.8511484098939945,1.9124885563671093e-07,0.2877368900066756,-0.3679790241723411
5.743,0.0001489868891546564,0.19270833333333215,-0.8511484098939945,5.531034897045175e-07,-0.11484573460357982,-0.31130978421580474
5.744,0.0001489868891546564,-0.8072916666666679,0.14885159010600546,1.5251573854184498e-07,-0.361738267854445,0.17395536874110779
5.745,0.0001489868891546564,0.19270833333333215,0.14885159010600546,-4.6632933071333793e-07,-0.11024260711662331,0.4211587818610033
5.746,0.0001489868891546564,0.19270833333333215,0.14885159010600546,-4.4336651980666257e-07,0.2952939776497689,0.09004435294894302
5.747,0.0001489868891546564,0.19270833333333215,-0.8511484098939945,1.8676537620710565e-07,0.2950211277316881,-0.36477831244686754
5.748,0.0001489868891546564,0.19270833333333215,-0.8511484098939945,5.465905250825639e-07,-0.11298803459435834,-0.318822716575678
5.749,0.0001489868891546564,-0.8072916666666679,0.14885159010600546,1.5374597844274188e-07,-0.3666755630686994,0.16410716561223557
5.75,0.0001489868891546564,0.19270833333333215,0.14885159010600546,-4.2303971239105015e-07,-0.11471602115490699,0.42079913499199434
5.751,0.0001489868891546564,0.19270833333333215,0.14885159010600546,-3.9590877141576336e-07,0.2964413541522121,0.10038431939837916
5.752,0.0001489868891546564,0.19270833333333215,-0.8511484098939945,1.4987192819261758e-07,0.2991104962929847,-0.3557021920849177
5.753,0.0001489868891546564,0.19270833333333215,-0.8511484098939945,4.401481956237843e-07,-0.11119791868041635,-0.32257912280227913
5.754,0.0001489868891546564,-0.8072916666666679,0.14885159010600546,1.2517646148412032e-07,-0.3682684175913183,0.15106667760198483
5.755,0.0001489868891546564,0.19270833333333215,0.14885159010600546,-2.9905377504096215e-07,-0.11706504359740491,0.4143231391075071
5.756,0.0001489868891546564,0.19270833333333215,0.14885159010600546,-2.697561459634591e-07,0.29542137798724133,0.10951407350444835
5.757,0.0001489868891546564,0.19270833333333215,-0.8511484098939945,8.358474338124274e-08,0.29969301780209384,-0.3413291351523877
5.758,0.0001489868891546564,0.19270833333333215,0.14885159010600546,2.4190856054537947e-07,-0.10934226840511226,-0.32130857639713095
5.759,0.0001489868891546564,0.19270833333333215,0.14885159010600546,6.880798567388119e-08,-0.36628782325183884,0.13629662461898118
5.76,0.0001489868891546564,0.19270833333333215,0.14885159010600546,-1.0870963800303529e-07,-0.11731159470037673,0.4015723792591341
5.761,0.0001489868891546564,0.19270833333333215,0.14885159010600546,-8.031101563572979e-08,0.2921379238340287,0.1159261116251876
5.762,0.0001489868891546564,0.19270833333333215,0.14885159010600546,-2.9118503873579768e-09,0.29684938526058985,-0.3226181705743689
5.763,0.0001489868891546564,0.19270833333333215,0.14885159010600546,-2.0174492892021435e-08,-0.10734743716554988,-0.3142922359607698
5.764,0.0001489868891546564,-0.8072916666666679,0.14885159010600546,-7.1952346211861e-09,-0.36092665816470265,0.12125532807984886
5.765,0.0001489868891546564,0.19270833333333215,0.14885159010600546,1.18953847990565e-07,-0.1156728357831563,0.38297682810653627
5.766,0.0001489868891546564,0.19270833333333215,0.14885159010600546,1.4269792433667512e-07,0.28678505627227124,0.1185463122774305
5.767,0.0001489868891546564,0.19270833333333215,0.14885159010600546,-9.580760526636056e-08,0.29101914815211116,-0.300837394697377
5.768,0.0001489868891546564,0.19270833333333215,-0.8511484098939945,-3.0309832184245093e-07,-0.10520183944818597,-0.30148305042592644
5.769,0.0001489868891546564,-0.8072916666666679,0.14885159010600546,-8.993235156727283e-08,-0.35274977186697126,0.1072502481894142
5.77,0.0001489868891546564,0.19270833333333215,0.14885159010600546,3.454462603309998e-07,-0.11252585018384122,0.3595505237168179
5.771,0.0001489868891546564,0.19270833333333215,0.14885159010600546,3.606952467557743e-07,0.2798038462333897,0.11685515596234765
5.772,0.0001489868891546564,0.19270833333333215,0.14885159010600546,-1.7923484348751393e-07,0.28292830174807915,-0.27746412444545054
5.773,0.0001489868891546564,0.19270833333333215,-0.8511484098939945,-5.569546720890973e-07,-0.10295005267946696,-0.28352798136314344
5.774,0.0001489868891546564,-0.8072916666666679,0.14885159010600546,-1.6426077321114354e-07,-0.3426046275565239,0.09532791338561837
5.775,0.0001489868891546564,0.19270833333333215,0.14885159010600546,5.302369169741744e-07,-0.1083572931947755,0.33281019713538323
5.776,0.0001489868891546564,0.19270833333333215,0.14885159010600546,5.337845211646601e-07,0.27181354695373605,0.11092081584154996
5.777,0.0001489868891546564,0.19270833333333215,-0.8511484098939945,-2.383367023574267e-07,0.2734898658649412,-0.2540650782548577
5.778,0.0001489868891546564,0.19270833333333215,-0.8511484098939945,-7.347600291393467e-07,-0.10068049677834642,-0.2616893457115802
5.779,0.0001489868891546564,-0.8072916666666679,0.14885159010600546,-2.158389536859294e-07,-0.33150677474650836,0.08620939359641025
5.78,0.0001489868891546564,0.19270833333333215,0.14885159010600546,6.387892978691923e-07,-0.1037048699024768,0.3046249935274997
5.781,0.0001489868891546564,0.19270833333333215,0.14885159010600546,6.287497627358881e-07,0.2635281856013121,0.10134443295062875
5.782,0.0001489868891546564,0.19270833333333215,-0.8511484098939945,-2.6219838374864363e-07,0.263691734665497,-0.23216705848924152
5.783,0.0001489868891546564,0.19270833333333215,0.14885159010600546,-8.01918078299445e-07,-0.09850932645495251,-0.23767795497519245
5.784,0.0001489868891546564,-0.8072916666666679,0.14885159010600546,-2.3407604194247149e-07,-0.3205165943813991,0.08027272817683277
5.785,0.0001489868891546564,0.19270833333333215,0.14885159010600546,6.495381231318522e-07,-0.09909815764112725,0.2770156542048808
5.786,0.0001489868891546564,0.19270833333333215,0.14885159010600546,6.258523551608869e-07,0.25567055165938635,0.08913161313901266
5.787,0.0001489868891546564,0.19270833333333215,0.14885159010600546,-2.4603118676325927e-07,0.2544866721361552,-0.21312976115408191
5.788,0.0001489868891546564,0.19270833333333215,0.14885159010600546,-7.433286220058923e-07,-0.09656328085347324,-0.21342414042366997
5.789,0.0001489868891546564,-0.8072916666666679,0.14885159010600546,-2.1436442015535255e-07,-0.3106235099603245,0.0775765993677359
5.79,0.0001489868891546564,0.19270833333333215,0.14885159010600546,5.583473871990905e-07,-0.09500591105762282,0.25192921890156617
5.791,0.0001489868891546564,0.19270833333333215,0.14885159010600546,5.229934222583514e-07,0.24889473669376702,0.07551506159367848
5.792,0.0001489868891546564,0.19270833333333215,0.14885159010600546,-1.9215579858725922e-07,0.2466978366498382,-0.1980324208781807
5.793,0.0001489868891546564,0.19270833333333215,0.14885159010600546,-5.666507953199846e-07,-0.09496392382691038,-0.1908218962881155
5.794,0.0001489868891546564,-0.8072916666666679,0.14885159010600546,-1.5912166903248218e-07,-0.30265137074644205,0.0779141782858241
5.795,0.0001489868891546564,0.19270833333333215,0.14885159010600546,3.795172043664204e-07,-0.09179565936904996,0.23101926693222513
5.796,0.0001489868891546564,0.19270833333333215,0.14885159010600546,3.363658370984183e-07,0.24372604639718914,0.061759618661810574
5.797,0.0001489868891546564,0.19270833333333215,-0.8511484098939945,-1.0958358546292663e-07,0.2409499676438205,-0.18758497100036303
5.798,0.0001489868891546564,0.19270833333333215,0.14885159010600546,-3.0103717339114845e-07,-0.09381507761621534,-0.1714848382260241
5.799,0.0001489868891546564,0.19270833333333215,0.14885159010600546,-7.741932732747458e-08,-0.2971944895015809,0.08088322447201361
5.8,0.0001489868891546564,0.19270833333333215,0.14885159010600546,1.4313189731811014e-07,-0.0897093516766592,0.2154613034638637
5.801,0.0001489868891546564,0.19270833333333215,0.14885159010600546,9.745739767629835e-08,0.24052372128521446,0.04898188743199239
5.802,0.0001489868891546564,0.19270833333333215,-0.8511484098939945,-1.2287634342269669e-08,0.2376319313200523,-0.1820723199553225
5.803,0.0001489868891546564,0.19270833333333215,-0.8511484098939945,8.396064561457614e-09,-0.09319444456011955,-0.1565499861311539
5.804,0.0001489868891546564,0.19270833333333215,0.14885159010600546,1.6727340631042786e-08,-0.29458859545356086,0.08595846300720018
5.805,0.0001489868891546564,0.19270833333333215,0.14885159010600546,-1.1069510398779903e-07,-0.08885635366830123,0.20582814086278678
5.806,0.0001489868891546564,0.19270833333333215,0.14885159010600546,-1.5297174040178638e-07,0.23946805524455184,0.03801218879242848
5.807,0.0001489868891546564,0.19270833333333215,0.14885159010600546,8.347392410275981e-08,0.23689142663131,-0.1813373757696804
5.808,0.0001489868891546564,0.19270833333333215,0.14885159010600546,3.0921288512606146e-07,-0.0931495801736704,-0.14655706317492698
5.809,0.0001489868891546564,-0.8072916666666679,0.14885159010600546,1.070551030599517e-07,-0.29491559353800506,0.09255474909483138
5.81,0.0001489868891546564,0.19270833333333215,0.14885159010600546,-3.394852334460143e-07,-0.0892226248971162,0.20204171972559626
5.811,0.0001489868891546564,0.19270833333333215,0.14885159010600546,-3.7269081859551836e-07,0.24056981293772622,0.0293176887789556
5.812,0.0001489868891546564,0.19270833333333215,0.14885159010600546,1.6222863979389823e-07,0.2386580595295725,-0.1848048423415427
5.813,0.0001489868891546564,0.19270833333333215,0.14885159010600546,5.516313610558658e-07,-0.09369766701814614,-0.14141848860948872
5.814,0.0001489868891546564,-0.8072916666666679,0.14885159010600546,1.7817808776259302e-07,-0.29803632877419883,0.10007386190483356
5.815,0.0001489868891546564,0.19270833333333215,0.14885159010600546,-5.063932231958724e-07,-0.0906927789154172,0.2034070169458066
5.816,0.0001489868891546564,0.19270833333333215,0.14885159010600546,-5.259783210283091e-07,0.24369687371133442,0.022993889672007044
5.817,0.0001489868891546564,0.19270833333333215,-0.8511484098939945,2.1212888997585385e-07,0.2426873802500877,-0.1915438921231942
5.818,0.0001489868891546564,0.19270833333333215,-0.8511484098939945,6.977930340501542e-07,-0.09482804656950658,-0.14048062723407453
5.819,0.0001489868891546564,-0.8072916666666679,0.14885159010600546,2.1850310397943617e-07,-0.30364221232426325,0.10793294526383382
5.82,0.0001489868891546564,0.19270833333333215,0.14885159010600546,-5.869213228191655e-07,-0.09308025200403734,0.20872212491819442
5.821,0.0001489868891546564,0.19270833333333215,0.14885159010600546,-5.901648890700468e-07,0.24861117679706315,0.018819363625504466
5.822,0.0001489868891546564,0.19270833333333215,0.14885159010600546,2.2699447069898243e-07,0.24861633553591014,-0.20036396831168965
5.823,0.0001489868891546564,0.19270833333333215,0.14885159010600546,7.284721810303161e-07,-0.09650624982722605,-0.1426625548128291
5.824,0.0001489868891546564,-0.8072916666666679,0.14885159010600546,2.2234690583548834e-07,-0.3113149932557794,0.11557752251899185
5.825,0.0001489868891546564,0.19270833333333215,0.14885159010600546,-5.730264299890922e-07,-0.0961601710815402,0.21644799873933443
5.826,0.0001489868891546564,0.19270833333333215,0.14885159010600546,-5.59448981991651e-07,0.2550085091271085,0.016357799400508247
5.827,0.0001489868891546564,0.19270833333333215,0.14885159010600546,2.0717169062249527e-07,0.2560201473640703,-0.20993458121475325
5.828,0.0001489868891546564,0.19270833333333215,0.14885159010600546,6.459344674783217e-07,-0.09867832629562433,-0.14664693104119964
5.829,0.0001489868891546564,-0.8072916666666679,0.14885159010600546,1.9084129066252363e-07,-0.32058426928287503,0.12248565141335964
5.83,0.0001489868891546564,0.19270833333333215,0.14885159010600546,-4.7386469798807254e-07,-0.09969976853470879,0.22491334322994025
5.831,0.0001489868891546564,0.19270833333333215,0.14885159010600546,-4.4528412317008676e-07,0.2625544345360965,0.015083978591509102
5.832,0.0001489868891546564,0.19270833333333215,0.14885159010600546,1.590773416011177e-07,0.2644618389169887,-0.21891741083884925
5.833,0.0001489868891546564,0.19270833333333215,0.14885159010600546,4.7247880784728475e-07,-0.10127455605035225,-0.15109039422909945
5.834,0.0001489868891546564,-0.8072916666666679,0.14885159010600546,1.3146973011070008e-07,-0.3309743211754208,0.12817144060297014
5.835,0.0001489868891546564,0.19270833333333215,0.14885159010600546,-3.1313194895648863e-07,-0.1034822470364749,0.23252583120679557
5.836,0.0001489868891546564,0.19270833333333215,0.14885159010600546,-2.733608577613843e-07,0.2709114729519838,0.014507416274730239
5.837,0.0001489868891546564,0.19270833333333215,-0.8511484098939945,9.357257872159788e-08,0.273528168863207,-0.22609761812053086
5.838,0.0001489868891546564,0.19270833333333215,-0.8511484098939945,2.4510043331953823e-07,-0.10421205663708435,-0.15481928479412183
5.839,0.0001489868891546564,0.19270833333333215,0.14885159010600546,5.636508322228885e-08,-0.3420350649002053,0.13219553573402193
5.84,0.0001489868891546564,0.19270833333333215,0.14885159010600546,-1.2366397701246712e-07,-0.10732163042034135,0.2379609028387162
5.841,0.0001489868891546564,0.19270833333333215,0.14885159010600546,-7.791003468202107e-08,0.2797551026344048,0.01426947595480431
5.842,0.0001489868891546564,0.19270833333333215,-0.8511484098939945,2.35503060412046e-08,0.2828490851792683,-0.2305012014415167
5.843,0.0001489868891546564,0.19270833333333215,0.14885159010600546,7.503872967586894e-09,-0.10739626484112076,-0.15698060112596562
5.844,0.0001489868891546564,-0.8072916666666679,0.14885159010600546,-2.024903670021595e-08,-0.35335570271509037,0.1341874872046201
5.845,0.0001489868891546564,0.19270833333333215,0.14885159010600546,5.949114119171e-08,-0.11106803981783188,0.24030370781200372
5.846,0.0001489868891546564,0.19270833333333215,0.14885159010600546,1.0541194763518102e-07,0.2887787953125486,0.014196291704965391
5.847,0.0001489868891546564,0.19270833333333215,0.14885159010600546,-3.8729910103072066e-08,0.29210133955966533,-0.23148657464892894
5.848,0.0001489868891546564,0.19270833333333215,0.14885159010600546,-1.9879362536184532e-07,-0.11072168552022695,-0.15712706468413415
5.849,0.0001489868891546564,-0.8072916666666679,0.14885159010600546,-8.492334041839456e-08,-0.3645633175573382,0.1338807548503904
5.85,0.0001489868891546564,0.19270833333333215,0.14885159010600546,2.0603930385383494e-07,-0.11460466620047716,0.2391275695571343
5.851,0.0001489868891546564,0.19270833333333215,0.14885159010600546,2.465403842167964e-07,0.29769062160144066,0.014299500593041008
5.852,0.0001489868891546564,0.19270833333333215,-0.8511484098939945,-8.399310495060844e-08,0.300999983132501,-0.22880119049479009
5.853,0.0001489868891546564,0.19270833333333215,0.14885159010600546,-3.4239726664276156e-07,-0.11407257885632806,-0.15522738328895963
5.854,0.0001489868891546564,-0.8072916666666679,0.14885159010600546,-1.2755654295309766e-07,-0.37531155110074793,0.13115641838132325
5.855,0.0001489868891546564,0.19270833333333215,0.14885159010600546,2.9600187025542883e-07,-0.11783915436180482,0.23450238637212092
5.856,0.0001489868891546564,0.19270833333333215,0.14885159010600546,3.264784953525466e-07,0.30620558260946223,0.014727750536752657
5.857,0.0001489868891546564,0.19270833333333215,-0.8511484098939945,-1.0750981777465642e-07,0.30928357053914324,-0.22259773214720363
5.858,0.0001489868891546564,0.19270833333333215,-0.8511484098939945,-4.074071529274175e-07,-0.11732435905685697,-0.15160608802263428
5.859,0.0001489868891546564,-0.8072916666666679,0.14885159010600546,-1.4315889801170387e-07,-0.38526615686848986,0.1260875060632462
5.86,0.0001489868891546564,0.19270833333333215,0.14885159010600546,3.227806429153433e-07,-0.12069293040626625,0.22693701980997966
5.861,0.0001489868891546564,0.19270833333333215,0.14885159010600546,3.401650320986159e-07,0.3140384791730827,0.015682127916645527
5.862,0.0001489868891546564,0.19270833333333215,0.14885159010600546,-1.0957929142806112e-07,0.31669970132744807,-0.21340874839921323
5.863,0.0001489868891546564,0.19270833333333215,0.14885159010600546,-3.952289035934438e-07,-0.12034639430428506,-0.1468293622103359
5.864,0.0001489868891546564,-0.8072916666666679,0.14885159010600546,-1.324733956317981e-07,-0.39409438794715634,0.1189732072008844
5.865,0.0001489868891546564,0.19270833333333215,0.14885159010600546,2.932085399529876e-07,-0.12309207389316061,0.21726926959673076
5.866,0.0001489868891546564,0.19270833333333215,0.14885159010600546,2.962575930069807e-07,0.3209017508744689,0.01731612481053333
5.867,0.0001489868891546564,0.19270833333333215,0.14885159010600546,-9.489263414113265e-08,0.32299693685153474,-0.20208311985286753
5.868,0.0001489868891546564,0.19270833333333215,0.14885159010600546,-3.226206101933463e-07,-0.1230066567219724,-0.1415620075955122
5.869,0.0001489868891546564,-0.8072916666666679,0.14885159010600546,-1.013743203210593e-07,-0.40146389843291336,0.11035179996508335
5.87,0.0001489868891546564,0.19270833333333215,0.14885159010600546,2.2473511333489999e-07,-0.1249626727544438,0.20652401416406518
5.871,0.0001489868891546564,0.19270833333333215,0.14885159010600546,2.1403170985779405e-07,0.3265114175498167,0.019644117019759696
5.872,0.0001489868891546564,0.19270833333333215,-0.8511484098939945,-7.097965605588035e-08,0.3279273105776495,-0.18969187773377472
5.873,0.0001489868891546564,0.19270833333333215,0.14885159010600546,-2.1659003191089244e-07,-0.1251783253241696,-0.13642463034091118
5.874,0.0001489868891546564,-0.8072916666666679,0.14885159010600546,-5.922483645631143e-08,-0.4070544000397662,0.10098318656834361
5.875,0.0001489868891546564,0.19270833333333215,0.14885159010600546,1.405095538675943e-07,-0.12623235214661097,0.19576346715455473
5.876,0.0001489868891546564,0.19270833333333215,0.14885159010600546,1.1820778830502569e-07,0.33060230993627976,0.022480889099345782
5.877,0.0001489868891546564,0.19270833333333215,0.14885159010600546,-4.6136427085641964e-08,0.3312609795968305,-0.17741414663385144
5.878,0.0001489868891546564,0.19270833333333215,0.14885159010600546,-1.0741354151853958e-07,-0.12674806089475382,-0.13187865786870434
5.879,0.0001489868891546564,-0.8072916666666679,0.14885159010600546,-1.6591036852568686e-08,-0.4105822102392457,0.0917962732933719
5.88,0.0001489868891546564,0.19270833333333215,0.14885159010600546,6.355217755409211e-08,-0.12683809044503733,0.18595283252796585
5.881,0.0001489868891546564,0.19270833333333215,0.14885159010600546,3.293582388172948e-08,0.3329515625899318,0.0254287425039981
5.882,0.0001489868891546564,0.19270833333333215,0.14885159010600546,-2.733019674228542e-08,0.33281157046631205,-0.16641593850391967
5.883,0.0001489868891546564,0.19270833333333215,-0.8511484098939945,-2.1409286429836456e-08,-0.12762531616749245,-0.12816025546416768
5.884,0.0001489868891546564,-0.8072916666666679,0.14885159010600546,1.7165749534003387e-08,-0.41183465383531614,0.08380238516324788
5.885,0.0001489868891546564,0.19270833333333215,0.14885159010600546,1.1360085539845209e-08,-0.12673883847670303,0.17786017845334345
5.886,0.0001489868891546564,0.19270833333333215,0.14885159010600546,-2.3694204190480186e-08,0.3334072768799959,0.027919230132659963
5.887,0.0001489868891546564,0.19270833333333215,0.14885159010600546,-1.85645983151173e-08,0.33246802908629997,-0.15773493807444675
5.888,0.0001489868891546564,0.19270833333333215,0.14885159010600546,2.490975797767421e-08,-0.12775177270577198,-0.1252738371773948
5.889,0.0001489868891546564,-0.8072916666666679,0.14885159010600546,3.588826217183757e-08,-0.41070863530268564,0.07798242800030836
5.89,0.0001489868891546564,0.19270833333333215,0.14885159010600546,-7.853254192971278e-09,-0.12593015629939217,0.17200196632738013
5.891,0.0001489868891546564,0.19270833333333215,0.14885159010600546,-4.34133615959139e-08,0.3319177242262949,0.02930531471286324
5.892,0.0001489868891546564,0.19270833333333215,-0.8511484098939945,-2.0066794533789292e-08,0.33022681652574887,-0.15218324070717673
5.893,0.0001489868891546564,0.19270833333333215,0.14885159010600546,2.8041235580021386e-08,-0.1271098433008401,-0.12304358151659575
5.894,0.0001489868891546564,-0.8072916666666679,0.14885159010600546,3.779089845776794e-08,-0.40724608087180286,0.07516139147596484
5.895,0.0001489868891546564,0.19270833333333215,0.14885159010600546,3.5079123391223087e-09,-0.12445733561944503,0.16863671821779982
5.896,0.0001489868891546564,0.19270833333333215,0.14885159010600546,-2.902807092026076e-08,0.32855572939530636,0.028988851443549353
5.897,0.0001489868891546564,0.19270833333333215,0.14885159010600546,-2.845877992327102e-08,0.32621748161369624,-0.15027739839084187
5.898,0.0001489868891546564,0.19270833333333215,0.14885159010600546,-2.5710963190933667e-09,-0.12572915908856222,-0.12120944086355664
5.899,0.0001489868891546564,-0.8072916666666679,0.14885159010600546,2.5568447677463216e-08,-0.40165866633942787,0.07588785585834604
5.9,0.0001489868891546564,0.19270833333333215,0.14885159010600546,3.3733271274094983e-08,-0.12242344369515834,0.16780038465458888
5.901,0.0001489868891546564,0.19270833333333215,0.14885159010600546,7.024871787283575e-09,0.3235330858024002,0.0265598369751619
5.902,0.0001489868891546564,0.19270833333333215,-0.8511484098939945,-3.7843535506689794e-08,0.3207151585615599,-0.15220146167161172
5.903,0.0001489868891546564,0.19270833333333215,0.14885159010600546,-4.7743330241124696e-08,-0.12369006721589729,-0.11954479768249325
5.904,0.0001489868891546564,-0.8072916666666679,0.14885159010600546,5.459804042072305e-09,-0.3943353703541394,0.08033751528694935
5.905,0.0001489868891546564,0.19270833333333215,0.14885159010600546,6.537468488871015e-08,-0.11998943293828983,0.16936966197163278
5.906,0.0001489868891546564,0.19270833333333215,0.14885159010600546,4.6400943183029736e-08,0.31720098165971883,0.021919546928127413
5.907,0.0001489868891546564,0.19270833333333215,0.14885159010600546,-4.152552113327843e-08,0.3141353174134586,-0.15780448798532176
5.908,0.0001489868891546564,0.19270833333333215,0.14885159010600546,-8.405924394200664e-08,-0.1211233764503807,-0.11796795090742099
5.909,0.0001489868891546564,-0.8072916666666679,0.14885159010600546,-1.4487211144733001e-08,-0.3858287483905366,0.08825789572045233
5.91,0.0001489868891546564,0.19270833333333215,0.14885159010600546,8.017350692226935e-08,-0.1173647975058075,0.17313508777452868
5.911,0.0001489868891546564,0.19270833333333215,0.14885159010600546,6.991966384256017e-08,0.3100342763208113,0.015360496584636606
5.912,0.0001489868891546564,0.19270833333333215,-0.8511484098939945,-3.394110754252888e-08,0.30700884431824566,-0.16662981050033046
5.913,0.0001489868891546564,0.19270833333333215,0.14885159010600546,-9.03317199381222e-08,-0.11820587616825423,-0.11662002858552788
5.914,0.0001489868891546564,-0.8072916666666679,0.14885159010600546,-2.653078412063759e-08,-0.3768190215062718,0.0989665071672442
5.915,0.0001489868891546564,0.19270833333333215,0.14885159010600546,6.415238134397629e-08,-0.11478899138335437,0.1788649828121614
5.916,0.0001489868891546564,0.19270833333333215,0.14885159010600546,6.276739628888034e-08,0.30259976050479787,0.007582194811013601
5.917,0.0001489868891546564,0.19270833333333215,0.14885159010600546,-1.2329338858375181e-08,0.29993878041462335,-0.17796980651012298
5.918,0.0001489868891546564,0.19270833333333215,-0.8511484098939945,-5.347251516768847e-08,-0.115151490242023,-0.1158877769332046
5.919,0.0001489868891546564,-0.8072916666666679,0.14885159010600546,-2.523377875444034e-08,-0.36805858368702954,0.11140726599907845
5.92,0.0001489868891546564,0.19270833333333215,0.14885159010600546,1.1654017351873262e-08,-0.1125056382203213,0.18634432467394568
5.921,0.0001489868891546564,0.19270833333333215,0.14885159010600546,1.8601356254569664e-08,0.29551089686103665,-0.0003679349170523713
5.922,0.0001489868891546564,0.19270833333333215,0.14885159010600546,2.226415841823461e-08,0.29354324196332277,-0.19093745244279137
5.923,0.0001489868891546564,0.19270833333333215,-0.8511484098939945,2.762104736347573e-08,-0.11219828797628764,-0.11636004387641082
5.924,0.0001489868891546564,-0.8072916666666679,0.14885159010600546,-8.884619388464196e-09,-0.360302767245949,0.12426126208721444
5.925,0.0001489868891546564,0.19270833333333215,0.14885159010600546,-7.263801312516079e-08,-0.11073312182677943,0.1953788730200645
5.926,0.0001489868891546564,0.19270833333333215,0.14885159010600546,-5.841034977615139e-08,0.2893735993212111,-0.007225996914652777
5.927,0.0001489868891546564,0.19270833333333215,0.14885159010600546,6.490234597201786e-08,0.28839162309818983,-0.20454491145024925
5.928,0.0001489868891546564,0.19270833333333215,0.14885159010600546,1.4108821994440065e-07,-0.10959194238300432,-0.11871988458139406
5.929,0.0001489868891546564,-0.8072916666666679,0.14885159010600546,1.9984530051037496e-08,-0.35423512925534506,0.1360992302976886
5.93,0.0001489868891546564,0.19270833333333215,0.14885159010600546,-1.7419294985468158e-07,-0.10963614282015909,0.20576316901415298
5.931,0.0001489868891546564,0.19270833333333215,0.14885159010600546,-1.540991538937802e-07,0.2847290573959628,-0.011699400433434438
5.932,0.0001489868891546564,0.19270833333333215,-0.8511484098939945,1.0763129887054666e-07,0.28494268843914256,-0.21777985329623065
5.933,0.0001489868891546564,0.19270833333333215,0.14885159010600546,2.6429117155352227e-07,-0.10756658915377718,-0.12358774185889104
5.934,0.0001489868891546564,-0.8072916666666679,0.14885159010600546,5.509994368665699e-08,-0.35039673129510596,0.14555588255173782
5.935,0.0001489868891546564,0.19270833333333215,0.14885159010600546,-2.7155969182478274e-07,-0.10930304720131775,0.2172198581381959
5.936,0.0001489868891546564,0.19270833333333215,0.14885159010600546,-2.4725923896168234e-07,0.28200023497679716,-0.012683326004918172
5.937,0.0001489868891546564,0.19270833333333215,-0.8511484098939945,1.4113330309914755e-07,0.2834933161352063,-0.22967200032285076
5.938,0.0001489868891546564,0.19270833333333215,0.14885159010600546,3.6869682103894003e-07,-0.10632438479553197,-0.13134261079588713
5.939,0.0001489868891546564,0.19270833333333215,0.14885159010600546,8.785507880113768e-08,-0.34912867855205904,0.15150184316112286
5.94,0.0001489868891546564,0.19270833333333215,0.14885159010600546,-3.4108796708857903e-07,-0.10973309459541554,0.22932545696671597
5.941,0.0001489868891546564,0.19270833333333215,0.14885159010600546,-3.144067179834579e-07,0.2814483941845245,-0.00947072981145298
5.942,0.0001489868891546564,0.19270833333333215,0.14885159010600546,1.5679710047094141e-07,0.28414539919469495,-0.23934515848187893
5.943,0.0001489868891546564,0.19270833333333215,0.14885159010600546,4.263689376835365e-07,-0.1060153706556989,-0.14195527148600476
5.944,0.0001489868891546564,-0.8072916666666679,0.14885159010600546,1.0930767717734756e-07,-0.35053559162624676,0.15318816984546704
5.945,0.0001489868891546564,0.19270833333333215,0.14885159010600546,-3.6239151458481176e-07,-0.11083640679958387,0.24144268020205245
5.946,0.0001489868891546564,0.19270833333333215,0.14885159010600546,-3.352675228808123e-07,0.28314487272918865,-0.0019188870288558597
5.947,0.0001489868891546564,0.19270833333333215,0.14885159010600546,1.4874383313957467e-07,0.2867959364241121,-0.246053205067987
5.948,0.0001489868891546564,0.19270833333333215,0.14885159010600546,4.1661233194858786e-07,-0.10671949151178317,-0.15486902040481035
5.949,0.0001489868891546564,-0.8072916666666679,0.14885159010600546,1.1231433625041245e-07,-0.354474955684474,0.15034162218430622
5.95,0.0001489868891546564,0.19270833333333215,0.14885159010600546,-3.23322601769717e-07,-0.11244733480701075,0.2526806733062327
5.951,0.0001489868891546564,0.19270833333333215,0.14885159010600546,-2.977547878749763e-07,0.28696155808101786,0.009460080234959067
5.952,0.0001489868891546564,0.19270833333333215,-0.8511484098939945,1.1534993920976301e-07,0.2911520313849929,-0.24920157399703266
5.953,0.0001489868891546564,0.19270833333333215,0.14885159010600546,3.3126281603163934e-07,-0.10843275164485475,-0.1689582626607345
5.954,0.0001489868891546564,-0.8072916666666679,0.14885159010600546,9.331933854914776e-08,-0.3605738528740998,0.14319559931192535
5.955,0.0001489868891546564,0.19270833333333215,0.14885159010600546,-2.233224579350054e-07,-0.11434973015048062,0.2619015018930905
5.956,0.0001489868891546564,0.19270833333333215,0.14885159010600546,-2.0129972631050393e-07,0.2925813189833741,0.02350692590957654
5.957,0.0001489868891546564,0.19270833333333215,-0.8511484098939945,5.991295790303521e-08,0.2967688961301666,-0.24835814796749744
5.958,0.0001489868891546564,0.19270833333333215,0.14885159010600546,1.7740255067127356e-07,-0.11105946777800703,-0.18258435160760186
5.959,0.0001489868891546564,-0.8072916666666679,0.14885159010600546,5.338899460914556e-08,-0.3682709634588375,0.13245104443685404
5.96,0.0001489868891546564,0.19270833333333215,0.14885159010600546,-7.435920624807953e-08,-0.11631048848790843,0.2677843119990799
5.961,0.0001489868891546564,0.19270833333333215,0.14885159010600546,-5.775449542181132e-08,0.2995273792896814,0.038528734247766455
5.962,0.0001489868891546564,0.19270833333333215,-0.8511484098939945,-9.710272434971767e-09,0.30310560554626415,-0.24325870856672166
5.963,0.0001489868891546564,0.19270833333333215,0.14885159010600546,-2.3163614592003378e-08,-0.11441234636068065,-0.193752735121694
5.964,0.0001489868891546564,-0.8072916666666679,0.14885159010600546,-1.7528708436712488e-09,-0.3768784615077057,0.11917217719457125
5.965,0.0001489868891546564,0.19270833333333215,0.14885159010600546,1.0081330280313134e-07,-0.1181161277783262,0.26894869251556786
5.966,0.0001489868891546564,0.19270833333333215,0.14885159010600546,1.1038733685717828e-07,0.30720854620191757,0.05250864491946118
5.967,0.0001489868891546564,0.19270833333333215,0.14885159010600546,-8.244159301292859e-08,0.3095908025285687,-0.23381199300591257
5.968,0.0001489868891546564,0.19270833333333215,-0.8511484098939945,-2.376318119305538e-07,-0.1182216335195703,-0.20035816850157387
5.969,0.0001489868891546564,-0.8072916666666679,0.14885159010600546,-6.271469096665914e-08,-0.3856560015149206,0.10463199944156158
5.97,0.0001489868891546564,0.19270833333333215,0.14885159010600546,2.727603987739139e-07,-0.1196063757106665,0.264127513848246
5.971,0.0001489868891546564,0.19270833333333215,0.14885159010600546,2.7412313950755175e-07,0.31497557786216773,0.06338597469885793
5.972,0.0001489868891546564,0.19270833333333215,0.14885159010600546,-1.4603249111780945e-07,0.31568921523134824,-0.22010799450885968
5.973,0.0001489868891546564,0.19270833333333215,0.14885159010600546,-4.28387062415346e-07,-0.122153846361561,-0.2004883143580648
5.974,0.0001489868891546564,-0.8072916666666679,0.14885159010600546,-1.1825470835996248e-07,-0.39388771696276537,0.09013049107712451
5.975,0.0001489868891546564,0.19270833333333215,0.14885159010600546,4.110048728956969e-07,-0.120698948642664,0.2523687866793294
5.976,0.0001489868891546564,0.19270833333333215,0.14885159010600546,4.0358333960035975e-07,0.3221829544388694,0.06936771357274464
5.977,0.0001489868891546564,0.19270833333333215,-0.8511484098939945,-1.8940942269744192e-07,0.3209599176937489,-0.20243070996374302
5.978,0.0001489868891546564,0.19270833333333215,-0.8511484098939945,-5.603810367413568e-07,-0.12583961944997404,-0.19274329669339774
5.979,0.0001489868891546564,-0.8072916666666679,0.14885159010600546,-1.5754765713430425e-07,-0.4009531635206952,0.07681293770530431
5.98,0.0001489868891546564,0.19270833333333215,0.14885159010600546,4.900319029014256e-07,-0.12140092087091914,0.23323780452251164
5.981,0.0001489868891546564,0.19270833333333215,0.14885159010600546,4.7400851549902423e-07,0.3282499665751242,0.06922480152237348
5.982,0.0001489868891546564,0.19270833333333215,0.14885159010600546,-2.04829318600307e-07,0.32509871609598195,-0.18127357947797101
5.983,0.0001489868891546564,0.19270833333333215,-0.8511484098939945,-6.081610420125798e-07,-0.1289090620923348,-0.17652205984320865
5.984,0.0001489868891546564,-0.8072916666666679,0.14885159010600546,-1.724225075646664e-07,-0.40638436817446166,0.06551610837088756
5.985,0.0001489868891546564,0.19270833333333215,0.14885159010600546,4.94408338246435e-07,-0.12180414986365627,0.2069866248998457
5.986,0.0001489868891546564,0.19270833333333215,0.14885159010600546,4.708076402869803e-07,0.33271532676899684,0.06252608496352025
5.987,0.0001489868891546564,0.19270833333333215,0.14885159010600546,-1.893992936303719e-07,0.3279596231790275,-0.1573530001228418
5.988,0.0001489868891546564,0.19270833333333215,0.14885159010600546,-5.610776792708191e-07,-0.13103183982727865,-0.1522271699411033
5.989,0.0001489868891546564,-0.8072916666666679,0.14885159010600546,-1.5909665317670023e-07,-0.4099033397952906,0.05666589845459852
5.99,0.0001489868891546564,0.19270833333333215,0.14885159010600546,4.2194666340747495e-07,-0.12206482941896828,0.17465884105356239
5.991,0.0001489868891546564,0.19270833333333215,0.14885159010600546,3.926332726966344e-07,0.33528033986622363,0.04976980447220157
5.992,0.0001489868891546564,0.19270833333333215,0.14885159010600546,-1.4564774065567628e-07,0.32955366231686056,-0.13161316998312805
5.993,0.0001489868891546564,0.19270833333333215,0.14885159010600546,-4.255791596986014e-07,-0.1319581250761842,-0.12134829653800967
5.994,0.0001489868891546564,-0.8072916666666679,0.14885159010600546,-1.190370389777145e-07,-0.4114371747803486,0.050242146358609914
5.995,0.0001489868891546564,0.19270833333333215,0.14885159010600546,2.842539850683907e-07,-0.12236997272344856,0.1381038482262553
5.996,0.0001489868891546564,0.19270833333333215,0.14885159010600546,2.518255958153159e-07,0.33583688871539036,0.03238608377595187
5.997,0.0001489868891546564,0.19270833333333215,-0.8511484098939945,-8.103289048881984e-08,0.33002668433614896,-0.10521466897453209
5.998,0.0001489868891546564,0.19270833333333215,0.14885159010600546,-2.2411176915240838e-07,-0.13155578559626183,-0.08640008397770199
5.999,0.0001489868891546564,-0.8072916666666679,0.14885159010600546,-5.8762473796758626e-08,-0.41111081096723495,0.04581582496930391
6.0,0.0001489868891546564,0.19270833333333215,0.14885159010600546,1.0455444759708764e-07,-0.12289602623164124,0.09988580180275719
6.001,0.0001489868891546564,0.19270833333333215,0.14885159010600546,7.21292556183269e-08,0.3344779350749186,0.01260228411036719
6.002,0.0001489868891546564,0.19270833333333215,0.14885159010600546,-6.4963959417637225e-09,0.3296209332776186,-0.07949994614545985
6.003,0.0001489868891546564,0.19270833333333215,0.14885159010600546,9.144024913038072e-09,-0.12983886762603883,-0.050710381981498714
6.004,0.0001489868891546564,-0.8072916666666679,0.14885159010600546,1.1375993216471376e-08,-0.409220116563192,0.04265234267419849
6.005,0.0001489868891546564,0.19270833333333215,0.14885159010600546,-8.675867230198869e-08,-0.1237664644341806,0.063086782284219
6.006,0.0001489868891546564,0.19270833333333215,0.14885159010600546,-1.1584394689359206e-07,0.33148975139768927,-0.006816453869158884
6.007,0.0001489868891546564,0.19270833333333215,0.14885159010600546,6.563401761528476e-08,0.32862728697592286,-0.0559313176812533
6.008,0.0001489868891546564,0.19270833333333215,0.14885159010600546,2.3481613137314994e-07,-0.12698271970193958,-0.018076920311739943
6.009,0.0001489868891546564,-0.8072916666666679,0.14885159010600546,7.918594784798733e-08,-0.40619000421841484,0.03986408678813846
6.01,0.0001489868891546564,0.19270833333333215,0.14885159010600546,-2.5791855705467013e-07,-0.12501580353611155,0.03101929673524776
6.011,0.0001489868891546564,0.19270833333333215,0.14885159010600546,-2.8046866657521277e-07,0.3273265652522785,-0.02291975758319775
6.012,0.0001489868891546564,0.19270833333333215,0.14885159010600546,1.239589353075297e-07,0.3273361030051315,-0.036000936685565824
6.013,0.0001489868891546564,0.19270833333333215,0.14885159010600546,4.158131015361824e-07,-0.123322063199497,0.007668858144825334
6.014,0.0001489868891546564,-0.8072916666666679,0.14885159010600546,1.3298548828957382e-07,-0.4025234224251617,0.03658731443320427
6.015,0.0001489868891546564,0.19270833333333215,0.14885159010600546,-3.817386554910316e-07,-0.12656685047227975,0.006877816838843577
6.016,0.0001489868891546564,0.19270833333333215,0.14885159010600546,-3.9507530886981765e-07,0.3225696336363963,-0.03297063683109825
6.017,0.0001489868891546564,0.19270833333333215,0.14885159010600546,1.600682939278469e-07,0.32599430186250583,-0.02111694177593196
6.018,0.0001489868891546564,0.19270833333333215,0.14885159010600546,5.242029882850278e-07,-0.11932992706295402,0.023136183131389123
6.019,0.0001489868891546564,-0.8072916666666679,0.14885159010600546,1.6383391121102768e-07,-0.3987473419251338,0.032154360585898524
6.02,0.0001489868891546564,0.19270833333333215,0.14885159010600546,-4.40522032443232e-07,-0.1282262176345253,-0.006629717753049301
6.021,0.0001489868891546564,0.19270833333333215,0.14885159010600546,-4.428269698298238e-07,0.3178739239889483,-0.03483442741239173
6.022,0.0001489868891546564,0.19270833333333215,0.14885159010600546,1.6994190096393676e-07,0.32477481698168975,-0.012474882524783622
6.023,0.0001489868891546564,0.19270833333333215,0.14885159010600546,5.461237126843406e-07,-0.11557750510997324,0.02582436908641826
6.024,0.0001489868891546564,-0.8072916666666679,0.14885159010600546,1.6718904306222754e-07,-0.39536131844304645,0.026232599268541757
6.025,0.0001489868891546564,0.19270833333333215,0.14885159010600546,-4.289630454836512e-07,-0.1297004211114538,-0.007623507797874058
6.026,0.0001489868891546564,0.19270833333333215,0.14885159010600546,-4.195420236074126e-07,0.3139065400622267,-0.02730171640345973
6.027,0.0001489868891546564,0.19270833333333215,0.14885159010600546,1.5442986716165071e-07,0.32376213082413496,-0.01092771497190299
6.028,0.0001489868891546564,0.19270833333333215,0.14885159010600546,4.837838063681986e-07,-0.1126774435593919,0.014484404472790625
6.029,0.0001489868891546564,-0.8072916666666679,0.14885159010600546,1.4366353333365518e-07,-0.3927930870274317,0.01890664056197387
6.03,0.0001489868891546564,0.19270833333333215,0.14885159010600546,-3.54515212350669e-07,-0.13063163962886382,0.004679891151153328
6.031,0.0001489868891546564,0.19270833333333215,0.14885159010600546,-3.3394388013391647e-07,0.3112817773818389,-0.010296696200279155
6.032,0.0001489868891546564,0.19270833333333215,0.14885159010600546,1.1875226062830971e-07,0.32295473435121785,-0.01687035942531396
6.033,0.0001489868891546564,0.19270833333333215,0.14885159010600546,3.5423544720821184e-07,-0.11121552315203297,-0.010660612701180353
6.034,0.0001489868891546564,-0.8072916666666679,0.14885159010600546,9.874383077148639e-08,-0.39136420604563554,0.010689118091543747
6.035,0.0001489868891546564,0.19270833333333215,0.14885159010600546,-2.352373724258449e-07,-0.13064894228562526,0.02981217004596118
6.036,0.0001489868891546564,0.19270833333333215,0.14885159010600546,-2.0536315358124953e-07,0.3104981975015998,0.01506239300090341
6.037,0.0001489868891546564,0.19270833333333215,-0.8511484098939945,7.116380395484493e-08,0.3222824934128338,-0.03015539381970703
6.038,0.0001489868891546564,0.19270833333333215,0.14885159010600546,1.852781663484074e-07,-0.11167781922373489,-0.04787195447947465
6.039,0.0001489868891546564,-0.8072916666666679,0.14885159010600546,4.1552500062167356e-08,-0.39126730582793096,0.002456744671498759
6.04,0.0001489868891546564,0.19270833333333215,0.14885159010600546,-9.565317877835104e-08,-0.12942801867565318,0.06603709051763501
6.041,0.0001489868891546564,0.19270833333333215,0.14885159010600546,-5.944429749383907e-08,0.3118833246347266,0.04656358286771775
6.042,0.0001489868891546564,0.19270833333333215,0.14885159010600546,2.109914958034425e-08,0.3216345565368967,-0.05005459210068175
6.043,0.0001489868891546564,0.19270833333333215,0.14885159010600546,9.436707474160742e-09,-0.1143818620383614,-0.09404116063937819
6.044,0.0001489868891546564,-0.8072916666666679,0.14885159010600546,-1.7069228821432192e-08,-0.39255524462144614,-0.00467968975973258
6.045,0.0001489868891546564,0.19270833333333215,0.14885159010600546,3.844448119506666e-08,-0.1267506282244884,0.11048263997417136
6.046,0.0001489868891546564,0.19270833333333215,0.14885159010600546,7.719280654976931e-08,0.3155514238860661,0.0811523203323855
6.047,0.0001489868891546564,0.19270833333333215,0.14885159010600546,-2.278842685768879e-08,0.320891967021414,-0.0752767500301989
6.048,0.0001489868891546564,0.19270833333333215,0.14885159010600546,-1.4267231377257319e-07,-0.1194207918310852,-0.14501217647051678
6.049,0.0001489868891546564,-0.8072916666666679,0.14885159010600546,-6.674739285046587e-08,-0.3951415791285787,-0.009551933188848194
6.05,0.0001489868891546564,0.19270833333333215,0.14885159010600546,1.4512416384943215e-07,-0.1225544539004352,0.1594113736816214
6.051,0.0001489868891546564,0.19270833333333215,0.14885159010600546,1.8219779605788811e-07,0.32137923958472925,0.11530177364576552
6.052,0.0001489868891546564,0.19270833333333215,0.14885159010600546,-5.427637455882775e-08,0.31995875635244697,-0.10404599761660413
6.053,0.0001489868891546564,0.19270833333333215,0.14885159010600546,-2.481874571346222e-07,-0.12662882728668587,-0.19604213643218948
6.054,0.0001489868891546564,-0.8072916666666679,0.14885159010600546,-9.957320505641334e-08,-0.39881125474770934,-0.011130228385347128
6.055,0.0001489868891546564,0.19270833333333215,0.14885159010600546,2.103169099576997e-07,-0.11696493451072938,0.20860027940138393
6.056,0.0001489868891546564,0.19270833333333215,0.14885159010600546,2.415606224012284e-07,0.3290034900057541,0.1454532234878345
6.057,0.0001489868891546564,0.19270833333333215,0.14885159010600546,-7.057651626787634e-08,0.3187860087004816,-0.13423734598768117
6.058,0.0001489868891546564,0.19270833333333215,-0.8511484098939945,-2.9588220836858166e-07,-0.13557450655145922,-0.24234360496123872
6.059,0.0001489868891546564,-0.8072916666666679,0.14885159010600546,-1.1150829048267932e-07,-0.40324024324846264,-0.008707720774868
6.06,0.0001489868891546564,0.19270833333333215,0.14885159010600546,2.299039711055706e-07,-0.11030287687757857,0.25378635479281636
6.061,0.0001489868891546564,0.19270833333333215,0.14885159010600546,2.5171321508960305e-07,0.33784230569765256,0.16846696863504954
6.062,0.0001489868891546564,0.19270833333333215,0.14885159010600546,-7.251376652866008e-08,0.3173850190305904,-0.1635585636989457
6.063,0.0001489868891546564,0.19270833333333215,-0.8511484098939945,-2.873586500146277e-07,-0.14558524646782123,-0.2796392027766621
6.064,0.0001489868891546564,-0.8072916666666679,0.14885159010600546,-1.0292860637372941e-07,-0.408022857888151,-0.002043618541052993
6.065,0.0001489868891546564,0.19270833333333215,0.14885159010600546,2.095482482388449e-07,-0.10306492084616865,0.29112452672245553
6.066,0.0001489868891546564,0.19270833333333215,0.14885159010600546,2.1931408806738404e-07,0.34714070375053924,0.1820221992141748
6.067,0.0001489868891546564,0.19270833333333215,0.14885159010600546,-6.388933183335843e-08,0.31582788740895795,-0.18976072394669405
6.068,0.0001489868891546564,0.19270833333333215,-0.8511484098939945,-2.3543875254322978e-07,-0.15580309260829062,-0.30465715943199273
6.069,0.0001489868891546564,-0.8072916666666679,0.14885159010600546,-7.822792000660284e-08,-0.41270548055499295,0.008558740818936811
6.07,0.0001489868891546564,0.19270833333333215,0.14885159010600546,1.624274818393803e-07,-0.09587778307529234,0.31760200585694465
6.071,0.0001489868891546564,0.19270833333333215,0.14885159010600546,1.58876438388311e-07,0.35603773630406754,0.18491115384082166
6.072,0.0001489868891546564,0.19270833333333215,0.14885159010600546,-5.0218281824250554e-08,0.3142362757906754,-0.2108549386976004
6.073,0.0001489868891546564,0.19270833333333215,-0.8511484098939945,-1.6024616589513474e-07,-0.1652675306138765,-0.3155038452818475
6.074,0.0001489868891546564,-0.8072916666666679,0.14885159010600546,-4.4603223568078754e-08,-0.41682528372334926,0.02225313240748642
6.075,0.0001489868891546564,0.19270833333333215,0.14885159010600546,1.0547824714049392e-07,-0.08943107534365635,0.33135811021494993
6.076,0.0001489868891546564,0.19270833333333215,0.14885159010600546,8.885908808342682e-08,0.3636503560801737,0.17718758425591527
6.077,0.0001489868891546564,0.19270833333333215,-0.8511484098939945,-3.716407006758739e-08,0.31276116446633345,-0.22531069386253152
6.078,0.0001489868891546564,0.19270833333333215,-0.8511484098939945,-8.395506019392518e-08,-0.1730174153380433,-0.3118657094519148
6.079,0.0001489868891546564,-0.8072916666666679,0.14885159010600546,-1.031464776221482e-08,-0.4199521280920143,0.03773327701186346
6.08,0.0001489868891546564,0.19270833333333215,0.14885159010600546,5.506373367109145e-08,-0.08439679918670107,0.3318703925660541
6.081,0.0001489868891546564,0.19270833333333215,0.14885159010600546,2.715067667910014e-08,0.36916660092500864,0.16014994087841597
6.082,0.0001489868891546564,0.19270833333333215,0.14885159010600546,-2.904920985373978e-08,0.3115579125768711,-0.23221225286997513
6.083,0.0001489868891546564,0.19270833333333215,0.14885159010600546,-2.5438543358688205e-08,-0.1782009840490926,-0.29501595586342655
6.084,0.0001489868891546564,-0.8072916666666679,0.14885159010600546,1.7184493480681382e-08,-0.42173116732783456,0.053387151323261633
6.085,0.0001489868891546564,0.19270833333333215,0.14885159010600546,2.30721685537628e-08,-0.08134585371526927,0.3199849708260823
6.086,0.0001489868891546564,0.19270833333333215,0.14885159010600546,-1.3023199964440211e-08,0.37193875663445397,0.13616276873501398
6.087,0.0001489868891546564,0.19270833333333215,0.14885159010600546,-2.7790983458169225e-08,0.3107615104666177,-0.23135379335447814
6.088,0.0001489868891546564,-0.8072916666666679,0.14885159010600546,3.973009016208878e-09,-0.18018103190727855,-0.2676274560712106
6.089,0.0001489868891546564,-0.8072916666666679,0.14885159010600546,3.283663314279039e-08,-0.4219229023498466,0.06750170819826187
6.09,0.0001489868891546564,0.19270833333333215,0.14885159010600546,1.432087898919836e-08,-0.08067270201714283,0.29778893737780754
6.091,0.0001489868891546564,0.19270833333333215,0.14885159010600546,-2.5869394688499688e-08,0.3715660559518416,0.10834219140112752
6.092,0.0001489868891546564,0.19270833333333215,-0.8511484098939945,-3.250239154195268e-08,0.31046654175424204,-0.22326081707417347
6.093,0.0001489868891546564,0.19270833333333215,0.14885159010600546,2.7024571029817877e-09,-0.17862199007479534,-0.23341910163265334
6.094,0.0001489868891546564,-0.8072916666666679,0.14885159010600546,3.4950918826025035e-08,-0.4204366964080857,0.07848911142719796
6.095,0.0001489868891546564,0.19270833333333215,0.14885159010600546,2.5817540100723876e-08,-0.08253857610576988,0.26834285168123884
6.096,0.0001489868891546564,0.19270833333333215,0.14885159010600546,-1.3896902891379424e-08,0.3679564977728645,0.08014981982021543
6.097,0.0001489868891546564,0.19270833333333215,-0.8511484098939945,-3.9837430304855866e-08,0.3107151598257582,-0.20913406229978862
6.098,0.0001489868891546564,0.19270833333333215,-0.8511484098939945,-2.1329553197497547e-08,-0.17354701722692745,-0.19668441642352655
6.099,0.0001489868891546564,-0.8072916666666679,0.14885159010600546,2.5364592972724274e-08,-0.4173533365080304,0.08510207848627319
6.1,0.0001489868891546564,0.19270833333333215,0.14885159010600546,4.799079867293174e-08,-0.08684134583244292,0.23530883221746077
6.101,0.0001489868891546564,0.19270833333333215,0.14885159010600546,1.3245461992135156e-08,0.36135869619527866,0.05495133060927716
6.102,0.0001489868891546564,0.19270833333333215,-0.8511484098939945,-4.498340549793265e-08,0.3114945920212379,-0.19072150718725525
6.103,0.0001489868891546564,0.19270833333333215,-0.8511484098939945,-5.328846472329902e-08,-0.16535622644636327,-0.16176579153013185
6.104,0.0001489868891546564,-0.8072916666666679,0.14885159010600546,8.786862436437219e-09,-0.41293234959210673,0.08660725414296287
6.105,0.0001489868891546564,0.19270833333333215,0.14885159010600546,6.754710814473851e-08,-0.09321673967378552,0.20252228498321379
6.106,0.0001489868891546564,0.19270833333333215,0.14885159010600546,4.163228362172954e-08,0.3523573045616718,0.03559969611850478
6.107,0.0001489868891546564,0.19270833333333215,0.14885159010600546,-4.305142078874288e-08,0.3127436828822389,-0.17013282272429195
6.108,0.0001489868891546564,0.19270833333333215,0.14885159010600546,-7.567088558916479e-08,-0.15480152333406794,-0.13254324986550775
6.109,0.0001489868891546564,-0.8072916666666679,0.14885159010600546,-8.501279722697863e-09,-0.4076006316824796,0.08289148558732519
6.11,0.0001489868891546564,0.19270833333333215,0.14885159010600546,7.12410514451237e-08,-0.10107146732204408,0.1735611982410281
6.111,0.0001489868891546564,0.19270833333333215,0.14885159010600546,5.6914353738891674e-08,0.34182932681133993,0.02409822872041053
6.112,0.0001489868891546564,0.19270833333333215,0.14885159010600546,-3.052341724671159e-08,0.3143661754284772,-0.14961762302766857
6.113,0.0001489868891546564,0.19270833333333215,0.14885159010600546,-7.317355074527225e-08,-0.14291872676794323,-0.1120026061934864
6.114,0.0001489868891546564,-0.8072916666666679,0.14885159010600546,-2.027826758479505e-08,-0.4019205855485302,0.07448551156738456
6.115,0.0001489868891546564,0.19270833333333215,0.14885159010600546,4.964392363588722e-08,-0.10964454248888564,0.15136552303202314
6.116,0.0001489868891546564,0.19270833333333215,0.14885159010600546,4.8235685062189687e-08,0.3308631605042607,0.02138610478827925
6.117,0.0001489868891546564,0.19270833333333215,0.14885159010600546,-6.400642206212392e-09,0.3162471628933438,-0.13133312003170344
6.118,0.0001489868891546564,0.19270833333333215,0.14885159010600546,-3.7018337879845865e-08,-0.13092303630009383,-0.1019350691088975
6.119,0.0001489868891546564,-0.8072916666666679,0.14885159010600546,-2.1963279820618366e-08,-0.3965382960328723,0.06250143850859903
6.12,0.0001489868891546564,0.19270833333333215,0.14885159010600546,3.0026692349542904e-12,-0.11808934312012759,0.1379508191240029
6.121,0.0001489868891546564,0.19270833333333215,0.14885159010600546,1.128632015019798e-08,0.3206469885081302,0.027270850488020994
6.122,0.0001489868891546564,0.19270833333333215,0.14885159010600546,2.7233316401606363e-08,0.31826866821413635,-0.1171277521690021
6.123,0.0001489868891546564,0.19270833333333215,0.14885159010600546,3.2299485545189053e-08,-0.12007879370095217,-0.10280079167805357
6.124,0.0001489868891546564,-0.8072916666666679,0.14885159010600546,-1.1784197426758184e-08,-0.3921150517850103,0.04849266461896031
6.125,0.0001489868891546564,0.19270833333333215,0.14885159010600546,-7.25022905614017e-08,-0.12556620627640216,0.13424642302453982
6.126,0.0001489868891546564,0.19270833333333215,0.14885159010600546,-5.02314882522993e-08,0.3123375279755041,0.040511180893306305
6.127,0.0001489868891546564,0.19270833333333215,0.14885159010600546,6.538762314393386e-08,0.3203207133245825,-0.10836492039578506
6.128,0.0001489868891546564,0.19270833333333215,0.14885159010600546,1.2450517099473725e-07,-0.11155818900735631,-0.11376559013834883
6.129,0.0001489868891546564,-0.8072916666666679,0.14885159010600546,8.733458187987761e-09,-0.3892483633130806,0.034255801536581434
6.13,0.0001489868891546564,0.19270833333333215,0.14885159010600546,-1.554309838409825e-07,-0.1313340162305481,0.1400709913532619
6.131,0.0001489868891546564,0.19270833333333215,0.14885159010600546,-1.2507930381582068e-07,0.30692351973978094,0.05903271807631374
6.132,0.0001489868891546564,0.19270833333333215,0.14885159010600546,1.0106051902719236e-07,0.3223054394972149,-0.1058055049264989
6.133,0.0001489868891546564,0.19270833333333215,0.14885159010600546,2.2143019650273667e-07,-0.1063055415409522,-0.1328964422443668
6.134,0.0001489868891546564,-0.8072916666666679,0.14885159010600546,3.506663008838003e-08,-0.3883910649926755,0.021602049563118383
6.135,0.0001489868891546564,0.19270833333333215,0.14885159010600546,-2.315589309911651e-07,-0.13482948119250568,0.15423992363695438
6.136,0.0001489868891546564,0.19270833333333215,0.14885159010600546,-1.9681165240680884e-07,0.3051001418371856,0.08024147946134555
6.137,0.0001489868891546564,0.19270833333333215,-0.8511484098939945,1.266732236082847e-07,0.32413358997651,-0.10956014536646849
6.138,0.0001489868891546564,0.19270833333333215,0.14885159010600546,3.0089143737628037e-07,-0.10492371212455606,-0.15748080971071038
6.139,0.0001489868891546564,-0.8072916666666679,0.14885159010600546,6.071528068861811e-08,-0.38977865305542,0.012129305034931029
6.14,0.0001489868891546564,0.19270833333333215,0.14885159010600546,-2.826302313853819e-07,-0.13572455211187462,0.17478245741457513
6.141,0.0001489868891546564,0.19270833333333215,0.14885159010600546,-2.4744606727448747e-07,0.30717037107810374,0.10138805953639839
6.142,0.0001489868891546564,0.19270833333333215,0.14885159010600546,1.3573129677221556e-07,0.3257146105436457,-0.11911343522384298
6.143,0.0001489868891546564,0.19270833333333215,-0.8511484098939945,3.417074160593603e-07,-0.10759700732920999,-0.1844201023685464
6.144,0.0001489868891546564,-0.8072916666666679,0.14885159010600546,7.87126883305222e-08,-0.3933753126992669,0.0070255520489325264
6.145,0.0001489868891546564,0.19270833333333215,0.14885159010600546,-2.935505970763897e-07,-0.13395544471113324,0.19923340915461835
6.146,0.0001489868891546564,0.19270833333333215,0.14885159010600546,-2.6165392802228287e-07,0.31298705354434964,0.11993064143180697
6.147,0.0001489868891546564,0.19270833333333215,0.14885159010600546,1.2434552360904367e-07,0.32694336041788336,-0.1334134310128525
6.148,0.0001489868891546564,0.19270833333333215,-0.8511484098939945,3.287284933575822e-07,-0.11406083694682853,-0.2106405563110316
6.149,0.0001489868891546564,-0.8072916666666679,0.14885159010600546,8.328464248732686e-08,-0.39884789476462795,0.006929041620837781
6.15,0.0001489868891546564,0.19270833333333215,0.14885159010600546,-2.560802377114248e-07,-0.12972053851273774,0.22495721048903475
6.151,0.0001489868891546564,0.19270833333333215,0.14885159010600546,-2.3052694988127254e-07,0.3219452214243426,0.1338477692656557
6.152,0.0001489868891546564,0.19270833333333215,0.14885159010600546,9.226824473835887e-08,0.3276875838215193,-0.15101237927600109
6.153,0.0001489868891546564,0.19270833333333215,-0.8511484098939945,2.567409034797499e-07,-0.12362286218654565,-0.23346607728864607
6.154,0.0001489868891546564,-0.8072916666666679,0.14885159010600546,7.128235176499515e-08,-0.40557440358429697,0.011862252035987132
6.155,0.0001489868891546564,0.19270833333333215,0.14885159010600546,-1.7118189501532218e-07,-0.12344849505068066,0.24946080127375067
6.156,0.0001489868891546564,0.19270833333333215,0.14885159010600546,-1.540589296495256e-07,0.33302844038053736,0.14186145039132608
6.157,0.0001489868891546564,0.19270833333333215,0.14885159010600546,4.320149373939927e-08,0.3277806031678835,-0.17023927568904212
6.158,0.0001489868891546564,0.19270833333333215,-0.8511484098939945,1.3234055281742083e-07,-0.13523410964881663,-0.2509065977843077
6.159,0.0001489868891546564,-0.8072916666666679,0.14885159010600546,4.30624176058032e-08,-0.4126895846431121,0.021246003001076694
6.16,0.0001489868891546564,0.19270833333333215,0.14885159010600546,-4.946526143443613e-08,-0.1157416911793727,0.27065689056564635
6.161,0.0001489868891546564,0.19270833333333215,0.14885159010600546,-4.175764506806951e-08,0.3449063657512521,0.14354591879287235
6.162,0.0001489868891546564,0.19270833333333215,-0.8511484098939945,-1.571167825621018e-08,0.32702304655313275,-0.18938239099400947
6.163,0.0001489868891546564,0.19270833333333215,0.14885159010600546,-2.669087695888921e-08,-0.14760232677648952,-0.26183049710837836
6.164,0.0001489868891546564,-0.8072916666666679,0.14885159010600546,2.6076325053248705e-09,-0.4191654160048351,0.033988976468759
6.165,0.0001489868891546564,0.19270833333333215,0.14885159010600546,9.042078762585649e-08,-0.10730299441504701,0.28704901473343747
6.166,0.0001489868891546564,0.19270833333333215,0.14885159010600546,8.879320416853003e-08,0.3560740693084609,0.13931487238334736
6.167,0.0001489868891546564,0.19270833333333215,0.14885159010600546,-7.512568349629141e-08,0.32519588625802964,-0.2068604035290652
6.168,0.0001489868891546564,0.19270833333333215,0.14885159010600546,-1.9443379151291327e-07,-0.15933452937895534,-0.2660081199680325
6.169,0.0001489868891546564,-0.8072916666666679,0.14885159010600546,-4.3151933369532745e-08,-0.42391934944818727,0.048637902964715575
6.17,0.0001489868891546564,0.19270833333333215,0.14885159010600546,2.2515188779912772e-07,-0.09885564232740227,0.2978229670382637
6.171,0.0001489868891546564,0.19270833333333215,0.14885159010600546,2.1515625321605594e-07,0.3650179662855433,0.13029750073008198
6.172,0.0001489868891546564,0.19270833333333215,-0.8511484098939945,-1.2521584624446792e-07,0.322084888058037,-0.22136400696739456
6.173,0.0001489868891546564,0.19270833333333215,-0.8511484098939945,-3.4170140986331083e-07,-0.16909195052751677,-0.264032492894265
6.174,0.0001489868891546564,-0.8072916666666679,0.14885159010600546,-8.568332260156401e-08,-0.42593874160302236,0.06356619317404075
6.175,0.0001489868891546564,0.19270833333333215,0.14885159010600546,3.311691804280626e-07,-0.09106633851293289,0.30284342399346986
6.176,0.0001489868891546564,0.19270833333333215,0.14885159010600546,3.143916480945693e-07,0.37038914706283604,0.11812857714822178
6.177,0.0001489868891546564,0.19270833333333215,-0.8511484098939945,-1.5753633329633604e-07,0.3175141357121716,-0.23195517749073075
6.178,0.0001489868891546564,0.19270833333333215,0.14885159010600546,-4.4173345205220275e-07,-0.17573895163122474,-0.2571401414895563
6.179,0.0001489868891546564,-0.8072916666666679,0.14885159010600546,-1.1658046485338914e-07,-0.42440676517301745,0.07717478476097174
6.18,0.0001489868891546564,0.19270833333333215,0.14885159010600546,3.892820868845283e-07,-0.08448066021128939,0.3025677891707136
6.181,0.0001489868891546564,0.19270833333333215,0.14885159010600546,3.6763313937841977e-07,0.3711632255095884,0.10468824405508927
6.182,0.0001489868891546564,0.19270833333333215,0.14885159010600546,-1.6663147335012e-07,0.3113840531918089,-0.23811778797095556
6.183,0.0001489868891546564,0.19270833333333215,0.14885159010600546,-4.755288393182466e-07,-0.17846813663853067,-0.24696711395455712
6.184,0.0001489868891546564,-0.8072916666666679,0.14885159010600546,-1.2931379506427856e-07,-0.41881376191492636,0.0880788288953459
6.185,0.0001489868891546564,0.19270833333333215,0.14885159010600546,3.884768502734153e-07,-0.07947769816943623,0.29789954415697645
6.186,0.0001489868891546564,0.19270833333333215,0.14885159010600546,3.6393058434418237e-07,0.36676678687357234,0.09183161773514882
6.187,0.0001489868891546564,0.19270833333333215,0.14885159010600546,-1.5107021200837066e-07,0.3037077402867317,-0.2397599368269496
6.188,0.0001489868891546564,-0.8072916666666679,-0.8511484098939945,-4.35703269095271e-07,-0.17688684611481906,-0.2352814072113361
6.189,0.0001489868891546564,-0.8072916666666679,0.14885159010600546,-1.2062741197582062e-07,-0.4090388225587955,0.09525736294096736
6.19,0.0001489868891546564,0.19270833333333215,0.14885159010600546,3.28138787489536e-07,-0.07624788389172857,0.2900094306468598
6.191,0.0001489868891546564,0.19270833333333215,0.14885159010600546,3.025511328296405e-07,0.3571541256234343,0.0811466755673898
6.192,0.0001489868891546564,0.19270833333333215,0.14885159010600546,-1.1369440923924164e-07,0.2946388144822275,-0.23717425360216898
6.193,0.0001489868891546564,0.19270833333333215,0.14885159010600546,-3.2806513993451413e-07,-0.17105502472542097,-0.22373247986310776
6.194,0.0001489868891546564,-0.8072916666666679,0.14885159010600546,-9.128460165061046e-08,-0.39538938077283153,0.09814957710624206
6.195,0.0001489868891546564,0.19270833333333215,0.14885159010600546,2.1822835984060785e-07,-0.07479466293020177,0.28015401252661837
6.196,0.0001489868891546564,0.19270833333333215,0.14885159010600546,1.9325414597468276e-07,0.3428238130036459,0.07377171222917465
6.197,0.0001489868891546564,0.19270833333333215,-0.8511484098939945,-6.103631605178102e-08,0.2844845036640905,-0.23096678289996336
6.198,0.0001489868891546564,0.19270833333333215,-0.8511484098939945,-1.7058145264130043e-07,-0.1614705261147485,-0.21365197075727616
6.199,0.0001489868891546564,-0.8072916666666679,0.14885159010600546,-4.599959006577731e-08,-0.37859148875031684,0.09668956370214837
6.2,0.0001489868891546564,0.19270833333333215,0.14885159010600546,7.737928220888519e-08,-0.07495752705773245,0.26951778981143654
6.201,0.0001489868891546564,0.19270833333333215,0.14885159010600546,5.4479568837023304e-08,0.324772004985601,0.0702924074771645
6.202,0.0001489868891546564,0.19270833333333215,0.14885159010600546,-2.033185526067819e-09,0.27369945061294726,-0.22196736401676873
6.203,0.0001489868891546564,0.19270833333333215,0.14885159010600546,1.0049444103415998e-08,-0.14900444807008292,-0.2059285711979518
6.204,0.0001489868891546564,-0.8072916666666679,0.14885159010600546,7.435256765543919e-09,-0.3597296029587193,0.09128021922408687
6.205,0.0001489868891546564,0.19270833333333215,0.14885159010600546,-7.068135118741522e-08,-0.07645135426815472,0.25909796976937854
6.206,0.0001489868891546564,0.19270833333333215,0.14885159010600546,-9.017536467553855e-08,0.30438734002043977,0.0707252144921981
6.207,0.0001489868891546564,0.19270833333333215,0.14885159010600546,5.368948006758511e-08,0.2628583551400569,-0.21113459899880613
6.208,0.0001489868891546564,0.19270833333333215,0.14885159010600546,1.835059950893057e-07,-0.13479522338551334,-0.20096629315157297
6.209,0.0001489868891546564,-0.8072916666666679,0.14885159010600546,5.964864148486685e-08,-0.34014133045849887,0.08271494704597535
6.21,0.0001489868891546564,0.19270833333333215,0.14885159010600546,-2.0164771226090827e-07,-0.07891534341406524,0.24964167602282514
6.211,0.0001489868891546564,0.19270833333333215,0.14885159010600546,-2.1646339539400397e-07,0.28329972449110946,0.07458052676820544
6.212,0.0001489868891546564,0.19270833333333215,-0.8511484098939945,9.761043374247576e-08,0.2526087996529674,-0.19946676586087603
6.213,0.0001489868891546564,0.19270833333333215,-0.8511484098939945,3.215796871905699e-07,-0.12011513048697087,-0.19872146658893158
6.214,0.0001489868891546564,0.19270833333333215,0.14885159010600546,1.015072648049475e-07,-0.32127874289171876,0.07206188974650922
6.215,0.0001489868891546564,0.19270833333333215,0.14885159010600546,-2.951588594881615e-07,-0.08196423746411544,0.241635485141656
6.216,0.0001489868891546564,0.19270833333333215,0.14885159010600546,-3.0405452560484175e-07,0.2632012480009742,0.08098793030509363
6.217,0.0001489868891546564,0.19270833333333215,0.14885159010600546,1.238177947536571e-07,0.2436088694984745,-0.18792689745549707
6.218,0.0001489868891546564,0.19270833333333215,0.14885159010600546,4.033716557810608e-07,-0.1062260012058472,-0.1988018951611204
6.219,0.0001489868891546564,-0.8072916666666679,0.14885159010600546,1.2587708991233528e-07,-0.3045526606319785,0.06052887814004339
6.22,0.0001489868891546564,0.19270833333333215,0.14885159010600546,-3.384203486769124e-07,-0.08523500545210665,0.2353383851197182
6.221,0.0001489868891546564,0.19270833333333215,0.14885159010600546,-3.402396085804951e-07,0.24566108622564115,0.0888583521100538
6.222,0.0001489868891546564,0.19270833333333215,-0.8511484098939945,1.2993301976876252e-07,0.23645694828626096,-0.17738639740966683
6.223,0.0001489868891546564,0.19270833333333215,-0.8511484098939945,4.1891392113132417e-07,-0.09424181099406914,-0.20060344228221483
6.224,0.0001489868891546564,-0.8072916666666679,0.14885159010600546,1.2896988901118668e-07,-0.2911790144003872,0.049327843818040375
6.225,0.0001489868891546564,0.19270833333333215,0.14885159010600546,-3.2821893768149605e-07,-0.08842354069137294,0.23084291682949043
6.226,0.0001489868891546564,0.19270833333333215,0.14885159010600546,-3.2204060987275816e-07,0.23195702234921897,0.09705495353445705
6.227,0.0001489868891546564,0.19270833333333215,0.14885159010600546,1.172900256474585e-07,0.23162285639628208,-0.1685877379158101
6.228,0.0001489868891546564,0.19270833333333215,0.14885159010600546,3.705267994583738e-07,-0.08501446029353665,-0.20345593236295575
6.229,0.0001489868891546564,-0.8072916666666679,0.14885159010600546,1.1100560808491561e-07,-0.282046559098253,0.039555289561192704
6.23,0.0001489868891546564,0.19270833333333215,0.14885159010600546,-2.709757684462815e-07,-0.09130795123567138,0.228146250114128
6.231,0.0001489868891546564,0.19270833333333215,0.14885159010600546,-2.5634185371515635e-07,0.22294402424191162,0.10454629132830096
6.232,0.0001489868891546564,0.19270833333333215,-0.8511484098939945,9.036727111258008e-08,0.229389965635972,-0.16212363480221878
6.233,0.0001489868891546564,0.19270833333333215,-0.8511484098939945,2.71709179733107e-07,-0.07905562393238555,-0.206751816629948
6.234,0.0001489868891546564,-0.8072916666666679,0.14885159010600546,7.606618193034063e-08,-0.2776227558636521,0.032101130996981045
6.235,0.0001489868891546564,0.19270833333333215,0.14885159010600546,-1.8090057769306553e-07,-0.0937573152565138,0.22721350611971028
6.236,0.0001489868891546564,0.19270833333333215,0.14885159010600546,-1.580749659620399e-07,0.21897543991716714,0.1105209425119175
6.237,0.0001489868891546564,0.19270833333333215,0.14885159010600546,5.562811134805325e-08,0.22981692564478287,-0.15842809153895604
6.238,0.0001489868891546564,0.19270833333333215,-0.8511484098939945,1.4387568204826743e-07,-0.07650255989175152,-0.21003693183724098
6.239,0.0001489868891546564,0.19270833333333215,0.14885159010600546,3.118570470555322e-08,-0.2779098449559633,0.027592672314378876
6.24,0.0001489868891546564,0.19270833333333215,0.14885159010600546,-7.670317256916631e-08,-0.09572698298042859,0.2280193909262247
6.241,0.0001489868891546564,0.19270833333333215,0.14885159010600546,-4.6892926231838885e-08,0.21988547885652354,0.11445123144587348
6.242,0.0001489868891546564,0.19270833333333215,0.14885159010600546,2.0044264669971353e-08,0.23272527170233925,-0.15777406068481833
6.243,0.0001489868891546564,0.19270833333333215,0.14885159010600546,1.1693396534923941e-08,-0.0771299298618654,-0.21305156856971957
6.244,0.0001489868891546564,0.19270833333333215,0.14885159010600546,-1.5120779261306487e-08,-0.28245664045356045,0.02637463595563263
6.245,0.0001489868891546564,0.19270833333333215,0.14885159010600546,2.239509120143213e-08,-0.09724330571879596,0.2305602543410578
6.246,0.0001489868891546564,0.19270833333333215,0.14885159010600546,5.692966168142072e-08,0.22503367378427666,0.11610332329903426
6.247,0.0001489868891546564,0.19270833333333215,0.14885159010600546,-1.036628166553361e-08,0.2377157659089436,-0.1602731324786628
6.248,0.0001489868891546564,0.19270833333333215,0.14885159010600546,-1.0196102776499826e-07,-0.08040379030090368,-0.2157202464559543
6.249,0.0001489868891546564,-0.8072916666666679,0.14885159010600546,-5.4575245761807906e-08,-0.29042428041823654,0.028520962361710644
6.25,0.0001489868891546564,0.19270833333333215,0.14885159010600546,1.0048680053498149e-07,-0.09838182901014778,0.23483579321560655
6.251,0.0001489868891546564,0.19270833333333215,0.14885159010600546,1.364944782383003e-07,0.23340405668924472,0.11550009568577892
6.252,0.0001489868891546564,0.19270833333333215,0.14885159010600546,-3.167294208837566e-08,0.24421234802803382,-0.16587432954025336
6.253,0.0001489868891546564,0.19270833333333215,0.14885159010600546,-1.8035930019369498e-07,-0.08556874868743934,-0.21809824489392005
6.254,0.0001489868891546564,-0.8072916666666679,0.14885159010600546,-8.07425249404386e-08,-0.3006970824102421,0.03387027235378437
6.255,0.0001489868891546564,0.19270833333333215,0.14885159010600546,1.4784581548707873e-07,-0.09924338792225008,0.24080643189644416
6.256,0.0001489868891546564,0.19270833333333215,0.14885159010600546,1.8135075222669465e-07,0.2437449167605935,0.11285040645298416
6.257,0.0001489868891546564,0.19270833333333215,-0.8511484098939945,-4.2609360637777346e-08,0.2515286330838159,-0.17436129999269104
6.258,0.0001489868891546564,0.19270833333333215,-0.8511484098939945,-2.1571435060603243e-07,-0.09175550735030844,-0.220290442954127
6.259,0.0001489868891546564,-0.8072916666666679,0.14885159010600546,-9.019715562380267e-08,-0.3120237799447894,0.04207489053254184
6.26,0.0001489868891546564,0.19270833333333215,0.14885159010600546,1.6227819013151644e-07,-0.09993220279880367,0.24833771174361605
6.261,0.0001489868891546564,0.19270833333333215,0.14885159010600546,1.8904003526454197e-07,0.25473015634492996,0.1084626017780926
6.262,0.0001489868891546564,0.19270833333333215,0.14885159010600546,-4.449825493152325e-08,0.2589485915649932,-0.1853494252221807
6.263,0.0001489868891546564,0.19270833333333215,0.14885159010600546,-2.0989597485424496e-07,-0.09809408763798994,-0.2223622269617002
6.264,0.0001489868891546564,-0.8072916666666679,0.14885159010600546,-8.302468322781052e-08,-0.3231705753559615,0.05265327294120741
6.265,0.0001489868891546564,0.19270833333333215,0.14885159010600546,1.4874880109625163e-07,-0.10053912329804518,0.25714591675804443
6.266,0.0001489868891546564,0.19270833333333215,0.14885159010600546,1.648615399311309e-07,0.2651210510187261,0.10266088312069574
6.267,0.0001489868891546564,0.19270833333333215,0.14885159010600546,-4.057947318112909e-08,0.2658108973823697,-0.19828609468496394
6.268,0.0001489868891546564,0.19270833333333215,0.14885159010600546,-1.7302441833309193e-07,-0.10381812352730026,-0.2242626048226748
6.269,0.0001489868891546564,-0.8072916666666679,0.14885159010600546,-6.257677988838983e-08,-0.33306616940016837,0.06503734881718914
6.27,0.0001489868891546564,0.19270833333333215,0.14885159010600546,1.174605829374788e-07,-0.10113182328801837,0.26675923174575467
6.271,0.0001489868891546564,0.19270833333333215,0.14885159010600546,1.1999636243816236e-07,0.27390789869128457,0.09572060982413036
6.272,0.0001489868891546564,0.19270833333333215,0.14885159010600546,-3.492999904166685e-08,0.2715857699828518,-0.21245827763156344
6.273,0.0001489868891546564,0.19270833333333215,-0.8511484098939945,-1.2036001166764308e-07,-0.10834763448726575,-0.22577638088323407
6.274,0.0001489868891546564,-0.8072916666666679,0.14885159010600546,-3.455929819050239e-08,-0.34092037641000006,0.07860919441629263
6.275,0.0001489868891546564,0.19270833333333215,0.14885159010600546,8.089749000554741e-08,-0.10175226930029238,0.27650607032981855
6.276,0.0001489868891546564,0.19270833333333215,0.14885159010600546,6.847893712950709e-08,0.2804144475819235,0.08783343732091566
6.277,0.0001489868891546564,0.19270833333333215,-0.8511484098939945,-3.125185622670061e-08,0.2759340853321266,-0.2270113594563337
6.278,0.0001489868891546564,0.19270833333333215,-0.8511484098939945,-6.826484214503493e-08,-0.11134126994202806,-0.22651606985712788
6.279,0.0001489868891546564,0.19270833333333215,0.14885159010600546,-5.671552861987412e-09,-0.34630187045739125,0.09272496556909271
6.28,0.0001489868891546564,0.19270833333333215,0.14885159010600546,5.055376000533571e-08,-0.10242043005077964,0.2855373962521839
6.281,0.0001489868891546564,0.19270833333333215,0.14885159010600546,2.3737875057496124e-08,0.284353581409341,0.07910645693806717
6.282,0.0001489868891546564,0.19270833333333215,-0.8511484098939945,-3.182607271055431e-08,0.2787409556029673,-0.2409820415057068
6.283,0.0001489868891546564,0.19270833333333215,0.14885159010600546,-3.0189423223567966e-08,-0.11271359886999127,-0.2259563906685691
6.284,0.0001489868891546564,-0.8072916666666679,0.14885159010600546,1.7895595609885176e-08,-0.3491664411570777,0.10672744237102613
6.285,0.0001489868891546564,0.19270833333333215,0.14885159010600546,3.411691376401979e-08,-0.1031421802227597,0.2928838200697584
6.286,0.0001489868891546564,0.19270833333333215,0.14885159010600546,-4.502333728777286e-09,0.28582967540416815,0.06959248215015938
6.287,0.0001489868891546564,0.19270833333333215,0.14885159010600546,-3.688421434923784e-08,0.2801195239110503,-0.25334615636081803
6.288,0.0001489868891546564,0.19270833333333215,0.14885159010600546,-1.3598659279236616e-08,-0.1126179213783961,-0.22350612681399704
6.289,0.0001489868891546564,-0.8072916666666679,0.14885159010600546,3.1774065162028054e-08,-0.34983401101794154,0.1199512764341272
6.29,0.0001489868891546564,0.19270833333333215,0.14885159010600546,3.374387945409677e-08,-0.10391881939188925,0.2975420865345972
6.291,0.0001489868891546564,0.19270833333333215,0.14885159010600546,-1.227391933734753e-08,0.28529031514646214,0.05934255548026671
6.292,0.0001489868891546564,0.19270833333333215,-0.8511484098939945,-4.454514821823511e-08,0.28038486355056735,-0.2630798964941117
6.293,0.0001489868891546564,0.19270833333333215,-0.8511484098939945,-1.851029961542417e-08,-0.11139961498657923,-0.2186052753282213
6.294,0.0001489868891546564,-0.8072916666666679,0.14885159010600546,3.426657506010959e-08,-0.34891958886937774,0.13172663908922588
6.295,0.0001489868891546564,0.19270833333333215,0.14885159010600546,4.5800675325602324e-08,-0.10475562512901784,0.29858035144614914
6.296,0.0001489868891546564,0.19270833333333215,0.14885159010600546,-1.9433559398491805e-09,0.28343667056899075,0.048467630662262964
6.297,0.0001489868891546564,0.19270833333333215,-0.8511484098939945,-5.1328024574062454e-08,0.28000199906694606,-0.2692306274275796
6.298,0.0001489868891546564,0.19270833333333215,-0.8511484098939945,-3.793302631607322e-08,-0.10952859298650196,-0.21083086095140446
6.299,0.0001489868891546564,-0.8072916666666679,0.14885159010600546,2.655887390054231e-08,-0.34722932960607017,0.1413872349372677
6.3,0.0001489868891546564,0.19270833333333215,0.14885159010600546,6.20888885166393e-08,-0.1056673425923304,0.29524824343852274
6.301,0.0001489868891546564,0.19270833333333215,0.14885159010600546,1.8770552837131882e-08,0.2811068495370768,0.037194826921179425
6.302,0.0001489868891546564,0.19270833333333215,0.14885159010600546,-5.311448233077541e-08,0.2795155754755971,-0.2709915701571269
6.303,0.0001489868891546564,0.19270833333333215,0.14885159010600546,-6.004879455753168e-08,-0.10752160982189482,-0.1999932405844892
6.304,0.0001489868891546564,-0.8072916666666679,0.14885159010600546,1.2270314600529615e-08,-0.34563712160830723,0.14828759884110146
6.305,0.0001489868891546564,0.19270833333333215,0.14885159010600546,7.223580834538392e-08,-0.10667935643400682,0.2870766257659909
6.306,0.0001489868891546564,0.19270833333333215,0.14885159010600546,3.906572805396146e-08,0.2791493851186416,0.025904799077003663
6.307,0.0001489868891546564,0.19270833333333215,0.14885159010600546,-4.632530569779402e-08,0.27947108911321755,-0.2677735068453615
6.308,0.0001489868891546564,0.19270833333333215,0.14885159010600546,-7.158458538390423e-08,-0.10586568573876881,-0.18620629609325365
6.309,0.0001489868891546564,-0.8072916666666679,0.14885159010600546,-3.53678230910333e-09,-0.3449590875930406,0.15183248342172587
6.31,0.0001489868891546564,0.19270833333333215,0.14885159010600546,6.665726926475101e-08,-0.10782431659919642,0.2739533014474801
6.311,0.0001489868891546564,0.19270833333333215,0.14885159010600546,4.8051624786970944e-08,0.2783043435154971,0.015140298051121406
6.312,0.0001489868891546564,0.19270833333333215,-0.8511484098939945,-2.902365796620126e-08,0.28033853225560096,-0.2592664533649409
6.313,0.0001489868891546564,0.19270833333333215,0.14885159010600546,-6.155089845419979e-08,-0.10495286909300486,-0.16991920511253114
6.314,0.0001489868891546564,0.19270833333333215,0.14885159010600546,-1.5651415904982636e-08,-0.3458428683102182,0.15151837678537972
6.315,0.0001489868891546564,0.19270833333333215,0.14885159010600546,3.937230749210247e-08,-0.10913499989265428,0.2561643119059525
6.316,0.0001489868891546564,0.19270833333333215,0.14885159010600546,3.775007204168861e-08,0.27910745105346824,0.005581208732844528
6.317,0.0001489868891546564,0.19270833333333215,-0.8511484098939945,-1.6705806071615583e-09,0.2824486894700402,-0.2454849467544947
6.318,0.0001489868891546564,0.19270833333333215,0.14885159010600546,-2.4446319982982167e-08,-0.1050341642274371,-0.1519036471668977
6.319,0.0001489868891546564,-0.8072916666666679,0.14885159010600546,-2.00113915516658e-08,-0.34868573327996827,0.14698425865869139
6.32,0.0001489868891546564,0.19270833333333215,0.14885159010600546,-1.0015474558735413e-08,-0.11063500115917717,0.23439530007510812
6.321,0.0001489868891546564,0.19270833333333215,0.14885159010600546,5.388298415878189e-09,0.28182854793105006,-0.0020126988090052697
6.322,0.0001489868891546564,0.19270833333333215,0.14885159010600546,3.2664430310021965e-08,0.28595028540803125,-0.22679205468634409
6.323,0.0001489868891546564,0.19270833333333215,0.14885159010600546,3.784523864411032e-08,-0.10619715652429823,-0.13319723605534636
6.324,0.0001489868891546564,-0.8072916666666679,0.14885159010600546,-1.4707824530062556e-08,-0.35359092818576937,0.13806610058928254
6.325,0.0001489868891546564,0.19270833333333215,0.14885159010600546,-7.566274327510761e-08,-0.11232932342351938,0.20969278263823432
6.326,0.0001489868891546564,0.19270833333333215,0.14885159010600546,-4.556279003051987e-08,0.2864502702836764,-0.006884399677150107
6.327,0.0001489868891546564,0.19270833333333215,0.14885159010600546,6.871169209120008e-08,0.2907930571203033,-0.2038991576506975
6.328,0.0001489868891546564,0.19270833333333215,0.14885159010600546,1.1593581864958532e-07,-0.10836819804882449,-0.11501049679385171
6.329,0.0001489868891546564,-0.8072916666666679,0.14885159010600546,-4.700671952286136e-10,-0.3603659651027332,0.1248477625232659
6.33,0.0001489868891546564,0.19270833333333215,0.14885159010600546,-1.4634588764612602e-07,-0.11419700265222017,0.18339021000599176
6.331,0.0001489868891546564,0.19270833333333215,0.14885159010600546,-1.05862787584389e-07,0.29268698100204715,-0.008376249014672195
6.332,0.0001489868891546564,0.19270833333333215,0.14885159010600546,9.996074108019327e-08,0.29673809441320576,-0.17784066727436115
6.333,0.0001489868891546564,0.19270833333333215,-0.8511484098939945,1.9465605804109533e-07,-0.11133652954926306,-0.09860979596870083
6.334,0.0001489868891546564,-0.8072916666666679,0.14885159010600546,1.947665118126999e-08,-0.3685606508748261,0.1077001256207787
6.335,0.0001489868891546564,0.19270833333333215,0.14885159010600546,-2.0767555655833526e-07,-0.11618756136395557,0.1570076244773454
6.336,0.0001489868891546564,0.19270833333333215,0.14885159010600546,-1.6239993880402658e-07,0.3000384760727472,-0.0060266445213193005
6.337,0.0001489868891546564,0.19270833333333215,-0.8511484098939945,1.1997507550583968e-07,0.30339301579157096,-0.1499248335190857
6.338,0.0001489868891546564,0.19270833333333215,0.14885159010600546,2.5625941757783264e-07,-0.11479489536332232,-0.08519156611968742
6.339,0.0001489868891546564,-0.8072916666666679,0.14885159010600546,4.0146985867002365e-08,-0.37753737941053805,0.08730066251009924
6.34,0.0001489868891546564,0.19270833333333215,0.14885159010600546,-2.451934139760258e-07,-0.11822240773306175,0.13213605274321988
6.341,0.0001489868891546564,0.19270833333333215,0.14885159010600546,-2.0109897818871462e-07,0.3078686423274531,0.00034764827856920556
6.342,0.0001489868891546564,0.19270833333333215,-0.8511484098939945,1.2378076208163386e-07,0.31026626616021763,-0.12166344747153607
6.343,0.0001489868891546564,0.19270833333333215,0.14885159010600546,2.8440563152822136e-07,-0.11838941166182154,-0.07576362662510361
6.344,0.0001489868891546564,-0.8072916666666679,0.14885159010600546,5.59576948329596e-08,-0.3865622957452171,0.06462715087433639
6.345,0.0001489868891546564,0.19270833333333215,0.14885159010600546,-2.476695604350131e-07,-0.12020140965359773,0.11031831484981032
6.346,0.0001489868891546564,0.19270833333333215,0.14885159010600546,-2.1019124092954844e-07,0.3154965762435375,0.010596076188256962
6.347,0.0001489868891546564,0.19270833333333215,0.14885159010600546,1.0902362761233578e-07,0.3168324805397664,-0.09468446783366226
6.348,0.0001489868891546564,0.19270833333333215,0.14885159010600546,2.680346065933267e-07,-0.12177085230261767,-0.07104751893315021
6.349,0.0001489868891546564,-0.8072916666666679,0.14885159010600546,6.205394914640675e-08,-0.3949038466459242,0.040921708484962
6.35,0.0001489868891546564,0.19270833333333215,0.14885159010600546,-2.0986156377486482e-07,-0.12201393457912195,0.09293685958231994
6.351,0.0001489868891546564,0.19270833333333215,0.14885159010600546,-1.831105240826035e-07,0.3222869519275298,0.024214733801104567
6.352,0.0001489868891546564,0.19270833333333215,0.14885159010600546,7.663352225228319e-08,0.3225997421308993,-0.07063240947587657
6.353,0.0001489868891546564,0.19270833333333215,0.14885159010600546,2.0425294106153516e-07,-0.12464010470849166,-0.07141204629190609
6.354,0.0001489868891546564,-0.8072916666666679,0.14885159010600546,5.550024613223645e-08,-0.40192514318839884,0.017624480169538378
6.355,0.0001489868891546564,0.19270833333333215,0.14885159010600546,-1.341026477410054e-07,-0.12355281821880151,0.08111698269654853
6.356,0.0001489868891546564,0.19270833333333215,0.14885159010600546,-1.2035249426122187e-07,0.32772760665672024,0.04036678124161865
6.357,0.0001489868891546564,0.19270833333333215,0.14885159010600546,3.0836195577495025e-08,0.327169766635947,-0.051061844933192525
6.358,0.0001489868891546564,0.19270833333333215,-0.8511484098939945,9.95610832777876e-08,-0.1267821282698804,-0.07684340249947777
6.359,0.0001489868891546564,-0.8072916666666679,0.14885159010600546,3.606541516275012e-08,-0.4071583506982023,-0.0037202172529452173
6.36,0.0001489868891546564,0.19270833333333215,0.14885159010600546,-3.033398069246458e-08,-0.12472914836661982,0.0756509505938605
6.361,0.0001489868891546564,0.19270833333333215,0.14885159010600546,-2.98565726707419e-08,0.33148507489205387,0.057941698118557
6.362,0.0001489868891546564,0.19270833333333215,0.14885159010600546,-2.1508513872941996e-08,0.3302834650927187,-0.037329739556376924
6.363,0.0001489868891546564,0.19270833333333215,0.14885159010600546,-3.0895425427808356e-08,-0.12808499307455806,-0.0869522608305851
6.364,0.0001489868891546564,-0.8072916666666679,0.14885159010600546,6.419667031832521e-09,-0.4103526012589754,-0.021579071161267623
6.365,0.0001489868891546564,0.19270833333333215,0.14885159010600546,8.547005578579616e-08,-0.12548552006626873,0.07694576597153338
6.366,0.0001489868891546564,0.19270833333333215,0.14885159010600546,7.421151023434486e-08,0.3334326182722982,0.0756472691133559
6.367,0.0001489868891546564,0.19270833333333215,0.14885159010600546,-7.211936828355231e-08,0.33184670275149997,-0.03049270331896423
6.368,0.0001489868891546564,0.19270833333333215,0.14885159010600546,-1.6594013078279745e-07,-0.1285430868135015,-0.1010137844841293
6.369,0.0001489868891546564,-0.8072916666666679,0.14885159010600546,-2.8309925881584863e-08,-0.41149111589506826,-0.034557067895814204
6.37,0.0001489868891546564,0.19270833333333215,0.14885159010600546,1.9418734017756482e-07,-0.1258055726850731,0.08499509338144984
6.371,0.0001489868891546564,0.19270833333333215,0.14885159010600546,1.7405083297028373e-07,0.33364952850452556,0.09212421072481278
6.372,0.0001489868891546564,0.19270833333333215,0.14885159010600546,-1.1281590245042815e-07,0.3319339920945201,-0.031215654975276917
6.373,0.0001489868891546564,0.19270833333333215,0.14885159010600546,-2.823294400710099e-07,-0.12824594660391378,-0.11803332541037365
6.374,0.0001489868891546564,-0.8072916666666679,0.14885159010600546,-6.153879131358157e-08,-0.4107776622304228,-0.041525485626165766
6.375,0.0001489868891546564,0.19270833333333215,0.14885159010600546,2.7716289088886195e-07,-0.12571813372466317,0.09937451707691689
6.376,0.0001489868891546564,0.19270833333333215,0.14885159010600546,2.5166450957444326e-07,0.3323944748540973,0.1060707993241301
6.377,0.0001489868891546564,0.19270833333333215,0.14885159010600546,-1.3704144927855566e-07,0.33077089238425883,-0.03969880023490673
6.378,0.0001489868891546564,0.19270833333333215,0.14885159010600546,-3.592547629138245e-07,-0.12735605342329412,-0.13682891906139763
6.379,0.0001489868891546564,-0.8072916666666679,0.14885159010600546,-8.65705955968038e-08,-0.40859651319427986,-0.041737975840692866
6.38,0.0001489868891546564,0.19270833333333215,0.14885159010600546,3.198110274893614e-07,-0.12529508709962034,0.11925886760705963
6.381,0.0001489868891546564,0.19270833333333215,0.14885159010600546,2.924341812207194e-07,0.33005887456199257,0.11636397042809747
6.382,0.0001489868891546564,0.19270833333333215,0.14885159010600546,-1.4107707894108548e-07,0.3286986115914964,-0.0556300455855482
6.383,0.0001489868891546564,0.19270833333333215,0.14885159010600546,-3.8245024392813595e-07,-0.1260800827551186,-0.15612155665375552
6.384,0.0001489868891546564,-0.8072916666666679,0.14885159010600546,-9.800409241818866e-08,-0.4054531829570538,-0.034922146475541316
6.385,0.0001489868891546564,0.19270833333333215,0.14885159010600546,3.1446078214769274e-07,-0.1246430312906577,0.14346060164305205
6.386,0.0001489868891546564,0.19270833333333215,0.14885159010600546,2.880825927135948e-07,0.32710830081166076,0.1221641055420299
6.387,0.0001489868891546564,0.19270833333333215,0.14885159010600546,-1.2470125706910336e-07,0.32612637260140936,-0.0781697305928395
6.388,0.0001489868891546564,0.19270833333333215,-0.8511484098939945,-3.470514866063827e-07,-0.12463843759546263,-0.17462533530518173
6.389,0.0001489868891546564,-0.8072916666666679,0.14885159010600546,-9.290045811891727e-08,-0.4019050529849866,-0.02133538010801318
6.39,0.0001489868891546564,0.19270833333333215,0.14885159010600546,2.618574539256117e-07,-0.12388974862566332,0.17048872996318007
6.391,0.0001489868891546564,0.19270833333333215,0.14885159010600546,2.3840266984386296e-07,0.32402064188297486,0.12299287355475443
6.392,0.0001489868891546564,0.19270833333333215,0.14885159010600546,-9.116658426522489e-08,0.32347828941002704,-0.10597355901845258
6.393,0.0001489868891546564,0.19270833333333215,-0.8511484098939945,-2.586110359096888e-07,-0.12323744379867872,-0.19113146325804609
6.394,0.0001489868891546564,-0.8072916666666679,0.14885159010600546,-7.145976464308045e-08,-0.39849143931191894,-0.001776217598476059
6.395,0.0001489868891546564,0.19270833333333215,0.14885159010600546,1.7101449154840418e-07,-0.1231673242088629,0.19862805600124997
6.396,0.0001489868891546564,0.19270833333333215,0.14885159010600546,1.513894527584411e-07,0.3212291405007727,0.11877666829639691
6.397,0.0001489868891546564,0.19270833333333215,0.14885159010600546,-4.6507923436529885e-08,0.32114171881170733,-0.13725758892356826
6.398,0.0001489868891546564,0.19270833333333215,-0.8511484098939945,-1.3206217453935228e-07,-0.12204753043970983,-0.20458216985355981
6.399,0.0001489868891546564,-0.8072916666666679,0.14885159010600546,-3.7058417257161424e-08,-0.3956717839681788,0.022453627507367877
6.4,0.0001489868891546564,0.19270833333333215,0.14885159010600546,5.745444830956537e-08,-0.12259430661753151,0.2260380564466868
6.401,0.0001489868891546564,0.19270833333333215,0.14885159010600546,4.1745597833443464e-08,0.31907681720063324,0.10985192976834153
6.402,0.0001489868891546564,0.19270833333333215,-0.8511484098939945,1.6654134868553453e-09,0.31942336743564065,-0.16990598870302076
6.403,0.0001489868891546564,0.19270833333333215,0.14885159010600546,1.1149597779434702e-08,-0.12118930068302898,-0.2141323289566856
6.404,0.0001489868891546564,-0.8072916666666679,0.14885159010600546,4.365791057939112e-09,-0.39377875007477026,0.049636946701574806
6.405,0.0001489868891546564,0.19270833333333215,0.14885159010600546,-5.978867635511922e-08,-0.12225950696814698,0.25086932757941055
6.406,0.0001489868891546564,0.19270833333333215,0.14885159010600546,-7.192999959231482e-08,0.317786488814297,0.09693250134321167
6.407,0.0001489868891546564,0.19270833333333215,0.14885159010600546,4.563665864804174e-08,0.318518018188446,-0.2016180754226469
6.408,0.0001489868891546564,0.19270833333333215,0.14885159010600546,1.4716991271964542e-07,-0.12072790575363973,-0.2191977042700093
6.409,0.0001489868891546564,-0.8072916666666679,0.14885159010600546,4.545680177659855e-08,-0.39299044882884454,0.0777736213905406
6.41,0.0001489868891546564,0.19270833333333215,0.14885159010600546,-1.617819838372112e-07,-0.12220985429753685,0.2713931269594513
6.411,0.0001489868891546564,0.19270833333333215,0.14885159010600546,-1.7068986667372576e-07,0.31744806038987017,0.08104276509528763
6.412,0.0001489868891546564,0.19270833333333215,0.14885159010600546,7.900313364921048e-08,0.3184928474616411,-0.23008626887138403
6.413,0.0001489868891546564,0.19270833333333215,0.14885159010600546,2.5422793394299123e-07,-0.12067483046338134,-0.2194890507865493
6.414,0.0001489868891546564,-0.8072916666666679,0.14885159010600546,7.887643642207526e-08,-0.39332325666261064,0.10474821106129548
6.415,0.0001489868891546564,0.19270833333333215,0.14885159010600546,-2.3318083831130602e-07,-0.12244418505903205,0.28613645529689885
6.416,0.0001489868891546564,0.19270833333333215,0.14885159010600546,-2.3879510272452585e-07,0.3180224008905324,0.06342331301208498
6.417,0.0001489868891546564,0.19270833333333215,-0.8511484098939945,9.77655488178635e-08,0.3192882204637128,-0.25319160389294854
6.418,0.0001489868891546564,0.19270833333333215,-0.8511484098939945,3.1660495117653583e-07,-0.12099528284100289,-0.2150309887467493
6.419,0.0001489868891546564,-0.8072916666666679,0.14885159010600546,9.873754644938614e-08,-0.39464409070155876,0.12851806793575865
6.42,0.0001489868891546564,0.19270833333333215,0.14885159010600546,-2.648917029185505e-07,-0.12291401665580606,0.29401191673567373
6.421,0.0001489868891546564,0.19270833333333215,0.14885159010600546,-2.665635477936658e-07,0.31935922724642074,0.04541815997379658
6.422,0.0001489868891546564,0.19270833333333215,-0.8511484098939945,1.008768400955856e-07,0.32073385039055213,-0.2691991059993828
6.423,0.0001489868891546564,0.19270833333333215,0.14885159010600546,3.272922669100443e-07,-0.12161895702060897,-0.20616393745253925
6.424,0.0001489868891546564,-0.8072916666666679,0.14885159010600546,1.0173999204210215e-07,-0.39669890994668994,0.14730405269538585
6.425,0.0001489868891546564,0.19270833333333215,0.14885159010600546,-2.55399632881829e-07,-0.12353135458276056,0.2944290134704438
6.426,0.0001489868891546564,0.19270833333333215,0.14885159010600546,-2.519496071470576e-07,0.321225205413884,0.02835388907528389
6.427,0.0001489868891546564,0.19270833333333215,0.14885159010600546,9.016354880401438e-08,0.32257751378293903,-0.27693247798905807
6.428,0.0001489868891546564,0.19270833333333215,0.14885159010600546,2.888407111023501e-07,-0.12245200610121121,-0.19352690230081748
6.429,0.0001489868891546564,-0.8072916666666679,0.14885159010600546,8.777900162038034e-08,-0.39915278434480445,0.15976413439515144
6.43,0.0001489868891546564,0.19270833333333215,0.14885159010600546,-2.105412107384891e-07,-0.12418255066272292,0.28737235054610233
6.431,0.0001489868891546564,0.19270833333333215,0.14885159010600546,-2.0057028326511543e-07,0.32333797501945966,0.013421620188102935
6.432,0.0001489868891546564,0.19270833333333215,-0.8511484098939945,6.966945423677728e-08,0.3245222849608803,-0.2759069178482769
6.433,0.0001489868891546564,0.19270833333333215,-0.8511484098939945,2.1229224101193753e-07,-0.123388522685866,-0.17801899346789954
6.434,0.0001489868891546564,-0.8072916666666679,0.14885159010600546,5.990708537490108e-08,-0.4016361782410156,0.16513043377756997
6.435,0.0001489868891546564,0.19270833333333215,0.14885159010600546,-1.4183494639081263e-07,-0.12474631303046063,0.27343309100733076
6.436,0.0001489868891546564,0.19270833333333215,0.14885159010600546,-1.242206503107727e-07,0.32540193070914,0.0015723368601835474
6.437,0.0001489868891546564,0.19270833333333215,-0.8511484098939945,4.459323640419635e-08,0.32626756450118294,-0.26640101079285733
6.438,0.0001489868891546564,0.19270833333333215,0.14885159010600546,1.1448645454581349e-07,-0.1243205132726498,-0.16073854293187365
6.439,0.0001489868891546564,-0.8072916666666679,0.14885159010600546,2.36661420232252e-08,-0.4037920677593507,0.163292824375843
6.44,0.0001489868891546564,0.19270833333333215,0.14885159010600546,-6.37799569127759e-08,-0.12511330024582748,0.25378325895778664
6.441,0.0001489868891546564,0.19270833333333215,0.14885159010600546,-3.8234596444587273e-08,0.3271421714774863,-0.00656504889812337
6.442,0.0001489868891546564,0.19270833333333215,0.14885159010600546,2.007295830502024e-08,0.3275490358059566,-0.24945366931580726
6.443,0.0001489868891546564,0.19270833333333215,0.14885159010600546,1.4365174548932069e-08,-0.12514607330266297,-0.1429006876701279
6.444,0.0001489868891546564,-0.8072916666666679,0.14885159010600546,-1.4063174948695017e-08,-0.4053190128902281,0.15481698988611034
6.445,0.0001489868891546564,0.19270833333333215,0.14885159010600546,9.263502608404194e-09,-0.1252044136907563,0.23008807874275808
6.446,0.0001489868891546564,0.19270833333333215,0.14885159010600546,4.172311732529873e-08,0.3283338412427779,-0.010735395394711422
6.447,0.0001489868891546564,0.19270833333333215,0.14885159010600546,9.317784710543506e-11,0.3281730388046975,-0.22677974582921562
6.448,0.0001489868891546564,0.19270833333333215,0.14885159010600546,-7.091270763135679e-08,-0.12577604064733258,-0.1257371459195986
6.449,0.0001489868891546564,-0.8072916666666679,0.14885159010600546,-4.644988738563743e-08,-0.406006158646439,0.1408915019102401
6.45,0.0001489868891546564,0.19270833333333215,0.14885159010600546,6.593296218361725e-08,-0.12498498975729018,0.20435894787272108
6.451,0.0001489868891546564,0.19270833333333215,0.14885159010600546,1.0274705338984768e-07,0.3288249243676654,-0.011073806861674858
6.452,0.0001489868891546564,0.19270833333333215,0.14885159010600546,-1.3248304494965149e-08,0.32804161332123094,-0.20060746033607021
6.453,0.0001489868891546564,0.19270833333333215,0.14885159010600546,-1.2922369444546664e-07,-0.1261396963696395,-0.11038521683842338
6.454,0.0001489868891546564,-0.8072916666666679,0.14885159010600546,-6.804893158669585e-08,-0.40575717741443806,0.1232063881255793
6.455,0.0001489868891546564,0.19270833333333215,0.14885159010600546,9.986681646901207e-08,-0.12447258744728061,0.17875793752556354
6.456,0.0001489868891546564,0.19270833333333215,0.14885159010600546,1.3702531652679878e-07,0.3285512797376403,-0.008084914274678135
6.457,0.0001489868891546564,0.19270833333333215,-0.8511484098939945,-1.996773509705799e-08,0.3271655324920798,-0.17345101702524068
6.458,0.0001489868891546564,0.19270833333333215,-0.8511484098939945,-1.5544365290302043e-07,-0.12619004007531623,-0.09777617351600172
6.459,0.0001489868891546564,-0.8072916666666679,0.14885159010600546,-7.58118265287188e-08,-0.4046012583906632,0.10377392118218819
6.46,0.0001489868891546564,0.19270833333333215,0.14885159010600546,1.104664829467691e-07,-0.12373691311050473,0.15537266862959162
6.461,0.0001489868891546564,0.19270833333333215,0.14885159010600546,1.4296273287773476e-07,0.32754323011409486,-0.002586331599769268
6.462,0.0001489868891546564,0.19270833333333215,-0.8511484098939945,-2.1891610452581248e-08,0.3256639128441927,-0.14784131446519572
6.463,0.0001489868891546564,0.19270833333333215,0.14885159010600546,-1.5177078968756602e-07,-0.12590882724778185,-0.08853550287483461
6.464,0.0001489868891546564,-0.8072916666666679,0.14885159010600546,-6.957224615396871e-08,-0.4026903271212355,0.08470993645388787
6.465,0.0001489868891546564,0.19270833333333215,0.14885159010600546,1.0232059159198968e-07,-0.12289151694778301,0.13598668557072327
6.466,0.0001489868891546564,0.19270833333333215,0.14885159010600546,1.2491359948062095e-07,0.3259233899792075,0.004378911603589181
6.467,0.0001489868891546564,0.19270833333333215,0.14885159010600546,-2.1920542633764776e-08,0.32375035214577846,-0.12604500986746653
6.468,0.0001489868891546564,0.19270833333333215,0.14885159010600546,-1.264259123585787e-07,-0.12531102937360808,-0.08290823513804692
6.469,0.0001489868891546564,-0.8072916666666679,0.14885159010600546,-5.192154756422691e-08,-0.4002827185265163,0.06799982574097711
6.47,0.0001489868891546564,0.19270833333333215,0.14885159010600546,8.349486493722446e-08,-0.12207809213574689,0.12187382182295761
6.471,0.0001489868891546564,0.19270833333333215,0.14885159010600546,9.16511223128703e-08,0.32389570341061535,0.011652939578926854
6.472,0.0001489868891546564,0.19270833333333215,0.14885159010600546,-2.305800340294876e-08,0.3217069155584268,-0.1098060767262167
6.473,0.0001489868891546564,0.19270833333333215,0.14885159010600546,-9.110399942419948e-08,-0.12444782805740916,-0.08072145367401172
6.474,0.0001489868891546564,-0.8072916666666679,0.14885159010600546,-2.7519634470888e-08,-0.39771454367979503,0.05527652945357424
6.475,0.0001489868891546564,0.19270833333333215,0.14885159010600546,6.313803416494931e-08,-0.12144534283823094,0.11364464228849158
6.476,0.0001489868891546564,0.19270833333333215,0.14885159010600546,5.397082667592714e-08,0.3217259950250043,0.018085911777526883
6.477,0.0001489868891546564,0.19270833333333215,-0.8511484098939945,-2.745222609110875e-08,0.31984857419194057,-0.10014349431412896
6.478,0.0001489868891546564,0.19270833333333215,0.14885159010600546,-5.7814141669258704e-08,-0.12340686032367106,-0.08139284001223565
6.479,0.0001489868891546564,-0.8072916666666679,0.14885159010600546,-2.004634631772839e-09,-0.3953610019616934,0.04763771873982461
6.48,0.0001489868891546564,0.19270833333333215,0.14885159010600546,4.8993258408003095e-08,-0.12112529818763552,0.11116850206830464
6.481,0.0001489868891546564,0.19270833333333215,0.14885159010600546,2.2001050092415608e-08,0.3197148224139664,0.022658759850920116
6.482,0.0001489868891546564,0.19270833333333215,0.14885159010600546,-3.569214438144514e-08,0.31848180437838436,-0.09723350592917948
6.483,0.0001489868891546564,0.19270833333333215,0.14885159010600546,-3.585939821920274e-08,-0.12230834670582885,-0.08398901028651508
6.484,0.0001489868891546564,-0.8072916666666679,0.14885159010600546,1.9254223053703397e-08,-0.39359088872265496,0.04552568408302131
6.485,0.0001489868891546564,0.19270833333333215,0.14885159010600546,4.5407285338669924e-08,-0.12121049429742775,0.11358636142705737
6.486,0.0001489868891546564,0.19270833333333215,0.14885159010600546,2.8387675777530396e-09,0.3181641163787083,0.024592764746745616
6.487,0.0001489868891546564,0.19270833333333215,0.14885159010600546,-4.653466326839055e-08,0.3178618817974564,-0.10039534413532339
6.488,0.0001489868891546564,0.19270833333333215,0.14885159010600546,-2.9651881468186157e-08,-0.1212960469615813,-0.08733102153653362
6.489,0.0001489868891546564,-0.8072916666666679,0.14885159010600546,3.228908042852191e-08,-0.3927184795107311,0.048686470840589594
6.49,0.0001489868891546564,0.19270833333333215,0.14885159010600546,5.229798936388667e-08,-0.12173552723483666,0.1194181649277838
6.491,0.0001489868891546564,0.19270833333333215,0.14885159010600546,-9.6366882730253e-10,0.31733998297304206,0.023433810126250423
6.492,0.0001489868891546564,0.19270833333333215,0.14885159010600546,-5.7135793783715666e-08,0.3181538505390713,-0.10818649448795165
6.493,0.0001489868891546564,0.19270833333333215,0.14885159010600546,-3.784734539350018e-08,-0.12052270358378141,-0.09013764317679332
6.494,0.0001489868891546564,-0.8072916666666679,0.14885159010600546,3.531146899769891e-08,-0.39295772564147147,0.0562152558557188
6.495,0.0001489868891546564,0.19270833333333215,0.14885159010600546,6.530682545340003e-08,-0.12266605740180404,0.12675579445480314
6.496,0.0001489868891546564,0.19270833333333215,0.14885159010600546,8.257431222135083e-09,0.31743500544073217,0.019101458954352803
6.497,0.0001489868891546564,0.19270833333333215,0.14885159010600546,-6.373651405612982e-08,0.3194021199030002,-0.11859907860613937
6.498,0.0001489868891546564,0.19270833333333215,-0.8511484098939945,-5.396759167992144e-08,-0.12013065901243945,-0.09119083621085101
6.499,0.0001489868891546564,-0.8072916666666679,0.14885159010600546,2.8978646457598443e-08,-0.3943841188441257,0.06668399479302849
6.5,0.0001489868891546564,0.19270833333333215,0.14885159010600546,7.708045841005673e-08,-0.12389744894165951,0.13352015123114133
6.501,0.0001489868891546564,0.19270833333333215,0.14885159010600546,2.414669196745439e-08,0.31853423400335784,0.011896626441939957
6.502,0.0001489868891546564,0.19270833333333215,0.14885159010600546,-6.264367344254363e-08,0.32151307310585225,-0.12933477224484982
6.503,0.0001489868891546564,0.19270833333333215,0.14885159010600546,-6.833052629890646e-08,-0.12022949340923451,-0.0895033910436174
6.504,0.0001489868891546564,-0.8072916666666679,0.14885159010600546,1.6105895342420376e-08,-0.39690950596405755,0.07833642310397733
6.505,0.0001489868891546564,0.19270833333333215,0.14885159010600546,7.93597874487482e-08,-0.12526395444251773,0.1377506986967048
6.506,0.0001489868891546564,0.19270833333333215,0.14885159010600546,3.8178693066742714e-08,0.32058955454743443,0.0024662212352803137
6.507,0.0001489868891546564,0.19270833333333215,0.14885159010600546,-5.127228565944166e-08,0.3242539401202364,-0.138123905981053
6.508,0.0001489868891546564,0.19270833333333215,0.14885159010600546,-7.080531842355213e-08,-0.12087359653788636,-0.08446669315541065
6.509,0.0001489868891546564,-0.8072916666666679,0.14885159010600546,9.042930240073892e-10,-0.40027441487982934,0.08932609146321371
6.51,0.0001489868891546564,0.19270833333333215,0.14885159010600546,6.536486726929833e-08,-0.12655786319549764,0.13788947589167982
6.511,0.0001489868891546564,0.19270833333333215,0.14885159010600546,4.20308902911973e-08,0.32340705931119734,-0.00827182056878892
6.512,0.0001489868891546564,0.19270833333333215,-0.8511484098939945,-2.8995303539454667e-08,0.32726953549314375,-0.14304686584368606
6.513,0.0001489868891546564,0.19270833333333215,0.14885159010600546,-5.37212211362447e-08,-0.12204331797236895,-0.07595762682876746
6.514,0.0001489868891546564,-0.8072916666666679,0.14885159010600546,-1.2074151470562237e-08,-0.40406101693204066,0.09796665581923729
6.515,0.0001489868891546564,0.19270833333333215,0.14885159010600546,3.189324486170002e-08,-0.12755652060767486,0.13302034475334779
6.516,0.0001489868891546564,0.19270833333333215,0.14885159010600546,2.990942824581519e-08,0.3266512431976234,-0.019234812146893328
6.517,0.0001489868891546564,0.19270833333333215,-0.8511484098939945,2.4145855499982293e-09,0.3301164139284111,-0.1428139323735825
6.518,0.0001489868891546564,0.19270833333333215,0.14885159010600546,-1.4224576882788142e-08,-0.1236335280434447,-0.06438776008660058
6.519,0.0001489868891546564,-0.8072916666666679,0.14885159010600546,-1.904110299668307e-08,-0.40772773486365904,0.10296117239100219
6.52,0.0001489868891546564,0.19270833333333215,0.14885159010600546,-1.9387553486267935e-08,-0.12805381406540584,0.12302853367719287
6.521,0.0001489868891546564,0.19270833333333215,0.14885159010600546,2.7173166799737604e-10,0.32986827058197665,-0.029300581185911095
6.522,0.0001489868891546564,0.19270833333333215,0.14885159010600546,3.887775708065632e-08,0.33231175447974787,-0.13696382663062495
6.523,0.0001489868891546564,0.19270833333333215,0.14885159010600546,4.4494188784898774e-08,-0.12545294051607714,-0.05068476894714874
6.524,0.0001489868891546564,-0.8072916666666679,0.14885159010600546,-1.7876436648641212e-08,-0.41066387432799756,0.10357919373660797
6.525,0.0001489868891546564,0.19270833333333215,0.14885159010600546,-8.178996379101076e-08,-0.12789181091085133,0.10865503891798631
6.526,0.0001489868891546564,0.19270833333333215,0.14885159010600546,-4.346955638749586e-08,0.3325282957133059,-0.03743681674496681
6.527,0.0001489868891546564,0.19270833333333215,0.14885159010600546,7.464212672885876e-08,0.3333921173164229,-0.12595114882519956
6.528,0.0001489868891546564,0.19270833333333215,0.14885159010600546,1.134227302428905e-07,-0.12723638151782551,-0.036204707735861506
6.529,0.0001489868891546564,-0.8072916666666679,0.14885159010600546,-8.630869833318871e-09,-0.4122598050396793,0.09975691577034877
6.53,0.0001489868891546564,0.19270833333333215,0.14885159010600546,-1.446746004521683e-07,-0.1269878885637548,0.09143400199115274
6.531,0.0001489868891546564,0.19270833333333215,0.14885159010600546,-9.344264230186703e-08,0.3340841207399232,-0.04281887347339812
6.532,0.0001489868891546564,0.19270833333333215,0.14885159010600546,1.0334292542590944e-07,0.33297543064192886,-0.11110740665357491
6.533,0.0001489868891546564,0.19270833333333215,0.14885159010600546,1.7938512554306106e-07,-0.12867044774823447,-0.022583042909671034
6.534,0.0001489868891546564,-0.8072916666666679,0.14885159010600546,6.483359721192228e-09,-0.41198553669119775,0.0921057310958835
6.535,0.0001489868891546564,0.19270833333333215,0.14885159010600546,-1.9553255888524516e-07,-0.12535300689327658,0.07351699656043652
6.536,0.0001489868891546564,0.19270833333333215,0.14885159010600546,-1.389193265999054e-07,0.33404071003668145,-0.04492173684113678
6.537,0.0001489868891546564,0.19270833333333215,-0.8511484098939945,1.192717503189356e-07,0.33081845893301887,-0.09447751543762466
6.538,0.0001489868891546564,0.19270833333333215,0.14885159010600546,2.2779287212322883e-07,-0.12943090777939462,-0.011541017038346953
6.539,0.0001489868891546564,-0.8072916666666679,0.14885159010600546,2.360870525656143e-08,-0.4094684613204342,0.08182697937169653
6.54,0.0001489868891546564,0.19270833333333215,0.14885159010600546,-2.2264119785323698e-07,-0.12309774202621192,0.05740402798586893
6.541,0.0001489868891546564,0.19270833333333215,0.14885159010600546,-1.6867720866799113e-07,0.3320276925101151,-0.04357511200842214
6.542,0.0001489868891546564,0.19270833333333215,0.14885159010600546,1.1858566253440536e-07,0.3268618212226868,-0.0785511239462021
6.543,0.0001489868891546564,0.19270833333333215,0.14885159010600546,2.4588997521387905e-07,-0.12922807780958678,-0.004670622372076651
6.544,0.0001489868891546564,-0.8072916666666679,0.14885159010600546,3.8147253855571485e-08,-0.4045599777178406,0.07054373710471971
6.545,0.0001489868891546564,0.19270833333333215,0.14885159010600546,-2.1771308656578657e-07,-0.12042423635375911,0.0456146835665006
6.546,0.0001489868891546564,0.19270833333333215,0.14885159010600546,-1.735974637327312e-07,0.32786542137704583,-0.038975383534033486
6.547,0.0001489868891546564,0.19270833333333215,0.14885159010600546,1.001927042648571e-07,0.3212555099783993,-0.06592336796740793
6.548,0.0001489868891546564,0.19270833333333215,0.14885159010600546,2.257709928188386e-07,-0.12785460156711004,-0.003225211492775946
6.549,0.0001489868891546564,-0.8072916666666679,0.14885159010600546,4.584986537002543e-08,-0.3973809815384168,0.06007229416648731
6.55,0.0001489868891546564,0.19270833333333215,0.14885159010600546,-1.7794634772949012e-07,-0.11760413927126435,0.04034224061415739
6.551,0.0001489868891546564,0.19270833333333215,0.14885159010600546,-1.4891393694582434e-07,0.32161479185233277,-0.03165385580728547
6.552,0.0001489868891546564,0.19270833333333215,0.14885159010600546,6.611398769024843e-08,0.31435980601412994,-0.05893041745914359
6.553,0.0001489868891546564,0.19270833333333215,0.14885159010600546,1.664882200600701e-07,-0.12522891875946623,-0.007942936949277545
6.554,0.0001489868891546564,-0.8072916666666679,0.14885159010600546,4.384400716005494e-08,-0.38833793327677446,0.05216478464352441
6.555,0.0001489868891546564,0.19270833333333215,0.14885159010600546,-1.07004514750177e-07,-0.11494466486215471,0.043137181927335504
6.556,0.0001489868891546564,0.19270833333333215,0.14885159010600546,-9.559852345144877e-08,0.313602057347209,-0.022406426827080866
6.557,0.0001489868891546564,0.19270833333333215,-0.8511484098939945,2.1230939275629114e-08,0.3067193310746509,-0.05930979688158293
6.558,0.0001489868891546564,0.19270833333333215,0.14885159010600546,7.475347051564881e-08,-0.12142747600607343,-0.01892668408362826
6.559,0.0001489868891546564,-0.8072916666666679,0.14885159010600546,3.1367937802157145e-08,-0.37810432557149465,0.04825892863953894
6.56,0.0001489868891546564,0.19270833333333215,0.14885159010600546,-1.4679295877904206e-08,-0.1127467858120808,0.05466382421567209
6.561,0.0001489868891546564,0.19270833333333215,0.14885159010600546,-2.0551362973480437e-08,0.30441234409757806,-0.01219484238887674
6.562,0.0001489868891546564,0.19270833333333215,0.14885159010600546,-2.7544087024763494e-08,0.29901141061770453,-0.06793311592208559
6.563,0.0001489868891546564,0.19270833333333215,0.14885159010600546,-3.596025156588511e-08,-0.11669955060774419,-0.03559736651287361
6.564,0.0001489868891546564,-0.8072916666666679,0.14885159010600546,1.0043066033349048e-08,-0.36756655365945234,0.04927025813111048
6.565,0.0001489868891546564,0.19270833333333215,0.14885159010600546,8.472887224730096e-08,-0.11126102860742255,0.074564889113364
6.566,0.0001489868891546564,0.19270833333333215,0.14885159010600546,6.447800831893891e-08,0.2948492236910251,-0.0020331950671249486
6.567,0.0001489868891546564,0.19270833333333215,0.14885159010600546,-7.251298943026379e-08,0.2919734957187077,-0.08464974181869508
6.568,0.0001489868891546564,0.19270833333333215,0.14885159010600546,-1.4776709127837154e-07,-0.1114603951506536,-0.056728291398664824
6.569,0.0001489868891546564,-0.8072916666666679,0.14885159010600546,-1.638264646166587e-08,-0.3577379382625654,0.0554565359677538
6.57,0.0001489868891546564,0.19270833333333215,0.14885159010600546,1.7500138046894631e-07,-0.11064708953371416,0.10145498381805851
6.571,0.0001489868891546564,0.19270833333333215,0.14885159010600546,1.450370855767225e-07,0.28586212993248167,0.007125139045201448
6.572,0.0001489868891546564,0.19270833333333215,0.14885159010600546,-1.0660316887030978e-07,0.28631760956093205,-0.10826525676243968
6.573,0.0001489868891546564,0.19270833333333215,0.14885159010600546,-2.4170212092703427e-07,-0.10626107953571037,-0.08055801400080441
6.574,0.0001489868891546564,-0.8072916666666679,0.14885159010600546,-4.277153217089737e-08,-0.34964930976324426,0.06637407619675975
6.575,0.0001489868891546564,0.19270833333333215,0.14885159010600546,2.4104131175670534e-07,-0.11094339437712059,0.13304698672350845
6.576,0.0001489868891546564,0.19270833333333215,0.14885159010600546,2.0674993257553344e-07,0.2784480067343137,0.01448560252930823
6.577,0.0001489868891546564,0.19270833333333215,0.14885159010600546,-1.246593599428186e-07,0.2826421422292597,-0.13666028630154
6.578,0.0001489868891546564,0.19270833333333215,0.14885159010600546,-3.0136029401165385e-07,-0.10173657119277402,-0.1049690901409266
6.579,0.0001489868891546564,-0.8072916666666679,0.14885159010600546,-6.365915813034723e-08,-0.34422844042158496,0.08093273441398739
6.58,0.0001489868891546564,0.19270833333333215,0.14885159010600546,2.7174143756489304e-07,-0.11205173139326952,0.1663975934402164
6.581,0.0001489868891546564,0.19270833333333215,0.14885159010600546,2.3815525308597712e-07,0.2735376752397151,0.019483812627321538
6.582,0.0001489868891546564,0.19270833333333215,0.14885159010600546,-1.243556557325896e-07,0.2813524050765244,-0.16703601233594442
6.583,0.0001489868891546564,0.19270833333333215,0.14885159010600546,-3.1609013306044414e-07,-0.09853681752738395,-0.12771175752369204
6.584,0.0001489868891546564,0.19270833333333215,0.14885159010600546,-7.441697894723108e-08,-0.3421830727147019,0.09754231237122976
6.585,0.0001489868891546564,0.19270833333333215,0.14885159010600546,2.620925186650613e-07,-0.11374028044131033,0.1982422347262633
6.586,0.0001489868891546564,0.19270833333333215,0.14885159010600546,2.3301142662223417e-07,0.2718803633761352,0.021822742099850044
6.587,0.0001489868891546564,0.19270833333333215,0.14885159010600546,-1.0654776911579497e-07,0.28260091843275137,-0.19625512370072795
6.588,0.0001489868891546564,0.19270833333333215,0.14885159010600546,-2.8308194470815494e-07,-0.09724840186011323,-0.14664594746578857
6.589,0.0001489868891546564,-0.8072916666666679,0.14885159010600546,-7.22649082076694e-08,-0.34390286843149254,0.11433004749347007
6.59,0.0001489868891546564,0.19270833333333215,0.14885159010600546,2.1410261368718197e-07,-0.11566595022078757,0.2253774601513392
6.591,0.0001489868891546564,0.19270833333333215,0.14885159010600546,1.915864575315685e-07,0.2739411302682568,0.021473570758274316
6.592,0.0001489868891546564,0.19270833333333215,-0.8511484098939945,-7.500373091408637e-08,0.2862563999881318,-0.22123360622017063
6.593,0.0001489868891546564,0.19270833333333215,-0.8511484098939945,-2.079210646979881e-07,-0.09831629269518244,-0.1599728651908005
6.594,0.0001489868891546564,-0.8072916666666679,0.14885159010600546,-5.6914420228304586e-08,-0.3493940792551981,0.12939864858689762
6.595,0.0001489868891546564,0.19270833333333215,0.14885159010600546,1.3634713805122103e-07,-0.1174142323661919,0.24504236339043917
6.596,0.0001489868891546564,0.19270833333333215,0.14885159010600546,1.2066285993762176e-07,0.2798252402750789,0.01864341175837141
6.597,0.0001489868891546564,0.19270833333333215,-0.8511484098939945,-3.5581369958204064e-08,0.29190703475820534,-0.23933153364947402
6.598,0.0001489868891546564,0.19270833333333215,-0.8511484098939945,-1.0349760527767837e-07,-0.10197595556122523,-0.16642890632693355
6.599,0.0001489868891546564,-0.8072916666666679,0.14885159010600546,-3.0700430346895006e-08,-0.3582572023181378,0.14108849505942314
6.6,0.0001489868891546564,0.19270833333333215,0.14885159010600546,4.2254909492893294e-08,-0.11855216116539967,0.25525058612674956
6.601,0.0001489868891546564,0.19270833333333215,0.14885159010600546,3.225620245549887e-08,0.289240872875514,0.013717724804353992
6.602,0.0001489868891546564,0.19270833333333215,-0.8511484098939945,4.9651471047750265e-09,0.2988992494712545,-0.24869091668595042
6.603,0.0001489868891546564,0.19270833333333215,0.14885159010600546,1.2493940108276839e-08,-0.10820546481892432,-0.1654196170261841
6.604,0.0001489868891546564,-0.8072916666666679,0.14885159010600546,1.8316473403995937e-09,-0.36971272783949344,0.1482069988339346
6.605,0.0001489868891546564,0.19270833333333215,0.14885159010600546,-5.250415131896303e-08,-0.11868781773720755,0.25503084376101565
6.606,0.0001489868891546564,0.19270833333333215,0.14885159010600546,-5.8686420750489166e-08,0.30150716614001544,0.007188390077123202
6.607,0.0001489868891546564,0.19270833333333215,0.14885159010600546,4.02941700365139e-08,0.3064084627190987,-0.24847570127646942
6.608,0.0001489868891546564,0.19270833333333215,0.14885159010600546,1.209423612328614e-07,-0.11670525036846076,-0.15707901974095237
6.609,0.0001489868891546564,-0.8072916666666679,0.14885159010600546,3.4801803488699996e-08,-0.3826739671415043,0.1501928237990036
6.61,0.0001489868891546564,0.19270833333333215,0.14885159010600546,-1.3298414979039768e-07,-0.11752847896383008,0.24454583701272958
6.611,0.0001489868891546564,0.19270833333333215,0.14885159010600546,-1.3713240342275048e-07,0.3156090208812059,-0.00042031374692304323
6.612,0.0001489868891546564,0.19270833333333215,-0.8511484098939945,6.562802064571633e-08,0.31353380576967765,-0.23898216345891363
6.613,0.0001489868891546564,0.19270833333333215,0.14885159010600546,2.048959223656879e-07,-0.1269099507119404,-0.1422488479002082
6.614,0.0001489868891546564,-0.8072916666666679,0.14885159010600546,6.215434457406512e-08,-0.395859698664514,0.14719196922977118
6.615,0.0001489868891546564,0.19270833333333215,0.14885159010600546,-1.8767390712006332e-07,-0.1149292264708384,0.2250751689580363
6.616,0.0001489868891546564,0.19270833333333215,0.14885159010600546,-1.9077146156760375e-07,0.3302940735757414,-0.008616331920773351
6.617,0.0001489868891546564,0.19270833333333215,-0.8511484098939945,7.851598295513862e-08,0.31940526792112595,-0.22160534766606968
6.618,0.0001489868891546564,0.19270833333333215,0.14885159010600546,2.5260226074290233e-07,-0.13803290444221064,-0.12238182227695743
6.619,0.0001489868891546564,-0.8072916666666679,0.14885159010600546,7.88600035297755e-08,-0.40793387170418455,0.14003527442184555
6.62,0.0001489868891546564,0.19270833333333215,0.14885159010600546,-2.1041379939673894e-07,-0.11092470051627357,0.19886530010779135
6.621,0.0001489868891546564,0.19270833333333215,0.14885159010600546,-2.1221943132670397e-07,0.34420160502895486,-0.01698611635009116
6.622,0.0001489868891546564,0.19270833333333215,0.14885159010600546,7.906844758410975e-08,0.32328966483531957,-0.19866638093762215
6.623,0.0001489868891546564,0.19270833333333215,0.14885159010600546,2.5941433198057596e-07,-0.14913960736815524,-0.09938183042923801
6.624,0.0001489868891546564,-0.8072916666666679,0.14885159010600546,8.191243537375439e-08,-0.4176556683241415,0.13012084702206844
6.625,0.0001489868891546564,0.19270833333333215,0.14885159010600546,-2.0116011715115166e-07,-0.10573864467393992,0.16886628938988166
6.626,0.0001489868891546564,0.19270833333333215,0.14885159010600546,-2.001876797312253e-07,0.35600868649610584,-0.025217488048719462
6.627,0.0001489868891546564,0.19270833333333215,0.14885159010600546,6.964081919253157e-08,0.3246816089843055,-0.1731237934648538
6.628,0.0001489868891546564,0.19270833333333215,0.14885159010600546,2.2821553063775895e-07,-0.1592425580114531,-0.07540068540925676
6.629,0.0001489868891546564,-0.8072916666666679,0.14885159010600546,7.091383001918004e-08,-0.42402144549155546,0.11921822542610377
6.63,0.0001489868891546564,0.19270833333333215,0.14885159010600546,-1.6549110798091897e-07,-0.09976871284892137,0.1383888877155704
6.631,0.0001489868891546564,0.19270833333333215,0.14885159010600546,-1.5941142413774296e-07,0.364576226182107,-0.03309845807087214
6.632,0.0001489868891546564,0.19270833333333215,0.14885159010600546,5.4066438841340995e-08,0.32336736753720263,-0.14820688687714673
6.633,0.0001489868891546564,0.19270833333333215,0.14885159010600546,1.6833570598407496e-07,-0.16740685197119026,-0.05261529663916533
6.634,0.0001489868891546564,-0.8072916666666679,0.14885159010600546,4.813097853623328e-08,-0.42638076403673436,0.10922184444844706
6.635,0.0001489868891546564,0.19270833333333215,0.14885159010600546,-1.1301775179516867e-07,-0.09354733510960336,0.11072473322128157
6.636,0.0001489868891546564,0.19270833333333215,0.14885159010600546,-9.939300518035268e-08,0.3690771710582756,-0.04049566366127235
6.637,0.0001489868891546564,0.19270833333333215,-0.8511484098939945,3.663338400980055e-08,0.31945293010952985,-0.12701874573307542
6.638,0.0001489868891546564,0.19270833333333215,0.14885159010600546,9.32466030760514e-08,-0.1728541061077082,-0.03301022800722458
6.639,0.0001489868891546564,-0.8072916666666679,0.14885159010600546,1.801419226490705e-08,-0.42451180838503927,0.1018880765196295
6.64,0.0001489868891546564,0.19270833333333215,0.14885159010600546,-5.508879826563719e-08,-0.08768280662320609,0.08877588752044221
6.641,0.0001489868891546564,0.19270833333333215,0.14885159010600546,-3.226131590697619e-08,0.3690910368570729,-0.04731945123124295
6.642,0.0001489868891546564,0.19270833333333215,0.14885159010600546,2.10497879035373e-08,0.31335231938961705,-0.11215951346385915
6.643,0.0001489868891546564,0.19270833333333215,0.14885159010600546,1.7572242593814262e-08,-0.17505207177222748,-0.01818879635347752
6.644,0.0001489868891546564,-0.8072916666666679,0.14885159010600546,-1.3716674068441101e-08,-0.41864661019515986,0.09859188460918718
6.645,0.0001489868891546564,0.19270833333333215,0.14885159010600546,-2.315408487274402e-09,-0.08278769062818259,0.07473749786060063
6.646,0.0001489868891546564,0.19270833333333215,0.14885159010600546,2.9775855657339328e-08,0.36465295172983087,-0.053484569618922805
6.647,0.0001489868891546564,0.19270833333333215,0.14885159010600546,9.635929033271022e-09,0.3057375046306181,-0.10541682319738704
6.648,0.0001489868891546564,-0.8072916666666679,0.14885159010600546,-4.592482698694007e-08,-0.17377870109534072,-0.009231495905620297
6.649,0.0001489868891546564,-0.8072916666666679,0.14885159010600546,-4.122586523015066e-08,-0.40944291397500615,0.1001358069989244
6.65,0.0001489868891546564,0.19270833333333215,0.14885159010600546,3.7541703350895714e-08,-0.07940367099481056,0.0698695215513633
6.651,0.0001489868891546564,0.19270833333333215,0.14885159010600546,7.684002710963103e-08,0.35625098054124005,-0.05887565622094356
6.652,0.0001489868891546564,0.19270833333333215,0.14885159010600546,2.921125444321579e-09,0.29745646059691777,-0.1075605029146756
6.653,0.0001489868891546564,0.19270833333333215,0.14885159010600546,-8.874102573212145e-08,-0.16915231163994912,-0.006614320574173267
6.654,0.0001489868891546564,-0.8072916666666679,0.14885159010600546,-5.97143087055644e-08,-0.3979063738576091,0.10663620226500767
6.655,0.0001489868891546564,0.19270833333333215,0.14885159010600546,6.08815988905177e-08,-0.07793282222238247,0.07438144647766388
6.656,0.0001489868891546564,0.19270833333333215,0.14885159010600546,1.0315294151173836e-07,0.34477190215614123,-0.06332524425678873
6.657,0.0001489868891546564,0.19270833333333215,-0.8511484098939945,-2.761728732267794e-10,0.28943020285593174,-0.11826438814405936
6.658,0.0001489868891546564,0.19270833333333215,0.14885159010600546,-1.0793132012138736e-07,-0.161623502167743,-0.010192360774271114
6.659,0.0001489868891546564,-0.8072916666666679,0.14885159010600546,-6.63340373399097e-08,-0.3852730968329555,0.11750065375246478
6.66,0.0001489868891546564,0.19270833333333215,0.14885159010600546,6.852403135659238e-08,-0.07858471868871646,0.08743950977741015
6.661,0.0001489868891546564,0.19270833333333215,0.14885159010600546,1.0782652041167648e-07,0.3314019848221884,-0.0666092232345322
6.662,0.0001489868891546564,0.19270833333333215,0.14885159010600546,-2.322617914763707e-09,0.2825424001054576,-0.1361613582694039
6.663,0.0001489868891546564,0.19270833333333215,0.14885159010600546,-1.060882500672211e-07,-0.15192910142929442,-0.019246777151442428
6.664,0.0001489868891546564,-0.8072916666666679,0.14885159010600546,-6.068078466215866e-08,-0.3728674775257765,0.13149783398341058
6.665,0.0001489868891546564,0.19270833333333215,0.14885159010600546,6.492196756701658e-08,-0.08134691005192306,0.10729100444729266
6.666,0.0001489868891546564,0.19270833333333215,0.14885159010600546,9.45520513267507e-08,0.3174947997880508,-0.06846110252983294
6.667,0.0001489868891546564,0.19270833333333215,0.14885159010600546,-5.9416045120407165e-09,0.27753601392937166,-0.15902088871792613
6.668,0.0001489868891546564,0.19270833333333215,0.14885159010600546,-9.007802793747756e-08,-0.1410130917710563,-0.032586723532778944
6.669,0.0001489868891546564,-0.8072916666666679,0.14885159010600546,-4.477244946007783e-08,-0.3619531403193571,0.14690879368728826
6.67,0.0001489868891546564,0.19270833333333215,0.14885159010600546,5.656384328702002e-08,-0.08598327375890165,0.13148676695604072
6.671,0.0001489868891546564,0.19270833333333215,0.14885159010600546,7.031230266613998e-08,0.30442201658393314,-0.06860273398221317
6.672,0.0001489868891546564,0.19270833333333215,-0.8511484098939945,-1.3296475717136069e-08,0.27493023008161144,-0.18402370534771245
6.673,0.0001489868891546564,0.19270833333333215,0.14885159010600546,-6.888573568515839e-08,-0.12992354154885438,-0.048692657304278526
6.674,0.0001489868891546564,-0.8072916666666679,0.14885159010600546,-2.2530599836537448e-08,-0.35359525782825396,0.1617382860999393
6.675,0.0001489868891546564,0.19270833333333215,0.14885159010600546,4.998185113305307e-08,-0.09206101807681881,0.1571724511617013
6.676,0.0001489868891546564,0.19270833333333215,0.14885159010600546,4.3449874227894606e-08,0.2934249501425289,-0.0667860116263916
6.677,0.0001489868891546564,0.19270833333333215,-0.8511484098939945,-2.5219879778545762e-08,0.27496791165263285,-0.2080973566423101
6.678,0.0001489868891546564,0.19270833333333215,0.14885159010600546,-5.111002327181866e-08,-0.119697578696144,-0.06588415987752101
6.679,0.0001489868891546564,0.19270833333333215,0.14885159010600546,1.1136825477662403e-09,-0.34855054443181654,0.17395771840589688
6.68,0.0001489868891546564,0.19270833333333215,0.14885159010600546,4.986184104038614e-08,-0.09900316734435541,0.18141281454217462
6.681,0.0001489868891546564,0.19270833333333215,0.14885159010600546,2.1555723032128117e-08,0.28548418718435253,-0.06283802762606985
6.682,0.0001489868891546564,0.19270833333333215,-0.8511484098939945,-4.078905631742689e-08,0.27759938725812816,-0.2282708627445227
6.683,0.0001489868891546564,0.19270833333333215,0.14885159010600546,-4.270994257813762e-08,-0.1112479576612178,-0.0824940669749543
6.684,0.0001489868891546564,-0.8072916666666679,0.14885159010600546,2.129158085008692e-08,-0.34719716970593495,0.18174844337216217
6.685,0.0001489868891546564,0.19270833333333215,0.14885159010600546,5.7714524649983674e-08,-0.106159777470293,0.20151146975475998
6.686,0.0001489868891546564,0.19270833333333215,0.14885159010600546,9.66644053981561e-09,0.2812220244301791,-0.056701546921476435
6.687,0.0001489868891546564,0.19270833333333215,0.14885159010600546,-5.7364785883753565e-08,0.28250325374925467,-0.2420064735792887
6.688,0.0001489868891546564,0.19270833333333215,0.14885159010600546,-4.5531143220481507e-08,-0.10526461967976307,-0.0970313185392603
6.689,0.0001489868891546564,-0.8072916666666679,0.14885159010600546,3.4214518261905364e-08,-0.3495113257174786,0.18371553041368874
6.69,0.0001489868891546564,0.19270833333333215,0.14885159010600546,7.142639214401937e-08,-0.11288842895084993,0.21529126711845625
6.691,0.0001489868891546564,0.19270833333333215,0.14885159010600546,9.174214718466326e-09,0.28084810521613934,-0.04846352349772206
6.692,0.0001489868891546564,0.19270833333333215,0.14885159010600546,-7.110124780657801e-08,0.28913978870409496,-0.24747161759470115
6.693,0.0001489868891546564,0.19270833333333215,0.14885159010600546,-5.6944900036513757e-08,-0.10214284293239435,-0.10831722935634254
6.694,0.0001489868891546564,-0.8072916666666679,0.14885159010600546,3.792337828634322e-08,-0.3550910260489175,0.179047424351912
6.695,0.0001489868891546564,0.19270833333333215,0.14885159010600546,8.579544578875661e-08,-0.11863313536019063,0.22130700167178932
6.696,0.0001489868891546564,0.19270833333333215,0.14885159010600546,1.7680303788850582e-08,0.28415316212133374,-0.03836650393446045
6.697,0.0001489868891546564,0.19270833333333215,-0.8511484098939945,-7.782042809187992e-08,0.2968282783395893,-0.24372333049569034
6.698,0.0001489868891546564,0.19270833333333215,0.14885159010600546,-7.066674108325861e-08,-0.10194635500956342,-0.11558346687789547
6.699,0.0001489868891546564,-0.8072916666666679,0.14885159010600546,3.261613428870937e-08,-0.363221783357645,0.1676050307734996
6.7,0.0001489868891546564,0.19270833333333215,0.14885159010600546,9.392082015572405e-08,-0.12299091597050868,0.2189713998186019
6.701,0.0001489868891546564,0.19270833333333215,0.14885159010600546,2.98012797171774e-08,0.2905499021096884,-0.026800714976850895
6.702,0.0001489868891546564,0.19270833333333215,-0.8511484098939945,-7.405416370019794e-08,0.3048366808631821,-0.23078933215753317
6.703,0.0001489868891546564,0.19270833333333215,0.14885159010600546,-7.85429341919748e-08,-0.10440954298123685,-0.11852444108316271
6.704,0.0001489868891546564,-0.8072916666666679,0.14885159010600546,2.04948728044075e-08,-0.37297390378543005,0.1499334406515599
6.705,0.0001489868891546564,0.19270833333333215,0.14885159010600546,8.911063640419087e-08,-0.12575692238354846,0.20858602019819555
6.706,0.0001489868891546564,0.19270833333333215,0.14885159010600546,3.87174033109379e-08,0.2991545637740556,-0.014277846210310679
6.707,0.0001489868891546564,0.19270833333333215,0.14885159010600546,-5.801048333158282e-08,0.3124709447470868,-0.20964275793411416
6.708,0.0001489868891546564,0.19270833333333215,0.14885159010600546,-7.2865878748399e-08,-0.10897817672067847,-0.11730158346990949
6.709,0.0001489868891546564,-0.8072916666666679,0.14885159010600546,5.178150372538226e-09,-0.3833178606422013,0.1271992897685358
6.71,0.0001489868891546564,0.19270833333333215,0.14885159010600546,6.684568137751677e-08,-0.12694196705159325,0.19127944485505424
6.711,0.0001489868891546564,0.19270833333333215,0.14885159010600546,3.808336936401375e-08,0.3088982020139792,-0.0013904300483593294
