time_s,background_centered_adc,without_centered_adc,with_centered_adc,background_filtered_100hz_adc,without_filtered_100hz_adc,with_filtered_100hz_adc
0.0,0.0,-0.15988691691534385,-0.18951486697965692,0.0,0.012907727792153864,-0.012941576629316059
0.001,0.0,-0.15988691691534385,-0.18951486697965692,0.0,0.08997314232834668,-0.22150049454552195
0.002,0.0,0.8401130830846562,-0.18951486697965692,0.0,0.13907316140595594,-0.3489575496800729
0.003,0.0,-0.15988691691534385,-0.18951486697965692,0.0,0.13612234636483533,-0.3460071672246971
0.004,0.0,-0.15988691691534385,-0.18951486697965692,0.0,0.0767230212375862,-0.21216259730769188
0.005,0.0,-0.15988691691534385,-0.18951486697965692,0.0,-0.020289545463655273,0.0033924994736192274
0.006,0.0,-0.15988691691534385,-0.18951486697965692,0.0,-0.11880219282343445,0.2198543970931879
0.007,0.0,-0.15988691691534385,0.8104851330203431,0.0,-0.17900301867967391,0.3551408307535985
0.008,0.0,-0.15988691691534385,0.8104851330203431,0.0,-0.17343508808179212,0.3571146671255872
0.009,0.0,-0.15988691691534385,-0.18951486697965692,0.0,-0.09906820422990305,0.2237773662079842
0.01,0.0,-0.15988691691534385,-0.18951486697965692,0.0,0.01978580844477806,0.004574159435443396
0.011,0.0,0.8401130830846562,-0.18951486697965692,0.0,0.1394301495635913,-0.21792117676082426
0.012,0.0,0.8401130830846562,-0.18951486697965692,0.0,0.21300715795657504,-0.35916831777074976
0.013,0.0,0.8401130830846562,-0.18951486697965692,0.0,0.20891566420210458,-0.36488973440354455
0.014,0.0,-0.15988691691534385,-0.18951486697965692,0.0,0.12416811981222269,-0.23204166784306238
0.015,0.0,-0.15988691691534385,-0.18951486697965692,0.0,-0.01288705860828312,-0.010383017497836829
0.016,0.0,-0.15988691691534385,-0.18951486697965692,0.0,-0.15207135341820863,0.2161418277049786
0.017,0.0,-0.15988691691534385,0.8104851330203431,0.0,-0.23991878145773385,0.36124897016233415
0.018,0.0,-0.15988691691534385,0.8104851330203431,0.0,-0.24034991034345055,0.3692877629376641
0.019,0.0,-0.15988691691534385,-0.18951486697965692,0.0,-0.14944520086761912,0.23670035728831668
0.02,0.0,-0.15988691691534385,-0.18951486697965692,0.0,0.0017109462493142171,0.013650622946092216
0.021,0.0,-0.15988691691534385,-0.18951486697965692,0.0,0.15768940512350568,-0.21493302366359987
0.022,0.0,-0.15988691691534385,-0.18951486697965692,0.0,0.2592186696647215,-0.36174371258108523
0.023,0.0,-0.15988691691534385,-0.18951486697965692,0.0,0.2658919558723478,-0.37054131893556697
0.024,0.0,-0.15988691691534385,-0.18951486697965692,0.0,0.17232433816295564,-0.23780712379955163
0.025,0.0,-0.15988691691534385,-0.18951486697965692,0.0,0.011280233908467984,-0.014229901818225622
0.026,0.0,-0.15988691691534385,-0.18951486697965692,0.0,-0.15783052065477124,0.21462667613942443
0.027,0.0,-0.15988691691534385,0.8104851330203431,0.0,-0.2710437385188175,0.3611076097603204
0.028,0.0,-0.15988691691534385,0.8104851330203431,0.0,-0.2842495397681758,0.3691224178779718
0.029,0.0,-0.15988691691534385,-0.18951486697965692,0.0,-0.19053600759276634,0.23571791329813493
0.03,0.0,-0.15988691691534385,-0.18951486697965692,0.0,-0.023600079606010887,0.012236150980497853
0.031,0.0,-0.15988691691534385,-0.18951486697965692,0.0,0.1543929372144276,-0.21541970209414052
0.032,0.0,0.8401130830846562,-0.18951486697965692,0.0,0.27612312287618834,-0.3598306934196756
0.033,0.0,0.8401130830846562,-0.18951486697965692,0.0,0.2948060909936949,-0.365691969722788
0.034,0.0,0.8401130830846562,-0.18951486697965692,0.0,0.20238013225151988,-0.23106368765620192
0.035,0.0,0.8401130830846562,-0.18951486697965692,0.0,0.033052619492641044,-0.008050878579597255
0.036,0.0,-0.15988691691534385,-0.18951486697965692,0.0,-0.1493668026392526,0.21734024586771195
0.037,0.0,-0.15988691691534385,0.8104851330203431,0.0,-0.2756549320483384,0.35838383279036623
0.038,0.0,-0.15988691691534385,0.8104851330203431,0.0,-0.29766714358438257,0.3610406768443571
0.039,0.0,-0.15988691691534385,-0.18951486697965692,0.0,-0.20691723897663541,0.2247034162609897
0.04,0.0,-0.15988691691534385,-0.18951486697965692,0.0,-0.0379980850472536,0.0023010580728324384
0.041,0.0,-0.15988691691534385,-0.18951486697965692,0.0,0.1445821261918724,-0.22023490575881924
0.042,0.0,-0.15988691691534385,-0.18951486697965692,0.0,0.27114389042355813,-0.3571745534285327
0.043,0.0,-0.15988691691534385,-0.18951486697965692,0.0,0.29362822354548046,-0.35602504942175
0.044,0.0,-0.15988691691534385,-0.18951486697965692,0.0,0.20406331351192647,-0.2176588223110538
0.045,0.0,-0.15988691691534385,-0.18951486697965692,0.0,0.037534608385726476,0.004186881648063124
0.046,0.0,-0.15988691691534385,-0.18951486697965692,0.0,-0.14149973060888094,0.22377925650342262
0.047,0.0,-0.15988691691534385,0.8104851330203431,0.0,-0.26422364354167854,0.35651585916299044
0.048,0.0,-0.15988691691534385,0.8104851330203431,0.0,-0.2840707418349205,0.3515015809697265
0.049,0.0,-0.15988691691534385,-0.18951486697965692,0.0,-0.19457762628559822,0.2110333640936334
0.05,0.0,-0.15988691691534385,-0.18951486697965692,0.0,-0.03157301910473388,-0.010456776487203388
0.051,0.0,0.8401130830846562,-0.18951486697965692,0.0,0.1410722500539109,-0.22751132922605877
0.052,0.0,0.8401130830846562,-0.18951486697965692,0.0,0.2564872549921754,-0.3566091756260645
0.053,0.0,0.8401130830846562,-0.18951486697965692,0.0,0.27080046719901096,-0.3482617261283049
0.054,0.0,-0.15988691691534385,-0.18951486697965692,0.0,0.1799469029072962,-0.20591928270999296
0.055,0.0,-0.15988691691534385,-0.18951486697965692,0.0,0.020797534391554465,0.015512026176186038
0.056,0.0,-0.15988691691534385,-0.18951486697965692,0.0,-0.14369042211086752,0.23088496304622166
0.057,0.0,-0.15988691691534385,0.8104851330203431,0.0,-0.24934566465263078,0.35754075980641103
0.058,0.0,-0.15988691691534385,0.8104851330203431,0.0,-0.25584892397147213,0.3469702594674412
0.059,0.0,-0.15988691691534385,-0.18951486697965692,0.0,-0.16218262748743006,0.2032982095504127
0.06,0.0,-0.15988691691534385,-0.18951486697965692,0.0,-0.006521565249257129,-0.01841766369823263
0.061,0.0,-0.15988691691534385,-0.18951486697965692,0.0,0.14921617794675313,-0.23333737204507582
0.062,0.0,-0.15988691691534385,-0.18951486697965692,0.0,0.2439275030191475,-0.3592895012086056
0.063,0.0,-0.15988691691534385,-0.18951486697965692,0.0,0.24126102906194896,-0.3481098531332989
0.064,0.0,-0.15988691691534385,-0.18951486697965692,0.0,0.14355920531663585,-0.2039425680308392
0.065,0.0,-0.15988691691534385,-0.18951486697965692,0.0,-0.009537331026216482,0.018405961951512922
0.066,0.0,-0.15988691691534385,-0.18951486697965692,0.0,-0.15709056879940714,0.23436318810161136
0.067,0.0,-0.15988691691534385,0.8104851330203431,0.0,-0.24102591493221934,0.36174309646893443
0.068,0.0,-0.15988691691534385,0.8104851330203431,0.0,-0.2288923257944705,0.351935154531321
0.069,0.0,-0.15988691691534385,-0.18951486697965692,0.0,-0.12632776363543471,0.20832647772853566
0.07,0.0,-0.15988691691534385,-0.18951486697965692,0.0,0.025528293408510518,-0.014974580681196862
0.071,0.0,0.8401130830846562,-0.18951486697965692,0.0,0.16649351090840028,-0.23358593547141251
0.072,0.0,0.8401130830846562,-0.18951486697965692,0.0,0.24109033412238837,-0.3647191540052141
0.073,0.0,0.8401130830846562,-0.18951486697965692,0.0,0.22023654889938804,-0.3584400466015746
0.074,0.0,0.8401130830846562,-0.18951486697965692,0.0,0.11244268379204594,-0.21655567619238317
0.075,0.0,-0.15988691691534385,-0.18951486697965692,0.0,-0.03974305058229247,0.007965553656630674
0.076,0.0,-0.15988691691534385,-0.18951486697965692,0.0,-0.17652537966525686,0.23081759911563537
0.077,0.0,-0.15988691691534385,0.8104851330203431,0.0,-0.24425475429751528,0.3679878525365293
0.078,0.0,-0.15988691691534385,0.8104851330203431,0.0,-0.2162995269412457,0.36734187364528115
0.079,0.0,-0.15988691691534385,-0.18951486697965692,0.0,-0.10333534284752807,0.2283257468935913
0.08,0.0,-0.15988691691534385,-0.18951486697965692,0.0,0.05085652356375536,0.002385913080559543
0.081,0.0,-0.15988691691534385,-0.18951486697965692,0.0,0.1863786292215318,-0.22609779910687183
0.082,0.0,-0.15988691691534385,-0.18951486697965692,0.0,0.2503899240613935,-0.3712932571101403
0.083,0.0,-0.15988691691534385,-0.18951486697965692,0.0,0.2175293496926324,-0.3780859877248269
0.084,0.0,-0.15988691691534385,-0.18951486697965692,0.0,0.09976247117255438,-0.24291643183102213
0.085,0.0,-0.15988691691534385,-0.18951486697965692,0.0,-0.058098112756616326,-0.015441664104666004
0.086,0.0,-0.15988691691534385,-0.18951486697965692,0.0,-0.19547100020037295,0.2197060797829349
0.087,0.0,-0.15988691691534385,0.8104851330203431,0.0,-0.2591655390658512,0.3743711736605208
0.088,0.0,-0.15988691691534385,0.8104851330203431,0.0,-0.22380612164714334,0.38987287795041176
0.089,0.0,-0.15988691691534385,-0.18951486697965692,0.0,-0.10174605983654199,0.25922695574686916
0.09,0.0,-0.15988691691534385,-0.18951486697965692,0.0,0.06133082668412851,0.03019501196713286
0.091,0.0,0.8401130830846562,-0.18951486697965692,0.0,0.20351979788436436,-0.21214381596276863
0.092,0.0,0.8401130830846562,-0.18951486697965692,0.0,0.27010987225548067,-0.37696236723107507
0.093,0.0,0.8401130830846562,-0.18951486697965692,0.0,0.23448826811652115,-0.40170838398124203
0.094,0.0,-0.15988691691534385,-0.18951486697965692,0.0,0.10860935435962149,-0.2758532701227016
0.095,0.0,-0.15988691691534385,-0.18951486697965692,0.0,-0.06102970476572749,-0.04534970592041899
0.096,0.0,-0.15988691691534385,-0.18951486697965692,0.0,-0.21054775207651333,0.20408593063416416
0.097,0.0,-0.15988691691534385,0.8104851330203431,0.0,-0.28265783900226943,0.37882094912397796
0.098,0.0,-0.15988691691534385,0.8104851330203431,0.0,-0.24850690355951943,0.4124752106389496
0.099,0.0,-0.15988691691534385,-0.18951486697965692,0.0,-0.11910083742490288,0.29120334721449254
0.1,0.0,-0.15988691691534385,-0.18951486697965692,0.0,0.05816621629543629,0.059438362930527795
0.101,0.0,-0.15988691691534385,-0.18951486697965692,0.0,0.21682321559375695,-0.19630658318229285
0.102,0.0,-0.15988691691534385,-0.18951486697965692,0.0,0.29618334226729015,-0.3797186354896659
0.103,0.0,-0.15988691691534385,-0.18951486697965692,0.0,0.26449567171741156,-0.42102143076617554
0.104,0.0,-0.15988691691534385,-0.18951486697965692,0.0,0.13158690010871643,-0.3036417153581465
0.105,0.0,-0.15988691691534385,-0.18951486697965692,0.0,-0.05401921089942893,-0.07096989036390598
0.106,0.0,-0.15988691691534385,-0.18951486697965692,0.0,-0.22274887957233686,0.1895867169788268
0.107,0.0,-0.15988691691534385,0.8104851330203431,0.0,-0.3100168098014486,0.3794462941398682
0.108,0.0,-0.15988691691534385,0.8104851330203431,0.0,-0.28094097558163733,0.42625925643021745
0.109,0.0,-0.15988691691534385,0.8104851330203431,0.0,-0.14428555699588855,0.31165003104445377
0.11,0.0,-0.15988691691534385,-0.18951486697965692,0.0,0.04994352779977779,0.07859087930519953
0.111,0.0,0.8401130830846562,-0.18951486697965692,0.0,0.22872192429621074,-0.1846143246273067
0.112,0.0,0.8401130830846562,-0.18951486697965692,0.0,0.32345307744951396,-0.37781465013334925
0.113,0.0,0.8401130830846562,-0.18951486697965692,0.0,0.29633668844685424,-0.4272654685906125
0.114,0.0,-0.15988691691534385,-0.18951486697965692,0.0,0.15550908369338648,-0.3139873312775446
0.115,0.0,0.8401130830846562,-0.18951486697965692,0.0,-0.04713305913369863,-0.08124295236267653
0.116,0.0,-0.15988691691534385,-0.18951486697965692,0.0,-0.23499320896977255,0.1818900292059353
0.117,0.0,-0.15988691691534385,0.8104851330203431,0.0,-0.33575736947390467,0.3746561611458935
0.118,0.0,-0.15988691691534385,0.8104851330203431,0.0,-0.3093281690647526,0.42337387097466
0.119,0.0,-0.15988691691534385,-0.18951486697965692,0.0,-0.1638833170422612,0.3098322793609484
0.12,0.0,-0.15988691691534385,-0.18951486697965692,0.0,0.04641517079000199,0.07829717270956425
0.121,0.0,0.8401130830846562,-0.18951486697965692,0.0,0.24155304831230087,-0.1816507514747436
0.122,0.0,-0.15988691691534385,-0.18951486697965692,0.0,0.346177623518349,-0.3698298751103357
0.123,0.0,-0.15988691691534385,-0.18951486697965692,0.0,0.31883246906869034,-0.41425021146291585
0.124,0.0,-0.15988691691534385,-0.18951486697965692,0.0,0.16851544966592982,-0.2988905579077329
0.125,0.0,-0.15988691691534385,-0.18951486697965692,0.0,-0.04810801423107317,-0.06964816037887168
0.126,0.0,-0.15988691691534385,-0.18951486697965692,0.0,-0.24806642654867758,0.18382268942053304
0.127,0.0,-0.15988691691534385,0.8104851330203431,0.0,-0.3539697835872407,0.36323055004887445
0.128,0.0,-0.15988691691534385,0.8104851330203431,0.0,-0.3241247191854623,0.39994126994074014
0.129,0.0,-0.15988691691534385,0.8104851330203431,0.0,-0.1690898155350664,0.28145362201480306
0.13,0.0,-0.15988691691534385,-0.18951486697965692,0.0,0.05196231652557362,0.05575448396260445
0.131,0.0,0.8401130830846562,-0.18951486697965692,0.0,0.2538720052190034,-0.18801166208447093
0.132,0.0,0.8401130830846562,-0.18951486697965692,0.0,0.35843933821835905,-0.35480248946357423
0.133,0.0,0.8401130830846562,-0.18951486697965692,0.0,0.32488447366067996,-0.3808921414052659
0.134,0.0,0.8401130830846562,-0.18951486697965692,0.0,0.1658813021368542,-0.25840002218137414
0.135,0.0,-0.15988691691534385,-0.18951486697965692,0.0,-0.05719626239173666,-0.03761781669143124
0.136,0.0,-0.15988691691534385,-0.18951486697965692,0.0,-0.25804842637565384,0.1935343874425449
0.137,0.0,-0.15988691691534385,0.8104851330203431,0.0,-0.3589980403462608,0.34455750516315353
0.138,0.0,-0.15988691691534385,0.8104851330203431,0.0,-0.32119992875960907,0.3579288753755011
0.139,0.0,-0.15988691691534385,-0.18951486697965692,0.0,-0.159687249571086,0.2311368583023294
0.14,0.0,-0.15988691691534385,-0.18951486697965692,0.0,0.06261803418821965,0.016700566797100403
0.141,0.0,-0.15988691691534385,-0.18951486697965692,0.0,0.2595399797005903,-0.19948900792473104
0.142,0.0,0.8401130830846562,-0.18951486697965692,0.0,0.355230317710264,-0.33259528204500255
0.143,0.0,0.8401130830846562,-0.18951486697965692,0.0,0.31353206381263565,-0.3322071700966848
0.144,0.0,-0.15988691691534385,-0.18951486697965692,0.0,0.15168951807697936,-0.20148582711774377
0.145,0.0,-0.15988691691534385,-0.18951486697965692,0.0,-0.06681751535016053,0.005210711640826597
0.146,0.0,-0.15988691691534385,-0.18951486697965692,0.0,-0.2573235276194961,0.20485782903204927
0.147,0.0,-0.15988691691534385,-0.18951486697965692,0.0,-0.3469602794852596,0.3191233405537216
0.148,0.0,-0.15988691691534385,-0.18951486697965692,0.0,-0.30264454841278576,0.30513130454283527
0.149,0.0,-0.15988691691534385,-0.18951486697965692,0.0,-0.1432674255875445,0.17152486368287442
0.15,0.0,-0.15988691691534385,-0.18951486697965692,0.0,0.0683984599979235,-0.026181871956929476
0.151,0.0,0.8401130830846562,-0.18951486697965692,0.0,0.2505912665934686,-0.20863053723719963
0.152,0.0,0.8401130830846562,-0.18951486697965692,0.0,0.3343081908421328,-0.30447294978399986
0.153,0.0,-0.15988691691534385,-0.18951486697965692,0.0,0.2895084063915509,-0.278250478569271
0.154,0.0,-0.15988691691534385,-0.18951486697965692,0.0,0.13578834543200247,-0.14340167145329444
0.155,0.0,-0.15988691691534385,-0.18951486697965692,0.0,-0.06621650204452434,0.0443281056208605
0.156,0.0,-0.15988691691534385,0.8104851330203431,0.0,-0.23892056494519243,0.20993280748961507
0.157,0.0,-0.15988691691534385,0.8104851330203431,0.0,-0.31772526620908736,0.28910691732667204
0.158,0.0,-0.15988691691534385,0.8104851330203431,0.0,-0.2751926518070581,0.2531418623111078
0.159,0.0,-0.15988691691534385,-0.18951486697965692,0.0,-0.13040518407610394,0.11913876967285635
0.16,0.0,-0.15988691691534385,-0.18951486697965692,0.0,0.05958749364722703,-0.05800872287660622
0.161,0.0,-0.15988691691534385,-0.18951486697965692,0.0,0.22240323716338908,-0.20814374143276132
0.162,0.0,-0.15988691691534385,-0.18951486697965692,0.0,0.2979976921971813,-0.2736153254499859
0.163,0.0,-0.15988691691534385,-0.18951486697965692,0.0,0.26075319652457957,-0.23129070938612964
0.164,0.0,-0.15988691691534385,-0.18951486697965692,0.0,0.12788848783666631,-0.10045061999994209
0.165,0.0,-0.15988691691534385,-0.18951486697965692,0.0,-0.04843486449570883,0.0659971584377721
0.166,0.0,-0.15988691691534385,-0.18951486697965692,0.0,-0.20171197668100616,0.20298629796278395
0.167,0.0,-0.15988691691534385,0.8104851330203431,0.0,-0.2762146206157605,0.2586960949624092
0.168,0.0,-0.15988691691534385,0.8104851330203431,0.0,-0.24713213776911547,0.21397781009664338
0.169,0.0,-0.15988691691534385,-0.18951486697965692,0.0,-0.12851581845606608,0.0885918264066502
0.17,0.0,-0.15988691691534385,-0.18951486697965692,0.0,0.03335330300824794,-0.0676063832175941
0.171,0.0,0.8401130830846562,-0.18951486697965692,0.0,0.17809041970833575,-0.19457779309769482
0.172,0.0,0.8401130830846562,-0.18951486697965692,0.0,0.2536998433284478,-0.24511875010785952
0.173,0.0,0.8401130830846562,-0.18951486697965692,0.0,0.23507804260874635,-0.2021834587170115
0.174,0.0,0.8401130830846562,-0.18951486697965692,0.0,0.13203301384557195,-0.08425158482307726
0.175,0.0,-0.15988691691534385,-0.18951486697965692,0.0,-0.0155778014697026,0.06275526271014709
0.176,0.0,-0.15988691691534385,-0.18951486697965692,0.0,-0.15326410995420237,0.18343234729078856
0.177,0.0,-0.15988691691534385,0.8104851330203431,0.0,-0.23191214958909875,0.23367183510448858
0.178,0.0,-0.15988691691534385,-0.18951486697965692,0.0,-0.2250951638128717,0.19651522129636406
0.179,0.0,-0.15988691691534385,-0.18951486697965692,0.0,-0.13769209700888543,0.08750405026706133
0.18,0.0,-0.15988691691534385,-0.18951486697965692,0.0,-0.0031397001824741634,-0.05196860492950581
0.181,0.0,-0.15988691691534385,-0.18951486697965692,0.0,0.12928086697408825,-0.17041325263665288
0.182,0.0,-0.15988691691534385,-0.18951486697965692,0.0,0.21232410116673442,-0.225096886782245
0.183,0.0,-0.15988691691534385,-0.18951486697965692,0.0,0.21742590138307202,-0.19716443158931019
0.184,0.0,-0.15988691691534385,-0.18951486697965692,0.0,0.14436021675009447,-0.09781786230627894
0.185,0.0,-0.15988691691534385,-0.18951486697965692,0.0,0.02073103122975676,0.03631171573345495
0.186,0.0,-0.15988691691534385,-0.18951486697965692,0.0,-0.10829909876300997,0.15663981802832977
0.187,0.0,-0.15988691691534385,-0.18951486697965692,0.0,-0.1962923739140707,0.22001438801718842
0.188,0.0,-0.15988691691534385,-0.18951486697965692,0.0,-0.21206665513673945,0.20389383974461828
0.189,0.0,-0.15988691691534385,-0.18951486697965692,0.0,-0.1506844535315284,0.11412158839677172
0.19,0.0,-0.15988691691534385,-0.18951486697965692,0.0,-0.03506414832776467,-0.01726814066039073
0.191,0.0,-0.15988691691534385,-0.18951486697965692,0.0,0.09235003219212289,-0.14335942534225013
0.192,0.0,0.8401130830846562,-0.18951486697965692,0.0,0.1849343717694347,-0.21884933419494906
0.193,0.0,0.8401130830846562,-0.18951486697965692,0.0,0.2088129880728006,-0.21605647097938419
0.194,0.0,-0.15988691691534385,-0.18951486697965692,0.0,0.15528983841632713,-0.13491612994479016
0.195,0.0,-0.15988691691534385,-0.18951486697965692,0.0,0.044214274246707465,-0.0034241224931338076
0.196,0.0,-0.15988691691534385,-0.18951486697965692,0.0,-0.08310366952155075,0.131800420702996
0.197,0.0,-0.15988691691534385,0.8104851330203431,0.0,-0.1790253000926312,0.22176554257800726
0.198,0.0,-0.15988691691534385,0.8104851330203431,0.0,-0.20732627821982902,0.23264370833524473
0.199,0.0,-0.15988691691534385,-0.18951486697965692,0.0,-0.15698347366557872,0.1584208457096416
0.2,0.0,-0.15988691691534385,-0.18951486697965692,0.0,-0.046718253360305925,0.023958154368246373
0.201,0.0,-0.15988691691534385,-0.18951486697965692,0.0,0.08166806256600731,-0.12302435560518346
0.202,0.0,-0.15988691691534385,-0.18951486697965692,0.0,0.17892740740752505,-0.2286182699452312
0.203,0.0,-0.15988691691534385,-0.18951486697965692,0.0,0.20721129511531458,-0.25235897323238965
0.204,0.0,-0.15988691691534385,-0.18951486697965692,0.0,0.15493677754634755,-0.182737688632911
0.205,0.0,-0.15988691691534385,-0.18951486697965692,0.0,0.04177858360142659,-0.04264373551390825
0.206,0.0,-0.15988691691534385,-0.18951486697965692,0.0,-0.08844735434611657,0.11779653357454731
0.207,0.0,-0.15988691691534385,0.8104851330203431,0.0,-0.18455908855175188,0.23893383563889542
0.208,0.0,-0.15988691691534385,0.8104851330203431,0.0,-0.20809281077174294,0.2737121167598716
0.209,0.0,-0.15988691691534385,-0.18951486697965692,0.0,-0.1488207064914517,0.20601714081323869
0.21,0.0,-0.15988691691534385,-0.18951486697965692,0.0,-0.029389993372507927,0.05807232223605838
0.211,0.0,-0.15988691691534385,-0.18951486697965692,0.0,0.10307662978309563,-0.11649169880942467
0.212,0.0,0.8401130830846562,-0.18951486697965692,0.0,0.19540662636909298,-0.25192270140955114
0.213,0.0,0.8401130830846562,-0.18951486697965692,0.0,0.20967968445361826,-0.2951286619203379
0.214,0.0,0.8401130830846562,-0.18951486697965692,0.0,0.13887496210306025,-0.22661100075831786
0.215,0.0,-0.15988691691534385,-0.18951486697965692,0.0,0.0103713201649901,-0.0692440931722661
0.216,0.0,-0.15988691691534385,-0.18951486697965692,0.0,-0.12444201375745159,0.11904727644756012
0.217,0.0,-0.15988691691534385,-0.18951486697965692,0.0,-0.21057627330099088,0.26652896724627323
0.218,0.0,-0.15988691691534385,0.8104851330203431,0.0,-0.21180685991332157,0.3150672416128021
0.219,0.0,-0.15988691691534385,-0.18951486697965692,0.0,-0.12590086730509917,0.24319973521698035
0.22,0.0,-0.15988691691534385,-0.18951486697965692,0.0,0.01370251828522178,0.0756451846022859
0.221,0.0,-0.15988691691534385,-0.18951486697965692,0.0,0.15078397200493762,-0.12497042515762372
0.222,0.0,-0.15988691691534385,-0.18951486697965692,0.0,0.22887985408206213,-0.2815148472509959
0.223,0.0,-0.15988691691534385,-0.18951486697965692,0.0,0.2144491500950624,-0.33213788167143193
0.224,0.0,-0.15988691691534385,-0.18951486697965692,0.0,0.11117766713148931,-0.25488562675487686
0.225,0.0,-0.15988691691534385,-0.18951486697965692,0.0,-0.04066106570199252,-0.0772697557221479
0.226,0.0,-0.15988691691534385,-0.18951486697965692,0.0,-0.17987177597980641,0.13339812946071328
0.227,0.0,-0.15988691691534385,-0.18951486697965692,0.0,-0.2489436850721622,0.29557392058082793
0.228,0.0,-0.15988691691534385,0.8104851330203431,0.0,-0.21770509602955823,0.34521318155709857
0.229,0.0,-0.15988691691534385,0.8104851330203431,0.0,-0.09631216385581658,0.2612467680575228
0.23,0.0,-0.15988691691534385,-0.18951486697965692,0.0,0.06797242363134187,0.0745882374090276
0.231,0.0,0.8401130830846562,-0.18951486697965692,0.0,0.20922882380417973,-0.1432026123724619
0.232,0.0,0.8401130830846562,-0.18951486697965692,0.0,0.26932871644968187,-0.307462462759974
0.233,0.0,-0.15988691691534385,-0.18951486697965692,0.0,0.22175394024217768,-0.35352404313167907
0.234,0.0,-0.15988691691534385,-0.18951486697965692,0.0,0.08304050669122909,-0.2623505820618738
0.235,0.0,-0.15988691691534385,-0.18951486697965692,0.0,-0.09302286028883464,-0.06846912598870228
0.236,0.0,-0.15988691691534385,-0.18951486697965692,0.0,-0.23638291918698687,0.15312845182217477
0.237,0.0,-0.15988691691534385,0.8104851330203431,0.0,-0.2886495187779974,0.3161346405291987
0.238,0.0,-0.15988691691534385,0.8104851330203431,0.0,-0.2267931348162609,0.3567315753292291
0.239,0.0,-0.15988691691534385,-0.18951486697965692,0.0,-0.0730074521998494,0.2587286325014974
0.24,0.0,-0.15988691691534385,-0.18951486697965692,0.0,0.11340837977663763,0.060066262980891606
0.241,0.0,-0.15988691691534385,-0.18951486697965692,0.0,0.25911326651044253,-0.16194375172740172
0.242,0.0,0.8401130830846562,-0.18951486697965692,0.0,0.3056809195290166,-0.32086541724137074
0.243,0.0,-0.15988691691534385,-0.18951486697965692,0.0,0.23296712156332636,-0.3549673962936192
0.244,0.0,-0.15988691691534385,-0.18951486697965692,0.0,0.06755163055595961,-0.25131686087640914
0.245,0.0,-0.15988691691534385,-0.18951486697965692,0.0,-0.12720338801957098,-0.05068623331950715
0.246,0.0,-0.15988691691534385,-0.18951486697965692,0.0,-0.27566698164839754,0.16858609789779969
0.247,0.0,-0.15988691691534385,0.8104851330203431,0.0,-0.3194434180932381,0.3213451094125145
0.248,0.0,-0.15988691691534385,0.8104851330203431,0.0,-0.24029982613253523,0.34883599261654574
0.249,0.0,-0.15988691691534385,-0.18951486697965692,0.0,-0.06752485572451138,0.2413670473095448
0.25,0.0,-0.15988691691534385,-0.18951486697965692,0.0,0.13317457040285532,0.04165117072090068
0.251,0.0,0.8401130830846562,-0.18951486697965692,0.0,0.2849220684700655,-0.17228502045708627
0.252,0.0,0.8401130830846562,-0.18951486697965692,0.0,0.3292615229678025,-0.31773184068903376
0.253,0.0,0.8401130830846562,-0.18951486697965692,0.0,0.24864308196690854,-0.3393752248277139
0.254,0.0,-0.15988691691534385,-0.18951486697965692,0.0,0.07316934908363806,-0.23033638188127104
0.255,0.0,-0.15988691691534385,-0.18951486697965692,0.0,-0.13091492842378002,-0.034171038146624255
0.256,0.0,-0.15988691691534385,-0.18951486697965692,0.0,-0.28648044460488875,0.17264611424548523
0.257,0.0,-0.15988691691534385,0.8104851330203431,0.0,-0.3347923866763301,0.3106525250479
0.258,0.0,-0.15988691691534385,0.8104851330203431,0.0,-0.2576510205261615,0.3279744883782893
0.259,0.0,-0.15988691691534385,-0.18951486697965692,0.0,-0.08406943259471543,0.21976275278431337
0.26,0.0,-0.15988691691534385,-0.18951486697965692,0.0,0.12088271178552304,0.029236762724239442
0.261,0.0,-0.15988691691534385,-0.18951486697965692,0.0,0.2806828421731593,-0.1696873173343637
0.262,0.0,0.8401130830846562,-0.18951486697965692,0.0,0.3360251392506813,-0.3011490227091413
0.263,0.0,-0.15988691691534385,-0.18951486697965692,0.0,0.26678661737975917,-0.31625425501051035
0.264,0.0,-0.15988691691534385,-0.18951486697965692,0.0,0.09918473245471776,-0.2111338984671493
0.265,0.0,-0.15988691691534385,-0.18951486697965692,0.0,-0.10434149142422275,-0.02754201597546924
0.266,0.0,-0.15988691691534385,-0.18951486697965692,0.0,-0.26854625624562783,0.1638243311041349
0.267,0.0,-0.15988691691534385,-0.18951486697965692,0.0,-0.33325382864509473,0.29057301805173125
0.268,0.0,-0.15988691691534385,0.8104851330203431,0.0,-0.27536163036434486,0.3059153300890247
0.269,0.0,-0.15988691691534385,-0.18951486697965692,0.0,-0.11696145579957291,0.20575904207693974
0.27,0.0,-0.15988691691534385,-0.18951486697965692,0.0,0.08320942823681188,0.029437558669582163
0.271,0.0,0.8401130830846562,-0.18951486697965692,0.0,0.25163305592667695,-0.15580885361446986
0.272,0.0,0.8401130830846562,-0.18951486697965692,0.0,0.3270286971053463,-0.28044004971373815
0.273,0.0,0.8401130830846562,-0.18951486697965692,0.0,0.28260585974151964,-0.298570592021267
0.274,0.0,-0.15988691691534385,-0.18951486697965692,0.0,0.135508233568541,-0.20465201272171993
0.275,0.0,-0.15988691691534385,-0.18951486697965692,0.0,-0.05983647316478181,-0.034918473466721764
0.276,0.0,-0.15988691691534385,-0.18951486697965692,0.0,-0.23186800463909385,0.1466292557127981
0.277,0.0,-0.15988691691534385,0.8104851330203431,0.0,-0.3180916269244632,0.2722590000807803
0.278,0.0,-0.15988691691534385,0.8104851330203431,0.0,-0.28775683196731894,0.2955755532298112
0.279,0.0,-0.15988691691534385,-0.18951486697965692,0.0,-0.1528146863093041,0.20843501249820132
0.28,0.0,-0.15988691691534385,-0.18951486697965692,0.0,0.03673651973115287,0.043641701481480576
0.281,0.0,-0.15988691691534385,-0.18951486697965692,0.0,0.2113245443308409,-0.13738775316563642
0.282,0.0,-0.15988691691534385,-0.18951486697965692,0.0,0.3073020580544013,-0.26735733098463216
0.283,0.0,-0.15988691691534385,-0.18951486697965692,0.0,0.2901574340100421,-0.2978761246570931
0.284,0.0,-0.15988691691534385,-0.18951486697965692,0.0,0.16698536596112704,-0.2172718642930742
0.285,0.0,-0.15988691691534385,-0.18951486697965692,0.0,-0.016306462000082487,-0.054969299344793186
0.286,0.0,-0.15988691691534385,-0.18951486697965692,0.0,-0.1920043217181327,0.12917046208660687
0.287,0.0,-0.15988691691534385,-0.18951486697965692,0.0,-0.295559657793808,0.26672376752433996
0.288,0.0,-0.15988691691534385,0.8104851330203431,0.0,-0.2893472981955001,0.3058919288226876
0.289,0.0,-0.15988691691534385,0.8104851330203431,0.0,-0.1764597819260899,0.23083849164995673
0.29,0.0,-0.15988691691534385,-0.18951486697965692,0.0,0.0005651481562023851,0.06803175566133081
0.291,0.0,-0.15988691691534385,-0.18951486697965692,0.0,0.17563389295240475,-0.12292673528609926
0.292,0.0,0.8401130830846562,-0.18951486697965692,0.0,0.2837296647621674,-0.2708886555963134
0.293,0.0,0.8401130830846562,-0.18951486697965692,0.0,0.2851341709487015,-0.31945108230365793
0.294,0.0,0.8401130830846562,-0.18951486697965692,0.0,0.18019108832577688,-0.24833630663567643
0.295,0.0,-0.15988691691534385,-0.18951486697965692,0.0,0.009057704176447965,-0.08180539231643491
0.296,0.0,-0.15988691691534385,-0.18951486697965692,0.0,-0.1634999366659305,0.1193719760150719
0.297,0.0,-0.15988691691534385,0.8104851330203431,0.0,-0.2725762586250639,0.2798579312201201
0.298,0.0,-0.15988691691534385,0.8104851330203431,0.0,-0.2776340679461157,0.33778757838807016
0.299,0.0,-0.15988691691534385,-0.18951486697965692,0.0,-0.1777614376334907,0.26855101755545496
0.3,0.0,-0.15988691691534385,-0.18951486697965692,0.0,-0.01185904142598674,0.09519806047054993
0.301,0.0,-0.15988691691534385,-0.18951486697965692,0.0,0.15633949013698786,-0.11892414113291445
0.302,0.0,0.8401130830846562,-0.18951486697965692,0.0,0.26270858771328087,-0.2931100353853864
0.303,0.0,-0.15988691691534385,-0.18951486697965692,0.0,0.26727335958087256,-0.3596056352916753
0.304,0.0,-0.15988691691534385,-0.18951486697965692,0.0,0.16942026544794134,-0.2899552194301669
0.305,0.0,-0.15988691691534385,-0.18951486697965692,0.0,0.007912066887312868,-0.10713772774549764
0.306,0.0,-0.15988691691534385,-0.18951486697965692,0.0,-0.15429526517357722,0.12167904494068245
0.307,0.0,-0.15988691691534385,-0.18951486697965692,0.0,-0.25454322025624854,0.30965703841092657
0.308,0.0,-0.15988691691534385,0.8104851330203431,0.0,-0.25475139536045377,0.38320737587486764
0.309,0.0,-0.15988691691534385,-0.18951486697965692,0.0,-0.1560417568120881,0.31084833117053257
0.31,0.0,-0.15988691691534385,-0.18951486697965692,0.0,0.001975719585527466,0.11665889592653896
0.311,0.0,0.8401130830846562,-0.18951486697965692,0.0,0.1569387143712058,-0.1274241521425594
0.312,0.0,0.8401130830846562,-0.18951486697965692,0.0,0.2482857282612546,-0.32816279699168877
0.313,0.0,0.8401130830846562,-0.18951486697965692,0.0,0.24096803017298585,-0.4066719816701926
0.314,0.0,-0.15988691691534385,-0.18951486697965692,0.0,0.1390081239931443,-0.3295225432343119
0.315,0.0,-0.15988691691534385,-0.18951486697965692,0.0,-0.016388616192545596,-0.12298195160836226
0.316,0.0,-0.15988691691534385,-0.18951486697965692,0.0,-0.16335599843510912,0.13568559875776637
0.317,0.0,-0.15988691691534385,0.8104851330203431,0.0,-0.24393281224623917,0.34710333638004326
0.318,0.0,-0.15988691691534385,0.8104851330203431,0.0,-0.22692557226786095,0.4280671623927469
0.319,0.0,-0.15988691691534385,0.8104851330203431,0.0,-0.12003472102262934,0.3444391357567902
0.32,0.0,-0.15988691691534385,-0.18951486697965692,0.0,0.03349558291176743,0.12558054064014906
0.321,0.0,-0.15988691691534385,-0.18951486697965692,0.0,0.1722851480372353,-0.1457993778555528
0.322,0.0,-0.15988691691534385,-0.18951486697965692,0.0,0.2412948056418009,-0.364948923286258
0.323,0.0,-0.15988691691534385,-0.18951486697965692,0.0,0.2136184331036885,-0.44566851278840325
0.324,0.0,-0.15988691691534385,-0.18951486697965692,0.0,0.10096019511821896,-0.35439656007671616
0.325,0.0,-0.15988691691534385,-0.18951486697965692,0.0,-0.051284841295670784,-0.12423201138046622
0.326,0.0,-0.15988691691534385,-0.18951486697965692,0.0,-0.18228724318368325,0.15699542982335515
0.327,0.0,-0.15988691691534385,0.8104851330203431,0.0,-0.2400365998651446,0.38034431279793635
0.328,0.0,-0.15988691691534385,0.8104851330203431,0.0,-0.20192553908563654,0.45815999079982295
0.329,0.0,-0.15988691691534385,0.8104851330203431,0.0,-0.08352890204887188,0.35867070016574065
0.33,0.0,-0.15988691691534385,-0.18951486697965692,0.0,0.06781069236176382,0.11904612732637046
0.331,0.0,-0.15988691691534385,-0.18951486697965692,0.0,0.19193092984160748,-0.16848296632258586
0.332,0.0,0.8401130830846562,-0.18951486697965692,0.0,0.23973312964714397,-0.3922638717283655
0.333,0.0,0.8401130830846562,-0.18951486697965692,0.0,0.192520089300334,-0.4647898757251433
0.334,0.0,-0.15988691691534385,-0.18951486697965692,0.0,0.06919319764418051,-0.3571091822180025
0.335,0.0,-0.15988691691534385,-0.18951486697965692,0.0,-0.0814222389755664,-0.11046787174478341
0.336,0.0,-0.15988691691534385,-0.18951486697965692,0.0,-0.19996843483773294,0.17952662866492994
0.337,0.0,-0.15988691691534385,0.8104851330203431,0.0,-0.23993376096354865,0.40012169960651406
0.338,0.0,-0.15988691691534385,0.8104851330203431,0.0,-0.18580858835848243,0.46546120777728384
0.339,0.0,-0.15988691691534385,-0.18951486697965692,0.0,-0.05895996425826692,0.3501655957046604
0.34,0.0,-0.15988691691534385,-0.18951486697965692,0.0,0.09094664110494471,0.09925147280994479
0.341,0.0,-0.15988691691534385,-0.18951486697965692,0.0,0.2054825564636994,-0.1895056798476793
0.342,0.0,-0.15988691691534385,-0.18951486697965692,0.0,0.24022849648330255,-0.4038230210968953
0.343,0.0,-0.15988691691534385,-0.18951486697965692,0.0,0.18190666515776055,-0.4607434127287417
0.344,0.0,-0.15988691691534385,-0.18951486697965692,0.0,0.05329933412028581,-0.3388657603101704
0.345,0.0,-0.15988691691534385,-0.18951486697965692,0.0,-0.09580579810361686,-0.08640486513532647
0.346,0.0,-0.15988691691534385,-0.18951486697965692,0.0,-0.20798776292040783,0.19795182318426605
0.347,0.0,-0.15988691691534385,0.8104851330203431,0.0,-0.24030813417377495,0.4037511450034026
0.348,0.0,-0.15988691691534385,0.8104851330203431,0.0,-0.18065369458469066,0.4518016457925775
0.349,0.0,-0.15988691691534385,0.8104851330203431,0.0,-0.05212494451809036,0.3247060716052377
0.35,0.0,-0.15988691691534385,-0.18951486697965692,0.0,0.09605411904800426,0.07310660037436668
0.351,0.0,0.8401130830846562,-0.18951486697965692,0.0,0.2074741248820864,-0.20456481986590383
0.352,0.0,0.8401130830846562,-0.18951486697965692,0.0,0.24001061829376852,-0.40069303772809045
0.353,0.0,-0.15988691691534385,-0.18951486697965692,0.0,0.1816625197724775,-0.44025106100171996
0.354,0.0,-0.15988691691534385,-0.18951486697965692,0.0,0.0548454037711903,-0.30949252034325125
0.355,0.0,-0.15988691691534385,-0.18951486697965692,0.0,-0.0923351827183365,-0.06060046740903194
0.356,0.0,-0.15988691691534385,-0.18951486697965692,0.0,-0.20438971574979364,0.2092082613262306
0.357,0.0,-0.15988691691534385,0.8104851330203431,0.0,-0.23934694312168991,0.39571480195908754
0.358,0.0,-0.15988691691534385,0.8104851330203431,0.0,-0.1843955048129754,0.42795326290061236
0.359,0.0,-0.15988691691534385,-0.18951486697965692,0.0,-0.06047728186766601,0.2951370525495637
0.36,0.0,-0.15988691691534385,-0.18951486697965692,0.0,0.08576531365816442,0.050076360024988865
0.361,0.0,-0.15988691691534385,-0.18951486697965692,0.0,0.1995645421402073,-0.21189018075212876
0.362,0.0,0.8401130830846562,-0.18951486697965692,0.0,0.2385020989742818,-0.39000492423605465
0.363,0.0,-0.15988691691534385,-0.18951486697965692,0.0,0.18825449893992616,-0.41678019950340567
0.364,0.0,-0.15988691691534385,-0.18951486697965692,0.0,0.06780212113617365,-0.28343434381302846
0.365,0.0,-0.15988691691534385,-0.18951486697965692,0.0,-0.07776112173561243,-0.04254871271929695
0.366,0.0,-0.15988691691534385,-0.18951486697965692,0.0,-0.19408614682112593,0.21273439235531197
0.367,0.0,-0.15988691691534385,0.8104851330203431,0.0,-0.23780951251971275,0.3847071504241298
0.368,0.0,-0.15988691691534385,0.8104851330203431,0.0,-0.19267060179657047,0.4083755333223028
0.369,0.0,-0.15988691691534385,0.8104851330203431,0.0,-0.07554471049529805,0.27584578431712076
0.37,0.0,-0.15988691691534385,-0.18951486697965692,0.0,0.06983474627931811,0.038745575067923754
0.371,0.0,0.8401130830846562,-0.18951486697965692,0.0,0.18914290657202557,-0.2119484786973
0.372,0.0,0.8401130830846562,-0.18951486697965692,0.0,0.2377008966457464,-0.380765743490828
0.373,0.0,0.8401130830846562,-0.18951486697965692,0.0,0.19718011489244738,-0.40394433809890645
0.374,0.0,-0.15988691691534385,-0.18951486697965692,0.0,0.08254783044181618,-0.2733178213030416
0.375,0.0,-0.15988691691534385,-0.18951486697965692,0.0,-0.06338409571288853,-0.03902166036545395
0.376,0.0,-0.15988691691534385,-0.18951486697965692,0.0,-0.18585500296190535,0.20979336799480597
0.377,0.0,-0.15988691691534385,0.8104851330203431,0.0,-0.23863693717722753,0.3788036079699403
0.378,0.0,-0.15988691691534385,0.8104851330203431,0.0,-0.20147563599875126,0.4040986232760008
0.379,0.0,-0.15988691691534385,-0.18951486697965692,0.0,-0.08792005070004126,0.27615854539609214
0.38,0.0,-0.15988691691534385,-0.18951486697965692,0.0,0.05950537308649825,0.04330721516095332
0.381,0.0,-0.15988691691534385,-0.18951486697965692,0.0,0.18511456811863233,-0.20655778190896704
0.382,0.0,-0.15988691691534385,-0.18951486697965692,0.0,0.24102729620692417,-0.37904872361167097
0.383,0.0,-0.15988691691534385,-0.18951486697965692,0.0,0.20542547279951096,-0.40877908824597015
0.384,0.0,-0.15988691691534385,-0.18951486697965692,0.0,0.09113767363487241,-0.28398981146386293
0.385,0.0,-0.15988691691534385,-0.18951486697965692,0.0,-0.05885168004538806,-0.051101295007944254
0.386,0.0,-0.15988691691534385,-0.18951486697965692,0.0,-0.1874553830798891,0.20253890814020395
0.387,0.0,-0.15988691691534385,0.8104851330203431,0.0,-0.24515051876478355,0.38131730120725893
0.388,0.0,-0.15988691691534385,0.8104851330203431,0.0,-0.2090597454102993,0.4172635963235417
0.389,0.0,-0.15988691691534385,-0.18951486697965692,0.0,-0.09208886718571146,0.29578302299637727
0.39,0.0,-0.15988691691534385,-0.18951486697965692,0.0,0.06155499915647871,0.061513263635628916
0.391,0.0,-0.15988691691534385,-0.18951486697965692,0.0,0.19296884240190434,-0.19802888553099326
0.392,0.0,0.8401130830846562,-0.18951486697965692,0.0,0.2510852083417149,-0.38505410544254115
0.393,0.0,0.8401130830846562,-0.18951486697965692,0.0,0.21252690222712767,-0.4282614835754759
0.394,0.0,-0.15988691691534385,-0.18951486697965692,0.0,0.09105640756994418,-0.3099761504745636
0.395,0.0,-0.15988691691534385,-0.18951486697965692,0.0,-0.06722025052507487,-0.07335059036951166
0.396,0.0,-0.15988691691534385,-0.18951486697965692,0.0,-0.20127712631717787,0.19330543128564487
0.397,0.0,-0.15988691691534385,0.8104851330203431,0.0,-0.2586630769394495,0.3894226336892087
0.398,0.0,-0.15988691691534385,0.8104851330203431,0.0,-0.21602906656362286,0.4400815413476265
0.399,0.0,-0.15988691691534385,-0.18951486697965692,0.0,-0.08864407080886816,0.3246590075471673
0.4,0.0,-0.15988691691534385,-0.18951486697965692,0.0,0.07499054918494494,0.08524504011813244
0.401,0.0,-0.15988691691534385,-0.18951486697965692,0.0,0.21156734647855324,-0.18862440130539668
0.402,0.0,-0.15988691691534385,-0.18951486697965692,0.0,0.2674521829934651,-0.3934313749905254
0.403,0.0,-0.15988691691534385,-0.18951486697965692,0.0,0.21974795339728245,-0.4508518797510335
0.404,0.0,-0.15988691691534385,-0.18951486697965692,0.0,0.08565938644650609,-0.3378047216188261
0.405,0.0,-0.15988691691534385,-0.18951486697965692,0.0,-0.08367351115897946,-0.09580396879487546
0.406,0.0,-0.15988691691534385,-0.18951486697965692,0.0,-0.22268274809319108,0.18421229541900946
0.407,0.0,-0.15988691691534385,0.8104851330203431,0.0,-0.27677507986833527,0.39607805086972314
0.408,0.0,-0.15988691691534385,0.8104851330203431,0.0,-0.22377455597193205,0.4587631999314519
0.409,0.0,-0.15988691691534385,0.8104851330203431,0.0,-0.08297116935830627,0.34751898289314237
0.41,0.0,-0.15988691691534385,-0.18951486697965692,0.0,0.09191066952286789,0.10376946689919037
0.411,0.0,0.8401130830846562,-0.18951486697965692,0.0,0.2332598310233641,-0.1802575700001018
0.412,0.0,0.8401130830846562,-0.18951486697965692,0.0,0.28576214611552103,-0.3964920654137048
0.413,0.0,0.8401130830846562,-0.18951486697965692,0.0,0.22805519866437532,-0.46230415810958775
0.414,0.0,-0.15988691691534385,-0.18951486697965692,0.0,0.08136324497705616,-0.35227595213426105
0.415,0.0,-0.15988691691534385,-0.18951486697965692,0.0,-0.09836675639495551,-0.10816619308427881
0.416,0.0,-0.15988691691534385,-0.18951486697965692,0.0,-0.241894416129359,0.17690083715996616
0.417,0.0,-0.15988691691534385,0.8104851330203431,0.0,-0.29343563937708084,0.39405646987856163
0.418,0.0,-0.15988691691534385,0.8104851330203431,0.0,-0.23236399502032412,0.46045883085269346
0.419,0.0,-0.15988691691534385,0.8104851330203431,0.0,-0.0814057364573243,0.351111068367196
0.42,0.0,-0.15988691691534385,-0.18951486697965692,0.0,0.10191343242010507,0.10841930027119216
0.421,0.0,0.8401130830846562,-0.18951486697965692,0.0,0.24731597973686673,-0.17422527442484245
0.422,0.0,-0.15988691691534385,-0.18951486697965692,0.0,0.2988156553366745,-0.3884942828520812
0.423,0.0,-0.15988691691534385,-0.18951486697965692,0.0,0.23630763666242877,-0.4528415416328149
0.424,0.0,-0.15988691691534385,-0.18951486697965692,0.0,0.08336227077452135,-0.3437462771909578
0.425,0.0,-0.15988691691534385,-0.18951486697965692,0.0,-0.10178323191751605,-0.10442693185366225
0.426,0.0,-0.15988691691534385,-0.18951486697965692,0.0,-0.2485484852716151,0.17224950329358835
0.427,0.0,-0.15988691691534385,0.8104851330203431,0.0,-0.30103579799661506,0.37990937489330673
0.428,0.0,-0.15988691691534385,0.8104851330203431,0.0,-0.23936339229224712,0.4397527007377894
0.429,0.0,-0.15988691691534385,0.8104851330203431,0.0,-0.0871459682410686,0.3306317086501829
0.43,0.0,-0.15988691691534385,-0.18951486697965692,0.0,0.09767382537564016,0.09657704382902328
0.431,0.0,0.8401130830846562,-0.18951486697965692,0.0,0.24503759659052105,-0.17092555320005218
0.432,0.0,0.8401130830846562,-0.18951486697965692,0.0,0.2994544736482772,-0.3687784809922371
0.433,0.0,0.8401130830846562,-0.18951486697965692,0.0,0.2409459670584217,-0.4221496510413558
0.434,0.0,-0.15988691691534385,-0.18951486697965692,0.0,0.09232991594126537,-0.3128984359410982
0.435,0.0,-0.15988691691534385,-0.18951486697965692,0.0,-0.08978955876342967,-0.08570514771382079
0.436,0.0,-0.15988691691534385,-0.18951486697965692,0.0,-0.23672834601807446,0.17014417218479563
0.437,0.0,-0.15988691691534385,0.8104851330203431,0.0,-0.29374760988925575,0.3558973185354384
0.438,0.0,-0.15988691691534385,0.8104851330203431,0.0,-0.24049422926521885,0.40153737849396853
0.439,0.0,-0.15988691691534385,-0.18951486697965692,0.0,-0.0982100072017772,0.29222822524000774
0.44,0.0,-0.15988691691534385,-0.18951486697965692,0.0,0.07881566902043997,0.07299707870650363
0.441,0.0,-0.15988691691534385,-0.18951486697965692,0.0,0.22408350813425995,-0.16974869972361295
0.442,0.0,-0.15988691691534385,-0.18951486697965692,0.0,0.2839703352576389,-0.34228939643137246
0.443,0.0,-0.15988691691534385,-0.18951486697965692,0.0,0.23756542921199075,-0.37979389353538445
0.444,0.0,-0.15988691691534385,-0.18951486697965692,0.0,0.10391063834559121,-0.27065664408470647
0.445,0.0,-0.15988691691534385,-0.18951486697965692,0.0,-0.06582946532034106,-0.059848060106132576
0.446,0.0,-0.15988691691534385,-0.18951486697965692,0.0,-0.20804030063172674,0.16955716130108076
0.447,0.0,-0.15988691691534385,-0.18951486697965692,0.0,-0.2705785471272317,0.3290902182316703
0.448,0.0,-0.15988691691534385,0.8104851330203431,0.0,-0.2319229034025742,0.3589528520511253
0.449,0.0,-0.15988691691534385,-0.18951486697965692,0.0,-0.10851779028890093,0.25033416112448303
0.45,0.0,-0.15988691691534385,-0.18951486697965692,0.0,0.052160937499451505,0.0476951668792987
0.451,0.0,0.8401130830846562,-0.18951486697965692,0.0,0.1899106518668005,-0.16939048320267072
0.452,0.0,0.8401130830846562,-0.18951486697965692,0.0,0.2544059338236873,-0.31742178979540897
0.453,0.0,0.8401130830846562,-0.18951486697965692,0.0,0.22360361572686654,-0.34097064125965965
0.454,0.0,0.8401130830846562,-0.18951486697965692,0.0,0.11122027172739973,-0.23327488962005602
0.455,0.0,-0.15988691691534385,-0.18951486697965692,0.0,-0.0392216549786465,-0.03784396370689861
0.456,0.0,-0.15988691691534385,-0.18951486697965692,0.0,-0.17123717563354796,0.16910312905561292
0.457,0.0,-0.15988691691534385,0.8104851330203431,0.0,-0.23659732240973536,0.3082725230514275
0.458,0.0,-0.15988691691534385,0.8104851330203431,0.0,-0.2129541967981501,0.3275062396412263
0.459,0.0,-0.15988691691534385,-0.18951486697965692,0.0,-0.11143883508974112,0.22112380034020118
0.46,0.0,-0.15988691691534385,-0.18951486697965692,0.0,0.028324652923565927,0.03131106981149212
0.461,0.0,-0.15988691691534385,-0.18951486697965692,0.0,0.15362231712210603,-0.16861138727132288
0.462,0.0,-0.15988691691534385,-0.18951486697965692,0.0,0.2185045287638919,-0.30239595198951963
0.463,0.0,-0.15988691691534385,-0.18951486697965692,0.0,0.2006280976158817,-0.3197396945015556
0.464,0.0,-0.15988691691534385,-0.18951486697965692,0.0,0.10892460015090166,-0.21497047956025372
0.465,0.0,-0.15988691691534385,-0.18951486697965692,0.0,-0.020518820248609723,-0.028702517545531096
0.466,0.0,-0.15988691691534385,-0.18951486697965692,0.0,-0.138551235404739,0.16791426823097413
0.467,0.0,-0.15988691691534385,0.8104851330203431,0.0,-0.20155552488470804,0.30023854623156354
0.468,0.0,-0.15988691691534385,0.8104851330203431,0.0,-0.18754154737497622,0.3182495276307964
0.469,0.0,-0.15988691691534385,-0.18951486697965692,0.0,-0.10381246392845403,0.2152312760901065
0.47,0.0,-0.15988691691534385,-0.18951486697965692,0.0,0.01645906105264885,0.03014325330346937
0.471,0.0,-0.15988691691534385,-0.18951486697965692,0.0,0.1272295169979832,-0.16710263669768252
0.472,0.0,0.8401130830846562,-0.18951486697965692,0.0,0.18711113093440554,-0.3019028674764328
0.473,0.0,-0.15988691691534385,-0.18951486697965692,0.0,0.174791523660551,-0.3229616237892553
0.474,0.0,-0.15988691691534385,-0.18951486697965692,0.0,0.09662134062340358,-0.22161285067047146
0.475,0.0,-0.15988691691534385,-0.18951486697965692,0.0,-0.01632854960379846,-0.035266572263390486
0.476,0.0,-0.15988691691534385,-0.18951486697965692,0.0,-0.12045475432842598,0.1663537670157602
0.477,0.0,-0.15988691691534385,0.8104851330203431,0.0,-0.17632516766454348,0.30714795835078335
0.478,0.0,-0.15988691691534385,0.8104851330203431,0.0,-0.16354417591577888,0.33317324993439174
0.479,0.0,-0.15988691691534385,-0.18951486697965692,0.0,-0.0882003195306919,0.23315990263391817
0.48,0.0,-0.15988691691534385,-0.18951486697965692,0.0,0.019822433346879702,0.04326455904059571
0.481,0.0,-0.15988691691534385,-0.18951486697965692,0.0,0.11853668005606274,-0.16591074743538864
0.482,0.0,-0.15988691691534385,-0.18951486697965692,0.0,0.17002385903142153,-0.31542473133410887
0.483,0.0,-0.15988691691534385,-0.18951486697965692,0.0,0.15490639781122334,-0.34764693724915424
0.484,0.0,-0.15988691691534385,-0.18951486697965692,0.0,0.07962718064518245,-0.24837953224132978
0.485,0.0,-0.15988691691534385,-0.18951486697965692,0.0,-0.02619429589974984,-0.05299275920364198
0.486,0.0,-0.15988691691534385,-0.18951486697965692,0.0,-0.12127450745151613,0.16604871256327083
0.487,0.0,-0.15988691691534385,-0.18951486697965692,0.0,-0.16861827530860216,0.325940672469128
0.488,0.0,-0.15988691691534385,0.8104851330203431,0.0,-0.14979595477964272,0.364761094812827
0.489,0.0,-0.15988691691534385,0.8104851330203431,0.0,-0.07207219512677349,0.2654255922680609
0.49,0.0,-0.15988691691534385,-0.18951486697965692,0.0,0.034358625590858394,0.06311537984056789
0.491,0.0,0.8401130830846562,-0.18951486697965692,0.0,0.1279931662711476,-0.16703230429263605
0.492,0.0,0.8401130830846562,-0.18951486697965692,0.0,0.17205999513722753,-0.3377456704945163
0.493,0.0,0.8401130830846562,-0.18951486697965692,0.0,0.14882636897438345,-0.3826982693115214
0.494,0.0,-0.15988691691534385,-0.18951486697965692,0.0,0.06664491356580109,-0.2823195750763073
0.495,0.0,-0.15988691691534385,-0.18951486697965692,0.0,-0.04303547504104355,-0.07227222725885284
0.496,0.0,-0.15988691691534385,-0.18951486697965692,0.0,-0.13763311012927618,0.16907060351667985
0.497,0.0,-0.15988691691534385,0.8104851330203431,0.0,-0.17984536784536845,0.34982934413258066
0.498,0.0,-0.15988691691534385,0.8104851330203431,0.0,-0.15222151467291603,0.3996484851697249
0.499,0.0,-0.15988691691534385,-0.18951486697965692,0.0,-0.06424409307369981,0.2971808261677681
0.5,0.0,-0.15988691691534385,-0.18951486697965692,0.0,0.05091832024153651,0.07924599632526196
0.501,0.0,-0.15988691691534385,-0.18951486697965692,0.0,0.14888215109309705,-0.17227666942975858
0.502,0.0,-0.15988691691534385,-0.18951486697965692,0.0,0.19106833253781022,-0.3612198441898827
0.503,0.0,-0.15988691691534385,-0.18951486697965692,0.0,0.1597717066278069,-0.41400433083092236
0.504,0.0,-0.15988691691534385,-0.18951486697965692,0.0,0.06543072486311373,-0.3084385185938322
0.505,0.0,-0.15988691691534385,-0.18951486697965692,0.0,-0.0568434495590634,-0.08310874558184132
0.506,0.0,-0.15988691691534385,-0.18951486697965692,0.0,-0.16033307171471228,0.17663855343484305
0.507,0.0,-0.15988691691534385,0.8104851330203431,0.0,-0.2045163181619477,0.37107462743247194
0.508,0.0,-0.15988691691534385,0.8104851330203431,0.0,-0.17083833470396964,0.42452631489039155
0.509,0.0,-0.15988691691534385,0.8104851330203431,0.0,-0.07034132870344081,0.3150007828913286
0.51,0.0,-0.15988691691534385,-0.18951486697965692,0.0,0.05993931932193267,0.08332936103067523
0.511,0.0,-0.15988691691534385,-0.18951486697965692,0.0,0.17064808906812395,-0.18200720097566678
0.512,0.0,0.8401130830846562,-0.18951486697965692,0.0,0.21879892068620252,-0.37875495718521934
0.513,0.0,0.8401130830846562,-0.18951486697965692,0.0,0.18440836796756763,-0.4304611383202266
0.514,0.0,-0.15988691691534385,-0.18951486697965692,0.0,0.07865364388485571,-0.3163621886856798
0.515,0.0,-0.15988691691534385,-0.18951486697965692,0.0,-0.05973713149648603,-0.07982910007566894
0.516,0.0,-0.15988691691534385,-0.18951486697965692,0.0,-0.17871085557744343,0.18810420631277686
0.517,0.0,-0.15988691691534385,0.8104851330203431,0.0,-0.23249536595626777,0.3838776924859502
0.518,0.0,-0.15988691691534385,0.8104851330203431,0.0,-0.19919400672768323,0.4316013461768105
0.519,0.0,-0.15988691691534385,-0.18951486697965692,0.0,-0.08961021573865138,0.3126386264954768
0.52,0.0,-0.15988691691534385,-0.18951486697965692,0.0,0.05622901168194579,0.07297918602545515
0.521,0.0,-0.15988691691534385,-0.18951486697965692,0.0,0.18374855587709268,-0.19454931504686612
0.522,0.0,-0.15988691691534385,-0.18951486697965692,0.0,0.2443046248030836,-0.3863401135483106
0.523,0.0,-0.15988691691534385,-0.18951486697965692,0.0,0.21376713635631794,-0.4282816371829304
0.524,0.0,-0.15988691691534385,-0.18951486697965692,0.0,0.10209799903757913,-0.3045275474537299
0.525,0.0,-0.15988691691534385,-0.18951486697965692,0.0,-0.04986690727830166,-0.0635419669477074
0.526,0.0,-0.15988691691534385,-0.18951486697965692,0.0,-0.18541051374977935,0.20090437385365906
0.527,0.0,-0.15988691691534385,0.8104851330203431,0.0,-0.2531816845320022,0.38631595552282766
0.528,0.0,-0.15988691691534385,0.8104851330203431,0.0,-0.22671372770702555,0.4213141793821307
0.529,0.0,-0.15988691691534385,-0.18951486697965692,0.0,-0.11477491277075795,0.29320041228236793
0.53,0.0,-0.15988691691534385,-0.18951486697965692,0.0,0.04150281802665287,0.05256436571337788
0.531,0.0,0.8401130830846562,-0.18951486697965692,0.0,0.18379505713329286,-0.2067276441662222
0.532,0.0,0.8401130830846562,-0.18951486697965692,0.0,0.2584449395275502,-0.3842233655476033
0.533,0.0,0.8401130830846562,-0.18951486697965692,0.0,0.23679050942454213,-0.41187188644235373
0.534,0.0,-0.15988691691534385,-0.18951486697965692,0.0,0.1262281964127691,-0.2801420530325512
0.535,0.0,-0.15988691691534385,-0.18951486697965692,0.0,-0.032278274877838166,-0.04123829984947755
0.536,0.0,-0.15988691691534385,-0.18951486697965692,0.0,-0.17942255075125502,0.21163051226538476
0.537,0.0,-0.15988691691534385,0.8104851330203431,0.0,-0.25984279046985426,0.3806680411973189
0.538,0.0,-0.15988691691534385,0.8104851330203431,0.0,-0.2430654891148643,0.4013341157386483
0.539,0.0,-0.15988691691534385,-0.18951486697965692,0.0,-0.13514520747337216,0.26695759254723844
0.54,0.0,-0.15988691691534385,-0.18951486697965692,0.0,0.02347720466862653,0.030746693647062267
0.541,0.0,-0.15988691691534385,-0.18951486697965692,0.0,0.17315877305758237,-0.21532799012897952
0.542,0.0,-0.15988691691534385,-0.18951486697965692,0.0,0.2575720060416392,-0.3763672104787171
0.543,0.0,-0.15988691691534385,-0.18951486697965692,0.0,0.2450253635605913,-0.3911131437154842
0.544,0.0,-0.15988691691534385,-0.18951486697965692,0.0,0.1404754999771267,-0.2551709702568877
0.545,0.0,-0.15988691691534385,-0.18951486697965692,0.0,-0.01636071650908241,-0.02211517089148818
0.546,0.0,-0.15988691691534385,-0.18951486697965692,0.0,-0.16609847707998712,0.2176751547755641
0.547,0.0,-0.15988691691534385,0.8104851330203431,0.0,-0.2522457282689651,0.37206219440066307
0.548,0.0,-0.15988691691534385,0.8104851330203431,0.0,-0.24263640948540208,0.382481697455828
0.549,0.0,-0.15988691691534385,0.8104851330203431,0.0,-0.14156386830743217,0.2460396592102434
0.55,0.0,-0.15988691691534385,-0.18951486697965692,0.0,0.012004418048586846,0.016088364979576626
0.551,0.0,-0.15988691691534385,-0.18951486697965692,0.0,0.15942341250635853,-0.21868373118420756
0.552,0.0,0.8401130830846562,-0.18951486697965692,0.0,0.24481462097390427,-0.3684288332446225
0.553,0.0,0.8401130830846562,-0.18951486697965692,0.0,0.23635070654970358,-0.3764215887905407
0.554,0.0,-0.15988691691534385,-0.18951486697965692,0.0,0.13823743517953957,-0.24040781889503135
0.555,0.0,-0.15988691691534385,-0.18951486697965692,0.0,-0.011158404392828154,-0.013046214159196363
0.556,0.0,-0.15988691691534385,-0.18951486697965692,0.0,-0.15425183011147206,0.21851607410442783
0.557,0.0,-0.15988691691534385,0.8104851330203431,0.0,-0.23644995834416654,0.3659958174910869
0.558,0.0,-0.15988691691534385,0.8104851330203431,0.0,-0.2270559167389687,0.3735111104408942
0.559,0.0,-0.15988691691534385,-0.18951486697965692,0.0,-0.1308353929144372,0.2386152138117331
0.56,0.0,-0.15988691691534385,-0.18951486697965692,0.0,0.014147156885574426,0.012970128687832953
0.561,0.0,-0.15988691691534385,-0.18951486697965692,0.0,0.15149726677656877,-0.21745736083943257
0.562,0.0,-0.15988691691534385,-0.18951486697965692,0.0,0.22840183769219177,-0.36508072377012213
0.563,0.0,0.8401130830846562,-0.18951486697965692,0.0,0.2159735810133175,-0.37386450794229326
0.564,0.0,-0.15988691691534385,-0.18951486697965692,0.0,0.12017699331376996,-0.2404723160217135
0.565,0.0,-0.15988691691534385,-0.18951486697965692,0.0,-0.020821630234153964,-0.015462262914300771
0.566,0.0,-0.15988691691534385,-0.18951486697965692,0.0,-0.15175316596514282,0.21587028827283278
0.567,0.0,-0.15988691691534385,0.8104851330203431,0.0,-0.22184867200335764,0.3657521666074854
0.568,0.0,-0.15988691691534385,0.8104851330203431,0.0,-0.20451718192538987,0.3771309235635421
0.569,0.0,-0.15988691691534385,-0.18951486697965692,0.0,-0.10747096020611921,0.24530389188395824
0.57,0.0,-0.15988691691534385,-0.18951486697965692,0.0,0.030569418234491486,0.019814172203635624
0.571,0.0,0.8401130830846562,-0.18951486697965692,0.0,0.1552167890209193,-0.21413939260197995
0.572,0.0,0.8401130830846562,-0.18951486697965692,0.0,0.21775530997584439,-0.36782391521657026
0.573,0.0,0.8401130830846562,-0.18951486697965692,0.0,0.19412627947044178,-0.38255328349408657
0.574,0.0,-0.15988691691534385,-0.18951486697965692,0.0,0.09417673123599828,-0.25205497390583365
0.575,0.0,-0.15988691691534385,-0.18951486697965692,0.0,-0.042381852208119485,-0.02511477737261551
0.576,0.0,-0.15988691691534385,-0.18951486697965692,0.0,-0.16166127814962902,0.2126137995875041
0.577,0.0,-0.15988691691534385,0.8104851330203431,0.0,-0.21675636621436045,0.3708832364143216
0.578,0.0,-0.15988691691534385,0.8104851330203431,0.0,-0.18609620643065466,0.3890803767097318
0.579,0.0,-0.15988691691534385,-0.18951486697965692,0.0,-0.08183392349384803,0.25944540444018827
0.58,0.0,-0.15988691691534385,-0.18951486697965692,0.0,0.05497004666809873,0.030382601991120955
0.581,0.0,-0.15988691691534385,-0.18951486697965692,0.0,0.17045915983706245,-0.2115574705160016
0.582,0.0,-0.15988691691534385,-0.18951486697965692,0.0,0.2190786582102738,-0.374351441330777
0.583,0.0,-0.15988691691534385,-0.18951486697965692,0.0,0.1814236738019369,-0.39551865415532395
0.584,0.0,-0.15988691691534385,-0.18951486697965692,0.0,0.07188041545747147,-0.266153017447059
0.585,0.0,-0.15988691691534385,-0.18951486697965692,0.0,-0.06691607120805249,-0.03470430500285275
0.586,0.0,-0.15988691691534385,-0.18951486697965692,0.0,-0.18065464651750657,0.21111477509438173
0.587,0.0,-0.15988691691534385,0.8104851330203431,0.0,-0.22451229565308603,0.37757013656130056
0.588,0.0,-0.15988691691534385,0.8104851330203431,0.0,-0.1806870278361988,0.4007048771294642
0.589,0.0,-0.15988691691534385,-0.18951486697965692,0.0,-0.06548094545427638,0.2710017503479704
0.59,0.0,-0.15988691691534385,-0.18951486697965692,0.0,0.07684127346893624,0.03736095416658162
0.591,0.0,-0.15988691691534385,-0.18951486697965692,0.0,0.191076460256886,-0.211296687715147
0.592,0.0,0.8401130830846562,-0.18951486697965692,0.0,0.2324344085886019,-0.37990262862751806
0.593,0.0,-0.15988691691534385,-0.18951486697965692,0.0,0.18397596395127694,-0.40367740338446934
0.594,0.0,-0.15988691691534385,-0.18951486697965692,0.0,0.06338695297849173,-0.2731300583702648
0.595,0.0,-0.15988691691534385,-0.18951486697965692,0.0,-0.08357177604064121,-0.037925323497522694
0.596,0.0,-0.15988691691534385,-0.18951486697965692,0.0,-0.20047818954867308,0.21198947932081288
0.597,0.0,-0.15988691691534385,0.8104851330203431,0.0,-0.24188334906581346,0.3808369545042054
0.598,0.0,-0.15988691691534385,0.8104851330203431,0.0,-0.19087968075739584,0.40382317834744347
0.599,0.0,-0.15988691691534385,-0.18951486697965692,0.0,-0.06584467507876968,0.27211713319768427
0.6,0.0,-0.15988691691534385,-0.18951486697965692,0.0,0.08628153332748463,0.03631749344173875
0.601,0.0,-0.15988691691534385,-0.18951486697965692,0.0,0.2076899265996926,-0.21298402856687787
0.602,0.0,-0.15988691691534385,-0.18951486697965692,0.0,0.2516751644292923,-0.38007568615820647
0.603,0.0,-0.15988691691534385,-0.18951486697965692,0.0,0.20053543863879325,-0.40097968118753163
0.604,0.0,-0.15988691691534385,-0.18951486697965692,0.0,0.0725627125130282,-0.26804944624857663
0.605,0.0,-0.15988691691534385,-0.18951486697965692,0.0,-0.08459599729635305,-0.032811658189174454
0.606,0.0,-0.15988691691534385,-0.18951486697965692,0.0,-0.2117634913410721,0.21402042813950992
0.607,0.0,-0.15988691691534385,0.8104851330203431,0.0,-0.2605489403198225,0.3775983749091649
0.608,0.0,-0.15988691691534385,0.8104851330203431,0.0,-0.21173212641986425,0.3954760958817846
0.609,0.0,-0.15988691691534385,0.8104851330203431,0.0,-0.08274311463597138,0.2615175262536602
0.61,0.0,0.8401130830846562,-0.18951486697965692,0.0,0.07864407121516241,0.027993568558651604
0.611,0.0,0.8401130830846562,-0.18951486697965692,0.0,0.21209410713904597,-0.21483999493854553
0.612,0.0,0.8401130830846562,-0.18951486697965692,0.0,0.2673238945331371,-0.3736853771916537
0.613,0.0,0.8401130830846562,-0.18951486697965692,0.0,0.22305665138477773,-0.3881053864355064
0.614,0.0,0.8401130830846562,-0.18951486697965692,0.0,0.09517238177381096,-0.25354180291102685
0.615,0.0,-0.15988691691534385,-0.18951486697965692,0.0,-0.06905207060037298,-0.022674616999232632
0.616,0.0,-0.15988691691534385,-0.18951486697965692,0.0,-0.20850390989389983,0.21523554327432337
0.617,0.0,-0.15988691691534385,0.8104851330203431,0.0,-0.27104935884498893,0.36889662125461964
0.618,0.0,-0.15988691691534385,0.8104851330203431,0.0,-0.233065610514761,0.38002793636719456
0.619,0.0,-0.15988691691534385,-0.18951486697965692,0.0,-0.10836159031691804,0.2454357268533358
0.62,0.0,-0.15988691691534385,-0.18951486697965692,0.0,0.056880145654868236,0.01777435192685893
0.621,0.0,-0.15988691691534385,-0.18951486697965692,0.0,0.2012768858036672,-0.21509106734027325
0.622,0.0,0.8401130830846562,-0.18951486697965692,0.0,0.2711292797167146,-0.36400508470041354
0.623,0.0,-0.15988691691534385,-0.18951486697965692,0.0,0.2404614638632868,-0.3726168565819794
0.624,0.0,-0.15988691691534385,-0.18951486697965692,0.0,0.12071898928344653,-0.2386230159595568
0.625,0.0,-0.15988691691534385,-0.18951486697965692,0.0,-0.043508261703000845,-0.014187439754294056
0.626,0.0,-0.15988691691534385,-0.18951486697965692,0.0,-0.19114028737008365,0.21440376591669627
0.627,0.0,-0.15988691691534385,0.8104851330203431,0.0,-0.26740559838470845,0.3598915266443056
0.628,0.0,-0.15988691691534385,0.8104851330203431,0.0,-0.24425174325480756,0.36726370076375414
0.629,0.0,-0.15988691691534385,-0.18951486697965692,0.0,-0.1307346070510686,0.23443261221019732
0.63,0.0,-0.15988691691534385,-0.18951486697965692,0.0,0.030484615214719925,0.012653217310886176
0.631,0.0,-0.15988691691534385,-0.18951486697965692,0.0,0.17919366787204616,-0.2132843398172665
0.632,0.0,0.8401130830846562,-0.18951486697965692,0.0,0.2601895572982272,-0.3574133567570457
0.633,0.0,0.8401130830846562,-0.18951486697965692,0.0,0.2438717994230553,-0.3651698879888006
0.634,0.0,-0.15988691691534385,-0.18951486697965692,0.0,0.13715509379183694,-0.23389877952442148
0.635,0.0,-0.15988691691534385,-0.18951486697965692,0.0,-0.019353623243114213,-0.013645704975306353
0.636,0.0,-0.15988691691534385,-0.18951486697965692,0.0,-0.16679271439509666,0.21193520759946094
0.637,0.0,-0.15988691691534385,0.8104851330203431,0.0,-0.25023609328587215,0.3572654066869661
0.638,0.0,-0.15988691691534385,0.8104851330203431,0.0,-0.23925598861895123,0.3671525476219206
0.639,0.0,-0.15988691691534385,-0.18951486697965692,0.0,-0.13912834606611765,0.23759407937848345
0.64,0.0,-0.15988691691534385,-0.18951486697965692,0.0,0.011482887913226325,0.017299299540373774
0.641,0.0,-0.15988691691534385,-0.18951486697965692,0.0,0.1554003559789667,-0.2106101009362468
0.642,0.0,-0.15988691691534385,-0.18951486697965692,0.0,0.23866329701393943,-0.35985292284630166
0.643,0.0,-0.15988691691534385,-0.18951486697965692,0.0,0.23084848468111197,-0.37349307317635516
0.644,0.0,-0.15988691691534385,-0.18951486697965692,0.0,0.1363012249589791,-0.24551951842454223
0.645,0.0,-0.15988691691534385,-0.18951486697965692,0.0,-0.007908566801752719,-0.023380663436280664
0.646,0.0,-0.15988691691534385,-0.18951486697965692,0.0,-0.1464215588996841,0.20956178046866844
0.647,0.0,-0.15988691691534385,0.8104851330203431,0.0,-0.22682561772360013,0.3651967499580381
0.648,0.0,-0.15988691691534385,0.8104851330203431,0.0,-0.21955229089802042,0.38385221049009843
0.649,0.0,-0.15988691691534385,-0.18951486697965692,0.0,-0.12885939863665288,0.25706926414345926
0.65,0.0,-0.15988691691534385,-0.18951486697965692,0.0,0.009216398568672455,0.03131117433276681
0.651,0.0,-0.15988691691534385,-0.18951486697965692,0.0,0.1410403268106919,-0.20898680405163572
0.652,0.0,0.8401130830846562,-0.18951486697965692,0.0,0.21615524527252108,-0.37288726730963595
0.653,0.0,0.8401130830846562,-0.18951486697965692,0.0,0.2066225924257786,-0.3972674013857384
0.654,0.0,-0.15988691691534385,-0.18951486697965692,0.0,0.11750529117822668,-0.2710777589324719
0.655,0.0,-0.15988691691534385,-0.18951486697965692,0.0,-0.015471520624045196,-0.04023749718137227
0.656,0.0,-0.15988691691534385,-0.18951486697965692,0.0,-0.14007743757742708,0.20897700772439567
0.657,0.0,-0.15988691691534385,0.8104851330203431,0.0,-0.20799018632792765,0.3820974939023476
0.658,0.0,-0.15988691691534385,0.8104851330203431,0.0,-0.19351738779292457,0.41223731149895654
0.659,0.0,-0.15988691691534385,-0.18951486697965692,0.0,-0.10337743975746203,0.2859460331207657
0.66,0.0,-0.15988691691534385,-0.18951486697965692,0.0,0.02620467048882094,0.049141289279528995
0.661,0.0,-0.15988691691534385,-0.18951486697965692,0.0,0.14388535036281888,-0.20948649124331106
0.662,0.0,-0.15988691691534385,-0.18951486697965692,0.0,0.20340944522148416,-0.3916576688595319
0.663,0.0,-0.15988691691534385,-0.18951486697965692,0.0,0.1817235215574632,-0.42688640451195986
0.664,0.0,-0.15988691691534385,-0.18951486697965692,0.0,0.08792136080623596,-0.2998329950372613
0.665,0.0,-0.15988691691534385,-0.18951486697965692,0.0,-0.04045604018792908,-0.05697362983747292
0.666,0.0,-0.15988691691534385,-0.18951486697965692,0.0,-0.15229273148861192,0.21032056310484226
0.667,0.0,-0.15988691691534385,0.8104851330203431,0.0,-0.2030951676255951,0.40018467185962114
0.668,0.0,-0.15988691691534385,0.8104851330203431,0.0,-0.17257917367450729,0.43919077384735583
0.669,0.0,-0.15988691691534385,0.8104851330203431,0.0,-0.07272749493283341,0.3108880056486884
0.67,0.0,-0.15988691691534385,-0.18951486697965692,0.0,0.05687168580659905,0.0627962247252135
0.671,0.0,0.8401130830846562,-0.18951486697965692,0.0,0.16460562301559345,-0.21114966490478881
0.672,0.0,0.8401130830846562,-0.18951486697965692,0.0,0.20723865459576107,-0.40625120350883775
0.673,0.0,0.8401130830846562,-0.18951486697965692,0.0,0.1671141983491771,-0.4472369300452331
0.674,0.0,-0.15988691691534385,-0.18951486697965692,0.0,0.05935531406857453,-0.3174945230676138
0.675,0.0,-0.15988691691534385,-0.18951486697965692,0.0,-0.0738417039898512,-0.0659102810320706
0.676,0.0,-0.15988691691534385,-0.18951486697965692,0.0,-0.17966603023427344,0.21154731265065546
0.677,0.0,-0.15988691691534385,0.8104851330203431,0.0,-0.21550215093084168,0.40857301889431236
0.678,0.0,-0.15988691691534385,0.8104851330203431,0.0,-0.16592743005862376,0.44947936241562664
0.679,0.0,-0.15988691691534385,-0.18951486697965692,0.0,-0.04916386113459379,0.3184920656791995
0.68,0.0,-0.15988691691534385,-0.18951486697965692,0.0,0.08966500048163331,0.06595536745980426
0.681,0.0,-0.15988691691534385,-0.18951486697965692,0.0,0.19596234536098164,-0.21104720445025274
0.682,0.0,-0.15988691691534385,-0.18951486697965692,0.0,0.2270418540871686,-0.40618880069043484
0.683,0.0,-0.15988691691534385,-0.18951486697965692,0.0,0.16911549789045582,-0.4449614718200785
0.684,0.0,-0.15988691691534385,-0.18951486697965692,0.0,0.04316777405153689,-0.3133456993986686
0.685,0.0,-0.15988691691534385,-0.18951486697965692,0.0,-0.10272285376605672,-0.06296442045010105
0.686,0.0,-0.15988691691534385,-0.18951486697965692,0.0,-0.21178027708699584,0.2092114761087654
0.687,0.0,-0.15988691691534385,0.8104851330203431,0.0,-0.2405904537909491,0.3986071661099329
0.688,0.0,-0.15988691691534385,0.8104851330203431,0.0,-0.17626140328543186,0.43346828074399785
0.689,0.0,-0.15988691691534385,0.8104851330203431,0.0,-0.041934436974538455,0.3022385828189382
0.69,0.0,0.8401130830846562,-0.18951486697965692,0.0,0.11164286563184032,0.05736683275524979
0.691,0.0,-0.15988691691534385,-0.18951486697965692,0.0,0.22537846599182224,-0.20570014790788965
0.692,0.0,0.8401130830846562,-0.18951486697965692,0.0,0.25459055200765834,-0.3858989844391452
0.693,0.0,0.8401130830846562,-0.18951486697965692,0.0,0.18648391261235026,-0.41558780076163737
0.694,0.0,-0.15988691691534385,-0.18951486697965692,0.0,0.04553277355644472,-0.286073042707121
0.695,0.0,-0.15988691691534385,-0.18951486697965692,0.0,-0.11543629965965047,-0.04993850658428968
0.696,0.0,-0.15988691691534385,-0.18951486697965692,0.0,-0.23517022968732065,0.20033140747303324
0.697,0.0,-0.15988691691534385,0.8104851330203431,0.0,-0.26736435321404756,0.3687202169003461
0.698,0.0,-0.15988691691534385,0.8104851330203431,0.0,-0.19854158225742646,0.3926699944744191
0.699,0.0,-0.15988691691534385,-0.18951486697965692,0.0,-0.053538010286074876,0.26637788809523083
0.7,0.0,-0.15988691691534385,-0.18951486697965692,0.0,0.11359501878698856,0.04170492855215058
0.701,0.0,-0.15988691691534385,-0.18951486697965692,0.0,0.2398921873544296,-0.19312357746729447
0.702,0.0,-0.15988691691534385,-0.18951486697965692,0.0,0.27730075129436516,-0.3482599209115262
0.703,0.0,-0.15988691691534385,-0.18951486697965692,0.0,0.21097884005352194,-0.3666862504907917
0.704,0.0,-0.15988691691534385,-0.18951486697965692,0.0,0.06509025403703549,-0.24513251323627078
0.705,0.0,-0.15988691691534385,-0.18951486697965692,0.0,-0.10613883027043115,-0.03380974247856492
0.706,0.0,-0.15988691691534385,-0.18951486697965692,0.0,-0.23874191326930222,0.18431222931202354
0.707,0.0,-0.15988691691534385,0.8104851330203431,0.0,-0.2830388553684166,0.3261185288827625
0.708,0.0,-0.15988691691534385,0.8104851330203431,0.0,-0.2222967386295919,0.34000619530391996
0.709,0.0,-0.15988691691534385,-0.18951486697965692,0.0,-0.07899871296223272,0.224529959268289
0.71,0.0,-0.15988691691534385,-0.18951486697965692,0.0,0.09360947825457339,0.027366063477108956
0.711,0.0,0.8401130830846562,-0.18951486697965692,0.0,0.23147007913242842,-0.1743395095945238
0.712,0.0,0.8401130830846562,-0.18951486697965692,0.0,0.2836273112463266,-0.30413146337959235
0.713,0.0,0.8401130830846562,-0.18951486697965692,0.0,0.23112830832217238,-0.31512044938146894
0.714,0.0,-0.15988691691534385,-0.18951486697965692,0.0,0.09387852212610502,-0.2067098047079001
0.715,0.0,-0.15988691691534385,-0.18951486697965692,0.0,-0.07701317000772481,-0.023310216783228865
0.716,0.0,-0.15988691691534385,-0.18951486697965692,0.0,-0.21841737398180977,0.16381677606700135
0.717,0.0,-0.15988691691534385,0.8104851330203431,0.0,-0.27864142362373157,0.28416107618858977
0.718,0.0,-0.15988691691534385,0.8104851330203431,0.0,-0.23639813655971703,0.29434581993813197
0.719,0.0,-0.15988691691534385,-0.18951486697965692,0.0,-0.10830392879217654,0.19349622953607012
0.72,0.0,-0.15988691691534385,-0.18951486697965692,0.0,0.05771876655715178,0.022277340593381788
0.721,0.0,-0.15988691691534385,-0.18951486697965692,0.0,0.20049229065823726,-0.15346546756222024
0.722,0.0,0.8401130830846562,-0.18951486697965692,0.0,0.26824473567766877,-0.2678845729706793
0.723,0.0,-0.15988691691534385,-0.18951486697965692,0.0,0.2374478649379046,-0.27955218323756154
0.724,0.0,-0.15988691691534385,-0.18951486697965692,0.0,0.1209603444259004,-0.18617613731295202
0.725,0.0,-0.15988691691534385,-0.18951486697965692,0.0,-0.03732307140881808,-0.02451538220396267
0.726,0.0,-0.15988691691534385,-0.18951486697965692,0.0,-0.17909200292013036,0.14404417105615325
0.727,0.0,-0.15988691691534385,-0.18951486697965692,0.0,-0.2531878275301417,0.25660626488573396
0.728,0.0,-0.15988691691534385,0.8104851330203431,0.0,-0.2341134279854253,0.27194746973514583
0.729,0.0,-0.15988691691534385,-0.18951486697965692,0.0,-0.13077853877843165,0.1853468323453318
0.73,0.0,-0.15988691691534385,-0.18951486697965692,0.0,0.01749760206250375,0.02984883706579546
0.731,0.0,-0.15988691691534385,-0.18951486697965692,0.0,0.1559743759865882,-0.13627164841855074
0.732,0.0,0.8401130830846562,-0.18951486697965692,0.0,0.23474395497617984,-0.25111903795624596
0.733,0.0,0.8401130830846562,-0.18951486697965692,0.0,0.22674553435075107,-0.2719490895120753
0.734,0.0,-0.15988691691534385,-0.18951486697965692,0.0,0.13703686047972188,-0.19085317190373288
0.735,0.0,-0.15988691691534385,-0.18951486697965692,0.0,0.00016741500725747717,-0.03769685219548752
0.736,0.0,-0.15988691691534385,-0.18951486697965692,0.0,-0.13309405975853886,0.13075589780442826
0.737,0.0,-0.15988691691534385,0.8104851330203431,0.0,-0.2145880022394755,0.2516328497120163
0.738,0.0,-0.15988691691534385,-0.18951486697965692,0.0,-0.21617142967792594,0.27915798226699007
0.739,0.0,-0.15988691691534385,-0.18951486697965692,0.0,-0.13942144379104593,0.2018217137207602
0.74,0.0,-0.15988691691534385,-0.18951486697965692,0.0,-0.01430638553153229,0.047142983624669885
0.741,0.0,-0.15988691691534385,-0.18951486697965692,0.0,0.11241912793776139,-0.1279381414505359
0.742,0.0,-0.15988691691534385,-0.18951486697965692,0.0,0.19463132607657396,-0.25777841283161745
0.743,0.0,-0.15988691691534385,-0.18951486697965692,0.0,0.2036026251730767,-0.29243703046840297
0.744,0.0,-0.15988691691534385,-0.18951486697965692,0.0,0.13803938324592366,-0.21678595326158637
0.745,0.0,-0.15988691691534385,-0.18951486697965692,0.0,0.023895426918235617,-0.05704699502038991
0.746,0.0,-0.15988691691534385,-0.18951486697965692,0.0,-0.09574652608977777,0.12805817834697414
0.747,0.0,-0.15988691691534385,-0.18951486697965692,0.0,-0.17682978187497003,0.268683467227104
0.748,0.0,-0.15988691691534385,0.8104851330203431,0.0,-0.19049928490170373,0.31008097615950897
0.749,0.0,-0.15988691691534385,0.8104851330203431,0.0,-0.13338522988036353,0.2338842509840782
0.75,0.0,-0.15988691691534385,-0.18951486697965692,0.0,-0.028332708853568426,0.06618358144392705
0.751,0.0,-0.15988691691534385,-0.18951486697965692,0.0,0.08453453790579214,-0.1311442345612928
0.752,0.0,0.8401130830846562,-0.18951486697965692,0.0,0.16298506680248925,-0.28310880463553995
0.753,0.0,-0.15988691691534385,-0.18951486697965692,0.0,0.17840669025538594,-0.3300523970324365
0.754,0.0,0.8401130830846562,-0.18951486697965692,0.0,0.12626628070471138,-0.2511023077203111
0.755,0.0,-0.15988691691534385,-0.18951486697965692,0.0,0.02747560172063651,-0.07338956336546859
0.756,0.0,-0.15988691691534385,-0.18951486697965692,0.0,-0.0797686178383713,0.1370268240100922
0.757,0.0,-0.15988691691534385,0.8104851330203431,0.0,-0.15456021700915687,0.29962303501250087
0.758,0.0,-0.15988691691534385,0.8104851330203431,0.0,-0.1687821529763255,0.35024958113771315
0.759,0.0,-0.15988691691534385,-0.18951486697965692,0.0,-0.11769645215476197,0.2665264616488082
0.76,0.0,-0.15988691691534385,-0.18951486697965692,0.0,-0.02163266675617078,0.07770036834741255
0.761,0.0,-0.15988691691534385,-0.18951486697965692,0.0,0.08187348787259417,-0.14537276753789252
0.762,0.0,-0.15988691691534385,-0.18951486697965692,0.0,0.15252860654407469,-0.3167901832283472
0.763,0.0,-0.15988691691534385,-0.18951486697965692,0.0,0.162831643620434,-0.3687685487749399
0.764,0.0,-0.15988691691534385,-0.18951486697965692,0.0,0.10877161717174523,-0.27857342724494033
0.765,0.0,-0.15988691691534385,-0.18951486697965692,0.0,0.011513015863089848,-0.07845856445691379
0.766,0.0,-0.15988691691534385,-0.18951486697965692,0.0,-0.09067971769888608,0.15573291724301408
0.767,0.0,-0.15988691691534385,0.8104851330203431,0.0,-0.1572722881900819,0.33334326956421023
0.768,0.0,-0.15988691691534385,0.8104851330203431,0.0,-0.1613741806236091,0.3841234690956476
0.769,0.0,-0.15988691691534385,0.8104851330203431,0.0,-0.10054086475020153,0.28616640060047405
0.77,0.0,-0.15988691691534385,-0.18951486697965692,0.0,0.0018603597451120318,0.07538150240516096
0.771,0.0,-0.15988691691534385,-0.18951486697965692,0.0,0.10544756733361199,-0.1675956655884645
0.772,0.0,0.8401130830846562,-0.18951486697965692,0.0,0.16854036315963994,-0.3483201257067074
0.773,0.0,0.8401130830846562,-0.18951486697965692,0.0,0.1647488498787733,-0.3953969117787667
0.774,0.0,-0.15988691691534385,-0.18951486697965692,0.0,0.09388810213513984,-0.28883599317830627
0.775,0.0,-0.15988691691534385,-0.18951486697965692,0.0,-0.017263410357912273,-0.06858109510887236
0.776,0.0,-0.15988691691534385,-0.18951486697965692,0.0,-0.12494519693763767,0.18043816082458577
0.777,0.0,-0.15988691691534385,0.8104851330203431,0.0,-0.1854717997137772,0.3611442685307191
0.778,0.0,-0.15988691691534385,0.8104851330203431,0.0,-0.17277455989539203,0.40230257355584703
0.779,0.0,-0.15988691691534385,-0.18951486697965692,0.0,-0.08943682772242649,0.28673587248798593
0.78,0.0,-0.15988691691534385,-0.18951486697965692,0.0,0.03339789827044771,0.05853551034610807
0.781,0.0,0.8401130830846562,-0.18951486697965692,0.0,0.14757298328649004,-0.1937682626138479
0.782,0.0,-0.15988691691534385,-0.18951486697965692,0.0,0.20668038063104996,-0.3716426050122158
0.783,0.0,-0.15988691691534385,-0.18951486697965692,0.0,0.18476680655578065,-0.40515654128981754
0.784,0.0,-0.15988691691534385,-0.18951486697965692,0.0,0.08748797830954114,-0.28057551319091206
0.785,0.0,-0.15988691691534385,-0.18951486697965692,0.0,-0.049019233587987786,-0.04601907421783277
0.786,0.0,-0.15988691691534385,-0.18951486697965692,0.0,-0.1715211393915453,0.2071524145935393
0.787,0.0,-0.15988691691534385,0.8104851330203431,0.0,-0.23039293485017223,0.38000163141842724
0.788,0.0,-0.15988691691534385,0.8104851330203431,0.0,-0.1996094526985341,0.40476670468519854
0.789,0.0,-0.15988691691534385,-0.18951486697965692,0.0,-0.08799684632683892,0.2714841906787546
0.79,0.0,-0.15988691691534385,-0.18951486697965692,0.0,0.0630524948546341,0.03200203644494387
0.791,0.0,-0.15988691691534385,-0.18951486697965692,0.0,0.19494455437878377,-0.22022738898590904
0.792,0.0,0.8401130830846562,-0.18951486697965692,0.0,0.2546263730396656,-0.3866730619849507
0.793,0.0,0.8401130830846562,-0.18951486697965692,0.0,0.21587349215109053,-0.40226154436751727
0.794,0.0,-0.15988691691534385,-0.18951486697965692,0.0,0.09059060804189349,-0.26082954003914877
0.795,0.0,-0.15988691691534385,-0.18951486697965692,0.0,-0.07468538873095915,-0.017535288799191757
0.796,0.0,-0.15988691691534385,-0.18951486697965692,0.0,-0.21613708609251303,0.23269679137052154
0.797,0.0,-0.15988691691534385,0.8104851330203431,0.0,-0.27738489508494696,0.3922470549387303
0.798,0.0,-0.15988691691534385,0.8104851330203431,0.0,-0.23196961258312523,0.3988874771001694
0.799,0.0,-0.15988691691534385,-0.18951486697965692,0.0,-0.09462348282370427,0.2500193484717708
0.8,0.0,-0.15988691691534385,-0.18951486697965692,0.0,0.083429505685872,0.00363622066859621
0.801,0.0,-0.15988691691534385,-0.18951486697965692,0.0,0.23368763858490696,-0.24431581496216392
0.802,0.0,-0.15988691691534385,-0.18951486697965692,0.0,0.2968565267303644,-0.3973153333828609
0.803,0.0,-0.15988691691534385,-0.18951486697965692,0.0,0.24631765574189535,-0.3958071357173993
0.804,0.0,-0.15988691691534385,-0.18951486697965692,0.0,0.09926243321396162,-0.24031607006532615
0.805,0.0,-0.15988691691534385,-0.18951486697965692,0.0,-0.08914464520319261,0.008809423409750957
0.806,0.0,-0.15988691691534385,-0.18951486697965692,0.0,-0.24660226562725737,0.254869589649616
0.807,0.0,-0.15988691691534385,0.8104851330203431,0.0,-0.3115881428988324,0.40234698067442204
0.808,0.0,-0.15988691691534385,0.8104851330203431,0.0,-0.25751421075613873,0.3939290684134729
0.809,0.0,-0.15988691691534385,-0.18951486697965692,0.0,-0.10359304384807799,0.23268989189074965
0.81,0.0,-0.15988691691534385,-0.18951486697965692,0.0,0.09202488734590968,-0.01911824330653369
0.811,0.0,0.8401130830846562,-0.18951486697965692,0.0,0.25438010826205637,-0.2641513047730571
0.812,0.0,0.8401130830846562,-0.18951486697965692,0.0,0.3206203939225809,-0.4075965725453112
0.813,0.0,0.8401130830846562,-0.18951486697965692,0.0,0.26447978863642846,-0.3937928397816555
0.814,0.0,-0.15988691691534385,-0.18951486697965692,0.0,0.10673312308696858,-0.2277287804549345
0.815,0.0,-0.15988691691534385,-0.18951486697965692,0.0,-0.09254910180200351,0.026845906548722685
0.816,0.0,-0.15988691691534385,-0.18951486697965692,0.0,-0.2570358741156744,0.27194599548469944
0.817,0.0,-0.15988691691534385,0.8104851330203431,0.0,-0.3235682762823007,0.4130582080565007
0.818,0.0,-0.15988691691534385,0.8104851330203431,0.0,-0.2665693162778449,0.39552359391923847
0.819,0.0,-0.15988691691534385,-0.18951486697965692,0.0,-0.10794087156265475,0.22561409971999508
0.82,0.0,-0.15988691691534385,-0.18951486697965692,0.0,0.09140231492333101,-0.03178892443859913
0.821,0.0,-0.15988691691534385,-0.18951486697965692,0.0,0.25506731938537935,-0.2780245559857184
0.822,0.0,0.8401130830846562,-0.18951486697965692,0.0,0.32063905703662643,-0.41847098875276045
0.823,0.0,-0.15988691691534385,-0.18951486697965692,0.0,0.263633830493687,-0.39885848741257596
0.824,0.0,-0.15988691691534385,-0.18951486697965692,0.0,0.10670522940656718,-0.2261597559275765
0.825,0.0,-0.15988691691534385,-0.18951486697965692,0.0,-0.08937741742077564,0.03395582901667491
0.826,0.0,-0.15988691691534385,-0.18951486697965692,0.0,-0.24937220526060358,0.28215043035553133
0.827,0.0,-0.15988691691534385,0.8104851330203431,0.0,-0.3125862458334192,0.42337290856427434
0.828,0.0,-0.15988691691534385,0.8104851330203431,0.0,-0.2560268082897771,0.40323592102907535
0.829,0.0,-0.15988691691534385,0.8104851330203431,0.0,-0.10280816721524724,0.2289030955513281
0.83,0.0,-0.15988691691534385,-0.18951486697965692,0.0,0.08726875795047168,-0.03351635046765691
0.831,0.0,0.8401130830846562,-0.18951486697965692,0.0,0.24112481188961674,-0.2840989046627195
0.832,0.0,0.8401130830846562,-0.18951486697965692,0.0,0.30060554190060135,-0.4271923397361724
0.833,0.0,0.8401130830846562,-0.18951486697965692,0.0,0.24455492654177619,-0.40792899985383463
0.834,0.0,-0.15988691691534385,-0.18951486697965692,0.0,0.09635199339023261,-0.23322845567446415
0.835,0.0,-0.15988691691534385,0.8104851330203431,0.0,-0.08576998529967597,0.03073976106756889
0.836,0.0,-0.15988691691534385,0.8104851330203431,0.0,-0.23162665562793314,0.28368641124043315
0.837,0.0,-0.15988691691534385,0.8104851330203431,0.0,-0.28618533369506804,0.4293605379296189
0.838,0.0,-0.15988691691534385,0.8104851330203431,0.0,-0.2303794781838643,0.4121985543590213
0.839,0.0,-0.15988691691534385,-0.18951486697965692,0.0,-0.08774885031557601,0.23850039180484198
0.84,0.0,-0.15988691691534385,-0.18951486697965692,0.0,0.08538794871180018,-0.02593411398229257
0.841,0.0,-0.15988691691534385,-0.18951486697965692,0.0,0.22214900467407292,-0.2808051734621312
0.842,0.0,-0.15988691691534385,-0.18951486697965692,0.0,0.2709295949373543,-0.4294256832034654
0.843,0.0,-0.15988691691534385,-0.18951486697965692,0.0,0.214880425501626,-0.41543918173836863
0.844,0.0,-0.15988691691534385,-0.18951486697965692,0.0,0.07767400513028538,-0.2441836392595207
0.845,0.0,-0.15988691691534385,-0.18951486697965692,0.0,-0.08638256109075976,0.01939668485745985
0.846,0.0,-0.15988691691534385,-0.18951486697965692,0.0,-0.21378571979264396,0.2754572053420375
0.847,0.0,-0.15988691691534385,0.8104851330203431,0.0,-0.2563742322119997,0.4271492772314103
0.848,0.0,-0.15988691691534385,0.8104851330203431,0.0,-0.19949944214689094,0.41729422999467775
0.849,0.0,-0.15988691691534385,0.8104851330203431,0.0,-0.06698879866841033,0.24993060380614923
0.85,0.0,-0.15988691691534385,-0.18951486697965692,0.0,0.08873944797144667,-0.011382868588773961
0.851,0.0,0.8401130830846562,-0.18951486697965692,0.0,0.20733367934945546,-0.26778134475124604
0.852,0.0,0.8401130830846562,-0.18951486697965692,0.0,0.2438186483681407,-0.4225690610333946
0.853,0.0,0.8401130830846562,-0.18951486697965692,0.0,0.18558072581425025,-0.41772185829127273
0.854,0.0,-0.15988691691534385,-0.18951486697965692,0.0,0.05664269487250728,-0.2556238355172523
0.855,0.0,-0.15988691691534385,-0.18951486697965692,0.0,-0.09217826964278814,0.002096697343610739
0.856,0.0,-0.15988691691534385,-0.18951486697965692,0.0,-0.2032146637353943,0.25806769478608843
0.857,0.0,-0.15988691691534385,0.8104851330203431,0.0,-0.2341923382292996,0.41601835602773657
0.858,0.0,-0.15988691691534385,0.8104851330203431,0.0,-0.1742285152669821,0.417003100360496
0.859,0.0,-0.15988691691534385,-0.18951486697965692,0.0,-0.04756633344401534,0.2613692867668537
0.86,0.0,-0.15988691691534385,-0.18951486697965692,0.0,0.09619526017628584,0.008298219342864902
0.861,0.0,-0.15988691691534385,-0.18951486697965692,0.0,0.20144742842510127,-0.24675546691927824
0.862,0.0,-0.15988691691534385,-0.18951486697965692,0.0,0.22797190534952488,-0.4080988660544043
0.863,0.0,-0.15988691691534385,-0.18951486697965692,0.0,0.1661980548536254,-0.41569270365357835
0.864,0.0,-0.15988691691534385,-0.18951486697965692,0.0,0.04056851181958192,-0.2674447403261393
0.865,0.0,-0.15988691691534385,-0.18951486697965692,0.0,-0.10013429679507284,-0.019652407699753405
0.866,0.0,-0.15988691691534385,-0.18951486697965692,0.0,-0.20167238717685776,0.23441251435509838
0.867,0.0,-0.15988691691534385,0.8104851330203431,0.0,-0.2251574844770955,0.3996113331623636
0.868,0.0,-0.15988691691534385,0.8104851330203431,0.0,-0.1618324489220457,0.41452278582427793
0.869,0.0,-0.15988691691534385,-0.18951486697965692,0.0,-0.036249455700511385,0.2742151932449313
0.87,0.0,-0.15988691691534385,-0.18951486697965692,0.0,0.1032772316088942,0.031796704389814946
0.871,0.0,0.8401130830846562,-0.18951486697965692,0.0,0.20322463724734458,-0.22169746839134472
0.872,0.0,0.8401130830846562,-0.18951486697965692,0.0,0.22530995549538946,-0.3914548572611375
0.873,0.0,-0.15988691691534385,-0.18951486697965692,0.0,0.16105194942391163,-0.41427658181185734
0.874,0.0,-0.15988691691534385,-0.18951486697965692,0.0,0.03494062111792456,-0.28203203438226226
0.875,0.0,-0.15988691691534385,-0.18951486697965692,0.0,-0.10494176460043544,-0.04450985831222856
0.876,0.0,-0.15988691691534385,-0.18951486697965692,0.0,-0.20524485177353186,0.20930795434219474
0.877,0.0,-0.15988691691534385,0.8104851330203431,0.0,-0.22764250888200183,0.38451021233783855
0.878,0.0,-0.15988691691534385,0.8104851330203431,0.0,-0.16339545926278157,0.4156536878678113
0.879,0.0,-0.15988691691534385,-0.18951486697965692,0.0,-0.03667784522214366,0.2911348378881731
0.88,0.0,-0.15988691691534385,-0.18951486697965692,0.0,0.10457416557924813,0.05749596227328061
0.881,0.0,-0.15988691691534385,-0.18951486697965692,0.0,0.20681267530507427,-0.19792049104342857
0.882,0.0,-0.15988691691534385,-0.18951486697965692,0.0,0.23115310127050978,-0.3795245059898139
0.883,0.0,-0.15988691691534385,-0.18951486697965692,0.0,0.16810728460467092,-0.4191487342731402
0.884,0.0,-0.15988691691534385,-0.18951486697965692,0.0,0.04121034583720144,-0.3015733332782904
0.885,0.0,-0.15988691691534385,-0.18951486697965692,0.0,-0.10182483389476833,-0.07037799382295684
0.886,0.0,-0.15988691691534385,-0.18951486697965692,0.0,-0.20708437260159338,0.18812906221762984
0.887,0.0,-0.15988691691534385,0.8104851330203431,0.0,-0.23477907700734887,0.37701384281317835
0.888,0.0,-0.15988691691534385,0.8104851330203431,0.0,-0.17425632828390014,0.4249624345512232
0.889,0.0,-0.15988691691534385,0.8104851330203431,0.0,-0.04804341178452001,0.3131629733541716
0.89,0.0,-0.15988691691534385,-0.18951486697965692,0.0,0.09659696894159106,0.08271048755258982
0.891,0.0,0.8401130830846562,-0.18951486697965692,0.0,0.20541603040953862,-0.18038979281162515
0.892,0.0,0.8401130830846562,-0.18951486697965692,0.0,0.23755246896680576,-0.3771975030866229
0.893,0.0,0.8401130830846562,-0.18951486697965692,0.0,0.18087078244839455,-0.4329581237872322
0.894,0.0,-0.15988691691534385,-0.18951486697965692,0.0,0.05650824240958452,-0.3254813323040372
0.895,0.0,-0.15988691691534385,-0.18951486697965692,0.0,-0.08906223718535931,-0.09401058361423154
0.896,0.0,-0.15988691691534385,-0.18951486697965692,0.0,-0.20145570208797955,0.1749786077622947
0.897,0.0,-0.15988691691534385,0.8104851330203431,0.0,-0.238734644565959,0.3799721403644147
0.898,0.0,-0.15988691691534385,0.8104851330203431,0.0,-0.18706953834903167,0.44266929264584326
0.899,0.0,-0.15988691691534385,-0.18951486697965692,0.0,-0.06584888494185619,0.3379054557284861
0.9,0.0,-0.15988691691534385,-0.18951486697965692,0.0,0.07964178936164558,0.10380308704218243
0.901,0.0,-0.15988691691534385,-0.18951486697965692,0.0,0.19519226482332766,-0.1719672729208854
0.902,0.0,-0.15988691691534385,-0.18951486697965692,0.0,0.23791204927936235,-0.38492848882131264
0.903,0.0,-0.15988691691534385,-0.18951486697965692,0.0,0.192172269537135,-0.4533555499841838
0.904,0.0,-0.15988691691534385,-0.18951486697965692,0.0,0.07531408150169525,-0.3496834764897943
0.905,0.0,-0.15988691691534385,-0.18951486697965692,0.0,-0.06895569207759909,-0.11167237128351981
0.906,0.0,-0.15988691691534385,-0.18951486697965692,0.0,-0.18695484510777208,0.17122102076532392
0.907,0.0,-0.15988691691534385,0.8104851330203431,0.0,-0.2350404256407496,0.3914070073294147
0.908,0.0,-0.15988691691534385,0.8104851330203431,0.0,-0.1957733941558126,0.4640972063849944
0.909,0.0,-0.15988691691534385,0.8104851330203431,0.0,-0.084241397728844,0.3600284165279101
0.91,0.0,-0.15988691691534385,-0.18951486697965692,0.0,0.057748123750494915,0.11731245269317926
0.911,0.0,0.8401130830846562,-0.18951486697965692,0.0,0.17736361812935886,-0.1724183424620752
0.912,0.0,0.8401130830846562,-0.18951486697965692,0.0,0.23043228792373127,-0.39858367084707996
0.913,0.0,0.8401130830846562,-0.18951486697965692,0.0,0.19777046042927468,-0.47391335052360495
0.914,0.0,-0.15988691691534385,-0.18951486697965692,0.0,0.09212235631334623,-0.36821893320411136
0.915,0.0,-0.15988691691534385,-0.18951486697965692,0.0,-0.046798921226616406,-0.12056659992897616
0.916,0.0,-0.15988691691534385,-0.18951486697965692,0.0,-0.1672396171343203,0.17509082826510752
0.917,0.0,-0.15988691691534385,0.8104851330203431,0.0,-0.22469058050925547,0.4055734585239278
0.918,0.0,-0.15988691691534385,0.8104851330203431,0.0,-0.19834419923182242,0.48188560022135196
0.919,0.0,-0.15988691691534385,0.8104851330203431,0.0,-0.09864028104896112,0.3736912426672296
0.92,0.0,-0.15988691691534385,-0.18951486697965692,0.0,0.036833766128579463,0.12144939908632506
0.921,0.0,-0.15988691691534385,-0.18951486697965692,0.0,0.1574869173190918,-0.17867850830183704
0.922,0.0,-0.15988691691534385,-0.18951486697965692,0.0,0.21859918588740374,-0.41153740394202576
0.923,0.0,-0.15988691691534385,-0.18951486697965692,0.0,0.19789461067481293,-0.4872698933533974
0.924,0.0,-0.15988691691534385,-0.18951486697965692,0.0,0.10367676744763196,-0.37610850584327454
0.925,0.0,-0.15988691691534385,-0.18951486697965692,0.0,-0.028445204594297103,-0.12014698544771281
0.926,0.0,-0.15988691691534385,-0.18951486697965692,0.0,-0.1489643516921409,0.1825942907782474
0.927,0.0,-0.15988691691534385,0.8104851330203431,0.0,-0.2129871625964744,0.41577946014693346
0.928,0.0,-0.15988691691534385,0.8104851330203431,0.0,-0.1969439786284186,0.4895815093585611
0.929,0.0,-0.15988691691534385,0.8104851330203431,0.0,-0.10728753672330954,0.375398114222377
0.93,0.0,-0.15988691691534385,-0.18951486697965692,0.0,0.022034805293414964,0.11699468266574552
0.931,0.0,-0.15988691691534385,-0.18951486697965692,0.0,0.14236521741271851,-0.1862900390825295
0.932,0.0,0.8401130830846562,-0.18951486697965692,0.0,0.2085873767709057,-0.41782166993506337
0.933,0.0,0.8401130830846562,-0.18951486697965692,0.0,0.19602268273548185,-0.4886433467153425
0.934,0.0,-0.15988691691534385,-0.18951486697965692,0.0,0.10965318842209563,-0.37175276286101333
0.935,0.0,-0.15988691691534385,-0.18951486697965692,0.0,-0.017783360495411966,-0.11243495007519375
0.936,0.0,-0.15988691691534385,-0.18951486697965692,0.0,-0.13812205079935763,0.18931669117534744
0.937,0.0,-0.15988691691534385,0.8104851330203431,0.0,-0.20591097968861247,0.41744974677871455
0.938,0.0,-0.15988691691534385,0.8104851330203431,0.0,-0.19555635118813253,0.4845934234640003
0.939,0.0,-0.15988691691534385,-0.18951486697965692,0.0,-0.11101431711344054,0.3655969813347085
0.94,0.0,-0.15988691691534385,-0.18951486697965692,0.0,0.015651646839379054,0.10696170929280689
0.941,0.0,-0.15988691691534385,-0.18951486697965692,0.0,0.13634969857025006,-0.19137160429989652
0.942,0.0,-0.15988691691534385,-0.18951486697965692,0.0,0.205156846404245,-0.414725533416002
0.943,0.0,-0.15988691691534385,-0.18951486697965692,0.0,0.19577283810394325,-0.4778536138214947
0.944,0.0,-0.15988691691534385,-0.18951486697965692,0.0,0.11160297005954133,-0.3575259505841226
0.945,0.0,-0.15988691691534385,-0.18951486697965692,0.0,-0.015409574095388082,-0.10105927942071669
0.946,0.0,-0.15988691691534385,-0.18951486697965692,0.0,-0.1368341755360231,0.19232789200707062
0.947,0.0,-0.15988691691534385,0.8104851330203431,0.0,-0.20616995310675967,0.4099672374550642
0.948,0.0,-0.15988691691534385,0.8104851330203431,0.0,-0.1966446758360598,0.46906685156506844
0.949,0.0,-0.15988691691534385,0.8104851330203431,0.0,-0.11158306146973204,0.3482271722954788
0.95,0.0,-0.15988691691534385,-0.18951486697965692,0.0,0.01668730708126362,0.0951449556304418
0.951,0.0,-0.15988691691534385,-0.18951486697965692,0.0,0.1390680439293846,-0.19224269956691628
0.952,0.0,0.8401130830846562,-0.18951486697965692,0.0,0.20845547270504144,-0.4037022314326118
0.953,0.0,0.8401130830846562,-0.18951486697965692,0.0,0.19787740967539652,-0.45901370301122546
0.954,0.0,-0.15988691691534385,-0.18951486697965692,0.0,0.11101096251366956,-0.3383973736092855
0.955,0.0,-0.15988691691534385,-0.18951486697965692,0.0,-0.01903883088095815,-0.0895236128675367
0.956,0.0,-0.15988691691534385,-0.18951486697965692,0.0,-0.1423262979312791,0.19134386194276393
0.957,0.0,-0.15988691691534385,0.8104851330203431,0.0,-0.21124715568750074,0.3966000803539957
0.958,0.0,-0.15988691691534385,0.8104851330203431,0.0,-0.1989472963730326,0.44852093400748794
0.959,0.0,-0.15988691691534385,-0.18951486697965692,0.0,-0.10982420222357095,0.32866677214757173
0.96,0.0,-0.15988691691534385,-0.18951486697965692,0.0,0.02200694864807615,0.08436074397349672
0.961,0.0,-0.15988691691534385,-0.18951486697965692,0.0,0.14577100319673136,-0.18999689857047453
0.962,0.0,-0.15988691691534385,-0.18951486697965692,0.0,0.2136205357532446,-0.38939505375239375
0.963,0.0,-0.15988691691534385,-0.18951486697965692,0.0,0.19918422804040467,-0.4383744090385533
0.964,0.0,-0.15988691691534385,-0.18951486697965692,0.0,0.10786149222754784,-0.31954069541190067
0.965,0.0,-0.15988691691534385,-0.18951486697965692,0.0,-0.025179095142753672,-0.07967740192495201
0.966,0.0,-0.15988691691534385,-0.18951486697965692,0.0,-0.14856907436219435,0.1886565214695228
0.967,0.0,-0.15988691691534385,0.8104851330203431,0.0,-0.2146348310540009,0.3828076367805016
0.968,0.0,-0.15988691691534385,0.8104851330203431,0.0,-0.197888542267462,0.4292466308011301
0.969,0.0,-0.15988691691534385,0.8104851330203431,0.0,-0.10491182429300887,0.3113650370827291
0.97,0.0,-0.15988691691534385,-0.18951486697965692,0.0,0.028225545874454312,0.07536710785584967
0.971,0.0,0.8401130830846562,-0.18951486697965692,0.0,0.15000612442073563,-0.18780851139357477
0.972,0.0,0.8401130830846562,-0.18951486697965692,0.0,0.21348307592165175,-0.3774736144605641
0.973,0.0,0.8401130830846562,-0.18951486697965692,0.0,0.19446467382881596,-0.42164596442974545
0.974,0.0,-0.15988691691534385,-0.18951486697965692,0.0,0.10078503090148343,-0.3043178191525688
0.975,0.0,-0.15988691691534385,-0.18951486697965692,0.0,-0.030915221407499575,-0.07123146646517917
0.976,0.0,-0.15988691691534385,-0.18951486697965692,0.0,-0.14958045591033575,0.18790876760695027
0.977,0.0,-0.15988691691534385,0.8104851330203431,0.0,-0.2096286435334577,0.37388744941841423
0.978,0.0,-0.15988691691534385,0.8104851330203431,0.0,-0.18855127394379345,0.41589073522002207
0.979,0.0,-0.15988691691534385,-0.18951486697965692,0.0,-0.09539181831197077,0.29842494842821154
0.98,0.0,-0.15988691691534385,-0.18951486697965692,0.0,0.033108698174986635,0.06702851781039261
0.981,0.0,-0.15988691691534385,-0.18951486697965692,0.0,0.14706474608896775,-0.18932647037067638
0.982,0.0,-0.15988691691534385,-0.18951486697965692,0.0,0.20290809862987813,-0.3723642729479232
0.983,0.0,-0.15988691691534385,-0.18951486697965692,0.0,0.1801270225429254,-0.41210759896923144
0.984,0.0,-0.15988691691534385,-0.18951486697965692,0.0,0.08881864199481142,-0.29359477262709277
0.985,0.0,-0.15988691691534385,-0.18951486697965692,0.0,-0.034732461248479264,-0.06252614800796952
0.986,0.0,-0.15988691691534385,-0.18951486697965692,0.0,-0.14252820424641544,0.19229762254894522
0.987,0.0,-0.15988691691534385,0.8104851330203431,0.0,-0.1935849795320239,0.3730222447948963
0.988,0.0,-0.15988691691534385,0.8104851330203431,0.0,-0.16957402513787068,0.41025042121299204
0.989,0.0,-0.15988691691534385,0.8104851330203431,0.0,-0.08138242409974097,0.28966374285140584
0.99,0.0,-0.15988691691534385,-0.18951486697965692,0.0,0.03574207333497419,0.05755239956406955
0.991,0.0,-0.15988691691534385,-0.18951486697965692,0.0,0.13631808511686405,-0.1968938660207003
0.992,0.0,0.8401130830846562,-0.18951486697965692,0.0,0.1823459597486058,-0.375784649603589
0.993,0.0,0.8401130830846562,-0.18951486697965692,0.0,0.15768611348837366,-0.4101337520050502
0.994,0.0,-0.15988691691534385,-0.18951486697965692,0.0,0.07365220954183704,-0.2864446225165706
0.995,0.0,-0.15988691691534385,-0.18951486697965692,0.0,-0.03608411115502463,-0.052035277668859056
0.996,0.0,-0.15988691691534385,-0.18951486697965692,0.0,-0.12900544651012427,0.20300958862461776
0.997,0.0,-0.15988691691534385,0.8104851330203431,0.0,-0.17023887879776375,0.38039914592097285
0.998,0.0,-0.15988691691534385,0.8104851330203431,0.0,-0.14561684626705124,0.41147401847628384
0.999,0.0,-0.15988691691534385,-0.18951486697965692,0.0,-0.06642923993967274,0.2837692367770571
1.0,0.0,-0.15988691691534385,-0.18951486697965692,0.0,0.03566700213174963,0.04602645911627037
1.001,0.0,-0.15988691691534385,-0.18951486697965692,0.0,0.12130500439121773,-0.21036819183190855
1.002,0.0,-0.15988691691534385,-0.18951486697965692,0.0,0.1585601972333445,-0.3864702224763534
1.003,0.0,-0.15988691691534385,-0.18951486697965692,0.0,0.13477050916795638,-0.41393173867984373
1.004,0.0,-0.15988691691534385,-0.18951486697965692,0.0,0.060683040227799905,-0.28151949146616506
1.005,0.0,-0.15988691691534385,-0.18951486697965692,0.0,-0.034349175837221586,-0.03970584003127044
1.006,0.0,-0.15988691691534385,-0.18951486697965692,0.0,-0.11398212376590242,0.21854624448841056
1.007,0.0,-0.15988691691534385,0.8104851330203431,0.0,-0.1487063742749019,0.39350019835224226
1.008,0.0,-0.15988691691534385,0.8104851330203431,0.0,-0.12664775109045243,0.41714917494042314
1.009,0.0,-0.15988691691534385,-0.18951486697965692,0.0,-0.057448103239261666,0.2796429041007516
1.01,0.0,-0.15988691691534385,-0.18951486697965692,0.0,0.031949479033387046,0.03336668427486719
1.011,0.0,-0.15988691691534385,-0.18951486697965692,0.0,0.1077609617538124,-0.22701235823708335
1.012,0.0,0.8401130830846562,-0.18951486697965692,0.0,0.14200852265958902,-0.40093399296826243
1.013,0.0,-0.15988691691534385,-0.18951486697965692,0.0,0.12266447091591032,-0.4207795710121187
1.014,0.0,-0.15988691691534385,-0.18951486697965692,0.0,0.05769257674037206,-0.2781517030350217
1.015,0.0,-0.15988691691534385,-0.18951486697965692,0.0,-0.02828017046612896,-0.02738382089469744
1.016,0.0,-0.15988691691534385,-0.18951486697965692,0.0,-0.10324649976770195,0.23517619612566462
1.017,0.0,-0.15988691691534385,0.8104851330203431,0.0,-0.13957181928861787,0.4082032897743529
1.018,0.0,-0.15988691691534385,0.8104851330203431,0.0,-0.12396716410949261,0.4245060947357337
1.019,0.0,-0.15988691691534385,-0.18951486697965692,0.0,-0.06217592350325591,0.2771071991708519
1.02,0.0,-0.15988691691534385,-0.18951486697965692,0.0,0.023197828842435583,0.022169509738072673
1.021,0.0,-0.15988691691534385,-0.18951486697965692,0.0,0.10086998944739244,-0.2424422084291439
1.022,0.0,-0.15988691691534385,-0.18951486697965692,0.0,0.14214030321779217,-0.41476648982546077
1.023,0.0,-0.15988691691534385,-0.18951486697965692,0.0,0.1312694434003715,-0.4280505044428108
1.024,0.0,-0.15988691691534385,-0.18951486697965692,0.0,0.07131588652476048,-0.276593241426943
1.025,0.0,-0.15988691691534385,-0.18951486697965692,0.0,-0.01666309341537783,-0.01812298649043994
1.026,0.0,-0.15988691691534385,-0.18951486697965692,0.0,-0.10086282644577844,0.2482625348641495
1.027,0.0,-0.15988691691534385,0.8104851330203431,0.0,-0.15000406548365347,0.4201418524133763
1.028,0.0,-0.15988691691534385,0.8104851330203431,0.0,-0.1447325782808881,0.4311731174487205
1.029,0.0,-0.15988691691534385,0.8104851330203431,0.0,-0.08508558149942329,0.27668389431028173
1.03,0.0,-0.15988691691534385,-0.18951486697965692,0.0,0.008797173146062516,0.015580193087781257
1.031,0.0,-0.15988691691534385,-0.18951486697965692,0.0,0.10325888492803446,-0.2521839877563127
1.032,0.0,0.8401130830846562,-0.18951486697965692,0.0,0.16296000757132084,-0.423932310792336
1.033,0.0,0.8401130830846562,-0.18951486697965692,0.0,0.1639078364444705,-0.43366672831459063
1.034,0.0,-0.15988691691534385,-0.18951486697965692,0.0,0.10295889284563091,-0.27741094072073375
1.035,0.0,-0.15988691691534385,-0.18951486697965692,0.0,7.784311544384729e-05,-0.014769824278417153
1.036,0.0,-0.15988691691534385,0.8104851330203431,0.0,-0.10792076688551347,0.253885024795853
1.037,0.0,-0.15988691691534385,0.8104851330203431,0.0,-0.18033018765253828,0.4258415100495052
1.038,0.0,-0.15988691691534385,0.8104851330203431,0.0,-0.18775078634410525,0.43534765090620425
1.039,0.0,-0.15988691691534385,-0.18951486697965692,0.0,-0.1239167682963733,0.2787364746227446
1.04,0.0,-0.15988691691534385,-0.18951486697965692,0.0,-0.009426354771776068,0.015780726994571972
1.041,0.0,-0.15988691691534385,-0.18951486697965692,0.0,0.1145820105495717,-0.25319996242585674
1.042,0.0,-0.15988691691534385,-0.18951486697965692,0.0,0.20103431142251454,-0.4256815411271668
1.043,0.0,-0.15988691691534385,-0.18951486697965692,0.0,0.2147085281195509,-0.436047072965124
1.044,0.0,-0.15988691691534385,-0.18951486697965692,0.0,0.14651914881527323,-0.28053487003269967
1.045,0.0,-0.15988691691534385,-0.18951486697965692,0.0,0.01852199282608569,-0.018544108508522453
1.046,0.0,-0.15988691691534385,-0.18951486697965692,0.0,-0.1228955906366464,0.2501291707982086
1.047,0.0,-0.15988691691534385,0.8104851330203431,0.0,-0.2237061839566637,0.4233735620719132
1.048,0.0,-0.15988691691534385,0.8104851330203431,0.0,-0.24287128473524544,0.4356055004589614
1.049,0.0,-0.15988691691534385,0.8104851330203431,0.0,-0.1690381751073209,0.2825870134824685
1.05,0.0,-0.15988691691534385,-0.18951486697965692,0.0,-0.02650786920247747,0.022832205260530675
1.051,0.0,0.8401130830846562,-0.18951486697965692,0.0,0.13247923586610041,-0.24483542902828445
1.052,0.0,0.8401130830846562,-0.18951486697965692,0.0,0.24683880129130029,-0.41894294974427937
1.053,0.0,0.8401130830846562,-0.18951486697965692,0.0,0.2701711938385967,-0.43387234039557626
1.054,0.0,0.8401130830846562,-0.18951486697965692,0.0,0.1896392612852154,-0.2845880909673459
1.055,0.0,-0.15988691691534385,-0.18951486697965692,0.0,0.03248996901407127,-0.028273282047888284
1.056,0.0,-0.15988691691534385,-0.18951486697965692,0.0,-0.14295004143664317,0.2376278369901676
1.057,0.0,-0.15988691691534385,0.8104851330203431,0.0,-0.26893984201632776,0.4125107823321479
1.058,0.0,-0.15988691691534385,0.8104851330203431,0.0,-0.2946046673374865,0.43071173363851445
1.059,0.0,-0.15988691691534385,-0.18951486697965692,0.0,-0.20658896238889887,0.2861686189464095
1.06,0.0,-0.15988691691534385,-0.18951486697965692,0.0,-0.03565297228377429,0.034381261108344684
1.061,0.0,-0.15988691691534385,-0.18951486697965692,0.0,0.15394410577504633,-0.2289355637924241
1.062,0.0,-0.15988691691534385,-0.18951486697965692,0.0,0.28867889861579854,-0.40428331409950435
1.063,0.0,-0.15988691691534385,-0.18951486697965692,0.0,0.314451227976861,-0.42601469951442467
1.064,0.0,-0.15988691691534385,-0.18951486697965692,0.0,0.21846348795853404,-0.2869269407212332
1.065,0.0,-0.15988691691534385,-0.18951486697965692,0.0,0.03538269720549218,-0.04059703789878395
1.066,0.0,-0.15988691691534385,-0.18951486697965692,0.0,-0.1651207872042801,0.21927421783650916
1.067,0.0,-0.15988691691534385,0.8104851330203431,0.0,-0.3050097853945024,0.39454070227495774
1.068,0.0,-0.15988691691534385,0.8104851330203431,0.0,-0.32846178770532264,0.4197165752891067
1.069,0.0,-0.15988691691534385,-0.18951486697965692,0.0,-0.22433010458587932,0.28647015896574435
1.07,0.0,-0.15988691691534385,-0.18951486697965692,0.0,-0.031376484879468966,0.04633766558683257
1.071,0.0,-0.15988691691534385,-0.18951486697965692,0.0,0.17615487758189732,-0.20920777152273803
1.072,0.0,0.8401130830846562,-0.18951486697965692,0.0,0.31725526796335946,-0.3836256530874852
1.073,0.0,0.8401130830846562,-0.18951486697965692,0.0,0.3359929279328895,-0.4118177065191993
1.074,0.0,0.8401130830846562,-0.18951486697965692,0.0,0.22387592990184885,-0.2844594878513363
1.075,0.0,-0.15988691691534385,-0.18951486697965692,0.0,0.023722843492954813,-0.05104906600677969
1.076,0.0,-0.15988691691534385,-0.18951486697965692,0.0,-0.1867227965068936,0.19930884351065878
1.077,0.0,-0.15988691691534385,0.8104851330203431,0.0,-0.3251469227360523,0.3719319772306803
1.078,0.0,-0.15988691691534385,0.8104851330203431,0.0,-0.33707042637000306,0.4024044585474907
1.079,0.0,-0.15988691691534385,-0.18951486697965692,0.0,-0.21746459985408523,0.2806553141062522
1.08,0.0,-0.15988691691534385,-0.18951486697965692,0.0,-0.01293474230152118,0.05425770332631816
1.081,0.0,-0.15988691691534385,-0.18951486697965692,0.0,0.1964902749095634,-0.1901198445155413
1.082,0.0,0.8401130830846562,-0.18951486697965692,0.0,0.3288187569445783,-0.3598924190962285
1.083,0.0,-0.15988691691534385,-0.18951486697965692,0.0,0.33237418021156884,-0.3916669814250901
1.084,0.0,-0.15988691691534385,-0.18951486697965692,0.0,0.2061102887130854,-0.27495689231091536
1.085,0.0,-0.15988691691534385,-0.18951486697965692,0.0,-7.320338017114456e-05,-0.05561668984231041
1.086,0.0,-0.15988691691534385,-0.18951486697965692,0.0,-0.20510865671111522,0.1821171455727079
1.087,0.0,-0.15988691691534385,0.8104851330203431,0.0,-0.32875888312652596,0.34796469274321246
1.088,0.0,-0.15988691691534385,0.8104851330203431,0.0,-0.323146629845778,0.37990989074590553
1.089,0.0,-0.15988691691534385,0.8104851330203431,0.0,-0.19136940548766787,0.26743162206263227
1.09,0.0,-0.15988691691534385,-0.18951486697965692,0.0,0.014065556551971252,0.054942056582209436
1.091,0.0,0.8401130830846562,-0.18951486697965692,0.0,0.212224967099085,-0.17568012402089384
1.092,0.0,0.8401130830846562,-0.18951486697965692,0.0,0.32572822410134517,-0.336614548494276
1.093,0.0,0.8401130830846562,-0.18951486697965692,0.0,0.31103647489772324,-0.3675522437622825
1.094,0.0,0.8401130830846562,-0.18951486697965692,0.0,0.17516149630761607,-0.2583293362356068
1.095,0.0,-0.15988691691534385,-0.18951486697965692,0.0,-0.02761806757931384,-0.05223542460463656
1.096,0.0,-0.15988691691534385,-0.18951486697965692,0.0,-0.21750765729072674,0.17106673010364068
1.097,0.0,-0.15988691691534385,0.8104851330203431,0.0,-0.3206583895805142,0.32629499034594206
1.098,0.0,-0.15988691691534385,0.8104851330203431,0.0,-0.2978976116734647,0.3551139825158075
1.099,0.0,-0.15988691691534385,-0.18951486697965692,0.0,-0.15954086005734844,0.2480780404654833
1.1,0.0,-0.15988691691534385,-0.18951486697965692,0.0,0.039285792151197374,0.04769009522582462
1.101,0.0,-0.15988691691534385,-0.18951486697965692,0.0,0.22068606561922166,-0.16839708692086275
1.102,0.0,-0.15988691691534385,-0.18951486697965692,0.0,0.3145422245725997,-0.31742147834781526
1.103,0.0,-0.15988691691534385,-0.18951486697965692,0.0,0.2855687305658659,-0.34318740878196624
1.104,0.0,-0.15988691691534385,-0.18951486697965692,0.0,0.1464476708490815,-0.23725911942811972
1.105,0.0,-0.15988691691534385,-0.18951486697965692,0.0,-0.047785796019250176,-0.04167868691159084
1.106,0.0,-0.15988691691534385,-0.18951486697965692,0.0,-0.22159789148253015,0.16764652449337816
1.107,0.0,-0.15988691691534385,-0.18951486697965692,0.0,-0.30833005973991845,0.31034400634758147
1.108,0.0,-0.15988691691534385,0.8104851330203431,0.0,-0.275661168790132,0.3323941798271906
1.109,0.0,-0.15988691691534385,-0.18951486697965692,0.0,-0.13747087868100105,0.22656212967639208
1.11,0.0,-0.15988691691534385,-0.18951486697965692,0.0,0.05216938814497355,0.03472190968170766
1.111,0.0,0.8401130830846562,-0.18951486697965692,0.0,0.22023611285410916,-0.16864925247250936
1.112,0.0,0.8401130830846562,-0.18951486697965692,0.0,0.30284261938836543,-0.3053181791386788
1.113,0.0,0.8401130830846562,-0.18951486697965692,0.0,0.2693811443665077,-0.32333058640107126
1.114,0.0,-0.15988691691534385,-0.18951486697965692,0.0,0.13365423236033877,-0.21672179535733438
1.115,0.0,-0.15988691691534385,-0.18951486697965692,0.0,-0.051958891512621286,-0.02743985669394966
1.116,0.0,-0.15988691691534385,-0.18951486697965692,0.0,-0.216785395795496,0.17111348242246546
1.117,0.0,-0.15988691691534385,0.8104851330203431,0.0,-0.2987082844588901,0.3024785866602466
1.118,0.0,-0.15988691691534385,0.8104851330203431,0.0,-0.26740761726398427,0.31650620140780567
1.119,0.0,-0.15988691691534385,-0.18951486697965692,0.0,-0.13537146245685663,0.20844246271614525
1.12,0.0,-0.15988691691534385,-0.18951486697965692,0.0,0.04722778882134652,0.02048919965479478
1.121,0.0,-0.15988691691534385,-0.18951486697965692,0.0,0.21163849552036193,-0.17464812979408667
1.122,0.0,-0.15988691691534385,-0.18951486697965692,0.0,0.2963285086815633,-0.30181861211200667
1.123,0.0,0.8401130830846562,-0.18951486697965692,0.0,0.2698394094574652,-0.3122829935593905
1.124,0.0,-0.15988691691534385,-0.18951486697965692,0.0,0.14228763689780086,-0.202317702321684
1.125,0.0,-0.15988691691534385,-0.18951486697965692,0.0,-0.03861024455248489,-0.014491703022262112
1.126,0.0,-0.15988691691534385,-0.18951486697965692,0.0,-0.20538545977145273,0.1788002240887829
1.127,0.0,-0.15988691691534385,0.8104851330203431,0.0,-0.2958712273157143,0.3031810543458986
1.128,0.0,-0.15988691691534385,0.8104851330203431,0.0,-0.27621591279774205,0.31082328088092526
1.129,0.0,-0.15988691691534385,-0.18951486697965692,0.0,-0.1534121699562539,0.19875456503667155
1.13,0.0,-0.15988691691534385,-0.18951486697965692,0.0,0.027235549546250813,0.009961247341425209
1.131,0.0,0.8401130830846562,-0.18951486697965692,0.0,0.19877231011091076,-0.18310088026276666
1.132,0.0,0.8401130830846562,-0.18951486697965692,0.0,0.297288617784625,-0.306263400675136
1.133,0.0,0.8401130830846562,-0.18951486697965692,0.0,0.28560599395648095,-0.3120550937561833
1.134,0.0,-0.15988691691534385,-0.18951486697965692,0.0,0.16723652459280244,-0.1979127942306717
1.135,0.0,-0.15988691691534385,-0.18951486697965692,0.0,-0.014593605623285868,-0.007237757129591633
1.136,0.0,-0.15988691691534385,-0.18951486697965692,0.0,-0.19263070344337005,0.18711627193523075
1.137,0.0,-0.15988691691534385,0.8104851330203431,0.0,-0.3003529962881982,0.31064018327691195
1.138,0.0,-0.15988691691534385,0.8104851330203431,0.0,-0.2967508931015945,0.31566238750786263
1.139,0.0,-0.15988691691534385,-0.18951486697965692,0.0,-0.1819380546364799,0.19966875130247114
1.14,0.0,-0.15988691691534385,-0.18951486697965692,0.0,0.0023476151586145294,0.006436756136988934
1.141,0.0,-0.15988691691534385,-0.18951486697965692,0.0,0.1877850851175742,-0.19049871403537083
1.142,0.0,-0.15988691691534385,-0.18951486697965692,0.0,0.3047032305761148,-0.3158026762346769
1.143,0.0,-0.15988691691534385,-0.18951486697965692,0.0,0.3082402003672387,-0.3211050416853227
1.144,0.0,-0.15988691691534385,-0.18951486697965692,0.0,0.1956223467255827,-0.2036117645379155
1.145,0.0,-0.15988691691534385,-0.18951486697965692,0.0,0.007881848437092874,-0.007422488262438592
1.146,0.0,-0.15988691691534385,-0.18951486697965692,0.0,-0.18494819881771243,0.19303197578332335
1.147,0.0,-0.15988691691534385,-0.18951486697965692,0.0,-0.309893900044532,0.3212134929357082
1.148,0.0,-0.15988691691534385,0.8104851330203431,0.0,-0.31869627799601674,0.32766989182777334
1.149,0.0,-0.15988691691534385,-0.18951486697965692,0.0,-0.2065711599184983,0.2090771256594889
1.15,0.0,-0.15988691691534385,-0.18951486697965692,0.0,-0.014732478424131583,0.009810545871740206
1.151,0.0,0.8401130830846562,-0.18951486697965692,0.0,0.18461876182879078,-0.19466457497340653
1.152,0.0,0.8401130830846562,-0.18951486697965692,0.0,0.3154404432789061,-0.326370821554693
1.153,0.0,0.8401130830846562,-0.18951486697965692,0.0,0.32694225047328174,-0.3345495820447821
1.154,0.0,0.8401130830846562,-0.18951486697965692,0.0,0.2134624007967934,-0.21521534845612003
1.155,0.0,0.8401130830846562,-0.18951486697965692,0.0,0.017285982882711295,-0.013002819151828555
1.156,0.0,-0.15988691691534385,-0.18951486697965692,0.0,-0.18699610032384886,0.19552527094733632
1.157,0.0,-0.15988691691534385,0.8104851330203431,0.0,-0.32085544802283633,0.3308745773660598
1.158,0.0,-0.15988691691534385,0.8104851330203431,0.0,-0.33213189479538746,0.34094142404216543
1.159,0.0,-0.15988691691534385,-0.18951486697965692,0.0,-0.21553263006890552,0.22109212094956482
1.16,0.0,-0.15988691691534385,-0.18951486697965692,0.0,-0.015197885913825227,0.01625360082437854
1.161,0.0,-0.15988691691534385,-0.18951486697965692,0.0,0.19192532146582136,-0.1959163906565876
1.162,0.0,-0.15988691691534385,-0.18951486697965692,0.0,0.32567369522556705,-0.3344851545867482
1.163,0.0,0.8401130830846562,-0.18951486697965692,0.0,0.3338259247090327,-0.3461544362716982
1.164,0.0,-0.15988691691534385,-0.18951486697965692,0.0,0.21266080470755727,-0.22580835442811778
1.165,0.0,-0.15988691691534385,-0.18951486697965692,0.0,0.008752643470848451,-0.01876131567282767
1.166,0.0,-0.15988691691534385,-0.18951486697965692,0.0,-0.19888327318733653,0.19628295642702107
1.167,0.0,-0.15988691691534385,0.8104851330203431,0.0,-0.32946614588197914,0.3371651476200956
1.168,0.0,-0.15988691691534385,0.8104851330203431,0.0,-0.3320073551493905,0.3497100516748818
1.169,0.0,-0.15988691691534385,-0.18951486697965692,0.0,-0.20536314241300394,0.2286256623649304
1.17,0.0,-0.15988691691534385,-0.18951486697965692,0.0,0.001164581512755243,0.01977619392629577
1.171,0.0,0.8401130830846562,-0.18951486697965692,0.0,0.20701053344063947,-0.1971586338723024
1.172,0.0,0.8401130830846562,-0.18951486697965692,0.0,0.33184533719355236,-0.3390956335530387
1.173,0.0,0.8401130830846562,-0.18951486697965692,0.0,0.32703764833576626,-0.35142123002217857
1.174,0.0,-0.15988691691534385,-0.18951486697965692,0.0,0.19470154038783008,-0.22908024022224113
1.175,0.0,-0.15988691691534385,-0.18951486697965692,0.0,-0.01317672420452419,-0.01871092391976486
1.176,0.0,-0.15988691691534385,-0.18951486697965692,0.0,-0.2151886667839519,0.19909292222137612
1.177,0.0,-0.15988691691534385,0.8104851330203431,0.0,-0.33246627206562135,0.34066137894600795
1.178,0.0,-0.15988691691534385,0.8104851330203431,0.0,-0.31956386014974425,0.35143624546914315
1.179,0.0,-0.15988691691534385,-0.18951486697965692,0.0,-0.1821200747713083,0.22706802768872975
1.18,0.0,-0.15988691691534385,-0.18951486697965692,0.0,0.025590329055926207,0.015239505248473981
1.181,0.0,-0.15988691691534385,-0.18951486697965692,0.0,0.22215583270726255,-0.20256728450960346
1.182,0.0,0.8401130830846562,-0.18951486697965692,0.0,0.3310275887946707,-0.3424033987468346
1.183,0.0,-0.15988691691534385,-0.18951486697965692,0.0,0.31039378249374755,-0.3502372543787233
1.184,0.0,-0.15988691691534385,-0.18951486697965692,0.0,0.16923400427388627,-0.22288648012217116
1.185,0.0,-0.15988691691534385,-0.18951486697965692,0.0,-0.036614675732604816,-0.009369625989738981
1.186,0.0,-0.15988691691534385,-0.18951486697965692,0.0,-0.2266484005788493,0.20791052465875506
1.187,0.0,-0.15988691691534385,0.8104851330203431,0.0,-0.3272774729467519,0.344942141007784
1.188,0.0,-0.15988691691534385,0.8104851330203431,0.0,-0.3003601337998672,0.3485895151743594
1.189,0.0,-0.15988691691534385,-0.18951486697965692,0.0,-0.1576019814130496,0.21722314027668685
1.19,0.0,0.8401130830846562,-0.18951486697965692,0.0,0.04459542329658899,0.0014761068100191763
1.191,0.0,-0.15988691691534385,-0.18951486697965692,0.0,0.22755229178695924,-0.2152251564314691
1.192,0.0,0.8401130830846562,-0.18951486697965692,0.0,0.32102746612572286,-0.3488794897306863
1.193,0.0,0.8401130830846562,-0.18951486697965692,0.0,0.2901956131579256,-0.34744410784808916
1.194,0.0,0.8401130830846562,-0.18951486697965692,0.0,0.14851395452407484,-0.21108797339290883
1.195,0.0,-0.15988691691534385,-0.18951486697965692,0.0,-0.048231726304655616,0.007712814976439873
1.196,0.0,-0.15988691691534385,-0.18951486697965692,0.0,-0.2240458881849643,0.22433639129096247
1.197,0.0,-0.15988691691534385,0.8104851330203431,0.0,-0.3121752373244446,0.3546919685896196
1.198,0.0,-0.15988691691534385,0.8104851330203431,0.0,-0.28043802687345226,0.3478041959894093
1.199,0.0,-0.15988691691534385,-0.18951486697965692,0.0,-0.14282430891213332,0.20569424875025843
1.2,0.0,-0.15988691691534385,-0.18951486697965692,0.0,0.046748131419301,-0.01717877351267035
1.201,0.0,-0.15988691691534385,-0.18951486697965692,0.0,0.21571678525036067,-0.2347735162342419
1.202,0.0,-0.15988691691534385,-0.18951486697965692,0.0,0.3007348450479326,-0.36263022650446897
1.203,0.0,-0.15988691691534385,-0.18951486697965692,0.0,0.271379153666093,-0.35057117530667775
1.204,0.0,-0.15988691691534385,-0.18951486697965692,0.0,0.14085263013915636,-0.2023005209639268
1.205,0.0,-0.15988691691534385,-0.18951486697965692,0.0,-0.039998848195325974,0.025721857230744768
1.206,0.0,-0.15988691691534385,-0.18951486697965692,0.0,-0.2026373760162661,0.24578991369150324
1.207,0.0,-0.15988691691534385,0.8104851330203431,0.0,-0.28687045628702285,0.37264050066967425
1.208,0.0,-0.15988691691534385,0.8104851330203431,0.0,-0.26306341936221156,0.35639139795273816
1.209,0.0,-0.15988691691534385,-0.18951486697965692,0.0,-0.1423641837215275,0.20203280697407294
1.21,0.0,-0.15988691691534385,-0.18951486697965692,0.0,0.028491267972084528,-0.03210355131550348
1.211,0.0,0.8401130830846562,-0.18951486697965692,0.0,0.1853888721082192,-0.25642314263421917
1.212,0.0,0.8401130830846562,-0.18951486697965692,0.0,0.27092735953380814,-0.3843219822640891
1.213,0.0,0.8401130830846562,-0.18951486697965692,0.0,0.25533400550734775,-0.3655257217742308
1.214,0.0,0.8401130830846562,-0.18951486697965692,0.0,0.1466303543572543,-0.20571029527527726
1.215,0.0,-0.15988691691534385,-0.18951486697965692,0.0,-0.013326531767907317,0.03520745689600353
1.216,0.0,-0.15988691691534385,-0.18951486697965692,0.0,-0.16502930157025675,0.2655909484942446
1.217,0.0,-0.15988691691534385,0.8104851330203431,0.0,-0.2534528393427192,0.3969299200032361
1.218,0.0,-0.15988691691534385,0.8104851330203431,0.0,-0.24791605757377683,0.3777624632268489
1.219,0.0,-0.15988691691534385,-0.18951486697965692,0.0,-0.15255765091036985,0.21369906922205217
1.22,0.0,-0.15988691691534385,-0.18951486697965692,0.0,-0.0039340346545340635,-0.03419746894147304
1.221,0.0,-0.15988691691534385,-0.18951486697965692,0.0,0.14300751663100794,-0.2722135692596719
1.222,0.0,-0.15988691691534385,-0.18951486697965692,0.0,0.23519939659776842,-0.40942833836449033
1.223,0.0,-0.15988691691534385,-0.18951486697965692,0.0,0.240520457519401,-0.39238947090968646
1.224,0.0,-0.15988691691534385,-0.18951486697965692,0.0,0.15886418353082685,-0.22581600745104896
1.225,0.0,-0.15988691691534385,-0.18951486697965692,0.0,0.0214582250801185,0.02865195526234126
1.226,0.0,-0.15988691691534385,-0.18951486697965692,0.0,-0.12103149780225246,0.2753480928677672
1.227,0.0,-0.15988691691534385,0.8104851330203431,0.0,-0.21710407089021358,0.4205892125515219
1.228,0.0,-0.15988691691534385,0.8104851330203431,0.0,-0.232948185089896,0.40823352892944104
1.229,0.0,-0.15988691691534385,-0.18951486697965692,0.0,-0.16427616522421548,0.2412993797433282
1.23,0.0,-0.15988691691534385,-0.18951486697965692,0.0,-0.037362755417558714,-0.01865427812124557
1.231,0.0,-0.15988691691534385,-0.18951486697965692,0.0,0.10090451125666756,-0.2743176718141635
1.232,0.0,0.8401130830846562,-0.18951486697965692,0.0,0.20024021874112996,-0.42912785607636256
1.233,0.0,0.8401130830846562,-0.18951486697965692,0.0,0.22517518665197792,-0.4237661379327945
1.234,0.0,-0.15988691691534385,-0.18951486697965692,0.0,0.1677148661732288,-0.2588543361874816
1.235,0.0,-0.15988691691534385,-0.18951486697965692,0.0,0.04993506344659068,0.00482466734726832
1.236,0.0,-0.15988691691534385,0.8104851330203431,0.0,-0.08434636946384191,0.26881769894991037
1.237,0.0,-0.15988691691534385,0.8104851330203431,0.0,-0.1857417771392192,0.4338582432890279
1.238,0.0,-0.15988691691534385,0.8104851330203431,0.0,-0.21740094784786215,0.4372652089773625
1.239,0.0,-0.15988691691534385,-0.18951486697965692,0.0,-0.1684467864300374,0.27677157690589294
1.24,0.0,-0.15988691691534385,-0.18951486697965692,0.0,-0.05782925576394147,0.011714508018998818
1.241,0.0,-0.15988691691534385,-0.18951486697965692,0.0,0.07281877671593845,-0.2589828786978999
1.242,0.0,-0.15988691691534385,-0.18951486697965692,0.0,0.17470434768894963,-0.43384801421697733
1.243,0.0,-0.15988691691534385,-0.18951486697965692,0.0,0.21005013269891923,-0.44701375955795036
1.244,0.0,-0.15988691691534385,-0.18951486697965692,0.0,0.16617616244549024,-0.293107360878206
1.245,0.0,-0.15988691691534385,-0.18951486697965692,0.0,0.06021267468229489,-0.029439486504307333
1.246,0.0,-0.15988691691534385,-0.18951486697965692,0.0,-0.06737336975635727,0.24540340807409552
1.247,0.0,-0.15988691691534385,0.8104851330203431,0.0,-0.16807176977599791,0.42855172951420356
1.248,0.0,-0.15988691691534385,0.8104851330203431,0.0,-0.2037247386105179,0.45151063465506763
1.249,0.0,-0.15988691691534385,0.8104851330203431,0.0,-0.16106823434161657,0.3059041240495993
1.25,0.0,-0.15988691691534385,-0.18951486697965692,0.0,-0.0568468067756571,0.04658239851573015
1.251,0.0,-0.15988691691534385,-0.18951486697965692,0.0,0.06853868839766952,-0.22908474887118147
1.252,0.0,0.8401130830846562,-0.18951486697965692,0.0,0.16652053077597154,-0.41790289174234635
1.253,0.0,0.8401130830846562,-0.18951486697965692,0.0,0.19911292685502,-0.4496655834019746
1.254,0.0,0.8401130830846562,-0.18951486697965692,0.0,0.1537024909482643,-0.31342465388482704
1.255,0.0,-0.15988691691534385,-0.18951486697965692,0.0,0.04809530861258721,-0.06132758941732724
1.256,0.0,-0.15988691691534385,-0.18951486697965692,0.0,-0.07625824232651335,0.21135292920434162
1.257,0.0,-0.15988691691534385,0.8104851330203431,0.0,-0.17035672619739659,0.40235017957449365
1.258,0.0,-0.15988691691534385,0.8104851330203431,0.0,-0.1968685964722109,0.4409522132370721
1.259,0.0,-0.15988691691534385,-0.18951486697965692,0.0,-0.1449656986486812,0.31436999571959195
1.26,0.0,-0.15988691691534385,-0.18951486697965692,0.0,-0.03486146625814877,0.07202351218293554
1.261,0.0,-0.15988691691534385,-0.18951486697965692,0.0,0.08988655020649758,-0.19371493189792321
1.262,0.0,-0.15988691691534385,-0.18951486697965692,0.0,0.17944079664237036,-0.3828306310073472
1.263,0.0,-0.15988691691534385,-0.18951486697965692,0.0,0.19748154937132817,-0.42549734838235653
1.264,0.0,-0.15988691691534385,-0.18951486697965692,0.0,0.13590329423868078,-0.30805253484990136
1.265,0.0,-0.15988691691534385,-0.18951486697965692,0.0,0.01846611898877851,-0.07738371521016091
1.266,0.0,-0.15988691691534385,-0.18951486697965692,0.0,-0.10824408774679227,0.17769039734059772
1.267,0.0,-0.15988691691534385,0.8104851330203431,0.0,-0.1931536185139973,0.3606811416627703
1.268,0.0,-0.15988691691534385,0.8104851330203431,0.0,-0.20116073329091091,0.4040934864910503
1.269,0.0,-0.15988691691534385,0.8104851330203431,0.0,-0.127553382609673,0.29450091587054533
1.27,0.0,-0.15988691691534385,-0.18951486697965692,0.0,-0.0004838421171818376,0.07665093507756307
1.271,0.0,-0.15988691691534385,-0.18951486697965692,0.0,0.12972610088282086,-0.1646355616419514
1.272,0.0,0.8401130830846562,-0.18951486697965692,0.0,0.21041369508494684,-0.33749834979895355
1.273,0.0,0.8401130830846562,-0.18951486697965692,0.0,0.20775201995704687,-0.37813123365520407
1.274,0.0,-0.15988691691534385,-0.18951486697965692,0.0,0.120789339869056,-0.27448195962463345
1.275,0.0,-0.15988691691534385,-0.18951486697965692,0.0,-0.01744078145809755,-0.06970231942449125
1.276,0.0,-0.15988691691534385,-0.18951486697965692,0.0,-0.1524548039878416,0.15558228644494054
1.277,0.0,-0.15988691691534385,0.8104851330203431,0.0,-0.22974949887682206,0.3149644446375633
1.278,0.0,-0.15988691691534385,0.8104851330203431,0.0,-0.21670733354194482,0.34945934088385955
1.279,0.0,-0.15988691691534385,-0.18951486697965692,0.0,-0.11619471896824593,0.24943536709059802
1.28,0.0,-0.15988691691534385,-0.18951486697965692,0.0,0.03377401458597257,0.05708089183606984
1.281,0.0,-0.15988691691534385,-0.18951486697965692,0.0,0.17446010385998043,-0.15111381303899554
1.282,0.0,-0.15988691691534385,-0.18951486697965692,0.0,0.24942408778835748,-0.2946615013341656
1.283,0.0,-0.15988691691534385,-0.18951486697965692,0.0,0.22711433302166914,-0.32018970579275396
1.284,0.0,-0.15988691691534385,-0.18951486697965692,0.0,0.11398826341174334,-0.22132829136725396
1.285,0.0,-0.15988691691534385,-0.18951486697965692,0.0,-0.04725017449968826,-0.039947622085801215
1.286,0.0,-0.15988691691534385,-0.18951486697965692,0.0,-0.19387107017504915,0.15129454632471606
1.287,0.0,-0.15988691691534385,-0.18951486697965692,0.0,-0.2676018405265228,0.2778988041614554
1.288,0.0,-0.15988691691534385,0.8104851330203431,0.0,-0.23778641451476645,0.2924720275498201
1.289,0.0,-0.15988691691534385,-0.18951486697965692,0.0,-0.11400838082786212,0.19244724632717833
1.29,0.0,-0.15988691691534385,-0.18951486697965692,0.0,0.05698890881480903,0.019958650497776998
1.291,0.0,0.8401130830846562,-0.18951486697965692,0.0,0.20909917719180554,-0.15566426638213035
1.292,0.0,0.8401130830846562,-0.18951486697965692,0.0,0.28254055630724195,-0.26557594306011456
1.293,0.0,-0.15988691691534385,-0.18951486697965692,0.0,0.24740300730965756,-0.26826666046670605
1.294,0.0,-0.15988691691534385,-0.18951486697965692,0.0,0.1157568146643424,-0.16515286713218183
1.295,0.0,-0.15988691691534385,-0.18951486697965692,0.0,-0.06256238909631187,0.0009180482800800414
1.296,0.0,-0.15988691691534385,-0.18951486697965692,0.0,-0.21899498205657963,0.16329860289165735
1.297,0.0,-0.15988691691534385,0.8104851330203431,0.0,-0.29278725985222825,0.25809947551615997
1.298,0.0,-0.15988691691534385,0.8104851330203431,0.0,-0.25468156014940846,0.2491440754141698
1.299,0.0,-0.15988691691534385,-0.18951486697965692,0.0,-0.11849202825869085,0.14162764823945367
1.3,0.0,-0.15988691691534385,-0.18951486697965692,0.0,0.06400910067080033,-0.02062432698718316
1.301,0.0,-0.15988691691534385,-0.18951486697965692,0.0,0.22296233536455745,-0.17292859088762752
1.302,0.0,0.8401130830846562,-0.18951486697965692,0.0,0.2973537044464395,-0.255363369787815
1.303,0.0,-0.15988691691534385,-0.18951486697965692,0.0,0.2585566707917692,-0.23613528259800487
1.304,0.0,0.8401130830846562,-0.18951486697965692,0.0,0.12135542734798668,-0.12364736110952798
1.305,0.0,-0.15988691691534385,-0.18951486697965692,0.0,-0.061797456067044156,0.03724455521296353
1.306,0.0,-0.15988691691534385,-0.18951486697965692,0.0,-0.2210182362966776,0.18310395437734378
1.307,0.0,-0.15988691691534385,-0.18951486697965692,0.0,-0.29584832563734437,0.2567944246056324
1.308,0.0,-0.15988691691534385,-0.18951486697965692,0.0,-0.25833953620720096,0.22965024991600672
1.309,0.0,-0.15988691691534385,-0.18951486697965692,0.0,-0.12350910957133626,0.11240337668989844
1.31,0.0,-0.15988691691534385,-0.18951486697965692,0.0,0.05674789607871266,-0.049220567508621714
1.311,0.0,0.8401130830846562,-0.18951486697965692,0.0,0.2137916988067837,-0.19237863896543114
1.312,0.0,0.8401130830846562,-0.18951486697965692,0.0,0.28854540257574096,-0.26145475691851316
1.313,0.0,0.8401130830846562,-0.18951486697965692,0.0,0.25383276743028443,-0.22947189472601598
1.314,0.0,-0.15988691691534385,-0.18951486697965692,0.0,0.12426295491376257,-0.1083961371508377
1.315,0.0,-0.15988691691534385,0.8104851330203431,0.0,-0.049925880584577864,0.05552242675603446
1.316,0.0,-0.15988691691534385,-0.18951486697965692,0.0,-0.202461013827147,0.19949395462863131
1.317,0.0,-0.15988691691534385,0.8104851330203431,0.0,-0.2763791009462922,0.26818563323696454
1.318,0.0,-0.15988691691534385,0.8104851330203431,0.0,-0.2453814470211228,0.23482304771398954
1.319,0.0,-0.15988691691534385,-0.18951486697965692,0.0,-0.12317158201675318,0.11141056530209784
1.32,0.0,-0.15988691691534385,-0.18951486697965692,0.0,0.0425199311605539,-0.0557543602595711
1.321,0.0,-0.15988691691534385,-0.18951486697965692,0.0,0.18863501018905687,-0.20353498587731048
1.322,0.0,-0.15988691691534385,-0.18951486697965692,0.0,0.2608591168378006,-0.2757715514520785
1.323,0.0,0.8401130830846562,-0.18951486697965692,0.0,0.23385029713268354,-0.24449436330181634
1.324,0.0,-0.15988691691534385,-0.18951486697965692,0.0,0.1200874349655249,-0.12057361352365639
1.325,0.0,-0.15988691691534385,-0.18951486697965692,0.0,-0.0357187035649004,0.05018369944645284
1.326,0.0,-0.15988691691534385,-0.18951486697965692,0.0,-0.17418972098249227,0.20403966015304686
1.327,0.0,-0.15988691691534385,0.8104851330203431,0.0,-0.24391466692584082,0.28310132469333266
1.328,0.0,-0.15988691691534385,0.8104851330203431,0.0,-0.22052764110131556,0.2570137943102685
1.329,0.0,-0.15988691691534385,-0.18951486697965692,0.0,-0.11516400097501762,0.1344838958641839
1.33,0.0,-0.15988691691534385,-0.18951486697965692,0.0,0.03059924690797462,-0.03969063321994558
1.331,0.0,-0.15988691691534385,-0.18951486697965692,0.0,0.16107664643816408,-0.2010465057203879
1.332,0.0,0.8401130830846562,-0.18951486697965692,0.0,0.2276832160601675,-0.2893042309065381
1.333,0.0,-0.15988691691534385,-0.18951486697965692,0.0,0.2069678323540821,-0.2708339119558508
1.334,0.0,-0.15988691691534385,-0.18951486697965692,0.0,0.10881156231898576,-0.1513947776240494
1.335,0.0,-0.15988691691534385,-0.18951486697965692,0.0,-0.02803564608168262,0.0256467069291524
1.336,0.0,-0.15988691691534385,-0.18951486697965692,0.0,-0.15112203220676373,0.1950757114881198
1.337,0.0,-0.15988691691534385,0.8104851330203431,0.0,-0.21426821776154253,0.29384378016176693
1.338,0.0,-0.15988691691534385,0.8104851330203431,0.0,-0.19479328195829745,0.2845124971096299
1.339,0.0,-0.15988691691534385,-0.18951486697965692,0.0,-0.1016155546575913,0.16942648834976878
1.34,0.0,-0.15988691691534385,-0.18951486697965692,0.0,0.02863373297440828,-0.009738899018712114
1.341,0.0,-0.15988691691534385,-0.18951486697965692,0.0,0.1458378487774208,-0.18704736716294937
1.342,0.0,-0.15988691691534385,-0.18951486697965692,0.0,0.2054950722574708,-0.2965585360721382
1.343,0.0,-0.15988691691534385,-0.18951486697965692,0.0,0.1854836422557536,-0.2968643773207028
1.344,0.0,-0.15988691691534385,-0.18951486697965692,0.0,0.09423329692865096,-0.18678042125419042
1.345,0.0,-0.15988691691534385,-0.18951486697965692,0.0,-0.032694063229469814,-0.006237388312962615
1.346,0.0,-0.15988691691534385,-0.18951486697965692,0.0,-0.14626424877396632,0.17814935831230988
1.347,0.0,-0.15988691691534385,-0.18951486697965692,0.0,-0.20269566258096158,0.29764757474370285
1.348,0.0,-0.15988691691534385,0.8104851330203431,0.0,-0.18018205390870784,0.3070678592040709
1.349,0.0,-0.15988691691534385,-0.18951486697965692,0.0,-0.0872876940637208,0.20192993152103184
1.35,0.0,-0.15988691691534385,-0.18951486697965692,0.0,0.04020235687406762,0.020589801420708723
1.351,0.0,0.8401130830846562,-0.18951486697965692,0.0,0.15286020974206888,-0.16967407130647866
1.352,0.0,0.8401130830846562,-0.18951486697965692,0.0,0.2065489099451979,-0.2976062791325092
1.353,0.0,0.8401130830846562,-0.18951486697965692,0.0,0.1795462184540316,-0.31471634793530906
1.354,0.0,-0.15988691691534385,-0.18951486697965692,0.0,0.08127611014826899,-0.21376630308352967
1.355,0.0,-0.15988691691534385,-0.18951486697965692,0.0,-0.050844394677965636,-0.03191863959003182
1.356,0.0,-0.15988691691534385,-0.18951486697965692,0.0,-0.16545410453190407,0.16284688049103463
1.357,0.0,-0.15988691691534385,0.8104851330203431,0.0,-0.2169980753771833,0.29712500530568803
1.358,0.0,-0.15988691691534385,0.8104851330203431,0.0,-0.18366569947525493,0.3198136847696736
1.359,0.0,-0.15988691691534385,-0.18951486697965692,0.0,-0.07650913434343798,0.22168535917465784
1.36,0.0,-0.15988691691534385,-0.18951486697965692,0.0,0.06404105766682605,0.03926199234684366
1.361,0.0,-0.15988691691534385,-0.18951486697965692,0.0,0.1832595784382186,-0.15866983865437406
1.362,0.0,-0.15988691691534385,-0.18951486697965692,0.0,0.23325586694034703,-0.2969677285884999
1.363,0.0,-0.15988691691534385,-0.18951486697965692,0.0,0.19205722695047703,-0.3227191843713033
1.364,0.0,-0.15988691691534385,-0.18951486697965692,0.0,0.07308809403041629,-0.2256084049410441
1.365,0.0,-0.15988691691534385,-0.18951486697965692,0.0,-0.07899872521291543,-0.04218037474179181
1.366,0.0,-0.15988691691534385,-0.18951486697965692,0.0,-0.2049550409730735,0.157801080638471
1.367,0.0,-0.15988691691534385,-0.18951486697965692,0.0,-0.2538970849925206,0.29784949507181896
1.368,0.0,-0.15988691691534385,0.8104851330203431,0.0,-0.2037383439095556,0.3240543006888113
1.369,0.0,-0.15988691691534385,-0.18951486697965692,0.0,-0.07092297504259946,0.22593965125015986
1.37,0.0,-0.15988691691534385,-0.18951486697965692,0.0,0.09477040139695071,0.04077324542488939
1.371,0.0,0.8401130830846562,-0.18951486697965692,0.0,0.22881810510072606,-0.16048469341016044
1.372,0.0,0.8401130830846562,-0.18951486697965692,0.0,0.27702711683054343,-0.30033026530339285
1.373,0.0,0.8401130830846562,-0.18951486697965692,0.0,0.21736824457345585,-0.3245865919765963
1.374,0.0,-0.15988691691534385,-0.18951486697965692,0.0,0.06978515327118866,-0.2234698689785239
1.375,0.0,-0.15988691691534385,-0.18951486697965692,0.0,-0.11032344065725645,-0.0356288694038313
1.376,0.0,-0.15988691691534385,-0.18951486697965692,0.0,-0.2529002516363157,0.1665381366374719
1.377,0.0,-0.15988691691534385,0.8104851330203431,0.0,-0.3005046838791229,0.30473892097312716
1.378,0.0,-0.15988691691534385,0.8104851330203431,0.0,-0.23143487374899194,0.3251078883195799
1.379,0.0,-0.15988691691534385,-0.18951486697965692,0.0,-0.06938327395950969,0.21924185353105727
1.38,0.0,-0.15988691691534385,-0.18951486697965692,0.0,0.12461031005431566,0.027717477009318706
1.381,0.0,-0.15988691691534385,-0.18951486697965692,0.0,0.2752225981266998,-0.1753959138137908
1.382,0.0,-0.15988691691534385,-0.18951486697965692,0.0,0.322190257849897,-0.31113558696166743
1.383,0.0,-0.15988691691534385,-0.18951486697965692,0.0,0.24446078607139912,-0.3263223928210643
1.384,0.0,-0.15988691691534385,-0.18951486697965692,0.0,0.06944675541978254,-0.2143967383036875
1.385,0.0,-0.15988691691534385,-0.18951486697965692,0.0,-0.13663923497926986,-0.018244457173968883
1.386,0.0,-0.15988691691534385,-0.18951486697965692,0.0,-0.2939714593311557,0.18620036681286067
1.387,0.0,-0.15988691691534385,0.8104851330203431,0.0,-0.34018849233638376,0.31931402262167635
1.388,0.0,-0.15988691691534385,0.8104851330203431,0.0,-0.25519789301921453,0.3287573254384261
1.389,0.0,-0.15988691691534385,-0.18951486697965692,0.0,-0.06980036673674844,0.2100210431342554
1.39,0.0,-0.15988691691534385,-0.18951486697965692,0.0,0.14554171069399363,0.008484571039111778
1.391,0.0,0.8401130830846562,-0.18951486697965692,0.0,0.3076726826968018,-0.19792434173922388
1.392,0.0,0.8401130830846562,-0.18951486697965692,0.0,0.3530542910169408,-0.3288397425827621
1.393,0.0,0.8401130830846562,-0.18951486697965692,0.0,0.2627833856509477,-0.33270434156184925
1.394,0.0,-0.15988691691534385,-0.18951486697965692,0.0,0.07041526213172795,-0.20701269922467772
1.395,0.0,-0.15988691691534385,-0.18951486697965692,0.0,-0.15063372961897584,0.00038056937844221597
1.396,0.0,-0.15988691691534385,-0.18951486697965692,0.0,-0.31532649637151805,0.20950689467721487
1.397,0.0,-0.15988691691534385,0.8104851330203431,0.0,-0.35993754535823086,0.33911469881647327
1.398,0.0,-0.15988691691534385,0.8104851330203431,0.0,-0.26683542992258336,0.33819512115494826
1.399,0.0,-0.15988691691534385,-0.18951486697965692,0.0,-0.07142636571902265,0.20598058301093145
1.4,0.0,-0.15988691691534385,-0.18951486697965692,0.0,0.1514672930204165,-0.007401262517217377
1.401,0.0,0.8401130830846562,-0.18951486697965692,0.0,0.3164894726926323,-0.21998259131093786
1.402,0.0,0.8401130830846562,-0.18951486697965692,0.0,0.36065031011178933,-0.3494564702101099
1.403,0.0,-0.15988691691534385,-0.18951486697965692,0.0,0.26747666059088016,-0.34500998132889105
1.404,0.0,-0.15988691691534385,-0.18951486697965692,0.0,0.07311226946101902,-0.20718696380457727
1.405,0.0,-0.15988691691534385,-0.18951486697965692,0.0,-0.14786854380453443,0.011958587255575753
1.406,0.0,-0.15988691691534385,-0.18951486697965692,0.0,-0.3112965659548127,0.22858724673072092
1.407,0.0,-0.15988691691534385,0.8104851330203431,0.0,-0.3556509490360222,0.35917925920895105
1.408,0.0,-0.15988691691534385,0.8104851330203431,0.0,-0.2652845429378986,0.35271470625239826
1.409,0.0,-0.15988691691534385,-0.18951486697965692,0.0,-0.07584072255020095,0.21053647869870157
1.41,0.0,-0.15988691691534385,-0.18951486697965692,0.0,0.13995890019772703,-0.013813494107894127
1.411,0.0,0.8401130830846562,-0.18951486697965692,0.0,0.3004232167733861,-0.2348276432017902
1.412,0.0,0.8401130830846562,-0.18951486697965692,0.0,0.34595099871553076,-0.3676654729280963
1.413,0.0,0.8401130830846562,-0.18951486697965692,0.0,0.2611785906710842,-0.36071836514818445
1.414,0.0,-0.15988691691534385,-0.18951486697965692,0.0,0.079989142372177,-0.2156095467981554
1.415,0.0,-0.15988691691534385,-0.18951486697965692,0.0,-0.12815608407930232,0.01310340182291006
1.416,0.0,-0.15988691691534385,-0.18951486697965692,0.0,-0.2849943326891161,0.23850899445706006
1.417,0.0,-0.15988691691534385,0.8104851330203431,0.0,-0.3329605477131835,0.37441979120473007
1.418,0.0,-0.15988691691534385,0.8104851330203431,0.0,-0.2562635340733987,0.36834379082329216
1.419,0.0,-0.15988691691534385,-0.18951486697965692,0.0,-0.08585426549605135,0.22173317982241308
1.42,0.0,-0.15988691691534385,-0.18951486697965692,0.0,0.11315303693723372,-0.010290656178822239
1.421,0.0,-0.15988691691534385,-0.18951486697965692,0.0,0.26645270464505255,-0.23972063566636953
1.422,0.0,-0.15988691691534385,-0.18951486697965692,0.0,0.31829540144886315,-0.3791016661348281
1.423,0.0,-0.15988691691534385,-0.18951486697965692,0.0,0.2516534544771679,-0.37490247194638165
1.424,0.0,-0.15988691691534385,-0.18951486697965692,0.0,0.09356727811472614,-0.22807842799105202
1.425,0.0,-0.15988691691534385,-0.18951486697965692,0.0,-0.09587439758234703,0.006073228278810922
1.426,0.0,-0.15988691691534385,-0.18951486697965692,0.0,-0.24640341074746455,0.23878652893846927
1.427,0.0,-0.15988691691534385,0.8104851330203431,0.0,-0.3035732093948789,0.38153632416989286
1.428,0.0,-0.15988691691534385,0.8104851330203431,0.0,-0.24830380284674397,0.3797665607997487
1.429,0.0,-0.15988691691534385,-0.18951486697965692,0.0,-0.10303014591146012,0.23377150667141366
1.43,0.0,-0.15988691691534385,-0.18951486697965692,0.0,0.07741234518440375,-0.0012722480828971296
1.431,0.0,0.8401130830846562,-0.18951486697965692,0.0,0.22645255532218642,-0.23619176154140498
1.432,0.0,0.8401130830846562,-0.18951486697965692,0.0,0.2902256422009826,-0.3817077796771683
1.433,0.0,0.8401130830846562,-0.18951486697965692,0.0,0.24687592350100773,-0.3824321301853624
1.434,0.0,-0.15988691691534385,-0.18951486697965692,0.0,0.11388552017376333,-0.23800506148335626
1.435,0.0,-0.15988691691534385,-0.18951486697965692,0.0,-0.05894593774528388,-0.0032870684084674064
1.436,0.0,-0.15988691691534385,-0.18951486697965692,0.0,-0.20805816477184763,0.23249865460451302
1.437,0.0,-0.15988691691534385,0.8104851330203431,0.0,-0.2793498083561672,0.37973954649408864
1.438,0.0,-0.15988691691534385,0.8104851330203431,0.0,-0.2476527038984768,0.38256936577909306
1.439,0.0,-0.15988691691534385,-0.18951486697965692,0.0,-0.1255271117210176,0.24013694415395742
1.44,0.0,-0.15988691691534385,-0.18951486697965692,0.0,0.04165026817593795,0.0068849447596771775
1.441,0.0,-0.15988691691534385,-0.18951486697965692,0.0,0.1924084018282041,-0.22826615899911423
1.442,0.0,-0.15988691691534385,-0.18951486697965692,0.0,0.2716151467143444,-0.37586937848584084
1.443,0.0,-0.15988691691534385,-0.18951486697965692,0.0,0.25051534048160407,-0.3800567886608535
1.444,0.0,-0.15988691691534385,-0.18951486697965692,0.0,0.13715073939540193,-0.23976604199026735
1.445,0.0,-0.15988691691534385,-0.18951486697965692,0.0,-0.026603460191841996,-0.008993417139364803
1.446,0.0,-0.15988691691534385,-0.18951486697965692,0.0,-0.18033793508401097,0.2239840657455973
1.447,0.0,-0.15988691691534385,0.8104851330203431,0.0,-0.26723320792963,0.37042354183268345
1.448,0.0,-0.15988691691534385,0.8104851330203431,0.0,-0.2549814097396767,0.37499774340174796
1.449,0.0,-0.15988691691534385,-0.18951486697965692,0.0,-0.14783951449004265,0.23677779045714897
1.45,0.0,-0.15988691691534385,-0.18951486697965692,0.0,0.014700413640938976,0.009330134399070643
1.451,0.0,0.8401130830846562,-0.18951486697965692,0.0,0.1722879796776603,-0.22002973236912063
1.452,0.0,0.8401130830846562,-0.18951486697965692,0.0,0.2659884598747472,-0.36379418266095065
1.453,0.0,0.8401130830846562,-0.18951486697965692,0.0,0.26029506300025274,-0.3677182809417608
1.454,0.0,0.8401130830846562,-0.18951486697965692,0.0,0.15667095576601328,-0.23135561674578806
1.455,0.0,-0.15988691691534385,-0.18951486697965692,0.0,-0.00658205965769822,-0.007875288096499252
1.456,0.0,-0.15988691691534385,-0.18951486697965692,0.0,-0.16830997018374122,0.21665030545863112
1.457,0.0,-0.15988691691534385,0.8104851330203431,0.0,-0.2673199324601785,0.35642087707370845
1.458,0.0,-0.15988691691534385,0.8104851330203431,0.0,-0.2655526957853188,0.35874634364160424
1.459,0.0,-0.15988691691534385,-0.18951486697965692,0.0,-0.162830186876678,0.22395832599126816
1.46,0.0,-0.15988691691534385,-0.18951486697965692,0.0,0.002587619121972417,0.004852658966380213
1.461,0.0,-0.15988691691534385,-0.18951486697965692,0.0,0.16810777937876553,-0.2139686873408669
1.462,0.0,-0.15988691691534385,-0.18951486697965692,0.0,0.2704373425604544,-0.3487750923606843
1.463,0.0,-0.15988691691534385,-0.18951486697965692,0.0,0.269842984667988,-0.3487730017945495
1.464,0.0,-0.15988691691534385,-0.18951486697965692,0.0,0.16571234142203847,-0.2152669941576582
1.465,0.0,-0.15988691691534385,-0.18951486697965692,0.0,-0.002735059256278957,-0.0006804687178309809
1.466,0.0,-0.15988691691534385,-0.18951486697965692,0.0,-0.1711094706058044,0.2120075796298731
1.467,0.0,-0.15988691691534385,0.8104851330203431,0.0,-0.2744520914050164,0.3413446444634538
1.468,0.0,-0.15988691691534385,0.8104851330203431,0.0,-0.2723793061285845,0.3385975515484895
1.469,0.0,-0.15988691691534385,-0.18951486697965692,0.0,-0.16499903318198184,0.20610796643680065
1.47,0.0,-0.15988691691534385,-0.18951486697965692,0.0,0.006731863033284117,-0.004098754850115866
1.471,0.0,0.8401130830846562,-0.18951486697965692,0.0,0.17655717343413135,-0.21072346903030245
1.472,0.0,0.8401130830846562,-0.18951486697965692,0.0,0.2785034759404084,-0.33461471837696255
1.473,0.0,0.8401130830846562,-0.18951486697965692,0.0,0.2726052095327509,-0.32905962874145966
1.474,0.0,0.8401130830846562,-0.18951486697965692,0.0,0.16069791467022593,-0.1973608342969157
1.475,0.0,-0.15988691691534385,-0.18951486697965692,0.0,-0.014014748712106388,0.008898142523644197
1.476,0.0,-0.15988691691534385,-0.18951486697965692,0.0,-0.18360295815519456,0.2100417324430571
1.477,0.0,-0.15988691691534385,0.8104851330203431,0.0,-0.2818633471325979,0.32904276462836674
1.478,0.0,-0.15988691691534385,0.8104851330203431,0.0,-0.27025918348688194,0.3209630552489341
1.479,0.0,-0.15988691691534385,-0.18951486697965692,0.0,-0.1531402138444163,0.18986160531157528
1.48,0.0,-0.15988691691534385,-0.18951486697965692,0.0,0.023813567353968893,-0.013164875381055785
1.481,0.0,-0.15988691691534385,-0.18951486697965692,0.0,0.19139945888701915,-0.20988511669125978
1.482,0.0,-0.15988691691534385,-0.18951486697965692,0.0,0.28400757304571883,-0.3250264361018107
1.483,0.0,-0.15988691691534385,-0.18951486697965692,0.0,0.26539235000296124,-0.31499770951755246
1.484,0.0,-0.15988691691534385,-0.18951486697965692,0.0,0.1429376987977233,-0.18431159004663267
1.485,0.0,-0.15988691691534385,-0.18951486697965692,0.0,-0.0352317418351321,0.01644693740412629
1.486,0.0,-0.15988691691534385,-0.18951486697965692,0.0,-0.19917614935195055,0.21019035547288217
1.487,0.0,-0.15988691691534385,0.8104851330203431,0.0,-0.28464900572760093,0.322866259175431
1.488,0.0,-0.15988691691534385,0.8104851330203431,0.0,-0.2583406097823014,0.3116669894495725
1.489,0.0,-0.15988691691534385,-0.18951486697965692,0.0,-0.13090666675032325,0.18120179189579902
1.49,0.0,-0.15988691691534385,-0.18951486697965692,0.0,0.04733370794125345,-0.018440745871961407
1.491,0.0,0.8401130830846562,-0.18951486697965692,0.0,0.20629515752563493,-0.21091103611400963
1.492,0.0,0.8401130830846562,-0.18951486697965692,0.0,0.2837330737797241,-0.3227273385956345
1.493,0.0,0.8401130830846562,-0.18951486697965692,0.0,0.24965979625915993,-0.31122905875412576
1.494,0.0,-0.15988691691534385,-0.18951486697965692,0.0,0.11797127233074653,-0.1807608653719594
1.495,0.0,-0.15988691691534385,-0.18951486697965692,0.0,-0.059229165696751955,0.019015520674553216
1.496,0.0,-0.15988691691534385,-0.18951486697965692,0.0,-0.2122838045688498,0.2120083049719663
1.497,0.0,-0.15988691691534385,0.8104851330203431,0.0,-0.28140257535502444,0.3246064239555171
1.498,0.0,-0.15988691691534385,-0.18951486697965692,0.0,-0.24003744700650756,0.31365972191668445
1.499,0.0,-0.15988691691534385,-0.18951486697965692,0.0,-0.10506105211584194,0.18293215892751083
1.5,0.0,-0.15988691691534385,-0.18951486697965692,0.0,0.07014466060689968,-0.018213808630450752
1.501,0.0,-0.15988691691534385,-0.18951486697965692,0.0,0.21684418632565902,-0.21343389504620466
1.502,0.0,-0.15988691691534385,-0.18951486697965692,0.0,0.277941935658749,-0.3283115534029966
1.503,0.0,-0.15988691691534385,-0.18951486697965692,0.0,0.2301971462134565,-0.3186432665729273
1.504,0.0,-0.15988691691534385,-0.18951486697965692,0.0,0.09301750896565354,-0.18738221613866912
1.505,0.0,-0.15988691691534385,-0.18951486697965692,0.0,-0.0794750050603982,0.016230815374018624
1.506,0.0,-0.15988691691534385,-0.18951486697965692,0.0,-0.21984269759277703,0.2151117058907106
1.507,0.0,-0.15988691691534385,0.8104851330203431,0.0,-0.27371270287441674,0.3334608864443199
1.508,0.0,-0.15988691691534385,0.8104851330203431,0.0,-0.22081082381060557,0.3255949442895973
1.509,0.0,-0.15988691691534385,-0.18951486697965692,0.0,-0.08252217749498948,0.19353968187000584
1.51,0.0,-0.15988691691534385,-0.18951486697965692,0.0,0.08681004379543855,-0.01337768456791633
1.511,0.0,0.8401130830846562,-0.18951486697965692,0.0,0.22128419040757902,-0.21692444199590769
1.512,0.0,0.8401130830846562,-0.18951486697965692,0.0,0.26909139348256994,-0.33950518791914247
1.513,0.0,0.8401130830846562,-0.18951486697965692,0.0,0.21243123650765872,-0.33371515358449244
1.514,0.0,-0.15988691691534385,-0.18951486697965692,0.0,0.07405420986187092,-0.20066020461745493
1.515,0.0,-0.15988691691534385,-0.18951486697965692,0.0,-0.09193583402185476,0.010035325680127665
1.516,0.0,-0.15988691691534385,-0.18951486697965692,0.0,-0.22127637716079515,0.21871059866254655
1.517,0.0,-0.15988691691534385,0.8104851330203431,0.0,-0.2644183572343255,0.34577499725522304
1.518,0.0,-0.15988691691534385,0.8104851330203431,0.0,-0.20545187110096771,0.3420712762878327
1.519,0.0,-0.15988691691534385,-0.18951486697965692,0.0,-0.06788003300110915,0.2079100146210301
1.52,0.0,-0.15988691691534385,-0.18951486697965692,0.0,0.09481292802066818,-0.0066057335224984064
1.521,0.0,-0.15988691691534385,-0.18951486697965692,0.0,0.2199902002938173,-0.22027464903284513
1.522,0.0,-0.15988691691534385,-0.18951486697965692,0.0,0.25996279330985306,-0.3515493635001016
1.523,0.0,-0.15988691691534385,-0.18951486697965692,0.0,0.20009575505045143,-0.3496990894137232
1.524,0.0,-0.15988691691534385,-0.18951486697965692,0.0,0.06407204098297778,-0.2144587344384583
1.525,0.0,-0.15988691691534385,-0.18951486697965692,0.0,-0.09553757630949775,0.003467051869810672
1.526,0.0,-0.15988691691534385,-0.18951486697965692,0.0,-0.21762135931763235,0.22141014772824263
1.527,0.0,-0.15988691691534385,0.8104851330203431,0.0,-0.2559052261242523,0.35613888918830755
1.528,0.0,-0.15988691691534385,0.8104851330203431,0.0,-0.19642926724183468,0.3557123812346253
1.529,0.0,-0.15988691691534385,-0.18951486697965692,0.0,-0.06254859674006312,0.21957091645911556
1.53,0.0,-0.15988691691534385,-0.18951486697965692,0.0,0.09429384197118629,-0.0009371469946469885
1.531,0.0,0.8401130830846562,-0.18951486697965692,0.0,0.21435723041988133,-0.22193227946889543
1.532,0.0,0.8401130830846562,-0.18951486697965692,0.0,0.2523354222481456,-0.3589724999659836
1.533,0.0,0.8401130830846562,-0.18951486697965692,0.0,0.19439301138044293,-0.3594074420339094
1.534,0.0,-0.15988691691534385,-0.18951486697965692,0.0,0.06312463641691594,-0.22268595724206935
1.535,0.0,-0.15988691691534385,-0.18951486697965692,0.0,-0.09130550092653564,-0.000751488699890876
1.536,0.0,-0.15988691691534385,-0.18951486697965692,0.0,-0.21035224903960262,0.22171381104539203
1.537,0.0,-0.15988691691534385,0.8104851330203431,0.0,-0.24926149499955141,0.35967553918754175
1.538,0.0,-0.15988691691534385,0.8104851330203431,0.0,-0.19383982543278083,0.36034891093095484
1.539,0.0,-0.15988691691534385,-0.18951486697965692,0.0,-0.06556137774909178,0.22347742278153773
1.54,0.0,-0.15988691691534385,-0.18951486697965692,0.0,0.08679606228815942,0.0014647151939140718
1.541,0.0,-0.15988691691534385,-0.18951486697965692,0.0,0.20571362170221427,-0.22071700175781755
1.542,0.0,-0.15988691691534385,-0.18951486697965692,0.0,0.24662510571667967,-0.35812693839939264
1.543,0.0,-0.15988691691534385,-0.18951486697965692,0.0,0.1945702963463189,-0.3584252163354797
1.544,0.0,-0.15988691691534385,-0.18951486697965692,0.0,0.06960509964280807,-0.22188528497906956
1.545,0.0,-0.15988691691534385,-0.18951486697965692,0.0,-0.08096336037306609,-0.0011685929849191365
1.546,0.0,-0.15988691691534385,-0.18951486697965692,0.0,-0.20049809257217815,0.21901411832769957
1.547,0.0,-0.15988691691534385,0.8104851330203431,0.0,-0.24431820276512572,0.35448546210704224
1.548,0.0,-0.15988691691534385,0.8104851330203431,0.0,-0.19635850508178926,0.3538654165234417
1.549,0.0,-0.15988691691534385,-0.18951486697965692,0.0,-0.07500833204469534,0.21811782323256934
1.55,0.0,-0.15988691691534385,-0.18951486697965692,0.0,0.07397223998426582,-7.765405603891629e-05
1.551,0.0,0.8401130830846562,-0.18951486697965692,0.0,0.19471944698705335,-0.2167908259307517
1.552,0.0,0.8401130830846562,-0.18951486697965692,0.0,0.24219830813350832,-0.3491791209935959
1.553,0.0,0.8401130830846562,-0.18951486697965692,0.0,0.19896450849817632,-0.3472141895541437
1.554,0.0,-0.15988691691534385,-0.18951486697965692,0.0,0.08153137010800812,-0.21262357784903563
1.555,0.0,-0.15988691691534385,-0.18951486697965692,0.0,-0.06596534456604651,0.0021347153434832355
1.556,0.0,-0.15988691691534385,-0.18951486697965692,0.0,-0.18836547510112017,0.21432962996994134
1.557,0.0,-0.15988691691534385,0.8104851330203431,0.0,-0.240101419750638,0.3428571991877391
1.558,0.0,-0.15988691691534385,0.8104851330203431,0.0,-0.20213436519480243,0.33926734996738683
1.559,0.0,-0.15988691691534385,-0.18951486697965692,0.0,-0.08892688159173234,0.20603728563602122
1.56,0.0,-0.15988691691534385,-0.18951486697965692,0.0,0.05708849066198739,-0.004799524022610792
1.561,0.0,-0.15988691691534385,-0.18951486697965692,0.0,0.18142221546508383,-0.2119742121345141
1.562,0.0,-0.15988691691534385,-0.18951486697965692,0.0,0.23785351692194734,-0.33631010350508794
1.563,0.0,-0.15988691691534385,-0.18951486697965692,0.0,0.20559234133569834,-0.33097575011490604
1.564,0.0,-0.15988691691534385,-0.18951486697965692,0.0,0.09691454038123136,-0.1991067203672544
1.565,0.0,-0.15988691691534385,-0.18951486697965692,0.0,-0.04752415580651566,0.00782265390914625
1.566,0.0,-0.15988691691534385,-0.18951486697965692,0.0,-0.17390244431099627,0.2100792652928384
1.567,0.0,-0.15988691691534385,0.8104851330203431,0.0,-0.2352828743494187,0.3303674606068438
1.568,0.0,-0.15988691691534385,0.8104851330203431,0.0,-0.20903241794613323,0.32332991268728706
1.569,0.0,-0.15988691691534385,-0.18951486697965692,0.0,-0.10515525391302845,0.19260941412500573
1.57,0.0,-0.15988691691534385,-0.18951486697965692,0.0,0.03752472923883162,-0.010925515370050246
1.571,0.0,0.8401130830846562,-0.18951486697965692,0.0,0.16587461475005594,-0.20895357082280805
1.572,0.0,0.8401130830846562,-0.18951486697965692,0.0,0.23223554201114713,-0.32578866168950765
1.573,0.0,-0.15988691691534385,-0.18951486697965692,0.0,0.2121167885861872,-0.31724052478085674
1.574,0.0,0.8401130830846562,-0.18951486697965692,0.0,0.11323511033429566,-0.18726909547538678
1.575,0.0,-0.15988691691534385,-0.18951486697965692,0.0,-0.027436726136175676,0.013817058423899504
1.576,0.0,-0.15988691691534385,-0.18951486697965692,0.0,-0.15748788514034076,0.20880595619546058
1.577,0.0,-0.15988691691534385,0.8104851330203431,0.0,-0.22859535238538423,0.3231616987643641
1.578,0.0,-0.15988691691534385,-0.18951486697965692,0.0,-0.21448752740585014,0.31343054332007314
1.579,0.0,-0.15988691691534385,-0.18951486697965692,0.0,-0.1206675001777827,0.1836812653892367
1.58,0.0,-0.15988691691534385,-0.18951486697965692,0.0,0.01770827774831025,-0.016210463743727536
1.581,0.0,-0.15988691691534385,-0.18951486697965692,0.0,0.14898866138481898,-0.2097040047908603
1.582,0.0,-0.15988691691534385,-0.18951486697965692,0.0,0.2243078992436311,-0.322825307665417
1.583,0.0,-0.15988691691534385,-0.18951486697965692,0.0,0.21579431689757086,-0.3123529938432936
1.584,0.0,-0.15988691691534385,-0.18951486697965692,0.0,0.12691824409643704,-0.1822557450081417
1.585,0.0,-0.15988691691534385,-0.18951486697965692,0.0,-0.008874765112552639,0.017840668755759116
1.586,0.0,-0.15988691691534385,-0.18951486697965692,0.0,-0.14072438468921508,0.21155383736713654
1.587,0.0,-0.15988691691534385,0.8104851330203431,0.0,-0.21940558226743592,0.3248261953545461
1.588,0.0,-0.15988691691534385,0.8104851330203431,0.0,-0.21573674555912553,0.31414482957414275
1.589,0.0,-0.15988691691534385,-0.18951486697965692,0.0,-0.13145364404294113,0.18318154116336724
1.59,0.0,-0.15988691691534385,-0.18951486697965692,0.0,0.0015211068932052807,-0.018483431293255657
1.591,0.0,-0.15988691691534385,-0.18951486697965692,0.0,0.13313126396004393,-0.21410613755244998
1.592,0.0,0.8401130830846562,-0.18951486697965692,0.0,0.21402867518619134,-0.32891795418746483
1.593,0.0,0.8401130830846562,-0.18951486697965692,0.0,0.21411517549836828,-0.3186220231236774
1.594,0.0,-0.15988691691534385,-0.18951486697965692,0.0,0.13380609972807445,-0.186416378376959
1.595,0.0,-0.15988691691534385,-0.18951486697965692,0.0,0.0037766063832496612,0.01797599080240007
1.596,0.0,-0.15988691691534385,-0.18951486697965692,0.0,-0.12670433620247243,0.216989337352628
1.597,0.0,-0.15988691691534385,0.8104851330203431,0.0,-0.20843611065883189,0.3346019583638227
1.598,0.0,-0.15988691691534385,0.8104851330203431,0.0,-0.21088056933373778,0.3253151930975528
1.599,0.0,-0.15988691691534385,-0.18951486697965692,0.0,-0.13364732568843088,0.1917001891463074
1.6,0.0,-0.15988691691534385,-0.18951486697965692,0.0,-0.006523381510815803,-0.016238378857755066
1.601,0.0,-0.15988691691534385,-0.18951486697965692,0.0,0.12195056648062143,-0.21976621279644826
1.602,0.0,-0.15988691691534385,-0.18951486697965692,0.0,0.20299979912024257,-0.3412041042323714
1.603,0.0,-0.15988691691534385,-0.18951486697965692,0.0,0.20617184803276153,-0.3335394300485548
1.604,0.0,-0.15988691691534385,-0.18951486697965692,0.0,0.13085620900588119,-0.19858916981220834
1.605,0.0,-0.15988691691534385,-0.18951486697965692,0.0,0.006381487742856005,0.01329328431822024
1.606,0.0,-0.15988691691534385,-0.18951486697965692,0.0,-0.11932844771090431,0.22200586158774463
1.607,0.0,-0.15988691691534385,0.8104851330203431,0.0,-0.19817805305060845,0.34797573647044566
1.608,0.0,-0.15988691691534385,0.8104851330203431,0.0,-0.20032989351200872,0.3424874416306192
1.609,0.0,-0.15988691691534385,-0.18951486697965692,0.0,-0.1255676402940291,0.20650504271716474
1.61,0.0,-0.15988691691534385,-0.18951486697965692,0.0,-0.003238638462602283,-0.00928137552476739
1.611,0.0,0.8401130830846562,-0.18951486697965692,0.0,0.11918036302298478,-0.22335990195611924
1.612,0.0,0.8401130830846562,-0.18951486697965692,0.0,0.1944669589316149,-0.3542033948574229
1.613,0.0,0.8401130830846562,-0.18951486697965692,0.0,0.19388032123755486,-0.3513323575910825
1.614,0.0,0.8401130830846562,-0.18951486697965692,0.0,0.11819050895736515,-0.2147931225053228
1.615,0.0,-0.15988691691534385,-0.18951486697965692,0.0,-0.0027437807093738356,0.004468404852212337
1.616,0.0,-0.15988691691534385,-0.18951486697965692,0.0,-0.12166636158626322,0.22363033156747467
1.617,0.0,-0.15988691691534385,0.8104851330203431,0.0,-0.1923328477862502,0.35931072640443623
1.618,0.0,-0.15988691691534385,0.8104851330203431,0.0,-0.18748223491722935,0.35932589552983596
1.619,0.0,-0.15988691691534385,-0.18951486697965692,0.0,-0.10938729292507691,0.22278270463361663
1.62,0.0,-0.15988691691534385,-0.18951486697965692,0.0,0.011112580903479075,0.0007595035897640372
1.621,0.0,-0.15988691691534385,-0.18951486697965692,0.0,0.12670947567826785,-0.22281712811138288
1.622,0.0,-0.15988691691534385,-0.18951486697965692,0.0,0.19213358544950804,-0.36293724419065715
1.623,0.0,-0.15988691691534385,-0.18951486697965692,0.0,0.18184649218738225,-0.36587910729138473
1.624,0.0,-0.15988691691534385,-0.18951486697965692,0.0,0.10001366266273712,-0.22984405419634915
1.625,0.0,-0.15988691691534385,-0.18951486697965692,0.0,-0.021141293927470106,-0.005915132428091807
1.626,0.0,-0.15988691691534385,-0.18951486697965692,0.0,-0.1339628385044668,0.221136334282328
1.627,0.0,-0.15988691691534385,0.8104851330203431,0.0,-0.1940402974736681,0.364982355692324
1.628,0.0,-0.15988691691534385,0.8104851330203431,0.0,-0.17763340168558353,0.37061627213552195
1.629,0.0,-0.15988691691534385,-0.18951486697965692,0.0,-0.09102328157539556,0.23543762066959714
1.63,0.0,-0.15988691691534385,-0.18951486697965692,0.0,0.03188700608238653,0.010445157095375732
1.631,0.0,-0.15988691691534385,-0.18951486697965692,0.0,0.14280737352981723,-0.21900368556560806
1.632,0.0,0.8401130830846562,-0.18951486697965692,0.0,0.19797344098981798,-0.36560861506319525
1.633,0.0,-0.15988691691534385,-0.18951486697965692,0.0,0.17534498135728394,-0.37339705945692464
1.634,0.0,-0.15988691691534385,-0.18951486697965692,0.0,0.08334935790450435,-0.2391527140929634
1.635,0.0,-0.15988691691534385,-0.18951486697965692,0.0,-0.042281607752129066,-0.013779780270706126
1.636,0.0,-0.15988691691534385,-0.18951486697965692,0.0,-0.15238567976704073,0.21698416023610317
1.637,0.0,-0.15988691691534385,0.8104851330203431,0.0,-0.20356712667095492,0.3652045724656003
1.638,0.0,-0.15988691691534385,0.8104851330203431,0.0,-0.17522981482468522,0.37430706082604
1.639,0.0,-0.15988691691534385,-0.18951486697965692,0.0,-0.07777934092766685,0.24073442079360405
1.64,0.0,-0.15988691691534385,-0.18951486697965692,0.0,0.05124817689708913,0.01539346103318428
1.641,0.0,-0.15988691691534385,-0.18951486697965692,0.0,0.16167318072530476,-0.2157133243704742
1.642,0.0,-0.15988691691534385,-0.18951486697965692,0.0,0.21017294252170898,-0.3643138594917112
1.643,0.0,-0.15988691691534385,-0.18951486697965692,0.0,0.17721838609677096,-0.3736213656248228
1.644,0.0,-0.15988691691534385,-0.18951486697965692,0.0,0.07484153008064545,-0.2400987439184694
1.645,0.0,-0.15988691691534385,-0.18951486697965692,0.0,-0.05782881434555326,-0.014870789572518275
1.646,0.0,-0.15988691691534385,-0.18951486697965692,0.0,-0.16958216770278847,0.21580112761987102
1.647,0.0,-0.15988691691534385,0.8104851330203431,0.0,-0.21690938086182812,0.363542260731407
1.648,0.0,-0.15988691691534385,0.8104851330203431,0.0,-0.18090331711974972,0.37174931285127866
1.649,0.0,-0.15988691691534385,-0.18951486697965692,0.0,-0.07472174266382019,0.23733667067955838
1.65,0.0,-0.15988691691534385,-0.18951486697965692,0.0,0.061307555289915654,0.011969688650679664
1.651,0.0,0.8401130830846562,-0.18951486697965692,0.0,0.17508880989487088,-0.21773208866944205
1.652,0.0,0.8401130830846562,-0.18951486697965692,0.0,0.22275596201254422,-0.36345767841309673
1.653,0.0,0.8401130830846562,-0.18951486697965692,0.0,0.18557254271508133,-0.36917040804206513
1.654,0.0,-0.15988691691534385,-0.18951486697965692,0.0,0.0772245237628575,-0.23270807844061814
1.655,0.0,-0.15988691691534385,-0.18951486697965692,0.0,-0.061311492419141175,-0.006673169931875509
1.656,0.0,-0.15988691691534385,-0.18951486697965692,0.0,-0.17736840942850876,0.22177702652014464
1.657,0.0,-0.15988691691534385,0.8104851330203431,0.0,-0.2266833469180676,0.36449863272037736
1.658,0.0,-0.15988691691534385,0.8104851330203431,0.0,-0.19029506625142545,0.36637146573622054
1.659,0.0,-0.15988691691534385,-0.18951486697965692,0.0,-0.0817871602534382,0.22662621459953686
1.66,0.0,-0.15988691691534385,-0.18951486697965692,0.0,0.057875152736220126,-0.0007788787711329373
1.661,0.0,-0.15988691691534385,-0.18951486697965692,0.0,0.1759210216443732,-0.22793039633037673
1.662,0.0,-0.15988691691534385,-0.18951486697965692,0.0,0.22780346086691344,-0.3669051913510765
1.663,0.0,-0.15988691691534385,-0.18951486697965692,0.0,0.1940499081706252,-0.3637934625804792
1.664,0.0,-0.15988691691534385,-0.18951486697965692,0.0,0.08754691171701283,-0.21963314059802258
1.665,0.0,-0.15988691691534385,-0.18951486697965692,0.0,-0.05145731505129625,0.00988483035125741
1.666,0.0,-0.15988691691534385,-0.18951486697965692,0.0,-0.17066874814502947,0.23588398929667287
1.667,0.0,-0.15988691691534385,0.8104851330203431,0.0,-0.22551827300163468,0.3706823304980226
1.668,0.0,-0.15988691691534385,0.8104851330203431,0.0,-0.19588075280446385,0.3617937832144863
1.669,0.0,-0.15988691691534385,-0.18951486697965692,0.0,-0.09345363370166984,0.2123662824104597
1.67,0.0,-0.15988691691534385,-0.18951486697965692,0.0,0.042905342652268634,-0.019907524594399584
1.671,0.0,-0.15988691691534385,-0.18951486697965692,0.0,0.16200794685224457,-0.24504271510719508
1.672,0.0,0.8401130830846562,-0.18951486697965692,0.0,0.21964354197205524,-0.3756003781712645
1.673,0.0,0.8401130830846562,-0.18951486697965692,0.0,0.1950531119979151,-0.36062612107007813
1.674,0.0,-0.15988691691534385,-0.18951486697965692,0.0,0.09841268548852623,-0.20551631887215915
1.675,0.0,-0.15988691691534385,-0.18951486697965692,0.0,-0.03336896316458801,0.02993192443907357
1.676,0.0,-0.15988691691534385,-0.18951486697965692,0.0,-0.15080428930413076,0.25458214101465987
1.677,0.0,-0.15988691691534385,0.8104851330203431,0.0,-0.21048525968626522,0.38123128092300534
1.678,0.0,-0.15988691691534385,0.8104851330203431,0.0,-0.19118870999553442,0.3604369397469214
1.679,0.0,-0.15988691691534385,-0.18951486697965692,0.0,-0.10143790600335331,0.19977721713962837
1.68,0.0,-0.15988691691534385,-0.18951486697965692,0.0,0.024172311459052735,-0.03895034886030769
1.681,0.0,-0.15988691691534385,-0.18951486697965692,0.0,0.13832558474075868,-0.26354131596039915
1.682,0.0,0.8401130830846562,-0.18951486697965692,0.0,0.19885181445665784,-0.38701393161696557
1.683,0.0,-0.15988691691534385,-0.18951486697965692,0.0,0.18435384031863608,-0.3612747282011192
1.684,0.0,-0.15988691691534385,-0.18951486697965692,0.0,0.10179239716475812,-0.19579030764937563
1.685,0.0,-0.15988691691534385,-0.18951486697965692,0.0,-0.016658981835937257,0.045967250957087626
1.686,0.0,-0.15988691691534385,-0.18951486697965692,0.0,-0.12611572322065331,0.2709390884504841
1.687,0.0,-0.15988691691534385,0.8104851330203431,0.0,-0.18599349692792308,0.392337566118618
1.688,0.0,-0.15988691691534385,0.8104851330203431,0.0,-0.1750845416937741,0.3631067408873409
1.689,0.0,-0.15988691691534385,-0.18951486697965692,0.0,-0.09909627491003509,0.19408574077222826
1.69,0.0,-0.15988691691534385,-0.18951486697965692,0.0,0.012028940976674628,-0.050112073189941216
1.691,0.0,-0.15988691691534385,-0.18951486697965692,0.0,0.11582179676832967,-0.2758984412978009
1.692,0.0,0.8401130830846562,-0.18951486697965692,0.0,0.1734717144541074,-0.39662990955976485
1.693,0.0,-0.15988691691534385,-0.18951486697965692,0.0,0.1643407649392703,-0.3658376970153101
1.694,0.0,-0.15988691691534385,-0.18951486697965692,0.0,0.09338527031641775,-0.1950262061745821
1.695,0.0,-0.15988691691534385,-0.18951486697965692,0.0,-0.011187801779628668,0.05074656681449969
1.696,0.0,-0.15988691691534385,0.8104851330203431,0.0,-0.10899412507412211,0.2777618800174684
1.697,0.0,-0.15988691691534385,0.8104851330203431,0.0,-0.16297153403917516,0.39943662260320234
1.698,0.0,-0.15988691691534385,0.8104851330203431,0.0,-0.1533928351035681,0.36932593789695944
1.699,0.0,-0.15988691691534385,-0.18951486697965692,0.0,-0.08511137513479627,0.19875905475701222
1.7,0.0,-0.15988691691534385,-0.18951486697965692,0.0,0.01462785776655534,-0.04755253290490694
1.701,0.0,-0.15988691691534385,-0.18951486697965692,0.0,0.10688428554012078,-0.27618186050520127
1.702,0.0,-0.15988691691534385,-0.18951486697965692,0.0,0.15608110936401443,-0.40048058826376426
1.703,0.0,-0.15988691691534385,-0.18951486697965692,0.0,0.1436546546426072,-0.37339447456056646
1.704,0.0,-0.15988691691534385,-0.18951486697965692,0.0,0.07508547958007657,-0.20518355513163475
1.705,0.0,-0.15988691691534385,-0.18951486697965692,0.0,-0.022356525208056772,0.04058742891479686
1.706,0.0,-0.15988691691534385,-0.18951486697965692,0.0,-0.11026833715461823,0.27117349764573556
1.707,0.0,-0.15988691691534385,0.8104851330203431,0.0,-0.15406843201305434,0.3996932697942162
1.708,0.0,-0.15988691691534385,0.8104851330203431,0.0,-0.13648736485095864,0.37783669210177484
1.709,0.0,-0.15988691691534385,-0.18951486697965692,0.0,-0.06437074699217377,0.21393962208996697
1.71,0.0,-0.15988691691534385,-0.18951486697965692,0.0,0.03388191460883343,-0.03029861956234108
1.711,0.0,-0.15988691691534385,-0.18951486697965692,0.0,0.11932068791806387,-0.263121889245178
1.712,0.0,0.8401130830846562,-0.18951486697965692,0.0,0.15768835068414327,-0.3972150797730609
1.713,0.0,0.8401130830846562,-0.18951486697965692,0.0,0.13300294601756962,-0.3824186403215403
1.714,0.0,-0.15988691691534385,-0.18951486697965692,0.0,0.0541428922591953,-0.22442280028192746
1.715,0.0,-0.15988691691534385,-0.18951486697965692,0.0,-0.04825795151706033,0.01749188922278428
1.716,0.0,-0.15988691691534385,-0.18951486697965692,0.0,-0.1335585004195389,0.2527425797437168
1.717,0.0,-0.15988691691534385,0.8104851330203431,0.0,-0.16705024547627337,0.393366615077132
1.718,0.0,-0.15988691691534385,0.8104851330203431,0.0,-0.13389838609286198,0.38688131464959985
1.719,0.0,-0.15988691691534385,-0.18951486697965692,0.0,-0.04553837831190625,0.23582760385406293
1.72,0.0,-0.15988691691534385,-0.18951486697965692,0.0,0.06418379029801052,-0.0032555873922852827
1.721,0.0,-0.15988691691534385,-0.18951486697965692,0.0,0.15186776577110936,-0.2410000805332245
1.722,0.0,-0.15988691691534385,-0.18951486697965692,0.0,0.18156924839006816,-0.388596925301175
1.723,0.0,-0.15988691691534385,-0.18951486697965692,0.0,0.13934721844964304,-0.3909467620335428
1.724,0.0,-0.15988691691534385,-0.18951486697965692,0.0,0.03951303674924181,-0.24721776072594737
1.725,0.0,-0.15988691691534385,-0.18951486697965692,0.0,-0.0801452750190726,-0.011152308306449334
1.726,0.0,-0.15988691691534385,-0.18951486697965692,0.0,-0.1726113381816481,0.2289950429211281
1.727,0.0,-0.15988691691534385,0.8104851330203431,0.0,-0.20001240788889366,0.38341803034728206
1.728,0.0,-0.15988691691534385,0.8104851330203431,0.0,-0.1489668857273937,0.3943311144143691
1.729,0.0,-0.15988691691534385,-0.18951486697965692,0.0,-0.03673152636064125,0.25761795411983535
1.73,0.0,-0.15988691691534385,-0.18951486697965692,0.0,0.09458086550899254,0.024441680166282596
1.731,0.0,0.8401130830846562,-0.18951486697965692,0.0,0.19380782492386167,-0.2178348457913415
1.732,0.0,0.8401130830846562,-0.18951486697965692,0.0,0.22063734925234083,-0.37833627168779066
1.733,0.0,-0.15988691691534385,-0.18951486697965692,0.0,0.1618687690376165,-0.3967659006985337
1.734,0.0,-0.15988691691534385,-0.18951486697965692,0.0,0.03750273132270355,-0.2661179038386585
1.735,0.0,-0.15988691691534385,-0.18951486697965692,0.0,-0.10605149421718649,-0.03543597015034037
1.736,0.0,-0.15988691691534385,-0.18951486697965692,0.0,-0.21335994153638058,0.20850444401111326
1.737,0.0,-0.15988691691534385,0.8104851330203431,0.0,-0.24140688824816625,0.37379066236885705
1.738,0.0,-0.15988691691534385,0.8104851330203431,0.0,-0.1767846588839425,0.39802659466693635
1.739,0.0,-0.15988691691534385,-0.18951486697965692,0.0,-0.04176856640942313,0.27197674338327293
1.74,0.0,-0.15988691691534385,-0.18951486697965692,0.0,0.11339363821553848,0.043207987980560185
1.741,0.0,-0.15988691691534385,-0.18951486697965692,0.0,0.22930334488048568,-0.2017540668316924
1.742,0.0,-0.15988691691534385,-0.18951486697965692,0.0,0.26025094857315123,-0.37010639213851393
1.743,0.0,-0.15988691691534385,-0.18951486697965692,0.0,0.19225105990897662,-0.3979648584084162
1.744,0.0,-0.15988691691534385,-0.18951486697965692,0.0,0.049144979405750355,-0.27471421706288124
1.745,0.0,-0.15988691691534385,-0.18951486697965692,0.0,-0.11583747028098912,-0.047188343628113014
1.746,0.0,-0.15988691691534385,-0.18951486697965692,0.0,-0.24004327437233916,0.1980178398936111
1.747,0.0,-0.15988691691534385,0.8104851330203431,0.0,-0.27533901495365465,0.3674685014597896
1.748,0.0,-0.15988691691534385,0.8104851330203431,0.0,-0.20682308301516178,0.3965389265240374
1.749,0.0,-0.15988691691534385,0.8104851330203431,0.0,-0.059005667514877236,0.2741756543098841
1.75,0.0,-0.15988691691534385,-0.18951486697965692,0.0,0.11307689009057491,0.04723203583532707
1.751,0.0,0.8401130830846562,-0.18951486697965692,0.0,0.24454723881710314,-0.1973730321052345
1.752,0.0,0.8401130830846562,-0.18951486697965692,0.0,0.28532365301441587,-0.3659170796496073
1.753,0.0,0.8401130830846562,-0.18951486697965692,0.0,0.21928444461742083,-0.3938355623719343
1.754,0.0,-0.15988691691534385,-0.18951486697965692,0.0,0.07059252353773589,-0.27056011619208437
1.755,0.0,-0.15988691691534385,-0.18951486697965692,0.0,-0.10528479815239426,-0.04363381012962146
1.756,0.0,-0.15988691691534385,-0.18951486697965692,0.0,-0.24246748034720575,0.19954405464854083
1.757,0.0,-0.15988691691534385,0.8104851330203431,0.0,-0.2895189469221446,0.3653618313418113
1.758,0.0,-0.15988691691534385,0.8104851330203431,0.0,-0.22882022516750095,0.390077339354815
1.759,0.0,-0.15988691691534385,-0.18951486697965692,0.0,-0.08313315823044318,0.2644053707477083
1.76,0.0,-0.15988691691534385,-0.18951486697965692,0.0,0.09307421082333714,0.03708941053932899
1.761,0.0,0.8401130830846562,-0.18951486697965692,0.0,0.23417632809357192,-0.20394936923118154
1.762,0.0,-0.15988691691534385,-0.18951486697965692,0.0,0.28798669818609607,-0.3656110812377467
1.763,0.0,-0.15988691691534385,-0.18951486697965692,0.0,0.2351246237567177,-0.3856107340207537
1.764,0.0,-0.15988691691534385,-0.18951486697965692,0.0,0.09594557854539842,-0.25652894055185765
1.765,0.0,-0.15988691691534385,-0.18951486697965692,0.0,-0.0774127003110578,-0.028606926057142164
1.766,0.0,-0.15988691691534385,-0.18951486697965692,0.0,-0.22070951452199816,0.20978393151130745
1.767,0.0,-0.15988691691534385,0.8104851330203431,0.0,-0.28151662397977256,0.3664086649543187
1.768,0.0,-0.15988691691534385,0.8104851330203431,0.0,-0.23842616075741163,0.3808734521832662
1.769,0.0,-0.15988691691534385,-0.18951486697965692,0.0,-0.10851322498130733,0.2479306197202533
1.77,0.0,-0.15988691691534385,-0.18951486697965692,0.0,0.05950323288093248,0.019379105843571998
1.771,0.0,0.8401130830846562,-0.18951486697965692,0.0,0.20362533928707194,-0.21612544700068767
1.772,0.0,0.8401130830846562,-0.18951486697965692,0.0,0.27150258221716134,-0.3674718613166084
1.773,0.0,0.8401130830846562,-0.18951486697965692,0.0,0.23942601714320477,-0.3763430722562253
1.774,0.0,0.8401130830846562,-0.18951486697965692,0.0,0.12051949390218064,-0.23966766806589707
1.775,0.0,-0.15988691691534385,-0.18951486697965692,0.0,-0.04064804135998129,-0.010632847073081113
1.776,0.0,-0.15988691691534385,-0.18951486697965692,0.0,-0.1847993409208329,0.22205009997919384
1.777,0.0,-0.15988691691534385,0.8104851330203431,0.0,-0.2597325952465022,0.36852448124984927
1.778,0.0,-0.15988691691534385,0.8104851330203431,0.0,-0.23915931754900527,0.37247282761354944
1.779,0.0,-0.15988691691534385,-0.18951486697965692,0.0,-0.13183852691801815,0.23271843528092995
1.78,0.0,-0.15988691691534385,-0.18951486697965692,0.0,0.022113291972225658,0.0034752752727128617
1.781,0.0,-0.15988691691534385,-0.18951486697965692,0.0,0.16618311709392994,-0.2267428155707129
1.782,0.0,-0.15988691691534385,-0.18951486697965692,0.0,0.24812366417882756,-0.3693211380548603
1.783,0.0,-0.15988691691534385,-0.18951486697965692,0.0,0.23880184424571826,-0.36962344359410354
1.784,0.0,-0.15988691691534385,-0.18951486697965692,0.0,0.14248708506223015,-0.22785266514242336
1.785,0.0,-0.15988691691534385,-0.18951486697965692,0.0,-0.005010947139275769,0.0012435476232899785
1.786,0.0,-0.15988691691534385,-0.18951486697965692,0.0,-0.1495607653006802,0.22958852209389996
1.787,0.0,-0.15988691691534385,0.8104851330203431,0.0,-0.23844094144068445,0.3696611256807642
1.788,0.0,-0.15988691691534385,0.8104851330203431,0.0,-0.239453797288666,0.36800174644331235
1.789,0.0,-0.15988691691534385,-0.18951486697965692,0.0,-0.15254933287170036,0.22552667211124217
1.79,0.0,-0.15988691691534385,-0.18951486697965692,0.0,-0.009789295340841187,-0.003033362992012773
1.791,0.0,-0.15988691691534385,-0.18951486697965692,0.0,0.13633636298766744,-0.23023400753394355
1.792,0.0,0.8401130830846562,-0.18951486697965692,0.0,0.23204335065152237,-0.36939270806849095
1.793,0.0,-0.15988691691534385,-0.18951486697965692,0.0,0.2419362421102077,-0.36761681980550637
1.794,0.0,0.8401130830846562,-0.18951486697965692,0.0,0.16209111930155382,-0.22581883752218757
1.795,0.0,-0.15988691691534385,-0.18951486697965692,0.0,0.02171016909100048,0.0018185547040053536
1.796,0.0,-0.15988691691534385,-0.18951486697965692,0.0,-0.12738097464812828,0.22861429899562813
1.797,0.0,-0.15988691691534385,0.8104851330203431,0.0,-0.2296937510890918,0.3684104981792445
1.798,0.0,-0.15988691691534385,0.8104851330203431,0.0,-0.24663409034423772,0.3682626407369721
1.799,0.0,-0.15988691691534385,-0.18951486697965692,0.0,-0.1710820421426852,0.22841572203017008
1.8,0.0,-0.15988691691534385,-0.18951486697965692,0.0,-0.030477080806436792,0.002061833974549388
1.801,0.0,-0.15988691691534385,-0.18951486697965692,0.0,0.12295861318863667,-0.22494238605227157
1.802,0.0,-0.15988691691534385,-0.18951486697965692,0.0,0.2314618167905476,-0.3666496359162934
1.803,0.0,-0.15988691691534385,-0.18951486697965692,0.0,0.25341208388816244,-0.3695325607291801
1.804,0.0,-0.15988691691534385,-0.18951486697965692,0.0,0.17934194465266556,-0.23265220687303959
1.805,0.0,-0.15988691691534385,-0.18951486697965692,0.0,0.036092023174730384,-0.007908435756186393
1.806,0.0,-0.15988691691534385,-0.18951486697965692,0.0,-0.12273877572368103,0.21966586676042693
1.807,0.0,-0.15988691691534385,0.8104851330203431,0.0,-0.2367334709071247,0.3640805080270338
1.808,0.0,-0.15988691691534385,0.8104851330203431,0.0,-0.26161846730361055,0.3708662097103245
1.809,0.0,-0.15988691691534385,-0.18951486697965692,0.0,-0.18652382855255004,0.23760143002420755
1.81,0.0,-0.15988691691534385,-0.18951486697965692,0.0,-0.03877941280996212,0.014762449790364476
1.811,0.0,0.8401130830846562,-0.18951486697965692,0.0,0.12589042010858711,-0.21339808735872692
1.812,0.0,0.8401130830846562,-0.18951486697965692,0.0,0.2443242329269694,-0.36070685224138205
1.813,0.0,0.8401130830846562,-0.18951486697965692,0.0,0.2701767530179278,-0.37162414241488284
1.814,0.0,0.8401130830846562,-0.18951486697965692,0.0,0.19213831756933103,-0.2422030024578051
1.815,0.0,-0.15988691691534385,-0.18951486697965692,0.0,0.038915174207473924,-0.02153905342317075
1.816,0.0,-0.15988691691534385,-0.18951486697965692,0.0,-0.13124048625796017,0.20683408697259223
1.817,0.0,-0.15988691691534385,0.8104851330203431,0.0,-0.252677804544375,0.3565685075808567
1.818,0.0,-0.15988691691534385,0.8104851330203431,0.0,-0.27775154847831685,0.37118069283757144
1.819,0.0,-0.15988691691534385,-0.18951486697965692,0.0,-0.1956169926162807,0.24541218621649327
1.82,0.0,-0.15988691691534385,-0.18951486697965692,0.0,-0.036951524360720106,0.027175028828700265
1.821,0.0,-0.15988691691534385,-0.18951486697965692,0.0,0.1374710690765778,-0.20066286475297826
1.822,0.0,-0.15988691691534385,-0.18951486697965692,0.0,0.2601181795106202,-0.3517482038238952
1.823,0.0,-0.15988691691534385,-0.18951486697965692,0.0,0.2829622041785366,-0.3690219062775838
1.824,0.0,-0.15988691691534385,-0.18951486697965692,0.0,0.19640453170683653,-0.24634930883077544
1.825,0.0,-0.15988691691534385,-0.18951486697965692,0.0,0.033349083523193414,-0.03077058262672123
1.826,0.0,-0.15988691691534385,-0.18951486697965692,0.0,-0.1433244495090013,0.19548710641473907
1.827,0.0,-0.15988691691534385,0.8104851330203431,0.0,-0.2651155768203233,0.3463800693573589
1.828,0.0,-0.15988691691534385,0.8104851330203431,0.0,-0.28461007677120553,0.36483375824030967
1.829,0.0,-0.15988691691534385,0.8104851330203431,0.0,-0.19406393522004084,0.24442825379238226
1.83,0.0,-0.15988691691534385,-0.18951486697965692,0.0,-0.028525418025132036,0.0317064049680638
1.831,0.0,0.8401130830846562,-0.18951486697965692,0.0,0.14778507074541122,-0.1917597085965168
1.832,0.0,0.8401130830846562,-0.18951486697965692,0.0,0.266524814732973,-0.3406563833965825
1.833,0.0,0.8401130830846562,-0.18951486697965692,0.0,0.28188280394064674,-0.3585665244651953
1.834,0.0,0.8401130830846562,-0.18951486697965692,0.0,0.18837620341719502,-0.23944553737145857
1.835,0.0,-0.15988691691534385,-0.18951486697965692,0.0,0.022825425556374627,-0.029720694271625644
1.836,0.0,-0.15988691691534385,-0.18951486697965692,0.0,-0.15021214131601568,0.1897435720873708
1.837,0.0,-0.15988691691534385,0.8104851330203431,0.0,-0.26375959793156656,0.3348287900842868
1.838,0.0,-0.15988691691534385,-0.18951486697965692,0.0,-0.2745025571058598,0.3504641396483964
1.839,0.0,-0.15988691691534385,-0.18951486697965692,0.0,-0.17941617929435458,0.23161691725134023
1.84,0.0,-0.15988691691534385,-0.18951486697965692,0.0,-0.016514764149484367,0.02493661974373932
1.841,0.0,-0.15988691691534385,-0.18951486697965692,0.0,0.1504050554348474,-0.18949766572396198
1.842,0.0,-0.15988691691534385,-0.18951486697965692,0.0,0.25687676001938203,-0.3292008336154335
1.843,0.0,-0.15988691691534385,-0.18951486697965692,0.0,0.26279418395884135,-0.3410522868551016
1.844,0.0,-0.15988691691534385,-0.18951486697965692,0.0,0.1675898252038664,-0.2215559071076032
1.845,0.0,-0.15988691691534385,-0.18951486697965692,0.0,0.009793500794512926,-0.017837669831247634
1.846,0.0,-0.15988691691534385,-0.18951486697965692,0.0,-0.14859484347564333,0.19088880137657335
1.847,0.0,-0.15988691691534385,0.8104851330203431,0.0,-0.24655904925272493,0.32411016933262565
1.848,0.0,-0.15988691691534385,0.8104851330203431,0.0,-0.24766199340526632,0.33108507065648257
1.849,0.0,-0.15988691691534385,-0.18951486697965692,0.0,-0.15362435450251555,0.21019690486502243
1.85,0.0,-0.15988691691534385,-0.18951486697965692,0.0,-0.002823935489505628,0.009195537756110563
1.851,0.0,-0.15988691691534385,-0.18951486697965692,0.0,0.14536663025668806,-0.19362538448360345
1.852,0.0,0.8401130830846562,-0.18951486697965692,0.0,0.23400119707604874,-0.3199008757371215
1.853,0.0,0.8401130830846562,-0.18951486697965692,0.0,0.23047854639123994,-0.321456494979765
1.854,0.0,0.8401130830846562,-0.18951486697965692,0.0,0.13851032662392415,-0.19867364005415203
1.855,0.0,-0.15988691691534385,-0.18951486697965692,0.0,-0.004235406139212096,3.8396848919585184e-05
1.856,0.0,-0.15988691691534385,-0.18951486697965692,0.0,-0.14152872801424182,0.19730699571103602
1.857,0.0,-0.15988691691534385,0.8104851330203431,0.0,-0.22071915666804043,0.3168885260762886
1.858,0.0,-0.15988691691534385,0.8104851330203431,0.0,-0.21290278827669848,0.3130885699715076
1.859,0.0,-0.15988691691534385,-0.18951486697965692,0.0,-0.12340270922305063,0.1881701055386533
1.86,0.0,-0.15988691691534385,-0.18951486697965692,0.0,0.011198100544534753,-0.008862210241337301
1.861,0.0,-0.15988691691534385,-0.18951486697965692,0.0,0.1379518764411924,-0.2014822590753783
1.862,0.0,-0.15988691691534385,-0.18951486697965692,0.0,0.2083141206328766,-0.3153226140694206
1.863,0.0,-0.15988691691534385,-0.18951486697965692,0.0,0.19665590303273217,-0.30681178645542206
1.864,0.0,-0.15988691691534385,-0.18951486697965692,0.0,0.10949465899731664,-0.17976508510414696
1.865,0.0,-0.15988691691534385,-0.18951486697965692,0.0,-0.017827990145397467,0.016355020122966985
1.866,0.0,-0.15988691691534385,-0.18951486697965692,0.0,-0.13540608438933902,0.2057071420187281
1.867,0.0,-0.15988691691534385,0.8104851330203431,0.0,-0.19822938503161958,0.31535214428486263
1.868,0.0,-0.15988691691534385,0.8104851330203431,0.0,-0.18328960168936215,0.30325525073688764
1.869,0.0,-0.15988691691534385,-0.18951486697965692,0.0,-0.0978822265949407,0.17429222433929462
1.87,0.0,-0.15988691691534385,-0.18951486697965692,0.0,0.023832523999626595,-0.021793039955646045
1.871,0.0,0.8401130830846562,-0.18951486697965692,0.0,0.13442199596651352,-0.20959654067955433
1.872,0.0,0.8401130830846562,-0.18951486697965692,0.0,0.1915383628384935,-0.31700039521757845
1.873,0.0,-0.15988691691534385,-0.18951486697965692,0.0,0.17398219294939574,-0.30276266531040075
1.874,0.0,-0.15988691691534385,-0.18951486697965692,0.0,0.08943961187404037,-0.17223519453823602
1.875,0.0,-0.15988691691534385,-0.18951486697965692,0.0,-0.028873662356445996,0.0247348454948733
1.876,0.0,-0.15988691691534385,-0.18951486697965692,0.0,-0.13519888919462908,0.21286352872603673
1.877,0.0,-0.15988691691534385,0.8104851330203431,0.0,-0.1887961336082329,0.3201539295563337
1.878,0.0,-0.15988691691534385,-0.18951486697965692,0.0,-0.16939269874384416,0.30534669761738575
1.879,0.0,-0.15988691691534385,-0.18951486697965692,0.0,-0.084722778955884,0.17367223791842368
1.88,0.0,-0.15988691691534385,-0.18951486697965692,0.0,0.03259551590582141,-0.02506537175261242
1.881,0.0,-0.15988691691534385,-0.18951486697965692,0.0,0.13757318795094986,-0.215342705427073
1.882,0.0,-0.15988691691534385,-0.18951486697965692,0.0,0.18997592260407017,-0.3245689625727615
1.883,0.0,-0.15988691691534385,-0.18951486697965692,0.0,0.16959340339064793,-0.31068863727323887
1.884,0.0,-0.15988691691534385,-0.18951486697965692,0.0,0.08391454586656708,-0.17827706290913964
1.885,0.0,-0.15988691691534385,-0.18951486697965692,0.0,-0.034664930623765765,0.02299425044169795
1.886,0.0,-0.15988691691534385,-0.18951486697965692,0.0,-0.14105112362522376,0.2169963478135039
1.887,0.0,-0.15988691691534385,0.8104851330203431,0.0,-0.19449772175953267,0.32989550906214615
1.888,0.0,-0.15988691691534385,0.8104851330203431,0.0,-0.174088281967442,0.3181834703229687
1.889,0.0,-0.15988691691534385,-0.18951486697965692,0.0,-0.08681754547957864,0.18537479603667975
1.89,0.0,-0.15988691691534385,-0.18951486697965692,0.0,0.03481896696431677,-0.019010597995422117
1.891,0.0,-0.15988691691534385,-0.18951486697965692,0.0,0.14489860975195623,-0.21790424606412936
1.892,0.0,0.8401130830846562,-0.18951486697965692,0.0,0.2013412778591393,-0.3357167667611972
1.893,0.0,0.8401130830846562,-0.18951486697965692,0.0,0.18191094952664774,-0.3270236574780232
1.894,0.0,-0.15988691691534385,-0.18951486697965692,0.0,0.09289390445100162,-0.19404374302674465
1.895,0.0,-0.15988691691534385,-0.18951486697965692,0.0,-0.03291195962255084,0.013802332301085457
1.896,0.0,-0.15988691691534385,-0.18951486697965692,0.0,-0.1482721937417435,0.21823992763134095
1.897,0.0,-0.15988691691534385,0.8104851330203431,0.0,-0.20922235096698683,0.34159848683469435
1.898,0.0,-0.15988691691534385,0.8104851330203431,0.0,-0.19178342262922352,0.3363090733360721
1.899,0.0,-0.15988691691534385,-0.18951486697965692,0.0,-0.10134341728170665,0.20324725820719275
1.9,0.0,-0.15988691691534385,-0.18951486697965692,0.0,0.028954709621939724,-0.008152699597165141
1.901,0.0,-0.15988691691534385,-0.18951486697965692,0.0,0.15036856869807663,-0.21823728143403792
1.902,0.0,-0.15988691691534385,-0.18951486697965692,0.0,0.21680163686028114,-0.3471411341391896
1.903,0.0,-0.15988691691534385,-0.18951486697965692,0.0,0.20230811399761825,-0.3451666717300599
1.904,0.0,-0.15988691691534385,-0.18951486697965692,0.0,0.11120660113345336,-0.21197601724191945
1.905,0.0,-0.15988691691534385,-0.18951486697965692,0.0,-0.0231393061890964,0.0028293249868801724
1.906,0.0,-0.15988691691534385,-0.18951486697965692,0.0,-0.15056752374155913,0.21815229702050498
1.907,0.0,-0.15988691691534385,0.8104851330203431,0.0,-0.22289152474857346,0.3520268394578347
1.908,0.0,-0.15988691691534385,0.8104851330203431,0.0,-0.21216148429792683,0.35286210847571314
1.909,0.0,-0.15988691691534385,-0.18951486697965692,0.0,-0.1214761737100598,0.21937999561114793
1.91,0.0,-0.15988691691534385,-0.18951486697965692,0.0,0.015844903025164954,0.001518538388988933
1.911,0.0,0.8401130830846562,-0.18951486697965692,0.0,0.14854471339972516,-0.2182247396312713
1.912,0.0,0.8401130830846562,-0.18951486697965692,0.0,0.22662749046515507,-0.3560536895608219
1.913,0.0,0.8401130830846562,-0.18951486697965692,0.0,0.22025918574182127,-0.3588869882350309
1.914,0.0,0.8401130830846562,-0.18951486697965692,0.0,0.13120059291378192,-0.224871566845862
1.915,0.0,-0.15988691691534385,-0.18951486697965692,0.0,-0.007622178962724995,-0.004440754158445268
1.916,0.0,-0.15988691691534385,-0.18951486697965692,0.0,-0.14433589894066345,0.21864416486079655
1.917,0.0,-0.15988691691534385,0.8104851330203431,0.0,-0.22757798289631517,0.3591517523330579
1.918,0.0,-0.15988691691534385,0.8104851330203431,0.0,-0.2258689449974527,0.36300937444001624
1.919,0.0,-0.15988691691534385,-0.18951486697965692,0.0,-0.13956618343130658,0.22818596643601557
1.92,0.0,-0.15988691691534385,-0.18951486697965692,0.0,-0.0008431539911003808,0.005734968786484796
1.921,0.0,-0.15988691691534385,-0.18951486697965692,0.0,0.13834242441041839,-0.21952385597626206
1.922,0.0,-0.15988691691534385,-0.18951486697965692,0.0,0.2257778269643142,-0.3613781223655605
1.923,0.0,-0.15988691691534385,-0.18951486697965692,0.0,0.22865758923882895,-0.3652810709960351
1.924,0.0,-0.15988691691534385,-0.18951486697965692,0.0,0.14594939804532425,-0.22939212631778788
1.925,0.0,-0.15988691691534385,-0.18951486697965692,0.0,0.008784912996276012,-0.005458110527069948
1.926,0.0,-0.15988691691534385,-0.18951486697965692,0.0,-0.13127727407491113,0.22088518246442143
1.927,0.0,-0.15988691691534385,0.8104851330203431,0.0,-0.22168346074303588,0.3628917325652644
1.928,0.0,-0.15988691691534385,0.8104851330203431,0.0,-0.22867064049521757,0.3660020095826471
1.929,0.0,-0.15988691691534385,-0.18951486697965692,0.0,-0.1499368916871144,0.22885449866272808
1.93,0.0,-0.15988691691534385,-0.18951486697965692,0.0,-0.015424075312314942,0.0039010962161742176
1.931,0.0,-0.15988691691534385,-0.18951486697965692,0.0,0.12406055222361644,-0.2226536666615029
1.932,0.0,0.8401130830846562,-0.18951486697965692,0.0,0.2160614563269315,-0.3639121272405705
1.933,0.0,0.8401130830846562,-0.18951486697965692,0.0,0.2262546300387409,-0.365648764639187
1.934,0.0,-0.15988691691534385,-0.18951486697965692,0.0,0.1513171183409198,-0.2271537768903328
1.935,0.0,-0.15988691691534385,-0.18951486697965692,0.0,0.020042956992039226,-0.0015322591290915482
1.936,0.0,-0.15988691691534385,-0.18951486697965692,0.0,-0.11768112363546261,0.2246668241895253
1.937,0.0,-0.15988691691534385,0.8104851330203431,0.0,-0.20983253508485983,0.36466923116565275
1.938,0.0,-0.15988691691534385,0.8104851330203431,0.0,-0.22194165945819302,0.3647797047071243
1.939,0.0,-0.15988691691534385,-0.18951486697965692,0.0,-0.15005194139223382,0.22498028505413112
1.94,0.0,-0.15988691691534385,-0.18951486697965692,0.0,-0.022058605753269935,-0.0010808934818478794
1.941,0.0,-0.15988691691534385,-0.18951486697965692,0.0,0.1130462430090397,-0.22669270496830893
1.942,0.0,-0.15988691691534385,-0.18951486697965692,0.0,0.20389992416510208,-0.3653528633644754
1.943,0.0,-0.15988691691534385,-0.18951486697965692,0.0,0.2163211656403166,-0.36393270838719033
1.944,0.0,-0.15988691691534385,-0.18951486697965692,0.0,0.14623939392462892,-0.22301739001266482
1.945,0.0,-0.15988691691534385,-0.18951486697965692,0.0,0.02108798616807883,0.0033594624772485225
1.946,0.0,-0.15988691691534385,-0.18951486697965692,0.0,-0.11084255578674776,0.22845707075031502
1.947,0.0,-0.15988691691534385,0.8104851330203431,0.0,-0.1989924026219868,0.3660709990094557
1.948,0.0,-0.15988691691534385,0.8104851330203431,0.0,-0.20992447993201085,0.36353219904785417
1.949,0.0,-0.15988691691534385,-0.18951486697965692,0.0,-0.14007879104725393,0.22183311419813787
1.95,0.0,-0.15988691691534385,-0.18951486697965692,0.0,-0.0169981221729989,-0.004797674053923717
1.951,0.0,-0.15988691691534385,-0.18951486697965692,0.0,0.1114297257897803,-0.22967634907535936
1.952,0.0,0.8401130830846562,-0.18951486697965692,0.0,0.19554864259072877,-0.3668244859092244
1.953,0.0,0.8401130830846562,-0.18951486697965692,0.0,0.20314363467091523,-0.36382037976365256
1.954,0.0,-0.15988691691534385,-0.18951486697965692,0.0,0.13184695665661775,-0.22179614966407885
1.955,0.0,-0.15988691691534385,-0.18951486697965692,0.0,0.009935532353977001,0.005032495057514289
1.956,0.0,-0.15988691691534385,-0.18951486697965692,0.0,-0.11478257868808953,0.23009293826583926
1.957,0.0,-0.15988691691534385,0.8104851330203431,0.0,-0.19366125352886773,0.36750324736265194
1.958,0.0,-0.15988691691534385,0.8104851330203431,0.0,-0.19619785386793392,0.36482330998278156
1.959,0.0,-0.15988691691534385,-0.18951486697965692,0.0,-0.12188996256162347,0.223028089575949
1.96,0.0,-0.15988691691534385,-0.18951486697965692,0.0,-0.00033093694639974117,-0.0038894460207527124
1.961,0.0,-0.15988691691534385,-0.18951486697965692,0.0,0.12048998214396407,-0.22950913630963293
1.962,0.0,-0.15988691691534385,-0.18951486697965692,0.0,0.19308782049116702,-0.3679053678019748
1.963,0.0,-0.15988691691534385,-0.18951486697965692,0.0,0.18915085210748817,-0.36635656854593324
1.964,0.0,-0.15988691691534385,-0.18951486697965692,0.0,0.11062946206649968,-0.22539765502589412
1.965,0.0,-0.15988691691534385,-0.18951486697965692,0.0,-0.011122782215923211,0.0013995359036318043
1.966,0.0,-0.15988691691534385,-0.18951486697965692,0.0,-0.12780997898503282,0.22781596069649188
1.967,0.0,-0.15988691691534385,0.8104851330203431,0.0,-0.19332419038922766,0.36777645704920225
1.968,0.0,-0.15988691691534385,0.8104851330203431,0.0,-0.18197143792735715,0.3680686654469882
1.969,0.0,-0.15988691691534385,-0.18951486697965692,0.0,-0.09857761024017805,0.22855598915026387
1.97,0.0,-0.15988691691534385,-0.18951486697965692,0.0,0.0235191398795746,0.0022134533131615364
1.971,0.0,-0.15988691691534385,-0.18951486697965692,0.0,0.13577232803861217,-0.22501344578612884
1.972,0.0,0.8401130830846562,-0.18951486697965692,0.0,0.19372441303359098,-0.36686299956023916
1.973,0.0,0.8401130830846562,-0.18951486697965692,0.0,0.17462099095354872,-0.3695141701823924
1.974,0.0,-0.15988691691534385,-0.18951486697965692,0.0,0.08635084945383623,-0.2320057748317134
1.975,0.0,-0.15988691691534385,-0.18951486697965692,0.0,-0.035810519987907005,-0.006571957297935563
1.976,0.0,-0.15988691691534385,-0.18951486697965692,0.0,-0.14331285700881463,0.22121966644102659
1.977,0.0,-0.15988691691534385,0.8104851330203431,0.0,-0.19364393955235512,0.36497066050347526
1.978,0.0,-0.15988691691534385,0.8104851330203431,0.0,-0.16714583868290508,0.3702437173978947
1.979,0.0,-0.15988691691534385,-0.18951486697965692,0.0,-0.07467139475086157,0.23519196891506738
1.98,0.0,-0.15988691691534385,-0.18951486697965692,0.0,0.04689959248116228,0.011203103091436599
1.981,0.0,-0.15988691691534385,-0.18951486697965692,0.0,0.14941985496732302,-0.21666673425598196
1.982,0.0,-0.15988691691534385,-0.18951486697965692,0.0,0.1925792005336874,-0.36201724124192997
1.983,0.0,-0.15988691691534385,-0.18951486697965692,0.0,0.15975144259400906,-0.3698953957856533
1.984,0.0,-0.15988691691534385,-0.18951486697965692,0.0,0.06434653076624755,-0.23759905409718926
1.985,0.0,-0.15988691691534385,-0.18951486697965692,0.0,-0.05574251013415265,-0.01560761390302921
1.986,0.0,-0.15988691691534385,-0.18951486697965692,0.0,-0.15327164597003223,0.21168330100982355
1.987,0.0,-0.15988691691534385,0.8104851330203431,0.0,-0.19027802887355139,0.35807042052432925
1.988,0.0,-0.15988691691534385,0.8104851330203431,0.0,-0.15283882896715287,0.3682719321868141
1.989,0.0,-0.15988691691534385,-0.18951486697965692,0.0,-0.05621973555962172,0.23883926144698545
1.99,0.0,-0.15988691691534385,-0.18951486697965692,0.0,0.06145489927118105,0.019329223632253346
1.991,0.0,0.8401130830846562,-0.18951486697965692,0.0,0.15434650322276802,-0.20666459133878184
1.992,0.0,0.8401130830846562,-0.18951486697965692,0.0,0.18680120464399655,-0.3533625678170496
1.993,0.0,0.8401130830846562,-0.18951486697965692,0.0,0.14699121413950078,-0.3653905385451148
1.994,0.0,-0.15988691691534385,-0.18951486697965692,0.0,0.05109353390783249,-0.23871819027569494
1.995,0.0,-0.15988691691534385,-0.18951486697965692,0.0,-0.06341043519669702,-0.022015219711621833
1.996,0.0,-0.15988691691534385,-0.18951486697965692,0.0,-0.15249071925611343,0.2020325328318967
1.997,0.0,-0.15988691691534385,0.8104851330203431,0.0,-0.18252455573513687,0.34827846574575644
1.998,0.0,-0.15988691691534385,0.8104851330203431,0.0,-0.14290887388991266,0.36149687005425885
1.999,0.0,-0.15988691691534385,-0.18951486697965692,0.0,-0.04963076530868397,0.23726824982712294
2.0,0.0,-0.15988691691534385,-0.18951486697965692,0.0,0.06132140218256482,0.02346050153809885
2.001,0.0,-0.15988691691534385,-0.18951486697965692,0.0,0.14793709793112475,-0.19818997627823082
2.002,0.0,-0.15988691691534385,-0.18951486697965692,0.0,0.1780818634081491,-0.34331617794543934
2.003,0.0,-0.15988691691534385,-0.18951486697965692,0.0,0.14130109400841226,-0.35704048314915504
2.004,0.0,-0.15988691691534385,-0.18951486697965692,0.0,0.052247289182524755,-0.23474567050588158
2.005,0.0,-0.15988691691534385,-0.18951486697965692,0.0,-0.055291281363479466,-0.023630201783162993
2.006,0.0,-0.15988691691534385,-0.18951486697965692,0.0,-0.14127331345012153,0.195474100143322
2.007,0.0,-0.15988691691534385,0.8104851330203431,0.0,-0.17425935798763623,0.3390258355708809
2.008,0.0,-0.15988691691534385,0.8104851330203431,0.0,-0.14275346570805292,0.35261550326337165
2.009,0.0,-0.15988691691534385,0.8104851330203431,0.0,-0.0590136951262268,0.23159260267923198
2.01,0.0,-0.15988691691534385,-0.18951486697965692,0.0,0.04583121445995764,0.02265903710784151
2.011,0.0,-0.15988691691534385,-0.18951486697965692,0.0,0.13336638574615975,-0.19411467736744034
2.012,0.0,0.8401130830846562,-0.18951486697965692,0.0,0.1718610002108568,-0.33593503448856066
2.013,0.0,-0.15988691691534385,-0.18951486697965692,0.0,0.14759503148937506,-0.34887588342912507
2.014,0.0,-0.15988691691534385,-0.18951486697965692,0.0,0.06958524645050498,-0.22837112468590046
2.015,0.0,-0.15988691691534385,-0.18951486697965692,0.0,-0.03383516148160667,-0.0208286766123703
2.016,0.0,-0.15988691691534385,-0.18951486697965692,0.0,-0.1252549848120268,0.19420279598700704
2.017,0.0,-0.15988691691534385,0.8104851330203431,0.0,-0.171568595495033,0.334472160447535
2.018,0.0,-0.15988691691534385,-0.18951486697965692,0.0,-0.15579158063950407,0.34643874005664327
2.019,0.0,-0.15988691691534385,-0.18951486697965692,0.0,-0.08317744288541079,0.2256800142547578
2.02,0.0,-0.15988691691534385,-0.18951486697965692,0.0,0.02051255317942143,0.018527126603789593
2.021,0.0,-0.15988691691534385,-0.18951486697965692,0.0,0.11802471337905286,-0.19567478842405203
2.022,0.0,-0.15988691691534385,-0.18951486697965692,0.0,0.17382130573685917,-0.3348998112158825
2.023,0.0,-0.15988691691534385,-0.18951486697965692,0.0,0.16688827229985545,-0.3457911385607634
2.024,0.0,-0.15988691691534385,-0.18951486697965692,0.0,0.09859924422970982,-0.22406732637331483
2.025,0.0,-0.15988691691534385,-0.18951486697965692,0.0,-0.007281907288775578,-0.016196111375780118
2.026,0.0,-0.15988691691534385,-0.18951486697965692,0.0,-0.11268260889878372,0.19831455779060805
2.027,0.0,-0.15988691691534385,0.8104851330203431,0.0,-0.17873531017041194,0.3372693628820242
2.028,0.0,-0.15988691691534385,0.8104851330203431,0.0,-0.18001715410988273,0.3472150820545345
2.029,0.0,-0.15988691691534385,-0.18951486697965692,0.0,-0.11434780588586518,0.22395190553189234
2.03,0.0,-0.15988691691534385,-0.18951486697965692,0.0,-0.004366255925874633,0.014273494715810485
2.031,0.0,-0.15988691691534385,-0.18951486697965692,0.0,0.11004591820659794,-0.20177532588102848
2.032,0.0,0.8401130830846562,-0.18951486697965692,0.0,0.18607699019780258,-0.3414047531255396
2.033,0.0,0.8401130830846562,-0.18951486697965692,0.0,0.19397430008615396,-0.35074245360148804
2.034,0.0,-0.15988691691534385,-0.18951486697965692,0.0,0.12875876592620814,-0.2255650218243838
2.035,0.0,-0.15988691691534385,-0.18951486697965692,0.0,0.013024402531460071,-0.013137890749144386
2.036,0.0,-0.15988691691534385,-0.18951486697965692,0.0,-0.11065713634844301,0.205619307091855
2.037,0.0,-0.15988691691534385,0.8104851330203431,0.0,-0.19529345176847693,0.34691915735318346
2.038,0.0,-0.15988691691534385,0.8104851330203431,0.0,-0.20735908125540586,0.3561467848475866
2.039,0.0,-0.15988691691534385,-0.18951486697965692,0.0,-0.14019629870293215,0.2289197533916911
2.04,0.0,-0.15988691691534385,-0.18951486697965692,0.0,-0.01752467368467447,0.01306184172854481
2.041,0.0,-0.15988691691534385,-0.18951486697965692,0.0,0.11473300926418206,-0.20937125972831958
2.042,0.0,-0.15988691691534385,-0.18951486697965692,0.0,0.20559418723640907,-0.3532630906797071
2.043,0.0,-0.15988691691534385,-0.18951486697965692,0.0,0.21875666369680125,-0.36297277967401814
2.044,0.0,-0.15988691691534385,-0.18951486697965692,0.0,0.14725903254282904,-0.23381117572553206
2.045,0.0,-0.15988691691534385,-0.18951486697965692,0.0,0.01707931004119222,-0.014178483732538261
2.046,0.0,-0.15988691691534385,-0.18951486697965692,0.0,-0.12215043236020526,0.21257964833526735
2.047,0.0,-0.15988691691534385,0.8104851330203431,0.0,-0.2160689924814583,0.35979739790478893
2.048,0.0,-0.15988691691534385,0.8104851330203431,0.0,-0.22693626564473987,0.3705984858050125
2.049,0.0,-0.15988691691534385,-0.18951486697965692,0.0,-0.14897305307505435,0.23984562357691333
2.05,0.0,-0.15988691691534385,-0.18951486697965692,0.0,-0.01138718044801954,0.01646473193986604
2.051,0.0,0.8401130830846562,-0.18951486697965692,0.0,0.1324676612768234,-0.21487762465572297
2.052,0.0,0.8401130830846562,-0.18951486697965692,0.0,0.22582139614596183,-0.36588042406845733
2.053,0.0,0.8401130830846562,-0.18951486697965692,0.0,0.23103360155059685,-0.3783198622284936
2.054,0.0,0.8401130830846562,-0.18951486697965692,0.0,0.14494264782551172,-0.24649302820897975
2.055,0.0,-0.15988691691534385,-0.18951486697965692,0.0,0.00069141068837289,-0.019741969143084997
2.056,0.0,-0.15988691691534385,-0.18951486697965692,0.0,-0.1449755720277644,0.21603548911252307
2.057,0.0,-0.15988691691534385,0.8104851330203431,0.0,-0.23409479291984342,0.3709560947485661
2.058,0.0,-0.15988691691534385,0.8104851330203431,0.0,-0.23068714759998962,0.3854440658916451
2.059,0.0,-0.15988691691534385,-0.18951486697965692,0.0,-0.1354335852501273,0.2531532469724923
2.06,0.0,-0.15988691691534385,-0.18951486697965692,0.0,0.014222074954114903,0.023693270040206726
2.061,0.0,-0.15988691691534385,-0.18951486697965692,0.0,0.15877122798421378,-0.21599689677082728
2.062,0.0,-0.15988691691534385,-0.18951486697965692,0.0,0.24037047310487536,-0.3746291404184611
2.063,0.0,-0.15988691691534385,-0.18951486697965692,0.0,0.22610431742558304,-0.39137662181871274
2.064,0.0,-0.15988691691534385,-0.18951486697965692,0.0,0.12137218013981552,-0.2592258223324414
2.065,0.0,-0.15988691691534385,-0.18951486697965692,0.0,-0.032088712096494616,-0.027894546505797136
2.066,0.0,-0.15988691691534385,-0.18951486697965692,0.0,-0.17284484228913777,0.21489282959679806
2.067,0.0,-0.15988691691534385,0.8104851330203431,0.0,-0.2444223479577657,0.3767154114757156
2.068,0.0,-0.15988691691534385,0.8104851330203431,0.0,-0.218044359576667,0.3956889187998771
2.069,0.0,-0.15988691691534385,0.8104851330203431,0.0,-0.1042550492482293,0.2641728860858393
2.07,0.0,-0.15988691691534385,-0.18951486697965692,0.0,0.05128816773458363,0.0318557954821578
2.071,0.0,-0.15988691691534385,-0.18951486697965692,0.0,0.18617124655748188,-0.2130301031061944
2.072,0.0,0.8401130830846562,-0.18951486697965692,0.0,0.24632129371673936,-0.3772589340969112
2.073,0.0,0.8401130830846562,-0.18951486697965692,0.0,0.20771804222349755,-0.39815596226059247
2.074,0.0,-0.15988691691534385,-0.18951486697965692,0.0,0.08597759101830645,-0.2675668250276794
2.075,0.0,-0.15988691691534385,-0.18951486697965692,0.0,-0.07001426590099026,-0.03506793891468992
2.076,0.0,-0.15988691691534385,-0.18951486697965692,0.0,-0.19779790101113706,0.21085457848725303
2.077,0.0,-0.15988691691534385,0.8104851330203431,0.0,-0.24639116128827965,0.37651250774958517
2.078,0.0,-0.15988691691534385,0.8104851330203431,0.0,-0.1966177715138687,0.3987594313047683
2.079,0.0,-0.15988691691534385,-0.18951486697965692,0.0,-0.06860179380917944,0.269117454708385
2.08,0.0,-0.15988691691534385,-0.18951486697965692,0.0,0.08647361557427685,0.037050565021090144
2.081,0.0,-0.15988691691534385,-0.18951486697965692,0.0,0.2069229355879941,-0.2088928535236711
2.082,0.0,-0.15988691691534385,-0.18951486697965692,0.0,0.24512696319253446,-0.374884450603727
2.083,0.0,-0.15988691691534385,-0.18951486697965692,0.0,0.1863034028361417,-0.3976569792180151
2.084,0.0,-0.15988691691534385,-0.18951486697965692,0.0,0.054093955654816256,-0.26867723379626857
2.085,0.0,-0.15988691691534385,-0.18951486697965692,0.0,-0.09908987519798988,-0.03739615951281561
2.086,0.0,-0.15988691691534385,-0.18951486697965692,0.0,-0.2129583331666243,0.20767948586204318
2.087,0.0,-0.15988691691534385,0.8104851330203431,0.0,-0.24309205045478682,0.3728596404275993
2.088,0.0,-0.15988691691534385,0.8104851330203431,0.0,-0.1781766571037789,0.395124411684926
2.089,0.0,-0.15988691691534385,-0.18951486697965692,0.0,-0.04406859515021466,0.26622683573470374
2.09,0.0,0.8401130830846562,-0.18951486697965692,0.0,0.10668864846470001,0.035807065611016826
2.091,0.0,0.8401130830846562,-0.18951486697965692,0.0,0.21557487839521614,-0.2076792521562368
2.092,0.0,0.8401130830846562,-0.18951486697965692,0.0,0.24081414880659957,-0.370907375602995
2.093,0.0,0.8401130830846562,-0.18951486697965692,0.0,0.17327940313135468,-0.3914819331672558
2.094,0.0,-0.15988691691534385,-0.18951486697965692,0.0,0.03957518907954465,-0.26184654612226405
2.095,0.0,-0.15988691691534385,-0.18951486697965692,0.0,-0.10863929392060395,-0.032122325852983045
2.096,0.0,-0.15988691691534385,-0.18951486697965692,0.0,-0.21472675620984366,0.20921515152125775
2.097,0.0,-0.15988691691534385,0.8104851330203431,0.0,-0.23869946445221565,0.3693910572518548
2.098,0.0,-0.15988691691534385,0.8104851330203431,0.0,-0.17214765143506708,0.3870183130730601
2.099,0.0,-0.15988691691534385,-0.18951486697965692,0.0,-0.04095915314539421,0.25568097047750304
2.1,0.0,-0.15988691691534385,-0.18951486697965692,0.0,0.10493446596663752,0.026332626195226826
2.101,0.0,-0.15988691691534385,-0.18951486697965692,0.0,0.21065469399369752,-0.2124125708282526
2.102,0.0,-0.15988691691534385,-0.18951486697965692,0.0,0.2369799062380362,-0.3684948187215436
2.103,0.0,-0.15988691691534385,-0.18951486697965692,0.0,0.17474443149134178,-0.3819271410688055
2.104,0.0,-0.15988691691534385,-0.18951486697965692,0.0,0.04781833705871576,-0.2479051198895294
2.105,0.0,-0.15988691691534385,-0.18951486697965692,0.0,-0.09619553979111638,-0.018582680025061863
2.106,0.0,-0.15988691691534385,-0.18951486697965692,0.0,-0.2038674169504086,0.21716820525336863
2.107,0.0,-0.15988691691534385,0.8104851330203431,0.0,-0.2357016467012315,0.3681799174719602
2.108,0.0,-0.15988691691534385,0.8104851330203431,0.0,-0.18048218811362682,0.3762672477429255
2.109,0.0,-0.15988691691534385,-0.18951486697965692,0.0,-0.05906268400899362,0.23869904108971127
2.11,0.0,-0.15988691691534385,-0.18951486697965692,0.0,0.08360133080149912,0.009161465292414468
2.111,0.0,0.8401130830846562,-0.18951486697965692,0.0,0.1951021025809777,-0.22314916421940678
2.112,0.0,-0.15988691691534385,-0.18951486697965692,0.0,0.23475507036066434,-0.3681792588672395
2.113,0.0,0.8401130830846562,-0.18951486697965692,0.0,0.1883309828075444,-0.36995518885799533
2.114,0.0,-0.15988691691534385,-0.18951486697965692,0.0,0.07306964037965327,-0.22823597131106962
2.115,0.0,-0.15988691691534385,-0.18951486697965692,0.0,-0.06874749888500856,0.0015183141681812955
2.116,0.0,-0.15988691691534385,-0.18951486697965692,0.0,-0.18526563943182336,0.22982359844289418
2.117,0.0,-0.15988691691534385,0.8104851330203431,0.0,-0.23393816695083378,0.36803249220128703
2.118,0.0,-0.15988691691534385,0.8104851330203431,0.0,-0.1969949835223684,0.36279209770854937
2.119,0.0,-0.15988691691534385,-0.18951486697965692,0.0,-0.08791369543916867,0.2166859363076221
2.12,0.0,-0.15988691691534385,-0.18951486697965692,0.0,0.053453364371980734,-0.012949393140318342
2.121,0.0,-0.15988691691534385,-0.18951486697965692,0.0,0.17535989963061133,-0.23651972774858965
2.122,0.0,-0.15988691691534385,-0.18951486697965692,0.0,0.23303909332194983,-0.3671576105133423
2.123,0.0,-0.15988691691534385,-0.18951486697965692,0.0,0.2051287461836898,-0.3545211075175537
2.124,0.0,-0.15988691691534385,-0.18951486697965692,0.0,0.10163728711363537,-0.20423332136059952
2.125,0.0,-0.15988691691534385,-0.18951486697965692,0.0,-0.0395402217517459,0.02456503174347618
2.126,0.0,-0.15988691691534385,-0.18951486697965692,0.0,-0.16639587910923503,0.24250598202901877
2.127,0.0,-0.15988691691534385,0.8104851330203431,0.0,-0.23192009699954041,0.36494891718015277
2.128,0.0,-0.15988691691534385,0.8104851330203431,0.0,-0.21155844122668482,0.3449059355278777
2.129,0.0,-0.15988691691534385,-0.18951486697965692,0.0,-0.1125239836495638,0.1911038276186148
2.13,0.0,-0.15988691691534385,-0.18951486697965692,0.0,0.0286095149328414,-0.03577702320574349
2.131,0.0,0.8401130830846562,-0.18951486697965692,0.0,0.15930325745286172,-0.24708172312585489
2.132,0.0,0.8401130830846562,-0.18951486697965692,0.0,0.230584883289582,-0.3608865706063449
2.133,0.0,0.8401130830846562,-0.18951486697965692,0.0,0.21547249604889798,-0.333817038649652
2.134,0.0,0.8401130830846562,-0.18951486697965692,0.0,0.1193343627939059,-0.17759392821695233
2.135,0.0,-0.15988691691534385,-0.18951486697965692,0.0,-0.021849733548547204,0.04601359324024496
2.136,0.0,-0.15988691691534385,-0.18951486697965692,0.0,-0.15484337696512365,0.2496662117874864
2.137,0.0,-0.15988691691534385,0.8104851330203431,0.0,-0.22921479800415115,0.3546404617342391
2.138,0.0,-0.15988691691534385,0.8104851330203431,0.0,-0.21655120745251266,0.321309718304543
2.139,0.0,-0.15988691691534385,-0.18951486697965692,0.0,-0.1214704782678203,0.1640948716287758
2.14,0.0,-0.15988691691534385,-0.18951486697965692,0.0,0.019897425772735657,-0.054754395242676404
2.141,0.0,-0.15988691691534385,-0.18951486697965692,0.0,0.1535344742408455,-0.24987343874857243
2.142,0.0,-0.15988691691534385,-0.18951486697965692,0.0,0.22816524827098542,-0.3461513697937702
2.143,0.0,-0.15988691691534385,-0.18951486697965692,0.0,0.21501487210797374,-0.3076790581299224
2.144,0.0,-0.15988691691534385,-0.18951486697965692,0.0,0.11904541880767294,-0.15110365247143134
2.145,0.0,-0.15988691691534385,-0.18951486697965692,0.0,-0.022770689268558287,0.061560270852832215
2.146,0.0,-0.15988691691534385,-0.18951486697965692,0.0,-0.1555978755511633,0.24756221227062317
2.147,0.0,-0.15988691691534385,0.8104851330203431,0.0,-0.22792145514673154,0.335675227305194
2.148,0.0,-0.15988691691534385,0.8104851330203431,0.0,-0.21158322912797642,0.2934796125564145
2.149,0.0,-0.15988691691534385,-0.18951486697965692,0.0,-0.11284861553476483,0.1392151559828707
2.15,0.0,-0.15988691691534385,-0.18951486697965692,0.0,0.029883816223368203,-0.06609608851731567
2.151,0.0,0.8401130830846562,-0.18951486697965692,0.0,0.16093255725957364,-0.24285427000680537
2.152,0.0,0.8401130830846562,-0.18951486697965692,0.0,0.22902049934934718,-0.323781532020164
2.153,0.0,0.8401130830846562,-0.18951486697965692,0.0,0.2073533258969161,-0.2795029140662202
2.154,0.0,-0.15988691691534385,-0.18951486697965692,0.0,0.10421307567048566,-0.12909262360721085
2.155,0.0,-0.15988691691534385,0.8104851330203431,0.0,-0.04014075616516014,0.06814571885812667
2.156,0.0,-0.15988691691534385,-0.18951486697965692,0.0,-0.16912292554107544,0.23611769303981306
2.157,0.0,-0.15988691691534385,0.8104851330203431,0.0,-0.23195323742753207,0.3113037249808456
2.158,0.0,-0.15988691691534385,-0.18951486697965692,0.0,-0.20361596923430944,0.26671237473627335
2.159,0.0,-0.15988691691534385,-0.18951486697965692,0.0,-0.09480524092783635,0.12141723380679807
2.16,0.0,-0.15988691691534385,-0.18951486697965692,0.0,0.05209426799315613,-0.06761896630287344
2.161,0.0,-0.15988691691534385,-0.18951486697965692,0.0,0.17948106423832833,-0.22791788996745765
2.162,0.0,-0.15988691691534385,-0.18951486697965692,0.0,0.237063821330289,-0.29924669967277273
2.163,0.0,-0.15988691691534385,-0.18951486697965692,0.0,0.20164060394808567,-0.25614203408560093
2.164,0.0,-0.15988691691534385,-0.18951486697965692,0.0,0.08636947630878437,-0.11682137171259674
2.165,0.0,-0.15988691691534385,-0.18951486697965692,0.0,-0.06414860401249703,0.06455095991257379
2.166,0.0,-0.15988691691534385,-0.18951486697965692,0.0,-0.19112044164085534,0.21894314432842332
2.167,0.0,-0.15988691691534385,0.8104851330203431,0.0,-0.2444654959550873,0.28866339411966924
2.168,0.0,-0.15988691691534385,0.8104851330203431,0.0,-0.20246324195248636,0.24877177880929
2.169,0.0,-0.15988691691534385,-0.18951486697965692,0.0,-0.08046558716321911,0.11581346558345318
2.17,0.0,-0.15988691691534385,-0.18951486697965692,0.0,0.07477761518473972,-0.05909503134769623
2.171,0.0,-0.15988691691534385,-0.18951486697965692,0.0,0.20305374297914192,-0.20991545811139575
2.172,0.0,0.8401130830846562,-0.18951486697965692,0.0,0.253988909215125,-0.28051758181370595
2.173,0.0,-0.15988691691534385,-0.18951486697965692,0.0,0.20671124008676367,-0.24539614152751946
2.174,0.0,-0.15988691691534385,-0.18951486697965692,0.0,0.07823830864847095,-0.11870454697332446
2.175,0.0,-0.15988691691534385,-0.18951486697965692,0.0,-0.08272816852807156,0.051510417209370975
2.176,0.0,-0.15988691691534385,-0.18951486697965692,0.0,-0.21430378449250548,0.201499592523395
2.177,0.0,-0.15988691691534385,0.8104851330203431,0.0,-0.26517378948377074,0.27555268008353984
2.178,0.0,-0.15988691691534385,-0.18951486697965692,0.0,-0.21449251026691504,0.2465058222612505
2.179,0.0,-0.15988691691534385,-0.18951486697965692,0.0,-0.08025239227261712,0.12554753698695792
2.18,0.0,-0.15988691691534385,-0.18951486697965692,0.0,0.08718103603201413,-0.042146194652908295
2.181,0.0,-0.15988691691534385,-0.18951486697965692,0.0,0.22401402250722935,-0.19422345035923977
2.182,0.0,0.8401130830846562,-0.18951486697965692,0.0,0.27730749111096303,-0.2741861569855711
2.183,0.0,-0.15988691691534385,-0.18951486697965692,0.0,0.22536623049803997,-0.252200271131959
2.184,0.0,-0.15988691691534385,-0.18951486697965692,0.0,0.08641661333657848,-0.13609947119873217
2.185,0.0,-0.15988691691534385,-0.18951486697965692,0.0,-0.08784763827335262,0.031422712598938286
2.186,0.0,-0.15988691691534385,-0.18951486697965692,0.0,-0.23154450624275785,0.18842119919421993
2.187,0.0,-0.15988691691534385,0.8104851330203431,0.0,-0.2895058890693565,0.2764459018541081
2.188,0.0,-0.15988691691534385,0.8104851330203431,0.0,-0.23839907516923203,0.2621460504132402
2.189,0.0,-0.15988691691534385,-0.18951486697965692,0.0,-0.09600638021551139,0.1498144889940269
2.19,0.0,-0.15988691691534385,-0.18951486697965692,0.0,0.08499031062579744,-0.01981147562891139
2.191,0.0,0.8401130830846562,-0.18951486697965692,0.0,0.23654049283027415,-0.1842070453071985
2.192,0.0,0.8401130830846562,-0.18951486697965692,0.0,0.30082483310819996,-0.2819591472704651
2.193,0.0,0.8401130830846562,-0.18951486697965692,0.0,0.2522975368405363,-0.2755897128113807
2.194,0.0,-0.15988691691534385,-0.18951486697965692,0.0,0.10777976983688399,-0.16587170677811297
2.195,0.0,-0.15988691691534385,-0.18951486697965692,0.0,-0.07936475616691031,0.007814064388361018
2.196,0.0,-0.15988691691534385,-0.18951486697965692,0.0,-0.23896428361310154,0.1814828536903202
2.197,0.0,-0.15988691691534385,-0.18951486697965692,0.0,-0.3103851162577055,0.2899970083789243
2.198,0.0,-0.15988691691534385,0.8104851330203431,0.0,-0.26559522325136303,0.29142641233558914
2.199,0.0,-0.15988691691534385,-0.18951486697965692,0.0,-0.1201680215149598,0.1832375498279853
2.2,0.0,-0.15988691691534385,-0.18951486697965692,0.0,0.07209445143336433,0.004059659371684959
2.201,0.0,-0.15988691691534385,-0.18951486697965692,0.0,0.23908575370696414,-0.1799775872339111
2.202,0.0,0.8401130830846562,-0.18951486697965692,0.0,0.31749156706864845,-0.29956953856879076
2.203,0.0,-0.15988691691534385,-0.18951486697965692,0.0,0.2768658992117756,-0.3083174769702307
2.204,0.0,-0.15988691691534385,-0.18951486697965692,0.0,0.13151086454789204,-0.2007573539941847
2.205,0.0,-0.15988691691534385,-0.18951486697965692,0.0,-0.06449635625783556,-0.015314013262211611
2.206,0.0,-0.15988691691534385,-0.18951486697965692,0.0,-0.2374328442000569,0.17931161511504692
2.207,0.0,-0.15988691691534385,0.8104851330203431,0.0,-0.32172781050963495,0.30955860767251725
2.208,0.0,-0.15988691691534385,0.8104851330203431,0.0,-0.28492969567199283,0.324842886714154
2.209,0.0,-0.15988691691534385,-0.18951486697965692,0.0,-0.14030108018096737,0.2172667378448428
2.21,0.0,-0.15988691691534385,-0.18951486697965692,0.0,0.0578839504972588,0.02549055873042877
2.211,0.0,0.8401130830846562,-0.18951486697965692,0.0,0.2347090917365611,-0.17907508759713414
2.212,0.0,0.8401130830846562,-0.18951486697965692,0.0,0.32301224959816216,-0.31887004538169245
2.213,0.0,0.8401130830846562,-0.18951486697965692,0.0,0.28902171932644255,-0.3396691081040019
2.214,0.0,0.8401130830846562,-0.18951486697965692,0.0,0.14540219908461782,-0.23171001787950793
2.215,0.0,-0.15988691691534385,-0.18951486697965692,0.0,-0.05337641851908982,-0.034191459463650195
2.216,0.0,-0.15988691691534385,-0.18951486697965692,0.0,-0.23169015879698346,0.17890740518608025
2.217,0.0,-0.15988691691534385,0.8104851330203431,0.0,-0.3216071574447777,0.3265832737335637
2.218,0.0,-0.15988691691534385,0.8104851330203431,0.0,-0.2888988178465911,0.3517098893654858
2.219,0.0,-0.15988691691534385,-0.18951486697965692,0.0,-0.1462081464181578,0.24325129162396594
2.22,0.0,-0.15988691691534385,-0.18951486697965692,0.0,0.05174134795577494,0.04110236738182639
2.221,0.0,-0.15988691691534385,-0.18951486697965692,0.0,0.22911448364661882,-0.17856468107621637
2.222,0.0,-0.15988691691534385,-0.18951486697965692,0.0,0.3180803070160397,-0.3320766108066214
2.223,0.0,-0.15988691691534385,-0.18951486697965692,0.0,0.28487030169297745,-0.3602579018610655
2.224,0.0,-0.15988691691534385,-0.18951486697965692,0.0,0.14272307636752554,-0.2513640380557149
2.225,0.0,-0.15988691691534385,-0.18951486697965692,0.0,-0.05329286104227112,-0.04601349170650341
2.226,0.0,-0.15988691691534385,-0.18951486697965692,0.0,-0.2275840298419028,0.17796404719314965
2.227,0.0,-0.15988691691534385,0.8104851330203431,0.0,-0.3132259928424,0.33510962677902967
2.228,0.0,-0.15988691691534385,0.8104851330203431,0.0,-0.2777502870228295,0.3650685600873678
2.229,0.0,-0.15988691691534385,-0.18951486697965692,0.0,-0.13555202926188367,0.2558872233242492
2.23,0.0,-0.15988691691534385,-0.18951486697965692,0.0,0.057858509974112536,0.04883693757599331
2.231,0.0,0.8401130830846562,-0.18951486697965692,0.0,0.22748948148687917,-0.1771973986916004
2.232,0.0,0.8401130830846562,-0.18951486697965692,0.0,0.3079583603930662,-0.33584995149952707
2.233,0.0,0.8401130830846562,-0.18951486697965692,0.0,0.26874107592467533,-0.36638354150824737
2.234,0.0,-0.15988691691534385,-0.18951486697965692,0.0,0.12580643378973047,-0.2570397308504163
2.235,0.0,-0.15988691691534385,-0.18951486697965692,0.0,-0.06481786187392345,-0.049617995334019525
2.236,0.0,-0.15988691691534385,-0.18951486697965692,0.0,-0.2289703128698732,0.1765121357253773
2.237,0.0,-0.15988691691534385,0.8104851330203431,0.0,-0.3031936766342644,0.3348399193431566
2.238,0.0,-0.15988691691534385,0.8104851330203431,0.0,-0.2592667994996956,0.36488963144957764
2.239,0.0,-0.15988691691534385,-0.18951486697965692,0.0,-0.11494081166519278,0.25538999877419977
2.24,0.0,-0.15988691691534385,-0.18951486697965692,0.0,0.07320505551137498,0.04853796877800287
2.241,0.0,-0.15988691691534385,-0.18951486697965692,0.0,0.23191455962736987,-0.17626187098452234
2.242,0.0,-0.15988691691534385,-0.18951486697965692,0.0,0.2997390126410138,-0.332907235447296
2.243,0.0,-0.15988691691534385,-0.18951486697965692,0.0,0.2507829774117845,-0.3616174185725878
2.244,0.0,-0.15988691691534385,-0.18951486697965692,0.0,0.10454650024969529,-0.2517834032131653
2.245,0.0,-0.15988691691534385,-0.18951486697965692,0.0,-0.08185833155908939,-0.04590646189644343
2.246,0.0,-0.15988691691534385,-0.18951486697965692,0.0,-0.235996731896291,0.17683507266839754
2.247,0.0,-0.15988691691534385,-0.18951486697965692,0.0,-0.2982027520655316,0.3310321634593216
2.248,0.0,-0.15988691691534385,0.8104851330203431,0.0,-0.24458986326378176,0.3577928110250028
2.249,0.0,-0.15988691691534385,0.8104851330203431,0.0,-0.09613347241619913,0.24723543351835905
2.25,0.0,-0.15988691691534385,-0.18951486697965692,0.0,0.0895929965365263,0.04214184523604734
2.251,0.0,0.8401130830846562,-0.18951486697965692,0.0,0.24074618972776943,-0.17857340414008746
2.252,0.0,0.8401130830846562,-0.18951486697965692,0.0,0.2989378812710446,-0.330190329482493
2.253,0.0,0.8401130830846562,-0.18951486697965692,0.0,0.24167533074269923,-0.35466112529901384
2.254,0.0,-0.15988691691534385,-0.18951486697965692,0.0,0.09093177447075002,-0.2428033261653573
2.255,0.0,-0.15988691691534385,-0.18951486697965692,0.0,-0.09537141991565244,-0.037739857190795506
2.256,0.0,-0.15988691691534385,-0.18951486697965692,0.0,-0.24563347488590367,0.18169348250855874
2.257,0.0,-0.15988691691534385,0.8104851330203431,0.0,-0.30202305246301714,0.3311941110952716
2.258,0.0,-0.15988691691534385,0.8104851330203431,0.0,-0.24260718947803186,0.35330763128379883
2.259,0.0,-0.15988691691534385,-0.18951486697965692,0.0,-0.0897398550836556,0.2394519175318638
2.26,0.0,-0.15988691691534385,-0.18951486697965692,0.0,0.0984448526318252,0.03323183521310495
2.261,0.0,-0.15988691691534385,-0.18951486697965692,0.0,0.2501593863528189,-0.18622556812227806
2.262,0.0,0.8401130830846562,-0.18951486697965692,0.0,0.3072800596744738,-0.3345561268224019
2.263,0.0,-0.15988691691534385,-0.18951486697965692,0.0,0.24748634544301729,-0.3544992935135873
2.264,0.0,-0.15988691691534385,-0.18951486697965692,0.0,0.09283896393660147,-0.23793059154836024
2.265,0.0,-0.15988691691534385,-0.18951486697965692,0.0,-0.09844683756040147,-0.029135712134017975
2.266,0.0,-0.15988691691534385,-0.18951486697965692,0.0,-0.2539314749925713,0.1919803123049342
2.267,0.0,-0.15988691691534385,0.8104851330203431,0.0,-0.3143207622745582,0.3403954385931875
2.268,0.0,-0.15988691691534385,0.8104851330203431,0.0,-0.2559626285646722,0.3585698624501655
2.269,0.0,-0.15988691691534385,-0.18951486697965692,0.0,-0.09998225175728202,0.23867713848722216
2.27,0.0,-0.15988691691534385,-0.18951486697965692,0.0,0.09542592446567738,0.02590439700028945
2.271,0.0,0.8401130830846562,-0.18951486697965692,0.0,0.25671515179591436,-0.19855047094828035
2.272,0.0,0.8401130830846562,-0.18951486697965692,0.0,0.32261257206423455,-0.3484011140086407
2.273,0.0,0.8401130830846562,-0.18951486697965692,0.0,0.2673059725738961,-0.36536475859451334
2.274,0.0,-0.15988691691534385,-0.18951486697965692,0.0,0.11045590874493989,-0.24176119397898282
2.275,0.0,-0.15988691691534385,-0.18951486697965692,0.0,-0.08981502719908925,-0.023877219315447694
2.276,0.0,-0.15988691691534385,-0.18951486697965692,0.0,-0.2584513351567549,0.20534906979436082
2.277,0.0,-0.15988691691534385,0.8104851330203431,0.0,-0.3315499709587101,0.35785960835465175
2.278,0.0,-0.15988691691534385,0.8104851330203431,0.0,-0.2805183412147676,0.3742541192012609
2.279,0.0,-0.15988691691534385,-0.18951486697965692,0.0,-0.12319937528124537,0.2468750606267866
2.28,0.0,-0.15988691691534385,-0.18951486697965692,0.0,0.08234455395360761,0.023240514683179874
2.281,0.0,-0.15988691691534385,-0.18951486697965692,0.0,0.2592386967205839,-0.21167971472250163
2.282,0.0,0.8401130830846562,-0.18951486697965692,0.0,0.3405202797164498,-0.3677431943613292
2.283,0.0,-0.15988691691534385,-0.18951486697965692,0.0,0.2944673453009665,-0.38421304614611246
2.284,0.0,-0.15988691691534385,-0.18951486697965692,0.0,0.1369638499273335,-0.2533737327462873
2.285,0.0,-0.15988691691534385,-0.18951486697965692,0.0,-0.07391488571892725,-0.02400301055628435
2.286,0.0,-0.15988691691534385,-0.18951486697965692,0.0,-0.25928503767836153,0.21682947940361522
2.287,0.0,-0.15988691691534385,0.8104851330203431,0.0,-0.3489547314869617,0.37684773020970586
2.288,0.0,-0.15988691691534385,0.8104851330203431,0.0,-0.30802134647979923,0.3939587951819153
2.289,0.0,-0.15988691691534385,-0.18951486697965692,0.0,-0.1504840499446693,0.2603596126434437
2.29,0.0,-0.15988691691534385,-0.18951486697965692,0.0,0.06544959239263222,0.025990388154386992
2.291,0.0,-0.15988691691534385,-0.18951486697965692,0.0,0.25883799946074487,-0.2201709067704158
2.292,0.0,0.8401130830846562,-0.18951486697965692,0.0,0.3563601187536276,-0.3839607199983149
2.293,0.0,0.8401130830846562,-0.18951486697965692,0.0,0.3201678824953992,-0.4021266787101289
2.294,0.0,-0.15988691691534385,-0.18951486697965692,0.0,0.1626378969897957,-0.266801550650365
2.295,0.0,-0.15988691691534385,-0.18951486697965692,0.0,-0.057753110693551005,-0.028861338471850847
2.296,0.0,-0.15988691691534385,-0.18951486697965692,0.0,-0.2581091711318096,0.22125776401973765
2.297,0.0,-0.15988691691534385,0.8104851330203431,0.0,-0.3623309528163969,0.38803596769714027
2.298,0.0,-0.15988691691534385,0.8104851330203431,0.0,-0.33010184988406777,0.4074609367011665
2.299,0.0,-0.15988691691534385,-0.18951486697965692,0.0,-0.1725723174984672,0.27167323916440306
2.3,0.0,-0.15988691691534385,-0.18951486697965692,0.0,0.05139517193176743,0.03214481647514257
2.301,0.0,-0.15988691691534385,-0.18951486697965692,0.0,0.25720699235005806,-0.21989962727156795
2.302,0.0,0.8401130830846562,-0.18951486697965692,0.0,0.36654623511724893,-0.38834985275608513
2.303,0.0,0.8401130830846562,-0.18951486697965692,0.0,0.3372760504003533,-0.4089945481161138
2.304,0.0,-0.15988691691534385,-0.18951486697965692,0.0,0.1797799027740511,-0.2740932687430927
2.305,0.0,-0.15988691691534385,-0.18951486697965692,0.0,-0.04663936553244439,-0.035295357138053575
2.306,0.0,-0.15988691691534385,-0.18951486697965692,0.0,-0.25609239287304425,0.21620312001349803
2.307,0.0,-0.15988691691534385,0.8104851330203431,0.0,-0.36875777195526355,0.3846165717873236
2.308,0.0,-0.15988691691534385,0.8104851330203431,0.0,-0.3414132835697268,0.4061932448076598
2.309,0.0,-0.15988691691534385,0.8104851330203431,0.0,-0.1841195833272647,0.2734486985498025
2.31,0.0,-0.15988691691534385,-0.18951486697965692,0.0,0.043425699763267024,0.03776064564492086
2.311,0.0,0.8401130830846562,-0.18951486697965692,0.0,0.25456707533300865,-0.2105723111002042
2.312,0.0,0.8401130830846562,-0.18951486697965692,0.0,0.36877795486230897,-0.3770452841180185
2.313,0.0,0.8401130830846562,-0.18951486697965692,0.0,0.3424850279231362,-0.39904369102067755
2.314,0.0,-0.15988691691534385,-0.18951486697965692,0.0,0.1857833351325446,-0.2694858963272704
2.315,0.0,-0.15988691691534385,-0.18951486697965692,0.0,-0.041408116054130084,-0.03905343771626971
2.316,0.0,-0.15988691691534385,-0.18951486697965692,0.0,-0.2522984160707545,0.20366671298123049
2.317,0.0,-0.15988691691534385,0.8104851330203431,0.0,-0.3664739607548645,0.366330180655762
2.318,0.0,-0.15988691691534385,0.8104851330203431,0.0,-0.34066600722530677,0.38807326767126904
2.319,0.0,-0.15988691691534385,-0.18951486697965692,0.0,-0.18521886645549043,0.26235644554101256
2.32,0.0,-0.15988691691534385,-0.18951486697965692,0.0,0.0400390649465722,0.03881875795717926
2.321,0.0,-0.15988691691534385,-0.18951486697965692,0.0,0.2488781563435602,-0.1963216271320064
2.322,0.0,-0.15988691691534385,-0.18951486697965692,0.0,0.3617726907724138,-0.35357391343961597
2.323,0.0,-0.15988691691534385,-0.18951486697965692,0.0,0.33627606070509797,-0.3742981268443918
2.324,0.0,-0.15988691691534385,-0.18951486697965692,0.0,0.18302407724003636,-0.25261159391562477
2.325,0.0,-0.15988691691534385,-0.18951486697965692,0.0,-0.038685862446057664,-0.036887306800191574
2.326,0.0,-0.15988691691534385,-0.18951486697965692,0.0,-0.24390558335011372,0.18944131062361852
2.327,0.0,-0.15988691691534385,0.8104851330203431,0.0,-0.3546770979041706,0.34015422923376853
2.328,0.0,-0.15988691691534385,0.8104851330203431,0.0,-0.3297206287321678,0.3591058885339195
2.329,0.0,-0.15988691691534385,-0.18951486697965692,0.0,-0.179832080349912,0.24114530024755934
2.33,0.0,-0.15988691691534385,-0.18951486697965692,0.0,0.03675876084226388,0.03330726646312074
2.331,0.0,0.8401130830846562,-0.18951486697965692,0.0,0.2370809213218396,-0.18387970993582828
2.332,0.0,0.8401130830846562,-0.18951486697965692,0.0,0.3452906923595112,-0.3275516956249854
2.333,0.0,0.8401130830846562,-0.18951486697965692,0.0,0.32143913296903714,-0.3440882010964497
2.334,0.0,0.8401130830846562,-0.18951486697965692,0.0,0.17620545863959086,-0.22909256926276914
2.335,0.0,-0.15988691691534385,-0.18951486697965692,0.0,-0.03382919841303035,-0.02834912037732247
2.336,0.0,-0.15988691691534385,-0.18951486697965692,0.0,-0.22829208932042158,0.18032565908165732
2.337,0.0,-0.15988691691534385,0.8104851330203431,0.0,-0.3338438360281111,0.3171619382457145
2.338,0.0,-0.15988691691534385,0.8104851330203431,0.0,-0.31186719072534425,0.3308451612748561
2.339,0.0,-0.15988691691534385,-0.18951486697965692,0.0,-0.17255544037417384,0.21769557693864974
2.34,0.0,-0.15988691691534385,-0.18951486697965692,0.0,0.029718707127348788,0.02248141917725001
2.341,0.0,-0.15988691691534385,-0.18951486697965692,0.0,0.2176783473129427,-0.1792091144128442
2.342,0.0,0.8401130830846562,-0.18951486697965692,0.0,0.3207136752449342,-0.3101180308034604
2.343,0.0,0.8401130830846562,-0.18951486697965692,0.0,0.30141474592884027,-0.32078736073213604
2.344,0.0,-0.15988691691534385,-0.18951486697965692,0.0,0.16909647846962245,-0.20815431255588301
2.345,0.0,-0.15988691691534385,-0.18951486697965692,0.0,-0.02454406631902558,-0.016319223444169254
2.346,0.0,-0.15988691691534385,-0.18951486697965692,0.0,-0.20565765222016968,0.18064221194950253
2.347,0.0,-0.15988691691534385,-0.18951486697965692,0.0,-0.3064296533647482,0.30714727949139714
2.348,0.0,-0.15988691691534385,0.8104851330203431,0.0,-0.29045862171467796,0.31496158443026684
2.349,0.0,-0.15988691691534385,-0.18951486697965692,0.0,-0.1658402873008084,0.20148053599515514
2.35,0.0,-0.15988691691534385,-0.18951486697965692,0.0,0.01871161522227846,0.010550720146148291
2.351,0.0,0.8401130830846562,-0.18951486697965692,0.0,0.1929102715830826,-0.18440406790918296
2.352,0.0,-0.15988691691534385,-0.18951486697965692,0.0,0.2916585466073154,-0.3084818249650376
2.353,0.0,0.8401130830846562,-0.18951486697965692,0.0,0.2793453582187599,-0.31392291131210975
2.354,0.0,-0.15988691691534385,-0.18951486697965692,0.0,0.16262682255137048,-0.19837348937265256
2.355,0.0,-0.15988691691534385,-0.18951486697965692,0.0,-0.012861961109483675,-0.005850715022258006
2.356,0.0,-0.15988691691534385,-0.18951486697965692,0.0,-0.1803184098158727,0.18997199726781355
2.357,0.0,-0.15988691691534385,0.8104851330203431,0.0,-0.2771665350047983,0.3138349434020124
2.358,0.0,-0.15988691691534385,0.8104851330203431,0.0,-0.2683988955809735,0.3176696288363755
2.359,0.0,-0.15988691691534385,-0.18951486697965692,0.0,-0.15918402751858146,0.1991330528348685
2.36,0.0,-0.15988691691534385,-0.18951486697965692,0.0,0.007774287611878654,0.0027918705361923888
2.361,0.0,-0.15988691691534385,-0.18951486697965692,0.0,0.16886906978060734,-0.19659510928163618
2.362,0.0,-0.15988691691534385,-0.18951486697965692,0.0,0.2637602772729416,-0.3224457466150362
2.363,0.0,-0.15988691691534385,-0.18951486697965692,0.0,0.25792778853394177,-0.3256488611502449
2.364,0.0,-0.15988691691534385,-0.18951486697965692,0.0,0.15520423868441718,-0.20362125461876246
2.365,0.0,-0.15988691691534385,-0.18951486697965692,0.0,-0.0042458074049183565,-0.0017653385052442845
2.366,0.0,-0.15988691691534385,-0.18951486697965692,0.0,-0.15953381264359695,0.20340004170051298
2.367,0.0,-0.15988691691534385,0.8104851330203431,0.0,-0.2522134221587858,0.3331854739457964
2.368,0.0,-0.15988691691534385,0.8104851330203431,0.0,-0.2482279860100797,0.33683131223254686
2.369,0.0,-0.15988691691534385,-0.18951486697965692,0.0,-0.15042343501585104,0.211276864829093
2.37,0.0,-0.15988691691534385,-0.18951486697965692,0.0,0.0029656291737669765,0.0029216605749483775
2.371,0.0,0.8401130830846562,-0.18951486697965692,0.0,0.15314336067893544,-0.20951383703343401
2.372,0.0,0.8401130830846562,-0.18951486697965692,0.0,0.24318854526165687,-0.3447100903342386
2.373,0.0,0.8401130830846562,-0.18951486697965692,0.0,0.23957933287495964,-0.3498443535863684
2.374,0.0,0.8401130830846562,-0.18951486697965692,0.0,0.14469013002741554,-0.22118103594983995
2.375,0.0,-0.15988691691534385,-0.18951486697965692,0.0,-0.004402876071508945,-0.006140524346778534
2.376,0.0,-0.15988691691534385,-0.18951486697965692,0.0,-0.15027633641255128,0.21418635897695418
2.377,0.0,-0.15988691691534385,0.8104851330203431,0.0,-0.2371663837111361,0.35563765519555174
2.378,0.0,-0.15988691691534385,0.8104851330203431,0.0,-0.2322362807655931,0.36314509691324115
2.379,0.0,-0.15988691691534385,-0.18951486697965692,0.0,-0.13801336443041665,0.2321654918078095
2.38,0.0,-0.15988691691534385,-0.18951486697965692,0.0,0.008726278777276691,0.011034428508196496
2.381,0.0,-0.15988691691534385,-0.18951486697965692,0.0,0.1511795689319602,-0.21689459629703195
2.382,0.0,-0.15988691691534385,-0.18951486697965692,0.0,0.23439398807133627,-0.36472577825277214
2.383,0.0,-0.15988691691534385,-0.18951486697965692,0.0,0.22641526116539595,-0.37521010875679406
2.384,0.0,-0.15988691691534385,-0.18951486697965692,0.0,0.13058337350377408,-0.2429494569307788
2.385,0.0,-0.15988691691534385,-0.18951486697965692,0.0,-0.015767163844067678,-0.016986971108141236
2.386,0.0,-0.15988691691534385,-0.18951486697965692,0.0,-0.15573259668787712,0.21741373226489577
2.387,0.0,-0.15988691691534385,0.8104851330203431,0.0,-0.23486095857738942,0.37102485316537465
2.388,0.0,-0.15988691691534385,0.8104851330203431,0.0,-0.2222823263257215,0.3847166954472788
2.389,0.0,-0.15988691691534385,-0.18951486697965692,0.0,-0.12276329906067539,0.25228804776950864
2.39,0.0,-0.15988691691534385,-0.18951486697965692,0.0,0.025030686789194245,0.02322190173535247
2.391,0.0,-0.15988691691534385,-0.18951486697965692,0.0,0.16346203771127016,-0.21584461729113597
2.392,0.0,0.8401130830846562,-0.18951486697965692,0.0,0.2383086415804545,-0.3739865707536431
2.393,0.0,0.8401130830846562,-0.18951486697965692,0.0,0.21994476130474905,-0.3906924006428873
2.394,0.0,-0.15988691691534385,-0.18951486697965692,0.0,0.11505496169463973,-0.2591136531634622
2.395,0.0,-0.15988691691534385,-0.18951486697965692,0.0,-0.03575250717988379,-0.02889489016762472
2.396,0.0,-0.15988691691534385,-0.18951486697965692,0.0,-0.1736035441749771,0.2125935878019173
2.397,0.0,-0.15988691691534385,0.8104851330203431,0.0,-0.24427175733148998,0.3735138810219483
2.398,0.0,-0.15988691691534385,0.8104851330203431,0.0,-0.2194494229811852,0.392614219648114
2.399,0.0,-0.15988691691534385,-0.18951486697965692,0.0,-0.10804546358205229,0.2626530427219037
2.4,0.0,-0.15988691691534385,-0.18951486697965692,0.0,0.04699112637474501,0.033196743083078975
2.401,0.0,-0.15988691691534385,-0.18951486697965692,0.0,0.1852014514723685,-0.20830751170276893
2.402,0.0,-0.15988691691534385,-0.18951486697965692,0.0,0.2521463740569959,-0.3699471113752824
2.403,0.0,-0.15988691691534385,-0.18951486697965692,0.0,0.2207888188830092,-0.3904463144589599
2.404,0.0,-0.15988691691534385,-0.18951486697965692,0.0,0.10234371811456937,-0.2625063645549211
2.405,0.0,-0.15988691691534385,-0.18951486697965692,0.0,-0.0577409249833291,-0.03545500870700445
2.406,0.0,-0.15988691691534385,-0.18951486697965692,0.0,-0.19723026565817142,0.2037734981446346
2.407,0.0,-0.15988691691534385,0.8104851330203431,0.0,-0.26127345868070445,0.36399011116360597
2.408,0.0,-0.15988691691534385,0.8104851330203431,0.0,-0.22391382904248427,0.3846136541790154
2.409,0.0,-0.15988691691534385,0.8104851330203431,0.0,-0.09851664131669421,0.2586793408048734
2.41,0.0,-0.15988691691534385,-0.18951486697965692,0.0,0.06704834292638746,0.03522082178568214
2.411,0.0,0.8401130830846562,-0.18951486697965692,0.0,0.20871882634866973,-0.19979792500251384
2.412,0.0,0.8401130830846562,-0.18951486697965692,0.0,0.2710243149766178,-0.356588755201878
2.413,0.0,0.8401130830846562,-0.18951486697965692,0.0,0.22875001070786682,-0.3759177768169074
2.414,0.0,-0.15988691691534385,-0.18951486697965692,0.0,0.09703373515865917,-0.25156612981373583
2.415,0.0,-0.15988691691534385,-0.18951486697965692,0.0,-0.07411398979293897,-0.03232950417013347
2.416,0.0,-0.15988691691534385,-0.18951486697965692,0.0,-0.2188579017421039,0.19708254093069422
2.417,0.0,-0.15988691691534385,0.8104851330203431,0.0,-0.28087365948120374,0.3487806901352553
2.418,0.0,-0.15988691691534385,0.8104851330203431,0.0,-0.23521309431390403,0.3654085434872766
2.419,0.0,-0.15988691691534385,-0.18951486697965692,0.0,-0.0982264627654851,0.24188666265190525
2.42,0.0,-0.15988691691534385,-0.18951486697965692,0.0,0.07836660992869657,0.026926656692907884
2.421,0.0,-0.15988691691534385,-0.18951486697965692,0.0,0.22707513174767913,-0.19611592421109927
2.422,0.0,0.8401130830846562,-0.18951486697965692,0.0,0.2904480615681746,-0.34153892461565827
2.423,0.0,-0.15988691691534385,-0.18951486697965692,0.0,0.24321893428574168,-0.35423128483851485
2.424,0.0,-0.15988691691534385,-0.18951486697965692,0.0,0.10226568059549151,-0.23058793584959564
2.425,0.0,-0.15988691691534385,-0.18951486697965692,0.0,-0.07950014536155356,-0.019455847275581997
2.426,0.0,-0.15988691691534385,-0.18951486697965692,0.0,-0.23306708925029482,0.19709643608148722
2.427,0.0,-0.15988691691534385,0.8104851330203431,0.0,-0.29954170509157163,0.33563224420063437
2.428,0.0,-0.15988691691534385,-0.18951486697965692,0.0,-0.25268396735919485,0.3434713959242059
2.429,0.0,-0.15988691691534385,-0.18951486697965692,0.0,-0.10915707345558297,0.2187230149649627
2.43,0.0,-0.15988691691534385,-0.18951486697965692,0.0,0.07747167803376244,0.01060894748717185
2.431,0.0,0.8401130830846562,-0.18951486697965692,0.0,0.23678576662483145,-0.1998982891256482
2.432,0.0,0.8401130830846562,-0.18951486697965692,0.0,0.308097215567678,-0.33152246122553475
2.433,0.0,0.8401130830846562,-0.18951486697965692,0.0,0.2635140602247732,-0.3340179154821499
2.434,0.0,-0.15988691691534385,-0.18951486697965692,0.0,0.11875164210070668,-0.20732384392232678
2.435,0.0,-0.15988691691534385,-0.18951486697965692,0.0,-0.07246464467877434,-0.0012450387964919386
2.436,0.0,-0.15988691691534385,-0.18951486697965692,0.0,-0.23838470998848124,0.20408610639000782
2.437,0.0,-0.15988691691534385,0.8104851330203431,0.0,-0.3161556401969663,0.3293126629166331
2.438,0.0,-0.15988691691534385,0.8104851330203431,0.0,-0.27558217682675074,0.3264640828987888
2.439,0.0,-0.15988691691534385,-0.18951486697965692,0.0,-0.13076630938754366,0.19728410563011342
2.44,0.0,-0.15988691691534385,-0.18951486697965692,0.0,0.0648272700177527,-0.007712052021251064
2.441,0.0,-0.15988691691534385,-0.18951486697965692,0.0,0.23813694476051608,-0.2089762740316652
2.442,0.0,-0.15988691691534385,-0.18951486697965692,0.0,0.323785444528587,-0.32875278691535204
2.443,0.0,-0.15988691691534385,-0.18951486697965692,0.0,0.2886980760421194,-0.3210568838053589
2.444,0.0,-0.15988691691534385,-0.18951486697965692,0.0,0.14480893127494449,-0.18926638628464093
2.445,0.0,-0.15988691691534385,-0.18951486697965692,0.0,-0.05499972934171006,0.015384680945197333
2.446,0.0,-0.15988691691534385,-0.18951486697965692,0.0,-0.23634156048247368,0.21373651472503308
2.447,0.0,-0.15988691691534385,0.8104851330203431,0.0,-0.33100455064275824,0.32930020349298056
2.448,0.0,-0.15988691691534385,0.8104851330203431,0.0,-0.30257570141382456,0.3177000934483655
2.449,0.0,-0.15988691691534385,-0.18951486697965692,0.0,-0.16040247598544208,0.1836440949255537
2.45,0.0,-0.15988691691534385,-0.18951486697965692,0.0,0.04344456360341541,-0.021046702680776158
2.451,0.0,0.8401130830846562,-0.18951486697965692,0.0,0.2332375276238001,-0.21750943289128033
2.452,0.0,0.8401130830846562,-0.18951486697965692,0.0,0.3377112028258156,-0.3302247982956385
2.453,0.0,0.8401130830846562,-0.18951486697965692,0.0,0.31680551944493957,-0.31600742466649984
2.454,0.0,0.8401130830846562,-0.18951486697965692,0.0,0.17700468330774063,-0.18048355364197954
2.455,0.0,-0.15988691691534385,-0.18951486697965692,0.0,-0.030593215877560233,0.024209775954349262
2.456,0.0,-0.15988691691534385,-0.18951486697965692,0.0,-0.22894170491351865,0.21954213945330137
2.457,0.0,-0.15988691691534385,0.8104851330203431,0.0,-0.3436384315385504,0.33074152952555663
2.458,0.0,-0.15988691691534385,0.8104851330203431,0.0,-0.330839412672044,0.3153952369027071
2.459,0.0,-0.15988691691534385,-0.18951486697965692,0.0,-0.1940217563467842,0.17956612601651542
2.46,0.0,-0.15988691691534385,-0.18951486697965692,0.0,0.01681759199791574,-0.02467969955739418
2.461,0.0,-0.15988691691534385,-0.18951486697965692,0.0,0.22342334040961828,-0.21930299613557133
2.462,0.0,-0.15988691691534385,-0.18951486697965692,0.0,0.3483432001175954,-0.3301495253983109
2.463,0.0,0.8401130830846562,-0.18951486697965692,0.0,0.3439946652233936,-0.3151988823018591
2.464,0.0,-0.15988691691534385,-0.18951486697965692,0.0,0.21081707037642244,-0.180444962595013
2.465,0.0,-0.15988691691534385,-0.18951486697965692,0.0,-0.0024300264365731817,0.022575704347950382
2.466,0.0,-0.15988691691534385,-0.18951486697965692,0.0,-0.21652048157197765,0.21656819953164488
2.467,0.0,-0.15988691691534385,0.8104851330203431,0.0,-0.3512355361654649,0.32795604589893007
2.468,0.0,-0.15988691691534385,0.8104851330203431,0.0,-0.3554811735200318,0.3147938927336579
2.469,0.0,-0.15988691691534385,-0.18951486697965692,0.0,-0.22671798256449802,0.18252662178016166
2.47,0.0,-0.15988691691534385,-0.18951486697965692,0.0,-0.012291019708167372,-0.018310440195272105
2.471,0.0,-0.15988691691534385,-0.18951486697965692,0.0,0.20799578969234608,-0.21146512799370482
2.472,0.0,0.8401130830846562,-0.18951486697965692,0.0,0.35164602164858605,-0.32396614058480594
2.473,0.0,0.8401130830846562,-0.18951486697965692,0.0,0.36445260215133973,-0.3137032030886708
2.474,0.0,-0.15988691691534385,-0.18951486697965692,0.0,0.24102513771511716,-0.1851650239253413
2.475,0.0,-0.15988691691534385,-0.18951486697965692,0.0,0.027057677580973497,0.012533501594217006
2.476,0.0,-0.15988691691534385,-0.18951486697965692,0.0,-0.19762168811919406,0.20446550778096628
2.477,0.0,-0.15988691691534385,0.8104851330203431,0.0,-0.3489231076634061,0.31832419410711477
2.478,0.0,-0.15988691691534385,-0.18951486697965692,0.0,-0.3700783085355831,0.3116743893211645
2.479,0.0,-0.15988691691534385,-0.18951486697965692,0.0,-0.25302888736391205,0.18775423700583746
2.48,0.0,-0.15988691691534385,-0.18951486697965692,0.0,-0.0415238482067971,-0.006046053331525256
2.481,0.0,-0.15988691691534385,-0.18951486697965692,0.0,0.18527889385273288,-0.19632864384294194
2.482,0.0,0.8401130830846562,-0.18951486697965692,0.0,0.3425460122944519,-0.31150094646645127
2.483,0.0,0.8401130830846562,-0.18951486697965692,0.0,0.3716291106712154,-0.3087159930844821
2.484,0.0,-0.15988691691534385,-0.18951486697965692,0.0,0.2620364787901485,-0.1898075282264187
2.485,0.0,-0.15988691691534385,-0.18951486697965692,0.0,0.05524446764894289,-0.00030217740756468967
2.486,0.0,-0.15988691691534385,-0.18951486697965692,0.0,-0.17104923623168988,0.18800217245440132
2.487,0.0,-0.15988691691534385,0.8104851330203431,0.0,-0.3322354461318504,0.30422789230292785
2.488,0.0,-0.15988691691534385,0.8104851330203431,0.0,-0.3685670009993024,0.30508859611180744
2.489,0.0,-0.15988691691534385,-0.18951486697965692,0.0,-0.2674116587424569,0.1910127356458451
2.49,0.0,-0.15988691691534385,-0.18951486697965692,0.0,-0.06765545348844758,0.00572007256668961
2.491,0.0,0.8401130830846562,-0.18951486697965692,0.0,0.15528383709624125,-0.18049398601993286
2.492,0.0,0.8401130830846562,-0.18951486697965692,0.0,0.3180437246511255,-0.2973889585952662
2.493,0.0,0.8401130830846562,-0.18951486697965692,0.0,0.36062723950012543,-0.3012533794524953
2.494,0.0,0.8401130830846562,-0.18951486697965692,0.0,0.26862561053498774,-0.19125787899885754
2.495,0.0,-0.15988691691534385,-0.18951486697965692,0.0,0.07808341742983378,-0.009572572882534582
2.496,0.0,-0.15988691691534385,-0.18951486697965692,0.0,-0.13863122982726292,0.17473325478803212
2.497,0.0,-0.15988691691534385,0.8104851330203431,0.0,-0.3004081369697021,0.29188584291680664
2.498,0.0,-0.15988691691534385,0.8104851330203431,0.0,-0.3478812172931484,0.2977873873976973
2.499,0.0,-0.15988691691534385,-0.18951486697965692,0.0,-0.26531518747327587,0.19062544428887082
2.5,0.0,-0.15988691691534385,-0.18951486697965692,0.0,-0.08578883308465314,0.01145593872673454
2.501,0.0,-0.15988691691534385,-0.18951486697965692,0.0,0.12201627540202771,-0.17144019860978776
2.502,0.0,-0.15988691691534385,-0.18951486697965692,0.0,0.28015641696836857,-0.2884974049410871
2.503,0.0,-0.15988691691534385,-0.18951486697965692,0.0,0.33077014244300523,-0.295279654467817
2.504,0.0,-0.15988691691534385,-0.18951486697965692,0.0,0.2573417710392068,-0.1893582805512885
2.505,0.0,-0.15988691691534385,-0.18951486697965692,0.0,0.09003999269194733,-0.011241408212016355
2.506,0.0,-0.15988691691534385,-0.18951486697965692,0.0,-0.1065687609858635,0.1710231815141946
2.507,0.0,-0.15988691691534385,-0.18951486697965692,0.0,-0.2584600347999758,0.28775445387654996
2.508,0.0,-0.15988691691534385,0.8104851330203431,0.0,-0.3101027709680549,0.2942250370781262
2.509,0.0,-0.15988691691534385,-0.18951486697965692,0.0,-0.24484229111358763,0.18780390718331852
2.51,0.0,-0.15988691691534385,-0.18951486697965692,0.0,-0.09020888059791476,0.009082108726084755
2.511,0.0,-0.15988691691534385,-0.18951486697965692,0.0,0.09350900832077766,-0.17351795425238492
2.512,0.0,0.8401130830846562,-0.18951486697965692,0.0,0.23673871268452343,-0.28984903308209325
2.513,0.0,0.8401130830846562,-0.18951486697965692,0.0,0.28701466169585077,-0.2949326616901663
2.514,0.0,0.8401130830846562,-0.18951486697965692,0.0,0.2282634004642342,-0.1863467324277941
2.515,0.0,0.8401130830846562,-0.18951486697965692,0.0,0.0858751354232434,-0.005382987057278612
2.516,0.0,-0.15988691691534385,-0.18951486697965692,0.0,-0.08400526782199025,0.17857798201016642
2.517,0.0,-0.15988691691534385,0.8104851330203431,0.0,-0.21652685700202595,0.2945922145492212
2.518,0.0,-0.15988691691534385,0.8104851330203431,0.0,-0.2628911803475495,0.2974633994309075
2.519,0.0,-0.15988691691534385,-0.18951486697965692,0.0,-0.20837070747677783,0.1853389007750481
2.52,0.0,-0.15988691691534385,-0.18951486697965692,0.0,-0.07692147039347658,0.0007384111932540142
2.521,0.0,-0.15988691691534385,-0.18951486697965692,0.0,0.07902288492299235,-0.18551760374307724
2.522,0.0,-0.15988691691534385,-0.18951486697965692,0.0,0.19931834836786558,-0.30142724658033176
2.523,0.0,-0.15988691691534385,-0.18951486697965692,0.0,0.23926104978222704,-0.30160613008754317
2.524,0.0,-0.15988691691534385,-0.18951486697965692,0.0,0.18622731627239236,-0.18504011777809729
2.525,0.0,-0.15988691691534385,-0.18951486697965692,0.0,0.0636038223807088,0.004153688750303555
2.526,0.0,-0.15988691691534385,-0.18951486697965692,0.0,-0.07918732401784238,0.1934023040087609
2.527,0.0,-0.15988691691534385,0.8104851330203431,0.0,-0.18640945876957038,0.3094967204987721
2.528,0.0,-0.15988691691534385,0.8104851330203431,0.0,-0.2176710034282275,0.30689650773021204
2.529,0.0,-0.15988691691534385,-0.18951486697965692,0.0,-0.16313944004733794,0.18557497434000889
2.53,0.0,-0.15988691691534385,-0.18951486697965692,0.0,-0.0465822052142796,-0.008589289127924324
2.531,0.0,-0.15988691691534385,-0.18951486697965692,0.0,0.08468176375998371,-0.20117370781636926
2.532,0.0,0.8401130830846562,-0.18951486697965692,0.0,0.17876008263351345,-0.3177544544606154
2.533,0.0,0.8401130830846562,-0.18951486697965692,0.0,0.1995545366058803,-0.31267542533975334
2.534,0.0,-0.15988691691534385,-0.18951486697965692,0.0,0.1405710756374996,-0.18691334026073106
2.535,0.0,-0.15988691691534385,-0.18951486697965692,0.0,0.02690338219588254,0.011954133070099203
2.536,0.0,-0.15988691691534385,-0.18951486697965692,0.0,-0.09519534780070603,0.2077919911004309
2.537,0.0,-0.15988691691534385,0.8104851330203431,0.0,-0.17689095684740194,0.32510621522390304
2.538,0.0,-0.15988691691534385,-0.18951486697965692,0.0,-0.18610855257893422,0.3181783885075169
2.539,0.0,-0.15988691691534385,-0.18951486697965692,0.0,-0.12003405287549791,0.18887579530911514
2.54,0.0,-0.15988691691534385,-0.18951486697965692,0.0,-0.005933266119055082,-0.013805181508137697
2.541,0.0,-0.15988691691534385,-0.18951486697965692,0.0,0.10993102928170721,-0.2123759393611738
2.542,0.0,-0.15988691691534385,-0.18951486697965692,0.0,0.18082954215438962,-0.3305591797665894
2.543,0.0,-0.15988691691534385,-0.18951486697965692,0.0,0.1781907907547685,-0.32264244177121665
2.544,0.0,-0.15988691691534385,-0.18951486697965692,0.0,0.1029635545739336,-0.19116236160710737
2.545,0.0,-0.15988691691534385,-0.18951486697965692,0.0,-0.014755660255362967,0.013926978305368872
2.546,0.0,-0.15988691691534385,-0.18951486697965692,0.0,-0.12767342750016814,0.21432123576071324
2.547,0.0,-0.15988691691534385,0.8104851330203431,0.0,-0.19011055870578036,0.3333587890092043
2.548,0.0,-0.15988691691534385,0.8104851330203431,0.0,-0.17624846607965527,0.3254148065151091
2.549,0.0,-0.15988691691534385,-0.18951486697965692,0.0,-0.09059185110393418,0.1933995272477697
2.55,0.0,-0.15988691691534385,-0.18951486697965692,0.0,0.03352980349320948,-0.012355779741820738
2.551,0.0,0.8401130830846562,-0.18951486697965692,0.0,0.1469085683236875,-0.21338066294145447
2.552,0.0,0.8401130830846562,-0.18951486697965692,0.0,0.2038298574073492,-0.33309353065919584
2.553,0.0,0.8401130830846562,-0.18951486697965692,0.0,0.1802849080862962,-0.3260473193114871
2.554,0.0,-0.15988691691534385,-0.18951486697965692,0.0,0.08383406627263049,-0.19519815181737657
2.555,0.0,-0.15988691691534385,-0.18951486697965692,0.0,-0.048855551928810234,0.009368737060428761
2.556,0.0,-0.15988691691534385,-0.18951486697965692,0.0,-0.1659801330380722,0.20969530797102906
2.557,0.0,-0.15988691691534385,0.8104851330203431,0.0,-0.22074346711982246,0.32975290445479416
2.558,0.0,-0.15988691691534385,0.8104851330203431,0.0,-0.18986667329032192,0.32436306401982373
2.559,0.0,-0.15988691691534385,-0.18951486697965692,0.0,-0.08319906882276012,0.19621361420105288
2.56,0.0,-0.15988691691534385,-0.18951486697965692,0.0,0.05945608485075371,-0.005440162563497582
2.561,0.0,-0.15988691691534385,-0.18951486697965692,0.0,0.18326198267982097,-0.20377278377795993
2.562,0.0,-0.15988691691534385,-0.18951486697965692,0.0,0.23939826425498836,-0.3237306486172929
2.563,0.0,-0.15988691691534385,-0.18951486697965692,0.0,0.20416918538894152,-0.32048587034942055
2.564,0.0,-0.15988691691534385,-0.18951486697965692,0.0,0.08873610686017398,-0.19619961134707792
2.565,0.0,-0.15988691691534385,-0.18951486697965692,0.0,-0.06444420854431378,0.001171312975931998
2.566,0.0,-0.15988691691534385,-0.18951486697965692,0.0,-0.19732493602286955,0.19641592335566446
2.567,0.0,-0.15988691691534385,0.8104851330203431,0.0,-0.25827747154908587,0.31577321119561896
2.568,0.0,-0.15988691691534385,0.8104851330203431,0.0,-0.22205498225778886,0.3148289153056412
2.569,0.0,-0.15988691691534385,-0.18951486697965692,0.0,-0.10002387028891153,0.1950482625641494
2.57,0.0,-0.15988691691534385,-0.18951486697965692,0.0,0.06341460808741592,0.002796399448467377
2.571,0.0,-0.15988691691534385,-0.18951486697965692,0.0,0.2070772299471858,-0.1886122948978798
2.572,0.0,0.8401130830846562,-0.18951486697965692,0.0,0.2759434418023713,-0.3068812540745709
2.573,0.0,0.8401130830846562,-0.18951486697965692,0.0,0.2421755703336489,-0.3080446423141293
2.574,0.0,-0.15988691691534385,-0.18951486697965692,0.0,0.11620379587449566,-0.19281136869670298
2.575,0.0,-0.15988691691534385,-0.18951486697965692,0.0,-0.05648433996194021,-0.0058727620613069475
2.576,0.0,-0.15988691691534385,-0.18951486697965692,0.0,-0.21186243209591868,0.1814002432687152
2.577,0.0,-0.15988691691534385,0.8104851330203431,0.0,-0.2911618529034855,0.29817852959482555
2.578,0.0,-0.15988691691534385,0.8104851330203431,0.0,-0.26308601004201654,0.30094369489413936
2.579,0.0,-0.15988691691534385,-0.18951486697965692,0.0,-0.13605427988680358,0.18970044948172884
2.58,0.0,-0.15988691691534385,-0.18951486697965692,0.0,0.04427732562913099,0.007602224422299534
2.581,0.0,-0.15988691691534385,-0.18951486697965692,0.0,0.21150501603980965,-0.1757302319141922
2.582,0.0,0.8401130830846562,-0.18951486697965692,0.0,0.30299509984417505,-0.290766821388445
2.583,0.0,-0.15988691691534385,-0.18951486697965692,0.0,0.2833608082562003,-0.29439473691323714
2.584,0.0,-0.15988691691534385,-0.18951486697965692,0.0,0.1580977373914238,-0.18606610732710607
2.585,0.0,-0.15988691691534385,-0.18951486697965692,0.0,-0.02785596463618075,-0.007728235243181439
2.586,0.0,-0.15988691691534385,-0.18951486697965692,0.0,-0.2063012629864983,0.17234062430122038
2.587,0.0,-0.15988691691534385,-0.18951486697965692,0.0,-0.3108576148584118,0.28558718735261357
2.588,0.0,-0.15988691691534385,0.8104851330203431,0.0,-0.30170042622148585,0.28921931273397516
2.589,0.0,-0.15988691691534385,-0.18951486697965692,0.0,-0.18072878671301465,0.18235992259515804
2.59,0.0,-0.15988691691534385,-0.18951486697965692,0.0,0.008609654762400361,0.0062299329637832265
2.591,0.0,-0.15988691691534385,-0.18951486697965692,0.0,0.19696043394855767,-0.17166468716874528
2.592,0.0,0.8401130830846562,-0.18951486697965692,0.0,0.31453123937871574,-0.28330631019174707
2.593,0.0,0.8401130830846562,-0.18951486697965692,0.0,0.31701952230012836,-0.2860960105196626
2.594,0.0,-0.15988691691534385,-0.18951486697965692,0.0,0.20234972625389402,-0.17908412640767332
2.595,0.0,-0.15988691691534385,-0.18951486697965692,0.0,0.011884981568941674,-0.003326479491445655
2.596,0.0,-0.15988691691534385,-0.18951486697965692,0.0,-0.18450717430592475,0.17378089765978305
2.597,0.0,-0.15988691691534385,0.8104851330203431,0.0,-0.3141437835895196,0.2842426281561269
2.598,0.0,-0.15988691691534385,-0.18951486697965692,0.0,-0.3285106268265822,0.28548619811636583
2.599,0.0,-0.15988691691534385,-0.18951486697965692,0.0,-0.221499163067482,0.17673549255487359
2.6,0.0,-0.15988691691534385,-0.18951486697965692,0.0,-0.032014680027563185,-0.0005512950603388009
2.601,0.0,-0.15988691691534385,-0.18951486697965692,0.0,0.1701600556507237,-0.17841230800538893
2.602,0.0,0.8401130830846562,-0.18951486697965692,0.0,0.31011785902139194,-0.28834076691949956
2.603,0.0,0.8401130830846562,-0.18951486697965692,0.0,0.3356799225475895,-0.2875898958274224
2.604,0.0,-0.15988691691534385,-0.18951486697965692,0.0,0.23696113719369344,-0.17575015464327967
2.605,0.0,-0.15988691691534385,-0.18951486697965692,0.0,0.050273354044017254,0.004817918181303799
2.606,0.0,-0.15988691691534385,-0.18951486697965692,0.0,-0.1552026086253454,0.18497370772831495
2.607,0.0,-0.15988691691534385,0.8104851330203431,0.0,-0.3030995192391174,0.29519559663019534
2.608,0.0,-0.15988691691534385,0.8104851330203431,0.0,-0.3383548060072581,0.29233558036651747
2.609,0.0,-0.15988691691534385,-0.18951486697965692,0.0,-0.2478450916695167,0.176455447214558
2.61,0.0,-0.15988691691534385,-0.18951486697965692,0.0,-0.06538393395611238,-0.008811209331337716
2.611,0.0,-0.15988691691534385,-0.18951486697965692,0.0,0.14086217536750018,-0.1926586526121309
2.612,0.0,0.8401130830846562,-0.18951486697965692,0.0,0.29387704800009873,-0.30412010726007005
2.613,0.0,0.8401130830846562,-0.18951486697965692,0.0,0.33666560318237054,-0.29940266894411316
2.614,0.0,0.8401130830846562,-0.18951486697965692,0.0,0.2536310805779421,-0.1790335715757156
2.615,0.0,-0.15988691691534385,-0.18951486697965692,0.0,0.07638726792919784,0.0118807091801141
2.616,0.0,-0.15988691691534385,-0.18951486697965692,0.0,-0.12820883665227084,0.20055306202754375
2.617,0.0,-0.15988691691534385,0.8104851330203431,0.0,-0.2832995330595362,0.3142453050450328
2.618,0.0,-0.15988691691534385,0.8104851330203431,0.0,-0.33100595425652485,0.3082709134885614
2.619,0.0,-0.15988691691534385,-0.18951486697965692,0.0,-0.2541790674935101,0.18350016153231866
2.62,0.0,-0.15988691691534385,-0.18951486697965692,0.0,-0.08269248071786693,-0.013474956973483691
2.621,0.0,-0.15988691691534385,-0.18951486697965692,0.0,0.11808227415913218,-0.2077587717997009
2.622,0.0,-0.15988691691534385,-0.18951486697965692,0.0,0.27220302443161043,-0.32463635474459995
2.623,0.0,-0.15988691691534385,-0.18951486697965692,0.0,0.32197781153615274,-0.3182876257122699
2.624,0.0,-0.15988691691534385,-0.18951486697965692,0.0,0.24970539059402083,-0.18969896481987772
2.625,0.0,-0.15988691691534385,-0.18951486697965692,0.0,0.0840887014271361,0.013216283719365856
2.626,0.0,-0.15988691691534385,-0.18951486697965692,0.0,-0.11104959038403589,0.21350960047079223
2.627,0.0,-0.15988691691534385,0.8104851330203431,0.0,-0.2613496002839902,0.3344077632121382
2.628,0.0,-0.15988691691534385,0.8104851330203431,0.0,-0.31032765520016636,0.32874201068265785
2.629,0.0,-0.15988691691534385,-0.18951486697965692,0.0,-0.24073287376236024,0.19731213517469795
2.63,0.0,-0.15988691691534385,-0.18951486697965692,0.0,-0.08072286047391895,-0.010953570164557365
2.631,0.0,-0.15988691691534385,-0.18951486697965692,0.0,0.10739268686378826,-0.217264197048046
2.632,0.0,0.8401130830846562,-0.18951486697965692,0.0,0.2513820795670789,-0.3428216432469073
2.633,0.0,0.8401130830846562,-0.18951486697965692,0.0,0.2968804588611421,-0.3389360709914306
2.634,0.0,0.8401130830846562,-0.18951486697965692,0.0,0.228023219634293,-0.2058842548859904
2.635,0.0,-0.15988691691534385,-0.18951486697965692,0.0,0.07305162916533522,0.00678639398710787
2.636,0.0,-0.15988691691534385,-0.18951486697965692,0.0,-0.107120481020212,0.21876386419205454
2.637,0.0,-0.15988691691534385,0.8104851330203431,0.0,-0.24279487922430157,0.3493567130419065
2.638,0.0,-0.15988691691534385,0.8104851330203431,0.0,-0.28247723836324984,0.3482434034183927
2.639,0.0,-0.15988691691534385,-0.18951486697965692,0.0,-0.2125010267572799,0.21485729200611242
2.64,0.0,-0.15988691691534385,-0.18951486697965692,0.0,-0.0617771510089746,-0.0010577388268887748
2.641,0.0,-0.15988691691534385,-0.18951486697965692,0.0,0.10999942151930035,-0.2180490462943735
2.642,0.0,-0.15988691691534385,-0.18951486697965692,0.0,0.23591991299505546,-0.3537410088094197
2.643,0.0,-0.15988691691534385,-0.18951486697965692,0.0,0.26792084954414247,-0.356150314735381
2.644,0.0,-0.15988691691534385,-0.18951486697965692,0.0,0.19517807055372352,-0.22361325181127112
2.645,0.0,-0.15988691691534385,-0.18951486697965692,0.0,0.04777596835796453,-0.0056835494839284255
2.646,0.0,-0.15988691691534385,-0.18951486697965692,0.0,-0.11559550146283747,0.2154343734055396
2.647,0.0,-0.15988691691534385,0.8104851330203431,0.0,-0.23092557374306708,0.3559473970313502
2.648,0.0,-0.15988691691534385,0.8104851330203431,0.0,-0.25393324529642697,0.3622774060131321
2.649,0.0,-0.15988691691534385,-0.18951486697965692,0.0,-0.17708464636720744,0.23152123014999879
2.65,0.0,-0.15988691691534385,-0.18951486697965692,0.0,-0.032028797406269294,0.012745620493103077
2.651,0.0,0.8401130830846562,-0.18951486697965692,0.0,0.12332200642201348,-0.2114481141268189
2.652,0.0,0.8401130830846562,-0.18951486697965692,0.0,0.22782664974658354,-0.35615685031594085
2.653,0.0,0.8401130830846562,-0.18951486697965692,0.0,0.24112584317256985,-0.3663834061893928
2.654,0.0,0.8401130830846562,-0.18951486697965692,0.0,0.1592122339870636,-0.23798577760091594
2.655,0.0,-0.15988691691534385,-0.18951486697965692,0.0,0.015556123751310153,-0.019373825762625294
2.656,0.0,-0.15988691691534385,-0.18951486697965692,0.0,-0.1324890669671015,0.20674673205213337
2.657,0.0,-0.15988691691534385,0.8104851330203431,0.0,-0.2265032718850207,0.354699148193186
2.658,0.0,-0.15988691691534385,-0.18951486697965692,0.0,-0.22998316038968472,0.36835591119116146
2.659,0.0,-0.15988691691534385,-0.18951486697965692,0.0,-0.1424690351912097,0.2424937775165464
2.66,0.0,-0.15988691691534385,-0.18951486697965692,0.0,0.0006383140089546798,0.024838366428636436
2.661,0.0,-0.15988691691534385,-0.18951486697965692,0.0,0.14235309221569353,-0.2020182769588061
2.662,0.0,-0.15988691691534385,-0.18951486697965692,0.0,0.22672737587377875,-0.35198345575576057
2.663,0.0,-0.15988691691534385,-0.18951486697965692,0.0,0.22085858295444719,-0.3681953027809854
2.664,0.0,-0.15988691691534385,-0.18951486697965692,0.0,0.12764757639923194,-0.24465728905753714
2.665,0.0,-0.15988691691534385,-0.18951486697965692,0.0,-0.01561652469264204,-0.028518811727533518
2.666,0.0,-0.15988691691534385,-0.18951486697965692,0.0,-0.15216574673381228,0.1978891865097156
2.667,0.0,-0.15988691691534385,0.8104851330203431,0.0,-0.22819540526089563,0.3484317321127361
2.668,0.0,-0.15988691691534385,0.8104851330203431,0.0,-0.21398015191717462,0.36599823096883216
2.669,0.0,-0.15988691691534385,0.8104851330203431,0.0,-0.11540196964394471,0.24424992647171054
2.67,0.0,-0.15988691691534385,-0.18951486697965692,0.0,0.028549563986310117,0.029975564646365725
2.671,0.0,-0.15988691691534385,-0.18951486697965692,0.0,0.16122286025185492,-0.19484768818140516
2.672,0.0,0.8401130830846562,-0.18951486697965692,0.0,0.23056587647212454,-0.34442613755149415
2.673,0.0,0.8401130830846562,-0.18951486697965692,0.0,0.20946363292624942,-0.36194568953739076
2.674,0.0,-0.15988691691534385,-0.18951486697965692,0.0,0.10623182044860839,-0.2412343354317287
2.675,0.0,-0.15988691691534385,-0.18951486697965692,0.0,-0.03875712698497439,-0.029000165127320867
2.676,0.0,-0.15988691691534385,-0.18951486697965692,0.0,-0.16891334310126427,0.19319368071017362
2.677,0.0,-0.15988691691534385,0.8104851330203431,0.0,-0.23349991403763187,0.3402779422410499
2.678,0.0,-0.15988691691534385,0.8104851330203431,0.0,-0.20732990313779953,0.3562982257052067
2.679,0.0,-0.15988691691534385,-0.18951486697965692,0.0,-0.10047017695108837,0.2357782653150462
2.68,0.0,-0.15988691691534385,-0.18951486697965692,0.0,0.04574439032621948,0.02563902625618783
2.681,0.0,-0.15988691691534385,-0.18951486697965692,0.0,0.1747669265299911,-0.1930203329429133
2.682,0.0,-0.15988691691534385,-0.18951486697965692,0.0,0.2367020343319441,-0.3362206048613796
2.683,0.0,-0.15988691691534385,-0.18951486697965692,0.0,0.20752381948944162,-0.3493977564863343
2.684,0.0,-0.15988691691534385,-0.18951486697965692,0.0,0.09827413147286851,-0.22825676636854927
2.685,0.0,-0.15988691691534385,-0.18951486697965692,0.0,-0.04923515435657323,-0.02018842434430598
2.686,0.0,-0.15988691691534385,-0.18951486697965692,0.0,-0.17849772925616234,0.19422744478723833
2.687,0.0,-0.15988691691534385,0.8104851330203431,0.0,-0.23995753616268137,0.33242459095677296
2.688,0.0,-0.15988691691534385,0.8104851330203431,0.0,-0.20993216606250037,0.34167249229762986
2.689,0.0,-0.15988691691534385,-0.18951486697965692,0.0,-0.09961834236843284,0.21923833580804233
2.69,0.0,-0.15988691691534385,-0.18951486697965692,0.0,0.04919813353467326,0.013161900343221927
2.691,0.0,0.8401130830846562,-0.18951486697965692,0.0,0.18003882612754943,-0.19656170682504634
2.692,0.0,0.8401130830846562,-0.18951486697965692,0.0,0.24316215374345374,-0.3290270747796682
2.693,0.0,0.8401130830846562,-0.18951486697965692,0.0,0.2143989292995758,-0.3336392649206135
2.694,0.0,-0.15988691691534385,-0.18951486697965692,0.0,0.10429337379319292,-0.20945355407360317
2.695,0.0,-0.15988691691534385,-0.18951486697965692,0.0,-0.04586141757219177,-0.0052342833048750256
2.696,0.0,-0.15988691691534385,-0.18951486697965692,0.0,-0.1795617759462353,0.1996751325332967
2.697,0.0,-0.15988691691534385,0.8104851330203431,0.0,-0.24633945547044916,0.3261667218590452
2.698,0.0,-0.15988691691534385,0.8104851330203431,0.0,-0.22073691376604376,0.3258966614997648
2.699,0.0,-0.15988691691534385,-0.18951486697965692,0.0,-0.11191188825966705,0.1997459852983055
2.7,0.0,-0.15988691691534385,-0.18951486697965692,0.0,0.03970930218784339,-0.002831015157974116
2.701,0.0,-0.15988691691534385,-0.18951486697965692,0.0,0.17747498411560508,-0.2031906855267638
2.702,0.0,-0.15988691691534385,-0.18951486697965692,0.0,0.2496420699679665,-0.3240128197961329
2.703,0.0,-0.15988691691534385,-0.18951486697965692,0.0,0.22873547776087363,-0.31910307817689254
2.704,0.0,-0.15988691691534385,-0.18951486697965692,0.0,0.12192600436666406,-0.19100685567964315
2.705,0.0,-0.15988691691534385,-0.18951486697965692,0.0,-0.031456303186540566,0.010263197817954392
2.706,0.0,-0.15988691691534385,-0.18951486697965692,0.0,-0.1743961495834315,0.20676377025473688
2.707,0.0,-0.15988691691534385,0.8104851330203431,0.0,-0.2533342865447615,0.32277928558975616
2.708,0.0,-0.15988691691534385,-0.18951486697965692,0.0,-0.23816483497393753,0.3139361185053539
2.709,0.0,-0.15988691691534385,-0.18951486697965692,0.0,-0.13365836198561487,0.18409713687686974
2.71,0.0,-0.15988691691534385,-0.18951486697965692,0.0,0.02199536003276146,-0.016364912358532952
2.711,0.0,-0.15988691691534385,-0.18951486697965692,0.0,0.1710968895771989,-0.2101297682099731
2.712,0.0,0.8401130830846562,-0.18951486697965692,0.0,0.2577558252115155,-0.32271730739609183
2.713,0.0,0.8401130830846562,-0.18951486697965692,0.0,0.2487778541188574,-0.3110333449881953
2.714,0.0,-0.15988691691534385,-0.18951486697965692,0.0,0.14634765850055892,-0.1797628938039888
2.715,0.0,-0.15988691691534385,-0.18951486697965692,0.0,-0.012320795553533131,0.02058420700926334
2.716,0.0,-0.15988691691534385,-0.18951486697965692,0.0,-0.16842163114543646,0.2131308513175024
2.717,0.0,-0.15988691691534385,0.8104851330203431,0.0,-0.2632693299712562,0.3240849957692692
2.718,0.0,-0.15988691691534385,0.8104851330203431,0.0,-0.26031054361411343,0.31091864331175323
2.719,0.0,-0.15988691691534385,-0.18951486697965692,0.0,-0.15920690285295805,0.1785517583941889
2.72,0.0,-0.15988691691534385,-0.18951486697965692,0.0,0.0034309857391384897,-0.022570318299647788
2.721,0.0,-0.15988691691534385,-0.18951486697965692,0.0,0.16718738986838547,-0.2157193195935268
2.722,0.0,0.8401130830846562,-0.18951486697965692,0.0,0.2701969857771052,-0.32709758145511186
2.723,0.0,0.8401130830846562,-0.18951486697965692,0.0,0.27248242233868114,-0.31392259537525413
2.724,0.0,-0.15988691691534385,-0.18951486697965692,0.0,0.17148983974443177,-0.1807397718738084
2.725,0.0,-0.15988691691534385,-0.18951486697965692,0.0,0.0037798794584820803,0.022207895274677692
2.726,0.0,-0.15988691691534385,-0.18951486697965692,0.0,-0.16807531060715805,0.21793898295637115
2.727,0.0,-0.15988691691534385,0.8104851330203431,0.0,-0.27875409121238254,0.331866443945911
2.728,0.0,-0.15988691691534385,0.8104851330203431,0.0,-0.28499777946479193,0.32010845068333216
2.729,0.0,-0.15988691691534385,-0.18951486697965692,0.0,-0.18255849423664552,0.18627823180309583
2.73,0.0,-0.15988691691534385,-0.18951486697965692,0.0,-0.008627990397712702,-0.019626608488943195
2.731,0.0,-0.15988691691534385,-0.18951486697965692,0.0,0.17152795942973492,-0.2198899107603169
2.732,0.0,0.8401130830846562,-0.18951486697965692,0.0,0.2889889434069467,-0.33833867675294477
2.733,0.0,0.8401130830846562,-0.18951486697965692,0.0,0.29754847975745113,-0.32921681044025264
2.734,0.0,-0.15988691691534385,-0.18951486697965692,0.0,0.19194314921195327,-0.19476931836861452
2.735,0.0,-0.15988691691534385,-0.18951486697965692,0.0,0.010729223933477984,0.015185627315434734
2.736,0.0,-0.15988691691534385,-0.18951486697965692,0.0,-0.1776675820823237,0.22168458285936962
2.737,0.0,-0.15988691691534385,0.8104851330203431,0.0,-0.3007386240966417,0.34625029104651145
2.738,0.0,-0.15988691691534385,0.8104851330203431,0.0,-0.309818561204936,0.34064150980693175
2.739,0.0,-0.15988691691534385,-0.18951486697965692,0.0,-0.19938575499484376,0.20547705118693535
2.74,0.0,-0.15988691691534385,-0.18951486697965692,0.0,-0.010057110652961745,-0.00943492745128601
2.741,0.0,-0.15988691691534385,-0.18951486697965692,0.0,0.18624940557581038,-0.22340467094313726
2.742,0.0,-0.15988691691534385,-0.18951486697965692,0.0,0.31360902103301586,-0.35510516550683224
2.743,0.0,-0.15988691691534385,-0.18951486697965692,0.0,0.32149049092077725,-0.3534462600290895
2.744,0.0,-0.15988691691534385,-0.18951486697965692,0.0,0.204859030625584,-0.21737664331619622
2.745,0.0,-0.15988691691534385,-0.18951486697965692,0.0,0.006957916355540666,0.0030575924162122045
2.746,0.0,-0.15988691691534385,-0.18951486697965692,0.0,-0.1966604634537061,0.2250672037304803
2.747,0.0,-0.15988691691534385,0.8104851330203431,0.0,-0.326984724200072,0.36418851288184495
2.748,0.0,-0.15988691691534385,0.8104851330203431,0.0,-0.33225267208156267,0.366426644791685
2.749,0.0,-0.15988691691534385,-0.18951486697965692,0.0,-0.2085563210838672,0.22924089235640407
2.75,0.0,-0.15988691691534385,-0.18951486697965692,0.0,-0.002116494898346716,0.0032009787320264648
2.751,0.0,0.8401130830846562,-0.18951486697965692,0.0,0.20796871399756786,-0.22660685550194118
2.752,0.0,0.8401130830846562,-0.18951486697965692,0.0,0.34007060129712585,-0.3726184120903039
2.753,0.0,0.8401130830846562,-0.18951486697965692,0.0,0.3418076795436676,-0.3782156816138655
2.754,0.0,0.8401130830846562,-0.18951486697965692,0.0,0.2108513000273712,-0.23975739396609638
2.755,0.0,-0.15988691691534385,-0.18951486697965692,0.0,-0.0035265777768929744,-0.008609877809405196
2.756,0.0,-0.15988691691534385,-0.18951486697965692,0.0,-0.21902014212364754,0.22787793252474078
2.757,0.0,-0.15988691691534385,0.8104851330203431,0.0,-0.35196239958761366,0.3794326549845237
2.758,0.0,-0.15988691691534385,0.8104851330203431,0.0,-0.34988075494573884,0.3874242812393393
2.759,0.0,-0.15988691691534385,-0.18951486697965692,0.0,-0.21223126991441554,0.2476657312051604
2.76,0.0,-0.15988691691534385,-0.18951486697965692,0.0,0.008898583345271839,0.01252791821989487
2.761,0.0,-0.15988691691534385,-0.18951486697965692,0.0,0.22857414076062801,-0.22867589028167318
2.762,0.0,-0.15988691691534385,-0.18951486697965692,0.0,0.3617393018414979,-0.3837018058472844
2.763,0.0,0.8401130830846562,-0.18951486697965692,0.0,0.35622828044810145,-0.392801645990089
2.764,0.0,-0.15988691691534385,-0.18951486697965692,0.0,0.21321235468588332,-0.2519000811802594
2.765,0.0,-0.15988691691534385,-0.18951486697965692,0.0,-0.012944018770987374,-0.014469873741523243
2.766,0.0,-0.15988691691534385,-0.18951486697965692,0.0,-0.23546094530411468,0.22877455571334807
2.767,0.0,-0.15988691691534385,0.8104851330203431,0.0,-0.368567680992728,0.38465404992419444
2.768,0.0,-0.15988691691534385,0.8104851330203431,0.0,-0.36064620340025294,0.39339601031727894
2.769,0.0,-0.15988691691534385,-0.18951486697965692,0.0,-0.2142485000461143,0.25172052699086883
2.77,0.0,-0.15988691691534385,-0.18951486697965692,0.0,0.014779638611962687,0.014157145907323422
2.771,0.0,0.8401130830846562,-0.18951486697965692,0.0,0.23874037515602856,-0.22797228550389173
2.772,0.0,0.8401130830846562,-0.18951486697965692,0.0,0.3718029716119746,-0.38179406941879224
2.773,0.0,0.8401130830846562,-0.18951486697965692,0.0,0.3629786093345121,-0.3886940226817008
2.774,0.0,0.8401130830846562,-0.18951486697965692,0.0,0.21564818127334714,-0.24681624093924384
2.775,0.0,-0.15988691691534385,-0.18951486697965692,0.0,-0.013832702124963871,-0.011547715230019663
2.776,0.0,-0.15988691691534385,-0.18951486697965692,0.0,-0.23783949186235565,0.226138563419856
2.777,0.0,-0.15988691691534385,0.8104851330203431,0.0,-0.37107604146888895,0.3749974968412444
2.778,0.0,-0.15988691691534385,0.8104851330203431,0.0,-0.36312674364752284,0.37871803268409493
2.779,0.0,-0.15988691691534385,-0.18951486697965692,0.0,-0.21751258367342097,0.2373658321380336
2.78,0.0,-0.15988691691534385,-0.18951486697965692,0.0,0.009940930734607296,0.006842156532856357
2.781,0.0,-0.15988691691534385,-0.18951486697965692,0.0,0.23264846595290065,-0.22325231188882333
2.782,0.0,0.8401130830846562,-0.18951486697965692,0.0,0.36635187352031956,-0.36456471328841766
2.783,0.0,-0.15988691691534385,-0.18951486697965692,0.0,0.36105869119803413,-0.3640646656663099
2.784,0.0,-0.15988691691534385,-0.18951486697965692,0.0,0.21970661035659417,-0.22404443375667776
2.785,0.0,-0.15988691691534385,-0.18951486697965692,0.0,-0.00339711474874835,-0.0004647661907260095
2.786,0.0,-0.15988691691534385,-0.18951486697965692,0.0,-0.22355888729449103,0.2194244915152926
2.787,0.0,-0.15988691691534385,0.8104851330203431,0.0,-0.35795162514975654,0.3512226765113984
2.788,0.0,-0.15988691691534385,0.8104851330203431,0.0,-0.356819608810596,0.34587493437773603
2.789,0.0,-0.15988691691534385,-0.18951486697965692,0.0,-0.22186960911299133,0.2079731237934153
2.79,0.0,-0.15988691691534385,-0.18951486697965692,0.0,-0.005071302680641317,-0.006978724383472211
2.791,0.0,0.8401130830846562,-0.18951486697965692,0.0,0.21143635635062424,-0.21490015405481505
2.792,0.0,0.8401130830846562,-0.18951486697965692,0.0,0.3465337939027404,-0.3360704299860506
2.793,0.0,0.8401130830846562,-0.18951486697965692,0.0,0.3505418955743812,-0.32573489886622364
2.794,0.0,0.8401130830846562,-0.18951486697965692,0.0,0.22346678373404627,-0.19061332369852985
2.795,0.0,-0.15988691691534385,-0.18951486697965692,0.0,0.014387999761247921,0.014763000499316909
2.796,0.0,-0.15988691691534385,-0.18951486697965692,0.0,-0.19752839792471463,0.21003855037118455
2.797,0.0,-0.15988691691534385,0.8104851330203431,0.0,-0.33303563275155185,0.3204719576134033
2.798,0.0,-0.15988691691534385,0.8104851330203431,0.0,-0.34245406548952884,0.30551534853182283
2.799,0.0,-0.15988691691534385,-0.18951486697965692,0.0,-0.22387574216187575,0.1736159953435912
2.8,0.0,-0.15988691691534385,-0.18951486697965692,0.0,-0.02326934197936094,-0.022118636954344947
2.801,0.0,-0.15988691691534385,-0.18951486697965692,0.0,0.18331818338181416,-0.20527358828884673
2.802,0.0,-0.15988691691534385,-0.18951486697965692,0.0,0.31858133650046044,-0.30590790687099145
2.803,0.0,-0.15988691691534385,-0.18951486697965692,0.0,0.3328864897220047,-0.2871677838509239
2.804,0.0,-0.15988691691534385,-0.18951486697965692,0.0,0.2224965673919694,-0.15864177314710123
2.805,0.0,-0.15988691691534385,-0.18951486697965692,0.0,0.030403250405246295,0.02831365245303446
2.806,0.0,-0.15988691691534385,-0.18951486697965692,0.0,-0.17034277833542044,0.20106026175449365
2.807,0.0,-0.15988691691534385,0.8104851330203431,0.0,-0.3043680678672057,0.293804190329621
2.808,0.0,-0.15988691691534385,0.8104851330203431,0.0,-0.3222717597294637,0.27250079537967115
2.809,0.0,-0.15988691691534385,-0.18951486697965692,0.0,-0.21886920025385415,0.14717270107671718
2.81,0.0,-0.15988691691534385,-0.18951486697965692,0.0,-0.034640397577574554,-0.03273270686616935
2.811,0.0,0.8401130830846562,-0.18951486697965692,0.0,0.16000033719447312,-0.19781507551914662
2.812,0.0,0.8401130830846562,-0.18951486697965692,0.0,0.2915439260525581,-0.28535955430649534
2.813,0.0,0.8401130830846562,-0.18951486697965692,0.0,0.31113733986880926,-0.26296469138551426
2.814,0.0,0.8401130830846562,-0.18951486697965692,0.0,0.21277963640783196,-0.1403382724422052
2.815,0.0,-0.15988691691534385,-0.18951486697965692,0.0,0.03516983748212037,0.034945441071282175
2.816,0.0,-0.15988691691534385,-0.18951486697965692,0.0,-0.15337288754622108,0.1958595714194563
2.817,0.0,-0.15988691691534385,0.8104851330203431,0.0,-0.28109302461587593,0.2813951828995594
2.818,0.0,-0.15988691691534385,-0.18951486697965692,0.0,-0.30008854063651014,0.25947224560342425
2.819,0.0,-0.15988691691534385,-0.18951486697965692,0.0,-0.204336970267074,0.13877759173044982
2.82,0.0,-0.15988691691534385,-0.18951486697965692,0.0,-0.03165242727503702,-0.03475630131557591
2.821,0.0,-0.15988691691534385,-0.18951486697965692,0.0,0.15108965041484948,-0.19537564991390247
2.822,0.0,-0.15988691691534385,-0.18951486697965692,0.0,0.2737417778264914,-0.28224705558411955
2.823,0.0,-0.15988691691534385,-0.18951486697965692,0.0,0.2897806929484665,-0.2622795866363793
2.824,0.0,-0.15988691691534385,-0.18951486697965692,0.0,0.19400673876128932,-0.14255568361375381
2.825,0.0,0.8401130830846562,-0.18951486697965692,0.0,0.024290778954123154,0.0322299064296423
2.826,0.0,-0.15988691691534385,-0.18951486697965692,0.0,-0.15325039451732303,0.19637955049769307
2.827,0.0,-0.15988691691534385,0.8104851330203431,0.0,-0.26989745616328326,0.2877163715858705
2.828,0.0,-0.15988691691534385,-0.18951486697965692,0.0,-0.2808806914354643,0.2709439607819684
2.829,0.0,-0.15988691691534385,-0.18951486697965692,0.0,-0.1825919333375049,0.15114566807013594
2.83,0.0,0.8401130830846562,-0.18951486697965692,0.0,-0.013823290572912905,-0.02768847377983721
2.831,0.0,0.8401130830846562,-0.18951486697965692,0.0,0.15941988101234683,-0.19871841803546947
2.832,0.0,0.8401130830846562,-0.18951486697965692,0.0,0.2696255202100074,-0.2970856387132182
2.833,0.0,0.8401130830846562,-0.18951486697965692,0.0,0.2740196583013708,-0.28436531771220364
2.834,0.0,0.8401130830846562,-0.18951486697965692,0.0,0.1711606415323211,-0.16348047508377106
2.835,0.0,0.8401130830846562,-0.18951486697965692,0.0,0.0014407847537785544,0.021680786600467336
2.836,0.0,-0.15988691691534385,-0.18951486697965692,0.0,-0.16869425786917688,0.20208983005520748
2.837,0.0,-0.15988691691534385,0.8104851330203431,0.0,-0.2726668610325552,0.30919910319532445
2.838,0.0,-0.15988691691534385,0.8104851330203431,0.0,-0.26974013671866626,0.3009077270016186
2.839,0.0,-0.15988691691534385,-0.18951486697965692,0.0,-0.16092742503176846,0.17806903055387716
2.84,0.0,-0.15988691691534385,-0.18951486697965692,0.0,0.011364214835979427,-0.014925349346639494
2.841,0.0,-0.15988691691534385,-0.18951486697965692,0.0,0.17982984028039212,-0.20608108050013751
2.842,0.0,-0.15988691691534385,-0.18951486697965692,0.0,0.27849066585921245,-0.3225973695500668
2.843,0.0,-0.15988691691534385,-0.18951486697965692,0.0,0.26844268324975923,-0.31858606108811327
2.844,0.0,-0.15988691691534385,-0.18951486697965692,0.0,0.1531029790856208,-0.19316357715647167
2.845,0.0,-0.15988691691534385,-0.18951486697965692,0.0,-0.0229952770702724,0.008233379506465202
2.846,0.0,-0.15988691691534385,-0.18951486697965692,0.0,-0.1914156505472534,0.21022199464760197
2.847,0.0,-0.15988691691534385,0.8104851330203431,0.0,-0.2863739861062618,0.33568862135082916
2.848,0.0,-0.15988691691534385,0.8104851330203431,0.0,-0.2703377169490289,0.3352946749978345
2.849,0.0,-0.15988691691534385,-0.18951486697965692,0.0,-0.14873215270580004,0.20695813209951563
2.85,0.0,-0.15988691691534385,-0.18951486697965692,0.0,0.03196922654540393,-0.0024197595532856747
2.851,0.0,0.8401130830846562,-0.18951486697965692,0.0,0.20206477788724533,-0.21404307586113902
2.852,0.0,0.8401130830846562,-0.18951486697965692,0.0,0.29549587783185016,-0.3469338991264177
2.853,0.0,0.8401130830846562,-0.18951486697965692,0.0,0.2754087679949897,-0.3490492203039574
2.854,0.0,-0.15988691691534385,-0.18951486697965692,0.0,0.14854310492754483,-0.21779395795800985
2.855,0.0,-0.15988691691534385,-0.18951486697965692,0.0,-0.03712161636642382,-0.0017883005419716013
2.856,0.0,-0.15988691691534385,-0.18951486697965692,0.0,-0.21059703053839737,0.21713016782517008
2.857,0.0,-0.15988691691534385,0.8104851330203431,0.0,-0.30503265096009313,0.35502214560197615
2.858,0.0,-0.15988691691534385,0.8104851330203431,0.0,-0.28339271120454673,0.3582110556770487
2.859,0.0,-0.15988691691534385,-0.18951486697965692,0.0,-0.15282971377976634,0.22434692348946128
2.86,0.0,-0.15988691691534385,-0.18951486697965692,0.0,0.03777072344290947,0.0038345958087917893
2.861,0.0,-0.15988691691534385,-0.18951486697965692,0.0,0.21618689260443363,-0.21916763929243044
2.862,0.0,0.8401130830846562,-0.18951486697965692,0.0,0.3142414489336074,-0.3590124365118915
2.863,0.0,-0.15988691691534385,-0.18951486697965692,0.0,0.2937811545643343,-0.36166620254009063
2.864,0.0,-0.15988691691534385,-0.18951486697965692,0.0,0.1613853402165819,-0.22577391979733855
2.865,0.0,-0.15988691691534385,-0.18951486697965692,0.0,-0.03381605311073365,-0.003399608253288677
2.866,0.0,-0.15988691691534385,-0.18951486697965692,0.0,-0.21845623161900193,0.2199642072545554
2.867,0.0,-0.15988691691534385,0.8104851330203431,0.0,-0.32252192088238735,0.35842570659905043
2.868,0.0,-0.15988691691534385,0.8104851330203431,0.0,-0.30584500386981883,0.3589370855796675
2.869,0.0,-0.15988691691534385,-0.18951486697965692,0.0,-0.17349920571794847,0.22180077804007228
2.87,0.0,-0.15988691691534385,-0.18951486697965692,0.0,0.02575677984640375,0.00044069942443837655
2.871,0.0,0.8401130830846562,-0.18951486697965692,0.0,0.2174996918800526,-0.21945854350495558
2.872,0.0,0.8401130830846562,-0.18951486697965692,0.0,0.3294497012443858,-0.35327561143828484
2.873,0.0,0.8401130830846562,-0.18951486697965692,0.0,0.3186815951001794,-0.3502144905964208
2.874,0.0,-0.15988691691534385,-0.18951486697965692,0.0,0.18801795188574935,-0.21274169533261536
2.875,0.0,-0.15988691691534385,-0.18951486697965692,0.0,-0.014627242450332414,0.004798243589251818
2.876,0.0,-0.15988691691534385,-0.18951486697965692,0.0,-0.21384094236767295,0.21770524507933686
2.877,0.0,-0.15988691691534385,0.8104851330203431,0.0,-0.334780129107976,0.34403683526764656
2.878,0.0,-0.15988691691534385,0.8104851330203431,0.0,-0.3312810262503889,0.33630794992066826
2.879,0.0,-0.15988691691534385,-0.18951486697965692,0.0,-0.20346570348720916,0.19944898623074292
2.88,0.0,-0.15988691691534385,-0.18951486697965692,0.0,0.0018587797009145025,-0.011809320987423464
2.881,0.0,-0.15988691691534385,-0.18951486697965692,0.0,0.20832834799732997,-0.214845014601216
2.882,0.0,-0.15988691691534385,-0.18951486697965692,0.0,0.3384253719386825,-0.33155787433168377
2.883,0.0,0.8401130830846562,-0.18951486697965692,0.0,0.342605824497595,-0.3185235950181136
2.884,0.0,-0.15988691691534385,-0.18951486697965692,0.0,0.2182075511648685,-0.1832008396282399
2.885,0.0,0.8401130830846562,-0.18951486697965692,0.0,0.01091202318894985,0.01987320037990961
2.886,0.0,-0.15988691691534385,-0.18951486697965692,0.0,-0.20198760035087998,0.21106544814932918
2.887,0.0,-0.15988691691534385,0.8104851330203431,0.0,-0.3404121321522272,0.3169328151019159
2.888,0.0,-0.15988691691534385,0.8104851330203431,0.0,-0.3516762289690515,0.298487874074224
2.889,0.0,-0.15988691691534385,-0.18951486697965692,0.0,-0.23063509158509382,0.16554247892473736
2.89,0.0,-0.15988691691534385,-0.18951486697965692,0.0,-0.02206085627605492,-0.028136155980023742
2.891,0.0,-0.15988691691534385,-0.18951486697965692,0.0,0.19585501013961137,-0.20656024348852292
2.892,0.0,0.8401130830846562,-0.18951486697965692,0.0,0.3408298048058766,-0.30135181112068515
2.893,0.0,0.8401130830846562,-0.18951486697965692,0.0,0.35765244882717784,-0.27794213061317175
2.894,0.0,-0.15988691691534385,-0.18951486697965692,0.0,0.2393494779030497,-0.14810167369002786
2.895,0.0,-0.15988691691534385,-0.18951486697965692,0.0,0.03018761738424503,0.03570305912294031
2.896,0.0,-0.15988691691534385,-0.18951486697965692,0.0,-0.1908176029599678,0.2014946882339561
2.897,0.0,-0.15988691691534385,0.8104851330203431,0.0,-0.3397799338802949,0.2859521285887394
2.898,0.0,-0.15988691691534385,-0.18951486697965692,0.0,-0.35990543244314616,0.25853600927313464
2.899,0.0,-0.15988691691534385,-0.18951486697965692,0.0,-0.24331783434139392,0.13240222685130637
2.9,0.0,-0.15988691691534385,-0.18951486697965692,0.0,-0.03429260078105169,-0.04173588793894884
2.901,0.0,-0.15988691691534385,-0.18951486697965692,0.0,0.1874845326252429,-0.19598396132540108
2.902,0.0,0.8401130830846562,-0.18951486697965692,0.0,0.33733697061553086,-0.2716905325922663
2.903,0.0,0.8401130830846562,-0.18951486697965692,0.0,0.3580689532499507,-0.2416466693443071
2.904,0.0,-0.15988691691534385,-0.18951486697965692,0.0,0.24198281236031038,-0.11969856747673126
2.905,0.0,-0.15988691691534385,-0.18951486697965692,0.0,0.03389251575435124,0.04554661357179965
2.906,0.0,-0.15988691691534385,-0.18951486697965692,0.0,-0.18610892812505903,0.19008830573674346
2.907,0.0,-0.15988691691534385,0.8104851330203431,0.0,-0.33352784392295826,0.25925367190464543
2.908,0.0,-0.15988691691534385,-0.18951486697965692,0.0,-0.35206801022819934,0.2282460967004087
2.909,0.0,-0.15988691691534385,-0.18951486697965692,0.0,-0.23531190233102905,0.11085106575093912
2.91,0.0,-0.15988691691534385,-0.18951486697965692,0.0,-0.02906124639573798,-0.04667391284956229
2.911,0.0,0.8401130830846562,-0.18951486697965692,0.0,0.18657100158344697,-0.18382592093063507
2.912,0.0,0.8401130830846562,-0.18951486697965692,0.0,0.3283341387175985,-0.24901668802163748
2.913,0.0,0.8401130830846562,-0.18951486697965692,0.0,0.342121341057915,-0.21883119017397032
2.914,0.0,0.8401130830846562,-0.18951486697965692,0.0,0.22378180354126662,-0.10625571743777426
2.915,0.0,-0.15988691691534385,-0.18951486697965692,0.0,0.020391738750453428,0.04493498123228033
2.916,0.0,-0.15988691691534385,-0.18951486697965692,0.0,-0.18842338876346074,0.17720101987889308
2.917,0.0,-0.15988691691534385,0.8104851330203431,0.0,-0.3217163571576637,0.2410525546246412
2.918,0.0,-0.15988691691534385,-0.18951486697965692,0.0,-0.328718845313132,0.21342193994850125
2.919,0.0,-0.15988691691534385,-0.18951486697965692,0.0,-0.20830235576345463,0.10583430578140456
2.92,0.0,-0.15988691691534385,-0.18951486697965692,0.0,-0.00888722106064029,-0.04044655390161482
2.921,0.0,-0.15988691691534385,-0.18951486697965692,0.0,0.1909898262917956,-0.1702414744209618
2.922,0.0,-0.15988691691534385,-0.18951486697965692,0.0,0.3136555132166152,-0.23518684797167277
2.923,0.0,-0.15988691691534385,-0.18951486697965692,0.0,0.31257747852077555,-0.21162330987121206
2.924,0.0,-0.15988691691534385,-0.18951486697965692,0.0,0.1900928405594032,-0.10908311157228336
2.925,0.0,-0.15988691691534385,-0.18951486697965692,0.0,-0.004199701050453467,0.03361274626621294
2.926,0.0,-0.15988691691534385,-0.18951486697965692,0.0,-0.19349993346904773,0.16303835525832175
2.927,0.0,-0.15988691691534385,0.8104851330203431,0.0,-0.30420386627116597,0.2310859408803481
2.928,0.0,-0.15988691691534385,0.8104851330203431,0.0,-0.29458131587764075,0.2127377831001654
2.929,0.0,-0.15988691691534385,-0.18951486697965692,0.0,-0.17052962188019982,0.11517080712343081
2.93,0.0,-0.15988691691534385,-0.18951486697965692,0.0,0.017554254824877106,-0.025081082598177637
2.931,0.0,-0.15988691691534385,-0.18951486697965692,0.0,0.19523734982820812,-0.15577883939968562
2.932,0.0,0.8401130830846562,-0.18951486697965692,0.0,0.29353449454715325,-0.2283619899888335
2.933,0.0,0.8401130830846562,-0.18951486697965692,0.0,0.2757127177677044,-0.21590912849419316
2.934,0.0,-0.15988691691534385,-0.18951486697965692,0.0,0.15098722200197984,-0.12307030852460588
2.935,0.0,-0.15988691691534385,-0.18951486697965692,0.0,-0.029984052210537324,0.01567165596545354
2.936,0.0,-0.15988691691534385,-0.18951486697965692,0.0,-0.19567661783833643,0.14876458567970385
2.937,0.0,-0.15988691691534385,0.8104851330203431,0.0,-0.28197899663639536,0.22667619169945008
2.938,0.0,-0.15988691691534385,0.8104851330203431,0.0,-0.2569817348321484,0.22027461807956913
2.939,0.0,-0.15988691691534385,-0.18951486697965692,0.0,-0.13269462438099025,0.13170578369810576
2.94,0.0,-0.15988691691534385,-0.18951486697965692,0.0,0.04057341974063917,-0.006287348763498483
2.941,0.0,-0.15988691691534385,-0.18951486697965692,0.0,0.1945862491358273,-0.14240971134496327
2.942,0.0,0.8401130830846562,-0.18951486697965692,0.0,0.2700439808355328,-0.22582282721362348
2.943,0.0,-0.15988691691534385,-0.18951486697965692,0.0,0.23936011907976518,-0.22510301727943874
2.944,0.0,-0.15988691691534385,-0.18951486697965692,0.0,0.11662501555583134,-0.1400950840290622
2.945,0.0,-0.15988691691534385,-0.18951486697965692,0.0,-0.04878557715163697,-0.0021848858082737814
2.946,0.0,-0.15988691691534385,-0.18951486697965692,0.0,-0.19208101424475876,0.13721565448435993
2.947,0.0,-0.15988691691534385,-0.18951486697965692,0.0,-0.2583999757311101,0.22578035720348152
2.948,0.0,-0.15988691691534385,-0.18951486697965692,0.0,-0.22372477099129773,0.22989900995740753
2.949,0.0,-0.15988691691534385,-0.18951486697965692,0.0,-0.10343099760567014,0.14746956582011114
2.95,0.0,-0.15988691691534385,-0.18951486697965692,0.0,0.05449963038349498,0.008970738666374864
2.951,0.0,0.8401130830846562,-0.18951486697965692,0.0,0.1886147396234813,-0.1337240060116519
2.952,0.0,0.8401130830846562,-0.18951486697965692,0.0,0.24784054207853695,-0.22672161185128117
2.953,0.0,0.8401130830846562,-0.18951486697965692,0.0,0.2108134809188858,-0.23446067372823104
2.954,0.0,-0.15988691691534385,-0.18951486697965692,0.0,0.09342959408375762,-0.15335721828860394
2.955,0.0,-0.15988691691534385,-0.18951486697965692,0.0,-0.05798002809879587,-0.013492581440812623
2.956,0.0,-0.15988691691534385,-0.18951486697965692,0.0,-0.18491446701820288,0.13245225236812444
2.957,0.0,-0.15988691691534385,0.8104851330203431,0.0,-0.23921407225171615,0.22898200606616873
2.958,0.0,-0.15988691691534385,0.8104851330203431,0.0,-0.201193801491986,0.23888419946235184
2.959,0.0,-0.15988691691534385,-0.18951486697965692,0.0,-0.08663342570385493,0.1576205581240754
2.96,0.0,-0.15988691691534385,-0.18951486697965692,0.0,0.0597868736335359,0.015431575328026812
2.961,0.0,-0.15988691691534385,-0.18951486697965692,0.0,0.18186621777995074,-0.13382067063352304
2.962,0.0,-0.15988691691534385,-0.18951486697965692,0.0,0.23333532167963378,-0.23299160284763404
2.963,0.0,-0.15988691691534385,-0.18951486697965692,0.0,0.19524418332471793,-0.24351807502802583
2.964,0.0,-0.15988691691534385,-0.18951486697965692,0.0,0.08281753821780116,-0.1604470553708731
2.965,0.0,-0.15988691691534385,-0.18951486697965692,0.0,-0.06064457978305632,-0.014761011055450846
2.966,0.0,-0.15988691691534385,-0.18951486697965692,0.0,-0.1803703399204266,0.13808081371472708
2.967,0.0,-0.15988691691534385,-0.18951486697965692,0.0,-0.23088742830837763,0.23918268692569336
2.968,0.0,-0.15988691691534385,0.8104851330203431,0.0,-0.19314539913318826,0.24887624370697742
2.969,0.0,-0.15988691691534385,-0.18951486697965692,0.0,-0.0816066030098827,0.16229604600197634
2.97,0.0,-0.15988691691534385,-0.18951486697965692,0.0,0.06129239059641835,0.011747159221120285
2.971,0.0,-0.15988691691534385,-0.18951486697965692,0.0,0.1811892991976863,-0.14525672063636072
2.972,0.0,0.8401130830846562,-0.18951486697965692,0.0,0.23232745469578364,-0.24788842125667904
2.973,0.0,0.8401130830846562,-0.18951486697965692,0.0,0.1948799126557677,-0.25552528854352896
2.974,0.0,-0.15988691691534385,-0.18951486697965692,0.0,0.08256527426490493,-0.16381136809650534
2.975,0.0,-0.15988691691534385,-0.18951486697965692,0.0,-0.06234237738071624,-0.0069174082363507375
2.976,0.0,-0.15988691691534385,-0.18951486697965692,0.0,-0.18481206242934017,0.15510900871822209
2.977,0.0,-0.15988691691534385,0.8104851330203431,0.0,-0.23780894528482824,0.25924958262814646
2.978,0.0,-0.15988691691534385,-0.18951486697965692,0.0,-0.20023719642448579,0.26396378171897894
2.979,0.0,-0.15988691691534385,-0.18951486697965692,0.0,-0.08527557584342402,0.16571272003345014
2.98,0.0,-0.15988691691534385,-0.18951486697965692,0.0,0.064168401912229,0.0009989803411262481
2.981,0.0,-0.15988691691534385,-0.18951486697965692,0.0,0.19135673208538254,-0.16712942261883895
2.982,0.0,-0.15988691691534385,-0.18951486697965692,0.0,0.24713349926254682,-0.2731451443057168
2.983,0.0,-0.15988691691534385,-0.18951486697965692,0.0,0.20882388868785978,-0.27451226635750436
2.984,0.0,-0.15988691691534385,-0.18951486697965692,0.0,0.08938899185653687,-0.1686806212823704
2.985,0.0,-0.15988691691534385,-0.18951486697965692,0.0,-0.06684366474505114,0.005165310075861976
2.986,0.0,-0.15988691691534385,-0.18951486697965692,0.0,-0.20052723468109518,0.18056954598003477
2.987,0.0,-0.15988691691534385,0.8104851330203431,0.0,-0.2597400686671249,0.2891588349315584
2.988,0.0,-0.15988691691534385,0.8104851330203431,0.0,-0.22007880989450457,0.28723001906675566
2.989,0.0,-0.15988691691534385,-0.18951486697965692,0.0,-0.0946466825496418,0.17324977687936957
2.99,0.0,-0.15988691691534385,-0.18951486697965692,0.0,0.0701358549904706,-0.010715273135266528
2.991,0.0,0.8401130830846562,-0.18951486697965692,0.0,0.21163156943823766,-0.1945027436366968
2.992,0.0,0.8401130830846562,-0.18951486697965692,0.0,0.27473601739965,-0.30658835371146126
2.993,0.0,0.8401130830846562,-0.18951486697965692,0.0,0.23329388399326706,-0.3018702630533931
2.994,0.0,-0.15988691691534385,-0.18951486697965692,0.0,0.100867865801389,-0.17972378311293477
2.995,0.0,-0.15988691691534385,-0.18951486697965692,0.0,-0.07355904573512571,0.01487494022111063
2.996,0.0,-0.15988691691534385,-0.18951486697965692,0.0,-0.2236596865084358,0.2079136457131189
2.997,0.0,-0.15988691691534385,0.8104851330203431,0.0,-0.29096854384924203,0.3244975191600657
2.998,0.0,-0.15988691691534385,0.8104851330203431,0.0,-0.2476426004308654,0.3178796312422174
2.999,0.0,-0.15988691691534385,-0.18951486697965692,0.0,-0.107912697775317,0.1881208494642812
3.0,0.0,-0.15988691691534385,-0.18951486697965692,0.0,0.07647197105066628,-0.017046407018478944
3.001,0.0,-0.15988691691534385,-0.18951486697965692,0.0,0.23540995016813904,-0.21980529724305967
3.002,0.0,0.8401130830846562,-0.18951486697965692,0.0,0.3071296257707693,-0.34180524888520153
3.003,0.0,-0.15988691691534385,-0.18951486697965692,0.0,0.26221757232864507,-0.3344413310239585
3.004,0.0,-0.15988691691534385,-0.18951486697965692,0.0,0.11563084407271476,-0.19815606746256745
3.005,0.0,-0.15988691691534385,-0.18951486697965692,0.0,-0.0782047224181307,0.016885393232755664
3.006,0.0,-0.15988691691534385,-0.18951486697965692,0.0,-0.24564575410225165,0.22931110441401747
3.007,0.0,-0.15988691691534385,0.8104851330203431,0.0,-0.3218829576966093,0.3573998566482342
3.008,0.0,-0.15988691691534385,0.8104851330203431,0.0,-0.27607790535132426,0.3505555537752113
3.009,0.0,-0.15988691691534385,-0.18951486697965692,0.0,-0.12380952116799829,0.20926129509938196
3.01,0.0,-0.15988691691534385,-0.18951486697965692,0.0,0.07819142271041524,-0.014349703082240607
3.011,0.0,0.8401130830846562,-0.18951486697965692,0.0,0.2532593171847719,-0.235797383057769
3.012,0.0,0.8401130830846562,-0.18951486697965692,0.0,0.33399809527612,-0.3702634840102968
3.013,0.0,0.8401130830846562,-0.18951486697965692,0.0,0.2883055747523982,-0.36514598759879563
3.014,0.0,-0.15988691691534385,-0.18951486697965692,0.0,0.1321346882920515,-0.22063947810246165
3.015,0.0,-0.15988691691534385,-0.18951486697965692,0.0,-0.07608575459111672,0.009714456376053282
3.016,0.0,-0.15988691691534385,-0.18951486697965692,0.0,-0.25741867372152927,0.23894290230713686
3.017,0.0,-0.15988691691534385,0.8104851330203431,0.0,-0.3424756858356799,0.37959004949456815
3.018,0.0,-0.15988691691534385,0.8104851330203431,0.0,-0.29806806583047096,0.3771783792947599
3.019,0.0,-0.15988691691534385,-0.18951486697965692,0.0,-0.1401763448893313,0.2313466347401314
3.02,0.0,-0.15988691691534385,-0.18951486697965692,0.0,0.07183938666054131,-0.003551382933984098
3.021,0.0,-0.15988691691534385,-0.18951486697965692,0.0,0.2576765074702295,-0.23878429545292662
3.022,0.0,-0.15988691691534385,-0.18951486697965692,0.0,0.34664847654163955,-0.3848810458724781
3.023,0.0,-0.15988691691534385,-0.18951486697965692,0.0,0.3046825407956152,-0.3857762045282195
3.024,0.0,-0.15988691691534385,-0.18951486697965692,0.0,0.14740406454736174,-0.2403920944786798
3.025,0.0,-0.15988691691534385,-0.18951486697965692,0.0,-0.06572977535618946,-0.0033266849868063683
3.026,0.0,-0.15988691691534385,-0.18951486697965692,0.0,-0.2540253262818196,0.23572029058423705
3.027,0.0,-0.15988691691534385,0.8104851330203431,0.0,-0.3462456777616616,0.3860066398800594
3.028,0.0,-0.15988691691534385,0.8104851330203431,0.0,-0.3076751833163451,0.3903195919542272
3.029,0.0,-0.15988691691534385,-0.18951486697965692,0.0,-0.15323286536630293,0.2468460635594624
3.03,0.0,-0.15988691691534385,-0.18951486697965692,0.0,0.058332418786420114,0.009951106359575742
3.031,0.0,0.8401130830846562,-0.18951486697965692,0.0,0.24689160634392154,-0.23047287175974263
3.032,0.0,0.8401130830846562,-0.18951486697965692,0.0,0.34141285162167484,-0.383224313456683
3.033,0.0,0.8401130830846562,-0.18951486697965692,0.0,0.3068285426622382,-0.3905163891323716
3.034,0.0,0.8401130830846562,-0.18951486697965692,0.0,0.15709337838974957,-0.24994321907566597
3.035,0.0,-0.15988691691534385,-0.18951486697965692,0.0,-0.05044195807043593,-0.01530398513146861
3.036,0.0,-0.15988691691534385,-0.18951486697965692,0.0,-0.23707068244887866,0.2240090301182903
3.037,0.0,-0.15988691691534385,0.8104851330203431,0.0,-0.3326851787151259,0.37715299672794533
3.038,0.0,-0.15988691691534385,0.8104851330203431,0.0,-0.3022099427598342,0.3864381442555655
3.039,0.0,-0.15988691691534385,-0.18951486697965692,0.0,-0.15851514257451407,0.249171726595032
3.04,0.0,-0.15988691691534385,-0.18951486697965692,0.0,0.042955022352415405,0.018434721956974407
3.041,0.0,-0.15988691691534385,-0.18951486697965692,0.0,0.22561291208015527,-0.21743194784385655
3.042,0.0,0.8401130830846562,-0.18951486697965692,0.0,0.32091795016408314,-0.36870644391372936
3.043,0.0,-0.15988691691534385,-0.18951486697965692,0.0,0.29417545081811286,-0.37851819994049996
3.044,0.0,-0.15988691691534385,-0.18951486697965692,0.0,0.15720865887260826,-0.244338680436658
3.045,0.0,-0.15988691691534385,-0.18951486697965692,0.0,-0.03673401004993789,-0.018573691547529612
3.046,0.0,-0.15988691691534385,-0.18951486697965692,0.0,-0.2136786627178294,0.21185455824494007
3.047,0.0,-0.15988691691534385,0.8104851330203431,0.0,-0.3071836045496108,0.3589946836020328
3.048,0.0,-0.15988691691534385,0.8104851330203431,0.0,-0.28334641622065554,0.3675134479519244
3.049,0.0,-0.15988691691534385,-0.18951486697965692,0.0,-0.1531311677591083,0.23560528513531168
3.05,0.0,-0.15988691691534385,-0.18951486697965692,0.0,0.03247408406584157,0.015229944193187218
3.051,0.0,0.8401130830846562,-0.18951486697965692,0.0,0.2023839132502456,-0.20827086452986393
3.052,0.0,0.8401130830846562,-0.18951486697965692,0.0,0.292648812490555,-0.34920606744262983
3.053,0.0,0.8401130830846562,-0.18951486697965692,0.0,0.2705588848407489,-0.3544350601958622
3.054,0.0,-0.15988691691534385,-0.18951486697965692,0.0,0.14652312199751807,-0.22348792014884902
3.055,0.0,-0.15988691691534385,-0.18951486697965692,0.0,-0.030595063166227707,-0.008261100491324357
3.056,0.0,-0.15988691691534385,-0.18951486697965692,0.0,-0.19265911451360643,0.20744082446126666
3.057,0.0,-0.15988691691534385,0.8104851330203431,0.0,-0.2784474177012983,0.3404843129770232
3.058,0.0,-0.15988691691534385,0.8104851330203431,0.0,-0.2567897924169989,0.34045632526316527
3.059,0.0,-0.15988691691534385,-0.18951486697965692,0.0,-0.13790669144316334,0.20882434394301058
3.06,0.0,-0.15988691691534385,-0.18951486697965692,0.0,0.03117575312762149,-0.0020936704858108023
3.061,0.0,-0.15988691691534385,-0.18951486697965692,0.0,0.18514134612609442,-0.2098029415505193
3.062,0.0,-0.15988691691534385,-0.18951486697965692,0.0,0.2655651518317072,-0.3338148375711943
3.063,0.0,-0.15988691691534385,-0.18951486697965692,0.0,0.24306717870532268,-0.32680739377012485
3.064,0.0,-0.15988691691534385,-0.18951486697965692,0.0,0.1280436315243869,-0.19270748557981757
3.065,0.0,0.8401130830846562,-0.18951486697965692,0.0,-0.033941294069918616,0.015222756321391848
3.066,0.0,-0.15988691691534385,-0.18951486697965692,0.0,-0.1801142006308113,0.21542516074924845
3.067,0.0,-0.15988691691534385,0.8104851330203431,0.0,-0.25474994944041585,0.32993275041883086
3.068,0.0,-0.15988691691534385,0.8104851330203431,0.0,-0.23037418369826726,0.31466725680687396
3.069,0.0,-0.15988691691534385,-0.18951486697965692,0.0,-0.11785646099077361,0.17639232644567548
3.07,0.0,-0.15988691691534385,-0.18951486697965692,0.0,0.03830547215143129,-0.03019369118476292
3.071,0.0,0.8401130830846562,-0.18951486697965692,0.0,0.17750214521256172,-0.22399972632777362
3.072,0.0,0.8401130830846562,-0.18951486697965692,0.0,0.2464577196873999,-0.32926149721995557
3.073,0.0,0.8401130830846562,-0.18951486697965692,0.0,0.21955783603463408,-0.3050627795943896
3.074,0.0,-0.15988691691534385,-0.18951486697965692,0.0,0.10832300809509175,-0.16118406899641824
3.075,0.0,-0.15988691691534385,-0.18951486697965692,0.0,-0.04346107899917602,0.045842581111381106
3.076,0.0,-0.15988691691534385,-0.18951486697965692,0.0,-0.17691758997889087,0.23488199804752696
3.077,0.0,-0.15988691691534385,0.8104851330203431,0.0,-0.24083818105514204,0.33188690185618963
3.078,0.0,-0.15988691691534385,0.8104851330203431,0.0,-0.21125335992836902,0.29878330929564667
3.079,0.0,-0.15988691691534385,-0.18951486697965692,0.0,-0.10035896098867436,0.148317893751066
3.08,0.0,-0.15988691691534385,-0.18951486697965692,0.0,0.04850374678613367,-0.06089199453727332
3.081,0.0,-0.15988691691534385,-0.18951486697965692,0.0,0.17775087731306255,-0.24716761733821693
3.082,0.0,-0.15988691691534385,-0.18951486697965692,0.0,0.23775962266970724,-0.33756686522906026
3.083,0.0,-0.15988691691534385,-0.18951486697965692,0.0,0.2058328924776177,-0.29631753114813736
3.084,0.0,-0.15988691691534385,-0.18951486697965692,0.0,0.09470532019414028,-0.13884189430763383
3.085,0.0,-0.15988691691534385,-0.18951486697965692,0.0,-0.05256947190487402,0.07408417776324597
3.086,0.0,-0.15988691691534385,-0.18951486697965692,0.0,-0.1792871462406947,0.2597976375404751
3.087,0.0,-0.15988691691534385,0.8104851330203431,0.0,-0.23686607971312554,0.3457728854824704
3.088,0.0,-0.15988691691534385,-0.18951486697965692,0.0,-0.20338435561274668,0.2978171071226249
3.089,0.0,-0.15988691691534385,-0.18951486697965692,0.0,-0.0918372107258427,0.13351505300246974
3.09,0.0,-0.15988691691534385,-0.18951486697965692,0.0,0.05496408384957406,-0.08431417476189322
3.091,0.0,0.8401130830846562,-0.18951486697965692,0.0,0.18083046994994248,-0.27167793109078114
3.092,0.0,0.8401130830846562,-0.18951486697965692,0.0,0.23765619946180636,-0.35575636518131015
3.093,0.0,-0.15988691691534385,-0.18951486697965692,0.0,0.20372222604993495,-0.3030893948220664
3.094,0.0,-0.15988691691534385,-0.18951486697965692,0.0,0.09190743400442167,-0.13273123551376595
3.095,0.0,-0.15988691691534385,0.8104851330203431,0.0,-0.05526449478481032,0.09074701749997771
3.096,0.0,-0.15988691691534385,-0.18951486697965692,0.0,-0.18181532029841235,0.28179779747311223
3.097,0.0,-0.15988691691534385,0.8104851330203431,0.0,-0.23957064207254855,0.36663069891099515
3.098,0.0,-0.15988691691534385,0.8104851330203431,0.0,-0.2064277011293516,0.3116193472472919
3.099,0.0,-0.15988691691534385,-0.18951486697965692,0.0,-0.09473292945285981,0.13647809505187317
3.1,0.0,-0.15988691691534385,-0.18951486697965692,0.0,0.05337637581030838,-0.09290475494189221
3.101,0.0,-0.15988691691534385,-0.18951486697965692,0.0,0.18188826661906085,-0.28933337713960977
3.102,0.0,0.8401130830846562,-0.18951486697965692,0.0,0.24207453759918673,-0.377459504968624
3.103,0.0,-0.15988691691534385,-0.18951486697965692,0.0,0.21091192458984437,-0.32261861473644393
3.104,0.0,-0.15988691691534385,-0.18951486697965692,0.0,0.09982582764587919,-0.14433656822423455
3.105,0.0,0.8401130830846562,-0.18951486697965692,0.0,-0.049540121142872706,0.09071258674362696
3.106,0.0,-0.15988691691534385,-0.18951486697965692,0.0,-0.18094834040802987,0.29372408678973855
3.107,0.0,-0.15988691691534385,0.8104851330203431,0.0,-0.24472330322117086,0.38734198242614487
3.108,0.0,-0.15988691691534385,0.8104851330203431,0.0,-0.21649310653076556,0.335097950477511
3.109,0.0,-0.15988691691534385,-0.18951486697965692,0.0,-0.10646407032975155,0.15552254680253955
3.11,0.0,-0.15988691691534385,-0.18951486697965692,0.0,0.044285372531387056,-0.08449837203527828
3.111,0.0,0.8401130830846562,-0.18951486697965692,0.0,0.17914174162421118,-0.29471441095671536
3.112,0.0,0.8401130830846562,-0.18951486697965692,0.0,0.2472036713051381,-0.3954879706455735
3.113,0.0,0.8401130830846562,-0.18951486697965692,0.0,0.22247697276010245,-0.34795729424181293
3.114,0.0,-0.15988691691534385,-0.18951486697965692,0.0,0.11379073147578445,-0.16896770286710622
3.115,0.0,-0.15988691691534385,-0.18951486697965692,0.0,-0.03834259511167077,0.0749456733192853
3.116,0.0,-0.15988691691534385,0.8104851330203431,0.0,-0.17681430871913661,0.2923583804735536
3.117,0.0,-0.15988691691534385,0.8104851330203431,0.0,-0.24934646642485056,0.4012774805845215
3.118,0.0,-0.15988691691534385,0.8104851330203431,0.0,-0.22823019788989649,0.36008642883734826
3.119,0.0,-0.15988691691534385,-0.18951486697965692,0.0,-0.12092712512662333,0.18343183214944508
3.12,0.0,-0.15988691691534385,-0.18951486697965692,0.0,0.03252688487581819,-0.06300649289119624
3.121,0.0,-0.15988691691534385,-0.18951486697965692,0.0,0.17443213857766807,-0.2869891894228779
3.122,0.0,-0.15988691691534385,-0.18951486697965692,0.0,0.2511126933656868,-0.4043018369713291
3.123,0.0,-0.15988691691534385,-0.18951486697965692,0.0,0.23323823021192713,-0.37046796119437114
3.124,0.0,-0.15988691691534385,-0.18951486697965692,0.0,0.1270831484792529,-0.19763503482425018
3.125,0.0,-0.15988691691534385,-0.18951486697965692,0.0,-0.02761327851104857,0.049785135581483654
3.126,0.0,-0.15988691691534385,-0.18951486697965692,0.0,-0.17248578295627223,0.2791608952538215
3.127,0.0,-0.15988691691534385,0.8104851330203431,0.0,-0.2525590053080843,0.40438573663114247
3.128,0.0,-0.15988691691534385,0.8104851330203431,0.0,-0.2371418656596627,0.3782737054245538
3.129,0.0,-0.15988691691534385,-0.18951486697965692,0.0,-0.1316492936801032,0.21039514348604524
3.13,0.0,-0.15988691691534385,-0.18951486697965692,0.0,0.02422370167405457,-0.03640842682394065
3.131,0.0,-0.15988691691534385,-0.18951486697965692,0.0,0.17139575321016937,-0.2695723710371022
3.132,0.0,0.8401130830846562,-0.18951486697965692,0.0,0.2537918526846874,-0.40159121007602044
3.133,0.0,0.8401130830846562,-0.18951486697965692,0.0,0.23975054023613598,-0.38294549257559757
3.134,0.0,-0.15988691691534385,-0.18951486697965692,0.0,0.1342581454604811,-0.22075451401142088
3.135,0.0,-0.15988691691534385,-0.18951486697965692,0.0,-0.02274324441632504,0.023899254215149053
3.136,0.0,-0.15988691691534385,-0.18951486697965692,0.0,-0.17143628584542325,0.2589852038636329
3.137,0.0,-0.15988691691534385,0.8104851330203431,0.0,-0.25492103258737536,0.3962055294803749
3.138,0.0,-0.15988691691534385,0.8104851330203431,0.0,-0.2410339543035278,0.38425214681407316
3.139,0.0,-0.15988691691534385,-0.18951486697965692,0.0,-0.13480835119846912,0.2280809228436235
3.14,0.0,-0.15988691691534385,-0.18951486697965692,0.0,0.02327815262442197,-0.013069789394329515
3.141,0.0,-0.15988691691534385,-0.18951486697965692,0.0,0.1726906273720518,-0.2481469040089713
3.142,0.0,0.8401130830846562,-0.18951486697965692,0.0,0.25602274647345,-0.3887155447249445
3.143,0.0,-0.15988691691534385,-0.18951486697965692,0.0,0.24109670226518595,-0.3823159466546676
3.144,0.0,-0.15988691691534385,-0.18951486697965692,0.0,0.1334501140152143,-0.23212993074831498
3.145,0.0,-0.15988691691534385,-0.18951486697965692,0.0,-0.02566069736606488,0.004447828097860292
3.146,0.0,-0.15988691691534385,-0.18951486697965692,0.0,-0.1750451477226342,0.2377287471739731
3.147,0.0,-0.15988691691534385,0.8104851330203431,0.0,-0.257119768044164,0.3797708897771463
3.148,0.0,-0.15988691691534385,0.8104851330203431,0.0,-0.2401425664126474,0.3776043379021492
3.149,0.0,-0.15988691691534385,-0.18951486697965692,0.0,-0.13053720393566967,0.23306046953168302
3.15,0.0,-0.15988691691534385,-0.18951486697965692,0.0,0.029498162124665116,0.0017551528792194616
3.151,0.0,-0.15988691691534385,-0.18951486697965692,0.0,0.17822242657277376,-0.22828422891419492
3.152,0.0,0.8401130830846562,-0.18951486697965692,0.0,0.258182398709072,-0.3701382116336629
3.153,0.0,0.8401130830846562,-0.18951486697965692,0.0,0.23843576420324156,-0.37088586471522367
3.154,0.0,-0.15988691691534385,-0.18951486697965692,0.0,0.12655534294749674,-0.23140110451001772
3.155,0.0,-0.15988691691534385,-0.18951486697965692,0.0,-0.034255902313282106,-0.005631696374411777
3.156,0.0,-0.15988691691534385,-0.18951486697965692,0.0,-0.18184632156922864,0.22023007900628142
3.157,0.0,-0.15988691691534385,0.8104851330203431,0.0,-0.2591492786560036,0.36064828990055536
3.158,0.0,-0.15988691691534385,0.8104851330203431,0.0,-0.23626569226161007,0.36315298328527523
3.159,0.0,-0.15988691691534385,-0.18951486697965692,0.0,-0.12203984391529185,0.22797071816862538
3.16,0.0,-0.15988691691534385,-0.18951486697965692,0.0,0.0393589901409663,0.007525715826640977
3.161,0.0,-0.15988691691534385,-0.18951486697965692,0.0,0.18552616362600877,-0.21384777454024162
3.162,0.0,-0.15988691691534385,-0.18951486697965692,0.0,0.2599626935398469,-0.35213785989227836
3.163,0.0,-0.15988691691534385,-0.18951486697965692,0.0,0.23391982326422628,-0.3555182412564307
3.164,0.0,-0.15988691691534385,-0.18951486697965692,0.0,0.11749614999563367,-0.2237634102634866
3.165,0.0,-0.15988691691534385,-0.18951486697965692,0.0,-0.04429424547026708,-0.007949190286593922
3.166,0.0,-0.15988691691534385,-0.18951486697965692,0.0,-0.18894366029832987,0.20930019305636013
3.167,0.0,-0.15988691691534385,0.8104851330203431,0.0,-0.26060961708479086,0.34538826115226917
3.168,0.0,-0.15988691691534385,0.8104851330203431,0.0,-0.2316668268153269,0.34909378045342904
3.169,0.0,-0.15988691691534385,-0.18951486697965692,0.0,-0.11333540392592541,0.2198123583037286
3.17,0.0,-0.15988691691534385,-0.18951486697965692,0.0,0.04869488631190423,0.007482195161818567
3.171,0.0,0.8401130830846562,-0.18951486697965692,0.0,0.1919254621689761,-0.20665601229856617
3.172,0.0,0.8401130830846562,-0.18951486697965692,0.0,0.2611580334297958,-0.3410637185105027
3.173,0.0,0.8401130830846562,-0.18951486697965692,0.0,0.22974926569996068,-0.34486675897692404
3.174,0.0,-0.15988691691534385,-0.18951486697965692,0.0,0.10983373612255976,-0.21705048102879673
3.175,0.0,-0.15988691691534385,-0.18951486697965692,0.0,-0.052393493914450105,-0.006672385428716234
3.176,0.0,-0.15988691691534385,-0.18951486697965692,0.0,-0.19448679551963488,0.20591401056073289
3.177,0.0,-0.15988691691534385,0.8104851330203431,0.0,-0.2617784667040404,0.3396530034688863
3.178,0.0,-0.15988691691534385,0.8104851330203431,0.0,-0.22838293737138052,0.34358464662163873
3.179,0.0,-0.15988691691534385,-0.18951486697965692,0.0,-0.10711927190839521,0.216186477083134
3.18,0.0,-0.15988691691534385,-0.18951486697965692,0.0,0.055434850117738514,0.005949658615856469
3.181,0.0,-0.15988691691534385,-0.18951486697965692,0.0,0.19683669294854136,-0.20702058338269042
3.182,0.0,0.8401130830846562,-0.18951486697965692,0.0,0.26274311110270326,-0.34141918548299016
3.183,0.0,-0.15988691691534385,-0.18951486697965692,0.0,0.22775855764831346,-0.34566410386885416
3.184,0.0,-0.15988691691534385,-0.18951486697965692,0.0,0.1051857851916464,-0.21761297441639318
3.185,0.0,-0.15988691691534385,-0.18951486697965692,0.0,-0.058047441156099715,-0.005568870045949271
3.186,0.0,-0.15988691691534385,-0.18951486697965692,0.0,-0.19934229780828824,0.20987630677300426
3.187,0.0,-0.15988691691534385,0.8104851330203431,0.0,-0.2643991175471653,0.3463628623685203
3.188,0.0,-0.15988691691534385,0.8104851330203431,0.0,-0.22804129497950093,0.3511351777632629
3.189,0.0,-0.15988691691534385,-0.18951486697965692,0.0,-0.10392736624894919,0.22135929486959108
3.19,0.0,-0.15988691691534385,-0.18951486697965692,0.0,0.06057977981999838,0.005588593929918355
3.191,0.0,-0.15988691691534385,-0.18951486697965692,0.0,0.202457285663178,-0.21433073253885646
3.192,0.0,0.8401130830846562,-0.18951486697965692,0.0,0.2671177372247882,-0.35420434734901973
3.193,0.0,0.8401130830846562,-0.18951486697965692,0.0,0.22936468503158552,-0.35962893794294704
3.194,0.0,-0.15988691691534385,-0.18951486697965692,0.0,0.10318519957764495,-0.2270952458662336
3.195,0.0,-0.15988691691534385,-0.18951486697965692,0.0,-0.06341391187131866,-0.005887792687445033
3.196,0.0,-0.15988691691534385,-0.18951486697965692,0.0,-0.20662631451663852,0.22016812455496607
3.197,0.0,-0.15988691691534385,0.8104851330203431,0.0,-0.27122621938973557,0.36438954148869634
3.198,0.0,-0.15988691691534385,0.8104851330203431,0.0,-0.23181745593353054,0.370411774544116
3.199,0.0,-0.15988691691534385,-0.18951486697965692,0.0,-0.10279608391918071,0.23418522629141406
3.2,0.0,-0.15988691691534385,-0.18951486697965692,0.0,0.06687247952658686,0.006215858315941326
3.201,0.0,-0.15988691691534385,-0.18951486697965692,0.0,0.21218235876258376,-0.22708982001472924
3.202,0.0,-0.15988691691534385,-0.18951486697965692,0.0,0.2769336293040604,-0.3761225156389367
3.203,0.0,-0.15988691691534385,-0.18951486697965692,0.0,0.23542433029450194,-0.3824639421047852
3.204,0.0,-0.15988691691534385,-0.18951486697965692,0.0,0.10263285145215556,-0.24178478797036507
3.205,0.0,-0.15988691691534385,-0.18951486697965692,0.0,-0.07113683230881253,-0.006265866815544198
3.206,0.0,-0.15988691691534385,-0.18951486697965692,0.0,-0.21925588052588849,0.23470069752071013
3.207,0.0,-0.15988691691534385,0.8104851330203431,0.0,-0.28426423303714177,0.3884252182223933
3.208,0.0,-0.15988691691534385,0.8104851330203431,0.0,-0.24012437002967454,0.3945942657887462
3.209,0.0,-0.15988691691534385,-0.18951486697965692,0.0,-0.10262917614290838,0.2489656742004356
3.21,0.0,-0.15988691691534385,-0.18951486697965692,0.0,0.07619171694336671,0.0057569719643132105
3.211,0.0,0.8401130830846562,-0.18951486697965692,0.0,0.2277135981569089,-0.24250742915911805
3.212,0.0,0.8401130830846562,-0.18951486697965692,0.0,0.29301221249537274,-0.40022145414056415
3.213,0.0,0.8401130830846562,-0.18951486697965692,0.0,0.24575230869225945,-0.4055779925571288
3.214,0.0,-0.15988691691534385,-0.18951486697965692,0.0,0.10278490156715919,-0.25485118584596267
3.215,0.0,-0.15988691691534385,-0.18951486697965692,0.0,-0.08180738311851143,-0.004510324765721142
3.216,0.0,-0.15988691691534385,-0.18951486697965692,0.0,-0.2371402345064224,0.2499346507781343
3.217,0.0,-0.15988691691534385,0.8104851330203431,0.0,-0.3027290485558277,0.4104387549956427
3.218,0.0,-0.15988691691534385,0.8104851330203431,0.0,-0.2520290920808033,0.41430128528288435
3.219,0.0,-0.15988691691534385,-0.18951486697965692,0.0,-0.10315224258840507,0.2587421588508192
3.22,0.0,-0.15988691691534385,-0.18951486697965692,0.0,0.0875633191740466,0.002504025317963093
3.221,0.0,-0.15988691691534385,-0.18951486697965692,0.0,0.24686972734415344,-0.2563620940276179
3.222,0.0,0.8401130830846562,-0.18951486697965692,0.0,0.31275021284747945,-0.4181185084605695
3.223,0.0,-0.15988691691534385,-0.18951486697965692,0.0,0.2585672453774232,-0.41989437992510614
3.224,0.0,-0.15988691691534385,-0.18951486697965692,0.0,0.10380721158216252,-0.2602151541169167
3.225,0.0,-0.15988691691534385,-0.18951486697965692,0.0,-0.09291042057711751,0.00010375598244391376
3.226,0.0,-0.15988691691534385,-0.18951486697965692,0.0,-0.25606407116748126,0.26118158194937674
3.227,0.0,-0.15988691691534385,0.8104851330203431,0.0,-0.3222615304047997,0.42252230070186586
3.228,0.0,-0.15988691691534385,0.8104851330203431,0.0,-0.2648946977026922,0.42183626393928336
3.229,0.0,-0.15988691691534385,0.8104851330203431,0.0,-0.10481363712363043,0.25917851257239444
3.23,0.0,-0.15988691691534385,-0.18951486697965692,0.0,0.0972614715646548,-0.0029887827103347977
3.231,0.0,0.8401130830846562,-0.18951486697965692,0.0,0.2638296149725521,-0.26386832436911745
3.232,0.0,0.8401130830846562,-0.18951486697965692,0.0,0.33039872431755396,-0.42322136059338145
3.233,0.0,0.8401130830846562,-0.18951486697965692,0.0,0.2704976003204056,-0.42001688915438185
3.234,0.0,-0.15988691691534385,-0.18951486697965692,0.0,0.10618862507599394,-0.2558781500011815
3.235,0.0,-0.15988691691534385,-0.18951486697965692,0.0,-0.10009458453368257,0.0057105777348912135
3.236,0.0,-0.15988691691534385,0.8104851330203431,0.0,-0.2693536878526144,0.2640569980889231
3.237,0.0,-0.15988691691534385,0.8104851330203431,0.0,-0.3363673920880929,0.42015663840953527
3.238,0.0,-0.15988691691534385,0.8104851330203431,0.0,-0.27487899396234716,0.41474808011394626
3.239,0.0,-0.15988691691534385,-0.18951486697965692,0.0,-0.10787799593072181,0.2508524542922148
3.24,0.0,-0.15988691691534385,-0.18951486697965692,0.0,0.10105160751383563,-0.007790234633655305
3.241,0.0,-0.15988691691534385,-0.18951486697965692,0.0,0.27204008870419694,-0.2616104632266634
3.242,0.0,-0.15988691691534385,-0.18951486697965692,0.0,0.339566111911216,-0.4136595364464399
3.243,0.0,-0.15988691691534385,-0.18951486697965692,0.0,0.2776265900149907,-0.4067208196414379
3.244,0.0,-0.15988691691534385,-0.18951486697965692,0.0,0.10974819263909552,-0.24484329158564197
3.245,0.0,-0.15988691691534385,-0.18951486697965692,0.0,-0.10001395278719724,0.008803031984797333
3.246,0.0,-0.15988691691534385,-0.18951486697965692,0.0,-0.27162107281718245,0.2566682728874277
3.247,0.0,-0.15988691691534385,0.8104851330203431,0.0,-0.33969341684738213,0.40442748971176123
3.248,0.0,-0.15988691691534385,0.8104851330203431,0.0,-0.27848013896066653,0.39691364676387964
3.249,0.0,-0.15988691691534385,-0.18951486697965692,0.0,-0.11159778526436759,0.23867677598202977
3.25,0.0,-0.15988691691534385,-0.18951486697965692,0.0,0.0971417730804154,-0.008469443808134738
3.251,0.0,0.8401130830846562,-0.18951486697965692,0.0,0.2682262548236929,-0.24966369674384264
3.252,0.0,0.8401130830846562,-0.18951486697965692,0.0,0.33682048587324487,-0.39345404360259545
3.253,0.0,0.8401130830846562,-0.18951486697965692,0.0,0.27738747691631055,-0.3864635374882092
3.254,0.0,-0.15988691691534385,-0.18951486697965692,0.0,0.11318764417515192,-0.2331320936208015
3.255,0.0,-0.15988691691534385,-0.18951486697965692,0.0,-0.09286835339610358,0.006727650707119477
3.256,0.0,-0.15988691691534385,-0.18951486697965692,0.0,-0.26239497026139647,0.2413017385625628
3.257,0.0,-0.15988691691534385,0.8104851330203431,0.0,-0.33141556293871555,0.3819191212193037
3.258,0.0,-0.15988691691534385,0.8104851330203431,0.0,-0.27453875687620394,0.376515926616254
3.259,0.0,-0.15988691691534385,-0.18951486697965692,0.0,-0.11428488215130382,0.22881857232279032
3.26,0.0,-0.15988691691534385,-0.18951486697965692,0.0,0.08784901125153032,-0.0037730700851785473
3.261,0.0,-0.15988691691534385,-0.18951486697965692,0.0,0.2550271773017945,-0.23249612854861373
3.262,0.0,0.8401130830846562,-0.18951486697965692,0.0,0.32431279220070375,-0.3710509842282156
3.263,0.0,0.8401130830846562,-0.18951486697965692,0.0,0.27037067077756305,-0.3680736935628194
3.264,0.0,-0.15988691691534385,-0.18951486697965692,0.0,0.11471253557915019,-0.22608003656145956
3.265,0.0,-0.15988691691534385,-0.18951486697965692,0.0,-0.08287146269714844,5.542636530768105e-05
3.266,0.0,-0.15988691691534385,-0.18951486697965692,0.0,-0.2472775938312686,0.22426971946455265
3.267,0.0,-0.15988691691534385,0.8104851330203431,0.0,-0.3166263693275287,0.36197609252273744
3.268,0.0,-0.15988691691534385,0.8104851330203431,0.0,-0.2655364014488573,0.36186547234524197
3.269,0.0,-0.15988691691534385,-0.18951486697965692,0.0,-0.11439527397761565,0.224941429400755
3.27,0.0,-0.15988691691534385,-0.18951486697965692,0.0,0.07874122396871144,0.0037692822615549705
3.271,0.0,0.8401130830846562,-0.18951486697965692,0.0,0.24040690458882732,-0.21762909257637778
3.272,0.0,0.8401130830846562,-0.18951486697965692,0.0,0.3096193813371037,-0.3555758729719742
3.273,0.0,-0.15988691691534385,-0.18951486697965692,0.0,0.26084205206638517,-0.3582514027793507
3.274,0.0,-0.15988691691534385,-0.18951486697965692,0.0,0.11339154314876382,-0.22510630761850023
3.275,0.0,-0.15988691691534385,-0.18951486697965692,0.0,-0.0761600560255162,-0.006926979194606372
3.276,0.0,-0.15988691691534385,-0.18951486697965692,0.0,-0.23561103810142406,0.21342940337318655
3.277,0.0,-0.15988691691534385,0.8104851330203431,0.0,-0.3045440782138897,0.3523697488618917
3.278,0.0,-0.15988691691534385,0.8104851330203431,0.0,-0.25715560458985937,0.35717964904675925
3.279,0.0,-0.15988691691534385,-0.18951486697965692,0.0,-0.11190448370147767,0.22600607168944928
3.28,0.0,-0.15988691691534385,-0.18951486697965692,0.0,0.0756169576445397,0.008641832581893771
3.281,0.0,-0.15988691691534385,-0.18951486697965692,0.0,0.23385350157486065,-0.21224860144478153
3.282,0.0,0.8401130830846562,-0.18951486697965692,0.0,0.3024753626590497,-0.35244141618932834
3.283,0.0,-0.15988691691534385,-0.18951486697965692,0.0,0.2552991828430587,-0.3582002703901022
3.284,0.0,-0.15988691691534385,-0.18951486697965692,0.0,0.11026741654188352,-0.22689384403678337
3.285,0.0,-0.15988691691534385,-0.18951486697965692,0.0,-0.07730949720469503,-0.008263268609844268
3.286,0.0,-0.15988691691534385,-0.18951486697965692,0.0,-0.2357258733792469,0.21429046372477137
3.287,0.0,-0.15988691691534385,0.8104851330203431,0.0,-0.3041611187524319,0.3554204245614669
3.288,0.0,-0.15988691691534385,0.8104851330203431,0.0,-0.25593872016876346,0.3605352249004484
3.289,0.0,-0.15988691691534385,-0.18951486697965692,0.0,-0.10890406534946424,0.22696896352461882
3.29,0.0,-0.15988691691534385,-0.18951486697965692,0.0,0.08110860544971339,0.005383479288472031
3.291,0.0,-0.15988691691534385,-0.18951486697965692,0.0,0.2413577110514727,-0.2193331226500194
3.292,0.0,0.8401130830846562,-0.18951486697965692,0.0,0.30991124467267284,-0.36052416622071165
3.293,0.0,0.8401130830846562,-0.18951486697965692,0.0,0.2594864347475603,-0.3631954828521484
3.294,0.0,-0.15988691691534385,-0.18951486697965692,0.0,0.10826823243889304,-0.22551318553533603
3.295,0.0,-0.15988691691534385,-0.18951486697965692,0.0,-0.08657308695197664,7.433279906485133e-05
3.296,0.0,-0.15988691691534385,-0.18951486697965692,0.0,-0.250389905000105,0.22673417339963275
3.297,0.0,-0.15988691691534385,0.8104851330203431,0.0,-0.31954210116251314,0.3666572728768928
3.298,0.0,-0.15988691691534385,0.8104851330203431,0.0,-0.2660304896397703,0.3651295104184018
3.299,0.0,-0.15988691691534385,-0.18951486697965692,0.0,-0.10877155559720209,0.22201762348609036
3.3,0.0,-0.15988691691534385,-0.18951486697965692,0.0,0.0930121703648498,-0.007813051284663154
3.301,0.0,-0.15988691691534385,-0.18951486697965692,0.0,0.26201601723615614,-0.2354957067134717
3.302,0.0,0.8401130830846562,-0.18951486697965692,0.0,0.33238528107985343,-0.37255727142535644
3.303,0.0,-0.15988691691534385,-0.18951486697965692,0.0,0.2753029270719264,-0.36538272183775383
3.304,0.0,-0.15988691691534385,-0.18951486697965692,0.0,0.11071054496413957,-0.21628057470595136
3.305,0.0,-0.15988691691534385,-0.18951486697965692,0.0,-0.09958671071073,0.01717372413850214
3.306,0.0,-0.15988691691534385,-0.18951486697965692,0.0,-0.2750858881306035,0.24438382381500046
3.307,0.0,-0.15988691691534385,0.8104851330203431,0.0,-0.34736033007775047,0.37696833684033587
3.308,0.0,-0.15988691691534385,0.8104851330203431,0.0,-0.2866918602410613,0.36324558679438007
3.309,0.0,-0.15988691691534385,-0.18951486697965692,0.0,-0.11420484915775586,0.2084605004144393
3.31,0.0,-0.15988691691534385,-0.18951486697965692,0.0,0.10543344693513781,-0.027204006952442964
3.311,0.0,0.8401130830846562,-0.18951486697965692,0.0,0.2882564004650518,-0.2520886677385295
3.312,0.0,0.8401130830846562,-0.18951486697965692,0.0,0.36310173859318473,-0.3788201859156545
3.313,0.0,0.8401130830846562,-0.18951486697965692,0.0,0.29929773378829705,-0.35836924760719424
3.314,0.0,-0.15988691691534385,-0.18951486697965692,0.0,0.11915745555352641,-0.19907497806902194
3.315,0.0,-0.15988691691534385,-0.18951486697965692,0.0,-0.10979302160738984,0.03677554434394098
3.316,0.0,-0.15988691691534385,-0.18951486697965692,0.0,-0.3001672502664116,0.2574041012812296
3.317,0.0,-0.15988691691534385,0.8104851330203431,0.0,-0.3781226333767597,0.37738739409143257
3.318,0.0,-0.15988691691534385,0.8104851330203431,0.0,-0.31202716972170813,0.3508316492117889
3.319,0.0,-0.15988691691534385,-0.18951486697965692,0.0,-0.12524445853704796,0.18894444779377204
3.32,0.0,-0.15988691691534385,-0.18951486697965692,0.0,0.11212188568366482,-0.044734883170582884
3.321,0.0,-0.15988691691534385,-0.18951486697965692,0.0,0.3096159978723897,-0.25940204072298206
3.322,0.0,0.8401130830846562,-0.18951486697965692,0.0,0.3909923560444788,-0.37240609935671
3.323,0.0,-0.15988691691534385,-0.18951486697965692,0.0,0.32371247978049805,-0.34114379302183795
3.324,0.0,-0.15988691691534385,-0.18951486697965692,0.0,0.13193761317126876,-0.17908784202059588
3.325,0.0,-0.15988691691534385,-0.18951486697965692,0.0,-0.11217082218126441,0.05006665445842941
3.326,0.0,-0.15988691691534385,-0.18951486697965692,0.0,-0.31570710698911203,0.2575759004901114
3.327,0.0,-0.15988691691534385,0.8104851330203431,0.0,-0.40050333844394476,0.36413010405245294
3.328,0.0,-0.15988691691534385,0.8104851330203431,0.0,-0.33324120421283443,0.33019391472454834
3.329,0.0,-0.15988691691534385,-0.18951486697965692,0.0,-0.1385578443258133,0.1705844824940521
3.33,0.0,-0.15988691691534385,-0.18951486697965692,0.0,0.11001818386198602,-0.05204501347802681
3.331,0.0,0.8401130830846562,-0.18951486697965692,0.0,0.31795402004806905,-0.2519308785179472
3.332,0.0,0.8401130830846562,-0.18951486697965692,0.0,0.4058046276050184,-0.3533162183540666
3.333,0.0,0.8401130830846562,-0.18951486697965692,0.0,0.33967861978036795,-0.3191360358216956
3.334,0.0,-0.15988691691534385,-0.18951486697965692,0.0,0.14435302877521938,-0.1644218553503646
3.335,0.0,-0.15988691691534385,-0.18951486697965692,0.0,-0.10605315764733787,0.050350208578451405
3.336,0.0,-0.15988691691534385,0.8104851330203431,0.0,-0.316320831016322,0.2430055903640973
3.337,0.0,-0.15988691691534385,0.8104851330203431,0.0,-0.4064847391364673,0.34113829154254277
3.338,0.0,-0.15988691691534385,-0.18951486697965692,0.0,-0.34236726996482514,0.30923724181715173
3.339,0.0,-0.15988691691534385,-0.18951486697965692,0.0,-0.14858950732853038,0.16135124201332546
3.34,0.0,-0.15988691691534385,-0.18951486697965692,0.0,0.10091225187660206,-0.0451316194772027
3.341,0.0,0.8401130830846562,-0.18951486697965692,0.0,0.3111995638821053,-0.23181895887372447
3.342,0.0,0.8401130830846562,-0.18951486697965692,0.0,0.40259435240118563,-0.3290394271571311
3.343,0.0,0.8401130830846562,-0.18951486697965692,0.0,0.3409910280206642,-0.3017040713035283
3.344,0.0,-0.15988691691534385,-0.18951486697965692,0.0,0.1506445493243106,-0.16177232390522825
3.345,0.0,-0.15988691691534385,-0.18951486697965692,0.0,-0.09537946563335464,0.03700606184949497
3.346,0.0,-0.15988691691534385,-0.18951486697965692,0.0,-0.3033289127764245,0.21974696155578943
3.347,0.0,-0.15988691691534385,0.8104851330203431,0.0,-0.39460843861479694,0.31854093425832797
3.348,0.0,-0.15988691691534385,0.8104851330203431,0.0,-0.335596455349063,0.29751167885220076
3.349,0.0,-0.15988691691534385,-0.18951486697965692,0.0,-0.15008674623043783,0.16566390423912147
3.35,0.0,-0.15988691691534385,-0.18951486697965692,0.0,0.09026607602157759,-0.026989516451459847
3.351,0.0,0.8401130830846562,-0.18951486697965692,0.0,0.29366897502319045,-0.20834425721293157
3.352,0.0,0.8401130830846562,-0.18951486697965692,0.0,0.3833362894573304,-0.3110332793073071
3.353,0.0,-0.15988691691534385,-0.18951486697965692,0.0,0.32657042882099274,-0.2972594539814496
3.354,0.0,0.8401130830846562,-0.18951486697965692,0.0,0.14673308784630024,-0.1725713747964633
3.355,0.0,-0.15988691691534385,-0.18951486697965692,0.0,-0.08628881574743766,0.01637031067758563
3.356,0.0,-0.15988691691534385,-0.18951486697965692,0.0,-0.28325265831481783,0.19913427278073698
3.357,0.0,-0.15988691691534385,0.8104851330203431,0.0,-0.36979520292979035,0.3075776188734389
3.358,0.0,-0.15988691691534385,0.8104851330203431,0.0,-0.3145792033106072,0.30107348573510295
3.359,0.0,-0.15988691691534385,-0.18951486697965692,0.0,-0.14067497331952705,0.18165345108561412
3.36,0.0,-0.15988691691534385,-0.18951486697965692,0.0,0.0839650058217888,-0.006540658806712692
3.361,0.0,-0.15988691691534385,-0.18951486697965692,0.0,0.2730371539853367,-0.19339668154262604
3.362,0.0,-0.15988691691534385,-0.18951486697965692,0.0,0.3550681836245577,-0.3087458254541958
3.363,0.0,-0.15988691691534385,-0.18951486697965692,0.0,0.3004792902260056,-0.3085700743315301
3.364,0.0,-0.15988691691534385,-0.18951486697965692,0.0,0.13227004917183174,-0.19178219284825498
3.365,0.0,-0.15988691691534385,-0.18951486697965692,0.0,-0.08354006215649552,-0.0011900160096470942
3.366,0.0,-0.15988691691534385,-0.18951486697965692,0.0,-0.2637778078878949,0.1919824464667314
3.367,0.0,-0.15988691691534385,-0.18951486697965692,0.0,-0.3401672845190418,0.3145222492314768
3.368,0.0,-0.15988691691534385,0.8104851330203431,0.0,-0.2852139844495105,0.3188862429680906
3.369,0.0,-0.15988691691534385,-0.18951486697965692,0.0,-0.12210178724567533,0.20168266546665867
3.37,0.0,-0.15988691691534385,-0.18951486697965692,0.0,0.08495729751362889,0.005773426667289789
3.371,0.0,0.8401130830846562,-0.18951486697965692,0.0,0.25594218034466765,-0.19518344055023296
3.372,0.0,0.8401130830846562,-0.18951486697965692,0.0,0.325922070126295,-0.32428235923614135
3.373,0.0,0.8401130830846562,-0.18951486697965692,0.0,0.26971057626017836,-0.3307740347831472
3.374,0.0,0.8401130830846562,-0.18951486697965692,0.0,0.11091330646577427,-0.21009290368307312
3.375,0.0,-0.15988691691534385,-0.18951486697965692,0.0,-0.08787305184953308,-0.006566664253876651
3.376,0.0,-0.15988691691534385,-0.18951486697965692,0.0,-0.24967491895545038,0.20267645474064155
3.377,0.0,-0.15988691691534385,0.8104851330203431,0.0,-0.31290758561458815,0.3368529706434921
3.378,0.0,-0.15988691691534385,0.8104851330203431,0.0,-0.25479213071093787,0.3427465793406805
3.379,0.0,-0.15988691691534385,-0.18951486697965692,0.0,-0.09952537994870027,0.21592194438788392
3.38,0.0,-0.15988691691534385,-0.18951486697965692,0.0,0.09171306767751301,0.0034211905539264873
3.381,0.0,0.8401130830846562,-0.18951486697965692,0.0,0.24481552838260384,-0.2135511481384681
3.382,0.0,-0.15988691691534385,-0.18951486697965692,0.0,0.3014191064989078,-0.35064745416388965
3.383,0.0,-0.15988691691534385,-0.18951486697965692,0.0,0.2411144775510031,-0.3532567303065156
3.384,0.0,-0.15988691691534385,-0.18951486697965692,0.0,0.08875033669302526,-0.21838402023549994
3.385,0.0,-0.15988691691534385,-0.18951486697965692,0.0,-0.09575984769661156,0.003296754862615782
3.386,0.0,-0.15988691691534385,-0.18951486697965692,0.0,-0.24096264794366135,0.22641965033087055
3.387,0.0,-0.15988691691534385,0.8104851330203431,0.0,-0.29149304814149474,0.36385876252032634
3.388,0.0,-0.15988691691534385,0.8104851330203431,0.0,-0.22913433276114212,0.3608845438385691
3.389,0.0,-0.15988691691534385,-0.18951486697965692,0.0,-0.07931343834103138,0.21709049777575215
3.39,0.0,-0.15988691691534385,-0.18951486697965692,0.0,0.09925645981969768,-0.012757809953290098
3.391,0.0,0.8401130830846562,-0.18951486697965692,0.0,0.23757141578573054,-0.23959382169077917
3.392,0.0,0.8401130830846562,-0.18951486697965692,0.0,0.2829660463463686,-0.37468484186700346
3.393,0.0,-0.15988691691534385,-0.18951486697965692,0.0,0.21910909254083624,-0.3645086476648013
3.394,0.0,-0.15988691691534385,-0.18951486697965692,0.0,0.07179138214209214,-0.21208728595100448
3.395,0.0,-0.15988691691534385,-0.18951486697965692,0.0,-0.10151050669721261,0.023786234899089494
3.396,0.0,-0.15988691691534385,-0.18951486697965692,0.0,-0.2340659903749059,0.251306347761085
3.397,0.0,-0.15988691691534385,0.8104851330203431,0.0,-0.27555855507282045,0.38155625353939304
3.398,0.0,-0.15988691691534385,0.8104851330203431,0.0,-0.21112370612633388,0.3634388342538178
3.399,0.0,-0.15988691691534385,-0.18951486697965692,0.0,-0.06657424592357147,0.20383332961544823
3.4,0.0,-0.15988691691534385,-0.18951486697965692,0.0,0.10198292263921757,-0.03502528389313434
3.401,0.0,-0.15988691691534385,-0.18951486697965692,0.0,0.22994793489078014,-0.25994536096010884
3.402,0.0,0.8401130830846562,-0.18951486697965692,0.0,0.26896619172873903,-0.3833353408773326
3.403,0.0,-0.15988691691534385,-0.18951486697965692,0.0,0.20513597680524126,-0.3574926830233716
3.404,0.0,-0.15988691691534385,-0.18951486697965692,0.0,0.06385306871583596,-0.19312428125206846
3.405,0.0,-0.15988691691534385,-0.18951486697965692,0.0,-0.10034960942403436,0.04512762549496466
3.406,0.0,-0.15988691691534385,0.8104851330203431,0.0,-0.224883015948395,0.26427013134484184
3.407,0.0,-0.15988691691534385,0.8104851330203431,0.0,-0.2629418844446428,0.37946014337916006
3.408,0.0,-0.15988691691534385,0.8104851330203431,0.0,-0.20102928476758494,0.3470068963132156
3.409,0.0,-0.15988691691534385,-0.18951486697965692,0.0,-0.06363108362541625,0.18097327224331983
3.41,0.0,-0.15988691691534385,-0.18951486697965692,0.0,0.09652898865328295,-0.052943549029523675
3.411,0.0,0.8401130830846562,-0.18951486697965692,0.0,0.21875355290480017,-0.2635778909783186
3.412,0.0,0.8401130830846562,-0.18951486697965692,0.0,0.2573545249444992,-0.37001394759876133
3.413,0.0,0.8401130830846562,-0.18951486697965692,0.0,0.19866139017789594,-0.33278318658013056
3.414,0.0,-0.15988691691534385,-0.18951486697965692,0.0,0.06575310327596705,-0.16846674155662178
3.415,0.0,-0.15988691691534385,-0.18951486697965692,0.0,-0.09067438630823269,0.057679989734512604
3.416,0.0,-0.15988691691534385,-0.18951486697965692,0.0,-0.21166986941456362,0.25779869918670645
3.417,0.0,-0.15988691691534385,0.8104851330203431,0.0,-0.2522147274153653,0.35571176189315523
3.418,0.0,-0.15988691691534385,0.8104851330203431,0.0,-0.19789963168724617,0.31597765114178494
3.419,0.0,-0.15988691691534385,-0.18951486697965692,0.0,-0.06994527817613284,0.15661664876151266
3.42,0.0,-0.15988691691534385,-0.18951486697965692,0.0,0.0831357438386612,-0.05900763379793102
3.421,0.0,-0.15988691691534385,-0.18951486697965692,0.0,0.20394147529942647,-0.24750541848363927
3.422,0.0,-0.15988691691534385,-0.18951486697965692,0.0,0.24766451479166585,-0.3378065934400703
3.423,0.0,-0.15988691691534385,-0.18951486697965692,0.0,0.19863612513882092,-0.2979502921976481
3.424,0.0,-0.15988691691534385,-0.18951486697965692,0.0,0.07585674292954243,-0.1462306172760591
3.425,0.0,-0.15988691691534385,-0.18951486697965692,0.0,-0.07439953758595745,0.057100896520757734
3.426,0.0,-0.15988691691534385,-0.18951486697965692,0.0,-0.1960151271772415,0.23383785823832937
3.427,0.0,-0.15988691691534385,0.8104851330203431,0.0,-0.24393420188041356,0.31792949320193914
3.428,0.0,-0.15988691691534385,-0.18951486697965692,0.0,-0.2007808702885707,0.28009656027444807
3.429,0.0,-0.15988691691534385,-0.18951486697965692,0.0,-0.0830955811609677,0.1378186030312892
3.43,0.0,-0.15988691691534385,-0.18951486697965692,0.0,0.06501831280385631,-0.05260528689329822
3.431,0.0,-0.15988691691534385,-0.18951486697965692,0.0,0.1883918290794298,-0.21835219269450004
3.432,0.0,0.8401130830846562,-0.18951486697965692,0.0,0.2412753422581032,-0.29788629612692274
3.433,0.0,0.8401130830846562,-0.18951486697965692,0.0,0.20423522298463287,-0.2636847646422898
3.434,0.0,-0.15988691691534385,-0.18951486697965692,0.0,0.0912538310119356,-0.13154900887168902
3.435,0.0,-0.15988691691534385,-0.18951486697965692,0.0,-0.0555415969680011,0.04653714781426355
3.436,0.0,-0.15988691691534385,-0.18951486697965692,0.0,-0.18153742743606227,0.20281710932071015
3.437,0.0,-0.15988691691534385,0.8104851330203431,0.0,-0.23988247584912128,0.27943952112280784
3.438,0.0,-0.15988691691534385,-0.18951486697965692,0.0,-0.20885220395543858,0.24972163583733736
3.439,0.0,-0.15988691691534385,-0.18951486697965692,0.0,-0.09991942913757385,0.12725961088872847
3.44,0.0,-0.15988691691534385,-0.18951486697965692,0.0,0.04645825343125667,-0.04013046013433299
3.441,0.0,-0.15988691691534385,-0.18951486697965692,0.0,0.1758014613632441,-0.18898529716844423
3.442,0.0,-0.15988691691534385,-0.18951486697965692,0.0,0.2398180168300516,-0.26410523038456296
3.443,0.0,-0.15988691691534385,-0.18951486697965692,0.0,0.2143929248168696,-0.23886350332883577
3.444,0.0,-0.15988691691534385,-0.18951486697965692,0.0,0.10867641090750593,-0.12452034983185292
3.445,0.0,-0.15988691691534385,-0.18951486697965692,0.0,-0.03815704432841502,0.0346529152450323
3.446,0.0,-0.15988691691534385,-0.18951486697965692,0.0,-0.17135654788382942,0.17837183830741327
3.447,0.0,-0.15988691691534385,0.8104851330203431,0.0,-0.24095382551551273,0.2529916414615645
3.448,0.0,-0.15988691691534385,0.8104851330203431,0.0,-0.22048956825631627,0.23138321831386258
3.449,0.0,-0.15988691691534385,-0.18951486697965692,0.0,-0.11709767282949948,0.12273720036599653
3.45,0.0,-0.15988691691534385,-0.18951486697965692,0.0,0.030908029778805357,-0.03121772342812969
3.451,0.0,0.8401130830846562,-0.18951486697965692,0.0,0.16816641239006277,-0.17206945154332937
3.452,0.0,0.8401130830846562,-0.18951486697965692,0.0,0.2429400858558194,-0.246699456574506
3.453,0.0,0.8401130830846562,-0.18951486697965692,0.0,0.22662469768822302,-0.22719424099238703
3.454,0.0,-0.15988691691534385,-0.18951486697965692,0.0,0.12473657368750805,-0.1212801257464003
3.455,0.0,-0.15988691691534385,-0.18951486697965692,0.0,-0.0248632927180853,0.030618049545570944
3.456,0.0,-0.15988691691534385,-0.18951486697965692,0.0,-0.16598558392067717,0.17062467453935445
3.457,0.0,-0.15988691691534385,0.8104851330203431,0.0,-0.2452076647201992,0.24529431466900278
3.458,0.0,-0.15988691691534385,-0.18951486697965692,0.0,-0.23213432599797465,0.2259245659325726
3.459,0.0,-0.15988691691534385,-0.18951486697965692,0.0,-0.13112421159568802,0.11961447837774761
3.46,0.0,-0.15988691691534385,-0.18951486697965692,0.0,0.020072146832942842,-0.03320753632244507
3.461,0.0,-0.15988691691534385,-0.18951486697965692,0.0,0.16438871987768444,-0.17398990271642675
3.462,0.0,-0.15988691691534385,-0.18951486697965692,0.0,0.2470049657483872,-0.2483509759559813
3.463,0.0,-0.15988691691534385,-0.18951486697965692,0.0,0.2362385416517677,-0.22702572428190573
3.464,0.0,-0.15988691691534385,-0.18951486697965692,0.0,0.1357782381674852,-0.11741466528095867
3.465,0.0,-0.15988691691534385,-0.18951486697965692,0.0,-0.01650405638941799,0.03884363114831087
3.466,0.0,-0.15988691691534385,-0.18951486697965692,0.0,-0.1628233703049209,0.18155514812041312
3.467,0.0,-0.15988691691534385,0.8104851330203431,0.0,-0.24746526401022825,0.2550584753657555
3.468,0.0,-0.15988691691534385,0.8104851330203431,0.0,-0.23809916068025197,0.2298971190072717
3.469,0.0,-0.15988691691534385,-0.18951486697965692,0.0,-0.13822671949111423,0.11464155264799138
3.47,0.0,-0.15988691691534385,-0.18951486697965692,0.0,0.014072255206749701,-0.046901389026898783
3.471,0.0,0.8401130830846562,-0.18951486697965692,0.0,0.1606773548059134,-0.19225210478325325
3.472,0.0,0.8401130830846562,-0.18951486697965692,0.0,0.24569637164781585,-0.26436709529357294
3.473,0.0,0.8401130830846562,-0.18951486697965692,0.0,0.236899519501761,-0.23400417748798735
3.474,0.0,0.8401130830846562,-0.18951486697965692,0.0,0.13804724804465832,-0.11157055490691915
3.475,0.0,-0.15988691691534385,-0.18951486697965692,0.0,-0.012652422644964835,0.05635541080107642
3.476,0.0,-0.15988691691534385,-0.18951486697965692,0.0,-0.1573510764682936,0.20471326575412715
3.477,0.0,-0.15988691691534385,0.8104851330203431,0.0,-0.2408817718293113,0.27515283653324324
3.478,0.0,-0.15988691691534385,-0.18951486697965692,0.0,-0.23193779932125952,0.23897049983687227
3.479,0.0,-0.15988691691534385,-0.18951486697965692,0.0,-0.13491785789648242,0.10876484304656892
3.48,0.0,-0.15988691691534385,-0.18951486697965692,0.0,0.01209334879231064,-0.06591803601643996
3.481,0.0,-0.15988691691534385,-0.18951486697965692,0.0,0.15232593635851432,-0.21746182744492182
3.482,0.0,-0.15988691691534385,-0.18951486697965692,0.0,0.23238131170139256,-0.28637381124423816
3.483,0.0,-0.15988691691534385,-0.18951486697965692,0.0,0.222722711302795,-0.244629050715414
3.484,0.0,-0.15988691691534385,-0.18951486697965692,0.0,0.12867298489359189,-0.10699651405502837
3.485,0.0,-0.15988691691534385,-0.18951486697965692,0.0,-0.012219647954235658,0.0742141909955437
3.486,0.0,-0.15988691691534385,-0.18951486697965692,0.0,-0.1452221176538664,0.2291048702896473
3.487,0.0,-0.15988691691534385,0.8104851330203431,0.0,-0.2198201090551145,0.29719571698667674
3.488,0.0,-0.15988691691534385,-0.18951486697965692,0.0,-0.20905931446613787,0.25102469373531205
3.489,0.0,-0.15988691691534385,-0.18951486697965692,0.0,-0.11935538985241759,0.10712664547115032
3.49,0.0,-0.15988691691534385,-0.18951486697965692,0.0,0.01282950323860266,-0.07996845275128266
3.491,0.0,-0.15988691691534385,-0.18951486697965692,0.0,0.1358417500243095,-0.23850315840939398
3.492,0.0,0.8401130830846562,-0.18951486697965692,0.0,0.20315619641911933,-0.307069720649142
3.493,0.0,-0.15988691691534385,-0.18951486697965692,0.0,0.1911132986104604,-0.2583688272799834
3.494,0.0,-0.15988691691534385,-0.18951486697965692,0.0,0.1072541158078949,-0.10996171256281058
3.495,0.0,-0.15988691691534385,-0.18951486697965692,0.0,-0.013692442884128762,0.08217855128774329
3.496,0.0,-0.15988691691534385,0.8104851330203431,0.0,-0.12419615342713515,0.24489556588495692
3.497,0.0,-0.15988691691534385,0.8104851330203431,0.0,-0.1827201357332805,0.3157545997449295
3.498,0.0,-0.15988691691534385,0.8104851330203431,0.0,-0.16944412916533558,0.26695517916561473
3.499,0.0,-0.15988691691534385,-0.18951486697965692,0.0,-0.09291942570718842,0.11610788270574625
3.5,0.0,-0.15988691691534385,-0.18951486697965692,0.0,0.01455275855931923,-0.08025180647725241
3.501,0.0,-0.15988691691534385,-0.18951486697965692,0.0,0.11051790353093269,-0.24796376268074044
3.502,0.0,-0.15988691691534385,-0.18951486697965692,0.0,0.15922287562087084,-0.3232844234542208
3.503,0.0,0.8401130830846562,-0.18951486697965692,0.0,0.145000715250365,-0.27705260628483597
3.504,0.0,-0.15988691691534385,-0.18951486697965692,0.0,0.07714821901709915,-0.12584559640043264
3.505,0.0,-0.15988691691534385,-0.18951486697965692,0.0,-0.01514318212721551,0.07408647615798963
3.506,0.0,-0.15988691691534385,-0.18951486697965692,0.0,-0.09525949079933373,0.24783211701746258
3.507,0.0,-0.15988691691534385,0.8104851330203431,0.0,-0.13373104239610611,0.32989186414245064
3.508,0.0,-0.15988691691534385,-0.18951486697965692,0.0,-0.11907729066597858,0.28879491198109514
3.509,0.0,-0.15988691691534385,-0.18951486697965692,0.0,-0.0609373201965287,0.13904442753310223
3.51,0.0,-0.15988691691534385,-0.18951486697965692,0.0,0.015210998812960522,-0.06408783262539025
3.511,0.0,-0.15988691691534385,-0.18951486697965692,0.0,0.0790802934623944,-0.24500732827871308
3.512,0.0,0.8401130830846562,-0.18951486697965692,0.0,0.10761134942799175,-0.3359040100066272
3.513,0.0,-0.15988691691534385,-0.18951486697965692,0.0,0.09323149443909882,-0.30208854238701166
3.514,0.0,-0.15988691691534385,-0.18951486697965692,0.0,0.04540669662411494,-0.15513280170491234
3.515,0.0,-0.15988691691534385,-0.18951486697965692,0.0,-0.014555378740945252,0.05111783107311156
3.516,0.0,-0.15988691691534385,-0.18951486697965692,0.0,-0.06282268789400205,0.24027066113227488
3.517,0.0,-0.15988691691534385,0.8104851330203431,0.0,-0.08244775330260355,0.34163126445713976
3.518,0.0,-0.15988691691534385,0.8104851330203431,0.0,-0.0691707171892241,0.3165563883978558
3.519,0.0,-0.15988691691534385,-0.18951486697965692,0.0,-0.031699379111449405,0.17312949703006095
3.52,0.0,-0.15988691691534385,-0.18951486697965692,0.0,0.013071080312783067,-0.03638619817855479
3.521,0.0,-0.15988691691534385,-0.18951486697965692,0.0,0.04747685600307667,-0.23454162339858575
3.522,0.0,-0.15988691691534385,-0.18951486697965692,0.0,0.05993642701152326,-0.3472700579735844
3.523,0.0,-0.15988691691534385,-0.18951486697965692,0.0,0.04861622322687264,-0.33153019918116744
3.524,0.0,-0.15988691691534385,-0.18951486697965692,0.0,0.020868873867085483,-0.1917350470560827
3.525,0.0,-0.15988691691534385,-0.18951486697965692,0.0,-0.010790638695215888,0.021298418044657253
3.526,0.0,-0.15988691691534385,-0.18951486697965692,0.0,-0.03413281656965575,0.22873475522892234
3.527,0.0,-0.15988691691534385,0.8104851330203431,0.0,-0.041764725637764136,0.3528367527975686
3.528,0.0,-0.15988691691534385,0.8104851330203431,0.0,-0.03315705164703935,0.3460962054871208
3.529,0.0,-0.15988691691534385,-0.18951486697965692,0.0,-0.013767509601089559,0.20947247762373078
3.53,0.0,-0.15988691691534385,-0.18951486697965692,0.0,0.007915452529561124,-0.007281418400095321
3.531,0.0,-0.15988691691534385,-0.18951486697965692,0.0,0.023917974268324656,-0.22363063371012168
3.532,0.0,-0.15988691691534385,-0.18951486697965692,0.0,0.029481289717719027,-0.358143951297821
3.533,0.0,-0.15988691691534385,-0.18951486697965692,0.0,0.024107048615575437,-0.3591897177653323
3.534,0.0,-0.15988691691534385,-0.18951486697965692,0.0,0.010949992597089737,-0.22485949883432932
3.535,0.0,-0.15988691691534385,-0.18951486697965692,0.0,-0.004826347626343959,-0.004389885775189841
3.536,0.0,-0.15988691691534385,-0.18951486697965692,0.0,-0.01791943530321655,0.2197785360779761
3.537,0.0,-0.15988691691534385,0.8104851330203431,0.0,-0.02436541270645655,0.36282253756406174
3.538,0.0,-0.15988691691534385,0.8104851330203431,0.0,-0.022378510315845198,0.3697261282961422
3.539,0.0,-0.15988691691534385,-0.18951486697965692,0.0,-0.012605252814631537,0.23658940930733294
3.54,0.0,-0.15988691691534385,-0.18951486697965692,0.0,0.002066409375734002,0.012742862958005214
3.541,0.0,-0.15988691691534385,-0.18951486697965692,0.0,0.0170925768799553,-0.2174421974205493
3.542,0.0,-0.15988691691534385,-0.18951486697965692,0.0,0.02730481159165546,-0.3663845586859919
3.543,0.0,-0.15988691691534385,-0.18951486697965692,0.0,0.028384845017944745,-0.3767492653547407
3.544,0.0,-0.15988691691534385,-0.18951486697965692,0.0,0.018526565792119788,-0.24369627449669262
3.545,0.0,-0.15988691691534385,-0.18951486697965692,0.0,-0.0002929173268010734,-0.017215698027071444
3.546,0.0,-0.15988691691534385,-0.18951486697965692,0.0,-0.022160625850612195,0.21659281427485663
3.547,0.0,-0.15988691691534385,0.8104851330203431,0.0,-0.0386918388371955,0.3683148818347595
3.548,0.0,-0.15988691691534385,0.8104851330203431,0.0,-0.041982496061961805,0.37957449312788033
3.549,0.0,-0.15988691691534385,-0.18951486697965692,0.0,-0.028125326578731364,0.24568168180353805
3.55,0.0,-0.15988691691534385,-0.18951486697965692,0.0,0.00020048641431311912,0.017711727644216635
3.551,0.0,-0.15988691691534385,-0.18951486697965692,0.0,0.0335137199228868,-0.21694608537014676
3.552,0.0,0.8401130830846562,-0.18951486697965692,0.0,0.058348660293003236,-0.36817463204448214
3.553,0.0,-0.15988691691534385,-0.18951486697965692,0.0,0.06245926759357942,-0.3779039365138803
3.554,0.0,-0.15988691691534385,-0.18951486697965692,0.0,0.04048835920604892,-0.2425853259153734
3.555,0.0,-0.15988691691534385,-0.18951486697965692,0.0,-0.0024231321324172596,-0.014594606678974808
3.556,0.0,-0.15988691691534385,-0.18951486697965692,0.0,-0.05111928283983873,0.21803378130822545
3.557,0.0,-0.15988691691534385,0.8104851330203431,0.0,-0.08549160309946388,0.36569750763971504
3.558,0.0,-0.15988691691534385,0.8104851330203431,0.0,-0.088572371138825,0.37189478671285386
3.559,0.0,-0.15988691691534385,-0.18951486697965692,0.0,-0.05447302791850603,0.23498914903433682
3.56,0.0,-0.15988691691534385,-0.18951486697965692,0.0,0.007427907389546866,0.008627151590599472
3.561,0.0,-0.15988691691534385,-0.18951486697965692,0.0,0.0744576582270602,-0.21929599081856396
3.562,0.0,-0.15988691691534385,-0.18951486697965692,0.0,0.11874335797373756,-0.360861444302739
3.563,0.0,-0.15988691691534385,-0.18951486697965692,0.0,0.11863521547884519,-0.3621682902882323
3.564,0.0,-0.15988691691534385,-0.18951486697965692,0.0,0.06882945460963412,-0.2239537004567041
3.565,0.0,-0.15988691691534385,-0.18951486697965692,0.0,-0.015416029565241691,-0.0008637938338213328
3.566,0.0,-0.15988691691534385,-0.18951486697965692,0.0,-0.10249704166460759,0.22017832731402942
3.567,0.0,-0.15988691691534385,0.8104851330203431,0.0,-0.15619872799556625,0.35392245528167565
3.568,0.0,-0.15988691691534385,0.8104851330203431,0.0,-0.150647490010457,0.3497557271603347
3.569,0.0,-0.15988691691534385,-0.18951486697965692,0.0,-0.08233552727527357,0.21089452646668314
3.57,0.0,-0.15988691691534385,-0.18951486697965692,0.0,0.02624827998139561,-0.007487971579456953
3.571,0.0,-0.15988691691534385,-0.18951486697965692,0.0,0.13371934394300994,-0.22021909025886047
3.572,0.0,0.8401130830846562,-0.18951486697965692,0.0,0.19554510431107697,-0.3454040179828715
3.573,0.0,0.8401130830846562,-0.18951486697965692,0.0,0.18245878233893056,-0.3359870952111884
3.574,0.0,-0.15988691691534385,-0.18951486697965692,0.0,0.09392860237467004,-0.19741446640824684
3.575,0.0,-0.15988691691534385,-0.18951486697965692,0.0,-0.03940954565760308,0.015218574822578886
3.576,0.0,-0.15988691691534385,-0.18951486697965692,0.0,-0.16620365489125832,0.21911433829656296
3.577,0.0,-0.15988691691534385,0.8104851330203431,0.0,-0.23423307249815425,0.33604295737871126
3.578,0.0,-0.15988691691534385,0.8104851330203431,0.0,-0.21195220230880543,0.3223368757380378
3.579,0.0,-0.15988691691534385,-0.18951486697965692,0.0,-0.10281809728685778,0.18511358619037896
3.58,0.0,-0.15988691691534385,-0.18951486697965692,0.0,0.05402278084906723,-0.021260609592273584
3.581,0.0,-0.15988691691534385,-0.18951486697965692,0.0,0.19776689227329697,-0.21675338533820498
3.582,0.0,-0.15988691691534385,-0.18951486697965692,0.0,0.26968608654972465,-0.3267000938705083
3.583,0.0,-0.15988691691534385,-0.18951486697965692,0.0,0.2372316553582484,-0.3102478047192431
3.584,0.0,-0.15988691691534385,-0.18951486697965692,0.0,0.1085654892724166,-0.17540132133248268
3.585,0.0,-0.15988691691534385,-0.18951486697965692,0.0,-0.06891596123030785,0.024809006542191748
3.586,0.0,-0.15988691691534385,-0.18951486697965692,0.0,-0.2261529137344557,0.2132225116748827
3.587,0.0,-0.15988691691534385,0.8104851330203431,0.0,-0.29953183826772317,0.3182497481858082
3.588,0.0,-0.15988691691534385,0.8104851330203431,0.0,-0.2567949023650049,0.3009569995444843
3.589,0.0,-0.15988691691534385,-0.18951486697965692,0.0,-0.11112226443103033,0.16933485991721808
3.59,0.0,-0.15988691691534385,-0.18951486697965692,0.0,0.08273774996015291,-0.025403795868659977
3.591,0.0,0.8401130830846562,-0.18951486697965692,0.0,0.24925308649739997,-0.20877977641468845
3.592,0.0,0.8401130830846562,-0.18951486697965692,0.0,0.32183280631572153,-0.31146557684824566
3.593,0.0,0.8401130830846562,-0.18951486697965692,0.0,0.2696746823889859,-0.2953485610054311
3.594,0.0,-0.15988691691534385,-0.18951486697965692,0.0,0.1108215539607488,-0.16750398941823222
3.595,0.0,-0.15988691691534385,-0.18951486697965692,0.0,-0.09410980302325889,0.022967525921812327
3.596,0.0,-0.15988691691534385,-0.18951486697965692,0.0,-0.26533444534499545,0.2038079192097696
3.597,0.0,-0.15988691691534385,0.8104851330203431,0.0,-0.3352904970403226,0.30692062991522273
3.598,0.0,-0.15988691691534385,-0.18951486697965692,0.0,-0.2755321590024896,0.29385293139841534
3.599,0.0,-0.15988691691534385,-0.18951486697965692,0.0,-0.10832487542501781,0.16997614126443203
3.6,0.0,-0.15988691691534385,-0.18951486697965692,0.0,0.10179717395076666,-0.017795463815800033
3.601,0.0,-0.15988691691534385,-0.18951486697965692,0.0,0.27324743348507063,-0.19875487675860104
3.602,0.0,0.8401130830846562,-0.18951486697965692,0.0,0.3393979064194209,-0.3049169707604433
3.603,0.0,-0.15988691691534385,-0.18951486697965692,0.0,0.27469080166233867,-0.29640645063358445
3.604,0.0,-0.15988691691534385,-0.18951486697965692,0.0,0.10453083888456732,-0.1763071462927799
3.605,0.0,-0.15988691691534385,-0.18951486697965692,0.0,-0.10487423991204735,0.010502583598391277
3.606,0.0,-0.15988691691534385,-0.18951486697965692,0.0,-0.27258479527233026,0.1940721544840502
3.607,0.0,-0.15988691691534385,0.8104851330203431,0.0,-0.3345181942722885,0.3054551699415048
3.608,0.0,-0.15988691691534385,0.8104851330203431,0.0,-0.2681043294603377,0.30247578511539525
3.609,0.0,-0.15988691691534385,-0.18951486697965692,0.0,-0.100457208492039,0.18561444367364746
3.61,0.0,-0.15988691691534385,-0.18951486697965692,0.0,0.10286272000630228,-0.0019363080691222568
3.611,0.0,-0.15988691691534385,-0.18951486697965692,0.0,0.2637669306718662,-0.19016026041781126
3.612,0.0,0.8401130830846562,-0.18951486697965692,0.0,0.32187443060904336,-0.3082473821115977
3.613,0.0,0.8401130830846562,-0.18951486697965692,0.0,0.25725908312275825,-0.3111425690127778
3.614,0.0,-0.15988691691534385,-0.18951486697965692,0.0,0.09711079200766504,-0.19670139802857087
3.615,0.0,-0.15988691691534385,-0.18951486697965692,0.0,-0.0958209685110446,-0.006932548255680748
3.616,0.0,-0.15988691691534385,-0.18951486697965692,0.0,-0.24803673966096643,0.18732799437406802
3.617,0.0,-0.15988691691534385,0.8104851330203431,0.0,-0.30344496355160544,0.31277068055170815
3.618,0.0,-0.15988691691534385,-0.18951486697965692,0.0,-0.2440184859589335,0.3212351237392631
3.619,0.0,-0.15988691691534385,-0.18951486697965692,0.0,-0.09536092310892604,0.20821507837667405
3.62,0.0,-0.15988691691534385,-0.18951486697965692,0.0,0.08436953821748078,0.015126505097880575
3.621,0.0,0.8401130830846562,-0.18951486697965692,0.0,0.22735783148174118,-0.1857691639734214
3.622,0.0,0.8401130830846562,-0.18951486697965692,0.0,0.2817703691866158,-0.3183510450773117
3.623,0.0,-0.15988691691534385,-0.18951486697965692,0.0,0.23042427249763345,-0.33148777991671935
3.624,0.0,-0.15988691691534385,-0.18951486697965692,0.0,0.09583169278568622,-0.21881615627317674
3.625,0.0,-0.15988691691534385,-0.18951486697965692,0.0,-0.06964625120340885,-0.021771855341586665
3.626,0.0,-0.15988691691534385,-0.18951486697965692,0.0,-0.20422253793110245,0.1855569298746222
3.627,0.0,-0.15988691691534385,0.8104851330203431,0.0,-0.25968959139981834,0.3242639019319882
3.628,0.0,-0.15988691691534385,0.8104851330203431,0.0,-0.21847499941640522,0.34070503022235205
3.629,0.0,-0.15988691691534385,0.8104851330203431,0.0,-0.09882569536488187,0.22733890957123817
3.63,0.0,0.8401130830846562,-0.18951486697965692,0.0,0.05319352221530073,0.02619070262925821
3.631,0.0,-0.15988691691534385,-0.18951486697965692,0.0,0.1813886776052295,-0.18665308659219274
3.632,0.0,0.8401130830846562,-0.18951486697965692,0.0,0.24003310010025486,-0.3298350929747221
3.633,0.0,-0.15988691691534385,-0.18951486697965692,0.0,0.20990615085734074,-0.34790790904122915
3.634,0.0,0.8401130830846562,-0.18951486697965692,0.0,0.10428820433731385,-0.23292164626359943
3.635,0.0,-0.15988691691534385,-0.18951486697965692,0.0,-0.036790074411983585,-0.02796560666258444
3.636,0.0,-0.15988691691534385,-0.18951486697965692,0.0,-0.16157460089014364,0.18892763415609717
3.637,0.0,-0.15988691691534385,0.8104851330203431,0.0,-0.2253080987792667,0.33452685820766187
3.638,0.0,-0.15988691691534385,0.8104851330203431,0.0,-0.20599723400290024,0.3524434921388658
3.639,0.0,-0.15988691691534385,-0.18951486697965692,0.0,-0.11181586082749392,0.23509273527927088
3.64,0.0,-0.15988691691534385,-0.18951486697965692,0.0,0.02224708936629178,0.0269717386141047
3.641,0.0,-0.15988691691534385,-0.18951486697965692,0.0,0.14714903714871763,-0.19218323641562618
3.642,0.0,-0.15988691691534385,-0.18951486697965692,0.0,0.21741374010898648,-0.33799662975580513
3.643,0.0,-0.15988691691534385,-0.18951486697965692,0.0,0.20742925735297144,-0.3540445863878492
3.644,0.0,-0.15988691691534385,-0.18951486697965692,0.0,0.12070871368565061,-0.2338040475152557
3.645,0.0,-0.15988691691534385,-0.18951486697965692,0.0,-0.011194077500476258,-0.023375557002897885
3.646,0.0,-0.15988691691534385,-0.18951486697965692,0.0,-0.13985447563076017,0.19617958712786332
3.647,0.0,-0.15988691691534385,0.8104851330203431,0.0,-0.21742226059096909,0.34012151483386566
3.648,0.0,-0.15988691691534385,0.8104851330203431,0.0,-0.21421091030619527,0.35283448691751507
3.649,0.0,-0.15988691691534385,-0.18951486697965692,0.0,-0.13005939058375812,0.22941095615271406
3.65,0.0,-0.15988691691534385,-0.18951486697965692,0.0,0.00488156896293397,0.017602816740492654
3.651,0.0,-0.15988691691534385,-0.18951486697965692,0.0,0.14059973101703815,-0.20065407524957626
3.652,0.0,0.8401130830846562,-0.18951486697965692,0.0,0.22545492334530534,-0.34098735035956457
3.653,0.0,0.8401130830846562,-0.18951486697965692,0.0,0.2256840630270649,-0.34927984908877135
3.654,0.0,0.8401130830846562,-0.18951486697965692,0.0,0.13886886085900063,-0.22260505087101046
3.655,0.0,-0.15988691691534385,-0.18951486697965692,0.0,-0.004025843987960566,-0.01028180120480326
3.656,0.0,-0.15988691691534385,-0.18951486697965692,0.0,-0.149349245935842,0.2053370471638977
3.657,0.0,-0.15988691691534385,0.8104851330203431,0.0,-0.2406704050818521,0.34084707759688065
3.658,0.0,-0.15988691691534385,0.8104851330203431,0.0,-0.24060972748251158,0.3441019798669136
3.659,0.0,-0.15988691691534385,-0.18951486697965692,0.0,-0.14617513552750372,0.21431142287309257
3.66,0.0,-0.15988691691534385,-0.18951486697965692,0.0,0.008715624003453906,0.0021697434826985994
3.661,0.0,-0.15988691691534385,-0.18951486697965692,0.0,0.16512459797708506,-0.20996192098339408
3.662,0.0,-0.15988691691534385,-0.18951486697965692,0.0,0.2613691866703605,-0.34005791069128427
3.663,0.0,-0.15988691691534385,-0.18951486697965692,0.0,0.2573255241203277,-0.3381621206525771
3.664,0.0,-0.15988691691534385,-0.18951486697965692,0.0,0.1511796640644916,-0.20556605867637223
3.665,0.0,-0.15988691691534385,-0.18951486697965692,0.0,-0.0183926995000699,0.005928635758355699
3.666,0.0,-0.15988691691534385,-0.18951486697965692,0.0,-0.18611925382340697,0.21427195874296087
3.667,0.0,-0.15988691691534385,0.8104851330203431,0.0,-0.285202491483114,0.3390095950079807
3.668,0.0,-0.15988691691534385,-0.18951486697965692,0.0,-0.2739563111422559,0.33233886100194626
3.669,0.0,-0.15988691691534385,-0.18951486697965692,0.0,-0.15335629477488602,0.19739016235261034
3.67,0.0,-0.15988691691534385,-0.18951486697965692,0.0,0.03190901285153049,-0.013241660082290082
3.671,0.0,0.8401130830846562,-0.18951486697965692,0.0,0.2099128646752562,-0.21802630851289206
3.672,0.0,0.8401130830846562,-0.18951486697965692,0.0,0.30946045401800215,-0.33805657118612936
3.673,0.0,0.8401130830846562,-0.18951486697965692,0.0,0.28865226598523414,-0.3274154476489448
3.674,0.0,-0.15988691691534385,-0.18951486697965692,0.0,0.15252945607594623,-0.19067710821742384
3.675,0.0,-0.15988691691534385,-0.18951486697965692,0.0,-0.047653066038467216,0.01910250862600246
3.676,0.0,-0.15988691691534385,-0.18951486697965692,0.0,-0.2337584075563787,0.22100783788993464
3.677,0.0,-0.15988691691534385,0.8104851330203431,0.0,-0.33140348064406083,0.3374651036912894
3.678,0.0,-0.15988691691534385,0.8104851330203431,0.0,-0.2998244631814496,0.3239916822589548
3.679,0.0,-0.15988691691534385,-0.18951486697965692,0.0,-0.14891151074594983,0.18610456416787513
3.68,0.0,-0.15988691691534385,-0.18951486697965692,0.0,0.06372999327879049,-0.023006201584865788
3.681,0.0,-0.15988691691534385,-0.18951486697965692,0.0,0.25490607855727837,-0.2230343516581813
3.682,0.0,0.8401130830846562,-0.18951486697965692,0.0,0.348594762806149,-0.33738282886464466
3.683,0.0,-0.15988691691534385,-0.18951486697965692,0.0,0.3063475870772286,-0.32243000757106555
3.684,0.0,-0.15988691691534385,-0.18951486697965692,0.0,0.1430937033306629,-0.18407975366461393
3.685,0.0,-0.15988691691534385,-0.18951486697965692,0.0,-0.07817333166072844,0.024647716326314698
3.686,0.0,-0.15988691691534385,-0.18951486697965692,0.0,-0.2709233421184159,0.22397327142413326
3.687,0.0,-0.15988691691534385,0.8104851330203431,0.0,-0.35919154187515695,0.3378334730185492
3.688,0.0,-0.15988691691534385,0.8104851330203431,0.0,-0.3077030598201981,0.3228392333431013
3.689,0.0,-0.15988691691534385,-0.18951486697965692,0.0,-0.13599030899376827,0.18472063725258187
3.69,0.0,-0.15988691691534385,-0.18951486697965692,0.0,0.08916318910674212,-0.023939354479372277
3.691,0.0,0.8401130830846562,-0.18951486697965692,0.0,0.2799715210235092,-0.2237581414640165
3.692,0.0,0.8401130830846562,-0.18951486697965692,0.0,0.36215811817587723,-0.33873460297024643
3.693,0.0,0.8401130830846562,-0.18951486697965692,0.0,0.3040431970942532,-0.3250932374375572
3.694,0.0,-0.15988691691534385,-0.18951486697965692,0.0,0.128740963301313,-0.18787081410334422
3.695,0.0,-0.15988691691534385,-0.18951486697965692,0.0,-0.09522545451288247,0.021007515105875774
3.696,0.0,-0.15988691691534385,-0.18951486697965692,0.0,-0.28100556206429006,0.22240385223574088
3.697,0.0,-0.15988691691534385,0.8104851330203431,0.0,-0.3573740246042023,0.3399321154907953
3.698,0.0,-0.15988691691534385,0.8104851330203431,0.0,-0.29616713118769994,0.3288769080245256
3.699,0.0,-0.15988691691534385,-0.18951486697965692,0.0,-0.12258113392320724,0.193141886266901
3.7,0.0,-0.15988691691534385,-0.18951486697965692,0.0,0.09538976449662653,-0.016170768770839
3.701,0.0,-0.15988691691534385,-0.18951486697965692,0.0,0.27387416625487787,-0.22001663735591517
3.702,0.0,0.8401130830846562,-0.18951486697965692,0.0,0.34562479516475564,-0.34124249553797104
3.703,0.0,-0.15988691691534385,-0.18951486697965692,0.0,0.28541084067647854,-0.3337483419290194
3.704,0.0,-0.15988691691534385,-0.18951486697965692,0.0,0.11869473151419563,-0.19997439697378347
3.705,0.0,-0.15988691691534385,-0.18951486697965692,0.0,-0.08928957087523653,0.009902477338480752
3.706,0.0,-0.15988691691534385,-0.18951486697965692,0.0,-0.25931077113671813,0.21679496857439476
3.707,0.0,-0.15988691691534385,0.8104851330203431,0.0,-0.3284783805538902,0.34249312052715664
3.708,0.0,-0.15988691691534385,0.8104851330203431,0.0,-0.2734651275457026,0.3392052883844389
3.709,0.0,-0.15988691691534385,-0.18951486697965692,0.0,-0.1180654658547255,0.2077074764095542
3.71,0.0,-0.15988691691534385,-0.18951486697965692,0.0,0.07719497945845702,-0.0027821340235257195
3.711,0.0,0.8401130830846562,-0.18951486697965692,0.0,0.23882001183815213,-0.21301852400682844
3.712,0.0,0.8401130830846562,-0.18951486697965692,0.0,0.30806530311579927,-0.3435521261556616
3.713,0.0,0.8401130830846562,-0.18951486697965692,0.0,0.26214518936556663,-0.3447450151618315
3.714,0.0,0.8401130830846562,-0.18951486697965692,0.0,0.12134437992258902,-0.21564793958669146
3.715,0.0,-0.15988691691534385,-0.18951486697965692,0.0,-0.05997703593412112,-0.004559875589209137
3.716,0.0,-0.15988691691534385,-0.18951486697965692,0.0,-0.2144773100454412,0.20902430268360583
3.717,0.0,-0.15988691691534385,0.8104851330203431,0.0,-0.2867930126058086,0.3443422630092482
3.718,0.0,-0.15988691691534385,0.8104851330203431,0.0,-0.25314215649981775,0.349909767406165
3.719,0.0,-0.15988691691534385,-0.18951486697965692,0.0,-0.12874985869720826,0.22313146134492917
3.72,0.0,-0.15988691691534385,-0.18951486697965692,0.0,0.03900980000512726,0.011499224894059827
3.721,0.0,-0.15988691691534385,-0.18951486697965692,0.0,0.1886694260516072,-0.20517137547131514
3.722,0.0,-0.15988691691534385,-0.18951486697965692,0.0,0.26703292509553916,-0.3448371309057518
3.723,0.0,-0.15988691691534385,-0.18951486697965692,0.0,0.24778962684274883,-0.3543140767386797
3.724,0.0,-0.15988691691534385,-0.18951486697965692,0.0,0.14001333918904985,-0.22957110461313157
3.725,0.0,-0.15988691691534385,-0.18951486697965692,0.0,-0.0160229941299599,-0.01747158758179882
3.726,0.0,-0.15988691691534385,-0.18951486697965692,0.0,-0.16380991770390166,0.20179823663081495
3.727,0.0,-0.15988691691534385,0.8104851330203431,0.0,-0.2508212767266794,0.3450423563355964
3.728,0.0,-0.15988691691534385,0.8104851330203431,0.0,-0.24687642150090958,0.3576544870985625
3.729,0.0,-0.15988691691534385,-0.18951486697965692,0.0,-0.15437919402693526,0.23449132561609778
3.73,0.0,-0.15988691691534385,-0.18951486697965692,0.0,-0.007077400983840837,0.02201925845412016
3.731,0.0,-0.15988691691534385,-0.18951486697965692,0.0,0.14206487681120478,-0.19917874286708187
3.732,0.0,0.8401130830846562,-0.18951486697965692,0.0,0.23961196985419939,-0.34496782081867083
3.733,0.0,0.8401130830846562,-0.18951486697965692,0.0,0.25053072341934396,-0.35970592974815496
3.734,0.0,-0.15988691691534385,-0.18951486697965692,0.0,0.17066128613009868,-0.23754808302402117
3.735,0.0,-0.15988691691534385,-0.18951486697965692,0.0,0.02840084850961308,-0.024826793784237362
3.736,0.0,-0.15988691691534385,-0.18951486697965692,0.0,-0.12512114228923352,0.19748374148244666
3.737,0.0,-0.15988691691534385,0.8104851330203431,0.0,-0.23411160488217475,0.3445992282603956
3.738,0.0,-0.15988691691534385,-0.18951486697965692,0.0,-0.2581912712499607,0.3603113071327636
3.739,0.0,-0.15988691691534385,-0.18951486697965692,0.0,-0.1873521355978334,0.23853742603888492
3.74,0.0,-0.15988691691534385,-0.18951486697965692,0.0,-0.046256360571869645,0.02574288204293852
3.741,0.0,-0.15988691691534385,-0.18951486697965692,0.0,0.1140221366938223,-0.19675538537652457
3.742,0.0,-0.15988691691534385,-0.18951486697965692,0.0,0.23421514724526282,-0.34387766015047133
3.743,0.0,-0.15988691691534385,-0.18951486697965692,0.0,0.26866967484788673,-0.35937143283917883
3.744,0.0,-0.15988691691534385,-0.18951486697965692,0.0,0.20277425415478825,-0.23739571379223445
3.745,0.0,-0.15988691691534385,-0.18951486697965692,0.0,0.05931099788733515,-0.024786729455564867
3.746,0.0,-0.15988691691534385,-0.18951486697965692,0.0,-0.10908674003871976,0.19689971314716984
3.747,0.0,-0.15988691691534385,0.8104851330203431,0.0,-0.2390469322549861,0.34269420839379644
3.748,0.0,-0.15988691691534385,0.8104851330203431,0.0,-0.28029580673686744,0.3568412843407097
3.749,0.0,-0.15988691691534385,0.8104851330203431,0.0,-0.21525776871907026,0.234194431370974
3.75,0.0,-0.15988691691534385,-0.18951486697965692,0.0,-0.0667082577936292,0.02213849151015675
3.751,0.0,-0.15988691691534385,-0.18951486697965692,0.0,0.10991567638462402,-0.19770048460707154
3.752,0.0,0.8401130830846562,-0.18951486697965692,0.0,0.24709792718842538,-0.34090357476259625
3.753,0.0,0.8401130830846562,-0.18951486697965692,0.0,0.2911272793503811,-0.35273587952471863
3.754,0.0,-0.15988691691534385,-0.18951486697965692,0.0,0.22332468824158397,-0.22913162621172364
3.755,0.0,-0.15988691691534385,-0.18951486697965692,0.0,0.06813644723429607,-0.018114645981670056
3.756,0.0,-0.15988691691534385,-0.18951486697965692,0.0,-0.11547925615139341,0.19885388262344886
3.757,0.0,-0.15988691691534385,0.8104851330203431,0.0,-0.25643822882371314,0.338356290600981
3.758,0.0,-0.15988691691534385,0.8104851330203431,0.0,-0.2991957350429675,0.34714560234732966
3.759,0.0,-0.15988691691534385,-0.18951486697965692,0.0,-0.22585861724944759,0.22252065006629068
3.76,0.0,-0.15988691691534385,-0.18951486697965692,0.0,-0.0638423010442042,0.013130596664984664
3.761,0.0,-0.15988691691534385,-0.18951486697965692,0.0,0.1242713176362538,-0.20002007042350203
3.762,0.0,0.8401130830846562,-0.18951486697965692,0.0,0.26497519679636017,-0.33494476576413007
3.763,0.0,0.8401130830846562,-0.18951486697965692,0.0,0.3027581550960502,-0.34025726127322126
3.764,0.0,0.8401130830846562,-0.18951486697965692,0.0,0.22223968806356878,-0.21477557891061605
3.765,0.0,-0.15988691691534385,-0.18951486697965692,0.0,0.05459033167999568,-0.007654097850819437
3.766,0.0,-0.15988691691534385,-0.18951486697965692,0.0,-0.13450781540485196,0.2008843589516925
3.767,0.0,-0.15988691691534385,0.8104851330203431,0.0,-0.27072337009282965,0.33065461242946903
3.768,0.0,-0.15988691691534385,0.8104851330203431,0.0,-0.30052118814916756,0.3323743647124947
3.769,0.0,-0.15988691691534385,-0.18951486697965692,0.0,-0.21242796876702766,0.20639179139894936
3.77,0.0,-0.15988691691534385,-0.18951486697965692,0.0,-0.04157326590824528,0.0021541518937438523
3.771,0.0,-0.15988691691534385,-0.18951486697965692,0.0,0.14434522531411006,-0.20121849159541708
3.772,0.0,0.8401130830846562,-0.18951486697965692,0.0,0.27205268142140937,-0.32561039652491164
3.773,0.0,0.8401130830846562,-0.18951486697965692,0.0,0.2918105433110325,-0.3239286965354975
3.774,0.0,-0.15988691691534385,-0.18951486697965692,0.0,0.19698427758034043,-0.19791999941847827
3.775,0.0,-0.15988691691534385,-0.18951486697965692,0.0,0.026283112960297932,0.002949294957642332
3.776,0.0,-0.15988691691534385,-0.18951486697965692,0.0,-0.15209381576884726,0.2009317553116761
3.777,0.0,-0.15988691691534385,0.8104851330203431,0.0,-0.2678861035528695,0.3201046842752165
3.778,0.0,-0.15988691691534385,-0.18951486697965692,0.0,-0.27666512995205367,0.3154756560794561
3.779,0.0,-0.15988691691534385,-0.18951486697965692,0.0,-0.17702456624911822,0.1899326537579172
3.78,0.0,-0.15988691691534385,-0.18951486697965692,0.0,-0.01035568081941606,-0.007329381393536165
3.781,0.0,-0.15988691691534385,-0.18951486697965692,0.0,0.15640349567849002,-0.20010251287810218
