time_s,background_centered_adc,without_centered_adc,with_centered_adc,background_filtered_100hz_adc,without_filtered_100hz_adc,with_filtered_100hz_adc
0.0,0.0,0.03472222222222143,0.05730609418282384,0.0,-0.00874713404216977,-1.2299218562180522e-05
0.001,0.0,0.03472222222222143,0.05730609418282384,0.0,0.01329715873635,0.036018141204442064
0.002,0.0,0.03472222222222143,0.05730609418282384,0.0,-0.012525727292998813,-0.05487830970409568
0.003,0.0,0.03472222222222143,0.05730609418282384,0.0,0.007426877194774955,0.05678720714559231
0.004,0.0,0.03472222222222143,0.05730609418282384,0.0,-0.000567362259780231,-0.04702546607028761
0.005,0.0,0.03472222222222143,0.05730609418282384,0.0,-0.005177405432693361,0.03158756765796945
0.006,0.0,0.03472222222222143,-0.9426939058171762,0.0,0.007866303714723822,-0.013963431271366612
0.007,0.0,0.03472222222222143,0.05730609418282384,0.0,-0.007166105826211595,-0.005312090856731289
0.008,0.0,0.03472222222222143,0.05730609418282384,0.0,0.004219997075430265,0.026500037576176992
0.009,0.0,0.03472222222222143,0.05730609418282384,0.0,-0.0008684912796253994,-0.04763235417145286
0.01,0.0,0.03472222222222143,0.05730609418282384,0.0,-0.0013351640576742577,0.06292049160317408
0.011,0.0,0.03472222222222143,-0.9426939058171762,0.0,0.0018217534586938726,-0.06411881972122999
0.012,0.0,0.03472222222222143,0.05730609418282384,0.0,-0.001109574000791426,0.04464237676303741
0.013,0.0,0.03472222222222143,0.05730609418282384,0.0,0.0003282483312281161,-0.004470047899516299
0.014,0.0,0.03472222222222143,0.05730609418282384,0.0,-0.00046369595992710094,-0.04698785357981627
0.015,0.0,0.03472222222222143,0.05730609418282384,0.0,0.0017434218858221127,0.09227028853308548
0.016,0.0,0.03472222222222143,0.05730609418282384,0.0,-0.0034836777416598986,-0.11180904146718026
0.017,0.0,0.03472222222222143,0.05730609418282384,0.0,0.004466689455611099,0.09240498728821185
0.018,0.0,0.03472222222222143,0.05730609418282384,0.0,-0.0036395423237186955,-0.03455837964285102
0.019,0.0,0.03472222222222143,0.05730609418282384,0.0,0.0007637211413982664,-0.045075026274469736
0.02,0.0,0.03472222222222143,0.05730609418282384,0.0,0.0033285998316464095,0.11807368475428867
0.021,0.0,0.03472222222222143,0.05730609418282384,0.0,-0.007018005688816688,-0.15453698928253232
0.022,0.0,0.03472222222222143,0.05730609418282384,0.0,0.008600616192980665,0.13548845892800476
0.023,0.0,0.03472222222222143,0.05730609418282384,0.0,-0.0070839232522435305,-0.06219546465352771
0.024,0.0,0.03472222222222143,0.05730609418282384,0.0,0.0027014541333290924,-0.042014497339246004
0.025,0.0,0.03472222222222143,0.05730609418282384,0.0,0.0030993271947225526,0.13903181063950135
0.026,0.0,0.03472222222222143,-0.9426939058171762,0.0,-0.008200936651910837,-0.19013503770844473
0.027,0.0,0.03472222222222143,0.05730609418282384,0.0,0.01065839612188661,0.17169234000511513
0.028,0.0,0.03472222222222143,0.05730609418282384,0.0,-0.009479374416731488,-0.08593809752520373
0.029,0.0,0.03472222222222143,0.05730609418282384,0.0,0.005016403347510986,-0.03803962715011347
0.03,0.0,0.03472222222222143,0.05730609418282384,0.0,0.0011793064090166543,0.15419448350892243
0.031,0.0,0.03472222222222143,0.05730609418282384,0.0,-0.006962763178809351,-0.2169219504977761
0.032,0.0,0.03472222222222143,0.05730609418282384,0.0,0.010396965219329627,0.19927256823784933
0.033,0.0,0.03472222222222143,0.05730609418282384,0.0,-0.01042967933741266,-0.1045916351797676
0.034,0.0,0.03472222222222143,0.05730609418282384,0.0,0.007200073020714081,-0.03345964872056661
0.035,0.0,0.03472222222222143,0.05730609418282384,0.0,-0.001897689776134286,0.16301319099438413
0.036,0.0,0.03472222222222143,0.05730609418282384,0.0,-0.003724927382073312,-0.23381815474576717
0.037,0.0,0.03472222222222143,0.05730609418282384,0.0,0.007969437957668562,0.2170728993116535
0.038,0.0,0.03472222222222143,0.05730609418282384,0.0,-0.009708143744562204,-0.11731168432799732
0.039,0.0,0.03472222222222143,0.05730609418282384,0.0,0.008645198886022769,-0.028616949152537867
0.04,0.0,0.03472222222222143,0.05730609418282384,0.0,-0.005287145765385207,0.1653619118313025
0.041,0.0,0.03472222222222143,0.05730609418282384,0.0,0.0006927215382159478,-0.2404124513267599
0.042,0.0,0.03472222222222143,0.05730609418282384,0.0,0.0038751336853800247,0.22460803866331186
0.043,0.0,0.03472222222222143,0.05730609418282384,0.0,-0.007278481058804997,-0.12367533540672868
0.044,0.0,0.03472222222222143,0.05730609418282384,0.0,0.008742714048832456,-0.023845072123806536
0.045,0.0,0.03472222222222143,0.05730609418282384,0.0,-0.007982148017146327,0.16152751516109456
0.046,0.0,0.03472222222222143,-0.9426939058171762,0.0,0.005222435075588268,-0.23697724091584738
0.047,0.0,0.03472222222222143,0.05730609418282384,0.0,-0.001136531193995301,0.22209244249783486
0.048,0.0,0.03472222222222143,0.05730609418282384,0.0,-0.0032944440148524883,-0.12371497559134999
0.049,0.0,0.03472222222222143,0.05730609418282384,0.0,0.006984770394845022,-0.019433332433297642
0.05,0.0,0.03472222222222143,0.05730609418282384,0.0,-0.008987867532366392,0.15217327118421053
0.051,0.0,0.03472222222222143,-0.9426939058171762,0.0,0.008733168112067733,-0.2244330536510368
0.052,0.0,0.03472222222222143,0.05730609418282384,0.0,-0.006192865620891593,0.21041315978044708
0.053,0.0,0.03472222222222143,-0.9426939058171762,0.0,0.001921253776718261,-0.11791133478234919
0.054,0.0,0.03472222222222143,0.05730609418282384,0.0,0.0030582218089800074,-0.015602336297433135
0.055,0.0,0.03472222222222143,0.05730609418282384,0.0,-0.007495449407885742,0.13827999374072764
0.056,0.0,0.03472222222222143,0.05730609418282384,0.0,0.010221006612874268,-0.2042664135430614
0.057,0.0,0.03472222222222143,0.05730609418282384,0.0,-0.010436178385847615,0.191049462546806
0.058,0.0,0.03472222222222143,0.05730609418282384,0.0,0.007915805004798729,-0.10714639638416609
0.059,0.0,0.03472222222222143,0.05730609418282384,0.0,-0.0030860231857393907,-0.012492515223197682
0.06,0.0,0.03472222222222143,0.05730609418282384,0.0,-0.0030286822774143636,0.12106969428074611
0.061,0.0,0.03472222222222143,0.05730609418282384,0.0,0.008976709769746868,-0.17840780507187531
0.062,0.0,0.03472222222222143,0.05730609418282384,0.0,-0.013153199491910355,0.16594609841138178
0.063,0.0,0.03472222222222143,0.05730609418282384,0.0,0.014158037763193082,-0.09262073732754492
0.064,0.0,0.03472222222222143,0.05730609418282384,0.0,-0.011199170267777303,-0.010165418870716822
0.065,0.0,0.03472222222222143,0.05730609418282384,0.0,0.004459142808433085,0.1019166329117436
0.066,0.0,0.03472222222222143,-0.9426939058171762,0.0,0.004705398278109052,-0.14907877592884997
0.067,0.0,0.03472222222222143,0.05730609418282384,0.0,-0.013877195856906197,0.13735057660854724
0.068,0.0,0.03472222222222143,0.05730609418282384,0.0,0.02009668931101273,-0.0757433519039216
0.069,0.0,0.03472222222222143,0.05730609418282384,0.0,-0.020742661995456345,-0.00861539874467919
0.07,0.0,0.03472222222222143,0.05730609418282384,0.0,0.014553401580823171,0.08225059905012304
0.071,0.0,0.03472222222222143,-0.9426939058171762,0.0,-0.0024192338360562353,-0.11861906095723461
0.072,0.0,0.03472222222222143,0.05730609418282384,0.0,-0.012448764522952007,0.10762777293561583
0.073,0.0,0.03472222222222143,0.05730609418282384,0.0,0.02521830128736037,-0.05800470837592659
0.074,0.0,0.03472222222222143,0.05730609418282384,0.0,-0.030938681774905316,-0.0077878121717879206
0.075,0.0,0.03472222222222143,0.05730609418282384,0.0,0.026416927150026633,0.06345736863619134
0.076,0.0,0.03472222222222143,0.05730609418282384,0.0,-0.01177395222172221,-0.08930606161903003
0.077,0.0,0.03472222222222143,0.05730609418282384,0.0,-0.009027633139840353,0.0790671284715409
0.078,0.0,0.03472222222222143,0.05730609418282384,0.0,0.02909806450204521,-0.0408454112546006
0.079,0.0,0.03472222222222143,0.05730609418282384,0.0,-0.04085728931208476,-0.00759922072007749
0.08,0.0,0.03472222222222143,0.05730609418282384,0.0,0.03889455265604973,0.046781663160010444
0.081,0.0,0.03472222222222143,0.05730609418282384,0.0,-0.02237511526762057,-0.06317999550187307
0.082,0.0,0.03472222222222143,0.05730609418282384,0.0,-0.004055121695326101,0.05369865006894371
0.083,0.0,0.03472222222222143,0.05730609418282384,0.0,0.03143801400922001,-0.02553322602383324
0.084,0.0,0.03472222222222143,0.05730609418282384,0.0,-0.049528996109349924,-0.007955319196328046
0.085,0.0,0.03472222222222143,0.05730609418282384,0.0,0.050668768789697324,0.03323851240979666
0.086,0.0,0.03472222222222143,0.05730609418282384,0.0,-0.03302438330554236,-0.04188838314154386
0.087,0.0,0.03472222222222143,0.05730609418282384,0.0,0.0018258394051950213,0.033133644466500786
0.088,0.0,0.03472222222222143,0.05730609418282384,0.0,0.03208872635512751,-0.013060319530750309
0.089,0.0,0.03472222222222143,0.05730609418282384,0.0,-0.05606769032109991,-0.008763406847187905
0.09,0.0,0.03472222222222143,0.05730609418282384,0.0,0.06044421540089368,0.023539480474153014
0.091,0.0,0.03472222222222143,0.05730609418282384,0.0,-0.04248914080796353,-0.026563039970938028
0.092,0.0,0.03472222222222143,0.05730609418282384,0.0,0.00788011897889702,0.018444523000091324
0.093,0.0,0.03472222222222143,0.05730609418282384,0.0,0.0310528678365897,-0.0040704589423798555
0.094,0.0,-0.9652777777777786,0.05730609418282384,0.0,-0.05978704846317122,-0.009937847388237228
0.095,0.0,0.03472222222222143,0.05730609418282384,0.0,0.06713432399915675,0.018040433263385888
0.096,0.0,0.03472222222222143,0.05730609418282384,0.0,-0.0496906711724825,-0.017741154209849168
0.097,0.0,0.03472222222222143,0.05730609418282384,0.0,0.013402073006715733,0.010095070060438452
0.098,0.0,0.03472222222222143,0.05730609418282384,0.0,0.028471291867328573,0.0011772016966983473
0.099,0.0,0.03472222222222143,0.05730609418282384,0.0,-0.060294202658542295,-0.011398805831888868
0.1,0.0,0.03472222222222143,0.05730609418282384,0.0,0.07002290885117808,0.016717063001315386
0.101,0.0,0.03472222222222143,0.05730609418282384,0.0,-0.0538719943621412,-0.015339187270087875
0.102,0.0,0.03472222222222143,0.05730609418282384,0.0,0.017830790022781973,0.007928363827480132
0.103,0.0,0.03472222222222143,0.05730609418282384,0.0,0.02459457022663304,0.002804926935593505
0.104,0.0,0.03472222222222143,0.05730609418282384,0.0,-0.057547390713416274,-0.01306621420883278
0.105,0.0,0.03472222222222143,0.05730609418282384,0.0,0.06887694328848996,0.019172968563217978
0.106,0.0,0.03472222222222143,0.05730609418282384,0.0,-0.05472026326289923,-0.018684206825597093
0.107,0.0,0.03472222222222143,0.05730609418282384,0.0,0.02084136567481212,0.011214311143991391
0.108,0.0,0.03472222222222143,0.05730609418282384,0.0,0.01974457428198325,0.0012750936636837164
0.109,0.0,0.03472222222222143,0.05730609418282384,0.0,-0.05186918617830066,-0.01485206484805558
0.11,0.0,0.03472222222222143,0.05730609418282384,0.0,0.06399365252246075,0.024682605321175617
0.111,0.0,0.03472222222222143,0.05730609418282384,0.0,-0.05242526402000201,-0.026602036714150623
0.112,0.0,0.03472222222222143,0.05730609418282384,0.0,0.022398436615843908,0.01875291296794509
0.113,0.0,0.03472222222222143,0.05730609418282384,0.0,0.014271769356433681,-0.0026839348165344913
0.114,0.0,0.03472222222222143,0.05730609418282384,0.0,-0.04391299112848976,-0.016654526737004603
0.115,0.0,0.03472222222222143,0.05730609418282384,0.0,0.05617440034728577,0.03226796752446327
0.116,0.0,-0.9652777777777786,0.05730609418282384,0.0,-0.04766489705919279,-0.03755570110040539
0.117,0.0,0.03472222222222143,0.05730609418282384,0.0,0.02276395971848443,0.02902346736562935
0.118,0.0,0.03472222222222143,0.05730609418282384,0.0,0.008514116922703884,-0.008176015705929377
0.119,0.0,0.03472222222222143,0.05730609418282384,0.0,-0.03458690345117002,-0.018356947866221576
0.12,0.0,0.03472222222222143,0.05730609418282384,0.0,0.046628286017502914,0.0408037906879079
0.121,0.0,0.03472222222222143,0.05730609418282384,0.0,-0.041519160719555255,-0.04982169002890464
0.122,0.0,0.03472222222222143,0.05730609418282384,0.0,0.02245811995587395,0.04036460472658963
0.123,0.0,0.03472222222222143,0.05730609418282384,0.0,0.00276288153372328,-0.01424826144769757
0.124,0.0,0.03472222222222143,0.05730609418282384,0.0,-0.02494492256995788,-0.01983363237002911
0.125,0.0,0.03472222222222143,0.05730609418282384,0.0,0.03681838585622003,0.04914190853369445
0.126,0.0,0.03472222222222143,0.05730609418282384,0.0,-0.03532456369757208,-0.061686367440897984
0.127,0.0,0.03472222222222143,0.05730609418282384,0.0,0.02217927039881007,0.051166027598473135
0.128,0.0,0.03472222222222143,0.05730609418282384,0.0,-0.002760680876767295,-0.020002361033613386
0.129,0.0,0.03472222222222143,0.05730609418282384,0.0,-0.016059899467007508,-0.02096260506564028
0.13,0.0,0.03472222222222143,0.05730609418282384,0.0,0.028271724850569408,0.056241845403601866
0.131,0.0,0.03472222222222143,-0.9426939058171762,0.0,-0.030489541608553734,-0.07164120817251898
0.132,0.0,0.03472222222222143,0.05730609418282384,0.0,0.0226949174191324,0.0600507226743607
0.133,0.0,0.03472222222222143,0.05730609418282384,0.0,-0.007915607555433716,-0.024693753457089896
0.134,0.0,0.03472222222222143,0.05730609418282384,0.0,-0.00889504397636668,-0.021643743169264647
0.135,0.0,0.03472222222222143,0.05730609418282384,0.0,0.022379177214126047,0.06129246232687722
0.136,0.0,0.03472222222222143,0.05730609418282384,0.0,-0.02829709409774199,-0.07855421571085013
0.137,0.0,0.03472222222222143,0.05730609418282384,0.0,0.024720066795893912,0.06602668225520184
0.138,0.0,0.03472222222222143,0.05730609418282384,0.0,-0.012638396757568815,-0.027807737664342656
0.139,0.0,0.03472222222222143,0.05730609418282384,0.0,-0.004190848690490806,-0.021819051369693542
0.14,0.0,0.03472222222222143,0.05730609418282384,0.0,0.02021284939619592,0.0638090785855774
0.141,0.0,0.03472222222222143,0.05730609418282384,0.0,-0.02972268324118434,-0.08179632484678517
0.142,0.0,0.03472222222222143,0.05730609418282384,0.0,0.028801113809792094,0.06859000918753705
0.143,0.0,0.03472222222222143,0.05730609418282384,0.0,-0.016928935691766116,-0.029104389144297374
0.144,0.0,0.03472222222222143,0.05730609418282384,0.0,-0.0023819922947526917,-0.021490833913598302
0.145,0.0,0.03472222222222143,0.05730609418282384,0.0,0.022385922618186158,0.06369229631106152
0.146,0.0,0.03472222222222143,0.05730609418282384,0.0,-0.03529319401593983,-0.08130596001503615
0.147,0.0,0.03472222222222143,0.05730609418282384,0.0,0.03522262566486846,0.06776654378747805
0.148,0.0,0.03472222222222143,0.05730609418282384,0.0,-0.0208286461367299,-0.02862790713250331
0.149,0.0,0.03472222222222143,0.05730609418282384,0.0,-0.0035545012284583155,-0.020733324609115585
0.15,0.0,0.03472222222222143,0.05730609418282384,0.0,0.028973825686329575,0.061238767190480395
0.151,0.0,0.03472222222222143,-0.9426939058171762,0.0,-0.04500680214289289,-0.07758189717287427
0.152,0.0,0.03472222222222143,0.05730609418282384,0.0,0.043950961958912606,0.06408635132605375
0.153,0.0,0.03472222222222143,0.05730609418282384,0.0,-0.024395269478790473,-0.02668031240828714
0.154,0.0,0.03472222222222143,0.05730609418282384,0.0,-0.007447814451721412,-0.019694067192343793
0.155,0.0,0.03472222222222143,0.05730609418282384,0.0,0.03950688384451286,0.05709998969206345
0.156,0.0,0.03472222222222143,0.05730609418282384,0.0,-0.05832481540921039,-0.07160342526364587
0.157,0.0,0.03472222222222143,0.05730609418282384,0.0,0.054623224350455114,0.05849373088562575
0.158,0.0,0.03472222222222143,0.05730609418282384,0.0,-0.027678931127193086,-0.02376374601450282
0.159,0.0,0.03472222222222143,0.05730609418282384,0.0,-0.0135002336757008,-0.01858291139767225
0.16,0.0,0.03472222222222143,0.05730609418282384,0.0,0.05303453005245688,0.05219219609280751
0.161,0.0,0.03472222222222143,0.05730609418282384,0.0,-0.07423625298008743,-0.06468641819548829
0.162,0.0,0.03472222222222143,0.05730609418282384,0.0,0.06658334090602111,0.052203803687004766
0.163,0.0,0.03472222222222143,0.05730609418282384,0.0,-0.030703588183909634,-0.02049945284550237
0.164,0.0,0.03472222222222143,0.05730609418282384,0.0,-0.020930434286422384,-0.017648653350650072
0.165,0.0,0.03472222222222143,0.05730609418282384,0.0,0.06825123681695111,0.04756750493626856
0.166,0.0,-0.9652777777777786,0.05730609418282384,0.0,-0.0913856197952485,-0.0582929800732473
0.167,0.0,0.03472222222222143,0.05730609418282384,0.0,0.07896017671717605,0.046524064674043374
0.168,0.0,0.03472222222222143,0.05730609418282384,0.0,-0.03345678689353798,-0.017534382549206327
0.169,0.0,0.03472222222222143,0.05730609418282384,0.0,-0.028843075292203153,-0.01714572447658782
0.17,0.0,0.03472222222222143,0.05730609418282384,0.0,0.08366595888358544,0.04426268248454655
0.171,0.0,0.03472222222222143,0.05730609418282384,0.0,-0.1082455256170857,-0.05381945162162208
0.172,0.0,0.03472222222222143,0.05730609418282384,0.0,0.09077645400694655,0.042664452586708444
0.173,0.0,0.03472222222222143,0.05730609418282384,0.0,-0.035889052322495195,-0.015447822879399798
0.174,0.0,0.03472222222222143,0.05730609418282384,0.0,-0.036343708109181826,-0.017295481495801523
0.175,0.0,0.03472222222222143,0.05730609418282384,0.0,0.09779125220376678,0.043146038966182146
0.176,0.0,0.03472222222222143,0.05730609418282384,0.0,-0.12330976128579267,-0.05239158177421933
0.177,0.0,0.03472222222222143,0.05730609418282384,0.0,0.1010728702041859,0.041561661092490224
0.178,0.0,0.03472222222222143,0.05730609418282384,0.0,-0.037922481385890855,-0.01467037956623725
0.179,0.0,0.03472222222222143,0.05730609418282384,0.0,-0.04264749689959153,-0.018248149430221485
0.18,0.0,0.03472222222222143,0.05730609418282384,0.0,0.10932611599176863,0.04478437952797132
0.181,0.0,-0.9652777777777786,0.05730609418282384,0.0,-0.13528002536912898,-0.054695776810696865
0.182,0.0,0.03472222222222143,0.05730609418282384,0.0,0.10902976574476775,0.043742106432322306
0.183,0.0,0.03472222222222143,0.05730609418282384,0.0,-0.03946650880690352,-0.015425913434130543
0.184,0.0,0.03472222222222143,0.05730609418282384,0.0,-0.04716775958350354,-0.02005199417275698
0.185,0.0,0.03472222222222143,0.05730609418282384,0.0,0.11730822836499882,0.049350119494490745
0.186,0.0,0.03472222222222143,0.05730609418282384,0.0,-0.14322099222016438,-0.06087128200307096
0.187,0.0,0.03472222222222143,0.05730609418282384,0.0,0.11406929721052143,0.04924319357948795
0.188,0.0,0.03472222222222143,0.05730609418282384,0.0,-0.04043762840295874,-0.017703932579568763
0.189,0.0,0.03472222222222143,0.05730609418282384,0.0,-0.04957373259337786,-0.022635685183390913
0.19,0.0,0.03472222222222143,0.05730609418282384,0.0,0.12121629242460719,0.05658372511934591
0.191,0.0,0.03472222222222143,-0.9426939058171762,0.0,-0.14666353871744336,-0.0704802891291946
0.192,0.0,0.03472222222222143,0.05730609418282384,0.0,0.11592419393255184,0.05760480103737511
0.193,0.0,0.03472222222222143,0.05730609418282384,0.0,-0.04077926702324997,-0.02126580219261099
0.194,0.0,0.03472222222222143,0.05730609418282384,0.0,-0.04981170019162107,-0.025808083335655957
0.195,0.0,0.03472222222222143,0.05730609418282384,0.0,0.12101085919916474,0.06581912501963248
0.196,0.0,-0.9652777777777786,0.05730609418282384,0.0,-0.1456438735258312,-0.08256226340311817
0.197,0.0,0.03472222222222143,0.05730609418282384,0.0,0.11466431102246767,0.06793321567778343
0.198,0.0,0.03472222222222143,0.05730609418282384,0.0,-0.04047810572620305,-0.025683514289065196
0.199,0.0,0.03472222222222143,0.05730609418282384,0.0,-0.04808897838824436,-0.029277085100148335
0.2,0.0,0.03472222222222143,0.05730609418282384,0.0,0.1171110578801783,0.07607066763703485
0.201,0.0,0.03472222222222143,0.05730609418282384,0.0,-0.14067580321236897,-0.09576670154180167
0.202,0.0,0.03472222222222143,0.05730609418282384,0.0,0.11067852820601767,0.07902941707593468
0.203,0.0,0.03472222222222143,0.05730609418282384,0.0,-0.039573883050491095,-0.03040527340018906
0.204,0.0,0.03472222222222143,0.05730609418282384,0.0,-0.0448254070665258,-0.03268607143456951
0.205,0.0,0.03472222222222143,0.05730609418282384,0.0,0.11031376930971971,0.08617089522721315
0.206,0.0,-0.9652777777777786,-0.9426939058171762,0.0,-0.1326629724761932,-0.10854681538001924
0.207,0.0,0.03472222222222143,0.05730609418282384,0.0,0.10461609452770804,0.0895641190887143
0.208,0.0,0.03472222222222143,0.05730609418282384,0.0,-0.03816094853341288,-0.03483842031423511
0.209,0.0,0.03472222222222143,0.05730609418282384,0.0,-0.0405812406487715,-0.03566345249435488
0.21,0.0,0.03472222222222143,0.05730609418282384,0.0,0.10166957955787244,0.09494029323775517
0.211,0.0,0.03472222222222143,0.05730609418282384,0.0,-0.1227661895559534,-0.11938706192494006
0.212,0.0,0.03472222222222143,0.05730609418282384,0.0,0.09729727587486711,0.09827475084121723
0.213,0.0,0.03472222222222143,0.05730609418282384,0.0,-0.036381328572434556,-0.03843776470107907
0.214,0.0,0.03472222222222143,0.05730609418282384,0.0,-0.035973061282800346,-0.037878293956181044
0.215,0.0,0.03472222222222143,0.05730609418282384,0.0,0.09233523122401834,0.10136456924273898
0.216,0.0,0.03472222222222143,0.05730609418282384,0.0,-0.11224668291679768,-0.12703154652407167
0.217,0.0,0.03472222222222143,0.05730609418282384,0.0,0.08960725538461295,0.10415574829145341
0.218,0.0,0.03472222222222143,0.05730609418282384,0.0,-0.03441054894930169,-0.04078659353435357
0.219,0.0,0.03472222222222143,0.05730609418282384,0.0,-0.03159023892062149,-0.03909351552532895
0.22,0.0,0.03472222222222143,0.05730609418282384,0.0,0.08342453182563907,0.10475290121795879
0.221,0.0,0.03472222222222143,0.05730609418282384,0.0,-0.10230853790028,-0.1306791513315009
0.222,0.0,0.03472222222222143,0.05730609418282384,0.0,0.08238907105294198,0.10661381460068141
0.223,0.0,0.03472222222222143,0.05730609418282384,0.0,-0.03243866563203113,-0.04165860715655838
0.224,0.0,0.03472222222222143,0.05730609418282384,0.0,-0.027923487022742326,-0.03920797571851782
0.225,0.0,0.03472222222222143,0.05730609418282384,0.0,0.07587856075972202,0.10485245166399418
0.226,0.0,0.03472222222222143,0.05730609418282384,0.0,-0.09396237167987244,-0.13011514743717928
0.227,0.0,0.03472222222222143,0.05730609418282384,0.0,0.07635072236809749,0.10556428714472774
0.228,0.0,0.03472222222222143,0.05730609418282384,0.0,-0.030649680739756324,-0.04105169964100726
0.229,0.0,0.03472222222222143,0.05730609418282384,0.0,-0.02531445188615178,-0.0382799999570333
0.23,0.0,0.03472222222222143,0.05730609418282384,0.0,0.07037183977841299,0.10190015179419128
0.231,0.0,-0.9652777777777786,-0.9426939058171762,0.0,-0.08792782652050964,-0.12575763248802524
0.232,0.0,0.03472222222222143,0.05730609418282384,0.0,0.07199861071326064,0.10145288874599136
0.233,0.0,0.03472222222222143,0.05730609418282384,0.0,-0.02920264916963008,-0.039188493489505025
0.234,0.0,0.03472222222222143,0.05730609418282384,0.0,-0.0239315053428427,-0.03652743908141859
0.235,0.0,0.03472222222222143,0.05730609418282384,0.0,0.06726466043531788,0.09660159202414019
0.236,0.0,0.03472222222222143,0.05730609418282384,0.0,-0.08458550754913395,-0.11860926107195584
0.237,0.0,0.03472222222222143,0.05730609418282384,0.0,0.06960473673726629,0.09519783895359256
0.238,0.0,0.03472222222222143,0.05730609418282384,0.0,-0.0282173104030618,-0.0364833109062467
0.239,0.0,0.03472222222222143,0.05730609418282384,0.0,-0.02377261705982472,-0.034302810833449195
0.24,0.0,0.03472222222222143,0.05730609418282384,0.0,0.06660409172386374,0.09003756946349636
0.241,0.0,0.03472222222222143,0.05730609418282384,0.0,-0.08398074418958718,-0.11011868426028616
0.242,0.0,0.03472222222222143,0.05730609418282384,0.0,0.06920937792935491,0.08805903509375419
0.243,0.0,0.03472222222222143,0.05730609418282384,0.0,-0.027766116828868793,-0.03348014114383169
0.244,0.0,0.03472222222222143,0.05730609418282384,0.0,-0.024692047568470887,-0.03204595701697672
0.245,0.0,0.03472222222222143,0.05730609418282384,0.0,0.06816857032687929,0.0835098598641155
0.246,0.0,0.03472222222222143,-0.9426939058171762,0.0,-0.08587337022441942,-0.1019698320876127
0.247,0.0,0.03472222222222143,0.05730609418282384,0.0,0.07065526643975868,0.08145205662591667
0.248,0.0,0.03472222222222143,0.05730609418282384,0.0,-0.027873270687257954,-0.030770442994017436
0.249,0.0,0.03472222222222143,0.05730609418282384,0.0,-0.026444253730160402,-0.030220334642604315
0.25,0.0,0.03472222222222143,0.05730609418282384,0.0,0.07154460334487914,0.07834741871694587
0.251,0.0,0.03472222222222143,-0.9426939058171762,0.0,-0.08982090474782091,-0.09582857277347911
0.252,0.0,0.03472222222222143,0.05730609418282384,0.0,0.07364451604423769,0.07673342833884789
0.253,0.0,0.03472222222222143,0.05730609418282384,0.0,-0.02852007354032148,-0.02890267376768719
0.254,0.0,0.03472222222222143,0.05730609418282384,0.0,-0.028736310037054808,-0.02924194943453754
0.255,0.0,0.03472222222222143,0.05730609418282384,0.0,0.07621994871710473,0.07570095063951868
0.256,0.0,-0.9652777777777786,0.05730609418282384,0.0,-0.09527812512929897,-0.0930835705726547
0.257,0.0,0.03472222222222143,0.05730609418282384,0.0,0.07780646860508485,0.07498853676164688
0.258,0.0,0.03472222222222143,0.05730609418282384,0.0,-0.02965478606875141,-0.028296798576568923
0.259,0.0,0.03472222222222143,0.05730609418282384,0.0,-0.03127957714822847,-0.029411540242398837
0.26,0.0,0.03472222222222143,0.05730609418282384,0.0,0.08167625434235726,0.07635649585200488
0.261,0.0,0.03472222222222143,0.05730609418282384,0.0,-0.10169467868169843,-0.09462012187851154
0.262,0.0,0.03472222222222143,0.05730609418282384,0.0,0.08276370548084816,0.07685399474252805
0.263,0.0,0.03472222222222143,0.05730609418282384,0.0,-0.031204499584757465,-0.029176482611272918
0.264,0.0,0.03472222222222143,0.05730609418282384,0.0,-0.03383229697771532,-0.030860628569309448
0.265,0.0,0.03472222222222143,0.05730609418282384,0.0,0.0874656358660531,0.08059683282205421
0.266,0.0,-0.9652777777777786,0.05730609418282384,0.0,-0.10859418768806373,-0.1006619375094465
0.267,0.0,0.03472222222222143,0.05730609418282384,0.0,0.08818478585895465,0.08240192312641267
0.268,0.0,0.03472222222222143,0.05730609418282384,0.0,-0.03308635906313172,-0.03152925709921134
0.269,0.0,0.03472222222222143,0.05730609418282384,0.0,-0.03622702305623981,-0.03352039820071192
0.27,0.0,0.03472222222222143,0.05730609418282384,0.0,0.09325968314569011,0.08813323853376781
0.271,0.0,0.03472222222222143,0.05730609418282384,0.0,-0.11562284119395284,-0.11070668533971974
0.272,0.0,0.03472222222222143,0.05730609418282384,0.0,0.09381553607126086,0.09110510569701429
0.273,0.0,0.03472222222222143,0.05730609418282384,0.0,-0.03521587004080367,-0.035101003262311345
0.274,0.0,0.03472222222222143,0.05730609418282384,0.0,-0.03837987307300812,-0.03711926575072217
0.275,0.0,0.03472222222222143,0.05730609418282384,0.0,0.09886513222569109,0.09812031334074225
0.276,0.0,0.03472222222222143,0.05730609418282384,0.0,-0.12256186740641276,-0.12356786019626342
0.277,0.0,0.03472222222222143,0.05730609418282384,0.0,0.09948529686149821,0.10189045567168513
0.278,0.0,0.03472222222222143,0.05730609418282384,0.0,-0.03751087868261221,-0.03942617469936052
0.279,0.0,0.03472222222222143,0.05730609418282384,0.0,-0.04028196765353469,-0.04121087883917886
0.28,0.0,0.03472222222222143,0.05730609418282384,0.0,0.10420688390195182,0.10925456388453976
0.281,0.0,0.03472222222222143,0.05730609418282384,0.0,-0.12930537943493506,-0.13752010383289215
0.282,0.0,0.03472222222222143,0.05730609418282384,0.0,0.10508959619612315,0.11327536619814407
0.283,0.0,0.03472222222222143,0.05730609418282384,0.0,-0.03989095437616715,-0.04388998548915347
0.284,0.0,0.03472222222222143,0.05730609418282384,0.0,-0.04197652198349843,-0.04522974129170574
0.285,0.0,0.03472222222222143,0.05730609418282384,0.0,0.10928506570387357,0.11994500660809905
0.286,0.0,0.03472222222222143,0.05730609418282384,0.0,-0.13581162804325117,-0.15052972469935982
0.287,0.0,0.03472222222222143,0.05730609418282384,0.0,0.11055533944223957,0.12356919388945155
0.288,0.0,0.03472222222222143,0.05730609418282384,0.0,-0.04227308961189758,-0.04781408590556
0.289,0.0,0.03472222222222143,0.05730609418282384,0.0,-0.0435273815694337,-0.04856740088933343
0.29,0.0,0.03472222222222143,0.05730609418282384,0.0,0.1141173985293233,0.12853306768646397
0.291,0.0,-0.9652777777777786,-0.9426939058171762,0.0,-0.14204054285731374,-0.16053916542265884
0.292,0.0,0.03472222222222143,0.05730609418282384,0.0,0.1157979704495163,0.13111218489505674
0.293,0.0,0.03472222222222143,0.05730609418282384,0.0,-0.044565614360424,-0.05055372387406416
0.294,0.0,0.03472222222222143,0.05730609418282384,0.0,-0.044985986723803606,-0.05065880548949443
0.295,0.0,0.03472222222222143,0.05730609418282384,0.0,0.11868049184809237,0.13353119132062505
0.296,0.0,-0.9652777777777786,-0.9426939058171762,0.0,-0.14789277586620303,-0.16576551868128223
0.297,0.0,0.03472222222222143,0.05730609418282384,0.0,0.12068156135778128,0.13451811070925915
0.298,0.0,0.03472222222222143,0.05730609418282384,0.0,-0.04666279133050328,-0.051592575262163626
0.299,0.0,0.03472222222222143,0.05730609418282384,0.0,-0.04636366100464616,-0.05106656909906879
0.3,0.0,0.03472222222222143,0.05730609418282384,0.0,0.12286349552360423,0.13384606338782568
0.301,0.0,0.03472222222222143,0.05730609418282384,0.0,-0.15316490563063995,-0.16497025985525807
0.302,0.0,0.03472222222222143,0.05730609418282384,0.0,0.12499217495113837,0.1328856881254395
0.303,0.0,0.03472222222222143,0.05730609418282384,0.0,-0.0484425835537793,-0.050621599964254506
0.304,0.0,0.03472222222222143,0.05730609418282384,0.0,-0.04761481551155725,-0.04955080801124459
0.305,0.0,0.03472222222222143,0.05730609418282384,0.0,0.12644487191196518,0.12895381026020783
0.306,0.0,0.03472222222222143,-0.9426939058171762,0.0,-0.15753215382562558,-0.15766067044711335
0.307,0.0,0.03472222222222143,0.05730609418282384,0.0,0.12843222894233264,0.12594775514176168
0.308,0.0,0.03472222222222143,0.05730609418282384,0.0,-0.04976954227162794,-0.047590432918300216
0.309,0.0,0.03472222222222143,0.05730609418282384,0.0,-0.04863441334094907,-0.046113959463838436
0.31,0.0,0.03472222222222143,0.05730609418282384,0.0,0.12909843316902525,0.11900080554303008
0.311,0.0,0.03472222222222143,-0.9426939058171762,0.0,-0.16056452465578355,-0.14419256633351338
0.312,0.0,0.03472222222222143,0.05730609418282384,0.0,0.1306394519752018,0.11413564743970471
0.313,0.0,0.03472222222222143,0.05730609418282384,0.0,-0.050503739950819186,-0.04272364766615885
0.314,0.0,0.03472222222222143,0.05730609418282384,0.0,-0.04927026592179171,-0.0410133546960828
0.315,0.0,0.03472222222222143,0.05730609418282384,0.0,0.13042906006756164,0.10481394888692522
0.316,0.0,-0.9652777777777786,0.05730609418282384,0.0,-0.16177568968989692,-0.1257576408818411
0.317,0.0,0.03472222222222143,0.05730609418282384,0.0,0.131229105521318,0.09854806848878865
0.318,0.0,0.03472222222222143,0.05730609418282384,0.0,-0.05051535790900281,-0.036499184534476724
0.319,0.0,0.03472222222222143,0.05730609418282384,0.0,-0.04934792970573244,-0.03473881154685918
0.32,0.0,0.03472222222222143,0.05730609418282384,0.0,0.13003270624869465,0.08781700840546407
0.321,0.0,0.03472222222222143,0.05730609418282384,0.0,-0.1606973904184492,-0.10425501614417738
0.322,0.0,0.03472222222222143,0.05730609418282384,0.0,0.1298533458338733,0.08082726038837174
0.323,0.0,0.03472222222222143,0.05730609418282384,0.0,-0.049703182860521236,-0.029591598038677468
0.324,0.0,0.03472222222222143,0.05730609418282384,0.0,-0.04870362236209433,-0.027957488619140762
0.325,0.0,0.03472222222222143,0.05730609418282384,0.0,0.1275704260616328,0.06986299385794427
0.326,0.0,0.03472222222222143,0.05730609418282384,0.0,-0.15696679429244836,-0.08206309782033501
0.327,0.0,0.03472222222222143,0.05730609418282384,0.0,0.12626779335056146,0.06295849521632838
0.328,0.0,0.03472222222222143,0.05730609418282384,0.0,-0.04801414222311014,-0.022787769373373585
0.329,0.0,0.03472222222222143,0.05730609418282384,0.0,-0.047219076402728204,-0.021432973372385554
0.33,0.0,0.03472222222222143,0.05730609418282384,0.0,0.12284310336555893,0.05300459406770815
0.331,0.0,-0.9652777777777786,0.05730609418282384,0.0,-0.15041108093210329,-0.061742137332148846
0.332,0.0,0.03472222222222143,0.05730609418282384,0.0,0.12039327275600326,0.04701988702039975
0.333,0.0,0.03472222222222143,0.05730609418282384,0.0,-0.04546035175994826,-0.016886624902060308
0.334,0.0,0.03472222222222143,0.05730609418282384,0.0,-0.04485183540483672,-0.015929359995976892
0.335,0.0,0.03472222222222143,0.05730609418282384,0.0,0.11585284420175303,0.03923369481217433
0.336,0.0,-0.9652777777777786,0.05730609418282384,0.0,-0.1411131390683974,-0.04570791804240531
0.337,0.0,0.03472222222222143,0.05730609418282384,0.0,0.11236070101127175,0.034916666464675235
0.338,0.0,0.03472222222222143,0.05730609418282384,0.0,-0.042130119442213024,-0.012596637601113542
0.339,0.0,0.03472222222222143,0.05730609418282384,0.0,-0.041655224220271625,-0.012113344795007377
0.34,0.0,0.03472222222222143,0.05730609418282384,0.0,0.1068387626092123,0.030225567990461343
0.341,0.0,0.03472222222222143,0.05730609418282384,0.0,-0.12944472822202427,-0.035921232627716515
0.342,0.0,0.03472222222222143,0.05730609418282384,0.0,0.10252928048689973,0.02813632202149692
0.343,0.0,0.03472222222222143,0.05730609418282384,0.0,-0.038189993186219455,-0.01044514818515845
0.344,0.0,0.03472222222222143,0.05730609418282384,0.0,-0.03778394691673471,-0.01046778324252099
0.345,0.0,0.03472222222222143,0.05730609418282384,0.0,0.09627884396090758,0.027122812818531485
0.346,0.0,0.03472222222222143,0.05730609418282384,0.0,-0.11605841189826598,-0.03363568410011917
0.347,0.0,0.03472222222222143,0.05730609418282384,0.0,0.09147216835369172,0.027558071518069417
0.348,0.0,0.03472222222222143,0.05730609418282384,0.0,-0.033876180363648964,-0.01071180073212036
0.349,0.0,0.03472222222222143,0.05730609418282384,0.0,-0.03348367729078137,-0.011228643009408814
0.35,0.0,0.03472222222222143,0.05730609418282384,0.0,0.08485504811464453,0.030388607786043027
0.351,0.0,0.03472222222222143,0.05730609418282384,0.0,-0.10183618129947143,-0.039238143684404876
0.352,0.0,0.03472222222222143,0.05730609418282384,0.0,0.07992898604174874,0.033342429679090575
0.353,0.0,0.03472222222222143,0.05730609418282384,0.0,-0.029475313099252724,-0.013394912740257708
0.354,0.0,0.03472222222222143,0.05730609418282384,0.0,-0.029065690090057092,-0.014354064358451052
0.355,0.0,0.03472222222222143,0.05730609418282384,0.0,0.0733848912860085,0.03974910786096046
0.356,0.0,-0.9652777777777786,0.05730609418282384,0.0,-0.0877998511983866,-0.05220314471003587
0.357,0.0,0.03472222222222143,0.05730609418282384,0.0,0.0687300355691266,0.04491532170107997
0.358,0.0,0.03472222222222143,0.05730609418282384,0.0,-0.025296312485458935,-0.018214912490244622
0.359,0.0,0.03472222222222143,0.05730609418282384,0.0,-0.024870083042304567,-0.019529768734697608
0.36,0.0,0.03472222222222143,0.05730609418282384,0.0,0.06272839680314808,0.05423231899045649
0.361,0.0,0.03472222222222143,0.05730609418282384,0.0,-0.07499481388164546,-0.07116649939622101
0.362,0.0,0.03472222222222143,0.05730609418282384,0.0,0.058701970095613155,0.06104792382035162
0.363,0.0,0.03472222222222143,0.05730609418282384,0.0,-0.02163670888477026,-0.024653770554059692
0.364,0.0,0.03472222222222143,0.05730609418282384,0.0,-0.021223046258424017,-0.026209986463430392
0.365,0.0,0.03472222222222143,0.05730609418282384,0.0,0.05368358038868032,0.0722973253105369
0.366,0.0,0.03472222222222143,-0.9426939058171762,0.0,-0.06436348003295358,-0.09410682908407918
0.367,0.0,0.03472222222222143,0.05730609418282384,0.0,0.050568086611019844,0.0800201255896883
0.368,0.0,0.03472222222222143,0.05730609418282384,0.0,-0.018747915638865485,-0.032024387851934115
0.369,0.0,0.03472222222222143,0.05730609418282384,0.0,-0.018394639628307504,-0.03368813970928844
0.37,0.0,0.03472222222222143,0.05730609418282384,0.0,0.0468858179767728,0.09203528453598134
0.371,0.0,0.03472222222222143,-0.9426939058171762,0.0,-0.056626906693005664,-0.11860890040155844
0.372,0.0,0.03472222222222143,0.05730609418282384,0.0,0.0448577703841989,0.09984412381425731
0.373,0.0,0.03472222222222143,0.05730609418282384,0.0,-0.01680441226842357,-0.039559893560830985
0.374,0.0,0.03472222222222143,0.05730609418282384,0.0,-0.01656348899187557,-0.04118742908503566
0.375,0.0,0.03472222222222143,0.05730609418282384,0.0,0.04272616743816421,0.11141393147816442
0.376,0.0,0.03472222222222143,0.05730609418282384,0.0,-0.05219233021433912,-0.14217177354232835
0.377,0.0,0.03472222222222143,0.05730609418282384,0.0,0.04183866624954258,0.11851679115129743
0.378,0.0,0.03472222222222143,0.05730609418282384,0.0,-0.01588146474712618,-0.046510313552086804
0.379,0.0,0.03472222222222143,0.05730609418282384,0.0,-0.015793733285727345,-0.04795881567959972
0.38,0.0,0.03472222222222143,0.05730609418282384,0.0,0.04130102354865856,0.12853179987396918
0.381,0.0,0.03472222222222143,0.05730609418282384,0.0,-0.051100695886496766,-0.16251930876593787
0.382,0.0,0.03472222222222143,0.05730609418282384,0.0,0.04148200929048986,0.13426619095650125
0.383,0.0,0.03472222222222143,0.05730609418282384,0.0,-0.015944921492505634,-0.05223342101321869
0.384,0.0,0.03472222222222143,0.05730609418282384,0.0,-0.016027640611037147,-0.053373035970422825
0.385,0.0,0.03472222222222143,0.05730609418282384,0.0,0.0424008197523837,0.14184772675353288
0.386,0.0,0.03472222222222143,0.05730609418282384,0.0,-0.053022385627068916,-0.17787124163726753
0.387,0.0,0.03472222222222143,0.05730609418282384,0.0,0.043466709609184015,0.1457593204910389
0.388,0.0,0.03472222222222143,0.05730609418282384,0.0,-0.016854931818050395,-0.056267823843015
0.389,0.0,0.03472222222222143,0.05730609418282384,0.0,-0.017094886031274903,-0.056994340206213454
0.39,0.0,0.03472222222222143,0.05730609418282384,0.0,0.04553961256102853,0.15035545453344515
0.391,0.0,0.03472222222222143,-0.9426939058171762,0.0,-0.05730214153587708,-0.18713961614080132
0.392,0.0,0.03472222222222143,0.05730609418282384,0.0,0.04722202643564463,0.15224450540235768
0.393,0.0,0.03472222222222143,0.05730609418282384,0.0,-0.01838340182286116,-0.058379246070910565
0.394,0.0,0.03472222222222143,0.05730609418282384,0.0,-0.018736947474649976,-0.058626431239425826
0.395,0.0,0.03472222222222143,0.05730609418282384,0.0,0.05002124654098336,0.15368158989396108
0.396,0.0,-0.9652777777777786,-0.9426939058171762,0.0,-0.06304682655404684,-0.1900267837824428
0.397,0.0,0.03472222222222143,0.05730609418282384,0.0,0.05200291050822169,0.15361181437518492
0.398,0.0,0.03472222222222143,0.05730609418282384,0.0,-0.020242955957949123,-0.0585750509556723
0.399,0.0,0.03472222222222143,0.05730609418282384,0.0,-0.020642835207874244,-0.05832517527955643
0.4,0.0,0.03472222222222143,0.05730609418282384,0.0,0.05503238160705713,0.1520965089787747
0.401,0.0,0.03472222222222143,0.05730609418282384,0.0,-0.0692433295662316,-0.1870156723626479
0.402,0.0,0.03472222222222143,0.05730609418282384,0.0,0.05698726117139101,0.15036688042188273
0.403,0.0,0.03472222222222143,0.05730609418282384,0.0,-0.022123442599446534,-0.05708669633161286
0.404,0.0,0.03472222222222143,0.05730609418282384,0.0,-0.022490772362776818,-0.0563774475260866
0.405,0.0,0.03472222222222143,0.05730609418282384,0.0,0.05974881960850347,0.14644031003211924
0.406,0.0,0.03472222222222143,0.05730609418282384,0.0,-0.07488960746461154,-0.17925842087962426
0.407,0.0,0.03472222222222143,0.05730609418282384,0.0,0.06138119989928301,0.14352580088243294
0.408,0.0,0.03472222222222143,0.05730609418282384,0.0,-0.023730891134789746,-0.05432430951521589
0.409,0.0,0.03472222222222143,0.05730609418282384,0.0,-0.02398972216569251,-0.05325025899360117
0.41,0.0,0.03472222222222143,0.05730609418282384,0.0,0.06343987470746157,0.1379777621610061
0.411,0.0,0.03472222222222143,-0.9426939058171762,0.0,-0.07912021654096613,-0.16838350397767712
0.412,0.0,0.03472222222222143,0.05730609418282384,0.0,0.06451748714197116,0.1344495431150568
0.413,0.0,0.03472222222222143,0.05730609418282384,0.0,-0.02482348095840884,-0.05081126480838417
0.414,0.0,0.03472222222222143,0.05730609418282384,0.0,-0.024914896748074802,-0.04951839171166074
0.415,0.0,0.03472222222222143,0.05730609418282384,0.0,0.06555621378164136,0.1282056740690865
0.416,0.0,-0.9652777777777786,0.05730609418282384,0.0,-0.08130893259398904,-0.1562521224460421
0.417,0.0,0.03472222222222143,0.05730609418282384,0.0,0.06593352877938406,0.12464398191692422
0.418,0.0,0.03472222222222143,0.05730609418282384,0.0,-0.025239575036696816,-0.04710902831264525
0.419,0.0,0.03472222222222143,0.05730609418282384,0.0,-0.025132510666243557,-0.04578156635804688
0.42,0.0,0.03472222222222143,0.05730609418282384,0.0,0.06578948394333572,0.118641888770814
0.421,0.0,0.03472222222222143,0.05730609418282384,0.0,-0.0811349361014947,-0.1447004563617382
0.422,0.0,0.03472222222222143,0.05730609418282384,0.0,0.06541878320436384,0.11555530820276588
0.423,0.0,0.03472222222222143,0.05730609418282384,0.0,-0.024914119830852354,-0.043743304950725266
0.424,0.0,0.03472222222222143,0.05730609418282384,0.0,-0.024610847972042257,-0.042583294840397246
0.425,0.0,0.03472222222222143,0.05730609418282384,0.0,0.06409662852460916,0.11062645536320882
0.426,0.0,0.03472222222222143,0.05730609418282384,0.0,-0.07860487065542485,-0.13530465994004998
0.427,0.0,0.03472222222222143,0.05730609418282384,0.0,0.06302621550865942,0.10838968430863116
0.428,0.0,0.03472222222222143,0.05730609418282384,0.0,-0.0238815131459222,-0.04114163796559136
0.429,0.0,0.03472222222222143,0.05730609418282384,0.0,-0.02341688341763465,-0.04034289721699642
0.43,0.0,0.03472222222222143,0.05730609418282384,0.0,0.060687297592793565,0.1051623681525969
0.431,0.0,0.03472222222222143,-0.9426939058171762,0.0,-0.07402989682478478,-0.12920035971798344
0.432,0.0,0.03472222222222143,0.05730609418282384,0.0,0.05904795180420362,0.10398096748006927
0.433,0.0,0.03472222222222143,0.05730609418282384,0.0,-0.02226509743851942,-0.03959028076316607
0.434,0.0,0.03472222222222143,0.05730609418282384,0.0,-0.021699879275469926,-0.03930982219365668
0.435,0.0,0.03472222222222143,0.05730609418282384,0.0,0.055978287436282886,0.10281619915156172
0.436,0.0,0.03472222222222143,-0.9426939058171762,0.0,-0.06796355583890618,-0.126978839363226
0.437,0.0,0.03472222222222143,0.05730609418282384,0.0,0.05396057603229043,0.10272198603402771
0.438,0.0,0.03472222222222143,0.05730609418282384,0.0,-0.02025541570022372,-0.03921480527926876
0.439,0.0,0.03472222222222143,0.05730609418282384,0.0,-0.01966522667645247,-0.03954578221889994
0.44,0.0,0.03472222222222143,0.05730609418282384,0.0,0.05052362477500856,0.10368915078691923
0.441,0.0,0.03472222222222143,0.05730609418282384,0.0,-0.061111777089720626,-0.12866963443541188
0.442,0.0,0.03472222222222143,0.05730609418282384,0.0,0.04834975459111862,0.10456460297763633
0.443,0.0,0.03472222222222143,0.05730609418282384,0.0,-0.01808095563303362,-0.039985089505863484
0.444,0.0,0.03472222222222143,0.05730609418282384,0.0,-0.017543040753952372,-0.04093586214740783
0.445,0.0,0.03472222222222143,0.05730609418282384,0.0,0.04493204206694477,0.10745806868611057
0.446,0.0,0.03472222222222143,0.05730609418282384,0.0,-0.054229882776708184,-0.1338058841614485
0.447,0.0,0.03472222222222143,0.05730609418282384,0.0,0.04282643541751473,0.10908325346584336
0.448,0.0,0.03472222222222143,0.05730609418282384,0.0,-0.01597606104136754,-0.041741645823891
0.449,0.0,0.03472222222222143,0.05730609418282384,0.0,-0.015556488879027981,-0.04322534811368035
0.45,0.0,0.03472222222222143,0.05730609418282384,0.0,0.039784742536647544,0.11347546436386119
0.451,0.0,-0.9652777777777786,-0.9426939058171762,0.0,-0.048022485928839224,-0.14155653941822177
0.452,0.0,0.03472222222222143,0.05730609418282384,0.0,0.037947405025970105,0.11558740033729285
0.453,0.0,0.03472222222222143,0.05730609418282384,0.0,-0.014150872484204668,-0.04423726851415103
0.454,0.0,0.03472222222222143,0.05730609418282384,0.0,-0.01389449900699163,-0.04607521384097078
0.455,0.0,0.03472222222222143,0.05730609418282384,0.0,0.03556543541361997,0.12090917030289378
0.456,0.0,0.03472222222222143,0.05730609418282384,0.0,-0.04306068606671937,-0.15090021924539976
0.457,0.0,0.03472222222222143,0.05730609418282384,0.0,0.03415149661405945,0.12326176784339529
0.458,0.0,0.03472222222222143,0.05730609418282384,0.0,-0.01276756748158632,-0.04718611594445926
0.459,0.0,0.03472222222222143,0.05730609418282384,0.0,-0.012692458997508949,-0.04912655926030087
0.46,0.0,0.03472222222222143,0.05730609418282384,0.0,0.032611879130136946,0.12889709890482764
0.461,0.0,0.03472222222222143,0.05730609418282384,0.0,-0.0397272939510293,-0.1608104541668571
0.462,0.0,0.03472222222222143,0.05730609418282384,0.0,0.03171955124825341,0.13131018737463707
0.463,0.0,0.03472222222222143,0.05730609418282384,0.0,-0.011925926896504117,-0.050311827773413254
0.464,0.0,0.03472222222222143,0.05730609418282384,0.0,-0.012022983875449983,-0.05206320310703972
0.465,0.0,0.03472222222222143,0.05730609418282384,0.0,0.03109413290946951,0.13669138829684394
0.466,0.0,0.03472222222222143,0.05730609418282384,0.0,-0.03819565646476566,-0.17042187852297536
0.467,0.0,0.03472222222222143,0.05730609418282384,0.0,0.03076193328891173,0.1390797444480939
0.468,0.0,0.03472222222222143,0.05730609418282384,0.0,-0.011659585419300313,-0.05338711435716393
0.469,0.0,0.03472222222222143,0.05730609418282384,0.0,-0.011897071341873204,-0.05466223177992374
0.47,0.0,0.03472222222222143,0.05730609418282384,0.0,0.031020101136759144,0.1437690590711256
0.471,0.0,0.03472222222222143,-0.9426939058171762,0.0,-0.038441910378750506,-0.17915149767174188
0.472,0.0,0.03472222222222143,0.05730609418282384,0.0,0.031232739089483832,0.1461463697602009
0.473,0.0,0.03472222222222143,0.05730609418282384,0.0,-0.011942520437935625,-0.05625923465405275
0.474,0.0,0.03472222222222143,0.05730609418282384,0.0,-0.012274281986985965,-0.05682448883649101
0.475,0.0,0.03472222222222143,0.05730609418282384,0.0,0.032264536778715026,0.14989262840702727
0.476,0.0,0.03472222222222143,-0.9426939058171762,0.0,-0.04028513040464734,-0.18675759937511896
0.477,0.0,0.03472222222222143,0.05730609418282384,0.0,0.03296559130803467,0.15235024012105455
0.478,0.0,0.03472222222222143,0.05730609418282384,0.0,-0.01270369779061504,-0.058858519499365304
0.479,0.0,0.03472222222222143,0.05730609418282384,0.0,-0.013079236678624791,-0.058580402344953
0.48,0.0,0.03472222222222143,0.05730609418282384,0.0,0.034614157431726425,0.15511286490498355
0.481,0.0,0.03472222222222143,0.05730609418282384,0.0,-0.04344570828462112,-0.19332977118788394
0.482,0.0,0.03472222222222143,0.05730609418282384,0.0,0.03572275541622068,0.15777811904864922
0.483,0.0,0.03472222222222143,0.05730609418282384,0.0,-0.01384658930462152,-0.061190116175101034
0.484,0.0,0.03472222222222143,0.05730609418282384,0.0,-0.014220916300426947,-0.06007065581713505
0.485,0.0,0.03472222222222143,0.05730609418282384,0.0,0.037819445857188466,0.1597156069819967
0.486,0.0,0.03472222222222143,0.05730609418282384,0.0,-0.047610019879718635,-0.19921505991859884
0.487,0.0,0.03472222222222143,0.05730609418282384,0.0,0.03924771681025901,0.16269864579977003
0.488,0.0,0.03472222222222143,0.05730609418282384,0.0,-0.015269688285026716,-0.06331192515574392
0.489,0.0,0.03472222222222143,0.05730609418282384,0.0,-0.015611076875354244,-0.06150537423858747
0.49,0.0,0.03472222222222143,0.05730609418282384,0.0,0.04164332174559246,0.1641237749501871
0.491,0.0,0.03472222222222143,-0.9426939058171762,0.0,-0.0524892881256597,-0.204895741212997
0.492,0.0,0.03472222222222143,0.05730609418282384,0.0,0.04331150527340927,0.16746417931879534
0.493,0.0,0.03472222222222143,0.05730609418282384,0.0,-0.016884248142291936,-0.06530383100925434
0.494,0.0,0.03472222222222143,0.05730609418282384,0.0,-0.017178545853026014,-0.06310907428002543
0.495,0.0,0.03472222222222143,0.05730609418282384,0.0,0.04589815717556193,0.16877296010160014
0.496,0.0,-0.9652777777777786,-0.9426939058171762,0.0,-0.05786244889832254,-0.2108418575232702
0.497,0.0,0.03472222222222143,0.05730609418282384,0.0,0.04774483984196313,0.17239796868271606
0.498,0.0,0.03472222222222143,0.05730609418282384,0.0,-0.018626210714515586,-0.06723448834046104
0.499,0.0,0.03472222222222143,0.05730609418282384,0.0,-0.018877131778201477,-0.06506106137790287
0.5,0.0,0.03472222222222143,0.05730609418282384,0.0,0.05046526559816688,0.17398317857877832
0.501,0.0,0.03472222222222143,0.05730609418282384,0.0,-0.06359635736722946,-0.2173654957501273
0.502,0.0,0.03472222222222143,0.05730609418282384,0.0,0.05245121574826744,0.1776874185049602
0.503,0.0,0.03472222222222143,0.05730609418282384,0.0,-0.020460522515076598,-0.06913197749644556
0.504,0.0,0.03472222222222143,0.05730609418282384,0.0,-0.0206861713938548,-0.06744186341758453
0.505,0.0,0.03472222222222143,0.05730609418282384,0.0,0.05529451264471669,0.1798499260799597
0.506,0.0,0.03472222222222143,-0.9426939058171762,0.0,-0.0696411666855577,-0.2245032024774151
0.507,0.0,0.03472222222222143,0.05730609418282384,0.0,0.057399796907772714,0.18330282723516253
0.508,0.0,0.03472222222222143,0.05730609418282384,0.0,-0.022377529851935907,-0.07096364911007373
0.509,0.0,0.03472222222222143,0.05730609418282384,0.0,-0.022604124931732333,-0.07019551937575588
0.51,0.0,0.03472222222222143,0.05730609418282384,0.0,0.06038544858487599,0.18617452432252654
0.511,0.0,0.03472222222222143,-0.9426939058171762,0.0,-0.07600337185847307,-0.23194815388643303
0.512,0.0,0.03472222222222143,0.05730609418282384,0.0,0.0626007522565871,0.18895651273769362
0.513,0.0,0.03472222222222143,0.05730609418282384,0.0,-0.024382632426926086,-0.07262865660582377
0.514,0.0,0.03472222222222143,0.05730609418282384,0.0,-0.024636878732734513,-0.07311519367958666
0.515,0.0,0.03472222222222143,0.05730609418282384,0.0,0.06575470976181197,0.19244743968947176
0.516,0.0,-0.9652777777777786,0.05730609418282384,0.0,-0.08270304997399677,-0.2390455310487671
0.517,0.0,0.03472222222222143,0.05730609418282384,0.0,0.06806884413695338,0.1941104845359989
0.518,0.0,0.03472222222222143,0.05730609418282384,0.0,-0.026481604678272135,-0.07396437984584062
0.519,0.0,0.03472222222222143,0.05730609418282384,0.0,-0.026783326190106753,-0.07585600516081649
0.52,0.0,0.03472222222222143,0.05730609418282384,0.0,0.07139683813894668,0.19788978151113487
0.521,0.0,0.03472222222222143,0.05730609418282384,0.0,-0.08972459118643879,-0.2448543219507014
0.522,0.0,0.03472222222222143,0.05730609418282384,0.0,0.07378313038230698,0.19803288768871877
0.523,0.0,0.03472222222222143,0.05730609418282384,0.0,-0.02866476251149685,-0.07476557766736253
0.524,0.0,0.03472222222222143,0.05730609418282384,0.0,-0.02902123966443393,-0.0779746751346777
0.525,0.0,0.03472222222222143,0.05730609418282384,0.0,0.07724676151057966,0.2015488696056387
0.526,0.0,0.03472222222222143,-0.9426939058171762,0.0,-0.09697128784118454,-0.24826808773125766
0.527,0.0,0.03472222222222143,0.05730609418282384,0.0,0.0796512725062999,0.19989558848552413
0.528,0.0,0.03472222222222143,0.05730609418282384,0.0,-0.030893342642428195,-0.07481306523340571
0.529,0.0,0.03472222222222143,0.05730609418282384,0.0,-0.03129636584221874,-0.07899125588459222
0.53,0.0,0.03472222222222143,0.05730609418282384,0.0,0.08315182830144341,0.20243502612182565
0.531,0.0,0.03472222222222143,-0.9426939058171762,0.0,-0.10423341100414882,-0.2481777341602063
0.532,0.0,0.03472222222222143,0.05730609418282384,0.0,0.08548609068255607,0.19889870353314895
0.533,0.0,0.03472222222222143,0.05730609418282384,0.0,-0.03309105630458688,-0.07390730779358111
0.534,0.0,0.03472222222222143,0.05730609418282384,0.0,-0.0335171086971393,-0.07846445909441428
0.535,0.0,0.03472222222222143,0.05730609418282384,0.0,0.08885960594335215,0.19967991749639266
0.536,0.0,0.03472222222222143,0.05730609418282384,0.0,-0.11117703362433884,-0.24365244581559298
0.537,0.0,0.03472222222222143,0.05730609418282384,0.0,0.09099985764361815,0.19440356137030113
0.538,0.0,0.03472222222222143,0.05730609418282384,0.0,-0.0351428624927191,-0.07190174165727864
0.539,0.0,0.03472222222222143,0.05730609418282384,0.0,-0.035556216483313634,-0.07606954297050918
0.54,0.0,0.03472222222222143,0.05730609418282384,0.0,0.09402494695277383,0.19269286865531823
0.541,0.0,0.03472222222222143,0.05730609418282384,0.0,-0.11735729400295407,-0.23411166934648409
0.542,0.0,0.03472222222222143,0.05730609418282384,0.0,0.09581876817991197,0.1860541230160726
0.543,0.0,0.03472222222222143,0.05730609418282384,0.0,-0.036901744564901584,-0.06873091014321595
0.544,0.0,0.03472222222222143,0.05730609418282384,0.0,-0.03725972447584274,-0.07166674897749534
0.545,0.0,0.03472222222222143,0.05730609418282384,0.0,0.09823656824280405,0.18129116540622703
0.546,0.0,0.03472222222222143,-0.9426939058171762,0.0,-0.12225564361695414,-0.21946180924930211
0.547,0.0,0.03472222222222143,0.05730609418282384,0.0,0.09951658068829379,0.17386841594712854
0.548,0.0,0.03472222222222143,0.05730609418282384,0.0,-0.03820288590849119,-0.06442952340531165
0.549,0.0,0.03472222222222143,0.05730609418282384,0.0,-0.03846221150909575,-0.0653490866021423
0.55,0.0,0.03472222222222143,0.05730609418282384,0.0,0.10106011176932979,0.16578349981849572
0.551,0.0,-0.9652777777777786,-0.9426939058171762,0.0,-0.1253365704900215,-0.20017594823594628
0.552,0.0,0.03472222222222143,0.05730609418282384,0.0,0.10166316671539183,0.15828574116284436
0.553,0.0,0.03472222222222143,0.05730609418282384,0.0,-0.038883357217109636,-0.05914008490547284
0.554,0.0,0.03472222222222143,0.05730609418282384,0.0,-0.0390063893645573,-0.05746077090216363
0.555,0.0,0.03472222222222143,0.05730609418282384,0.0,0.1020918747134694,0.1469919239566107
0.556,0.0,-0.9652777777777786,-0.9426939058171762,0.0,-0.12611597267105124,-0.1773026817987882
0.557,0.0,0.03472222222222143,0.05730609418282384,0.0,0.10188113882718808,0.14016159464229447
0.558,0.0,0.03472222222222143,0.05730609418282384,0.0,-0.03880445672728867,-0.053108473975601075
0.559,0.0,0.03472222222222143,0.05730609418282384,0.0,-0.0387643117697318,-0.04858149606429925
0.56,0.0,0.03472222222222143,0.05730609418282384,0.0,0.10101553390425684,0.12620604596425472
0.561,0.0,0.03472222222222143,0.05730609418282384,0.0,-0.12423127617275667,-0.15239988342341385
0.562,0.0,0.03472222222222143,0.05730609418282384,0.0,0.0999022433930778,0.1207094397599839
0.563,0.0,0.03472222222222143,0.05730609418282384,0.0,-0.03787333524130366,-0.046668523885320036
0.564,0.0,0.03472222222222143,0.05730609418282384,0.0,-0.037657164225523176,-0.0394764467762599
0.565,0.0,0.03472222222222143,0.05730609418282384,0.0,0.0976535044417152,0.10507251839484973
0.566,0.0,-0.9652777777777786,0.05730609418282384,0.0,-0.11950283863150221,-0.12739946647845046
0.567,0.0,0.03472222222222143,0.05730609418282384,0.0,0.09561500769327869,0.10139560965410388
0.568,0.0,0.03472222222222143,0.05730609418282384,0.0,-0.03606056075653488,-0.04021792626360505
0.569,0.0,0.03472222222222143,0.05730609418282384,0.0,-0.035670713865961594,-0.031016845635863842
0.57,0.0,0.03472222222222143,0.05730609418282384,0.0,0.0920051410980473,0.08543180657741783
0.571,0.0,0.03472222222222143,-0.9426939058171762,0.0,-0.11197720164540256,-0.10441852625815717
0.572,0.0,0.03472222222222143,0.05730609418282384,0.0,0.08909622016462034,0.08379970403173309
0.573,0.0,0.03472222222222143,0.05730609418282384,0.0,-0.033410817300946374,-0.03418855632384877
0.574,0.0,0.03472222222222143,0.05730609418282384,0.0,-0.03286403233392419,-0.024080210829084178
0.575,0.0,0.03472222222222143,0.05730609418282384,0.0,0.08426569914887158,0.06912153873465957
0.576,0.0,0.03472222222222143,0.05730609418282384,0.0,-0.10194516172097133,-0.08553936096606216
0.577,0.0,0.03472222222222143,0.05730609418282384,0.0,0.08062100463533935,0.06945707825325903
0.578,0.0,0.03472222222222143,0.05730609418282384,0.0,-0.030044893488729945,-0.02901449698890733
0.579,0.0,0.03472222222222143,0.05730609418282384,0.0,-0.02936996990450144,-0.01944271965218012
0.58,0.0,0.03472222222222143,0.05730609418282384,0.0,0.0748225438287258,0.05777043879559579
0.581,0.0,0.03472222222222143,0.05730609418282384,0.0,-0.08993103665088543,-0.07258487392123308
0.582,0.0,0.03472222222222143,0.05730609418282384,0.0,0.07064917586108427,0.059701922517005915
0.583,0.0,0.03472222222222143,0.05730609418282384,0.0,-0.02615234181203086,-0.025100709137514585
0.584,0.0,0.03472222222222143,0.05730609418282384,0.0,-0.025386929982527083,-0.017677661124524624
0.585,0.0,0.03472222222222143,0.05730609418282384,0.0,0.06422814772082609,0.0526083246786354
0.586,0.0,0.03472222222222143,0.05730609418282384,0.0,-0.07665339748402003,-0.0669163146803636
0.587,0.0,0.03472222222222143,0.05730609418282384,0.0,0.05978879254392213,0.05552887770336628
0.588,0.0,0.03472222222222143,0.05730609418282384,0.0,-0.02197548983755173,-0.02279460978348762
0.589,0.0,0.03472222222222143,0.05730609418282384,0.0,-0.021162621748530563,-0.01907366058175997
0.59,0.0,0.03472222222222143,0.05730609418282384,0.0,0.0531525060444786,0.05431577661180665
0.591,0.0,0.03472222222222143,0.05730609418282384,0.0,-0.06296135619513678,-0.069277298331313
0.592,0.0,0.03472222222222143,0.05730609418282384,0.0,0.04874088970252527,0.05748836711686027
0.593,0.0,0.03472222222222143,0.05730609418282384,0.0,-0.017786666943490185,-0.022361993540606574
0.594,0.0,0.03472222222222143,0.05730609418282384,0.0,-0.016971505844859965,-0.023584178631364583
0.595,0.0,0.03472222222222143,0.05730609418282384,0.0,0.04232030801994605,0.06293216243783173
0.596,0.0,0.03472222222222143,0.05730609418282384,0.0,-0.049753721899753724,-0.07970209458060434
0.597,0.0,0.03472222222222143,0.05730609418282384,0.0,0.038231854194934044,0.06562636403815912
0.598,0.0,0.03472222222222143,0.05730609418282384,0.0,-0.013861409538029648,-0.02396798187616762
0.599,0.0,0.03472222222222143,0.05730609418282384,0.0,-0.01308846202291988,-0.030815996699203378
0.6,0.0,0.03472222222222143,0.05730609418282384,0.0,0.0324401765519477,0.07783347092740016
0.601,0.0,0.03472222222222143,0.05730609418282384,0.0,-0.037890547082946056,-0.09749821024736184
0.602,0.0,0.03472222222222143,0.05730609418282384,0.0,0.028941486652792527,0.07947387309455162
0.603,0.0,0.03472222222222143,0.05730609418282384,0.0,-0.010450908263382833,-0.027663180149666865
0.604,0.0,0.03472222222222143,0.05730609418282384,0.0,-0.00976170010439564,-0.04005949791514812
0.605,0.0,0.03472222222222143,0.05730609418282384,0.0,0.02413429073605848,0.09778285497751013
0.606,0.0,0.03472222222222143,0.05730609418282384,0.0,-0.028107520057883195,-0.12130442152759467
0.607,0.0,0.03472222222222143,0.05730609418282384,0.0,0.021435290937580405,0.0980857510355733
0.608,0.0,0.03472222222222143,0.05730609418282384,0.0,-0.007757010498884872,-0.03337505139615964
0.609,0.0,0.03472222222222143,0.05730609418282384,0.0,-0.0071880511033451154,-0.05035818871772641
0.61,0.0,0.03472222222222143,0.05730609418282384,0.0,0.017876636585395553,0.12104806277696525
0.611,0.0,-0.9652777777777786,-0.9426939058171762,0.0,-0.020943242625198765,-0.1492168082543048
0.612,0.0,0.03472222222222143,0.05730609418282384,0.0,0.016108923942517138,0.12012334412572834
0.613,0.0,0.03472222222222143,0.05730609418282384,0.0,-0.005912705094933357,-0.04090466332887423
0.614,0.0,0.03472222222222143,0.05730609418282384,0.0,-0.005493506077223737,-0.06060980315003049
0.615,0.0,0.03472222222222143,0.05730609418282384,0.0,0.013947033318346952,0.14557214777437583
0.616,0.0,0.03472222222222143,-0.9426939058171762,0.0,-0.016687764197415585,-0.17896804197292246
0.617,0.0,0.03472222222222143,0.05730609418282384,0.0,0.01315114660737751,0.1439713343308936
0.618,0.0,0.03472222222222143,0.05730609418282384,0.0,-0.004970267668562612,-0.049929318904289866
0.619,0.0,0.03472222222222143,0.05730609418282384,0.0,-0.004721254605282676,-0.0696871748544041
0.62,0.0,0.03472222222222143,0.05730609418282384,0.0,0.012406125446232064,0.16917793387751992
0.621,0.0,0.03472222222222143,0.05730609418282384,0.0,-0.01535808124714231,-0.20813997111972418
0.622,0.0,0.03472222222222143,0.05730609418282384,0.0,0.012529284097222216,0.1678765076056376
0.623,0.0,0.03472222222222143,0.05730609418282384,0.0,-0.004898252116416964,-0.0600119587283716
0.624,0.0,0.03472222222222143,0.05730609418282384,0.0,-0.004828591119618986,-0.07656440969099534
0.625,0.0,0.03472222222222143,0.05730609418282384,0.0,0.013093983066203872,0.18978331816381327
0.626,0.0,0.03472222222222143,-0.9426939058171762,0.0,-0.016703020934829272,-0.23438688392153376
0.627,0.0,0.03472222222222143,0.05730609418282384,0.0,0.013998452010539768,0.19009499320380602
0.628,0.0,0.03472222222222143,0.05730609418282384,0.0,-0.005587419410082311,-0.0706184174247482
0.629,0.0,0.03472222222222143,0.05730609418282384,0.0,-0.0056930139409482,-0.08043309883539328
0.63,0.0,0.03472222222222143,0.05730609418282384,0.0,0.01565214244123656,0.20560391147367416
0.631,0.0,0.03472222222222143,-0.9426939058171762,0.0,-0.020236435689598563,-0.2556468076148613
0.632,0.0,0.03472222222222143,0.05730609418282384,0.0,0.017132992425816927,0.20903477016870817
0.633,0.0,0.03472222222222143,0.05730609418282384,0.0,-0.006864642886669873,-0.08114344398416883
0.634,0.0,0.03472222222222143,0.05730609418282384,0.0,-0.0071267642631451565,-0.08079448069007929
0.635,0.0,0.03472222222222143,0.05730609418282384,0.0,0.01956619196016025,0.21532167082888867
0.636,0.0,0.03472222222222143,-0.9426939058171762,0.0,-0.025294370027198847,-0.27032058606217557
0.637,0.0,0.03472222222222143,0.05730609418282384,0.0,0.02137603180082869,0.22338163741814326
0.638,0.0,0.03472222222222143,0.05730609418282384,0.0,-0.008512947757326637,-0.09094575170352172
0.639,0.0,0.03472222222222143,0.05730609418282384,0.0,-0.008898068956616953,-0.07751642894932276
0.64,0.0,0.03472222222222143,0.05730609418282384,0.0,0.024223687256252294,0.21820265860950178
0.641,0.0,0.03472222222222143,0.05730609418282384,0.0,-0.031109203028207882,-0.27740277439078365
0.642,0.0,0.03472222222222143,0.05730609418282384,0.0,0.026101112159765353,0.23219905595946191
0.643,0.0,0.03472222222222143,0.05730609418282384,0.0,-0.010295227077971984,-0.0993912511253475
0.644,0.0,0.03472222222222143,0.05730609418282384,0.0,-0.010756579088546549,-0.07084851369995263
0.645,0.0,0.03472222222222143,0.05730609418282384,0.0,0.028980526912147597,0.21415321095960982
0.646,0.0,0.03472222222222143,0.05730609418282384,0.0,-0.03689201197081796,-0.2765539483419166
0.647,0.0,0.03472222222222143,0.05730609418282384,0.0,0.030678664144734902,0.23499494638620397
0.648,0.0,0.03472222222222143,0.05730609418282384,0.0,-0.011978881804601755,-0.10590216807575936
0.649,0.0,0.03472222222222143,0.05730609418282384,0.0,-0.012460028143889402,-0.061393570783905935
0.65,0.0,0.03472222222222143,0.05730609418282384,0.0,0.03322811402096923,0.2037108029009896
0.651,0.0,0.03472222222222143,-0.9426939058171762,0.0,-0.04191372010710395,-0.2681101452497727
0.652,0.0,0.03472222222222143,0.05730609418282384,0.0,0.034539790577574836,0.23175136476463415
0.653,0.0,0.03472222222222143,0.05730609418282384,0.0,-0.013358670463492994,-0.11000819816407842
0.654,0.0,0.03472222222222143,0.05730609418282384,0.0,-0.013799027318270035,-0.05003953963686036
0.655,0.0,0.03472222222222143,0.05730609418282384,0.0,0.03645374349866548,0.18797291636386976
0.656,0.0,0.03472222222222143,-0.9426939058171762,0.0,-0.04557602957351579,-0.2530311742380473
0.657,0.0,0.03472222222222143,0.05730609418282384,0.0,0.03723041095169079,0.22291577594351955
0.658,0.0,0.03472222222222143,0.05730609418282384,0.0,-0.014275396328349657,-0.11139451108853611
0.659,0.0,0.03472222222222143,0.05730609418282384,0.0,-0.014617184344220912,-0.037860102568050724
0.66,0.0,0.03472222222222143,0.05730609418282384,0.0,0.03828765707840204,0.1684734770972121
0.661,0.0,0.03472222222222143,0.05730609418282384,0.0,-0.047464614417879664,-0.23279491094707128
0.662,0.0,0.03472222222222143,0.05730609418282384,0.0,0.03845017965862106,0.20935527978122034
0.663,0.0,0.03472222222222143,0.05730609418282384,0.0,-0.014628646771738585,-0.109940619464473
0.664,0.0,0.03472222222222143,0.05730609418282384,0.0,-0.01482434572051804,-0.02599627612640429
0.665,0.0,0.03472222222222143,0.05730609418282384,0.0,0.03853196191629076,0.14702130987951761
0.666,0.0,0.03472222222222143,0.05730609418282384,0.0,-0.047379358548754524,-0.2092490356947822
0.667,0.0,0.03472222222222143,0.05730609418282384,0.0,0.038072549081394354,0.1922775803750036
0.668,0.0,0.03472222222222143,0.05730609418282384,0.0,-0.014382549008288144,-0.10574414201495154
0.669,0.0,0.03472222222222143,0.05730609418282384,0.0,-0.01440164503222588,-0.015533130015691503
0.67,0.0,0.03472222222222143,0.05730609418282384,0.0,0.03716889348893294,0.12551816089499745
0.671,0.0,-0.9652777777777786,-0.9426939058171762,0.0,-0.04533927834530839,-0.18443475218532707
0.672,0.0,0.03472222222222143,0.05730609418282384,0.0,0.036144658285348664,0.17312471221724096
0.673,0.0,0.03472222222222143,-0.9426939058171762,0.0,-0.013564326707541964,-0.0991244788788092
0.674,0.0,0.03472222222222143,0.05730609418282384,0.0,-0.013398081565937425,-0.007386022797813289
0.675,0.0,0.03472222222222143,0.05730609418282384,0.0,0.034348437278996634,0.1057749744839313
0.676,0.0,0.03472222222222143,-0.9426939058171762,0.0,-0.04156282201356496,-0.160398746303989
0.677,0.0,0.03472222222222143,0.05730609418282384,0.0,0.03286811247491728,0.15344752937832928
0.678,0.0,0.03472222222222143,0.05730609418282384,0.0,-0.012256240955470302,-0.09060337490776006
0.679,0.0,0.03472222222222143,0.05730609418282384,0.0,-0.011919419913261169,-0.002209171004146989
0.68,0.0,0.03472222222222143,0.05730609418282384,0.0,0.030357796558224192,0.0893443324690602
0.681,0.0,0.03472222222222143,0.05730609418282384,0.0,-0.03642712196456876,-0.13901002713388633
0.682,0.0,0.03472222222222143,0.05730609418282384,0.0,0.02856389978948664,0.1347706534598947
0.683,0.0,0.03472222222222143,0.05730609418282384,0.0,-0.010582193800980364,-0.08086209171898268
0.684,0.0,0.03472222222222143,0.05730609418282384,0.0,-0.010111152673171057,-0.00033626623097651737
0.685,0.0,0.03472222222222143,0.05730609418282384,0.0,0.025577302981326454,0.07738449841202844
0.686,0.0,0.03472222222222143,0.05730609418282384,0.0,-0.03041215022065819,-0.12179741967438093
0.687,0.0,0.03472222222222143,0.05730609418282384,0.0,0.023626420948820757,0.11845882378087326
0.688,0.0,0.03472222222222143,0.05730609418282384,0.0,-0.008690795930126182,-0.07067809043691939
0.689,0.0,0.03472222222222143,0.05730609418282384,0.0,-0.00813797707688008,-0.0017586708653275099
0.69,0.0,0.03472222222222143,0.05730609418282384,0.0,0.02042885436700607,0.07056672443502449
0.691,0.0,0.03472222222222143,0.05730609418282384,0.0,-0.024037310501739188,-0.10982147378774436
0.692,0.0,0.03472222222222143,0.05730609418282384,0.0,0.01847268969916137,0.10559619893067068
0.693,0.0,0.03472222222222143,0.05730609418282384,0.0,-0.006737005079523434,-0.06084727352922668
0.694,0.0,0.03472222222222143,0.05730609418282384,0.0,-0.006162605411534385,-0.006142029127699186
0.695,0.0,0.03472222222222143,0.05730609418282384,0.0,0.015323648417230072,0.0690328251024957
0.696,0.0,0.03472222222222143,-0.9426939058171762,0.0,-0.017798610840083346,-0.10359156228679214
0.697,0.0,0.03472222222222143,0.05730609418282384,0.0,0.013493080956043388,0.09688989636531925
0.698,0.0,0.03472222222222143,0.05730609418282384,0.0,-0.004864504957567768,-0.05210042765642227
0.699,0.0,0.03472222222222143,0.05730609418282384,0.0,-0.004326707291842972,-0.01287754153944003
0.7,0.0,0.03472222222222143,0.05730609418282384,0.0,0.010615782238852994,0.07240498184646607
0.701,0.0,0.03472222222222143,0.05730609418282384,0.0,-0.012114133955924304,-0.10303513181629068
0.702,0.0,0.03472222222222143,0.05730609418282384,0.0,0.0090095330126068,0.09260772965174054
0.703,0.0,0.03472222222222143,0.05730609418282384,0.0,-0.003190816124667518,-0.045024072483574776
0.704,0.0,0.03472222222222143,0.05730609418282384,0.0,-0.0027363728922560077,-0.021160243098730373
0.705,0.0,0.03472222222222143,0.05730609418282384,0.0,0.0065672400270070505,0.07984477915461557
0.706,0.0,0.03472222222222143,0.05730609418282384,0.0,-0.007284126201187807,-0.10752164920111744
0.707,0.0,0.03472222222222143,0.05730609418282384,0.0,0.005245919637938724,0.0925576088757651
0.708,0.0,0.03472222222222143,0.05730609418282384,0.0,-0.0017967345202546915,-0.0399961038460256
0.709,0.0,0.03472222222222143,0.05730609418282384,0.0,-0.0014537504575666306,-0.030083858945870807
0.71,0.0,0.03472222222222143,0.05730609418282384,0.0,0.0033280429592260578,0.09015400987992887
0.711,0.0,0.03472222222222143,-0.9426939058171762,0.0,-0.0034698516047470206,-0.11593901458411714
0.712,0.0,0.03472222222222143,0.05730609418282384,0.0,0.0023135557705749495,0.09611245849238662
0.713,0.0,0.03472222222222143,0.05730609418282384,0.0,-0.0007211257163563957,-0.03714527420447397
0.714,0.0,0.03472222222222143,0.05730609418282384,0.0,-0.0004955583357186563,-0.038740475896123644
0.715,0.0,0.03472222222222143,0.05730609418282384,0.0,0.0009331302196697794,0.101906172013634
0.716,0.0,0.03472222222222143,0.05730609418282384,0.0,-0.0006927004741104657,-0.12681542114356198
0.717,0.0,0.03472222222222143,0.05730609418282384,0.0,0.00021271672931109508,0.1022800172593197
0.718,0.0,0.03472222222222143,0.05730609418282384,0.0,3.857291998048982e-05,-0.036340770498390615
0.719,0.0,0.03472222222222143,0.05730609418282384,0.0,0.00016185497428871894,-0.04631345266341186
0.72,0.0,0.03472222222222143,0.05730609418282384,0.0,-0.0006848131088754935,0.11359508052234615
0.721,0.0,0.03472222222222143,0.05730609418282384,0.0,0.001147736543981856,-0.13847522718442523
0.722,0.0,0.03472222222222143,0.05730609418282384,0.0,-0.001151090630848254,0.10981194739831993
0.723,0.0,0.03472222222222143,0.05730609418282384,0.0,0.0005204979929320961,-0.037214263239155436
0.724,0.0,0.03472222222222143,0.05730609418282384,0.0,0.0005721735857905213,-0.05215358211414616
0.725,0.0,0.03472222222222143,0.05730609418282384,0.0,-0.0016695355348085067,0.12378581131438408
0.726,0.0,0.03472222222222143,0.05730609418282384,0.0,0.002240438263839616,-0.14921381263686995
0.727,0.0,0.03472222222222143,0.05730609418282384,0.0,-0.0019392822535448352,0.11734188037718048
0.728,0.0,0.03472222222222143,0.05730609418282384,0.0,0.0007881680200304484,-0.0392123467691387
0.729,0.0,0.03472222222222143,0.05730609418282384,0.0,0.0008054884428337557,-0.05583122530148186
0.73,0.0,0.03472222222222143,0.05730609418282384,0.0,-0.0022070409542027268,0.1312533584878418
0.731,0.0,0.03472222222222143,-0.9426939058171762,0.0,0.0028202923257548435,-0.15747406090141197
0.732,0.0,0.03472222222222143,0.05730609418282384,0.0,-0.0023453894080370814,0.12353803090076662
0.733,0.0,0.03472222222222143,0.05730609418282384,0.0,0.0009174977524726944,-0.04167292893295377
0.734,0.0,0.03472222222222143,0.05730609418282384,0.0,0.000933754511141543,-0.05716054152186369
0.735,0.0,0.03472222222222143,0.05730609418282384,0.0,-0.0024886439526995464,0.1350958967063645
0.736,0.0,0.03472222222222143,0.05730609418282384,0.0,0.0031227813868333516,-0.162006417367177
0.737,0.0,0.03472222222222143,0.05730609418282384,0.0,-0.0025586659505754308,0.12725346346685298
0.738,0.0,0.03472222222222143,0.05730609418282384,0.0,0.0009828978071751019,-0.043915539633646604
0.739,0.0,0.03472222222222143,0.05730609418282384,0.0,0.001017696103181845,-0.05619555922470629
0.74,0.0,0.03472222222222143,0.05730609418282384,0.0,-0.0026769544353886275,0.1348122680224478
0.741,0.0,0.03472222222222143,0.05730609418282384,0.0,0.003342843482827748,-0.16199567169417997
0.742,0.0,0.03472222222222143,0.05730609418282384,0.0,-0.0027314809630395514,0.127656507081372
0.743,0.0,0.03472222222222143,0.05730609418282384,0.0,0.0010444322405001555,-0.04533330129910365
0.744,0.0,0.03472222222222143,0.05730609418282384,0.0,0.001097139746471007,-0.05320119171345299
0.745,0.0,0.03472222222222143,0.05730609418282384,0.0,-0.0028797422260280685,0.1303370215362342
0.746,0.0,0.03472222222222143,-0.9426939058171762,0.0,0.0036037927423783257,-0.15714073582874763
0.747,0.0,0.03472222222222143,0.05730609418282384,0.0,-0.002955102122997103,0.12432545508532884
0.748,0.0,0.03472222222222143,0.05730609418282384,0.0,0.001137841788586364,-0.045473836607212985
0.749,0.0,0.03472222222222143,0.05730609418282384,0.0,0.001186062034845914,-0.04860498987168368
0.75,0.0,0.03472222222222143,0.05730609418282384,0.0,-0.00313516959642522,0.12203069201185104
0.751,0.0,0.03472222222222143,-0.9426939058171762,0.0,0.003940411968421685,-0.1476785431971626
0.752,0.0,0.03472222222222143,0.05730609418282384,0.0,-0.003247070143362394,0.11729551867351941
0.753,0.0,0.03472222222222143,0.05730609418282384,0.0,0.001268832031156694,-0.04409780999936946
0.754,0.0,0.03472222222222143,0.05730609418282384,0.0,0.0012727663690172164,-0.04293715103237886
0.755,0.0,0.03472222222222143,0.05730609418282384,0.0,-0.003409942550884173,0.11062759743572598
0.756,0.0,0.03472222222222143,0.05730609418282384,0.0,0.004298003191194537,-0.13434932185188503
0.757,0.0,0.03472222222222143,0.05730609418282384,0.0,-0.003551532939804029,0.10705164696049314
0.758,0.0,0.03472222222222143,0.05730609418282384,0.0,0.001412421679281412,-0.04120694198533681
0.759,0.0,0.03472222222222143,0.05730609418282384,0.0,0.001324702213133157,-0.036766927577229096
0.76,0.0,0.03472222222222143,0.05730609418282384,0.0,-0.0036098354609204724,0.09714780407049474
0.761,0.0,0.03472222222222143,0.05730609418282384,0.0,0.004546670863231075,-0.11830721848441063
0.762,0.0,0.03472222222222143,0.05730609418282384,0.0,-0.003751925481797482,0.09446759785529996
0.763,0.0,0.03472222222222143,0.05730609418282384,0.0,0.0015174231533254855,-0.03703775147405921
0.764,0.0,0.03472222222222143,0.05730609418282384,0.0,0.0012966712041531771,-0.030643117631295267
0.765,0.0,0.03472222222222143,0.05730609418282384,0.0,-0.003600124707869456,0.08278358358551233
0.766,0.0,0.03472222222222143,0.05730609418282384,0.0,0.00450780429375022,-0.10098674607568525
0.767,0.0,0.03472222222222143,0.05730609418282384,0.0,-0.003693544316340861,0.08069863460375276
0.768,0.0,0.03472222222222143,0.05730609418282384,0.0,0.00151538201710385,-0.03202230910341542
0.769,0.0,0.03472222222222143,0.05730609418282384,0.0,0.0011406584073508565,-0.025044933488628674
0.77,0.0,0.03472222222222143,0.05730609418282384,0.0,-0.003232027014708036,0.06877324942866302
0.771,0.0,0.03472222222222143,-0.9426939058171762,0.0,0.003987972864482591,-0.08394093111624754
0.772,0.0,0.03472222222222143,0.05730609418282384,0.0,-0.003212146646153534,0.06704143247973791
0.773,0.0,0.03472222222222143,0.05730609418282384,0.0,0.001332637400871556,-0.0267221499182693
0.774,0.0,0.03472222222222143,0.05730609418282384,0.0,0.0008153666851677735,-0.020347501629321828
0.775,0.0,0.03472222222222143,0.05730609418282384,0.0,-0.00237049352849237,0.0562763893573623
0.776,0.0,0.03472222222222143,0.05730609418282384,0.0,0.0028145064704761472,-0.06867057093339698
0.777,0.0,0.03472222222222143,0.05730609418282384,0.0,-0.0021639074914117126,0.0547792715177261
0.778,0.0,0.03472222222222143,0.05730609418282384,0.0,0.0009036788201042059,-0.021745435660604648
0.779,0.0,0.03472222222222143,0.05730609418282384,0.0,0.0002937347179962697,-0.01680388602825916
0.78,0.0,0.03472222222222143,0.05730609418282384,0.0,-0.0009187563133155337,0.046264039992924846
0.781,0.0,0.03472222222222143,0.05730609418282384,0.0,0.0008670251283100582,-0.05646511686446997
0.782,0.0,0.03472222222222143,0.05730609418282384,0.0,-0.00045200033106762707,0.04503264463805155
0.783,0.0,0.03472222222222143,0.05730609418282384,0.0,0.00018374070761612468,-0.017659852051345973
0.784,0.0,0.03472222222222143,0.05730609418282384,0.0,-0.0004327668860838992,-0.014543191246039982
0.785,0.0,0.03472222222222143,0.05730609418282384,0.0,0.0011641820430403824,0.03943529642160622
0.786,0.0,0.03472222222222143,0.05730609418282384,0.0,-0.0018999284128942528,-0.048274131764536675
0.787,0.0,0.03472222222222143,0.05730609418282384,0.0,0.001954283347224063,0.03863465083829158
0.788,0.0,0.03472222222222143,0.05730609418282384,0.0,-0.0008413641896708728,-0.01491419351401963
0.789,0.0,0.03472222222222143,0.05730609418282384,0.0,-0.0013535523988837568,-0.013582304333604961
0.79,0.0,0.03472222222222143,0.05730609418282384,0.0,0.0038555516808200024,0.03616843447263423
0.791,0.0,0.03472222222222143,0.05730609418282384,0.0,-0.005446391783198422,-0.04462416458862696
0.792,0.0,0.03472222222222143,0.05730609418282384,0.0,0.005010714456324878,0.03604701572100459
0.793,0.0,0.03472222222222143,0.05730609418282384,0.0,-0.002149817559302361,-0.01378005315956815
0.794,0.0,0.03472222222222143,0.05730609418282384,0.0,-0.002441774927167696,-0.013847409122751866
0.795,0.0,0.03472222222222143,0.05730609418282384,0.0,0.0070710591567061725,0.03651025035448024
0.796,0.0,0.03472222222222143,0.05730609418282384,0.0,-0.009649829200340488,-0.04558975349166707
0.797,0.0,0.03472222222222143,0.05730609418282384,0.0,0.008600817150164333,0.037326761930159144
0.798,0.0,0.03472222222222143,0.05730609418282384,0.0,-0.0036838143413393323,-0.014321748328081021
0.799,0.0,0.03472222222222143,0.05730609418282384,0.0,-0.003659679738777192,-0.01520068493814479
0.8,0.0,0.03472222222222143,0.05730609418282384,0.0,0.010676425169145088,0.04020253932203105
0.801,0.0,0.03472222222222143,0.05730609418282384,0.0,-0.014320425657234102,-0.05081994434340605
0.802,0.0,0.03472222222222143,0.05730609418282384,0.0,0.012549535799683266,0.042146283729121346
0.803,0.0,0.03472222222222143,0.05730609418282384,0.0,-0.005355291954256849,-0.01639810383380724
0.804,0.0,0.03472222222222143,0.05730609418282384,0.0,-0.004965095883319274,-0.017467604808839098
0.805,0.0,0.03472222222222143,0.05730609418282384,0.0,0.01450586705338824,0.046740063693153054
0.806,0.0,0.03472222222222143,0.05730609418282384,0.0,-0.019226108531260437,-0.05961423035088399
0.807,0.0,0.03472222222222143,0.05730609418282384,0.0,0.016645756550282914,0.04986194957972614
0.808,0.0,0.03472222222222143,0.05730609418282384,0.0,-0.007056796082842631,-0.01969471512893122
0.809,0.0,0.03472222222222143,0.05730609418282384,0.0,-0.006317603569753151,-0.020460893069716515
0.81,0.0,0.03472222222222143,0.05730609418282384,0.0,0.01838429358761294,0.055450612012388684
0.811,0.0,0.03472222222222143,-0.9426939058171762,0.0,-0.024123309323968768,-0.07103526736568307
0.812,0.0,0.03472222222222143,0.05730609418282384,0.0,0.020670367415898366,0.05961952413977896
0.813,0.0,0.03472222222222143,0.05730609418282384,0.0,-0.00867612814644934,-0.02378062691715189
0.814,0.0,0.03472222222222143,0.05730609418282384,0.0,-0.007683149313240109,-0.02399832452759264
0.815,0.0,0.03472222222222143,0.05730609418282384,0.0,0.02214973472409903,0.06558533713391136
0.816,0.0,0.03472222222222143,0.05730609418282384,0.0,-0.028788936833586874,-0.08404106621343102
0.817,0.0,0.03472222222222143,0.05730609418282384,0.0,0.024425897562260945,0.07047971353165353
0.818,0.0,0.03472222222222143,0.05730609418282384,0.0,-0.010112809788288183,-0.02817973693023649
0.819,0.0,0.03472222222222143,0.05730609418282384,0.0,-0.009036392168331407,-0.027912933006829434
0.82,0.0,0.03472222222222143,0.05730609418282384,0.0,0.02567291085051448,0.07640681444272503
0.821,0.0,0.03472222222222143,0.05730609418282384,0.0,-0.0330492428543025,-0.09761730062347196
0.822,0.0,0.03472222222222143,0.05730609418282384,0.0,0.02776374261492776,0.08154475714723179
0.823,0.0,0.03472222222222143,0.05730609418282384,0.0,-0.011294052733529495,-0.032445235836471166
0.824,0.0,0.03472222222222143,0.05730609418282384,0.0,-0.010360730476846746,-0.032055617945809814
0.825,0.0,0.03472222222222143,0.05730609418282384,0.0,0.028871720012072718,0.08726328077396404
0.826,0.0,0.03472222222222143,0.05730609418282384,0.0,-0.03680210962419382,-0.11089119805080314
0.827,0.0,0.03472222222222143,0.05730609418282384,0.0,0.030605512415839486,0.09206756528018929
0.828,0.0,0.03472222222222143,0.05730609418282384,0.0,-0.01218789335610152,-0.036225314236717585
0.829,0.0,0.03472222222222143,0.05730609418282384,0.0,-0.01164661928170697,-0.036291385827674265
0.83,0.0,0.03472222222222143,0.05730609418282384,0.0,0.031719559821370036,0.09764014159003968
0.831,0.0,-0.9652777777777786,-0.9426939058171762,0.0,-0.040030552418692106,-0.12321205467753563
0.832,0.0,0.03472222222222143,0.05730609418282384,0.0,0.03295599540611412,0.10152831098188296
0.833,0.0,0.03472222222222143,0.05730609418282384,0.0,-0.012811450770481684,-0.039310177293585775
0.834,0.0,0.03472222222222143,0.05730609418282384,0.0,-0.01288927921956717,-0.0404913784509393
0.835,0.0,0.03472222222222143,0.05730609418282384,0.0,0.03424753456475521,0.10718367082871562
0.836,0.0,0.03472222222222143,0.05730609418282384,0.0,-0.04280662981232866,-0.13418915834312595
0.837,0.0,0.03472222222222143,0.05730609418282384,0.0,0.03490642663805874,0.10966904778161178
0.838,0.0,0.03472222222222143,0.05730609418282384,0.0,-0.013232859313876445,-0.04165376540838656
0.839,0.0,0.03472222222222143,0.05730609418282384,0.0,-0.014087085700129006,-0.04452332762073818
0.84,0.0,0.03472222222222143,0.05730609418282384,0.0,0.036541476339615866,0.11569629253665221
0.841,0.0,0.03472222222222143,0.05730609418282384,0.0,-0.045286209829412075,-0.14368489452411115
0.842,0.0,0.03472222222222143,0.05730609418282384,0.0,0.03662796417341936,0.11648390230937353
0.843,0.0,0.03472222222222143,0.05730609418282384,0.0,-0.013566233752555841,-0.04336789377962654
0.844,0.0,0.03472222222222143,0.05730609418282384,0.0,-0.015241743784095001,-0.04824311230982501
0.845,0.0,0.03472222222222143,0.05730609418282384,0.0,0.03873515526783907,0.12310724599589666
0.846,0.0,0.03472222222222143,-0.9426939058171762,0.0,-0.047695936378241155,-0.15176793448611106
0.847,0.0,0.03472222222222143,0.05730609418282384,0.0,0.03835633594107321,0.12216953710493711
0.848,0.0,0.03472222222222143,0.05730609418282384,0.0,-0.013959941194722141,-0.044691056569001
0.849,0.0,0.03472222222222143,0.05730609418282384,0.0,-0.016360814617688412,-0.051489722185510164
0.85,0.0,0.03472222222222143,0.05730609418282384,0.0,0.0410010062049109,0.1294261228114487
0.851,0.0,0.03472222222222143,-0.9426939058171762,0.0,-0.050314168081462586,-0.15863752898938133
0.852,0.0,0.03472222222222143,0.05730609418282384,0.0,0.0403693895853475,0.12704673433743152
0.853,0.0,0.03472222222222143,0.05730609418282384,0.0,-0.014579355517820625,-0.04593813633448249
0.854,0.0,0.03472222222222143,0.05730609418282384,0.0,-0.017462366059338957,-0.05408524459819247
0.855,0.0,0.03472222222222143,0.05730609418282384,0.0,0.04353922679651771,0.13468916351234916
0.856,0.0,0.03472222222222143,0.05730609418282384,0.0,-0.053447639380327386,-0.1645340921822089
0.857,0.0,0.03472222222222143,0.05730609418282384,0.0,0.04295971342564933,0.13146813542924304
0.858,0.0,0.03472222222222143,0.05730609418282384,0.0,-0.015586038417942111,-0.04744007100535229
0.859,0.0,0.03472222222222143,0.05730609418282384,0.0,-0.018580647592166256,-0.055840615982230495
0.86,0.0,0.03472222222222143,0.05730609418282384,0.0,0.04656538995383998,0.13890895248082138
0.861,0.0,0.03472222222222143,0.05730609418282384,0.0,-0.057405258272775504,-0.16965282282584895
0.862,0.0,0.03472222222222143,0.05730609418282384,0.0,0.046404628608695035,0.13572874656209818
0.863,0.0,0.03472222222222143,0.05730609418282384,0.0,-0.01711582477527061,-0.04948373287319115
0.864,0.0,0.03472222222222143,0.05730609418282384,0.0,-0.019770951664705997,-0.05656694785453021
0.865,0.0,0.03472222222222143,0.05730609418282384,0.0,0.05029602373561958,0.1420371538549375
0.866,0.0,0.03472222222222143,0.05730609418282384,0.0,-0.062470023591166594,-0.17407586992177446
0.867,0.0,0.03472222222222143,0.05730609418282384,0.0,0.050935773692183814,0.13999459394166228
0.868,0.0,0.03472222222222143,0.05730609418282384,0.0,-0.019258519264443268,-0.05226172817699698
0.869,0.0,0.03472222222222143,0.05730609418282384,0.0,-0.02111142993126296,-0.0560913764708099
0.87,0.0,0.03472222222222143,0.05730609418282384,0.0,0.054931217497996496,0.1439473659025299
0.871,0.0,0.03472222222222143,-0.9426939058171762,0.0,-0.06886975721271284,-0.17773476730466636
0.872,0.0,0.03472222222222143,0.05730609418282384,0.0,0.056710335732775174,0.14426116713171946
0.873,0.0,0.03472222222222143,0.05730609418282384,0.0,-0.022041806092797142,-0.055839697166102764
0.874,0.0,0.03472222222222143,0.05730609418282384,0.0,-0.02269974185938822,-0.05427569259424139
0.875,0.0,0.03472222222222143,0.05730609418282384,0.0,0.060633433113550045,0.14444146634898417
0.876,0.0,-0.9652777777777786,0.05730609418282384,0.0,-0.07674739912988367,-0.1804092148303402
0.877,0.0,0.03472222222222143,0.05730609418282384,0.0,0.06378583993933527,0.14834772432363355
0.878,0.0,0.03472222222222143,0.05730609418282384,0.0,-0.025421546655516793,-0.060145414987379985
0.879,0.0,0.03472222222222143,0.05730609418282384,0.0,-0.024643091051386286,-0.05103554896295228
0.88,0.0,0.03472222222222143,0.05730609418282384,0.0,0.06750243389725263,0.14327858758431913
0.881,0.0,0.03472222222222143,0.05730609418282384,0.0,-0.08613209876768926,-0.1817617515424121
0.882,0.0,0.03472222222222143,0.05730609418282384,0.0,0.07210036150187943,0.15192714333405488
0.883,0.0,0.03472222222222143,0.05730609418282384,0.0,-0.029279941998205366,-0.06498017819931046
0.884,0.0,0.03472222222222143,0.05730609418282384,0.0,-0.02704139979662129,-0.046357848021115214
0.885,0.0,0.03472222222222143,0.05730609418282384,0.0,0.07554753289218807,0.14022179348508365
0.886,0.0,0.03472222222222143,-0.9426939058171762,0.0,-0.09691320578016152,-0.18140156139941252
0.887,0.0,0.03472222222222143,0.05730609418282384,0.0,0.0814600672479181,0.1545848966363896
0.888,0.0,0.03472222222222143,0.05730609418282384,0.0,-0.03343215069391513,-0.0700492933579103
0.889,0.0,0.03472222222222143,0.05730609418282384,0.0,-0.029964911703530456,-0.040313980556347585
0.89,0.0,0.03472222222222143,0.05730609418282384,0.0,0.08465998163217307,0.13509429452495542
0.891,0.0,-0.9652777777777786,-0.9426939058171762,0.0,-0.10882032157723602,-0.17896563180745162
0.892,0.0,0.03472222222222143,0.05730609418282384,0.0,0.09153605481399542,0.15589594101612536
0.893,0.0,0.03472222222222143,0.05730609418282384,0.0,-0.037640980648111146,-0.07500559038203439
0.894,0.0,0.03472222222222143,0.05730609418282384,0.0,-0.03342912210871927,-0.03306689328283998
0.895,0.0,0.03472222222222143,0.05730609418282384,0.0,0.09458990976527658,0.12783516330421066
0.896,0.0,0.03472222222222143,0.05730609418282384,0.0,-0.12141350518688336,-0.17420257205368034
0.897,0.0,0.03472222222222143,0.05730609418282384,0.0,0.10187239648485864,0.1555056207113292
0.898,0.0,0.03472222222222143,0.05730609418282384,0.0,-0.04163832571583956,-0.07949822495834136
0.899,0.0,0.03472222222222143,0.05730609418282384,0.0,-0.03737128604763497,-0.024870472139951274
0.9,0.0,0.03472222222222143,0.05730609418282384,0.0,0.10493335324016108,0.11854430389154226
0.901,0.0,0.03472222222222143,0.05730609418282384,0.0,-0.13408816528293005,-0.16704404426559089
0.902,0.0,0.03472222222222143,0.05730609418282384,0.0,0.11190695179450956,0.1532004798417564
0.903,0.0,0.03472222222222143,0.05730609418282384,0.0,-0.04515120060912129,-0.08321882719784177
0.904,0.0,0.03472222222222143,0.05730609418282384,0.0,-0.04163351716322622,-0.016060393399022165
0.905,0.0,0.03472222222222143,0.05730609418282384,0.0,0.11513516032973689,0.10750791866237855
0.906,0.0,0.03472222222222143,-0.9426939058171762,0.0,-0.14609877624948434,-0.1576509722317406
0.907,0.0,0.03472222222222143,0.05730609418282384,0.0,0.12100574735917444,0.14895711227595645
0.908,0.0,0.03472222222222143,0.05730609418282384,0.0,-0.04792963099247214,-0.08593823886294567
0.909,0.0,0.03472222222222143,0.05730609418282384,0.0,-0.04595741094206352,-0.007036369482327047
0.91,0.0,0.03472222222222143,0.05730609418282384,0.0,0.12451264152628701,0.0951986626771242
0.911,0.0,-0.9652777777777786,-0.9426939058171762,0.0,-0.15660411262787535,-0.14642604425896596
0.912,0.0,0.03472222222222143,0.05730609418282384,0.0,0.12851046568284263,0.1429613653944493
0.913,0.0,0.03472222222222143,-0.9426939058171762,0.0,-0.04977334713723735,-0.08752934533934012
0.914,0.0,0.03472222222222143,0.05730609418282384,0.0,-0.04999407429278876,0.0017634480202107828
0.915,0.0,0.03472222222222143,0.05730609418282384,0.0,0.13230263174119372,0.08224860021177406
0.916,0.0,-0.9652777777777786,0.05730609418282384,0.0,-0.16473418244304927,-0.13398972967360936
0.917,0.0,0.03472222222222143,0.05730609418282384,0.0,0.13379687981266963,0.13559554841322233
0.918,0.0,0.03472222222222143,0.05730609418282384,0.0,-0.05055424740987225,-0.08797435197633927
0.919,0.0,0.03472222222222143,0.05730609418282384,0.0,-0.05333146310644195,0.009894301901220742
0.92,0.0,0.03472222222222143,0.05730609418282384,0.0,0.13773131496237212,0.06939734762679083
0.921,0.0,0.03472222222222143,0.05730609418282384,0.0,-0.16967567475810655,-0.1211230843982518
0.922,0.0,0.03472222222222143,0.05730609418282384,0.0,0.13634009164696484,0.12739678858801567
0.923,0.0,0.03472222222222143,0.05730609418282384,0.0,-0.05023194893495829,-0.08735769462942543
0.924,0.0,0.03472222222222143,0.05730609418282384,0.0,-0.055538245199560965,0.01694050142247278
0.925,0.0,0.03472222222222143,0.05730609418282384,0.0,0.14010213752837966,0.05742171709871037
0.926,0.0,0.03472222222222143,0.05730609418282384,0.0,-0.17076897615563927,-0.10868599145194685
0.927,0.0,0.03472222222222143,0.05730609418282384,0.0,0.13578047460695933,0.11899434741263064
0.928,0.0,0.03472222222222143,0.05730609418282384,0.0,-0.04886040164397826,-0.08584806057795617
0.929,0.0,0.03472222222222143,0.05730609418282384,0.0,-0.056220404955497474,0.022551865426813398
0.93,0.0,0.03472222222222143,0.05730609418282384,0.0,0.13889303838209652,0.04705614307400122
0.931,0.0,0.03472222222222143,0.05730609418282384,0.0,-0.16760629299680882,-0.09752327261621031
0.932,0.0,0.03472222222222143,0.05730609418282384,0.0,0.13198266578100246,0.11103675491626856
0.933,0.0,0.03472222222222143,0.05730609418282384,0.0,-0.046584452749595696,-0.0836743173449833
0.934,0.0,0.03472222222222143,0.05730609418282384,0.0,-0.05508398350013764,0.026477401886132804
0.935,0.0,0.03472222222222143,0.05730609418282384,0.0,0.13385080832170312,0.038914714452307
0.936,0.0,-0.9652777777777786,0.05730609418282384,0.0,-0.16011786156818003,-0.08837271903364559
0.937,0.0,0.03472222222222143,0.05730609418282384,0.0,0.12507919635355644,0.1041205692271528
0.938,0.0,0.03472222222222143,0.05730609418282384,0.0,-0.043626328574115115,-0.08110030978695168
0.939,0.0,0.03472222222222143,0.05730609418282384,0.0,-0.05199522930024492,0.0285925089933399
0.94,0.0,0.03472222222222143,0.05730609418282384,0.0,0.12506840427877355,0.03342552017358517
0.941,0.0,0.03472222222222143,0.05730609418282384,0.0,-0.1486323071645421,-0.08178831588184551
0.942,0.0,0.03472222222222143,0.05730609418282384,0.0,0.11549072760763143,0.09873135044732197
0.943,0.0,0.03472222222222143,0.05730609418282384,0.0,-0.04026314495048538,-0.07840254797734196
0.944,0.0,0.03472222222222143,0.05730609418282384,0.0,-0.04702848094718268,0.028916167120890734
0.945,0.0,0.03472222222222143,0.05730609418282384,0.0,0.11303108733512013,0.030786279686191357
0.946,0.0,0.03472222222222143,0.05730609418282384,0.0,-0.13389840654489857,-0.07808899426503645
0.947,0.0,0.03472222222222143,0.05730609418282384,0.0,0.10391656478434484,0.09520438898421739
0.948,0.0,0.03472222222222143,0.05730609418282384,0.0,-0.036797647000429846,-0.07585306201008254
0.949,0.0,0.03472222222222143,0.05730609418282384,0.0,-0.040492626785164285,0.02761519535965779
0.95,0.0,0.03472222222222143,0.05730609418282384,0.0,0.09861963980765436,0.030947163286773573
0.951,0.0,-0.9652777777777786,-0.9426939058171762,0.0,-0.11705898551088492,-0.07733871848078361
0.952,0.0,0.03472222222222143,0.05730609418282384,0.0,0.09129213543491983,0.09370851867545431
0.953,0.0,0.03472222222222143,-0.9426939058171762,0.0,-0.033525289943773615,-0.0737076067590128
0.954,0.0,0.03472222222222143,0.05730609418282384,0.0,-0.03292907277758905,0.02499368696167187
0.955,0.0,0.03472222222222143,0.05730609418282384,0.0,0.08306358534459671,0.03362280397022081
0.956,0.0,0.03472222222222143,0.05730609418282384,0.0,-0.09957322579482557,-0.07935845336800114
0.957,0.0,0.03472222222222143,0.05730609418282384,0.0,0.07871418307550361,0.0942518428418017
0.958,0.0,0.03472222222222143,0.05730609418282384,0.0,-0.030701387410682436,-0.07219749197053509
0.959,0.0,0.03472222222222143,0.05730609418282384,0.0,-0.02507762914614659,0.021467175268829818
0.96,0.0,0.03472222222222143,0.05730609418282384,0.0,0.06784381315397216,0.03833137482138444
0.961,0.0,-0.9652777777777786,0.05730609418282384,0.0,-0.0830906433379108,-0.08376550004562902
0.962,0.0,0.03472222222222143,0.05730609418282384,0.0,0.06733904822475001,0.09670430337020493
0.963,0.0,0.03472222222222143,0.05730609418282384,0.0,-0.028512275280147194,-0.07152207841796558
0.964,0.0,0.03472222222222143,0.05730609418282384,0.0,-0.017811172992420948,0.01752281014557918
0.965,0.0,0.03472222222222143,0.05730609418282384,0.0,0.05455144604836315,0.04445488537231622
0.966,0.0,0.03472222222222143,0.05730609418282384,0.0,-0.06928747394291095,-0.0900317137542999
0.967,0.0,0.03472222222222143,0.05730609418282384,0.0,0.058263916786676063,0.10082947967168303
0.968,0.0,0.03472222222222143,0.05730609418282384,0.0,-0.02705420406045744,-0.07183875499825951
0.969,0.0,0.03472222222222143,0.05730609418282384,0.0,-0.012044730700106877,0.013668672435276374
0.97,0.0,0.03472222222222143,0.05730609418282384,0.0,0.04471708052731193,0.05131208622407818
0.971,0.0,0.03472222222222143,-0.9426939058171762,0.0,-0.05968299392667081,-0.09754987349534376
0.972,0.0,0.03472222222222143,0.05730609418282384,0.0,0.05240455863282088,0.10631727613468148
0.973,0.0,0.03472222222222143,0.05730609418282384,0.0,-0.02632296462799357,-0.07324810071370703
0.974,0.0,0.03472222222222143,0.05730609418282384,0.0,-0.008629009974141351,0.010377093218208604
0.975,0.0,0.03472222222222143,0.05730609418282384,0.0,0.03963045766048277,0.05823394750033812
0.976,0.0,0.03472222222222143,0.05730609418282384,0.0,-0.05545821904991248,-0.10569727171431198
0.977,0.0,0.03472222222222143,0.05730609418282384,0.0,0.050385148601116224,0.1128103259949806
0.978,0.0,0.03472222222222143,0.05730609418282384,0.0,-0.026216110157803476,-0.07577378383848654
0.979,0.0,0.03472222222222143,0.05730609418282384,0.0,-0.008241659790034262,0.008028217412964502
0.98,0.0,0.03472222222222143,0.05730609418282384,0.0,0.04017409199778967,0.06463175758824867
0.981,0.0,0.03472222222222143,0.05730609418282384,0.0,-0.05730145252239269,-0.11388736148759603
0.982,0.0,0.03472222222222143,0.05730609418282384,0.0,0.05245572391744132,0.11991969733074552
0.983,0.0,0.03472222222222143,0.05730609418282384,0.0,-0.026548160497751112,-0.07933916256218607
0.984,0.0,0.03472222222222143,0.05730609418282384,0.0,-0.01129103744992519,0.006860803567257614
0.985,0.0,0.03472222222222143,0.05730609418282384,0.0,0.04669459180407685,0.07004940190932835
0.986,0.0,0.03472222222222143,0.05730609418282384,0.0,-0.06530365676238936,-0.12160360677156236
0.987,0.0,0.03472222222222143,0.05730609418282384,0.0,0.058450441635233996,0.12722919525670257
0.988,0.0,0.03472222222222143,-0.9426939058171762,0.0,-0.0270775191379327,-0.08374496422979912
0.989,0.0,0.03472222222222143,0.05730609418282384,0.0,-0.017846643521144356,0.00693717570140276
0.99,0.0,0.03472222222222143,0.05730609418282384,0.0,0.058932014647634715,0.07419404015414988
0.991,0.0,0.03472222222222143,-0.9426939058171762,0.0,-0.07892149164355035,-0.1284138262132977
0.992,0.0,0.03472222222222143,0.05730609418282384,0.0,0.06779517740699709,0.13429137394431187
0.993,0.0,0.03472222222222143,0.05730609418282384,0.0,-0.02754219566105495,-0.08865421550564295
0.994,0.0,0.03472222222222143,0.05730609418282384,0.0,-0.027607591504584923,0.0081282191708165
0.995,0.0,0.03472222222222143,0.05730609418282384,0.0,0.07602084772576857,0.07694275751164001
0.996,0.0,-0.9652777777777786,0.05730609418282384,0.0,-0.09701757317403431,-0.13396746802771994
0.997,0.0,0.03472222222222143,0.05730609418282384,0.0,0.07956665645630495,0.14062143003661018
0.998,0.0,0.03472222222222143,0.05730609418282384,0.0,-0.027700028544511576,-0.0935912286531218
0.999,0.0,0.03472222222222143,0.05730609418282384,0.0,-0.03991579854592163,0.010122344018046271
1.0,0.0,0.03472222222222143,0.05730609418282384,0.0,0.09656688086126676,0.0783262912118283
1.001,0.0,0.03472222222222143,0.05730609418282384,0.0,-0.11797710157503165,-0.13798159446531055
1.002,0.0,0.03472222222222143,0.05730609418282384,0.0,0.09259806866753824,0.14569671593407119
1.003,0.0,0.03472222222222143,0.05730609418282384,0.0,-0.02736815882342544,-0.0979605709553899
1.004,0.0,0.03472222222222143,0.05730609418282384,0.0,-0.05381462369916495,0.012459572454216543
1.005,0.0,0.03472222222222143,0.05730609418282384,0.0,0.1187936276297866,0.0784941017923831
1.006,0.0,0.03472222222222143,0.05730609418282384,0.0,-0.1398889596506641,-0.14022325965254842
1.007,0.0,0.03472222222222143,0.05730609418282384,0.0,0.10561905711917635,0.148969252790883
1.008,0.0,0.03472222222222143,0.05730609418282384,0.0,-0.026456191120291416,-0.10108949303495512
1.009,0.0,0.03472222222222143,0.05730609418282384,0.0,-0.06814728585717265,0.014588630563301539
1.01,0.0,0.03472222222222143,0.05730609418282384,0.0,0.14074162047914723,0.07766742621348306
1.011,0.0,-0.9652777777777786,-0.9426939058171762,0.0,-0.1607693830520244,-0.14049609832087212
1.012,0.0,0.03472222222222143,0.05730609418282384,0.0,0.11741221341608757,0.14989629598740964
1.013,0.0,0.03472222222222143,0.05730609418282384,0.0,-0.024987903126745623,-0.1022935312888836
1.014,0.0,0.03472222222222143,0.05730609418282384,0.0,-0.08168352190506971,0.015941544796610845
1.015,0.0,0.03472222222222143,0.05730609418282384,0.0,0.1604954896656838,0.07608822042658375
1.016,0.0,0.03472222222222143,0.05730609418282384,0.0,-0.17879899749234482,-0.13863732233645953
1.017,0.0,0.03472222222222143,0.05730609418282384,0.0,0.1269647748062584,0.1479900813225638
1.018,0.0,0.03472222222222143,0.05730609418282384,0.0,-0.02310754279281055,-0.10096049691642024
1.019,0.0,0.03472222222222143,0.05730609418282384,0.0,-0.09325851791411686,0.016017239013139825
1.02,0.0,0.03472222222222143,0.05730609418282384,0.0,0.17640865506275089,0.0739719563361911
1.021,0.0,0.03472222222222143,0.05730609418282384,0.0,-0.19254072320266763,-0.13452830902775476
1.022,0.0,0.03472222222222143,0.05730609418282384,0.0,0.13359380994995906,0.14288308504096672
1.023,0.0,0.03472222222222143,0.05730609418282384,0.0,-0.021068592256915833,-0.09664360555741681
1.024,0.0,0.03472222222222143,0.05730609418282384,0.0,-0.10190589692660479,0.014463481121349691
1.025,0.0,0.03472222222222143,0.05730609418282384,0.0,0.18729468105437824,0.0714711517737033
1.026,0.0,0.03472222222222143,0.05730609418282384,0.0,-0.2011075180259345,-0.12811819404701916
1.027,0.0,0.03472222222222143,0.05730609418282384,0.0,0.13702607496013533,0.13440041865453464
1.028,0.0,0.03472222222222143,-0.9426939058171762,0.0,-0.01920518097220282,-0.08915096058836602
1.029,0.0,0.03472222222222143,0.05730609418282384,0.0,-0.10696689881904382,0.011145654124930874
1.03,0.0,0.03472222222222143,0.05730609418282384,0.0,0.19255819618281284,0.06865451254883753
1.031,0.0,-0.9652777777777786,-0.9426939058171762,0.0,-0.20425519727194316,-0.11945613433696346
1.032,0.0,0.03472222222222143,0.05730609418282384,0.0,0.13741967446125244,0.1226273532029212
1.033,0.0,0.03472222222222143,0.05730609418282384,0.0,-0.017888811216289133,-0.07861678024168543
1.034,0.0,-0.9652777777777786,0.05730609418282384,0.0,-0.10816087225094731,0.006191496833043459
1.035,0.0,0.03472222222222143,0.05730609418282384,0.0,0.19224636499960443,0.06550399712754401
1.036,0.0,-0.9652777777777786,0.05730609418282384,0.0,-0.20238588938991092,-0.108724964017979
1.037,0.0,0.03472222222222143,0.05730609418282384,0.0,0.13532291763453233,0.10795828575725899
1.038,0.0,0.03472222222222143,0.05730609418282384,0.0,-0.017475375984767758,-0.06554022422986389
1.039,0.0,0.03472222222222143,0.05730609418282384,0.0,-0.10560743740663514,3.245892396540763e-06
1.04,0.0,0.03472222222222143,0.05730609418282384,0.0,0.18701312981924648,0.06192937499327704
1.041,0.0,-0.9652777777777786,0.05730609418282384,0.0,-0.19646062917744628,-0.09626745636289032
1.042,0.0,0.03472222222222143,0.05730609418282384,0.0,0.13157514058445685,0.09111426439762531
1.043,0.0,0.03472222222222143,0.05730609418282384,0.0,-0.01824925187853763,-0.05078064282337219
1.044,0.0,0.03472222222222143,0.05730609418282384,0.0,-0.09979743059116886,-0.006767650297179217
1.045,0.0,0.03472222222222143,0.05730609418282384,0.0,0.17800117820297892,0.05779732859527094
1.046,0.0,-0.9652777777777786,-0.9426939058171762,0.0,-0.18783323102186886,-0.08259668498886366
1.047,0.0,0.03472222222222143,0.05730609418282384,0.0,0.12716334679825922,0.07311957890238847
1.048,0.0,0.03472222222222143,0.05730609418282384,0.0,-0.020372230854471925,-0.035503326318268295
1.049,0.0,0.03472222222222143,0.05730609418282384,0.0,-0.0915170130017667,-0.013283281927317876
1.05,0.0,0.03472222222222143,0.05730609418282384,0.0,0.1666588987558627,0.05297017204215373
1.051,0.0,0.03472222222222143,0.05730609418282384,0.0,-0.17802980064962085,-0.0683840618700084
1.052,0.0,0.03472222222222143,0.05730609418282384,0.0,0.12305583940399016,0.055233523220377403
1.053,0.0,0.03472222222222143,0.05730609418282384,0.0,-0.023845001420729598,-0.021076736096036986
1.054,0.0,0.03472222222222143,0.05730609418282384,0.0,-0.08173601923704196,-0.018614276571215265
1.055,0.0,0.03472222222222143,0.05730609418282384,0.0,0.15451952515747658,0.04734805110619281
1.056,0.0,0.03472222222222143,0.05730609418282384,0.0,-0.16850705146403896,-0.05442218645954614
1.057,0.0,0.03472222222222143,0.05730609418282384,0.0,0.12003833238673856,0.03884042451562294
1.058,0.0,0.03472222222222143,0.05730609418282384,0.0,-0.028487723872587797,-0.008929763452962656
1.059,0.0,0.03472222222222143,0.05730609418282384,0.0,-0.07147670949412914,-0.021856841442559224
1.06,0.0,0.03472222222222143,0.05730609418282384,0.0,0.14297561438471326,0.040908150678573306
1.061,0.0,0.03472222222222143,0.05730609418282384,0.0,-0.16042647687923273,-0.04156404864318768
1.062,0.0,0.03472222222222143,0.05730609418282384,0.0,0.1185785065931389,0.025308282145519747
1.063,0.0,0.03472222222222143,0.05730609418282384,0.0,-0.03394404620421159,-0.0003846003234923329
1.064,0.0,0.03472222222222143,0.05730609418282384,0.0,-0.06168178082926999,-0.022257666551317834
1.065,0.0,0.03472222222222143,0.05730609418282384,0.0,0.13308292780133918,0.03373494847578506
1.066,0.0,0.03472222222222143,0.05730609418282384,0.0,-0.1544796149418256,-0.030644592392595357
1.067,0.0,0.03472222222222143,0.05730609418282384,0.0,0.11874137400406697,0.01583261416125663
1.068,0.0,0.03472222222222143,0.05730609418282384,0.0,-0.0397099181193228,0.003513884232545039
1.069,0.0,0.03472222222222143,0.05730609418282384,0.0,-0.05310035972472521,-0.01933020462316089
1.07,0.0,0.03472222222222143,0.05730609418282384,0.0,0.12542342632246617,0.026036794960022976
1.071,0.0,0.03472222222222143,0.05730609418282384,0.0,-0.15079223805986205,-0.022394340578558523
1.072,0.0,0.03472222222222143,0.05730609418282384,0.0,0.12017053167604261,0.011286208227984788
1.073,0.0,0.03472222222222143,0.05730609418282384,0.0,-0.04518515708808811,0.002148796329586503
1.074,0.0,0.03472222222222143,0.05730609418282384,0.0,-0.04620775042264618,-0.012945690141896213
1.075,0.0,0.03472222222222143,0.05730609418282384,0.0,0.12004803475757289,0.018145872129776842
1.076,0.0,-0.9652777777777786,0.05730609418282384,0.0,-0.1489233240756958,-0.017356999310596057
1.077,0.0,0.03472222222222143,0.05730609418282384,0.0,0.12214043690446821,0.012096560837606277
1.078,0.0,0.03472222222222143,0.05730609418282384,0.0,-0.04974236904551316,-0.004560764699303327
1.079,0.0,0.03472222222222143,0.05730609418282384,0.0,-0.04116940176449092,-0.0033844467892793608
1.08,0.0,0.03472222222222143,0.05730609418282384,0.0,0.11650742276384453,0.010500650786582931
1.081,0.0,0.03472222222222143,0.05730609418282384,0.0,-0.14795989780791044,-0.01582324821890642
1.082,0.0,0.03472222222222143,0.05730609418282384,0.0,0.12367370069364368,0.01817047292814919
1.083,0.0,0.03472222222222143,0.05730609418282384,0.0,-0.052805018543864546,-0.016112677200241458
1.084,0.0,0.03472222222222143,0.05730609418282384,0.0,-0.03785270319795722,0.008662578193983054
1.085,0.0,0.03472222222222143,0.05730609418282384,0.0,0.11396520268366943,0.0036120824083172537
1.086,0.0,0.03472222222222143,0.05730609418282384,0.0,-0.14669355771526346,-0.017791162778286906
1.087,0.0,0.03472222222222143,0.05730609418282384,0.0,0.12370680893431926,0.02887971615448515
1.088,0.0,0.03472222222222143,0.05730609418282384,0.0,-0.05392462259958224,-0.03144672118385473
1.089,0.0,0.03472222222222143,0.05730609418282384,0.0,-0.03588289576859114,0.02214599481743575
1.09,0.0,0.03472222222222143,0.05730609418282384,0.0,0.11137483701363653,-0.001983297229542887
1.091,0.0,-0.9652777777777786,0.05730609418282384,0.0,-0.14385114706343952,-0.02296014768114343
1.092,0.0,0.03472222222222143,0.05730609418282384,0.0,0.1212793471113028,0.043113606516900466
1.093,0.0,0.03472222222222143,0.05730609418282384,0.0,-0.052846534546246014,-0.049042888083681874
1.094,0.0,0.03472222222222143,0.05730609418282384,0.0,-0.03473272856755076,0.03576071775912488
1.095,0.0,0.03472222222222143,0.05730609418282384,0.0,0.10769127833591793,-0.0057785969547616495
1.096,0.0,-0.9652777777777786,0.05730609418282384,0.0,-0.13834277209538823,-0.03076044804841504
1.097,0.0,0.03472222222222143,0.05730609418282384,0.0,0.11571712997737113,0.059394885299328765
1.098,0.0,0.03472222222222143,0.05730609418282384,0.0,-0.04955473952815542,-0.06708416974063779
1.099,0.0,0.03472222222222143,0.05730609418282384,0.0,-0.033830539854010404,0.048089020869364
1.1,0.0,0.03472222222222143,0.05730609418282384,0.0,0.1020826074028479,-0.007354298526151147
1.101,0.0,0.03472222222222143,0.05730609418282384,0.0,-0.12948678279514517,-0.040415032595038945
1.102,0.0,0.03472222222222143,0.05730609418282384,0.0,0.10677948737323809,0.07604594643170655
1.103,0.0,0.03472222222222143,0.05730609418282384,0.0,-0.044288444630702764,-0.08366530260695493
1.104,0.0,0.03472222222222143,0.05730609418282384,0.0,-0.03266895623263061,0.057767521039345855
1.105,0.0,0.03472222222222143,0.05730609418282384,0.0,0.09410666461807606,-0.006432162933513493
1.106,0.0,-0.9652777777777786,0.05730609418282384,0.0,-0.11717410967528151,-0.0510257810217392
1.107,0.0,0.03472222222222143,0.05730609418282384,0.0,0.09474549911538202,0.09138464051511641
1.108,0.0,0.03472222222222143,-0.9426939058171762,0.0,-0.03752674623150586,-0.09702153798147563
1.109,0.0,0.03472222222222143,0.05730609418282384,0.0,-0.03089674925578596,0.06365751619534753
1.11,0.0,0.03472222222222143,0.05730609418282384,0.0,0.08382299103529699,-0.0029191320273689214
1.111,0.0,0.03472222222222143,-0.9426939058171762,0.0,-0.10194317917575701,-0.06167226350049641
1.112,0.0,0.03472222222222143,0.05730609418282384,0.0,0.08042262886176373,0.10392390375885972
1.113,0.0,0.03472222222222143,0.05730609418282384,0.0,-0.029941846110559136,-0.10574752971240448
1.114,0.0,0.03472222222222143,0.05730609418282384,0.0,-0.028379480502409536,0.06499652539128409
1.115,0.0,0.03472222222222143,0.05730609418282384,0.0,0.07182051439199756,0.003064199722751298
1.116,0.0,0.03472222222222143,0.05730609418282384,0.0,-0.0849502200480096,-0.07150957585683217
1.117,0.0,0.03472222222222143,0.05730609418282384,0.0,0.06507273040116299,0.1125481652477262
1.118,0.0,0.03472222222222143,0.05730609418282384,0.0,-0.022325595172790744,-0.10897661227264469
1.119,0.0,0.03472222222222143,0.05730609418282384,0.0,-0.0252198807420296,0.06151027934513468
1.12,0.0,0.03472222222222143,0.05730609418282384,0.0,0.059154761630224685,0.011174645348394394
1.121,0.0,0.03472222222222143,0.05730609418282384,0.0,-0.06783604686838046,-0.07985198594430395
1.122,0.0,0.03472222222222143,0.05730609418282384,0.0,0.05026305321040808,0.1166421752012391
1.123,0.0,0.03472222222222143,0.05730609418282384,0.0,-0.015497956571496439,-0.10649520976674612
1.124,0.0,0.03472222222222143,0.05730609418282384,0.0,-0.021735573420011173,0.053468730548333517
1.125,0.0,0.03472222222222143,0.05730609418282384,0.0,0.047202847554177765,0.02085932646192589
1.126,0.0,0.03472222222222143,0.05730609418282384,0.0,-0.05250682477813442,-0.08623149545298776
1.127,0.0,0.03472222222222143,0.05730609418282384,0.0,0.037661700263120504,0.1161542455421446
1.128,0.0,0.03472222222222143,-0.9426939058171762,0.0,-0.010208734370667164,-0.09877534807101379
1.129,0.0,0.03472222222222143,0.05730609418282384,0.0,-0.01839868774764559,0.041676412909935845
1.13,0.0,0.03472222222222143,0.05730609418282384,0.0,0.0374577792287767,0.03139060004767232
1.131,0.0,0.03472222222222143,0.05730609418282384,0.0,-0.04086028180777036,-0.09042442571439933
1.132,0.0,0.03472222222222143,0.05730609418282384,0.0,0.028806121335778093,0.11158499873644116
1.133,0.0,0.03472222222222143,0.05730609418282384,0.0,-0.007045180379175226,-0.08691913197534874
1.134,0.0,0.03472222222222143,0.05730609418282384,0.0,-0.015748001516115242,0.027395830726147645
1.135,0.0,0.03472222222222143,0.05730609418282384,0.0,0.031293601291473294,0.04192091807908779
1.136,0.0,0.03472222222222143,0.05730609418282384,0.0,-0.03449809983634672,-0.09244412481719255
1.137,0.0,0.03472222222222143,0.05730609418282384,0.0,0.024878179776668816,0.1039032368085456
1.138,0.0,0.03472222222222143,0.05730609418282384,0.0,-0.006357644968719075,-0.07252106432235421
1.139,0.0,0.03472222222222143,0.05730609418282384,0.0,-0.014288546303481683,0.0122113845943593
1.14,0.0,0.03472222222222143,0.05730609418282384,0.0,0.029737981073407912,0.05155330722122459
1.141,0.0,0.03472222222222143,0.05730609418282384,0.0,-0.034468262980093554,-0.09250304293333529
1.142,0.0,0.03472222222222143,0.05730609418282384,0.0,0.026519261780618097,0.09440089364859237
1.143,0.0,0.03472222222222143,0.05730609418282384,0.0,-0.008213295868930742,-0.057465492603884206
1.144,0.0,0.03472222222222143,0.05730609418282384,0.0,-0.014395438204276695,-0.002150569427355047
1.145,0.0,0.03472222222222143,0.05730609418282384,0.0,0.03328816677869192,0.05942122472765642
1.146,0.0,0.03472222222222143,0.05730609418282384,0.0,-0.041077426630380054,-0.09095189865375111
1.147,0.0,0.03472222222222143,0.05730609418282384,0.0,0.03371373236088757,0.08450766094918709
1.148,0.0,0.03472222222222143,0.05730609418282384,0.0,-0.01238435813591241,-0.043685600362490085
1.149,0.0,0.03472222222222143,0.05730609418282384,0.0,-0.016237810892650806,-0.014023730073431983
1.15,0.0,0.03472222222222143,0.05730609418282384,0.0,0.04179993428715937,0.06477013452648495
1.151,0.0,0.03472222222222143,-0.9426939058171762,0.0,-0.0538034126673146,-0.08820675659519417
1.152,0.0,0.03472222222222143,0.05730609418282384,0.0,0.04575950602946667,0.07559148449700415
1.153,0.0,0.03472222222222143,0.05730609418282384,0.0,-0.018372808658866098,-0.032915863697266144
1.154,0.0,0.03472222222222143,0.05730609418282384,0.0,-0.019735310747047874,-0.022000729860578612
1.155,0.0,0.03472222222222143,0.05730609418282384,0.0,0.05446815685245769,0.06703245743715873
1.156,0.0,-0.9652777777777786,0.05730609418282384,0.0,-0.07132324747125092,-0.08467609615227706
1.157,0.0,0.03472222222222143,0.05730609418282384,0.0,0.06133200730701729,0.06877288191662555
1.158,0.0,0.03472222222222143,0.05730609418282384,0.0,-0.025468616398338608,-0.02647094087765714
1.159,0.0,0.03472222222222143,0.05730609418282384,0.0,-0.024554255883673444,-0.02510360943094505
1.16,0.0,0.03472222222222143,0.05730609418282384,0.0,0.06990371636864538,0.06588772721924864
1.161,0.0,0.03472222222222143,0.05730609418282384,0.0,-0.09165500161505294,-0.08069923004956622
1.162,0.0,0.03472222222222143,0.05730609418282384,0.0,0.07863423269267548,0.06477869780676629
1.163,0.0,0.03472222222222143,0.05730609418282384,0.0,-0.03283413760776114,-0.02508038371356771
1.164,0.0,0.03472222222222143,0.05730609418282384,0.0,-0.030144154066323002,-0.022903941813337998
1.165,0.0,0.03472222222222143,0.05730609418282384,0.0,0.08629681504160945,0.061300889699854436
1.166,0.0,0.03472222222222143,0.05730609418282384,0.0,-0.1123947173289682,-0.0765049182395602
1.167,0.0,0.03472222222222143,0.05730609418282384,0.0,0.09561305382192531,0.06385487633388513
1.168,0.0,0.03472222222222143,0.05730609418282384,0.0,-0.03960379110542168,-0.028800863546175524
1.169,0.0,0.03472222222222143,0.05730609418282384,0.0,-0.035808862460219554,-0.01557697833691183
1.17,0.0,0.03472222222222143,0.05730609418282384,0.0,0.10164363937939674,0.0535336683452992
1.171,0.0,-0.9652777777777786,-0.9426939058171762,0.0,-0.13101554407481739,-0.07219519723685773
1.172,0.0,0.03472222222222143,0.05730609418282384,0.0,0.11021223482537972,0.06574904287138192
1.173,0.0,0.03472222222222143,0.05730609418282384,0.0,-0.04498614928400224,-0.03701690853614927
1.174,0.0,0.03472222222222143,0.05730609418282384,0.0,-0.04080127905165264,-0.0038826541396730836
1.175,0.0,0.03472222222222143,0.05730609418282384,0.0,0.11400380975518573,0.043126623001795
1.176,0.0,0.03472222222222143,0.05730609418282384,0.0,-0.14518701723327024,-0.06775498787571377
1.177,0.0,0.03472222222222143,0.05730609418282384,0.0,0.12062733902291006,0.06976349795102475
1.178,0.0,0.03472222222222143,0.05730609418282384,0.0,-0.04835536746787706,-0.04852900395884523
1.179,0.0,0.03472222222222143,0.05730609418282384,0.0,-0.044426919823811896,0.01092424536025213
1.18,0.0,0.03472222222222143,0.05730609418282384,0.0,0.12175156837331844,0.030852677135432393
1.181,0.0,0.03472222222222143,0.05730609418282384,0.0,-0.15306959177275353,-0.06308371675736159
1.182,0.0,0.03472222222222143,0.05730609418282384,0.0,0.12552755554964637,0.07486917985245922
1.183,0.0,0.03472222222222143,0.05730609418282384,0.0,-0.049320460583481704,-0.06171606507020132
1.184,0.0,0.03472222222222143,0.05730609418282384,0.0,-0.04614057873265236,0.02724329389865205
1.185,0.0,0.03472222222222143,0.05730609418282384,0.0,0.12378485524846385,0.01764612736369756
1.186,0.0,0.03472222222222143,0.05730609418282384,0.0,-0.15354345868968997,-0.058041699135486464
1.187,0.0,0.03472222222222143,0.05730609418282384,0.0,0.12421447060075809,0.07986273430693293
1.188,0.0,0.03472222222222143,0.05730609418282384,0.0,-0.047764082983873614,-0.07474944009035768
1.189,0.0,0.03472222222222143,0.05730609418282384,0.0,-0.04562161598361966,0.04331794485853044
1.19,0.0,0.03472222222222143,0.05730609418282384,0.0,0.11966303197717498,0.00451407993225267
1.191,0.0,-0.9652777777777786,0.05730609418282384,0.0,-0.14634064905681776,-0.05250192666850925
1.192,0.0,0.03472222222222143,0.05730609418282384,0.0,0.11669713483190532,0.08354324663317614
1.193,0.0,0.03472222222222143,-0.9426939058171762,0.0,-0.043846709961078124,-0.08582911045479476
1.194,0.0,0.03472222222222143,0.05730609418282384,0.0,-0.04281699556538562,0.05744129195516752
1.195,0.0,0.03472222222222143,0.05730609418282384,0.0,0.10965492556399264,-0.007560504988078779
1.196,0.0,-0.9652777777777786,0.05730609418282384,0.0,-0.13206385618019606,-0.04639747248020321
1.197,0.0,0.03472222222222143,0.05730609418282384,0.0,0.1036749751442638,0.08488318763913054
1.198,0.0,0.03472222222222143,0.05730609418282384,0.0,-0.037976838118132974,-0.09341048251542064
1.199,0.0,0.03472222222222143,0.05730609418282384,0.0,-0.03794636734205132,0.06815225248350687
1.2,0.0,0.03472222222222143,0.05730609418282384,0.0,0.0946923127225488,-0.017713759215364798
1.201,0.0,0.03472222222222143,0.05730609418282384,0.0,-0.1120920024230254,-0.039755966492743725
1.202,0.0,0.03472222222222143,0.05730609418282384,0.0,0.08643328309627475,0.08316988108520425
1.203,0.0,0.03472222222222143,0.05730609418282384,0.0,-0.03075233532920536,-0.09639233151074536
1.204,0.0,0.03472222222222143,0.05730609418282384,0.0,-0.031469396048847006,0.07439806571606809
1.205,0.0,0.03472222222222143,0.05730609418282384,0.0,0.07623782111205081,-0.025283437803184098
1.206,0.0,0.03472222222222143,0.05730609418282384,0.0,-0.08838877161149228,-0.03271522406910767
1.207,0.0,0.03472222222222143,0.05730609418282384,0.0,0.06666818273406287,0.07809892450948193
1.208,0.0,0.03472222222222143,0.05730609418282384,0.0,-0.022881740000526847,-0.09424263420819916
1.209,0.0,0.03472222222222143,0.05730609418282384,0.0,-0.024021222478157227,0.07564387395817478
1.21,0.0,0.03472222222222143,0.05730609418282384,0.0,0.05608834610286555,-0.02986989481799918
1.211,0.0,0.03472222222222143,0.05730609418282384,0.0,-0.06324366739864526,-0.025517627310957823
1.212,0.0,0.03472222222222143,0.05730609418282384,0.0,0.04626733439894838,0.06980859896480794
1.213,0.0,0.03472222222222143,-0.9426939058171762,0.0,-0.015096631138590886,-0.08704820822759747
1.214,0.0,0.03472222222222143,0.05730609418282384,0.0,-0.01632651165041968,0.07191745984179716
1.215,0.0,0.03472222222222143,0.05730609418282384,0.0,0.03614365618906438,-0.03136877274115754
1.216,0.0,0.03472222222222143,0.05730609418282384,0.0,-0.038983694032957907,-0.018484630122156284
1.217,0.0,0.03472222222222143,0.05730609418282384,0.0,0.02707784105489048,0.05885315815265431
1.218,0.0,0.03472222222222143,0.05730609418282384,0.0,-0.00806687275468041,-0.07548485408310553
1.219,0.0,0.03472222222222143,0.05730609418282384,0.0,-0.00910531918083362,0.0637858894489024
1.22,0.0,0.03472222222222143,0.05730609418282384,0.0,0.01817368254115691,-0.029971948482642615
1.221,0.0,0.03472222222222143,0.05730609418282384,0.0,-0.017696341360465488,-0.01197613871246022
1.222,0.0,0.03472222222222143,0.05730609418282384,0.0,0.010693236680671018,0.04612162626615525
1.223,0.0,0.03472222222222143,0.05730609418282384,0.0,-0.0023295356522625905,-0.060715477011219286
1.224,0.0,0.03472222222222143,0.05730609418282384,0.0,-0.0029846236338880987,0.05226962835299287
1.225,0.0,0.03472222222222143,0.05730609418282384,0.0,0.0036166384231384953,-0.026137008653354454
1.226,0.0,0.03472222222222143,0.05730609418282384,0.0,-0.0010010051620590666,-0.006341955650373044
1.227,0.0,0.03472222222222143,0.05730609418282384,0.0,-0.001712841478707168,0.032716066710375434
1.228,0.0,0.03472222222222143,0.05730609418282384,0.0,0.0017601755741997783,-0.04423291646773782
1.229,0.0,0.03472222222222143,0.05730609418282384,0.0,0.001572176085602719,0.03870744322590188
1.23,0.0,0.03472222222222143,0.05730609418282384,0.0,-0.006565999693433474,-0.0205292323844459
1.231,0.0,0.03472222222222143,0.05730609418282384,0.0,0.010102934771369042,-0.0018735977442455492
1.232,0.0,0.03472222222222143,0.05730609418282384,0.0,-0.00948683565202093,0.019808193777663623
1.233,0.0,0.03472222222222143,0.05730609418282384,0.0,0.004051192175427674,-0.027670685520966166
1.234,0.0,0.03472222222222143,0.05730609418282384,0.0,0.00430887037656886,0.02459105280625063
1.235,0.0,0.03472222222222143,0.05730609418282384,0.0,-0.011961351620241955,-0.01394325777449324
1.236,0.0,0.03472222222222143,0.05730609418282384,0.0,0.01529583516431277,0.0012355270682909963
1.237,0.0,0.03472222222222143,0.05730609418282384,0.0,-0.012520450526116975,0.008495086783942184
1.238,0.0,0.03472222222222143,0.05730609418282384,0.0,0.0045912707104296705,-0.01260773583430163
1.239,0.0,0.03472222222222143,0.05730609418282384,0.0,0.005188799602561636,0.011391360222602863
1.24,0.0,0.03472222222222143,0.05730609418282384,0.0,-0.012699219412423492,-0.007213879907407093
1.241,0.0,0.03472222222222143,0.05730609418282384,0.0,0.014904095851928548,0.0029152549490145383
1.242,0.0,0.03472222222222143,0.05730609418282384,0.0,-0.011203326844328098,-0.00032647819841014026
1.243,0.0,0.03472222222222143,0.05730609418282384,0.0,0.0035972236086831396,-0.00039249163918572824
1.244,0.0,0.03472222222222143,0.05730609418282384,0.0,0.004376595388723272,0.00039791825986991154
1.245,0.0,0.03472222222222143,0.05730609418282384,0.0,-0.009375508805514715,-0.0011264830450495248
1.246,0.0,0.03472222222222143,0.05730609418282384,0.0,0.00978553311055279,0.0032254375723268195
1.247,0.0,0.03472222222222143,0.05730609418282384,0.0,-0.006316008077206377,-0.0060515666016706104
1.248,0.0,0.03472222222222143,0.05730609418282384,0.0,0.0014070158518854653,0.007992919166192903
1.249,0.0,0.03472222222222143,0.05730609418282384,0.0,0.0021945150888604305,-0.00740976979136044
1.25,0.0,0.03472222222222143,0.05730609418282384,0.0,-0.0029220259981630305,0.003662674905662364
1.251,0.0,0.03472222222222143,0.05730609418282384,0.0,0.001157265906118692,0.0023438361971484154
1.252,0.0,0.03472222222222143,0.05730609418282384,0.0,0.0011162514626674828,-0.008414969019180724
1.253,0.0,0.03472222222222143,0.05730609418282384,0.0,-0.0015778786235786657,0.012014235620462043
1.254,0.0,0.03472222222222143,0.05730609418282384,0.0,-0.0009379482784878164,-0.01144584768337331
1.255,0.0,0.03472222222222143,0.05730609418282384,0.0,0.005553632773112674,0.006687666849792289
1.256,0.0,0.03472222222222143,0.05730609418282384,0.0,-0.009603762412248315,0.0005377455045585381
1.257,0.0,0.03472222222222143,0.05730609418282384,0.0,0.009984168286950796,-0.007492847161226368
1.258,0.0,0.03472222222222143,0.05730609418282384,0.0,-0.004950781132825753,0.011606804277199874
1.259,0.0,0.03472222222222143,0.05730609418282384,0.0,-0.004570634022961011,-0.011550082242399343
1.26,0.0,0.03472222222222143,0.05730609418282384,0.0,0.014931826162731086,0.007709525687418681
1.261,0.0,0.03472222222222143,0.05730609418282384,0.0,-0.021155920864019847,-0.0018754870114726342
1.262,0.0,0.03472222222222143,0.05730609418282384,0.0,0.01924487287398538,-0.0036623398099180095
1.263,0.0,0.03472222222222143,0.05730609418282384,0.0,-0.008350412937181681,0.007140358128567474
1.264,0.0,0.03472222222222143,0.05730609418282384,0.0,-0.008284857560591118,-0.007968822159016802
1.265,0.0,0.03472222222222143,0.05730609418282384,0.0,0.024223703334084207,0.00672548693498415
1.266,0.0,0.03472222222222143,0.05730609418282384,0.0,-0.032355437689023644,-0.004572287212730031
1.267,0.0,0.03472222222222143,0.05730609418282384,0.0,0.028041155431579378,0.002471071882924511
1.268,0.0,0.03472222222222143,0.05730609418282384,0.0,-0.011497370075817664,-0.0006629139164176172
1.269,0.0,0.03472222222222143,0.05730609418282384,0.0,-0.011742175871789235,-0.0012920224064502208
1.27,0.0,0.03472222222222143,0.05730609418282384,0.0,0.03267406002419985,0.003951488043476918
1.271,0.0,0.03472222222222143,0.05730609418282384,0.0,-0.0423657484606478,-0.007263864714388087
1.272,0.0,0.03472222222222143,0.05730609418282384,0.0,0.03577532175755031,0.01016498633764046
1.273,0.0,0.03472222222222143,0.05730609418282384,0.0,-0.01421280420122533,-0.010841482632509607
1.274,0.0,0.03472222222222143,0.05730609418282384,0.0,-0.014713791569523505,0.007641613742390034
1.275,0.0,0.03472222222222143,0.05730609418282384,0.0,0.039813243811130265,-0.00021824385312999687
1.276,0.0,-0.9652777777777786,0.05730609418282384,0.0,-0.050703367804124724,-0.009728051581098846
1.277,0.0,0.03472222222222143,0.05730609418282384,0.0,0.04213196003026324,0.018635543355774234
1.278,0.0,0.03472222222222143,0.05730609418282384,0.0,-0.016418762824540682,-0.02232070092266609
1.279,0.0,0.03472222222222143,0.05730609418282384,0.0,-0.017088328348944498,0.01785644760917957
1.28,0.0,0.03472222222222143,0.05730609418282384,0.0,0.04545637506663323,-0.005268171966412753
1.281,0.0,0.03472222222222143,0.05730609418282384,0.0,-0.05722118356566065,-0.011827442475454494
1.282,0.0,0.03472222222222143,0.05730609418282384,0.0,0.047052659592295716,0.027143258001009102
1.283,0.0,0.03472222222222143,0.05730609418282384,0.0,-0.018122596913828958,-0.03403436820425702
1.284,0.0,0.03472222222222143,0.05730609418282384,0.0,-0.018859502801841347,0.028353197158226633
1.285,0.0,0.03472222222222143,0.05730609418282384,0.0,0.049656936434438866,-0.010627113822439312
1.286,0.0,0.03472222222222143,0.05730609418282384,0.0,-0.06204021270402105,-0.01351181620246024
1.287,0.0,0.03472222222222143,0.05730609418282384,0.0,0.05067327188085764,0.03505864903564482
1.288,0.0,0.03472222222222143,0.05730609418282384,0.0,-0.019390175333954807,-0.045026750478011086
1.289,0.0,0.03472222222222143,0.05730609418282384,0.0,-0.020098444898565784,0.03820988209517956
1.29,0.0,0.03472222222222143,0.05730609418282384,0.0,0.052628694542082195,-0.01573428049128807
1.291,0.0,0.03472222222222143,0.05730609418282384,0.0,-0.06544835892283517,-0.014805559563038062
1.292,0.0,0.03472222222222143,0.05730609418282384,0.0,0.05323950019099931,0.041901528036265366
1.293,0.0,0.03472222222222143,-0.9426939058171762,0.0,-0.020314019813133383,-0.05452493859116796
1.294,0.0,0.03472222222222143,0.05730609418282384,0.0,-0.020917574792027133,0.04665999568593952
1.295,0.0,0.03472222222222143,0.05730609418282384,0.0,0.05465392409127605,-0.0200980507615949
1.296,0.0,0.03472222222222143,0.05730609418282384,0.0,-0.06778849974917388,-0.01578332568657346
1.297,0.0,0.03472222222222143,0.05730609418282384,0.0,0.05501874233392001,0.04735278465352153
1.298,0.0,0.03472222222222143,0.05730609418282384,0.0,-0.020982730179392048,-0.06197716955234666
1.299,0.0,0.03472222222222143,0.05730609418282384,0.0,-0.021433732954943795,0.05314195212860594
1.3,0.0,0.03472222222222143,0.05730609418282384,0.0,0.05599652485004329,-0.023341427418634264
1.301,0.0,0.03472222222222143,0.05730609418282384,0.0,-0.06935791443583315,-0.016539033086406082
1.302,0.0,0.03472222222222143,0.05730609418282384,0.0,0.056225031219265344,0.051242144830540896
1.303,0.0,0.03472222222222143,0.05730609418282384,0.0,-0.02145723795681609,-0.06705845594921685
1.304,0.0,0.03472222222222143,0.05730609418282384,0.0,-0.02173764156395529,0.05731862863920243
1.305,0.0,0.03472222222222143,0.05730609418282384,0.0,0.05683597477427636,-0.025230338730319567
1.306,0.0,0.03472222222222143,0.05730609418282384,0.0,-0.07033696581943605,-0.01715426144946634
1.307,0.0,0.03472222222222143,0.05730609418282384,0.0,0.05697001352961747,0.0535189524239008
1.308,0.0,0.03472222222222143,0.05730609418282384,0.0,-0.021757714345941256,-0.06964965637160184
1.309,0.0,0.03472222222222143,0.05730609418282384,0.0,-0.02187495009009812,0.059070131360214176
1.31,0.0,0.03472222222222143,0.05730609418282384,0.0,0.05723281463036373,-0.025683436662809655
1.311,0.0,0.03472222222222143,0.05730609418282384,0.0,-0.07075801338878097,-0.017672000262650978
1.312,0.0,0.03472222222222143,0.05730609418282384,0.0,0.05724702115490098,0.054215018173281435
1.313,0.0,0.03472222222222143,0.05730609418282384,0.0,-0.021862707600270023,-0.06979929115338479
1.314,0.0,0.03472222222222143,0.05730609418282384,0.0,-0.021841486610273776,0.05846615039699808
1.315,0.0,0.03472222222222143,0.05730609418282384,0.0,0.05712958497996192,-0.024764440579344137
1.316,0.0,-0.9652777777777786,0.05730609418282384,0.0,-0.07051713607689376,-0.018080606611187763
1.317,0.0,0.03472222222222143,0.05730609418282384,0.0,0.05694855836461932,0.0534087781515226
1.318,0.0,0.03472222222222143,0.05730609418282384,0.0,-0.02171970759181719,-0.06767859977072285
1.319,0.0,0.03472222222222143,0.05730609418282384,0.0,-0.021592414806558644,0.0557260471023808
1.32,0.0,0.03472222222222143,0.05730609418282384,0.0,0.056384111564554,-0.022660064507823853
1.321,0.0,0.03472222222222143,0.05730609418282384,0.0,-0.06942293133494824,-0.01831093866953979
1.322,0.0,0.03472222222222143,0.05730609418282384,0.0,0.05591116708353597,0.05119850628436257
1.323,0.0,0.03472222222222143,0.05730609418282384,0.0,-0.021264244083605405,-0.06353954387447944
1.324,0.0,0.03472222222222143,0.05730609418282384,0.0,-0.02106232245811811,0.051175023773741744
1.325,0.0,0.03472222222222143,0.05730609418282384,0.0,0.054826009678416575,-0.019647920698133318
1.326,0.0,0.03472222222222143,0.05730609418282384,0.0,-0.06726988315776729,-0.018247281471823768
1.327,0.0,0.03472222222222143,0.05730609418282384,0.0,0.053976732328411464,0.04768951190607469
1.328,0.0,0.03472222222222143,0.05730609418282384,0.0,-0.020443162889350153,-0.05768301208471217
1.329,0.0,0.03472222222222143,0.05730609418282384,0.0,-0.020191304325059577,0.04520351807159997
1.33,0.0,0.03472222222222143,0.05730609418282384,0.0,0.05232326154689369,-0.016059400599191385
1.331,0.0,0.03472222222222143,0.05730609418282384,0.0,-0.06391966523719667,-0.017750264572571554
1.332,0.0,0.03472222222222143,0.05730609418282384,0.0,0.05105663169864165,0.04299670480267043
1.333,0.0,0.03472222222222143,-0.9426939058171762,0.0,-0.01923711050732038,-0.05044096468776745
1.334,0.0,0.03472222222222143,0.05730609418282384,0.0,-0.018951163777338288,0.03823471810417193
1.335,0.0,0.03472222222222143,0.05730609418282384,0.0,0.04884432024965323,-0.012242405393523859
1.336,0.0,0.03472222222222143,0.05730609418282384,0.0,-0.05937285999158407,-0.016687879152652137
1.337,0.0,0.03472222222222143,0.05730609418282384,0.0,0.04718507245987889,0.03726030226985532
1.338,0.0,0.03472222222222143,0.05730609418282384,0.0,-0.017677558476878755,-0.04217239505007099
1.339,0.0,0.03472222222222143,0.05730609418282384,0.0,-0.01736605863666761,0.03070232537949382
1.34,0.0,0.03472222222222143,0.05730609418282384,0.0,0.044502529067997,-0.008528046804602006
1.341,0.0,-0.9652777777777786,0.05730609418282384,0.0,-0.053815930579437045,-0.01496926461246946
1.342,0.0,0.03472222222222143,0.05730609418282384,0.0,0.042550386012754446,0.030669438033593597
1.343,0.0,0.03472222222222143,0.05730609418282384,0.0,-0.015854820863622218,-0.03326951659653206
1.344,0.0,0.03472222222222143,0.05730609418282384,0.0,-0.01552316478851198,0.02303795935454484
1.345,0.0,0.03472222222222143,0.05730609418282384,0.0,0.039573351318689984,-0.005204256760718495
1.346,0.0,0.03472222222222143,0.05730609418282384,0.0,-0.047633316928992205,-0.012575370046179484
1.347,0.0,0.03472222222222143,0.05730609418282384,0.0,0.03749742516997195,0.02348653371072626
1.348,0.0,0.03472222222222143,0.05730609418282384,0.0,-0.01391523358717892,-0.024168130712671113
1.349,0.0,0.03472222222222143,0.05730609418282384,0.0,-0.013570952160437685,0.015665400151892307
1.35,0.0,0.03472222222222143,0.05730609418282384,0.0,0.03448021938417421,-0.0024978618490611765
1.351,0.0,0.03472222222222143,0.05730609418282384,0.0,-0.041381232869471735,-0.00958098132935664
1.352,0.0,0.03472222222222143,0.05730609418282384,0.0,0.03249968322530053,0.0160648205381575
1.353,0.0,0.03472222222222143,0.05730609418282384,0.0,-0.012047653250241451,-0.0153550983604276
1.354,0.0,0.03472222222222143,0.05730609418282384,0.0,-0.011705063355893566,0.008997568013334473
1.355,0.0,0.03472222222222143,0.05730609418282384,0.0,0.02975072204779239,-0.0005653240098494909
1.356,0.0,0.03472222222222143,0.05730609418282384,0.0,-0.03572686691288628,-0.006163868504328001
1.357,0.0,0.03472222222222143,0.05730609418282384,0.0,0.02810532013637355,0.008852408518230652
1.358,0.0,0.03472222222222143,0.05730609418282384,0.0,-0.010461342820218753,-0.007366360482602514
1.359,0.0,0.03472222222222143,0.05730609418282384,0.0,-0.010144109063896694,0.003431911422240346
1.36,0.0,0.03472222222222143,0.05730609418282384,0.0,0.025950285186989292,0.000508785139657884
1.361,0.0,0.03472222222222143,0.05730609418282384,0.0,-0.031362961743258595,-0.002598746113861557
1.362,0.0,0.03472222222222143,0.05730609418282384,0.0,0.024865961050567098,0.0023785936786127984
1.363,0.0,0.03472222222222143,0.05730609418282384,0.0,-0.009358816618090805,-0.0007708815369367731
1.364,0.0,0.03472222222222143,0.05730609418282384,0.0,-0.00909953244768944,-0.0006593142773648995
1.365,0.0,0.03472222222222143,0.05730609418282384,0.0,0.023604519400376577,0.000707291491886012
1.366,0.0,0.03472222222222143,0.05730609418282384,0.0,-0.02891209576645386,0.0007639521906740848
1.367,0.0,0.03472222222222143,0.05730609418282384,0.0,0.023260139830832798,-0.002778739470786889
1.368,0.0,0.03472222222222143,0.05730609418282384,0.0,-0.008908073504310748,0.0038611647834042046
1.369,0.0,0.03472222222222143,0.05730609418282384,0.0,-0.008744737072566523,-0.002945771358528476
1.37,0.0,0.03472222222222143,0.05730609418282384,0.0,0.023123352490460818,7.199506050983505e-05
1.371,0.0,0.03472222222222143,0.05730609418282384,0.0,-0.028836720260707105,0.0035321582183756215
1.372,0.0,0.03472222222222143,0.05730609418282384,0.0,0.02362412906623895,-0.006042274336476172
1.373,0.0,0.03472222222222143,0.05730609418282384,0.0,-0.009218729899095435,0.00600424680064677
1.374,0.0,0.03472222222222143,0.05730609418282384,0.0,-0.009188763221854213,-0.003162579895422372
1.375,0.0,0.03472222222222143,0.05730609418282384,0.0,0.02473966571800649,-0.0013066198806759256
1.376,0.0,0.03472222222222143,0.05730609418282384,0.0,-0.03136990470466656,0.005314795983611296
1.377,0.0,0.03472222222222143,0.05730609418282384,0.0,0.026101548551584832,-0.006895416087010433
1.378,0.0,0.03472222222222143,0.05730609418282384,0.0,-0.010325883605007101,0.005232407753129807
1.379,0.0,0.03472222222222143,0.05730609418282384,0.0,-0.01045895346981284,-0.0011383729963755451
1.38,0.0,0.03472222222222143,0.05730609418282384,0.0,0.02847255867485221,-0.0032998254322383134
1.381,0.0,0.03472222222222143,0.05730609418282384,0.0,-0.03647809483777095,0.005767274761950156
1.382,0.0,0.03472222222222143,0.05730609418282384,0.0,0.030619880557170902,-0.004945483430038387
1.383,0.0,0.03472222222222143,0.05730609418282384,0.0,-0.012184233742889,0.0012758410532784721
1.384,0.0,0.03472222222222143,0.05730609418282384,0.0,-0.012495451183943202,0.0031761664401012343
1.385,0.0,0.03472222222222143,0.05730609418282384,0.0,0.0341211007747616,-0.005750087882687359
1.386,0.0,0.03472222222222143,0.05730609418282384,0.0,-0.04386170437398752,0.0046336452798263345
1.387,0.0,0.03472222222222143,0.05730609418282384,0.0,0.03689746250467684,1.9195901801874185e-05
1.388,0.0,0.03472222222222143,0.05730609418282384,0.0,-0.014673289755879589,-0.005929618548697648
1.389,0.0,0.03472222222222143,0.05730609418282384,0.0,-0.01515833064167099,0.009684342718264544
1.39,0.0,0.03472222222222143,0.05730609418282384,0.0,0.04128927807317766,-0.00847899793464065
1.391,0.0,0.03472222222222143,0.05730609418282384,0.0,-0.05299304089941959,0.0017795957375195673
1.392,0.0,0.03472222222222143,0.05730609418282384,0.0,0.04447949314547319,0.007987164896969703
1.393,0.0,0.03472222222222143,0.05730609418282384,0.0,-0.017612717702085542,-0.01620866463460707
1.394,0.0,0.03472222222222143,0.05730609418282384,0.0,-0.018246035711517925,0.018129227571984406
1.395,0.0,0.03472222222222143,0.05730609418282384,0.0,0.04943772347868247,-0.011293802500013567
1.396,0.0,-0.9652777777777786,0.05730609418282384,0.0,-0.06318501265176309,-0.0027883064317981974
1.397,0.0,0.03472222222222143,0.05730609418282384,0.0,0.052796944118750855,0.018703907344582698
1.398,0.0,0.03472222222222143,0.05730609418282384,0.0,-0.02078529394256564,-0.029135339100323038
1.399,0.0,0.03472222222222143,0.05730609418282384,0.0,-0.021521974791305177,0.02809352440125007
1.4,0.0,0.03472222222222143,0.05730609418282384,0.0,0.05795359680411872,-0.013993126800606322
1.401,0.0,0.03472222222222143,0.05730609418282384,0.0,-0.07367929068361935,-0.00891982410348662
1.402,0.0,0.03472222222222143,0.05730609418282384,0.0,0.06123878258824757,0.03167849283872019
1.403,0.0,0.03472222222222143,0.05730609418282384,0.0,-0.02396381851468673,-0.04404869926989761
1.404,0.0,0.03472222222222143,0.05730609418282384,0.0,-0.024744886342183536,0.039016209734270564
1.405,0.0,0.03472222222222143,0.05730609418282384,0.0,0.06622734101476396,-0.016372753959245416
1.406,0.0,0.03472222222222143,0.05730609418282384,0.0,-0.08373986809133394,-0.016335121275104243
1.407,0.0,0.03472222222222143,0.05730609418282384,0.0,0.06922612500709738,0.04621760525373278
1.408,0.0,0.03472222222222143,0.05730609418282384,0.0,-0.0269378509460261,-0.0600959526810626
1.409,0.0,0.03472222222222143,0.05730609418282384,0.0,-0.027698139952075963,0.05022643474643633
1.41,0.0,0.03472222222222143,0.05730609418282384,0.0,0.07372436860246014,-0.018232376314043418
1.411,0.0,0.03472222222222143,0.05730609418282384,0.0,-0.09273764714470677,-0.024653761752204396
1.412,0.0,0.03472222222222143,0.05730609418282384,0.0,0.07627709194318136,0.06148397464412624
1.413,0.0,0.03472222222222143,-0.9426939058171762,0.0,-0.029536327841739245,-0.07629986041168509
1.414,0.0,0.03472222222222143,0.05730609418282384,0.0,-0.03021351776496902,0.06099273745002604
1.415,0.0,0.03472222222222143,0.05730609418282384,0.0,0.0800410640358708,-0.019384052925727747
1.416,0.0,-0.9652777777777786,0.05730609418282384,0.0,-0.10021375485903787,-0.033434643990365866
1.417,0.0,0.03472222222222143,0.05730609418282384,0.0,0.08205312011215535,0.07657279368474741
1.418,0.0,0.03472222222222143,0.05730609418282384,0.0,-0.03164294674901344,-0.09164371885943844
1.419,0.0,0.03472222222222143,0.05730609418282384,0.0,-0.032186131594984776,0.07058333075632203
1.42,0.0,0.03472222222222143,0.05730609418282384,0.0,0.08493752098909739,-0.01966273528164878
1.421,0.0,0.03472222222222143,0.05730609418282384,0.0,-0.10591329744150861,-0.042221406968737336
1.422,0.0,0.03472222222222143,0.05730609418282384,0.0,0.0863809076220917,0.09059711747721734
1.423,0.0,0.03472222222222143,0.05730609418282384,0.0,-0.033202495765040814,-0.10516458381351379
1.424,0.0,0.03472222222222143,0.05730609418282384,0.0,-0.03357875274048925,0.07833143167297717
1.425,0.0,0.03472222222222143,0.05730609418282384,0.0,0.08834358850691172,-0.01893871458985839
1.426,0.0,0.03472222222222143,0.05730609418282384,0.0,-0.10978646606167097,-0.050587168379593074
1.427,0.0,0.03472222222222143,0.05730609418282384,0.0,0.08924839602211722,0.10277189664390932
1.428,0.0,0.03472222222222143,0.05730609418282384,0.0,-0.03421784318181952,-0.11604398419897073
1.429,0.0,0.03472222222222143,0.05730609418282384,0.0,-0.034415667440670525,0.08369854235781585
1.43,0.0,0.03472222222222143,0.05730609418282384,0.0,0.09033933562666473,-0.017131271100177196
1.431,0.0,0.03472222222222143,0.05730609418282384,0.0,-0.11195938365724231,-0.0581726809709193
1.432,0.0,0.03472222222222143,0.05730609418282384,0.0,0.09077749294504496,0.11248637157072702
1.433,0.0,0.03472222222222143,-0.9426939058171762,0.0,-0.03473881565429344,-0.12368538685022869
1.434,0.0,0.03472222222222143,0.05730609418282384,0.0,-0.034767900690583935,0.08632843262317234
1.435,0.0,0.03472222222222143,0.05730609418282384,0.0,0.09111518390001717,-0.014222249042881758
1.436,0.0,-0.9652777777777786,0.05730609418282384,0.0,-0.11268191008823841,-0.06471308198708174
1.437,0.0,0.03472222222222143,0.05730609418282384,0.0,0.09117989467752846,0.11935604530687079
1.438,0.0,0.03472222222222143,0.05730609418282384,0.0,-0.03484543971641343,-0.12776911207933403
1.439,0.0,0.03472222222222143,0.05730609418282384,0.0,-0.03473298652856781,0.08608532784824233
1.44,0.0,0.03472222222222143,0.05730609418282384,0.0,0.09092002535828143,-0.01026782316451941
1.441,0.0,0.03472222222222143,0.05730609418282384,0.0,-0.11226302270327605,-0.07005020223758864
1.442,0.0,0.03472222222222143,0.05730609418282384,0.0,0.09070479781660622,0.12324813605627252
1.443,0.0,0.03472222222222143,0.05730609418282384,0.0,-0.03462880583687144,-0.1282780581038044
1.444,0.0,0.03472222222222143,0.05730609418282384,0.0,-0.03441319524405849,0.08307137737013069
1.445,0.0,0.03472222222222143,0.05730609418282384,0.0,0.09000717106953358,-0.005406444186207524
1.446,0.0,0.03472222222222143,0.05730609418282384,0.0,-0.11100585293566101,-0.07412962692652564
1.447,0.0,0.03472222222222143,0.05730609418282384,0.0,0.08958813882053161,0.12427790177088521
1.448,0.0,0.03472222222222143,0.05730609418282384,0.0,-0.03417302511690325,-0.12549110381266879
1.449,0.0,0.03472222222222143,0.05730609418282384,0.0,-0.03389615963660109,0.07762066799504107
1.45,0.0,0.03472222222222143,0.05730609418282384,0.0,0.08858777054601419,0.00013907988306396046
1.451,0.0,0.03472222222222143,-0.9426939058171762,0.0,-0.10915382106109145,-0.07698402330439943
1.452,0.0,0.03472222222222143,0.05730609418282384,0.0,0.0880121908068904,0.12277703422525432
1.453,0.0,0.03472222222222143,-0.9426939058171762,0.0,-0.03354137224958111,-0.11994495215169876
1.454,0.0,0.03472222222222143,0.05730609418282384,0.0,-0.033241198268625025,0.0702695897117694
1.455,0.0,0.03472222222222143,0.05730609418282384,0.0,0.08679950930572089,0.006067141383537613
1.456,0.0,-0.9652777777777786,0.05730609418282384,0.0,-0.10685676010858564,-0.07870631472285508
1.457,0.0,0.03472222222222143,0.05730609418282384,0.0,0.08608207646812463,0.11923890686846736
1.458,0.0,0.03472222222222143,0.05730609418282384,0.0,-0.0327688266814329,-0.11236894259376341
1.459,0.0,0.03472222222222143,0.05730609418282384,0.0,-0.03247345091480659,0.0617059602833658
1.46,0.0,0.03472222222222143,0.05730609418282384,0.0,0.08469530155479772,0.01201171573825321
1.461,0.0,0.03472222222222143,0.05730609418282384,0.0,-0.10416195450636796,-0.07941776542668638
1.462,0.0,0.03472222222222143,0.05730609418282384,0.0,0.08382245571695794,0.11424833846607664
1.463,0.0,0.03472222222222143,0.05730609418282384,0.0,-0.03186199861499328,-0.10360052604486582
1.464,0.0,0.03472222222222143,0.05730609418282384,0.0,-0.0315864418604766,0.05270168255538947
1.465,0.0,0.03472222222222143,0.05730609418282384,0.0,0.08225291167804005,0.017565863038472924
1.466,0.0,0.03472222222222143,0.05730609418282384,0.0,-0.1010303521941948,-0.07923670837579772
1.467,0.0,0.03472222222222143,0.05730609418282384,0.0,0.08119390137766498,0.10840532076991204
1.468,0.0,0.03472222222222143,0.05730609418282384,0.0,-0.030806069782037572,-0.0944912785819928
1.469,0.0,0.03472222222222143,0.05730609418282384,0.0,-0.030552135803773552,0.04403559038384266
1.47,0.0,0.03472222222222143,0.05730609418282384,0.0,0.07940261951822598,0.022313508808942503
1.471,0.0,0.03472222222222143,0.05730609418282384,0.0,-0.09737364295102037,-0.07825338568324047
1.472,0.0,0.03472222222222143,0.05730609418282384,0.0,0.07812492327442816,0.10225263174559386
1.473,0.0,0.03472222222222143,-0.9426939058171762,0.0,-0.029577118064642312,-0.08581428964151458
1.474,0.0,0.03472222222222143,0.05730609418282384,0.0,-0.02933621223240836,0.03641434284879218
1.475,0.0,0.03472222222222143,0.05730609418282384,0.0,0.07606682991152862,0.025867401342897216
1.476,0.0,-0.9652777777777786,0.05730609418282384,0.0,-0.09310418878645663,-0.076515208543434
1.477,0.0,0.03472222222222143,0.05730609418282384,0.0,0.07455282571294072,0.09621638350411896
1.478,0.0,0.03472222222222143,0.05730609418282384,0.0,-0.028157235789308867,-0.07818341559322627
1.479,0.0,0.03472222222222143,0.05730609418282384,0.0,-0.027915375422671546,0.030399631606036755
1.48,0.0,0.03472222222222143,0.05730609418282384,0.0,0.0722034355891539,0.027909906336938885
1.481,0.0,0.03472222222222143,0.05730609418282384,0.0,-0.0881875382508506,-0.07402485580183121
1.482,0.0,0.03472222222222143,0.05730609418282384,0.0,0.07046502705490854,0.09056649238057989
1.483,0.0,0.03472222222222143,0.05730609418282384,0.0,-0.026549346302349505,-0.0719933238118058
1.484,0.0,0.03472222222222143,0.05730609418282384,0.0,-0.02629317805975365,0.026349530640041925
1.485,0.0,0.03472222222222143,0.05730609418282384,0.0,0.06784409411707702,0.028232275620351827
1.486,0.0,0.03472222222222143,0.05730609418282384,0.0,-0.08268679626289913,-0.07075131413804729
1.487,0.0,0.03472222222222143,0.05730609418282384,0.0,0.06593236551891696,0.08540112651294972
1.488,0.0,0.03472222222222143,0.05730609418282384,0.0,-0.024788649044572515,-0.06738669137538841
1.489,0.0,0.03472222222222143,0.05730609418282384,0.0,-0.02451110851941202,0.02438057576601152
1.49,0.0,0.03472222222222143,0.05730609418282384,0.0,0.06311945138363108,0.026767409940912864
1.491,0.0,0.03472222222222143,0.05730609418282384,0.0,-0.07678949769573463,-0.06665159337094227
1.492,0.0,0.03472222222222143,0.05730609418282384,0.0,0.06112725697619911,0.08065581620138791
1.493,0.0,0.03472222222222143,0.05730609418282384,0.0,-0.0229481710411127,-0.06425169969780128
1.494,0.0,0.03472222222222143,0.05730609418282384,0.0,-0.022652516461857574,0.024355218078993213
1.495,0.0,0.03472222222222143,0.05730609418282384,0.0,0.05826556813714095,0.023611098445846388
1.496,0.0,-0.9652777777777786,-0.9426939058171762,0.0,-0.07081059579264788,-0.06169882404942331
1.497,0.0,0.03472222222222143,0.05730609418282384,0.0,0.056322123380817005,0.07613458590389842
1.498,0.0,0.03472222222222143,0.05730609418282384,0.0,-0.02113688172781854,-0.06224947624895391
1.499,0.0,0.03472222222222143,0.05730609418282384,0.0,-0.020838183263804044,0.02589681791410139
1.5,0.0,0.03472222222222143,0.05730609418282384,0.0,0.05360900385396047,0.019027377012198622
1.501,0.0,0.03472222222222143,0.05730609418282384,0.0,-0.06516922992105785,-0.05591111542709363
1.502,0.0,0.03472222222222143,0.05730609418282384,0.0,0.05186685375013369,0.07155764488760097
1.503,0.0,0.03472222222222143,0.05730609418282384,0.0,-0.019490081277954024,-0.06086778294527212
1.504,0.0,0.03472222222222143,0.05730609418282384,0.0,-0.019213777349740533,0.02843155101305942
1.505,0.0,0.03472222222222143,0.05730609418282384,0.0,0.0495316610598545,0.013435035473316044
1.506,0.0,0.03472222222222143,0.05730609418282384,0.0,-0.06034142496112387,-0.049375172331973805
1.507,0.0,0.03472222222222143,0.05730609418282384,0.0,0.048147656525032397,0.0666182311027774
1.508,0.0,0.03472222222222143,0.05730609418282384,0.0,-0.01815310185654347,-0.05949440794237655
1.509,0.0,0.03472222222222143,0.05730609418282384,0.0,-0.01793083807234717,0.03125374082605354
1.51,0.0,0.03472222222222143,0.05730609418282384,0.0,0.04642001081621132,0.007374343774325202
1.511,0.0,0.03472222222222143,0.05730609418282384,0.0,-0.05679508457321511,-0.042259343456040814
1.512,0.0,0.03472222222222143,0.05730609418282384,0.0,0.04553294442682172,0.06104037679478484
1.513,0.0,0.03472222222222143,-0.9426939058171762,0.0,-0.01726055762204203,-0.057501678511760745
1.514,0.0,0.03472222222222143,0.05730609418282384,0.0,-0.01712408425414933,0.03360848531443108
1.515,0.0,0.03472222222222143,0.05730609418282384,0.0,0.044606154315413,0.0014555675483170622
1.516,0.0,0.03472222222222143,0.05730609418282384,0.0,-0.05491691316567772,-0.03481243297620239
1.517,0.0,0.03472222222222143,0.05730609418282384,0.0,0.04431434659946164,0.05462972338610392
1.518,0.0,0.03472222222222143,0.05730609418282384,0.0,-0.016914254423863954,-0.054332469656416894
1.519,0.0,0.03472222222222143,0.05730609418282384,0.0,-0.016888567001714868,0.034783289132248554
1.52,0.0,0.03472222222222143,0.05730609418282384,0.0,0.04430988585668359,-0.003706491358584707
1.521,0.0,0.03472222222222143,0.05730609418282384,0.0,-0.05494272608907768,-0.027347014367359868
1.522,0.0,0.03472222222222143,0.05730609418282384,0.0,0.04465218277644683,0.047310952207377015
1.523,0.0,0.03472222222222143,0.05730609418282384,0.0,-0.01716328354311329,-0.04957811111777873
1.524,0.0,0.03472222222222143,0.05730609418282384,0.0,-0.017260371212184586,0.03419899545213743
1.525,0.0,0.03472222222222143,0.05730609418282384,0.0,0.04559124147155038,-0.007565233576533217
1.526,0.0,0.03472222222222143,0.05730609418282384,0.0,-0.056902693937598385,-0.020208763257811863
1.527,0.0,0.03472222222222143,0.05730609418282384,0.0,0.04653455763750988,0.03914765825043503
1.528,0.0,0.03472222222222143,0.05730609418282384,0.0,-0.01798970292459498,-0.04303965145652055
1.529,0.0,0.03472222222222143,0.05730609418282384,0.0,-0.018204188263234118,0.03148983888234312
1.53,0.0,0.03472222222222143,0.05730609418282384,0.0,0.048321885072620335,-0.00971372306395998
1.531,0.0,0.03472222222222143,0.05730609418282384,0.0,-0.06059138141243298,-0.013736015468392189
1.532,0.0,0.03472222222222143,0.05730609418282384,0.0,0.04975764575847019,0.030343206900830096
1.533,0.0,0.03472222222222143,0.05730609418282384,0.0,-0.019302559507140177,-0.034765872546174324
1.534,0.0,0.03472222222222143,0.05730609418282384,0.0,-0.01961018858444207,0.026563037459320003
1.535,0.0,0.03472222222222143,0.05730609418282384,0.0,0.05218125123704373,-0.00994541043383967
1.536,0.0,-0.9652777777777786,0.05730609418282384,0.0,-0.06556920740155626,-0.008215886358144917
1.537,0.0,0.03472222222222143,0.05730609418282384,0.0,0.0539319481742187,0.02122385661801573
1.538,0.0,0.03472222222222143,0.05730609418282384,0.0,-0.02094190979598617,-0.02506402686452892
1.539,0.0,0.03472222222222143,0.05730609418282384,0.0,-0.02130134455704517,0.019630031257543194
1.54,0.0,0.03472222222222143,0.05730609418282384,0.0,0.05667996721821058,-0.008294976922216191
1.541,0.0,0.03472222222222143,0.05730609418282384,0.0,-0.07119761555524878,-0.003844454963927969
1.542,0.0,0.03472222222222143,0.05730609418282384,0.0,0.05851569264309653,0.012207794267485264
1.543,0.0,0.03472222222222143,0.05730609418282384,0.0,-0.022693100518470122,-0.014482202918863589
1.544,0.0,0.03472222222222143,0.05730609418282384,0.0,-0.023050871662802605,0.01120416234579151
1.545,0.0,0.03472222222222143,0.05730609418282384,0.0,0.06120918902001798,-0.005051804932665595
1.546,0.0,0.03472222222222143,0.05730609418282384,0.0,-0.07670540570075272,-0.0006984565387978804
1.547,0.0,0.03472222222222143,0.05730609418282384,0.0,0.06287262169575905,0.0037653792218137194
1.548,0.0,0.03472222222222143,0.05730609418282384,0.0,-0.02431007005343441,-0.0037651965412310857
1.549,0.0,0.03472222222222143,0.05730609418282384,0.0,-0.024607976119636873,0.0020630559224313707
1.55,0.0,0.03472222222222143,0.05730609418282384,0.0,0.06511064971160685,-0.0007414789386973053
1.551,0.0,0.03472222222222143,0.05730609418282384,0.0,-0.08127901194194065,0.001275433654380348
1.552,0.0,0.03472222222222143,0.05730609418282384,0.0,0.06634771576714911,-0.0036233836552399886
1.553,0.0,0.03472222222222143,0.05730609418282384,0.0,-0.02554503632717462,0.006211528098849649
1.554,0.0,0.03472222222222143,0.05730609418282384,0.0,-0.025728826287078198,-0.006822128402912149
1.555,0.0,0.03472222222222143,0.05730609418282384,0.0,0.06775897155170395,0.003925410736368994
1.556,0.0,-0.9652777777777786,0.05730609418282384,0.0,-0.08416568231625464,0.002250163123108084
1.557,0.0,0.03472222222222143,0.05730609418282384,0.0,0.06835145939880145,-0.009508381049495149
1.558,0.0,0.03472222222222143,0.05730609418282384,0.0,-0.026180850352190338,0.01452303103026554
1.559,0.0,0.03472222222222143,0.05730609418282384,0.0,-0.026208780721306727,-0.014384473891747797
1.56,0.0,0.03472222222222143,0.05730609418282384,0.0,0.0686456014950236,0.008133506470692968
1.561,0.0,0.03472222222222143,0.05730609418282384,0.0,-0.08477607257197552,0.002486485248427566
1.562,0.0,0.03472222222222143,0.05730609418282384,0.0,0.06844150903990812,-0.013501318207257964
1.563,0.0,0.03472222222222143,0.05730609418282384,0.0,-0.02606168168984085,0.02028304940253151
1.564,0.0,0.03472222222222143,0.05730609418282384,0.0,-0.02591153532389924,-0.019576520288546725
1.565,0.0,0.03472222222222143,0.05730609418282384,0.0,0.06745292219389779,0.011063996836910304
1.566,0.0,0.03472222222222143,0.05730609418282384,0.0,-0.08277209140990718,0.002283184325358755
1.567,0.0,0.03472222222222143,0.05730609418282384,0.0,0.0663903424484788,-0.015297199268182926
1.568,0.0,0.03472222222222143,0.05730609418282384,0.0,-0.02511766789948982,0.02273033950053091
1.569,0.0,0.03472222222222143,0.05730609418282384,0.0,-0.02479105703859061,-0.02149072493907274
1.57,0.0,0.03472222222222143,0.05730609418282384,0.0,0.06410782015837495,0.012005425958462499
1.571,0.0,0.03472222222222143,0.05730609418282384,0.0,-0.07812707784200237,0.0019161360660091122
1.572,0.0,0.03472222222222143,0.05730609418282384,0.0,0.062228753474733015,-0.01468461358501841
1.573,0.0,0.03472222222222143,0.05730609418282384,0.0,-0.023379734038439542,0.021304748032456015
1.574,0.0,0.03472222222222143,0.05730609418282384,0.0,-0.02290294021197893,-0.019471661042801736
1.575,0.0,0.03472222222222143,0.05730609418282384,0.0,0.05880621340313756,0.01046009523204082
1.576,0.0,0.03472222222222143,0.05730609418282384,0.0,-0.07114845525028313,0.0015755126122596762
1.577,0.0,0.03472222222222143,0.05730609418282384,0.0,0.05625778870801717,-0.011546099653385487
1.578,0.0,0.03472222222222143,0.05730609418282384,0.0,-0.020981918546900024,0.01570569477840012
1.579,0.0,0.03472222222222143,0.05730609418282384,0.0,-0.020403070276266252,-0.013206646953394848
1.58,0.0,0.03472222222222143,0.05730609418282384,0.0,0.05200351138471602,0.006231564164939369
1.581,0.0,0.03472222222222143,0.05730609418282384,0.0,-0.06245755189119561,0.0013116231760631305
1.582,0.0,0.03472222222222143,0.05730609418282384,0.0,0.04902559591353056,-0.005851453918910785
1.583,0.0,0.03472222222222143,0.05730609418282384,0.0,-0.018150099283656004,0.005927580405271858
1.584,0.0,0.03472222222222143,0.05730609418282384,0.0,-0.017533061595490826,-0.0027833061538947526
1.585,0.0,0.03472222222222143,0.05730609418282384,0.0,0.04437028990749084,-0.0005198696540257609
1.586,0.0,0.03472222222222143,0.05730609418282384,0.0,-0.052926760278709885,0.000999440510030607
1.587,0.0,0.03472222222222143,0.05730609418282384,0.0,0.04127019947269677,0.002352246560736008
1.588,0.0,0.03472222222222143,0.05730609418282384,0.0,-0.015177806168802776,-0.007731050268583678
1.589,0.0,0.03472222222222143,0.05730609418282384,0.0,-0.014593660012653517,0.011294159780474263
1.59,0.0,0.03472222222222143,0.05730609418282384,0.0,0.03671708025729107,-0.009263537828020854
1.591,0.0,-0.9652777777777786,0.05730609418282384,0.0,-0.043579942668345334,0.00032975546615880474
1.592,0.0,0.03472222222222143,0.05730609418282384,0.0,0.03383386012486786,0.01295007374982176
1.593,0.0,0.03472222222222143,0.05730609418282384,0.0,-0.012391603035419854,-0.024685204328415342
1.594,0.0,0.03472222222222143,0.05730609418282384,0.0,-0.011908949759240279,0.028133766325114523
1.595,0.0,0.03472222222222143,0.05730609418282384,0.0,0.029896502597489827,-0.019131555412008998
1.596,0.0,0.03472222222222143,0.05730609418282384,0.0,-0.03546723106565517,-0.0011686506192644013
1.597,0.0,0.03472222222222143,0.05730609418282384,0.0,0.02755880333111378,0.025765059667576758
1.598,0.0,0.03472222222222143,0.05730609418282384,0.0,-0.010110078072658716,-0.04410607812012091
1.599,0.0,0.03472222222222143,0.05730609418282384,0.0,-0.009785564027937111,0.046528291703242346
1.6,0.0,0.03472222222222143,0.05730609418282384,0.0,0.024694437911365077,-0.028997804477000375
1.601,0.0,0.03472222222222143,0.05730609418282384,0.0,-0.02952940348245179,-0.004075955277235721
1.602,0.0,0.03472222222222143,0.05730609418282384,0.0,0.023177140375278432,0.0405587489183344
1.603,0.0,0.03472222222222143,0.05730609418282384,0.0,-0.008601577344342217,-0.0649844545596161
1.604,0.0,0.03472222222222143,0.05730609418282384,0.0,-0.008471980765304435,0.06506509953663905
1.605,0.0,0.03472222222222143,0.05730609418282384,0.0,0.021724034606164434,-0.037595647364495804
1.606,0.0,0.03472222222222143,0.05730609418282384,0.0,-0.02646925229891531,-0.00900236033973972
1.607,0.0,0.03472222222222143,0.05730609418282384,0.0,0.021209301352803682,0.05702666795503921
1.608,0.0,0.03472222222222143,0.05730609418282384,0.0,-0.008046277790890514,-0.0862088937551134
1.609,0.0,0.03472222222222143,0.05730609418282384,0.0,-0.008123253128682135,0.08226219316059712
1.61,0.0,0.03472222222222143,0.05730609418282384,0.0,0.021336740486463203,-0.043661730519688066
1.611,0.0,0.03472222222222143,0.05730609418282384,0.0,-0.026647408342328344,-0.016492707578455657
1.612,0.0,0.03472222222222143,0.05730609418282384,0.0,0.02188497092101694,0.07479072569410257
1.613,0.0,0.03472222222222143,-0.9426939058171762,0.0,-0.00850792937157906,-0.10665159273280814
1.614,0.0,0.03472222222222143,0.05730609418282384,0.0,-0.008776110782337207,0.09671606259295128
1.615,0.0,0.03472222222222143,0.05730609418282384,0.0,0.02356309573034373,-0.04608910899786172
1.616,0.0,0.03472222222222143,0.05730609418282384,0.0,-0.030017822537352346,-0.02692738673666847
1.617,0.0,0.03472222222222143,0.05730609418282384,0.0,0.025098311802807634,0.0933920498096629
1.618,0.0,0.03472222222222143,0.05730609418282384,0.0,-0.00991959763665501,-0.12525433821070958
1.619,0.0,0.03472222222222143,0.05730609418282384,0.0,-0.01033828939723293,0.10724513211109825
1.62,0.0,0.03472222222222143,0.05730609418282384,0.0,0.028092807067849064,-0.044070844006389255
1.621,0.0,0.03472222222222143,0.05730609418282384,0.0,-0.03611370712255654,-0.04043387580459819
1.622,0.0,0.03472222222222143,0.05730609418282384,0.0,0.03040536691434081,0.11228858095325811
1.623,0.0,0.03472222222222143,0.05730609418282384,0.0,-0.012086102916904274,-0.141107232600647
1.624,0.0,0.03472222222222143,0.05730609418282384,0.0,-0.01259430253867467,0.11301276809965714
1.625,0.0,0.03472222222222143,0.05730609418282384,0.0,0.034298970786558025,-0.03721558137235154
1.626,0.0,0.03472222222222143,0.05730609418282384,0.0,-0.044088661364088455,-0.05682279721527435
1.627,0.0,0.03472222222222143,0.05730609418282384,0.0,0.03706637094127783,0.1308616816855961
1.628,0.0,0.03472222222222143,-0.9426939058171762,0.0,-0.014703765801196157,-0.15351376945080844
1.629,0.0,0.03472222222222143,0.05730609418282384,0.0,-0.015227842213802108,0.11361588655644149
1.63,0.0,0.03472222222222143,0.05730609418282384,0.0,0.04130575224160427,-0.025619457005949475
1.631,0.0,0.03472222222222143,0.05730609418282384,0.0,-0.052810660291467464,-0.07555981955366395
1.632,0.0,0.03472222222222143,0.05730609418282384,0.0,0.044129889858872146,0.14843500869104215
1.633,0.0,0.03472222222222143,0.05730609418282384,0.0,-0.017395786538142225,-0.16203724441974812
1.634,0.0,0.03472222222222143,0.05730609418282384,0.0,-0.017858822358553655,0.1091289805164369
1.635,0.0,0.03472222222222143,0.05730609418282384,0.0,0.04809304269127195,-0.009883695429158523
1.636,0.0,-0.9652777777777786,0.05730609418282384,0.0,-0.06099944655235617,-0.09578035721959857
1.637,0.0,0.03472222222222143,0.05730609418282384,0.0,0.0505499778162154,0.16430705584220284
1.638,0.0,0.03472222222222143,-0.9426939058171762,0.0,-0.01975940444930251,-0.16652524681621195
1.639,0.0,0.03472222222222143,0.05730609418282384,0.0,-0.020091038494788042,0.10009841843501437
1.64,0.0,0.03472222222222143,0.05730609418282384,0.0,0.05362635217063809,0.008926149439416733
1.641,0.0,0.03472222222222143,0.05730609418282384,0.0,-0.06739157667378061,-0.116348384441212
1.642,0.0,0.03472222222222143,0.05730609418282384,0.0,0.05532266221350534,0.1777963701925623
1.643,0.0,0.03472222222222143,0.05730609418282384,0.0,-0.021419200820455783,-0.16711090294682113
1.644,0.0,0.03472222222222143,0.05730609418282384,0.0,-0.021564782755286276,0.08748752758413599
1.645,0.0,0.03472222222222143,0.05730609418282384,0.0,0.05699618790029893,0.029376071647096345
1.646,0.0,0.03472222222222143,0.05730609418282384,0.0,-0.07091281873443543,-0.13595456294649885
1.647,0.0,0.03472222222222143,0.05730609418282384,0.0,0.05762473810521011,0.18829586133447676
1.648,0.0,0.03472222222222143,0.05730609418282384,0.0,-0.0220797857173947,-0.16419145873036353
1.649,0.0,0.03472222222222143,0.05730609418282384,0.0,-0.022007767307843613,0.07257856977489972
1.65,0.0,0.03472222222222143,0.05730609418282384,0.0,0.057549017512250174,0.04980434639810638
1.651,0.0,0.03472222222222143,-0.9426939058171762,0.0,-0.07083548489705617,-0.1532431647272227
1.652,0.0,0.03472222222222143,0.05730609418282384,0.0,0.05693660383683889,0.195330314936705
1.653,0.0,0.03472222222222143,-0.9426939058171762,0.0,-0.021570831243082688,-0.1583865408317496
1.654,0.0,0.03472222222222143,0.05730609418282384,0.0,-0.021277541913666223,0.056842548518696905
1.655,0.0,0.03472222222222143,0.05730609418282384,0.0,0.054992019914576314,0.06849105762741453
1.656,0.0,0.03472222222222143,0.05730609418282384,0.0,-0.06689903055110645,-0.16695280488532
1.657,0.0,0.03472222222222143,0.05730609418282384,0.0,0.05313198385939795,0.19860961869741967
1.658,0.0,0.03472222222222143,0.05730609418282384,0.0,-0.019878061923527198,-0.15047990397074051
1.659,0.0,0.03472222222222143,0.05730609418282384,0.0,-0.019389316019704523,0.041791268895788054
1.66,0.0,0.03472222222222143,0.05730609418282384,0.0,0.04945630023378557,0.08383658206389549
1.661,0.0,0.03472222222222143,0.05730609418282384,0.0,-0.059375923135443646,-0.17605347884809142
1.662,0.0,0.03472222222222143,0.05730609418282384,0.0,0.04652084257785097,0.19806966106034934
1.663,0.0,0.03472222222222143,0.05730609418282384,0.0,-0.01715534708723254,-0.14134957928066544
1.664,0.0,0.03472222222222143,0.05730609418282384,0.0,-0.0165246706038104,0.028827797531124185
1.665,0.0,0.03472222222222143,0.05730609418282384,0.0,0.04150789312348829,0.09452796383097051
1.666,0.0,0.03472222222222143,-0.9426939058171762,0.0,-0.0490710486151683,-0.17986225059509958
1.667,0.0,0.03472222222222143,0.05730609418282384,0.0,0.03783725796318041,0.1938935667029225
1.668,0.0,0.03472222222222143,0.05730609418282384,0.0,-0.013715298216086922,-0.13189204682423764
1.669,0.0,0.03472222222222143,0.05730609418282384,0.0,-0.013018910783446058,0.01911126752424955
1.67,0.0,0.03472222222222143,0.05730609418282384,0.0,0.032102199743603135,0.09967360880772204
1.671,0.0,0.03472222222222143,-0.9426939058171762,0.0,-0.03725108326910646,-0.17812225328855097
1.672,0.0,0.03472222222222143,0.05730609418282384,0.0,0.02817086854884188,0.18650789229277775
1.673,0.0,0.03472222222222143,0.05730609418282384,0.0,-0.00999848815795313,-0.1229463599429467
1.674,0.0,0.03472222222222143,0.05730609418282384,0.0,-0.009327504064262361,0.01344992127518424
1.675,0.0,0.03472222222222143,0.05730609418282384,0.0,0.02248474134499642,0.09889074387086676
1.676,0.0,-0.9652777777777786,0.05730609418282384,0.0,-0.025509318520704434,-0.17103417098083146
1.677,0.0,0.03472222222222143,0.05730609418282384,0.0,0.018847884758501077,0.17655142049161632
1.678,0.0,0.03472222222222143,0.05730609418282384,0.0,-0.006524236023117931,-0.11522406823002937
1.679,0.0,0.03472222222222143,0.05730609418282384,0.0,-0.00597483364758747,0.012232696687308527
1.68,0.0,0.03472222222222143,0.05730609418282384,0.0,0.014048343208285108,0.09233607162211956
1.681,0.0,0.03472222222222143,0.05730609418282384,0.0,-0.015580216612803567,-0.159235473594253
1.682,0.0,0.03472222222222143,0.05730609418282384,0.0,0.011274601247056265,0.16481787371733814
1.683,0.0,0.03472222222222143,0.05730609418282384,0.0,-0.003828467469173361,-0.10925034980435137
1.684,0.0,0.03472222222222143,0.05730609418282384,0.0,-0.003491001370639849,0.015405037482286965
1.685,0.0,0.03472222222222143,0.05730609418282384,0.0,0.00816311392054469,0.08067718622642588
1.686,0.0,0.03472222222222143,0.05730609418282384,0.0,-0.009125299903803931,-0.14372953698767554
1.687,0.0,0.03472222222222143,0.05730609418282384,0.0,0.006761907007284227,0.15217770138403153
1.688,0.0,0.03472222222222143,-0.9426939058171762,0.0,-0.0023961093604748717,-0.10532100576759684
1.689,0.0,0.03472222222222143,0.05730609418282384,0.0,-0.00234428723988261,0.022489554817785466
1.69,0.0,0.03472222222222143,0.05730609418282384,0.0,0.00599996614801819,0.06500963025210338
1.691,0.0,0.03472222222222143,0.05730609418282384,0.0,-0.007516780219675532,-0.12577343219809928
1.692,0.0,0.03472222222222143,0.05730609418282384,0.0,0.006352652208106113,0.13948749504716018
1.693,0.0,0.03472222222222143,-0.9426939058171762,0.0,-0.002596522992153358,-0.10347892268815598
1.694,0.0,0.03472222222222143,0.05730609418282384,0.0,-0.002877825689889686,0.032647316908930475
1.695,0.0,0.03472222222222143,0.05730609418282384,0.0,0.00837025564028864,0.04673098509007305
1.696,0.0,0.03472222222222143,-0.9426939058171762,0.0,-0.011646852714408512,-0.10673866678454455
1.697,0.0,0.03472222222222143,0.05730609418282384,0.0,0.010674343742798995,0.1274980028833225
1.698,0.0,0.03472222222222143,0.05730609418282384,0.0,-0.004630444096153286,-0.10351230491854965
1.699,0.0,0.03472222222222143,0.05730609418282384,0.0,-0.005258917019988513,0.044771464946233734
1.7,0.0,0.03472222222222143,0.05730609418282384,0.0,0.015603029706136072,0.027388247013148383
1.701,0.0,0.03472222222222143,0.05730609418282384,0.0,-0.02178845871329306,-0.08796271755217722
1.702,0.0,0.03472222222222143,0.05730609418282384,0.0,0.01983730309663394,0.11677271170223116
1.703,0.0,0.03472222222222143,0.05730609418282384,0.0,-0.008495742735186494,-0.10497545550320757
1.704,0.0,0.03472222222222143,0.05730609418282384,0.0,-0.009448121771809698,0.05760198063532933
1.705,0.0,0.03472222222222143,0.05730609418282384,0.0,0.027477390558340538,0.008517343719068659
1.706,0.0,0.03472222222222143,0.05730609418282384,0.0,-0.037527691689027885,-0.07061029335774757
1.707,0.0,0.03472222222222143,0.05730609418282384,0.0,0.033393320878428424,0.10762829431771262
1.708,0.0,0.03472222222222143,0.05730609418282384,0.0,-0.013977153699211603,-0.10723119535114088
1.709,0.0,0.03472222222222143,0.05730609418282384,0.0,-0.015193005605632524,0.06984901150182174
1.71,0.0,0.03472222222222143,0.05730609418282384,0.0,0.043221005209130664,-0.008506282410022875
1.711,0.0,0.03472222222222143,0.05730609418282384,0.0,-0.05777949116346846,-0.055561746975081046
1.712,0.0,0.03472222222222143,0.05730609418282384,0.0,0.05036255568958012,0.1001058734698678
1.713,0.0,0.03472222222222143,0.05730609418282384,0.0,-0.020662209839505626,-0.10951223303747151
1.714,0.0,0.03472222222222143,0.05730609418282384,0.0,-0.022048376480908835,0.08031223826659703
1.715,0.0,0.03472222222222143,0.05730609418282384,0.0,0.061577601431088994,-0.022589472932426143
1.716,0.0,0.03472222222222143,0.05730609418282384,0.0,-0.08088787162648385,-0.04334213186934204
1.717,0.0,0.03472222222222143,0.05730609418282384,0.0,0.06932784363273557,0.09397827315379434
1.718,0.0,0.03472222222222143,0.05730609418282384,0.0,-0.02798229900032868,-0.1109970417667835
1.719,0.0,0.03472222222222143,0.05730609418282384,0.0,-0.029421462781003552,0.08798519388612469
1.72,0.0,0.03472222222222143,0.05730609418282384,0.0,0.08093741306323218,-0.033003380714591635
1.721,0.0,0.03472222222222143,0.05730609418282384,0.0,-0.10480099160657727,-0.03409863666748285
1.722,0.0,0.03472222222222143,0.05730609418282384,0.0,0.08858680957827232,0.08879368457909827
1.723,0.0,0.03472222222222143,0.05730609418282384,0.0,-0.035274486548209624,-0.1108942084647585
1.724,0.0,0.03472222222222143,0.05730609418282384,0.0,-0.03663716469285856,0.09213591040830812
1.725,0.0,0.03472222222222143,0.05730609418282384,0.0,0.09951614383663991,-0.03941930521376723
1.726,0.0,0.03472222222222143,0.05730609418282384,0.0,-0.12730132721427456,-0.027627356524460422
1.727,0.0,0.03472222222222143,0.05730609418282384,0.0,0.10634436715664901,0.08395110587983999
1.728,0.0,0.03472222222222143,0.05730609418282384,0.0,-0.041856935171630735,-0.10852796149775272
1.729,0.0,0.03472222222222143,0.05730609418282384,0.0,-0.04301572245478311,0.09235837365726189
1.73,0.0,0.03472222222222143,0.05730609418282384,0.0,0.11556124816646395,-0.04189813337977009
1.731,0.0,-0.9652777777777786,0.05730609418282384,0.0,-0.14626344624978294,-0.023443550527954413
1.732,0.0,0.03472222222222143,0.05730609418282384,0.0,0.12092243211403729,0.07879824196086073
1.733,0.0,0.03472222222222143,-0.9426939058171762,0.0,-0.047108796487477574,-0.10341683700887673
1.734,0.0,0.03472222222222143,0.05730609418282384,0.0,-0.04795327850639268,0.08859257150694907
1.735,0.0,0.03472222222222143,0.05730609418282384,0.0,0.1275601376126803,-0.04083901036087358
1.736,0.0,-0.9652777777777786,0.05730609418282384,0.0,-0.1599074895031605,-0.020883663773088826
1.737,0.0,0.03472222222222143,0.05730609418282384,0.0,0.1309607801102268,0.07273897113524286
1.738,0.0,0.03472222222222143,-0.9426939058171762,0.0,-0.05054462608223959,-0.0953373742120457
1.739,0.0,0.03472222222222143,0.05730609418282384,0.0,-0.050995147196872634,0.08111402687320284
1.74,0.0,0.03472222222222143,0.05730609418282384,0.0,0.13442394901282165,-0.03689751820023037
1.741,0.0,0.03472222222222143,0.05730609418282384,0.0,-0.16701613620299685,-0.019223296851798487
1.742,0.0,0.03472222222222143,0.05730609418282384,0.0,0.1355834183474988,0.06533556970226602
1.743,0.0,0.03472222222222143,0.05730609418282384,0.0,-0.05187382167628547,-0.08436545923015218
1.744,0.0,0.03472222222222143,0.05730609418282384,0.0,-0.05189227039745156,0.07049629504146583
1.745,0.0,0.03472222222222143,0.05730609418282384,0.0,0.13562297242425359,-0.030886548961472436
1.746,0.0,0.03472222222222143,0.05730609418282384,0.0,-0.16708671171134912,-0.017793556487234755
1.747,0.0,0.03472222222222143,0.05730609418282384,0.0,0.13450863732659113,0.0563909894987321
1.748,0.0,0.03472222222222143,0.05730609418282384,0.0,-0.05103727397741604,-0.07088951500799567
1.749,0.0,0.03472222222222143,0.05730609418282384,0.0,-0.050633276904714836,0.057551779035764056
1.75,0.0,0.03472222222222143,0.05730609418282384,0.0,0.1312554928508414,-0.02367392970328205
1.751,0.0,-0.9652777777777786,0.05730609418282384,0.0,-0.16039777500488878,-0.016079045418386246
1.752,0.0,0.03472222222222143,0.05730609418282384,0.0,0.12808764122487673,0.045998684546003754
1.753,0.0,0.03472222222222143,0.05730609418282384,0.0,-0.04821615705919156,-0.05559211478666084
1.754,0.0,0.03472222222222143,0.05730609418282384,0.0,-0.047447549439396317,0.043257308194983385
1.755,0.0,0.03472222222222143,0.05730609418282384,0.0,0.12203997176376014,-0.016089710498561106
1.756,0.0,-0.9652777777777786,0.05730609418282384,0.0,-0.14798006924161994,-0.013783996407513408
1.757,0.0,0.03472222222222143,0.05730609418282384,0.0,0.11726549780597241,0.03455155880471394
1.758,0.0,0.03472222222222143,0.05730609418282384,0.0,-0.0438112331470422,-0.039399621654296724
1.759,0.0,0.03472222222222143,0.05730609418282384,0.0,-0.04277835930494493,0.028671282973578807
1.76,0.0,0.03472222222222143,0.05730609418282384,0.0,0.10923015258023908,-0.008853177090787942
1.761,0.0,0.03472222222222143,0.05730609418282384,0.0,-0.1314937962207151,-0.010858219729523255
1.762,0.0,0.03472222222222143,0.05730609418282384,0.0,0.1034679790305323,0.022707055320819708
1.763,0.0,0.03472222222222143,0.05730609418282384,0.0,-0.038394769396711555,-0.023402860790057368
1.764,0.0,0.03472222222222143,0.05730609418282384,0.0,-0.03722898084923721,0.014848949478894573
1.765,0.0,0.03472222222222143,0.05730609418282384,0.0,0.09446257011703531,-0.0025256433073802295
1.766,0.0,0.03472222222222143,0.05730609418282384,0.0,-0.1130262220299812,-0.007480833066148653
1.767,0.0,0.03472222222222143,0.05730609418282384,0.0,0.08842740885899997,0.011311507054981044
1.768,0.0,0.03472222222222143,0.05730609418282384,0.0,-0.03264068259767471,-0.008755257717971247
1.769,0.0,0.03472222222222143,0.05730609418282384,0.0,-0.03148823652123844,0.0027617130926955824
1.77,0.0,0.03472222222222143,0.05730609418282384,0.0,0.07955477724227157,0.002509399296409497
1.771,0.0,0.03472222222222143,0.05730609418282384,0.0,-0.09483405382228204,-0.004006232977780403
1.772,0.0,0.03472222222222143,0.05730609418282384,0.0,0.07396864120755597,0.0012927782743425236
1.773,0.0,0.03472222222222143,0.05730609418282384,0.0,-0.02724138281228735,0.003442086022993954
1.774,0.0,0.03472222222222143,0.05730609418282384,0.0,-0.026244674057711814,-0.006774482178686193
1.775,0.0,0.03472222222222143,0.05730609418282384,0.0,0.06627919579036187,0.006041431557097372
1.776,0.0,0.03472222222222143,0.05730609418282384,0.0,-0.0790624567754373,-0.0008824814085754296
1.777,0.0,0.03472222222222143,0.05730609418282384,0.0,0.06178169202003901,-0.006464906285388113
1.778,0.0,0.03472222222222143,0.05730609418282384,0.0,-0.022821600757491584,0.012256675140862197
1.779,0.0,0.03472222222222143,0.05730609418282384,0.0,-0.022100165857489022,-0.013157640607469897
1.78,0.0,0.03472222222222143,0.05730609418282384,0.0,0.05614096035671821,0.008009372002569352
1.781,0.0,0.03472222222222143,0.05730609418282384,0.0,-0.06747599788230872,0.001443627707168031
1.782,0.0,0.03472222222222143,0.05730609418282384,0.0,0.05320960990546003,-0.011246952025011758
1.783,0.0,0.03472222222222143,0.05730609418282384,0.0,-0.019860009575623432,0.01702949127837224
1.784,0.0,0.03472222222222143,0.05730609418282384,0.0,-0.019493924683554695,-0.01604193958757956
1.785,0.0,0.03472222222222143,0.05730609418282384,0.0,0.05018796610508355,0.008467396761439018
1.786,0.0,0.03472222222222143,0.05730609418282384,0.0,-0.061235720784939815,0.0026186903465445755
1.787,0.0,0.03472222222222143,0.05730609418282384,0.0,0.04907858652395082,-0.012617397855990298
1.788,0.0,0.03472222222222143,0.05730609418282384,0.0,-0.018628607448115012,0.017456039339454978
1.789,0.0,0.03472222222222143,0.05730609418282384,0.0,-0.018646710448672752,-0.015361455697603834
1.79,0.0,0.03472222222222143,0.05730609418282384,0.0,0.04887754215910498,0.007548621624783974
1.791,0.0,-0.9652777777777786,0.05730609418282384,0.0,-0.060751072313048556,0.0024565008986487664
1.792,0.0,0.03472222222222143,0.05730609418282384,0.0,0.049592251905944955,-0.010494793505784536
1.793,0.0,0.03472222222222143,0.05730609418282384,0.0,-0.019157707450786477,0.013633029121057086
1.794,0.0,0.03472222222222143,0.05730609418282384,0.0,-0.019532510019415073,-0.01133402640542447
1.795,0.0,0.03472222222222143,0.05730609418282384,0.0,0.05201721457180751,0.005434104761897277
1.796,0.0,0.03472222222222143,0.05730609418282384,0.0,-0.06562619188699068,0.0009810698199107302
1.797,0.0,0.03472222222222143,0.05730609418282384,0.0,0.05430419545467438,-0.005182819667943564
1.798,0.0,0.03472222222222143,0.05730609418282384,0.0,-0.021231244081402933,0.006063444170204736
1.799,0.0,0.03472222222222143,0.05730609418282384,0.0,-0.021881524706090567,-0.004444794577726884
1.8,0.0,0.03472222222222143,0.05730609418282384,0.0,0.05878777747007889,0.0023323436246472967
1.801,0.0,0.03472222222222143,0.05730609418282384,0.0,-0.0747083025817698,-0.0015686646369579226
1.802,0.0,0.03472222222222143,0.05730609418282384,0.0,0.062172996762448356,0.0026506123707529653
1.803,0.0,0.03472222222222143,0.05730609418282384,0.0,-0.024413342758367162,-0.004382830990492421
1.804,0.0,0.03472222222222143,0.05730609418282384,0.0,-0.025214343250664066,0.004589996727151116
1.805,0.0,0.03472222222222143,0.05730609418282384,0.0,0.06784653750988942,-0.0015286122640051102
1.806,0.0,0.03472222222222143,0.05730609418282384,0.0,-0.0862331053249937,-0.0047737917559089495
1.807,0.0,0.03472222222222143,0.05730609418282384,0.0,0.07169367947831368,0.01204507669677694
1.808,0.0,0.03472222222222143,0.05730609418282384,0.0,-0.028103181795355158,-0.01655057661435445
1.809,0.0,0.03472222222222143,0.05730609418282384,0.0,-0.02890322253453239,0.014877225258014734
1.81,0.0,0.03472222222222143,0.05730609418282384,0.0,0.07749845870700378,-0.005897554637182322
1.811,0.0,0.03472222222222143,0.05730609418282384,0.0,-0.09804981154638207,-0.008104992760065766
1.812,0.0,0.03472222222222143,0.05730609418282384,0.0,0.08108983444955471,0.021862331380781756
1.813,0.0,0.03472222222222143,0.05730609418282384,0.0,-0.03161159968442574,-0.029115608070900256
1.814,0.0,0.03472222222222143,0.05730609418282384,0.0,-0.0322529525756326,0.02541609375210042
1.815,0.0,0.03472222222222143,0.05730609418282384,0.0,0.08591430555976273,-0.010488988086987595
1.816,0.0,-0.9652777777777786,0.05730609418282384,0.0,-0.10789831569268866,-0.011015943037563924
1.817,0.0,0.03472222222222143,0.05730609418282384,0.0,0.08854292285637508,0.030929874266343207
1.818,0.0,0.03472222222222143,0.05730609418282384,0.0,-0.034250116066187615,-0.040724012665124196
1.819,0.0,0.03472222222222143,0.05730609418282384,0.0,-0.03459128616941722,0.035177932989239886
1.82,0.0,0.03472222222222143,0.05730609418282384,0.0,0.09136885790924862,-0.01497040715486367
1.821,0.0,0.03472222222222143,0.05730609418282384,0.0,-0.11370429206218768,-0.013045647113224325
1.822,0.0,0.03472222222222143,0.05730609418282384,0.0,0.09243044574575383,0.03819468434131101
1.823,0.0,0.03472222222222143,0.05730609418282384,0.0,-0.03542139560126643,-0.05013897812574915
1.824,0.0,0.03472222222222143,0.05730609418282384,0.0,-0.03535768037056453,0.04319095656974839
1.825,0.0,0.03472222222222143,0.05730609418282384,0.0,0.0924696093350708,-0.018954626712425215
1.826,0.0,-0.9652777777777786,0.05730609418282384,0.0,-0.11385554568375393,-0.013912894465112067
1.827,0.0,0.03472222222222143,0.05730609418282384,0.0,0.09154336126907242,0.0428663728888939
1.828,0.0,0.03472222222222143,0.05730609418282384,0.0,-0.034699899701565194,-0.05637831990981847
1.829,0.0,0.03472222222222143,0.05730609418282384,0.0,-0.0341792756667218,0.048623332329997694
1.83,0.0,0.03472222222222143,0.05730609418282384,0.0,0.08834738874777592,-0.02200317350058385
1.831,0.0,0.03472222222222143,0.05730609418282384,0.0,-0.10742505634157415,-0.013586669781548951
1.832,0.0,0.03472222222222143,0.05730609418282384,0.0,0.08525550696456442,0.0445296819277373
1.833,0.0,0.03472222222222143,-0.9426939058171762,0.0,-0.031892581889634175,-0.05882622518884405
1.834,0.0,0.03472222222222143,0.05730609418282384,0.0,-0.03092459656255624,0.05085742108951391
1.835,0.0,0.03472222222222143,0.05730609418282384,0.0,0.07878492087825986,-0.02364485011677686
1.836,0.0,0.03472222222222143,0.05730609418282384,0.0,-0.0943125541376723,-0.012319501788986944
1.837,0.0,0.03472222222222143,0.05730609418282384,0.0,0.07362354094223275,0.043209791328383866
1.838,0.0,0.03472222222222143,0.05730609418282384,0.0,-0.027071854606539367,-0.05730522943715673
1.839,0.0,0.03472222222222143,0.05730609418282384,0.0,-0.025728187967635825,0.04954816581053701
1.84,0.0,0.03472222222222143,0.05730609418282384,0.0,0.06426688036847497,-0.02341074394028089
1.841,0.0,0.03472222222222143,0.05730609418282384,0.0,-0.07528634528416721,-0.01063597346262588
1.842,0.0,0.03472222222222143,0.05730609418282384,0.0,0.05740433200188078,0.039379830293660545
1.843,0.0,0.03472222222222143,0.05730609418282384,0.0,-0.020576398067044456,-0.052098809890366485
1.844,0.0,0.03472222222222143,0.05730609418282384,0.0,-0.01898295487829508,0.044659501472787765
1.845,0.0,0.03472222222222143,0.05730609418282384,0.0,0.04594454720703369,-0.0208836457164042
1.846,0.0,0.03472222222222143,0.05730609418282384,0.0,-0.0519192328073368,-0.009275212830393204
1.847,0.0,0.03472222222222143,0.05730609418282384,0.0,0.03798675823248209,0.03390758459148548
1.848,0.0,0.03472222222222143,0.05730609418282384,0.0,-0.01297928473575166,-0.04392073953300592
1.849,0.0,0.03472222222222143,0.05730609418282384,0.0,-0.011300901408143696,0.03647431040728406
1.85,0.0,0.03472222222222143,0.05730609418282384,0.0,0.025518550067494095,-0.015756622369495158
1.851,0.0,0.03472222222222143,0.05730609418282384,0.0,-0.026425246628338655,-0.009093195190702195
1.852,0.0,0.03472222222222143,0.05730609418282384,0.0,0.01724527853819453,0.02794664470299692
1.853,0.0,0.03472222222222143,0.05730609418282384,0.0,-0.005026876917757647,-0.033833805605085525
1.854,0.0,0.03472222222222143,0.05730609418282384,0.0,-0.0034467839404701156,0.025575768957543845
1.855,0.0,0.03472222222222143,0.05730609418282384,0.0,0.005053112657800978,-0.007892908540104663
1.856,0.0,0.03472222222222143,0.05730609418282384,0.0,-0.0014159324706933124,-0.01093709255094977
1.857,0.0,0.03472222222222143,0.05730609418282384,0.0,-0.0026678524556152288,0.02278502719803817
1.858,0.0,0.03472222222222143,0.05730609418282384,0.0,0.002444468738260348,-0.023126841011176895
1.859,0.0,0.03472222222222143,0.05730609418282384,0.0,0.0037475605191845214,0.012800706970449873
1.86,0.0,0.03472222222222143,0.05730609418282384,0.0,-0.013256508475533552,0.0026221964589817092
1.861,0.0,0.03472222222222143,0.05730609418282384,0.0,0.02039531061256749,-0.015508748792801338
1.862,0.0,0.03472222222222143,0.05730609418282384,0.0,-0.01956740202866535,0.01967052978613713
1.863,0.0,0.03472222222222143,0.05730609418282384,0.0,0.00860412505890551,-0.013164408325796377
1.864,0.0,0.03472222222222143,0.05730609418282384,0.0,0.00947815949341847,-0.000831471273458941
1.865,0.0,0.03472222222222143,0.05730609418282384,0.0,-0.027336075794209307,0.015446815158131531
1.866,0.0,0.03472222222222143,0.05730609418282384,0.0,0.036506073021654754,-0.023236887829462875
1.867,0.0,0.03472222222222143,0.05730609418282384,0.0,-0.03148817741852666,0.01963584295614984
1.868,0.0,0.03472222222222143,0.05730609418282384,0.0,0.012724029448306104,-0.005227171621955353
1.869,0.0,0.03472222222222143,0.05730609418282384,0.0,0.01306199863430705,-0.014208033414007077
1.87,0.0,0.03472222222222143,0.05730609418282384,0.0,-0.035474260232197706,0.029973333900304357
1.871,0.0,0.03472222222222143,0.05730609418282384,0.0,0.04491809660505331,-0.03417743993247346
1.872,0.0,0.03472222222222143,0.05730609418282384,0.0,-0.03691637755660851,0.02334714859563105
1.873,0.0,0.03472222222222143,0.05730609418282384,0.0,0.01426512821586638,-0.00036244967016463905
1.874,0.0,0.03472222222222143,0.05730609418282384,0.0,0.014017390772257983,-0.02622190216032592
1.875,0.0,0.03472222222222143,0.05730609418282384,0.0,-0.036525928989280095,0.04534979839208915
1.876,0.0,0.03472222222222143,0.05730609418282384,0.0,0.044376214444146855,-0.047958344132480124
1.877,0.0,0.03472222222222143,0.05730609418282384,0.0,-0.03497195369074372,0.030997407246777468
1.878,0.0,0.03472222222222143,0.05730609418282384,0.0,0.01294313152720301,0.0007365919122841464
1.879,0.0,0.03472222222222143,0.05730609418282384,0.0,0.01212227502847923,-0.035870657202465
1.88,0.0,0.03472222222222143,0.05730609418282384,0.0,-0.030052971744273075,0.06053327441591641
1.881,0.0,0.03472222222222143,-0.9426939058171762,0.0,0.03452494314801509,-0.06377969532393794
1.882,0.0,0.03472222222222143,0.05730609418282384,0.0,-0.02552044436802393,0.04226003363879772
1.883,0.0,0.03472222222222143,0.05730609418282384,0.0,0.008765724165389536,-0.0021918914009377522
1.884,0.0,0.03472222222222143,0.05730609418282384,0.0,0.007443704700008594,-0.042345630102334275
1.885,0.0,0.03472222222222143,0.05730609418282384,0.0,-0.01638617389275193,0.07437229141213261
1.886,0.0,0.03472222222222143,0.05730609418282384,0.0,0.01596431602408818,-0.0804728535137736
1.887,0.0,0.03472222222222143,0.05730609418282384,0.0,-0.009201074056685991,0.056310866796759694
1.888,0.0,0.03472222222222143,0.05730609418282384,0.0,0.0020367625382254214,-0.008954424423009795
1.889,0.0,0.03472222222222143,0.05730609418282384,0.0,0.00033514292049020687,-0.04510211001468727
1.89,0.0,0.03472222222222143,0.05730609418282384,0.0,0.003399096722554531,0.08571128094078959
1.891,0.0,0.03472222222222143,0.05730609418282384,0.0,-0.009801625367910193,-0.09661408530958952
1.892,0.0,0.03472222222222143,0.05730609418282384,0.0,0.012632248948993329,0.07191727297666346
1.893,0.0,0.03472222222222143,0.05730609418282384,0.0,-0.006673097585740164,-0.01893411796843744
1.894,0.0,0.03472222222222143,0.05730609418282384,0.0,-0.008598099273828319,-0.04390369104387697
1.895,0.0,0.03472222222222143,0.05730609418282384,0.0,0.027590586031596767,0.09350640601628063
1.896,0.0,0.03472222222222143,0.05730609418282384,0.0,-0.04051773825592152,-0.11068056586480429
1.897,0.0,0.03472222222222143,0.05730609418282384,0.0,0.03805021374186778,0.08758409486758872
1.898,0.0,0.03472222222222143,0.05730609418282384,0.0,-0.01658593098557188,-0.031173987384579264
1.899,0.0,0.03472222222222143,0.05730609418282384,0.0,-0.01856131017281447,-0.03883664424949192
1.9,0.0,0.03472222222222143,0.05730609418282384,0.0,0.05401779958833866,0.09693987322905316
1.901,0.0,0.03472222222222143,0.05730609418282384,0.0,-0.0734144045183266,-0.12123021964954142
1.902,0.0,0.03472222222222143,0.05730609418282384,0.0,0.06475153211706601,0.10173823345399707
1.903,0.0,0.03472222222222143,0.05730609418282384,0.0,-0.026799279048376784,-0.044500503937875024
1.904,0.0,0.03472222222222143,0.05730609418282384,0.0,-0.028653593590042048,-0.030293539013572075
1.905,0.0,0.03472222222222143,0.05730609418282384,0.0,0.0802810654186613,0.09551909594382887
1.906,0.0,0.03472222222222143,0.05730609418282384,0.0,-0.10550062287240296,-0.12708284068803735
1.907,0.0,0.03472222222222143,0.05730609418282384,0.0,0.09030702891903607,0.11292803685635079
1.908,0.0,0.03472222222222143,0.05730609418282384,0.0,-0.03638245407442156,-0.05767096468829861
1.909,0.0,0.03472222222222143,0.05730609418282384,0.0,-0.037962439123577475,-0.018928747415174127
1.91,0.0,0.03472222222222143,0.05730609418282384,0.0,0.10400484229357806,0.08914809505226458
1.911,0.0,0.03472222222222143,-0.9426939058171762,0.0,-0.13388001121948337,-0.1274788299374059
1.912,0.0,0.03472222222222143,0.05730609418282384,0.0,0.11241639600263952,0.12001119449484476
1.913,0.0,0.03472222222222143,0.05730609418282384,0.0,-0.04447526073446105,-0.06952521772327007
1.914,0.0,0.03472222222222143,0.05730609418282384,0.0,-0.045659028592178366,-0.005591505850786753
1.915,0.0,0.03472222222222143,0.05730609418282384,0.0,0.12308655484506201,0.07816121286009158
1.916,0.0,-0.9652777777777786,-0.9426939058171762,0.0,-0.15605383653943405,-0.1221939523316478
1.917,0.0,0.03472222222222143,0.05730609418282384,0.0,0.12914841661112866,0.12230589910243264
1.918,0.0,0.03472222222222143,0.05730609418282384,0.0,-0.0503778179575621,-0.07912185655244929
1.919,0.0,0.03472222222222143,0.05730609418282384,0.0,-0.05108367626549834,0.008755506257562351
1.92,0.0,0.03472222222222143,0.05730609418282384,0.0,0.13591304567350249,0.06331327905171584
1.921,0.0,-0.9652777777777786,0.05730609418282384,0.0,-0.1701770729447654,-0.11159355215342584
1.922,0.0,0.03472222222222143,0.05730609418282384,0.0,0.13913771360999877,0.11968456512701983
1.923,0.0,0.03472222222222143,0.05730609418282384,0.0,-0.0536213542748686,-0.08584128035119058
1.924,0.0,0.03472222222222143,0.05730609418282384,0.0,-0.053812018870617886,0.02312286220479585
1.925,0.0,0.03472222222222143,0.05730609418282384,0.0,0.14152076884653514,0.04572531997472205
1.926,0.0,0.03472222222222143,0.05730609418282384,0.0,-0.17523931534414985,-0.09661706521438766
1.927,0.0,0.03472222222222143,0.05730609418282384,0.0,0.14171645727632085,0.11259682008289881
1.928,0.0,0.03472222222222143,0.05730609418282384,0.0,-0.05401223574938624,-0.08944270775975094
1.929,0.0,0.03472222222222143,0.05730609418282384,0.0,-0.05369484221179923,0.036577074884131346
1.93,0.0,0.03472222222222143,0.05730609418282384,0.0,0.13968260375869132,0.02679013225136836
1.931,0.0,0.03472222222222143,0.05730609418282384,0.0,-0.17115141775169418,-0.07869248649661247
1.932,0.0,0.03472222222222143,0.05730609418282384,0.0,0.13696731200392975,0.10201784253139295
1.933,0.0,0.03472222222222143,-0.9426939058171762,0.0,-0.051644762766368,-0.09006869077177637
1.934,0.0,0.03472222222222143,0.05730609418282384,0.0,-0.05086748755816498,0.04831106298873488
1.935,0.0,0.03472222222222143,0.05730609418282384,0.0,0.1309128249047518,0.008046890830233216
1.936,0.0,-0.9652777777777786,0.05730609418282384,0.0,-0.1587298794056228,-0.0595895361893318
1.937,0.0,0.03472222222222143,0.05730609418282384,0.0,0.12569324399418455,0.08932814842936426
1.938,0.0,0.03472222222222143,0.05730609418282384,0.0,-0.04688202747556716,-0.08819800467397468
1.939,0.0,0.03472222222222143,0.05730609418282384,0.0,-0.045728269338925306,0.05769621648744119
1.94,0.0,0.03472222222222143,0.05730609418282384,0.0,0.11639128778424312,-0.008962188902031838
1.941,0.0,0.03472222222222143,0.05730609418282384,0.0,-0.1395829259108507,-0.04122840041145061
1.942,0.0,0.03472222222222143,0.05730609418282384,0.0,0.109309520813992,0.07614025365431762
1.943,0.0,0.03472222222222143,0.05730609418282384,0.0,-0.040307890064966885,-0.08455496031579193
1.944,0.0,0.03472222222222143,0.05730609418282384,0.0,-0.03888885572292936,0.06431255802303523
1.945,0.0,0.03472222222222143,0.05730609418282384,0.0,0.09781715635995872,-0.022837764350451553
1.946,0.0,0.03472222222222143,0.05730609418282384,0.0,-0.1159135044705856,-0.025466996315766818
1.947,0.0,0.03472222222222143,0.05730609418282384,0.0,0.08967214288086228,0.06409496688331318
1.948,0.0,0.03472222222222143,0.05730609418282384,0.0,-0.03265644641052533,-0.07998917982417024
1.949,0.0,0.03472222222222143,0.05730609418282384,0.0,-0.03110271233644633,0.0679564224167465
1.95,0.0,0.03472222222222143,0.05730609418282384,0.0,0.07721041484411233,-0.03245594489844248
1.951,0.0,-0.9652777777777786,0.05730609418282384,0.0,-0.09026370043983234,-0.013892874739001883
1.952,0.0,0.03472222222222143,0.05730609418282384,0.0,0.06886399953552247,0.054654354200935173
1.953,0.0,0.03472222222222143,-0.9426939058171762,0.0,-0.024727822420228147,-0.07534383970559298
1.954,0.0,0.03472222222222143,0.05730609418282384,0.0,-0.0231801260768282,0.06862783424767409
1.955,0.0,0.03472222222222143,0.05730609418282384,0.0,0.05668505517538947,-0.03707298821909905
1.956,0.0,0.03472222222222143,0.05730609418282384,0.0,-0.06523130544882087,-0.007645656223592099
1.957,0.0,0.03472222222222143,0.05730609418282384,0.0,0.04896441845809257,0.04891903366368052
1.958,0.0,0.03472222222222143,0.05730609418282384,0.0,-0.017300455690569094,-0.07133174514094061
1.959,0.0,0.03472222222222143,0.05730609418282384,0.0,-0.01589973341044817,0.0665019788799979
1.96,0.0,0.03472222222222143,0.05730609418282384,0.0,0.03822056702348734,-0.036390673372043325
1.961,0.0,0.03472222222222143,0.05730609418282384,0.0,-0.043191723296538635,-0.0072922764699258685
1.962,0.0,0.03472222222222143,0.05730609418282384,0.0,0.03182899295953155,0.047494276848194746
1.963,0.0,0.03472222222222143,0.05730609418282384,0.0,-0.011050076074977459,-0.06843715695268532
1.964,0.0,0.03472222222222143,0.05730609418282384,0.0,-0.009926714125522023,0.0618905576545687
1.965,0.0,0.03472222222222143,0.05730609418282384,0.0,0.02345788851864298,-0.03057539544857046
1.966,0.0,0.03472222222222143,0.05730609418282384,0.0,-0.026056850221871864,-0.01277073248236465
1.967,0.0,0.03472222222222143,0.05730609418282384,0.0,0.018904536970274145,0.05042281668578254
1.968,0.0,0.03472222222222143,0.05730609418282384,0.0,-0.0064844012543210485,-0.06685725392258815
1.969,0.0,0.03472222222222143,0.05730609418282384,0.0,-0.005746851528346996,0.05519925152708119
1.97,0.0,0.03472222222222143,0.05730609418282384,0.0,0.013542400527793883,-0.020229343667680467
1.971,0.0,0.03472222222222143,0.05730609418282384,0.0,-0.01509726348180424,-0.023409314420726433
1.972,0.0,0.03472222222222143,0.05730609418282384,0.0,0.011099044320734362,0.057193168798683344
1.973,0.0,0.03472222222222143,0.05730609418282384,0.0,-0.003900307709838075,-0.06649106296585401
1.974,0.0,0.03472222222222143,0.05730609418282384,0.0,-0.003623618835135046,0.046887000570119707
1.975,0.0,0.03472222222222143,0.05730609418282384,0.0,0.009030339274773265,-0.006317624879726327
1.976,0.0,0.03472222222222143,0.05730609418282384,0.0,-0.010845706913188629,-0.03801862101407538
1.977,0.0,0.03472222222222143,0.05730609418282384,0.0,0.008719289245476809,0.06682191249921006
1.978,0.0,0.03472222222222143,0.05730609418282384,0.0,-0.0033672392602383592,-0.06697651107682119
1.979,0.0,0.03472222222222143,0.05730609418282384,0.0,-0.0035825743155859665,0.03743149666652268
1.98,0.0,0.03472222222222143,0.05730609418282384,0.0,0.009866954470359792,0.009939794455106822
1.981,0.0,0.03472222222222143,0.05730609418282384,0.0,-0.013089552918331868,-0.055044274483399366
1.982,0.0,0.03472222222222143,0.05730609418282384,0.0,0.011480143559492862,0.0779981854810332
1.983,0.0,0.03472222222222143,0.05730609418282384,0.0,-0.004737279099396044,-0.06776900032321989
1.984,0.0,0.03472222222222143,0.05730609418282384,0.0,-0.0054239831243788166,0.027303456442216222
1.985,0.0,0.03472222222222143,0.05730609418282384,0.0,0.015435867215324839,0.027198542656021882
1.986,0.0,0.03472222222222143,0.05730609418282384,0.0,-0.020948957270659804,-0.07276043257706698
1.987,0.0,0.03472222222222143,0.05730609418282384,0.0,0.018580897555305946,0.08927005272560185
1.988,0.0,0.03472222222222143,0.05730609418282384,0.0,-0.007679073089083304,-0.06824865292053064
1.989,0.0,0.03472222222222143,0.05730609418282384,0.0,-0.008761143417769152,0.01695023216346341
1.99,0.0,0.03472222222222143,0.05730609418282384,0.0,0.024670493187260674,0.044127567135270655
1.991,0.0,0.03472222222222143,0.05730609418282384,0.0,-0.03302718173659169,-0.0894789991040092
1.992,0.0,0.03472222222222143,0.05730609418282384,0.0,0.02883596023619963,0.0992466342465191
1.993,0.0,0.03472222222222143,-0.9426939058171762,0.0,-0.011730060614690714,-0.06783905006933455
1.994,0.0,0.03472222222222143,0.05730609418282384,0.0,-0.013078803924289601,0.006787481723410269
1.995,0.0,0.03472222222222143,0.05730609418282384,0.0,0.03621115707548716,0.05953850631562331
1.996,0.0,0.03472222222222143,-0.9426939058171762,0.0,-0.04761130531209244,-0.10374757224645444
1.997,0.0,0.03472222222222143,0.05730609418282384,0.0,0.04084125088033308,0.10678775073453226
1.998,0.0,0.03472222222222143,0.05730609418282384,0.0,-0.016359572014778917,-0.06611854903559738
1.999,0.0,0.03472222222222143,0.05730609418282384,0.0,-0.017803706366538097,-0.002803740480464764
2.0,0.0,0.03472222222222143,0.05730609418282384,0.0,0.04858651939505797,0.07249247987036692
2.001,0.0,0.03472222222222143,0.05730609418282384,0.0,-0.06289627210846262,-0.11451090628451516
2.002,0.0,0.03472222222222143,0.05730609418282384,0.0,0.053154091948040126,0.11115469442089371
2.003,0.0,0.03472222222222143,0.05730609418282384,0.0,-0.021034493009354147,-0.06290638219057157
2.004,0.0,0.03472222222222143,0.05730609418282384,0.0,-0.022377966984976596,-0.011477783478670019
2.005,0.0,0.03472222222222143,0.05730609418282384,0.0,0.06039575926594835,0.0823731576178747
2.006,0.0,0.03472222222222143,0.05730609418282384,0.0,-0.07720352908733306,-0.12121577303696231
2.007,0.0,0.03472222222222143,0.05730609418282384,0.0,0.06446384041226995,0.11210131667611442
2.008,0.0,0.03472222222222143,0.05730609418282384,0.0,-0.025279434866876383,-0.058309570034757306
2.009,0.0,0.03472222222222143,0.05730609418282384,0.0,-0.02632589570252198,-0.01892630925337148
2.01,0.0,0.03472222222222143,0.05730609418282384,0.0,0.07046882977122255,0.08891935033192937
2.011,0.0,-0.9652777777777786,-0.9426939058171762,0.0,-0.08916751439138496,-0.12384690763819767
2.012,0.0,0.03472222222222143,0.05730609418282384,0.0,0.07373282897613967,0.10989317216967531
2.013,0.0,0.03472222222222143,0.05730609418282384,0.0,-0.028724593644569744,-0.05272266227524861
2.014,0.0,0.03472222222222143,0.05730609418282384,0.0,-0.029305953760072303,-0.024883728716803475
2.015,0.0,0.03472222222222143,0.05730609418282384,0.0,0.07798585154121167,0.0922154792574337
2.016,0.0,-0.9652777777777786,0.05730609418282384,0.0,-0.09786860753598442,-0.12289115000739859
2.017,0.0,0.03472222222222143,0.05730609418282384,0.0,0.08029202918001174,0.10525277016360657
2.018,0.0,0.03472222222222143,0.05730609418282384,0.0,-0.031136511825306447,-0.04677957383115559
2.019,0.0,0.03472222222222143,0.05730609418282384,0.0,-0.031141725658859077,-0.02913725239380052
2.02,0.0,0.03472222222222143,0.05730609418282384,0.0,0.08254278672543246,0.09264347458827829
2.021,0.0,0.03472222222222143,0.05730609418282384,0.0,-0.10289905569291029,-0.11923665926334624
2.022,0.0,0.03472222222222143,0.05730609418282384,0.0,0.0838824752551649,0.09923959226893983
2.023,0.0,0.03472222222222143,0.05730609418282384,0.0,-0.032429456251519904,-0.041264223683345036
2.024,0.0,0.03472222222222143,0.05730609418282384,0.0,-0.031828739412267125,-0.03154106203646061
2.025,0.0,0.03472222222222143,0.05730609418282384,0.0,0.08415809102859768,0.09080427057875533
2.026,0.0,0.03472222222222143,0.05730609418282384,0.0,-0.10435773460830515,-0.11402284011026066
2.027,0.0,0.03472222222222143,0.05730609418282384,0.0,0.08464096547989963,0.09308292252238581
2.028,0.0,0.03472222222222143,0.05730609418282384,0.0,-0.032657737042391013,-0.036993191119560856
2.029,0.0,0.03472222222222143,0.05730609418282384,0.0,-0.03151731234853536,-0.032032589464018865
2.03,0.0,0.03472222222222143,0.05730609418282384,0.0,0.08322304236706737,0.08742052836058793
2.031,0.0,0.03472222222222143,-0.9426939058171762,0.0,-0.10277911012245686,-0.10846316611111448
2.032,0.0,0.03472222222222143,0.05730609418282384,0.0,0.08303586721309325,0.08799234155678531
2.033,0.0,0.03472222222222143,0.05730609418282384,0.0,-0.03199166008409357,-0.03468818077920257
2.034,0.0,0.03472222222222143,0.05730609418282384,0.0,-0.030474873266773915,-0.030647733394842263
2.035,0.0,0.03472222222222143,0.05730609418282384,0.0,0.0804058125810996,0.08323410061808624
2.036,0.0,0.03472222222222143,0.05730609418282384,0.0,-0.09901016673417964,-0.10366650403639564
2.037,0.0,0.03472222222222143,0.05730609418282384,0.0,0.07976502953671656,0.08497396261051512
2.038,0.0,0.03472222222222143,0.05730609418282384,0.0,-0.030681634280265407,-0.034858017326634516
2.039,0.0,0.03472222222222143,0.05730609418282384,0.0,-0.029033965711309624,-0.02753129041860072
2.04,0.0,0.03472222222222143,0.05730609418282384,0.0,0.07652510734268415,0.07891183494436058
2.041,0.0,0.03472222222222143,0.05730609418282384,0.0,-0.09405527405427334,-0.10048235602258493
2.042,0.0,0.03472222222222143,0.05730609418282384,0.0,0.07563207683887059,0.08467964091857474
2.043,0.0,0.03472222222222143,0.05730609418282384,0.0,-0.02901604291392573,-0.03770884350593468
2.044,0.0,0.03472222222222143,0.05730609418282384,0.0,-0.027533989215736673,-0.022939052099041176
2.045,0.0,0.03472222222222143,0.05730609418282384,0.0,0.0724126079579309,0.07497160956166443
2.046,0.0,0.03472222222222143,0.05730609418282384,0.0,-0.08891220819863324,-0.09939166376442314
2.047,0.0,0.03472222222222143,0.05730609418282384,0.0,0.07141922893166278,0.08731156139248057
2.048,0.0,0.03472222222222143,0.05730609418282384,0.0,-0.027278752863523964,-0.0430972854320797
2.049,0.0,0.03472222222222143,0.05730609418282384,0.0,-0.02626542614536462,-0.017228926354364144
2.05,0.0,0.03472222222222143,0.05730609418282384,0.0,0.0687841016964274,0.07173725397636717
2.051,0.0,-0.9652777777777786,-0.9426939058171762,0.0,-0.08442249688441393,-0.10045798674853504
2.052,0.0,0.03472222222222143,0.05730609418282384,0.0,0.0677741262408001,0.09259647173245818
2.053,0.0,0.03472222222222143,0.05730609418282384,0.0,-0.02571161413875958,-0.05053512138401735
2.054,0.0,0.03472222222222143,0.05730609418282384,0.0,-0.025424733953962116,-0.010839947226623136
2.055,0.0,0.03472222222222143,0.05730609418282384,0.0,0.06613706773940671,0.06932667761740692
2.056,0.0,0.03472222222222143,0.05730609418282384,0.0,-0.08115604153540663,-0.10334493504573494
2.057,0.0,0.03472222222222143,0.05730609418282384,0.0,0.0651251449198197,0.09983353616816673
2.058,0.0,0.03472222222222143,0.05730609418282384,0.0,-0.024486139992804946,-0.059246345770512146
2.059,0.0,0.03472222222222143,0.05730609418282384,0.0,-0.025086338207297394,-0.004259903523180652
2.06,0.0,0.03472222222222143,0.05730609418282384,0.0,0.06468796378103728,0.06767270493531499
2.061,0.0,0.03472222222222143,0.05730609418282384,0.0,-0.07934414981773036,-0.10739597137766856
2.062,0.0,0.03472222222222143,0.05730609418282384,0.0,0.06363489167794235,0.10800882185206576
2.063,0.0,0.03472222222222143,0.05730609418282384,0.0,-0.02368697611714531,-0.0682695846373699
2.064,0.0,0.03472222222222143,0.05730609418282384,0.0,-0.025195493270913673,0.0020157647839667823
2.065,0.0,0.03472222222222143,0.05730609418282384,0.0,0.0643562337676299,0.06657145566077177
2.066,0.0,0.03472222222222143,0.05730609418282384,0.0,-0.07886759632263486,-0.11176349140408573
2.067,0.0,0.03472222222222143,0.05730609418282384,0.0,0.06319572380340624,0.11595939353781333
2.068,0.0,0.03472222222222143,0.05730609418282384,0.0,-0.023308024636695786,-0.07659177973778995
2.069,0.0,0.03472222222222143,0.05730609418282384,0.0,-0.02558257476726618,0.007529508796715893
2.07,0.0,0.03472222222222143,0.05730609418282384,0.0,0.06479505673411505,0.06574925321359026
2.071,0.0,-0.9652777777777786,0.05730609418282384,0.0,-0.07929823477506368,-0.11556677331860656
2.072,0.0,0.03472222222222143,0.05730609418282384,0.0,0.06346510990355293,0.12256236512717736
2.073,0.0,0.03472222222222143,-0.9426939058171762,0.0,-0.023260438218735954,-0.08329398552403154
2.074,0.0,0.03472222222222143,0.05730609418282384,0.0,-0.025996102638469628,0.011906275296287844
2.075,0.0,0.03472222222222143,0.05730609418282384,0.0,0.06546209778868656,0.06493652563005295
2.076,0.0,0.03472222222222143,-0.9426939058171762,0.0,-0.07998517347137216,-0.118054029977837
2.077,0.0,0.03472222222222143,0.05730609418282384,0.0,0.06393327883565066,0.126920189155026
2.078,0.0,0.03472222222222143,0.05730609418282384,0.0,-0.023390352099258736,-0.08768781104132185
2.079,0.0,0.03472222222222143,0.05730609418282384,0.0,-0.026148951627599632,0.0148914792488787
2.08,0.0,0.03472222222222143,0.05730609418282384,0.0,0.06571796620081263,0.06393633546336457
2.081,0.0,0.03472222222222143,0.05730609418282384,0.0,-0.08017063481558359,-0.1187430591870202
2.082,0.0,0.03472222222222143,0.05730609418282384,0.0,0.06401160934121237,0.12851360336601253
2.083,0.0,0.03472222222222143,0.05730609418282384,0.0,-0.02350331726140521,-0.08942188121206436
2.084,0.0,0.03472222222222143,0.05730609418282384,0.0,-0.02577021475045452,0.01637717805964065
2.085,0.0,0.03472222222222143,0.05730609418282384,0.0,0.06493649916236575,0.0626761614790005
2.086,0.0,0.03472222222222143,-0.9426939058171762,0.0,-0.07911711946287235,-0.1175180187476252
2.087,0.0,0.03472222222222143,0.05730609418282384,0.0,0.06312807012717377,0.12729803809411208
2.088,0.0,0.03472222222222143,0.05730609418282384,0.0,-0.023391992538058383,-0.08854162100186143
2.089,0.0,0.03472222222222143,0.05730609418282384,0.0,-0.024654349245201008,0.016412603327689144
2.09,0.0,0.03472222222222143,0.05730609418282384,0.0,0.0626098376294371,0.06123422821473307
2.091,0.0,0.03472222222222143,0.05730609418282384,0.0,-0.07622678414971132,-0.11466625974156097
2.092,0.0,0.03472222222222143,0.05730609418282384,0.0,0.06081591898606035,0.1237273401880719
2.093,0.0,0.03472222222222143,0.05730609418282384,0.0,-0.022863721237311244,-0.08549215414853491
2.094,0.0,0.03472222222222143,0.05730609418282384,0.0,-0.022699686919847452,0.01519714108220447
2.095,0.0,0.03472222222222143,0.05730609418282384,0.0,0.05843264235446195,0.05983567370132409
2.096,0.0,-0.9652777777777786,0.05730609418282384,0.0,-0.0711360015175699,-0.11084804796187982
2.097,0.0,0.03472222222222143,0.05730609418282384,0.0,0.0567836973699367,0.11869926493421737
2.098,0.0,0.03472222222222143,0.05730609418282384,0.0,-0.021765066842457922,-0.0810622414963584
2.099,0.0,0.03472222222222143,0.05730609418282384,0.0,-0.01993007113674666,0.013056120863571573
2.1,0.0,0.03472222222222143,0.05730609418282384,0.0,0.052353440580612136,0.058818601646940916
2.101,0.0,0.03472222222222143,0.05730609418282384,0.0,-0.06377248206068181,-0.10700212805015784
2.102,0.0,0.03472222222222143,0.05730609418282384,0.0,0.05095793174937001,0.11342881349400427
2.103,0.0,0.03472222222222143,0.05730609418282384,0.0,-0.02000107933216774,-0.0762757921235671
2.104,0.0,0.03472222222222143,0.05730609418282384,0.0,-0.016496042308359833,0.010402043954147023
2.105,0.0,0.03472222222222143,0.05730609418282384,0.0,0.044586398071711865,0.058574902626262845
2.106,0.0,0.03472222222222143,0.05730609418282384,0.0,-0.054368360250267485,-0.10419997572985133
2.107,0.0,0.03472222222222143,0.05730609418282384,0.0,0.04349429509781909,0.1092664611139441
2.108,0.0,0.03472222222222143,0.05730609418282384,0.0,-0.017547864402679983,-0.07224530629990539
2.109,0.0,0.03472222222222143,0.05730609418282384,0.0,-0.012655231082806733,0.00768581657945214
2.11,0.0,0.03472222222222143,0.05730609418282384,0.0,0.03558294754090606,0.059474941135772695
2.111,0.0,0.03472222222222143,0.05730609418282384,0.0,-0.043429332861615634,-0.10346978423036901
2.112,0.0,0.03472222222222143,0.05730609418282384,0.0,0.03475760963302511,0.10748700959638868
2.113,0.0,0.03472222222222143,-0.9426939058171762,0.0,-0.014457804863577678,-0.07000749332456777
2.114,0.0,0.03472222222222143,0.05730609418282384,0.0,-0.008734937649184918,0.005343871483370248
2.115,0.0,0.03472222222222143,0.05730609418282384,0.0,0.025968740220465154,0.061788153770822564
2.116,0.0,0.03472222222222143,-0.9426939058171762,0.0,-0.031666284923915274,-0.10561650077089997
2.117,0.0,0.03472222222222143,0.05730609418282384,0.0,0.0252753093688526,0.1090798893476052
2.118,0.0,0.03472222222222143,0.05730609418282384,0.0,-0.010857447091471288,-0.07036435913984354
2.119,0.0,0.03472222222222143,0.05730609418282384,0.0,-0.005082761581337516,0.0037475728963272245
2.12,0.0,0.03472222222222143,0.05730609418282384,0.0,0.01645642690859856,0.06561281280372125
2.121,0.0,0.03472222222222143,0.05730609418282384,0.0,-0.019900938413075712,-0.11106572576353978
2.122,0.0,0.03472222222222143,0.05730609418282384,0.0,0.01567225640290565,0.11457241543932652
2.123,0.0,0.03472222222222143,0.05730609418282384,0.0,-0.006938574338829627,-0.073752790762814
2.124,0.0,0.03472222222222143,0.05730609418282384,0.0,-0.002013143661725047,0.00316094108266992
2.125,0.0,0.03472222222222143,0.05730609418282384,0.0,0.007748093074140139,0.0708274392976991
2.126,0.0,0.03472222222222143,0.05730609418282384,0.0,-0.008960225725475708,-0.11975669791815538
2.127,0.0,0.03472222222222143,0.05730609418282384,0.0,0.006596728252372347,0.12391357955684391
2.128,0.0,0.03472222222222143,0.05730609418282384,0.0,-0.0029433484422184296,-0.08016206781987704
2.129,0.0,0.03472222222222143,0.05730609418282384,0.0,0.00024153573765878795,0.003711570267837259
2.13,0.0,0.03472222222222143,0.05730609418282384,0.0,0.0004423188880424486,0.0770736391886413
2.131,0.0,0.03472222222222143,-0.9426939058171762,0.0,0.0004250451012733231,-0.13110318516775818
2.132,0.0,0.03472222222222143,0.05730609418282384,0.0,-0.001352198632306745,0.1364379115880484
2.133,0.0,0.03472222222222143,0.05730609418282384,0.0,0.0008553476966668806,-0.08911228080741838
2.134,0.0,0.03472222222222143,0.05730609418282384,0.0,0.001567229673091596,0.005377832746827499
2.135,0.0,0.03472222222222143,0.05730609418282384,0.0,-0.0050403053701006595,0.08377580666570636
2.136,0.0,0.03472222222222143,0.05730609418282384,0.0,0.0077031160951134955,-0.14403171669068363
2.137,0.0,0.03472222222222143,0.05730609418282384,0.0,-0.007686681978766812,0.15091785415459943
2.138,0.0,0.03472222222222143,0.05730609418282384,0.0,0.004177037034619678,-0.09969822527344627
2.139,0.0,0.03472222222222143,0.05730609418282384,0.0,0.0019856588703816573,0.00799333348793408
2.14,0.0,0.03472222222222143,0.05730609418282384,0.0,-0.008502574679581123,0.09019776252376718
2.141,0.0,0.03472222222222143,0.05730609418282384,0.0,0.012555113348347078,-0.15709551073399175
2.142,0.0,0.03472222222222143,0.05730609418282384,0.0,-0.012074585788841784,0.16570050409700324
2.143,0.0,0.03472222222222143,0.05730609418282384,0.0,0.006758721827463718,-0.11069415731871772
2.144,0.0,0.03472222222222143,0.05730609418282384,0.0,0.0016495805662825986,0.011267416150353008
2.145,0.0,0.03472222222222143,0.05730609418282384,0.0,-0.009981061250870317,0.09553071868251103
2.146,0.0,0.03472222222222143,0.05730609418282384,0.0,0.014913920075523156,-0.16865124042640553
2.147,0.0,0.03472222222222143,0.05730609418282384,0.0,-0.014362374691076953,0.17891227489588793
2.148,0.0,0.03472222222222143,0.05730609418282384,0.0,0.008380168499226983,-0.12070614695513325
2.149,0.0,0.03472222222222143,0.05730609418282384,0.0,0.000816039633918998,0.01481862723766236
2.15,0.0,0.03472222222222143,0.05730609418282384,0.0,-0.009721083323541137,0.09900180819081812
2.151,0.0,0.03472222222222143,-0.9426939058171762,0.0,0.014947632316096778,-0.17707605914489508
2.152,0.0,0.03472222222222143,0.05730609418282384,0.0,-0.014575635570801961,0.18870480160702768
2.153,0.0,0.03472222222222143,-0.9426939058171762,0.0,0.008887450890161415,-0.12835189310126055
2.154,0.0,0.03472222222222143,0.05730609418282384,0.0,-0.00019871554981534174,0.01821666896842737
2.155,0.0,0.03472222222222143,0.05730609418282384,0.0,-0.008121254031702212,0.09998857817906091
2.156,0.0,0.03472222222222143,-0.9426939058171762,0.0,0.01301232565739837,-0.18099552944372296
2.157,0.0,0.03472222222222143,0.05730609418282384,0.0,-0.012899433535444201,0.1935087570123374
2.158,0.0,0.03472222222222143,0.05730609418282384,0.0,0.008212626327720993,-0.1324437612866685
2.159,0.0,0.03472222222222143,0.05730609418282384,0.0,-0.0010759241734604492,0.02102767095165852
2.16,0.0,0.03472222222222143,0.05730609418282384,0.0,-0.005657150787619305,0.09812294246977751
2.161,0.0,0.03472222222222143,0.05730609418282384,0.0,0.009583068225407278,-0.17949033033969355
2.162,0.0,0.03472222222222143,0.05730609418282384,0.0,-0.009643092386775754,0.19226019776838138
2.163,0.0,0.03472222222222143,0.05730609418282384,0.0,0.006387370818718778,-0.13215007446800037
2.164,0.0,0.03472222222222143,0.05730609418282384,0.0,-0.0015538097621579604,0.02285763255906649
2.165,0.0,0.03472222222222143,0.05730609418282384,0.0,-0.0027966354262614563,0.09336850927653656
2.166,0.0,0.03472222222222143,0.05730609418282384,0.0,0.005174779175919506,-0.1722513733895091
2.167,0.0,0.03472222222222143,0.05730609418282384,0.0,-0.005195487936170108,0.18456699259985018
2.168,0.0,0.03472222222222143,0.05730609418282384,0.0,0.0035485630861143785,-0.12711245061762108
2.169,0.0,0.03472222222222143,0.05730609418282384,0.0,-0.0014803245855988555,0.02338956701806277
2.17,0.0,0.03472222222222143,0.05730609418282384,0.0,7.961607994433241e-05,0.08605799683416875
2.171,0.0,0.03472222222222143,0.05730609418282384,0.0,0.00026534659048305017,-0.15965911845346728
2.172,0.0,0.03472222222222143,0.05730609418282384,0.0,2.2551420205799933e-05,0.17079047395187427
2.173,0.0,0.03472222222222143,-0.9426939058171762,0.0,-6.574687453111651e-05,-0.11750286111485228
2.174,0.0,0.03472222222222143,0.05730609418282384,0.0,-0.0008502902009799537,0.022411055780543553
2.175,0.0,0.03472222222222143,0.05730609418282384,0.0,0.0027398590818195154,0.07688234265042017
2.176,0.0,0.03472222222222143,0.05730609418282384,0.0,-0.004767633292774818,-0.14277269038995882
2.177,0.0,0.03472222222222143,0.05730609418282384,0.0,0.0056025787764776855,0.15202870250539618
2.178,0.0,0.03472222222222143,0.05730609418282384,0.0,-0.004130790165502844,-0.1040122596243685
2.179,0.0,0.03472222222222143,0.05730609418282384,0.0,0.00017982146294404308,0.01983037700418478
2.18,0.0,0.03472222222222143,0.05730609418282384,0.0,0.005135701124035365,0.06682949980263002
2.181,0.0,0.03472222222222143,-0.9426939058171762,0.0,-0.009687795065709269,-0.12322656138633903
2.182,0.0,0.03472222222222143,0.05730609418282384,0.0,0.011184638300454007,0.130001106635791
2.183,0.0,0.03472222222222143,0.05730609418282384,0.0,-0.00825971437899552,-0.08777195337351552
2.184,0.0,0.03472222222222143,0.05730609418282384,0.0,0.0013030241515026462,0.01568086332296555
2.185,0.0,0.03472222222222143,0.05730609418282384,0.0,0.007403913116356562,0.05707795085853309
2.186,0.0,0.03472222222222143,0.05730609418282384,0.0,-0.014413715039976925,-0.10304541466439646
2.187,0.0,0.03472222222222143,0.05730609418282384,0.0,0.016481887075956325,0.10684789862205031
2.188,0.0,0.03472222222222143,0.05730609418282384,0.0,-0.012036931051404496,-0.07021804719550713
2.189,0.0,0.03472222222222143,0.05730609418282384,0.0,0.002098588024175456,0.010114450475076961
2.19,0.0,0.03472222222222143,0.05730609418282384,0.0,0.009835392002652129,0.04885667740701
2.191,0.0,0.03472222222222143,-0.9426939058171762,0.0,-0.019004801852496186,-0.08439953964732652
2.192,0.0,0.03472222222222143,0.05730609418282384,0.0,0.021292359553788588,0.08486965664979224
2.193,0.0,0.03472222222222143,0.05730609418282384,0.0,-0.015057436312608086,-0.052917001625582785
2.194,0.0,0.03472222222222143,0.05730609418282384,0.0,0.002090245215966757,0.003386334957784567
2.195,0.0,0.03472222222222143,0.05730609418282384,0.0,0.012816055914617498,0.043288723592322664
2.196,0.0,0.03472222222222143,0.05730609418282384,0.0,-0.02362295858780856,-0.0693320384424148
2.197,0.0,0.03472222222222143,0.05730609418282384,0.0,0.02549831402399173,0.06624108849086889
2.198,0.0,0.03472222222222143,0.05730609418282384,0.0,-0.01696825788824157,-0.03737553624462397
2.199,0.0,0.03472222222222143,0.05730609418282384,0.0,0.0008182213982327086,-0.004166819694401163
2.2,0.0,0.03472222222222143,0.05730609418282384,0.0,0.016748711116033693,0.041238751461059465
2.201,0.0,0.03472222222222143,0.05730609418282384,0.0,-0.02847707126797626,-0.05949392097883529
2.202,0.0,0.03472222222222143,0.05730609418282384,0.0,0.029055100106235424,0.05273700884103054
2.203,0.0,0.03472222222222143,0.05730609418282384,0.0,-0.01750743694607314,-0.024860067655560574
2.204,0.0,0.03472222222222143,0.05730609418282384,0.0,-0.0020848970294461006,-0.012152600547059878
2.205,0.0,0.03472222222222143,0.05730609418282384,0.0,0.02196782146209734,0.04318554025061253
2.206,0.0,0.03472222222222143,0.05730609418282384,0.0,-0.03375966997731458,-0.05592306099768493
2.207,0.0,0.03472222222222143,0.05730609418282384,0.0,0.03197253310600868,0.04550735740006034
2.208,0.0,0.03472222222222143,0.05730609418282384,0.0,-0.016535746525383133,-0.016249349281358266
2.209,0.0,0.03472222222222143,0.05730609418282384,0.0,-0.006825430971553053,-0.020150225270564596
2.21,0.0,0.03472222222222143,0.05730609418282384,0.0,0.028660243059692753,0.049138029512016505
2.211,0.0,0.03472222222222143,0.05730609418282384,0.0,-0.039585972007341104,-0.05889788537894582
2.212,0.0,0.03472222222222143,0.05730609418282384,0.0,0.03429230006761323,0.04493178093913751
2.213,0.0,0.03472222222222143,0.05730609418282384,0.0,-0.014056788772670999,-0.01193922288105423
2.214,0.0,0.03472222222222143,0.05730609418282384,0.0,-0.013397390679012092,-0.027737807525604206
2.215,0.0,0.03472222222222143,0.05730609418282384,0.0,0.036804228749955176,0.05860845222343748
2.216,0.0,-0.9652777777777786,0.05730609418282384,0.0,-0.045944909898326086,-0.06788718742027333
2.217,0.0,0.03472222222222143,0.05730609418282384,0.0,0.03606497655867526,0.050573742048812174
2.218,0.0,0.03472222222222143,0.05730609418282384,0.0,-0.01022221652247171,-0.011811098991596448
2.219,0.0,0.03472222222222143,0.05730609418282384,0.0,-0.02155704346337375,-0.03451827545674638
2.22,0.0,0.03472222222222143,0.05730609418282384,0.0,0.04613649964519575,0.0706489469502531
2.221,0.0,0.03472222222222143,0.05730609418282384,0.0,-0.052669833655113504,-0.08160483274935058
2.222,0.0,0.03472222222222143,0.05730609418282384,0.0,0.03732988233402737,0.061240746935473676
2.223,0.0,0.03472222222222143,0.05730609418282384,0.0,-0.005320498642475477,-0.015267004829584822
2.224,0.0,0.03472222222222143,0.05730609418282384,0.0,-0.030828195806843692,-0.04014316876021889
2.225,0.0,0.03472222222222143,0.05730609418282384,0.0,0.056153306254804636,0.083949697848861
2.226,0.0,0.03472222222222143,0.05730609418282384,0.0,-0.05943368279108012,-0.09816407003865145
2.227,0.0,0.03472222222222143,0.05730609418282384,0.0,0.03810035736582807,0.07514295340359237
2.228,0.0,0.03472222222222143,0.05730609418282384,0.0,0.0002503029751677861,-0.021325018646888353
2.229,0.0,0.03472222222222143,0.05730609418282384,0.0,-0.040539000647161164,-0.04433380555068858
2.23,0.0,0.03472222222222143,0.05730609418282384,0.0,0.06614672023525454,0.09698824981930433
2.231,0.0,0.03472222222222143,-0.9426939058171762,0.0,-0.06576998329718749,-0.11531260108164948
2.232,0.0,0.03472222222222143,0.05730609418282384,0.0,0.03835621054398012,0.09012911758317046
2.233,0.0,0.03472222222222143,0.05730609418282384,0.0,0.006023130330098877,-0.028760909551297058
2.234,0.0,0.03472222222222143,0.05730609418282384,0.0,-0.04988678309747655,-0.04689934206592044
2.235,0.0,0.03472222222222143,0.05730609418282384,0.0,0.07527256361312239,0.10821235321928392
2.236,0.0,0.03472222222222143,0.05730609418282384,0.0,-0.07111750928493418,-0.13071839605086918
2.237,0.0,0.03472222222222143,0.05730609418282384,0.0,0.0380441798803816,0.1039684120765635
2.238,0.0,0.03472222222222143,0.05730609418282384,0.0,0.011511358424207706,-0.03627591686162025
2.239,0.0,0.03472222222222143,0.05730609418282384,0.0,-0.058023467281349786,-0.04775107439208586
2.24,0.0,0.03472222222222143,0.05730609418282384,0.0,0.0826420496083656,0.11623356013128396
2.241,0.0,0.03472222222222143,-0.9426939058171762,0.0,-0.07488330534510547,-0.1422690374753602
2.242,0.0,0.03472222222222143,0.05730609418282384,0.0,0.03708631946651153,0.11464054308170621
2.243,0.0,0.03472222222222143,0.05730609418282384,0.0,0.016261115184788216,-0.042667609860631235
2.244,0.0,0.03472222222222143,0.05730609418282384,0.0,-0.06415123330534589,-0.04691204261485909
2.245,0.0,0.03472222222222143,0.05730609418282384,0.0,0.08742594358288183,0.12000660214052401
2.246,0.0,0.03472222222222143,0.05730609418282384,0.0,-0.07651636073041657,-0.14834517857663077
2.247,0.0,0.03472222222222143,0.05730609418282384,0.0,0.035395346075797245,0.12059564511233199
2.248,0.0,0.03472222222222143,0.05730609418282384,0.0,0.01989992571847229,-0.04698101984505208
2.249,0.0,0.03472222222222143,0.05730609418282384,0.0,-0.06761645144977643,-0.04452072622100044
2.25,0.0,0.03472222222222143,0.05730609418282384,0.0,0.08895825986199488,0.11897071670429772
2.251,0.0,0.03472222222222143,0.05730609418282384,0.0,-0.0755828116707119,-0.14803185407719321
2.252,0.0,0.03472222222222143,0.05730609418282384,0.0,0.03289517481538685,0.12094974863411109
2.253,0.0,0.03472222222222143,0.05730609418282384,0.0,0.022175404183784192,-0.04862061766898203
2.254,0.0,-0.9652777777777786,0.05730609418282384,0.0,-0.0679899518018079,-0.04082750839949421
2.255,0.0,0.03472222222222143,0.05730609418282384,0.0,0.08682639029909389,0.11313348718066668
2.256,0.0,-0.9652777777777786,-0.9426939058171762,0.0,-0.07183324209351637,-0.14123948403223233
2.257,0.0,0.03472222222222143,0.05730609418282384,0.0,0.029544185290515924,0.1155905688084155
2.258,0.0,0.03472222222222143,0.05730609418282384,0.0,0.022978924821281818,-0.04740966704140927
2.259,0.0,0.03472222222222143,0.05730609418282384,0.0,-0.06512329016636048,-0.0361827568900302
2.26,0.0,0.03472222222222143,0.05730609418282384,0.0,0.08093609236467465,0.10308489351080359
2.261,0.0,0.03472222222222143,0.05730609418282384,0.0,-0.0652534431652986,-0.1287183689339315
2.262,0.0,0.03472222222222143,0.05730609418282384,0.0,0.025358234203951686,0.10518067728469066
2.263,0.0,0.03472222222222143,0.05730609418282384,0.0,0.022351188750582736,-0.043591110943390916
2.264,0.0,0.03472222222222143,0.05730609418282384,0.0,-0.059173643487716046,-0.03101588836035554
2.265,0.0,0.03472222222222143,0.05730609418282384,0.0,0.07154272027234199,0.08993821544339836
2.266,0.0,0.03472222222222143,0.05730609418282384,0.0,-0.05609175089971511,-0.11196465023905455
2.267,0.0,0.03472222222222143,0.05730609418282384,0.0,0.02043012915233948,0.09105905776628853
2.268,0.0,0.03472222222222143,0.05730609418282384,0.0,0.020469093606164727,-0.037772327090961934
2.269,0.0,0.03472222222222143,0.05730609418282384,0.0,-0.050593902790527244,-0.025805646757462487
2.27,0.0,0.03472222222222143,0.05730609418282384,0.0,0.05924406724619795,0.07520399581790069
2.271,0.0,0.03472222222222143,-0.9426939058171762,0.0,-0.04485859211141068,-0.09303015543221733
2.272,0.0,0.03472222222222143,0.05730609418282384,0.0,0.01494227452405887,0.07505566373197171
2.273,0.0,0.03472222222222143,0.05730609418282384,0.0,0.01761594587937004,-0.03082365317483495
2.274,0.0,0.03472222222222143,0.05730609418282384,0.0,-0.04008889572432577,-0.0210429481485803
2.275,0.0,0.03472222222222143,0.05730609418282384,0.0,0.0449346965207169,0.060612158493699
2.276,0.0,0.03472222222222143,0.05730609418282384,0.0,-0.03229685682118151,-0.07426127509980478
2.277,0.0,0.03472222222222143,0.05730609418282384,0.0,0.009169564042327792,0.05924501519587152
2.278,0.0,0.03472222222222143,0.05730609418282384,0.0,0.014139431532128204,-0.023746490936046503
2.279,0.0,0.03472222222222143,0.05730609418282384,0.0,-0.028542881870637058,-0.01718886816710555
2.28,0.0,0.03472222222222143,0.05730609418282384,0.0,0.02972612710111212,0.04790436004730368
2.281,0.0,0.03472222222222143,0.05730609418282384,0.0,-0.019324875204229593,-0.05800129004027927
2.282,0.0,0.03472222222222143,0.05730609418282384,0.0,0.0034703723267052195,0.04567254683982651
2.283,0.0,0.03472222222222143,0.05730609418282384,0.0,0.010403506926272666,-0.017530276814720695
2.284,0.0,0.03472222222222143,0.05730609418282384,0.0,-0.01692697191000142,-0.01463146817223003
2.285,0.0,0.03472222222222143,0.05730609418282384,0.0,0.014841186583935958,0.038622761887263504
2.286,0.0,0.03472222222222143,0.05730609418282384,0.0,-0.00695680179939186,-0.046295127994365824
2.287,0.0,0.03472222222222143,0.05730609418282384,0.0,-0.0017353100445082108,0.03609035747502813
2.288,0.0,0.03472222222222143,0.05730609418282384,0.0,0.006741206141476787,-0.013018256139205993
2.289,0.0,0.03472222222222143,0.05730609418282384,0.0,-0.006197483086165684,-0.013645953966957367
2.29,0.0,0.03472222222222143,0.05730609418282384,0.0,0.001493809622477925,0.03392205545440455
2.291,0.0,0.03472222222222143,0.05730609418282384,0.0,0.0037921895558927264,-0.04063479555565134
2.292,0.0,0.03472222222222143,0.05730609418282384,0.0,-0.00600001293536087,0.03173689808055046
2.293,0.0,0.03472222222222143,0.05730609418282384,0.0,0.0034151369545660872,-0.010799837472855166
2.294,0.0,0.03472222222222143,0.05730609418282384,0.0,0.002802821394332128,-0.01436294395587705
2.295,0.0,0.03472222222222143,0.05730609418282384,0.0,-0.009232763514588807,0.034428649009433675
2.296,0.0,0.03472222222222143,0.05730609418282384,0.0,0.012006571404217303,-0.041777857593263024
2.297,0.0,0.03472222222222143,0.05730609418282384,0.0,-0.008892861669723718,0.03318837528654855
2.298,0.0,0.03472222222222143,0.05730609418282384,0.0,0.0005911762057250523,-0.011142756678702917
2.299,0.0,0.03472222222222143,0.05730609418282384,0.0,0.009429235455084757,-0.016749263680197468
2.3,0.0,0.03472222222222143,0.05730609418282384,0.0,-0.016496205154122628,0.04016481555637548
2.301,0.0,0.03472222222222143,0.05730609418282384,0.0,0.016966610330803485,-0.04966119464261331
2.302,0.0,0.03472222222222143,0.05730609418282384,0.0,-0.010049514163065812,0.040299286105346936
2.303,0.0,0.03472222222222143,0.05730609418282384,0.0,-0.0016712375254205754,-0.01397209688686398
2.304,0.0,0.03472222222222143,0.05730609418282384,0.0,0.013295948069728824,-0.020604645891420185
2.305,0.0,0.03472222222222143,0.05730609418282384,0.0,-0.019781765945716623,0.0505471346793749
2.306,0.0,0.03472222222222143,0.05730609418282384,0.0,0.01822957709320534,-0.06341931189688906
2.307,0.0,0.03472222222222143,0.05730609418282384,0.0,-0.009222404216586306,0.0522370666031817
2.308,0.0,0.03472222222222143,0.05730609418282384,0.0,-0.0034114538006622085,-0.018896347287615158
2.309,0.0,0.03472222222222143,0.05730609418282384,0.0,0.0143068716657198,-0.025576073260962888
2.31,0.0,0.03472222222222143,0.05730609418282384,0.0,-0.018955918858716246,0.06445888913283633
2.311,0.0,0.03472222222222143,-0.9426939058171762,0.0,0.015686622805500268,-0.08150252512507529
2.312,0.0,0.03472222222222143,0.05730609418282384,0.0,-0.006324791906924814,0.06760311317953238
2.313,0.0,0.03472222222222143,0.05730609418282384,0.0,-0.004744589800286634,-0.025274154993191623
2.314,0.0,0.03472222222222143,0.05730609418282384,0.0,0.012653852640618154,-0.031189433731840382
2.315,0.0,0.03472222222222143,0.05730609418282384,0.0,-0.014281013696600758,0.08038651568975065
2.316,0.0,0.03472222222222143,0.05730609418282384,0.0,0.009587976074710137,-0.1018773385096349
2.317,0.0,0.03472222222222143,0.05730609418282384,0.0,-0.0014619529529971344,0.08462119296429438
2.318,0.0,0.03472222222222143,0.05730609418282384,0.0,-0.005827544376462262,-0.03231015103402674
2.319,0.0,0.03472222222222143,0.05730609418282384,0.0,0.008783571219754097,-0.03689593061371003
2.32,0.0,0.03472222222222143,0.05730609418282384,0.0,-0.006389098441918492,0.09660205233418041
2.321,0.0,0.03472222222222143,0.05730609418282384,0.0,0.00053206073075115,-0.12228101739708408
2.322,0.0,0.03472222222222143,0.05730609418282384,0.0,0.005056401292092599,0.10136601042193295
2.323,0.0,0.03472222222222143,0.05730609418282384,0.0,-0.006820150164793373,-0.03916490898907675
2.324,0.0,0.03472222222222143,0.05730609418282384,0.0,0.0033380399087721596,-0.04212861372978653
2.325,0.0,0.03472222222222143,0.05730609418282384,0.0,0.0037826227733989155,0.11136785968430166
2.326,0.0,0.03472222222222143,0.05730609418282384,0.0,-0.0105822634922542,-0.1404960904300153
2.327,0.0,0.03472222222222143,0.05730609418282384,0.0,0.012726662545740794,0.11600048036054297
2.328,0.0,0.03472222222222143,0.05730609418282384,0.0,-0.007848269125764579,-0.0450630984884379
2.329,0.0,0.03472222222222143,0.05730609418282384,0.0,-0.0029235308295389576,-0.046362789450255716
2.33,0.0,0.03472222222222143,0.05730609418282384,0.0,0.01508816742337896,0.1231374576529664
2.331,0.0,0.03472222222222143,-0.9426939058171762,0.0,-0.022637202110758804,-0.15460903873090692
2.332,0.0,0.03472222222222143,0.05730609418282384,0.0,0.02088645293305112,0.12699050696228825
2.333,0.0,0.03472222222222143,0.05730609418282384,0.0,-0.008975224920369769,-0.049385240115450445
2.334,0.0,0.03472222222222143,0.05730609418282384,0.0,-0.009211927303558746,-0.04917319430780985
2.335,0.0,0.03472222222222143,0.05730609418282384,0.0,0.026291073735103674,0.1307273885795376
2.336,0.0,0.03472222222222143,-0.9426939058171762,0.0,-0.03440426987181428,-0.16322080423363333
2.337,0.0,0.03472222222222143,0.05730609418282384,0.0,0.028772841223469344,0.13327056928268965
2.338,0.0,0.03472222222222143,0.05730609418282384,0.0,-0.010186503415353128,-0.051731820059369354
2.339,0.0,0.03472222222222143,0.05730609418282384,0.0,-0.014794030836731023,-0.05028085527607925
2.34,0.0,0.03472222222222143,0.05730609418282384,0.0,0.03619233968399613,0.13343938769958671
2.341,0.0,0.03472222222222143,0.05730609418282384,0.0,-0.044668919705459366,-0.16558435520866197
2.342,0.0,0.03472222222222143,0.05730609418282384,0.0,0.03559884482090023,0.13434135578632794
2.343,0.0,0.03472222222222143,0.05730609418282384,0.0,-0.011390376340536352,-0.051953268234793536
2.344,0.0,0.03472222222222143,0.05730609418282384,0.0,-0.019068300091009873,-0.0495835616068737
2.345,0.0,0.03472222222222143,0.05730609418282384,0.0,0.04375462178483244,0.1311191524438558
2.346,0.0,0.03472222222222143,0.05730609418282384,0.0,-0.05235877081143078,-0.16165519291010372
2.347,0.0,0.03472222222222143,0.05730609418282384,0.0,0.040640410389453735,0.13029080742908897
2.348,0.0,0.03472222222222143,0.05730609418282384,0.0,-0.012434383582845366,-0.05014465386866882
2.349,0.0,0.03472222222222143,0.05730609418282384,0.0,-0.021621829741792446,-0.04716575132602095
2.35,0.0,0.03472222222222143,0.05730609418282384,0.0,0.04820960995630917,0.12414664492038131
2.351,0.0,0.03472222222222143,-0.9426939058171762,0.0,-0.05666151448613403,-0.15205279253073528
2.352,0.0,0.03472222222222143,0.05730609418282384,0.0,0.04332384252642399,0.12174069881789792
2.353,0.0,0.03472222222222143,0.05730609418282384,0.0,-0.01313489257451449,-0.04660907306807586
2.354,0.0,0.03472222222222143,0.05730609418282384,0.0,-0.02226369464175421,-0.04328615017938768
2.355,0.0,0.03472222222222143,0.05730609418282384,0.0,0.04913717458078609,0.11336192631620395
2.356,0.0,-0.9652777777777786,0.05730609418282384,0.0,-0.057118975430767875,-0.1379428197810456
2.357,0.0,0.03472222222222143,0.05730609418282384,0.0,0.04330261836748229,0.10973076433607805
2.358,0.0,0.03472222222222143,0.05730609418282384,0.0,-0.013314686434399868,-0.041797842882174224
2.359,0.0,0.03472222222222143,0.05730609418282384,0.0,-0.021032262560359092,-0.038344365864215905
2.36,0.0,0.03472222222222143,0.05730609418282384,0.0,0.04650779332180699,0.09993876918319196
2.361,0.0,0.03472222222222143,0.05730609418282384,0.0,-0.053685816037727166,-0.120859929823725
2.362,0.0,0.03472222222222143,0.05730609418282384,0.0,0.040512954740612055,0.09556001699005348
2.363,0.0,0.03472222222222143,0.05730609418282384,0.0,-0.012842091856672011,-0.03623822025896365
2.364,0.0,0.03472222222222143,0.05730609418282384,0.0,-0.018177211534987428,-0.03283044715634589
2.365,0.0,0.03472222222222143,0.05730609418282384,0.0,0.040683625187372216,0.08522463096695122
2.366,0.0,0.03472222222222143,0.05730609418282384,0.0,-0.04674487093107698,-0.10249774674227329
2.367,0.0,0.03472222222222143,0.05730609418282384,0.0,0.035199452194823545,0.08060935710430989
2.368,0.0,0.03472222222222143,0.05730609418282384,0.0,-0.011664785019601446,-0.030460147296156863
2.369,0.0,0.03472222222222143,0.05730609418282384,0.0,-0.014119760253053566,-0.02726376969812494
2.37,0.0,0.03472222222222143,0.05730609418282384,0.0,0.032378015927018174,0.0705692018160946
2.371,0.0,0.03472222222222143,-0.9426939058171762,0.0,-0.0370757657911778,-0.08449544956571736
2.372,0.0,0.03472222222222143,0.05730609418282384,0.0,0.02790546770704734,0.06617038097587619
2.373,0.0,0.03472222222222143,0.05730609418282384,0.0,-0.00983217634625796,-0.024932502023737483
2.374,0.0,0.03472222222222143,0.05730609418282384,0.0,-0.009396812508654113,-0.02212916145800984
2.375,0.0,0.03472222222222143,0.05730609418282384,0.0,0.022577726717243892,0.05716426145172319
2.376,0.0,0.03472222222222143,0.05730609418282384,0.0,-0.025778805531514622,-0.06824905899850792
2.377,0.0,0.03472222222222143,0.05730609418282384,0.0,0.01942718477079693,0.05330258144592156
2.378,0.0,0.03472222222222143,0.05730609418282384,0.0,-0.0075020539960900245,-0.020016803691384418
2.379,0.0,0.03472222222222143,0.05730609418282384,0.0,-0.00459612131931183,-0.01781868725301845
2.38,0.0,0.03472222222222143,0.05730609418282384,0.0,0.012436283946087097,0.04591503456299068
2.381,0.0,0.03472222222222143,0.05730609418282384,0.0,-0.014161481603296265,-0.05477042677583601
2.382,0.0,0.03472222222222143,0.05730609418282384,0.0,0.01073509775320285,0.042735494519104196
2.383,0.0,0.03472222222222143,0.05730609418282384,0.0,-0.004929675656845094,-0.0159427985670857
2.384,0.0,0.03472222222222143,0.05730609418282384,0.0,-0.00029009379362670526,-0.014586870401615373
2.385,0.0,0.03472222222222143,0.05730609418282384,0.0,0.0031500833458940414,0.03735808339795064
2.386,0.0,0.03472222222222143,0.05730609418282384,0.0,-0.003599664062273723,-0.044608987084370756
2.387,0.0,0.03472222222222143,0.05730609418282384,0.0,0.0028711460675043166,0.03482478876943861
2.388,0.0,0.03472222222222143,0.05730609418282384,0.0,-0.0024403323378954156,-0.012806475419746414
2.389,0.0,0.03472222222222143,0.05730609418282384,0.0,0.0030245072752744357,-0.01252539806904289
2.39,0.0,0.03472222222222143,0.05730609418282384,0.0,-0.004169142259826446,0.03163382301071831
2.391,0.0,0.03472222222222143,0.05730609418282384,0.0,0.004611032266084546,-0.037841802348755706
2.392,0.0,0.03472222222222143,0.05730609418282384,0.0,-0.003166644153725639,0.02956303605178031
2.393,0.0,0.03472222222222143,0.05730609418282384,0.0,-0.0003891064501253626,-0.010587481226771632
2.394,0.0,0.03472222222222143,0.05730609418282384,0.0,0.0049748481179105785,-0.011560749447672993
2.395,0.0,0.03472222222222143,0.05730609418282384,0.0,-0.008611425378643267,0.02851400902014911
2.396,0.0,0.03472222222222143,0.05730609418282384,0.0,0.009396597202707862,-0.0341277452565451
2.397,0.0,0.03472222222222143,0.05730609418282384,0.0,-0.006537997607550257,0.026638186304169212
2.398,0.0,0.03472222222222143,0.05730609418282384,0.0,0.0008863288884154871,-0.0091801855421658
2.399,0.0,0.03472222222222143,0.05730609418282384,0.0,0.005343907053846488,-0.011475047138241216
2.4,0.0,0.03472222222222143,0.05730609418282384,0.0,-0.009562324063288528,0.027477116309688018
2.401,0.0,0.03472222222222143,0.05730609418282384,0.0,0.010022057783867833,-0.032813169803857845
2.402,0.0,0.03472222222222143,0.05730609418282384,0.0,-0.006658383985256441,0.02552667666159502
2.403,0.0,0.03472222222222143,0.05730609418282384,0.0,0.0011128167296417704,-0.008431154563408266
2.404,0.0,0.03472222222222143,0.05730609418282384,0.0,0.004083653609029441,-0.011947190859554037
2.405,0.0,0.03472222222222143,0.05730609418282384,0.0,-0.006763095069289335,0.027818399303211075
2.406,0.0,0.03472222222222143,0.05730609418282384,0.0,0.006170963980441279,-0.03307025105323248
2.407,0.0,0.03472222222222143,0.05730609418282384,0.0,-0.003268504695627656,0.025604401814025967
2.408,0.0,0.03472222222222143,0.05730609418282384,0.0,0.00012158571687418146,-0.008175688834637028
2.409,0.0,0.03472222222222143,0.05730609418282384,0.0,0.0013094106316583905,-0.012608442960512844
2.41,0.0,0.03472222222222143,0.05730609418282384,0.0,-0.0003309317837739955,0.028777377653018223
2.411,0.0,0.03472222222222143,-0.9426939058171762,0.0,-0.0020226401914581814,-0.03404603468105854
2.412,0.0,0.03472222222222143,0.05730609418282384,0.0,0.0035339320344748054,0.026257814957695136
2.413,0.0,0.03472222222222143,0.05730609418282384,0.0,-0.0021252232807070135,-0.008267253524081822
2.414,0.0,0.03472222222222143,0.05730609418282384,0.0,-0.0027226646246615465,-0.013104512184529358
2.415,0.0,0.03472222222222143,0.05730609418282384,0.0,0.009262401704659744,0.029663982794371633
2.416,0.0,0.03472222222222143,0.05730609418282384,0.0,-0.013993538948793604,-0.03500037553028081
2.417,0.0,0.03472222222222143,0.05730609418282384,0.0,0.013304531277611026,0.0269791369205006
2.418,0.0,0.03472222222222143,0.05730609418282384,0.0,-0.005525478652774506,-0.008595775622148718
2.419,0.0,0.03472222222222143,0.05730609418282384,0.0,-0.007651345755364283,-0.013155141805935461
2.42,0.0,0.03472222222222143,0.05730609418282384,0.0,0.021250305874903227,0.029965719728436473
2.421,0.0,0.03472222222222143,0.05730609418282384,0.0,-0.02881336169146725,-0.035414119747962984
2.422,0.0,0.03472222222222143,0.05730609418282384,0.0,0.025303485986200504,0.027433551012293788
2.423,0.0,0.03472222222222143,0.05730609418282384,0.0,-0.009846893022957099,-0.009093438084940298
2.424,0.0,0.03472222222222143,0.05730609418282384,0.0,-0.013054523389837105,-0.01260242057254978
2.425,0.0,0.03472222222222143,0.05730609418282384,0.0,0.034661694291093066,0.029421670050373536
2.426,0.0,0.03472222222222143,0.05730609418282384,0.0,-0.04529857606418899,-0.03505444167065743
2.427,0.0,0.03472222222222143,0.05730609418282384,0.0,0.03858121680594023,0.02749158490869326
2.428,0.0,0.03472222222222143,0.05730609418282384,0.0,-0.014754379609565887,-0.009729245809272948
2.429,0.0,0.03472222222222143,0.05730609418282384,0.0,-0.01849639801070524,-0.011440496394811199
2.43,0.0,0.03472222222222143,0.05730609418282384,0.0,0.04843063300901249,0.028054404109346724
2.431,0.0,0.03472222222222143,0.05730609418282384,0.0,-0.06214471251772451,-0.03399123416385791
2.432,0.0,0.03472222222222143,0.05730609418282384,0.0,0.05208720191716545,0.027225705896677378
2.433,0.0,0.03472222222222143,0.05730609418282384,0.0,-0.01985091667863296,-0.010495784559803423
2.434,0.0,0.03472222222222143,0.05730609418282384,0.0,-0.023572303506138568,-0.009821903369524626
2.435,0.0,0.03472222222222143,0.05730609418282384,0.0,0.06151180223435727,0.026157087020154724
2.436,0.0,-0.9652777777777786,0.05730609418282384,0.0,-0.07806984789876509,-0.0325657824380683
2.437,0.0,0.03472222222222143,0.05730609418282384,0.0,0.06478777187699915,0.02687555892272596
2.438,0.0,0.03472222222222143,0.05730609418282384,0.0,-0.024725933247385243,-0.01139287163498894
2.439,0.0,0.03472222222222143,0.05730609418282384,0.0,-0.027946410517290316,-0.008038977680203228
2.44,0.0,0.03472222222222143,0.05730609418282384,0.0,0.07298787433477998,0.02423936666669458
2.441,0.0,0.03472222222222143,0.05730609418282384,0.0,-0.09194941181847217,-0.03131956900106595
2.442,0.0,0.03472222222222143,0.05730609418282384,0.0,0.07577758624767549,0.02679047755997417
2.443,0.0,0.03472222222222143,0.05730609418282384,0.0,-0.029004206119906013,-0.012413014804891062
2.444,0.0,0.03472222222222143,0.05730609418282384,0.0,-0.03137867115752449,-0.006482391736212459
2.445,0.0,0.03472222222222143,0.05730609418282384,0.0,0.08215624196613039,0.02294116621641436
2.446,0.0,0.03472222222222143,0.05730609418282384,0.0,-0.10292583238438441,-0.030896084141127052
2.447,0.0,0.03472222222222143,0.05730609418282384,0.0,0.08437060617802292,0.027360368895060515
2.448,0.0,0.03472222222222143,0.05730609418282384,0.0,-0.03238833247034427,-0.013532768238508337
2.449,0.0,0.03472222222222143,0.05730609418282384,0.0,-0.03373882188729783,-0.005582183246725801
2.45,0.0,0.03472222222222143,0.05730609418282384,0.0,0.08858547702906204,0.022927560429331702
2.451,0.0,0.03472222222222143,0.05730609418282384,0.0,-0.11048021639662609,-0.03193136818315613
2.452,0.0,0.03472222222222143,0.05730609418282384,0.0,0.09015947319642525,0.028946602552882783
2.453,0.0,0.03472222222222143,0.05730609418282384,0.0,-0.03468898266922833,-0.014712410656115756
2.454,0.0,0.03472222222222143,0.05730609418282384,0.0,-0.03500688438608174,-0.005739320416816456
2.455,0.0,0.03472222222222143,0.05730609418282384,0.0,0.09213606487163749,0.024780020351432803
2.456,0.0,-0.9652777777777786,0.05730609418282384,0.0,-0.11445864967727067,-0.034949459372582446
2.457,0.0,0.03472222222222143,0.05730609418282384,0.0,0.09303684193667176,0.03182323258636522
2.458,0.0,0.03472222222222143,0.05730609418282384,0.0,-0.03583914413817269,-0.015904232603454322
2.459,0.0,0.03472222222222143,0.05730609418282384,0.0,-0.03526120836134608,-0.0072574362655609724
2.46,0.0,0.03472222222222143,0.05730609418282384,0.0,0.09294477593069313,0.02889927638485016
2.461,0.0,0.03472222222222143,0.05730609418282384,0.0,-0.11505203952401115,-0.04027709448656867
2.462,0.0,0.03472222222222143,0.05730609418282384,0.0,0.09317770296675877,0.03613613759931033
2.463,0.0,0.03472222222222143,0.05730609418282384,0.0,-0.03589110336848783,-0.01706754794693584
2.464,0.0,0.03472222222222143,0.05730609418282384,0.0,-0.03465650547979406,-0.010284637444121145
2.465,0.0,0.03472222222222143,0.05730609418282384,0.0,0.09137684940540634,0.03543298131219785
2.466,0.0,0.03472222222222143,0.05730609418282384,0.0,-0.11273479424640849,-0.04798834879366463
2.467,0.0,0.03472222222222143,0.05730609418282384,0.0,0.09098725238647773,0.041884059739500275
2.468,0.0,0.03472222222222143,0.05730609418282384,0.0,-0.034997566474039864,-0.018186778380580228
2.469,0.0,0.03472222222222143,0.05730609418282384,0.0,-0.03339537536592032,-0.014774179602461227
2.47,0.0,0.03472222222222143,0.05730609418282384,0.0,0.08795430612572873,0.04423762234128838
2.471,0.0,0.03472222222222143,-0.9426939058171762,0.0,-0.10817312613397458,-0.05788506936489107
2.472,0.0,0.03472222222222143,0.05730609418282384,0.0,0.08702359534938948,0.048921718825841655
2.473,0.0,0.03472222222222143,0.05730609418282384,0.0,-0.033380665653323566,-0.019287954599060353
2.474,0.0,0.03472222222222143,0.05730609418282384,0.0,-0.03169740981726189,-0.02047042913738616
2.475,0.0,0.03472222222222143,0.05730609418282384,0.0,0.08327160627901424,0.05487930392634824
2.476,0.0,-0.9652777777777786,0.05730609418282384,0.0,-0.10211758408402027,-0.06951371920648693
2.477,0.0,0.03472222222222143,0.05730609418282384,0.0,0.08190781270303568,0.056981802131716525
2.478,0.0,0.03472222222222143,0.05730609418282384,0.0,-0.03129427546585313,-0.020448941879708565
2.479,0.0,0.03472222222222143,0.05730609418282384,0.0,-0.029770021187205876,-0.02692320556160962
2.48,0.0,0.03472222222222143,0.05730609418282384,0.0,0.07791112259623079,0.06667278350860105
2.481,0.0,0.03472222222222143,0.05730609418282384,0.0,-0.09529602871471038,-0.08221436457714741
2.482,0.0,0.03472222222222143,0.05730609418282384,0.0,0.07623520665423933,0.06571017836846053
2.483,0.0,0.03472222222222143,0.05730609418282384,0.0,-0.02898582121151377,-0.021799654721689474
2.484,0.0,0.03472222222222143,0.05730609418282384,0.0,-0.027784678155606046,-0.03352976410556365
2.485,0.0,0.03472222222222143,0.05730609418282384,0.0,0.07237034699978583,0.07875319041371075
2.486,0.0,0.03472222222222143,-0.9426939058171762,0.0,-0.08832244596687688,-0.09519364017251712
2.487,0.0,0.03472222222222143,0.05730609418282384,0.0,0.07050070946454802,0.07470744891828307
2.488,0.0,0.03472222222222143,0.05730609418282384,0.0,-0.026663508405316713,-0.023510310814977092
2.489,0.0,0.03472222222222143,0.05730609418282384,0.0,-0.025861312498292134,-0.039599857570511085
2.49,0.0,0.03472222222222143,0.05730609418282384,0.0,0.06701048725932814,0.09017081970911293
2.491,0.0,0.03472222222222143,0.05730609418282384,0.0,-0.08163390995742512,-0.10761105449995248
2.492,0.0,0.03472222222222143,0.05730609418282384,0.0,0.06504865347004764,0.08356999102946654
2.493,0.0,0.03472222222222143,0.05730609418282384,0.0,-0.024473709660665154,-0.02576806762529559
2.494,0.0,0.03472222222222143,0.05730609418282384,0.0,-0.0240624063061963,-0.04443603951416129
2.495,0.0,0.03472222222222143,0.05730609418282384,0.0,0.06203248967599188,0.09999674318363252
2.496,0.0,-0.9652777777777786,0.05730609418282384,0.0,-0.0754631499758523,-0.11866714839162514
2.497,0.0,0.03472222222222143,0.05730609418282384,0.0,0.06005282709735774,0.0919248069999659
2.498,0.0,0.03472222222222143,0.05730609418282384,0.0,-0.022491335792719523,-0.028744765055268493
2.499,0.0,0.03472222222222143,0.05730609418282384,0.0,-0.022396846131647167,-0.04741909953173969
2.5,0.0,0.03472222222222143,0.05730609418282384,0.0,0.0574820956362808,0.10742599170359098
2.501,0.0,0.03472222222222143,0.05730609418282384,0.0,-0.06984831518019512,-0.12768274765699172
2.502,0.0,0.03472222222222143,0.05730609418282384,0.0,0.05552767268312594,0.09945443869186232
2.503,0.0,0.03472222222222143,0.05730609418282384,0.0,-0.020723724750440604,-0.032560521459366824
2.504,0.0,0.03472222222222143,0.05730609418282384,0.0,-0.02083222844358509,-0.048087584268623904
2.505,0.0,0.03472222222222143,0.05730609418282384,0.0,0.05328097634735807,0.11186578472845443
2.506,0.0,0.03472222222222143,0.05730609418282384,0.0,-0.06467557902438126,-0.13416059996068902
2.507,0.0,0.03472222222222143,0.05730609418282384,0.0,0.05136642736177579,0.10591050738518455
2.508,0.0,0.03472222222222143,0.05730609418282384,0.0,-0.019126291922502495,-0.03724921036014323
2.509,0.0,0.03472222222222143,0.05730609418282384,0.0,-0.019313109479030997,-0.046200902265149744
2.51,0.0,0.03472222222222143,0.05730609418282384,0.0,0.049276984039827006,0.11299854320799302
2.511,0.0,0.03472222222222143,0.05730609418282384,0.0,-0.05974510791394411,-0.13782364792143792
2.512,0.0,0.03472222222222143,0.05730609418282384,0.0,0.047397766527828435,0.11111664898847687
2.513,0.0,0.03472222222222143,0.05730609418282384,0.0,-0.0176262746811159,-0.04273211953838185
2.514,0.0,0.03472222222222143,0.05730609418282384,0.0,-0.01778187705779584,-0.04177748025196706
2.515,0.0,0.03472222222222143,0.05730609418282384,0.0,0.04530371789161142,0.11081286649247366
2.516,0.0,0.03472222222222143,-0.9426939058171762,0.0,-0.05484742487487135,-0.1386275790251949
2.517,0.0,0.03472222222222143,0.05730609418282384,0.0,0.04344974197318428,0.11496335151360303
2.518,0.0,0.03472222222222143,0.05730609418282384,0.0,-0.01614967723555934,-0.04880527325782993
2.519,0.0,0.03472222222222143,0.05730609418282384,0.0,-0.016198598892428667,-0.03510257844493752
2.52,0.0,0.03472222222222143,0.05730609418282384,0.0,0.04123835958672781,0.10559979746768695
2.521,0.0,0.03472222222222143,0.05730609418282384,0.0,-0.049835861740796496,-0.1367486202648702
2.522,0.0,0.03472222222222143,0.05730609418282384,0.0,0.0394089347792015,0.11739820744250837
2.523,0.0,0.03472222222222143,0.05730609418282384,0.0,-0.014646163675486417,-0.055144082200550656
2.524,0.0,0.03472222222222143,0.05730609418282384,0.0,-0.014556421831118696,-0.026704263950006777
2.525,0.0,0.03472222222222143,0.05730609418282384,0.0,0.03704727236949791,0.09791599540286018
2.526,0.0,0.03472222222222143,-0.9426939058171762,0.0,-0.04468180477617498,-0.13255038857807597
2.527,0.0,0.03472222222222143,0.05730609418282384,0.0,0.03526388178848914,0.11841526824527593
2.528,0.0,0.03472222222222143,0.05730609418282384,0.0,-0.013107194959782475,-0.061326447768663785
2.529,0.0,0.03472222222222143,0.05730609418282384,0.0,-0.012889833839914442,-0.01730015920241839
2.53,0.0,0.03472222222222143,0.05730609418282384,0.0,0.03281108880483108,0.08851934368225263
2.531,0.0,0.03472222222222143,-0.9426939058171762,0.0,-0.0395026205373652,-0.12653565857131735
2.532,0.0,0.03472222222222143,0.05730609418282384,0.0,0.031124777318495146,0.11804659300095324
2.533,0.0,0.03472222222222143,0.05730609418282384,0.0,-0.011574046925406764,-0.06687258917350654
2.534,0.0,0.03472222222222143,0.05730609418282384,0.0,-0.011274254620588682,-0.007721367573154078
2.535,0.0,0.03472222222222143,0.05730609418282384,0.0,0.028724582679916195,0.0782855744112326
2.536,0.0,-0.9652777777777786,0.05730609418282384,0.0,-0.034556980261724914,-0.1192899992422679
2.537,0.0,0.03472222222222143,0.05730609418282384,0.0,0.027215704696852396,0.11635791425219197
2.538,0.0,0.03472222222222143,0.05730609418282384,0.0,-0.010134240084923134,-0.0712971451208379
2.539,0.0,0.03472222222222143,0.05730609418282384,0.0,-0.009816827207960978,0.0011770831397541729
2.54,0.0,0.03472222222222143,0.05730609418282384,0.0,0.025070965191034238,0.06811635592621337
2.541,0.0,0.03472222222222143,0.05730609418282384,0.0,-0.030208000287872152,-0.11142433892565552
2.542,0.0,0.03472222222222143,0.05730609418282384,0.0,0.023840513942808717,0.11344888605449104
2.543,0.0,0.03472222222222143,0.05730609418282384,0.0,-0.008907030598831836,-0.07416697204334857
2.544,0.0,0.03472222222222143,0.05730609418282384,0.0,-0.008639735307488483,0.00860824355230351
2.545,0.0,0.03472222222222143,0.05730609418282384,0.0,0.02217467555193582,0.058849787213491135
2.546,0.0,0.03472222222222143,0.05730609418282384,0.0,-0.026860262839961214,-0.10352274858538046
2.547,0.0,0.03472222222222143,0.05730609418282384,0.0,0.021328136546407406,0.10945694453801029
2.548,0.0,0.03472222222222143,0.05730609418282384,0.0,-0.008020596682512017,-0.07515687203828765
2.549,0.0,0.03472222222222143,0.05730609418282384,0.0,-0.007858650022455338,0.013936428532246916
2.55,0.0,0.03472222222222143,0.05730609418282384,0.0,0.020340543753647203,0.05118337659656754
2.551,0.0,0.03472222222222143,0.05730609418282384,0.0,-0.024881462356426576,-0.09610029151156485
2.552,0.0,0.03472222222222143,0.05730609418282384,0.0,0.019966852186367574,0.10456268275577599
2.553,0.0,0.03472222222222143,-0.9426939058171762,0.0,-0.007585075002560848,-0.07409544117027801
2.554,0.0,0.03472222222222143,0.05730609418282384,0.0,-0.007559814632356903,0.016741582602486534
2.555,0.0,0.03472222222222143,0.05730609418282384,0.0,0.01978977247875426,0.045617521222357786
2.556,0.0,0.03472222222222143,0.05730609418282384,0.0,-0.024522374317999186,-0.0895739345718087
2.557,0.0,0.03472222222222143,0.05730609418282384,0.0,0.019939185367551297,0.09899402292284078
2.558,0.0,0.03472222222222143,0.05730609418282384,0.0,-0.0076664076229505706,-0.07099435582550448
2.559,0.0,0.03472222222222143,0.05730609418282384,0.0,-0.0077796568722417365,0.016857382810650925
2.56,0.0,0.03472222222222143,0.05730609418282384,0.0,0.02060408898095022,0.04242456058961585
2.561,0.0,0.03472222222222143,0.05730609418282384,0.0,-0.025849574286450388,-0.08424753245056217
2.562,0.0,0.03472222222222143,0.05730609418282384,0.0,0.02126935237021499,0.09302645513579423
2.563,0.0,0.03472222222222143,0.05730609418282384,0.0,-0.00826592227578772,-0.06605655005622144
2.564,0.0,0.03472222222222143,0.05730609418282384,0.0,-0.008490598992374398,0.014379135299770958
2.565,0.0,0.03472222222222143,0.05730609418282384,0.0,0.022688486222940042,0.04164506091256676
2.566,0.0,0.03472222222222143,0.05730609418282384,0.0,-0.028703702122898748,-0.08031004333796445
2.567,0.0,0.03472222222222143,0.05730609418282384,0.0,0.02379344712672226,0.08697717996553479
2.568,0.0,0.03472222222222143,0.05730609418282384,0.0,-0.00930969678882795,-0.059661562226652066
2.569,0.0,0.03472222222222143,0.05730609418282384,0.0,-0.009595929889561608,0.009641467382573096
2.57,0.0,0.03472222222222143,0.05730609418282384,0.0,0.025760322202134766,0.043109550239054106
2.571,0.0,0.03472222222222143,-0.9426939058171762,0.0,-0.032692300775466566,-0.0778446268909792
2.572,0.0,0.03472222222222143,0.05730609418282384,0.0,0.027159109646358037,0.0811920169288648
2.573,0.0,0.03472222222222143,0.05730609418282384,0.0,-0.010650197386068616,-0.05232942254174071
2.574,0.0,0.03472222222222143,0.05730609418282384,0.0,-0.010935314028196372,0.0031696652961282074
2.575,0.0,0.03472222222222143,0.05730609418282384,0.0,0.0293685647362093,0.046480905233047334
2.576,0.0,0.03472222222222143,0.05730609418282384,0.0,-0.03722092974200444,-0.07684526199191906
2.577,0.0,0.03472222222222143,0.05730609418282384,0.0,0.030856796207658178,0.07602522269066916
2.578,0.0,0.03472222222222143,0.05730609418282384,0.0,-0.0120806852671555,-0.044667356238914165
2.579,0.0,0.03472222222222143,0.05730609418282384,0.0,-0.012300919446280912,-0.004388262188601104
2.58,0.0,0.03472222222222143,0.05730609418282384,0.0,0.0329422571050627,0.05131035849456072
2.581,0.0,0.03472222222222143,0.05730609418282384,0.0,-0.04156018033046195,-0.07723707765345933
2.582,0.0,0.03472222222222143,0.05730609418282384,0.0,0.034279689188763396,0.07181367045008594
2.583,0.0,0.03472222222222143,0.05730609418282384,0.0,-0.013360778972601057,-0.037305868996870516
2.584,0.0,0.03472222222222143,0.05730609418282384,0.0,-0.013462485115242796,-0.012339526806558278
2.585,0.0,0.03472222222222143,0.05730609418282384,0.0,0.03586256128778185,0.05709890512219835
2.586,0.0,0.03472222222222143,0.05730609418282384,0.0,-0.0449403472453923,-0.07889671613575026
2.587,0.0,0.03472222222222143,0.05730609418282384,0.0,0.036804543915976734,0.06884795388359842
2.588,0.0,0.03472222222222143,0.05730609418282384,0.0,-0.01424967954872481,-0.030832141127076405
2.589,0.0,0.03472222222222143,0.05730609418282384,0.0,-0.014198168078627373,-0.02002436716655636
2.59,0.0,0.03472222222222143,0.05730609418282384,0.0,0.03754874508683271,0.06335584965490962
2.591,0.0,0.03472222222222143,-0.9426939058171762,0.0,-0.04666076081789193,-0.08166967697034604
2.592,0.0,0.03472222222222143,0.05730609418282384,0.0,0.03788211896653219,0.06734372029104703
2.593,0.0,0.03472222222222143,0.05730609418282384,0.0,-0.014542211207162923,-0.025728912247588834
2.594,0.0,0.03472222222222143,0.05730609418282384,0.0,-0.01432694550401056,-0.026884089031919647
2.595,0.0,0.03472222222222143,0.05730609418282384,0.0,0.037545850413925275,0.06964730487306126
2.596,0.0,-0.9652777777777786,0.05730609418282384,0.0,-0.04619791347636175,-0.08538260375339943
2.597,0.0,0.03472222222222143,0.05730609418282384,0.0,0.03712385838372858,0.06741680426315387
2.598,0.0,0.03472222222222143,0.05730609418282384,0.0,-0.014102217064088438,-0.022326183701435128
2.599,0.0,0.03472222222222143,0.05730609418282384,0.0,-0.013737872857618141,-0.03251149463160494
2.6,0.0,0.03472222222222143,0.05730609418282384,0.0,0.035600945554301676,0.07562944093701277
2.601,0.0,0.03472222222222143,0.05730609418282384,0.0,-0.04329599778220408,-0.08984971326358995
2.602,0.0,0.03472222222222143,0.05730609418282384,0.0,0.034371517535378385,0.06906550191031613
2.603,0.0,0.03472222222222143,0.05730609418282384,0.0,-0.012888075654700964,-0.020771259516498657
2.604,0.0,0.03472222222222143,0.05730609418282384,0.0,-0.012411709486255034,-0.03667861696723051
2.605,0.0,0.03472222222222143,0.05730609418282384,0.0,0.03171598935045251,0.08106387703904717
2.606,0.0,0.03472222222222143,0.05730609418282384,0.0,-0.038025430632150505,-0.09487384888058746
2.607,0.0,0.03472222222222143,0.05730609418282384,0.0,0.029738472081099837,0.07216264845138741
2.608,0.0,0.03472222222222143,0.05730609418282384,0.0,-0.010966136829172775,-0.0210201766929321
2.609,0.0,0.03472222222222143,0.05730609418282384,0.0,-0.010431309001687957,-0.03933998991091454
2.61,0.0,0.03472222222222143,0.05730609418282384,0.0,0.026168289687815476,0.08581542289133638
2.611,0.0,0.03472222222222143,-0.9426939058171762,0.0,-0.030799113345400916,-0.10024378582950547
2.612,0.0,0.03472222222222143,0.05730609418282384,0.0,0.023615237114753513,0.07645914885529202
2.613,0.0,0.03472222222222143,0.05730609418282384,0.0,-0.008509559552171473,-0.022850811383199065
2.614,0.0,0.03472222222222143,0.05730609418282384,0.0,-0.007978624099830552,-0.04061306805693444
2.615,0.0,0.03472222222222143,0.05730609418282384,0.0,0.01949391475964987,0.08983500677621481
2.616,0.0,0.03472222222222143,0.05730609418282384,0.0,-0.022341978148994298,-0.10573026030408235
2.617,0.0,0.03472222222222143,0.05730609418282384,0.0,0.016636702946427738,0.08159940608052421
2.618,0.0,0.03472222222222143,0.05730609418282384,0.0,-0.00578211574016015,-0.02589527952381241
2.619,0.0,0.03472222222222143,0.05730609418282384,0.0,-0.005317996240628598,-0.040740385018674434
2.62,0.0,0.03472222222222143,0.05730609418282384,0.0,0.01243458844829771,0.0931326976990889
2.621,0.0,0.03472222222222143,0.05730609418282384,0.0,-0.013615958857359247,-0.11108360979021181
2.622,0.0,0.03472222222222143,0.05730609418282384,0.0,0.009614037643376426,0.08714784586029288
2.623,0.0,0.03472222222222143,0.05730609418282384,0.0,-0.0031086929044461175,-0.02968703095453516
2.624,0.0,0.03472222222222143,0.05730609418282384,0.0,-0.0027673327363242494,-0.04004020591491141
2.625,0.0,0.03472222222222143,0.05730609418282384,0.0,0.0058538218319523746,0.09574695454953225
2.626,0.0,0.03472222222222143,0.05730609418282384,0.0,-0.005708937462986954,-0.11603582188559998
2.627,0.0,0.03472222222222143,0.05730609418282384,0.0,0.003439317636785086,0.09262458787957721
2.628,0.0,0.03472222222222143,0.05730609418282384,0.0,-0.0008361638502121416,-0.033716529888607204
2.629,0.0,0.03472222222222143,0.05730609418282384,0.0,-0.0006605379750688891,-0.03885352248340725
2.63,0.0,0.03472222222222143,0.05730609418282384,0.0,0.0006325400759104899,0.09771645407675521
2.631,0.0,0.03472222222222143,0.05730609418282384,0.0,0.00029847787538345584,-0.12030918204243712
2.632,0.0,0.03472222222222143,0.05730609418282384,0.0,-0.001025020093286754,0.09754736764214963
2.633,0.0,0.03472222222222143,0.05730609418282384,0.0,0.0007102876049472886,-0.03748876720265505
2.634,0.0,0.03472222222222143,0.05730609418282384,0.0,0.000694098032652067,-0.03749515700041414
2.635,0.0,0.03472222222222143,0.05730609418282384,0.0,-0.002442402437411807,0.09906004913739935
2.636,0.0,0.03472222222222143,-0.9426939058171762,0.0,0.0034710690379071694,-0.12363264614776565
2.637,0.0,0.03472222222222143,0.05730609418282384,0.0,-0.0030574435696523686,0.10147614198845599
2.638,0.0,0.03472222222222143,0.05730609418282384,0.0,0.0012695920939196578,-0.04057607635579242
2.639,0.0,0.03472222222222143,0.05730609418282384,0.0,0.0010541430572849975,-0.0362155572225172
2.64,0.0,0.03472222222222143,0.05730609418282384,0.0,-0.0027821276172209017,0.0997687260697261
2.641,0.0,0.03472222222222143,0.05730609418282384,0.0,0.003143709088098512,-0.12576566999960162
2.642,0.0,0.03472222222222143,0.05730609418282384,0.0,-0.0021744872333224773,0.10405644994272213
2.643,0.0,0.03472222222222143,0.05730609418282384,0.0,0.0006802862739455401,-0.04266071931613805
2.644,0.0,0.03472222222222143,0.05730609418282384,0.0,0.0002765207139786297,-0.03517780775584278
2.645,0.0,0.03472222222222143,0.05730609418282384,0.0,-7.810166011899181e-05,0.09981113216839646
2.646,0.0,0.03472222222222143,0.05730609418282384,0.0,-0.0009841588698806473,-0.12652769113956347
2.647,0.0,0.03472222222222143,0.05730609418282384,0.0,0.0017993187969643713,0.1050575576306102
2.648,0.0,0.03472222222222143,0.05730609418282384,0.0,-0.001095719145028982,-0.043563273198635226
2.649,0.0,0.03472222222222143,0.05730609418282384,0.0,-0.001660334069944151,-0.034451797578221754
2.65,0.0,0.03472222222222143,0.05730609418282384,0.0,0.00564832529021422,0.09915168946719582
2.651,0.0,0.03472222222222143,-0.9426939058171762,0.0,-0.00879724569498951,-0.12583000402824895
2.652,0.0,0.03472222222222143,0.05730609418282384,0.0,0.008698376351419176,0.10440168165048651
2.653,0.0,0.03472222222222143,0.05730609418282384,0.0,-0.003964337241675083,-0.04325472979734213
2.654,0.0,0.03472222222222143,0.05730609418282384,0.0,-0.0046488349689791965,-0.03402477231646738
2.655,0.0,0.03472222222222143,0.05730609418282384,0.0,0.01403626995731757,0.09777789713680139
2.656,0.0,0.03472222222222143,-0.9426939058171762,0.0,-0.019763714078086556,-0.12370563240166617
2.657,0.0,0.03472222222222143,0.05730609418282384,0.0,0.01802461536559151,0.10218113989881955
2.658,0.0,0.03472222222222143,0.05730609418282384,0.0,-0.007706736500907723,-0.04185215472609992
2.659,0.0,0.03472222222222143,0.05730609418282384,0.0,-0.008460418507896073,-0.033825064347007966
2.66,0.0,0.03472222222222143,0.05730609418282384,0.0,0.02441742124326016,0.09573153075311461
2.661,0.0,0.03472222222222143,0.05730609418282384,0.0,-0.03298581662886738,-0.12033219552769962
2.662,0.0,0.03472222222222143,0.05730609418282384,0.0,0.02899712411783997,0.09866109728896148
2.663,0.0,0.03472222222222143,0.05730609418282384,0.0,-0.01200215156608535,-0.039599503875564865
2.664,0.0,0.03472222222222143,0.05730609418282384,0.0,-0.012768767704706578,-0.03375397409441315
2.665,0.0,0.03472222222222143,0.05730609418282384,0.0,0.035886318941592284,0.09313737686026043
2.666,0.0,0.03472222222222143,0.05730609418282384,0.0,-0.04729595718713779,-0.11604284472496892
2.667,0.0,0.03472222222222143,0.05730609418282384,0.0,0.04063685323469036,0.09426662455264231
2.668,0.0,0.03472222222222143,0.05730609418282384,0.0,-0.016463239461472445,-0.03683658266919955
2.669,0.0,0.03472222222222143,0.05730609418282384,0.0,-0.017185351639544703,-0.03371980515576264
2.67,0.0,0.03472222222222143,0.05730609418282384,0.0,0.0474002797374625,0.09022308002588243
2.671,0.0,0.03472222222222143,0.05730609418282384,0.0,-0.06138640774325456,-0.11132118468003596
2.672,0.0,0.03472222222222143,0.05730609418282384,0.0,0.05187594822320752,0.08955402823923232
2.673,0.0,0.03472222222222143,0.05730609418282384,0.0,-0.020679574936475632,-0.03396005152405237
2.674,0.0,0.03472222222222143,0.05730609418282384,0.0,-0.021302944262230387,-0.03366803200105492
2.675,0.0,0.03472222222222143,0.05730609418282384,0.0,0.05789666417222686,0.08732466316438971
2.676,0.0,-0.9652777777777786,0.05730609418282384,0.0,-0.07395667266857957,-0.10677765815528849
2.677,0.0,0.03472222222222143,0.05730609418282384,0.0,0.06167820857670482,0.08516777684778601
2.678,0.0,0.03472222222222143,0.05730609418282384,0.0,-0.02426391058655663,-0.031380797495795816
2.679,0.0,0.03472222222222143,0.05730609418282384,0.0,-0.0247417635524784,-0.03360245812681784
2.68,0.0,0.03472222222222143,0.05730609418282384,0.0,0.06641305277689788,0.08487419151120557
2.681,0.0,0.03472222222222143,0.05730609418282384,0.0,-0.08386039815839795,-0.1031070198155263
2.682,0.0,0.03472222222222143,0.05730609418282384,0.0,0.06915591851183116,0.08178575376879918
2.683,0.0,0.03472222222222143,0.05730609418282384,0.0,-0.026895573159819757,-0.029481940816037493
2.684,0.0,0.03472222222222143,0.05730609418282384,0.0,-0.027192562350177057,-0.033593833508433577
2.685,0.0,0.03472222222222143,0.05730609418282384,0.0,0.07219567949958133,0.08336862822486064
2.686,0.0,0.03472222222222143,0.05730609418282384,0.0,-0.09023400651877769,-0.10102901249992507
2.687,0.0,0.03472222222222143,0.05730609418282384,0.0,0.07366896370013029,0.08005689652578131
2.688,0.0,0.03472222222222143,0.05730609418282384,0.0,-0.028355835736691808,-0.02858130594667071
2.689,0.0,0.03472222222222143,0.05730609418282384,0.0,-0.02845143477442193,-0.03377447656576114
2.69,0.0,0.03472222222222143,0.05730609418282384,0.0,0.07478313931613456,0.08332181382872557
2.691,0.0,0.03472222222222143,-0.9426939058171762,0.0,-0.09259179107735462,-0.1012168713044378
2.692,0.0,0.03472222222222143,0.05730609418282384,0.0,0.07489459480171659,0.08053639475524356
2.693,0.0,0.03472222222222143,0.05730609418282384,0.0,-0.028551208401093632,-0.02890146453273951
2.694,0.0,0.03472222222222143,0.05730609418282384,0.0,-0.02844220398521317,-0.03431966949505555
2.695,0.0,0.03472222222222143,0.05730609418282384,0.0,0.07405567217237968,0.08520427892935303
2.696,0.0,-0.9652777777777786,-0.9426939058171762,0.0,-0.09087663365215215,-0.10422046770119359
2.697,0.0,0.03472222222222143,0.05730609418282384,0.0,0.07286004422189353,0.08362436729120223
2.698,0.0,0.03472222222222143,0.05730609418282384,0.0,-0.027522160019863774,-0.030549560991263474
2.699,0.0,0.03472222222222143,0.05730609418282384,0.0,-0.027223865140574167,-0.03541864479061656
2.7,0.0,0.03472222222222143,0.05730609418282384,0.0,0.0702447465756183,0.08937786251700768
2.701,0.0,0.03472222222222143,0.05730609418282384,0.0,-0.08546116336893983,-0.110392432547107
2.702,0.0,0.03472222222222143,0.05730609418282384,0.0,0.06793489884151294,0.08951418230072476
2.703,0.0,0.03472222222222143,0.05730609418282384,0.0,-0.025436600522022932,-0.0335081579566031
2.704,0.0,0.03472222222222143,0.05730609418282384,0.0,-0.02498244497784513,-0.03723957421090929
2.705,0.0,0.03472222222222143,0.05730609418282384,0.0,0.06390260962005823,0.09603351337194568
2.706,0.0,0.03472222222222143,0.05730609418282384,0.0,-0.07710028746786221,-0.1198261923974236
2.707,0.0,0.03472222222222143,0.05730609418282384,0.0,0.060785042753360094,0.09815621852484016
2.708,0.0,0.03472222222222143,0.05730609418282384,0.0,-0.022569276237317665,-0.03763736656984955
2.709,0.0,0.03472222222222143,0.05730609418282384,0.0,-0.022008550176794563,-0.039893905193103756
2.71,0.0,0.03472222222222143,0.05730609418282384,0.0,0.05583627993431406,0.10514096906793623
2.711,0.0,0.03472222222222143,0.05730609418282384,0.0,-0.06684179221825917,-0.13231435511292441
2.712,0.0,0.03472222222222143,0.05730609418282384,0.0,0.05229447807249032,0.10924184368855532
2.713,0.0,0.03472222222222143,0.05730609418282384,0.0,-0.01926983317390077,-0.04268761352962551
2.714,0.0,0.03472222222222143,0.05730609418282384,0.0,-0.018663561787839077,-0.04340555861013977
2.715,0.0,0.03472222222222143,0.05730609418282384,0.0,0.04701452943113421,0.11641815062160338
2.716,0.0,0.03472222222222143,-0.9426939058171762,0.0,-0.05590642204934081,-0.14733426391415605
2.717,0.0,0.03472222222222143,0.05730609418282384,0.0,0.04346486512602311,0.12221073907484213
2.718,0.0,0.03472222222222143,0.05730609418282384,0.0,-0.01592349962541968,-0.04832158510084384
2.719,0.0,0.03472222222222143,0.05730609418282384,0.0,-0.015338685609821944,-0.04768990662332433
2.72,0.0,0.03472222222222143,0.05730609418282384,0.0,0.03845925164923806,0.12932615374318882
2.721,0.0,0.03472222222222143,0.05730609418282384,0.0,-0.04555196196992964,-0.16406493008032927
2.722,0.0,0.03472222222222143,0.05730609418282384,0.0,0.035304808282932275,0.13628254504126358
2.723,0.0,0.03472222222222143,0.05730609418282384,0.0,-0.012909008764383076,-0.054143211555376804
2.724,0.0,0.03472222222222143,0.05730609418282384,0.0,-0.012411749851097416,-0.05254618954421399
2.725,0.0,0.03472222222222143,0.05730609418282384,0.0,0.031133957968612024,0.1430928814397345
2.726,0.0,0.03472222222222143,0.05730609418282384,0.0,-0.03693707507763766,-0.18143622145083263
2.727,0.0,0.03472222222222143,0.05730609418282384,0.0,0.028721560219064184,0.15051134178850598
2.728,0.0,0.03472222222222143,0.05730609418282384,0.0,-0.010558477009007783,-0.05973104537582366
2.729,0.0,0.03472222222222143,0.05730609418282384,0.0,-0.010206696506611311,-0.057665284564800606
2.73,0.0,0.03472222222222143,0.05730609418282384,0.0,0.02584190039157616,0.15676498867406843
2.731,0.0,0.03472222222222143,-0.9426939058171762,0.0,-0.030999947973819605,-0.1982075068719721
2.732,0.0,0.03472222222222143,0.05730609418282384,0.0,0.024426943816847783,0.16385897854804063
2.733,0.0,0.03472222222222143,0.05730609418282384,0.0,-0.009123502679154995,-0.0646730755662063
2.734,0.0,0.03472222222222143,0.05730609418282384,0.0,-0.00896017209455993,-0.06265273735843113
2.735,0.0,0.03472222222222143,0.05730609418282384,0.0,0.023144621846373847,0.16928431436977126
2.736,0.0,-0.9652777777777786,-0.9426939058171762,0.0,-0.02836438388818377,-0.2130693811507392
2.737,0.0,0.03472222222222143,0.05730609418282384,0.0,0.02286710547173531,0.1752810217149822
2.738,0.0,0.03472222222222143,0.05730609418282384,0.0,-0.00875084424565748,-0.06859994032303571
2.739,0.0,0.03472222222222143,0.05730609418282384,0.0,-0.008798592675364607,-0.06706496162709277
2.74,0.0,0.03472222222222143,0.05730609418282384,0.0,0.023308888221452783,0.1795817973320621
2.741,0.0,0.03472222222222143,0.05730609418282384,0.0,-0.029282267534307082,-0.22475907409136547
2.742,0.0,0.03472222222222143,0.05730609418282384,0.0,0.02418257171455026,0.18381740121778334
2.743,0.0,0.03472222222222143,0.05730609418282384,0.0,-0.00946981792858457,-0.07121367545754838
2.744,0.0,0.03472222222222143,0.05730609418282384,0.0,-0.009727698694131362,-0.07045474486941895
2.745,0.0,0.03472222222222143,0.05730609418282384,0.0,0.02628638689505516,0.18667941482709657
2.746,0.0,0.03472222222222143,0.05730609418282384,0.0,-0.03361684698229148,-0.23217808142136726
2.747,0.0,0.03472222222222143,0.05730609418282384,0.0,0.02820142607814385,0.1886789385845263
2.748,0.0,0.03472222222222143,0.05730609418282384,0.0,-0.01119218516583502,-0.07230957365090265
2.749,0.0,0.03472222222222143,0.05730609418282384,0.0,-0.011635117308583904,-0.07242087977783886
2.75,0.0,0.03472222222222143,0.05730609418282384,0.0,0.03172676406201924,0.1897892658635549
2.751,0.0,0.03472222222222143,-0.9426939058171762,0.0,-0.0408666223530388,-0.2344997384625376
2.752,0.0,0.03472222222222143,0.05730609418282384,0.0,0.03446472076925285,0.18932099631377763
2.753,0.0,0.03472222222222143,0.05730609418282384,0.0,-0.013723948182311962,-0.07178941046727011
2.754,0.0,0.03472222222222143,0.05730609418282384,0.0,-0.014305004332137425,-0.07265602435134287
2.755,0.0,0.03472222222222143,0.05730609418282384,0.0,0.03902098284706011,0.18839874318940664
2.756,0.0,0.03472222222222143,-0.9426939058171762,0.0,-0.05022535105738231,-0.23125503489345522
2.757,0.0,0.03472222222222143,0.05730609418282384,0.0,0.04227991422446537,0.18549653768826987
2.758,0.0,0.03472222222222143,0.05730609418282384,0.0,-0.0167872843830829,-0.06966516437605758
2.759,0.0,0.03472222222222143,0.05730609418282384,0.0,-0.017442610637948195,-0.07098686748132428
2.76,0.0,0.03472222222222143,0.05730609418282384,0.0,0.047369007763907914,0.18233185034905838
2.761,0.0,0.03472222222222143,0.05730609418282384,0.0,-0.060670225414003985,-0.22238691684623854
2.762,0.0,0.03472222222222143,0.05730609418282384,0.0,0.05079551806290798,0.17728284340360997
2.763,0.0,0.03472222222222143,0.05730609418282384,0.0,-0.020049940766568318,-0.06605333341420998
2.764,0.0,0.03472222222222143,0.05730609418282384,0.0,-0.02070573034714613,-0.06740135449526752
2.765,0.0,0.03472222222222143,0.05730609418282384,0.0,0.05586373449388752,0.1717790231574026
2.766,0.0,0.03472222222222143,-0.9426939058171762,0.0,-0.07106795437103193,-0.20826644769505895
2.767,0.0,0.03472222222222143,0.05730609418282384,0.0,0.059088461158251504,0.16507879012429538
2.768,0.0,0.03472222222222143,0.05730609418282384,0.0,-0.023158847179507662,-0.06116091753606821
2.769,0.0,0.03472222222222143,0.05730609418282384,0.0,-0.023739506506187683,-0.06205904945493915
2.77,0.0,0.03472222222222143,0.05730609418282384,0.0,0.06358202600495601,0.15729106944948043
2.771,0.0,0.03472222222222143,-0.9426939058171762,0.0,-0.0802874228765236,-0.18966816135538817
2.772,0.0,0.03472222222222143,0.05730609418282384,0.0,0.06625501759454949,0.1495726542278023
2.773,0.0,0.03472222222222143,0.05730609418282384,0.0,-0.025774514710442408,-0.05526496822766218
2.774,0.0,0.03472222222222143,0.05730609418282384,0.0,-0.026211003222107225,-0.05528255006215705
2.775,0.0,0.03472222222222143,0.05730609418282384,0.0,0.06967368849793111,0.13973669542372727
2.776,0.0,-0.9652777777777786,0.05730609418282384,0.0,-0.08730778404339555,-0.16770629629414982
2.777,0.0,0.03472222222222143,0.05730609418282384,0.0,0.07149645711707386,0.1316835028081716
2.778,0.0,0.03472222222222143,0.05730609418282384,0.0,-0.027602942887716485,-0.04868818887637938
2.779,0.0,0.03472222222222143,0.05730609418282384,0.0,-0.027840259747516864,-0.047530040550873794
2.78,0.0,0.03472222222222143,0.05730609418282384,0.0,0.0734401072688074,0.12022711629586563
2.781,0.0,0.03472222222222143,0.05730609418282384,0.0,-0.09131209857284574,-0.14373784784510268
2.782,0.0,0.03472222222222143,0.05730609418282384,0.0,0.07419171752047894,0.11248200608832071
2.783,0.0,0.03472222222222143,0.05730609418282384,0.0,-0.02842221263328546,-0.041773313987273075
2.784,0.0,0.03472222222222143,0.05730609418282384,0.0,-0.028425142409961565,-0.03935133769381019
2.785,0.0,0.03472222222222143,0.05730609418282384,0.0,0.0743958612587943,0.10001500094005444
2.786,0.0,0.03472222222222143,0.05730609418282384,0.0,-0.09175871566386365,-0.11924203223389453
2.787,0.0,0.03472222222222143,0.05730609418282384,0.0,0.07395115577280968,0.09309862409420154
2.788,0.0,0.03472222222222143,0.05730609418282384,0.0,-0.02810161457404268,-0.034858864931945205
2.789,0.0,0.03472222222222143,0.05730609418282384,0.0,-0.027858103691354975,-0.031331899757719196
2.79,0.0,0.03472222222222143,0.05730609418282384,0.0,0.07230869680778138,0.08037804359453743
2.791,0.0,0.03472222222222143,-0.9426939058171762,0.0,-0.08842518411979096,-0.09568839551404132
2.792,0.0,0.03472222222222143,0.05730609418282384,0.0,0.07064756402338172,0.07462834314883891
2.793,0.0,0.03472222222222143,0.05730609418282384,0.0,-0.026611967383695714,-0.028258397430381346
2.794,0.0,0.03472222222222143,0.05730609418282384,0.0,-0.02613383844371679,-0.024030970851988926
2.795,0.0,0.03472222222222143,0.05730609418282384,0.0,0.06721550833459765,0.06249942719367454
2.796,0.0,-0.9652777777777786,0.05730609418282384,0.0,-0.08142228216450297,-0.07440711706593968
2.797,0.0,0.03472222222222143,0.05730609418282384,0.0,0.06442289533654286,0.05804133650580417
2.798,0.0,0.03472222222222143,0.05730609418282384,0.0,-0.024026632039842965,-0.022244605797195935
2.799,0.0,0.03472222222222143,0.05730609418282384,0.0,-0.023347698845647122,-0.017921091562876704
2.8,0.0,0.03472222222222143,0.05730609418282384,0.0,0.05941421227573143,0.04735808706628128
2.801,0.0,0.03472222222222143,0.05730609418282384,0.0,-0.07117848283929863,-0.05647489270282617
2.802,0.0,0.03472222222222143,0.05730609418282384,0.0,0.055671317978109404,0.04410809876782467
2.803,0.0,0.03472222222222143,0.05730609418282384,0.0,-0.020513548212888002,-0.017038765691770482
2.804,0.0,0.03472222222222143,0.05730609418282384,0.0,-0.019685515346265087,-0.013336442557967666
2.805,0.0,0.03472222222222143,0.05730609418282384,0.0,0.04943342207101785,0.03564088353244681
2.806,0.0,0.03472222222222143,0.05730609418282384,0.0,-0.05839760851364053,-0.042628145392793276
2.807,0.0,0.03472222222222143,0.05730609418282384,0.0,0.04500113774547212,0.03334587999960504
2.808,0.0,0.03472222222222143,0.05730609418282384,0.0,-0.016319346156523286,-0.012805143028298027
2.809,0.0,0.03472222222222143,0.05730609418282384,0.0,-0.015406117889514303,-0.010436803643742356
2.81,0.0,0.03472222222222143,0.05730609418282384,0.0,0.037983503631034886,0.02768658620169382
2.811,0.0,0.03472222222222143,0.05730609418282384,0.0,-0.04399441954865875,-0.03321237495421132
2.812,0.0,0.03472222222222143,0.05730609418282384,0.0,0.03317967855279154,0.02599084944398833
2.813,0.0,0.03472222222222143,0.05730609418282384,0.0,-0.011747176179773963,-0.009649332008413397
2.814,0.0,0.03472222222222143,0.05730609418282384,0.0,-0.010818331779788134,-0.009192313087263575
2.815,0.0,0.03472222222222143,0.05730609418282384,0.0,0.02589383546567066,0.023468159179392045
2.816,0.0,0.03472222222222143,0.05730609418282384,0.0,-0.029014340059918552,-0.028172538808837504
2.817,0.0,0.03472222222222143,0.05730609418282384,0.0,0.02106632537180604,0.02199764552644237
2.818,0.0,0.03472222222222143,0.05730609418282384,0.0,-0.007130319534283297,-0.007619136006142487
2.819,0.0,0.03472222222222143,0.05730609418282384,0.0,-0.00625452761287636,-0.00939182469022491
2.82,0.0,0.03472222222222143,0.05730609418282384,0.0,0.014041885672367393,0.022615558263558513
2.821,0.0,0.03472222222222143,0.05730609418282384,0.0,-0.014544414267174342,-0.02708488020736224
2.822,0.0,0.03472222222222143,0.05730609418282384,0.0,0.009539585337995548,0.021065140589658044
2.823,0.0,0.03472222222222143,0.05730609418282384,0.0,-0.002803885593799175,-0.006706635642147602
2.824,0.0,0.03472222222222143,0.05730609418282384,0.0,-0.002042941039552318,-0.010674724214578398
2.825,0.0,0.03472222222222143,0.05730609418282384,0.0,0.003280054208852264,0.024476568443029926
2.826,0.0,0.03472222222222143,0.05730609418282384,0.0,-0.0016229165624049163,-0.0292260779229778
2.827,0.0,0.03472222222222143,0.05730609418282384,0.0,-0.0005757821656918044,0.02268467347188976
2.828,0.0,0.03472222222222143,0.05730609418282384,0.0,0.000923041155869276,-0.006850484404801979
2.829,0.0,0.03472222222222143,0.05730609418282384,0.0,0.0015190400322670813,-0.012582924151269534
2.83,0.0,0.03472222222222143,0.05730609418282384,0.0,-0.005633859833372096,0.028208655122744224
2.831,0.0,0.03472222222222143,-0.9426939058171762,0.0,0.008845160264864906,-0.03367148346488739
2.832,0.0,0.03472222222222143,0.05730609418282384,0.0,-0.008575751095055095,0.026204938519813526
2.833,0.0,0.03472222222222143,0.05730609418282384,0.0,0.003792556725152117,-0.007938138159409924
2.834,0.0,0.03472222222222143,0.05730609418282384,0.0,0.004188578863364431,-0.014626815247203677
2.835,0.0,0.03472222222222143,0.05730609418282384,0.0,-0.012097181098452888,0.03289092490473172
2.836,0.0,0.03472222222222143,0.05730609418282384,0.0,0.01616019307090478,-0.03941099833581176
2.837,0.0,0.03472222222222143,0.05730609418282384,0.0,-0.013932940650781902,0.030906348188407363
2.838,0.0,0.03472222222222143,0.05730609418282384,0.0,0.005618423187351869,-0.009808498779584016
2.839,0.0,0.03472222222222143,0.05730609418282384,0.0,0.00579631832620908,-0.016356641044272407
2.84,0.0,0.03472222222222143,0.05730609418282384,0.0,-0.01570930177219885,0.03764259466615668
2.841,0.0,0.03472222222222143,0.05730609418282384,0.0,0.01988214749572564,-0.045469194357173164
2.842,0.0,0.03472222222222143,0.05730609418282384,0.0,-0.016337230263153254,0.03607710174286095
2.843,0.0,0.03472222222222143,0.05730609418282384,0.0,0.006300323209459052,-0.012256134789324948
2.844,0.0,0.03472222222222143,0.05730609418282384,0.0,0.00625914938650366,-0.017429462336618604
2.845,0.0,0.03472222222222143,0.05730609418282384,0.0,-0.016301582090025888,0.041733244101088515
2.846,0.0,0.03472222222222143,0.05730609418282384,0.0,0.019862935740079087,-0.051015833071819984
2.847,0.0,0.03472222222222143,0.05730609418282384,0.0,-0.015718099282275813,0.041083399637153094
2.848,0.0,0.03472222222222143,0.05730609418282384,0.0,0.005830842022836655,-0.015038636916318009
2.849,0.0,0.03472222222222143,0.05730609418282384,0.0,0.005585902067473509,-0.017661872212725936
2.85,0.0,0.03472222222222143,0.05730609418282384,0.0,-0.01394807687542857,0.044670802151107046
2.851,0.0,0.03472222222222143,0.05730609418282384,0.0,0.016254642177294776,-0.05545407419571325
2.852,0.0,0.03472222222222143,0.05730609418282384,0.0,-0.012247161945102647,0.04542716842739125
2.853,0.0,0.03472222222222143,0.05730609418282384,0.0,0.004294727249028344,-0.017888623045465443
2.854,0.0,0.03472222222222143,0.05730609418282384,0.0,0.0038755740552326124,-0.017060030500166242
2.855,0.0,0.03472222222222143,0.05730609418282384,0.0,-0.008956445100874323,0.04625570669395738
2.856,0.0,0.03472222222222143,0.05730609418282384,0.0,0.00949323472008042,-0.058476282757437346
2.857,0.0,0.03472222222222143,0.05730609418282384,0.0,-0.0063209308787833506,0.048786170477745576
2.858,0.0,0.03472222222222143,0.05730609418282384,0.0,0.00186060003831354,-0.020531357483862395
2.859,0.0,0.03472222222222143,0.05730609418282384,0.0,0.001308281983724878,-0.015821333652483123
2.86,0.0,0.03472222222222143,0.05730609418282384,0.0,-0.0018399497831548795,0.04659376334370717
2.861,0.0,0.03472222222222143,0.05730609418282384,0.0,0.00025931330845314573,-0.06008118423254298
2.862,0.0,0.03472222222222143,0.05730609418282384,0.0,0.001474587173394302,0.05103329251045707
2.863,0.0,0.03472222222222143,0.05730609418282384,0.0,-0.0012341008359550937,-0.02270793282139755
2.864,0.0,0.03472222222222143,0.05730609418282384,0.0,-0.0018703085614891314,-0.01430583892374664
2.865,0.0,0.03472222222222143,0.05730609418282384,0.0,0.006727039459451353,0.046065473612252106
2.866,0.0,0.03472222222222143,0.05730609418282384,0.0,-0.010580715098709958,-0.06055076183767979
2.867,0.0,0.03472222222222143,0.05730609418282384,0.0,0.010414399378900664,0.052233944503573604
2.868,0.0,0.03472222222222143,0.05730609418282384,0.0,-0.0047036148402199406,-0.024202629118301205
2.869,0.0,0.03472222222222143,0.05730609418282384,0.0,-0.0053697892286819916,-0.012979948406086923
2.87,0.0,0.03472222222222143,0.05730609418282384,0.0,0.015966288207736646,0.04525538018179175
2.871,0.0,0.03472222222222143,0.05730609418282384,0.0,-0.022048052424397502,-0.060390215037615366
2.872,0.0,0.03472222222222143,0.05730609418282384,0.0,0.01969584567030906,0.05262266129920829
2.873,0.0,0.03472222222222143,0.05730609418282384,0.0,-0.008238031641688537,-0.02487165760484213
2.874,0.0,0.03472222222222143,0.05730609418282384,0.0,-0.00887932581397867,-0.012339221740808409
2.875,0.0,0.03472222222222143,0.05730609418282384,0.0,0.025060873824653242,0.0448505454102113
2.876,0.0,0.03472222222222143,-0.9426939058171762,0.0,-0.03313332972761369,-0.06023892156903239
2.877,0.0,0.03472222222222143,0.05730609418282384,0.0,0.02850555081258813,0.05256200090716127
2.878,0.0,0.03472222222222143,0.05730609418282384,0.0,-0.0115290864931955,-0.024669311281515505
2.879,0.0,0.03472222222222143,0.05730609418282384,0.0,-0.012093453719073163,-0.01282086314657662
2.88,0.0,0.03472222222222143,0.05730609418282384,0.0,0.03322282088694541,0.045521870079063005
2.881,0.0,0.03472222222222143,0.05730609418282384,0.0,-0.04287995260841481,-0.06076409335918089
2.882,0.0,0.03472222222222143,0.05730609418282384,0.0,0.03608638166849902,0.05248851376374364
2.883,0.0,0.03472222222222143,0.05730609418282384,0.0,-0.014295413338755204,-0.023666879287301865
2.884,0.0,0.03472222222222143,0.05730609418282384,0.0,-0.014737183286345492,-0.014718798634652303
2.885,0.0,0.03472222222222143,0.05730609418282384,0.0,0.03975752065734458,0.04780488280815203
2.886,0.0,0.03472222222222143,0.05730609418282384,0.0,-0.050461992574862016,-0.06255119343720539
2.887,0.0,0.03472222222222143,0.05730609418282384,0.0,0.0417988193060789,0.05285178056946531
2.888,0.0,0.03472222222222143,0.05730609418282384,0.0,-0.016305164988323642,-0.022059772128236985
2.889,0.0,0.03472222222222143,0.05730609418282384,0.0,-0.016588301913163087,-0.01811484733646297
2.89,0.0,0.03472222222222143,0.05730609418282384,0.0,0.044119563095535774,0.0519973787823692
2.891,0.0,0.03472222222222143,0.05730609418282384,0.0,-0.055250163806160574,-0.06600583355538989
2.892,0.0,0.03472222222222143,0.05730609418282384,0.0,0.04517168843463823,0.05405317864841758
2.893,0.0,0.03472222222222143,0.05730609418282384,0.0,-0.017394167084478683,-0.02015927270734754
2.894,0.0,0.03472222222222143,0.05730609418282384,0.0,-0.0174950095870288,-0.02283805504933341
2.895,0.0,0.03472222222222143,0.05730609418282384,0.0,0.04595539865416725,0.058089621798906185
2.896,0.0,-0.9652777777777786,-0.9426939058171762,0.0,-0.05686052402586989,-0.07128064574340517
2.897,0.0,0.03472222222222143,0.05730609418282384,0.0,0.0459381704592275,0.056391070691165376
2.898,0.0,0.03472222222222143,0.05730609418282384,0.0,-0.01747818813235648,-0.01836714267831682
2.899,0.0,0.03472222222222143,0.05730609418282384,0.0,-0.017387448622183915,-0.02846085097331193
2.9,0.0,0.03472222222222143,0.05730609418282384,0.0,0.045129451207255186,0.065738835220545
2.901,0.0,0.03472222222222143,0.05730609418282384,0.0,-0.05518211663011143,-0.07823759225869253
2.902,0.0,0.03472222222222143,0.05730609418282384,0.0,0.04405436801271011,0.060018491259222075
2.903,0.0,0.03472222222222143,0.05730609418282384,0.0,-0.016558441159764018,-0.01713377831977716
2.904,0.0,0.03472222222222143,0.05730609418282384,0.0,-0.016282246376230703,-0.03433567566334075
2.905,0.0,0.03472222222222143,0.05730609418282384,0.0,0.041731805483016915,0.07429382471061802
2.906,0.0,0.03472222222222143,0.05730609418282384,0.0,-0.050381673500906304,-0.0864516631204526
2.907,0.0,0.03472222222222143,0.05730609418282384,0.0,0.039699255593724225,0.06491816225337337
2.908,0.0,0.03472222222222143,0.05730609418282384,0.0,-0.01472003130138918,-0.016903379544499574
2.909,0.0,0.03472222222222143,0.05730609418282384,0.0,-0.014279824751999407,-0.03966975766984994
2.91,0.0,0.03472222222222143,0.05730609418282384,0.0,0.03606724094551096,0.08286853271812618
2.911,0.0,0.03472222222222143,0.05730609418282384,0.0,-0.0428855330587488,-0.0952564391225185
2.912,0.0,0.03472222222222143,0.05730609418282384,0.0,0.03325648658635767,0.07089788256405152
2.913,0.0,0.03472222222222143,0.05730609418282384,0.0,-0.012123669640055451,-0.018052222375789982
2.914,0.0,0.03472222222222143,0.05730609418282384,0.0,-0.011554876400562195,-0.043629640400747766
2.915,0.0,0.03472222222222143,0.05730609418282384,0.0,0.028627012661604532,0.0904560755313372
2.916,0.0,0.03472222222222143,0.05730609418282384,0.0,-0.033340892997581306,-0.10382626063146033
2.917,0.0,0.03472222222222143,0.05730609418282384,0.0,0.025280070627095936,0.07760715335779567
2.918,0.0,0.03472222222222143,0.05730609418282384,0.0,-0.008991529932082755,-0.020828129935089257
2.919,0.0,0.03472222222222143,0.05730609418282384,0.0,-0.0083409983625674,-0.04546181700764125
2.92,0.0,0.03472222222222143,0.05730609418282384,0.0,0.020046227765088756,0.0960684069537509
2.921,0.0,0.03472222222222143,0.05730609418282384,0.0,-0.02256022207911784,-0.11128450503444458
2.922,0.0,0.03472222222222143,0.05730609418282384,0.0,0.016447241431494498,0.08457351972234557
2.923,0.0,0.03472222222222143,0.05730609418282384,0.0,-0.00558858198156821,-0.025300191542174496
2.924,0.0,0.03472222222222143,0.05730609418282384,0.0,-0.004910951320643059,-0.044612300110973155
2.925,0.0,0.03472222222222143,0.05730609418282384,0.0,0.011050799113076569,0.09888218166841016
2.926,0.0,0.03472222222222143,0.05730609418282384,0.0,-0.011453946950929508,-0.11682348110497769
2.927,0.0,0.03472222222222143,0.05730609418282384,0.0,0.007502790539122226,0.09125477732228099
2.928,0.0,0.03472222222222143,0.05730609418282384,0.0,-0.0022010569271142177,-0.031327388765481
2.929,0.0,0.03472222222222143,0.05730609418282384,0.0,-0.0015543341030626516,-0.04082681354075539
2.93,0.0,0.03472222222222143,0.05730609418282384,0.0,0.0023986825150690057,0.09836944085452548
2.931,0.0,0.03472222222222143,-0.9426939058171762,0.0,-0.0009573079607275662,-0.11981931011575127
2.932,0.0,0.03472222222222143,0.05730609418282384,0.0,-0.0008003222568854374,0.09710117825184658
2.933,0.0,0.03472222222222143,0.05730609418282384,0.0,0.0008861347777934518,-0.03855295475547
2.934,0.0,0.03472222222222143,0.05730609418282384,0.0,0.0014453939123576995,-0.03421489800702579
2.935,0.0,0.03472222222222143,0.05730609418282384,0.0,-0.005179622495269668,0.0943928553632194
2.936,0.0,0.03472222222222143,-0.9426939058171762,0.0,0.008042496529738572,-0.11992526942632581
2.937,0.0,0.03472222222222143,0.05730609418282384,0.0,-0.007759176310212603,0.10162033565504701
2.938,0.0,0.03472222222222143,0.05730609418282384,0.0,0.0034112058125972196,-0.04642815791321654
2.939,0.0,0.03472222222222143,0.05730609418282384,0.0,0.003832646429018629,-0.025265518650623743
2.94,0.0,0.03472222222222143,0.05730609418282384,0.0,-0.011036498152890177,0.0872494480149076
2.941,0.0,0.03472222222222143,0.05730609418282384,0.0,0.014773063625835149,-0.1171295168954282
2.942,0.0,0.03472222222222143,0.05730609418282384,0.0,-0.012773330245467823,0.10443689205650124
2.943,0.0,0.03472222222222143,0.05730609418282384,0.0,0.005154829456284924,-0.05426513591604006
2.944,0.0,0.03472222222222143,0.05730609418282384,0.0,0.005398501834157702,-0.014808269644779352
2.945,0.0,0.03472222222222143,0.05730609418282384,0.0,-0.014654311241088602,0.0776535239035323
2.946,0.0,0.03472222222222143,0.05730609418282384,0.0,0.01863238916765644,-0.11176765770050263
2.947,0.0,0.03472222222222143,0.05730609418282384,0.0,-0.015387582511638315,0.10533932394677523
2.948,0.0,0.03472222222222143,0.05730609418282384,0.0,0.005955592012202702,-0.0613139764174386
2.949,0.0,0.03472222222222143,0.05730609418282384,0.0,0.005995181374627685,-0.003922128671150267
2.95,0.0,0.03472222222222143,0.05730609418282384,0.0,-0.015680813104929876,0.06665809022397666
2.951,0.0,0.03472222222222143,0.05730609418282384,0.0,0.019229392347796692,-0.10448670784513964
2.952,0.0,0.03472222222222143,0.05730609418282384,0.0,-0.015322078350405204,0.10430753921739011
2.953,0.0,0.03472222222222143,0.05730609418282384,0.0,0.005720498336865863,-0.06685512500920482
2.954,0.0,0.03472222222222143,0.05730609418282384,0.0,0.005545256778860838,0.006198208303094319
2.955,0.0,0.03472222222222143,0.05730609418282384,0.0,-0.013950533005644057,0.055523153847836286
2.956,0.0,0.03472222222222143,-0.9426939058171762,0.0,0.016406784177885093,-0.09616384599061482
2.957,0.0,0.03472222222222143,0.05730609418282384,0.0,-0.012487895717416793,0.10151709247373727
2.958,0.0,0.03472222222222143,0.05730609418282384,0.0,0.004429885892857733,-0.07029508743812238
2.959,0.0,0.03472222222222143,0.05730609418282384,0.0,0.004045089224903925,0.014401322487730394
2.96,0.0,0.03472222222222143,0.05730609418282384,0.0,-0.009491041771446126,0.04554760293474493
2.961,0.0,0.03472222222222143,0.05730609418282384,0.0,0.010245162417553617,-0.08778997240529512
2.962,0.0,0.03472222222222143,0.05730609418282384,0.0,-0.0069874225490521155,0.09731867619329079
2.963,0.0,0.03472222222222143,0.05730609418282384,0.0,0.002136546302418841,-0.07125186562934863
2.964,0.0,0.03472222222222143,0.05730609418282384,0.0,0.0015624661242702692,0.01974142509766314
2.965,0.0,0.03472222222222143,0.05730609418282384,0.0,-0.0025141551281881937,0.037887611950211626
2.966,0.0,0.03472222222222143,0.05730609418282384,0.0,0.001048675496368917,-0.08033353891545009
2.967,0.0,0.03472222222222143,0.05730609418282384,0.0,0.0008999931550659243,0.09219471334440314
2.968,0.0,0.03472222222222143,0.05730609418282384,0.0,-0.0010407061905226818,-0.0696170010987012
2.969,0.0,0.03472222222222143,0.05730609418282384,0.0,-0.001771159815664333,0.021620274155774433
2.97,0.0,0.03472222222222143,0.05730609418282384,0.0,0.006606726995179106,0.03338761021032333
2.971,0.0,0.03472222222222143,0.05730609418282384,0.0,-0.01068603254176626,-0.07460353182423167
2.972,0.0,0.03472222222222143,0.05730609418282384,0.0,0.010745550045704714,0.08669797651154897
2.973,0.0,0.03472222222222143,-0.9426939058171762,0.0,-0.004928367887528288,-0.06558358419903046
2.974,0.0,0.03472222222222143,0.05730609418282384,0.0,-0.005773037318723927,0.019886565282138252
2.975,0.0,0.03472222222222143,0.05730609418282384,0.0,0.01737094740269421,0.032449199506559355
2.976,0.0,0.03472222222222143,0.05730609418282384,0.0,-0.02431467590628107,-0.07113129605145922
2.977,0.0,0.03472222222222143,0.05730609418282384,0.0,0.022009133306105624,0.08137976556989668
2.978,0.0,0.03472222222222143,0.05730609418282384,0.0,-0.009313466964824806,-0.05963389150777241
2.979,0.0,0.03472222222222143,0.05730609418282384,0.0,-0.010224977017688836,0.014875871089759577
2.98,0.0,0.03472222222222143,0.05730609418282384,0.0,0.029193556936558274,0.034958916602671086
2.981,0.0,0.03472222222222143,0.05730609418282384,0.0,-0.039100069088700694,-0.07008885961782088
2.982,0.0,0.03472222222222143,0.05730609418282384,0.0,0.03408479218671059,0.07671690500719093
2.983,0.0,0.03472222222222143,0.05730609418282384,0.0,-0.01396136696477758,-0.05248589869056393
2.984,0.0,0.03472222222222143,0.05730609418282384,0.0,-0.014891353081168124,0.0073822237835775364
2.985,0.0,0.03472222222222143,0.05730609418282384,0.0,0.041453269251584525,0.040287914626846485
2.986,0.0,0.03472222222222143,0.05730609418282384,0.0,-0.054272121826859386,-0.0712567416851679
2.987,0.0,0.03472222222222143,0.05730609418282384,0.0,0.046349709906129896,0.07304738551308054
2.988,0.0,0.03472222222222143,0.05730609418282384,0.0,-0.018634641821173404,-0.04500400463270406
2.989,0.0,0.03472222222222143,0.05730609418282384,0.0,-0.019537742637100605,-0.0014377719559861661
2.99,0.0,0.03472222222222143,0.05730609418282384,0.0,0.053541378843427925,0.04736652039405356
2.991,0.0,0.03472222222222143,0.05730609418282384,0.0,-0.06908803877504655,-0.07404749580048749
2.992,0.0,0.03472222222222143,0.05730609418282384,0.0,0.05821253219362368,0.07052373160160319
2.993,0.0,0.03472222222222143,0.05730609418282384,0.0,-0.023111412886917645,-0.03808498588967896
2.994,0.0,0.03472222222222143,0.05730609418282384,0.0,-0.023948648952085642,-0.01021725816665294
2.995,0.0,0.03472222222222143,0.05730609418282384,0.0,0.06490751660080096,0.05482564718733376
2.996,0.0,-0.9652777777777786,-0.9426939058171762,0.0,-0.08288761863954924,-0.07758337406497468
2.997,0.0,0.03472222222222143,0.05730609418282384,0.0,0.06915693102496283,0.06909116356524957
2.998,0.0,0.03472222222222143,0.05730609418282384,0.0,-0.02720156139934191,-0.03253457551478552
2.999,0.0,0.03472222222222143,0.05730609418282384,0.0,-0.027942814096082024,-0.0175678691683986
3.0,0.0,0.03472222222222143,0.05730609418282384,0.0,0.07509832684348142,0.06118683249365008
3.001,0.0,0.03472222222222143,0.05730609418282384,0.0,-0.09513888530560952,-0.08081862238870267
3.002,0.0,0.03472222222222143,0.05730609418282384,0.0,0.07877661971568578,0.06849455521786989
3.003,0.0,0.03472222222222143,0.05730609418282384,0.0,-0.030759386442693114,-0.028952372778441048
3.004,0.0,0.03472222222222143,0.05730609418282384,0.0,-0.03138480564053908,-0.022278543462199835
3.005,0.0,0.03472222222222143,0.05730609418282384,0.0,0.08378569034918125,0.06507480462644624
3.006,0.0,0.03472222222222143,0.05730609418282384,0.0,-0.10547003903569291,-0.08269019625864306
3.007,0.0,0.03472222222222143,0.05730609418282384,0.0,0.08679871916697557,0.06831444500681283
3.008,0.0,0.03472222222222143,0.05730609418282384,0.0,-0.03369157225368818,-0.027642561796528638
3.009,0.0,0.03472222222222143,0.05730609418282384,0.0,-0.034191862783006344,-0.02349539412844671
3.01,0.0,0.03472222222222143,0.05730609418282384,0.0,0.09078199031653411,0.06542224021703916
3.011,0.0,0.03472222222222143,0.05730609418282384,0.0,-0.1136848824308891,-0.08227614829858543
3.012,0.0,0.03472222222222143,0.05730609418282384,0.0,0.09309338990307389,0.06802842508921633
3.013,0.0,0.03472222222222143,0.05730609418282384,0.0,-0.0359597505445828,-0.028565035040185153
3.014,0.0,0.03472222222222143,0.05730609418282384,0.0,-0.036335402761883254,-0.020855256975162977
3.015,0.0,0.03472222222222143,0.05730609418282384,0.0,0.0960410910546738,0.06163652726718855
3.016,0.0,-0.9652777777777786,-0.9426939058171762,0.0,-0.11976040276830065,-0.078939312628715
3.017,0.0,0.03472222222222143,0.05730609418282384,0.0,0.09766893938538332,0.06709064406515658
3.018,0.0,0.03472222222222143,0.05730609418282384,0.0,-0.03757746807173206,-0.03133627196306564
3.019,0.0,0.03472222222222143,0.05730609418282384,0.0,-0.03783709635726864,-0.014551370285552688
3.02,0.0,0.03472222222222143,0.05730609418282384,0.0,0.09964509878746006,0.05370302013934383
3.021,0.0,0.03472222222222143,0.05730609418282384,0.0,-0.1238269745842194,-0.07243550667046036
3.022,0.0,0.03472222222222143,0.05730609418282384,0.0,0.10065309258777604,0.06501941719283243
3.023,0.0,0.03472222222222143,0.05730609418282384,0.0,-0.03860195389657369,-0.03528238108024342
3.024,0.0,0.03472222222222143,0.05730609418282384,0.0,-0.03875998224619499,-0.005318963239453703
3.025,0.0,0.03472222222222143,0.05730609418282384,0.0,0.10177848095812064,0.04220789896620616
3.026,0.0,0.03472222222222143,0.05730609418282384,0.0,-0.12613352290890462,-0.06297012020122257
3.027,0.0,0.03472222222222143,0.05730609418282384,0.0,0.10226263515264038,0.061481442541395884
3.028,0.0,0.03472222222222143,0.05730609418282384,0.0,-0.039121665399984,-0.039539036106875765
3.029,0.0,0.03472222222222143,0.05730609418282384,0.0,-0.03919564800708183,0.005659942478127999
3.03,0.0,0.03472222222222143,0.05730609418282384,0.0,0.10269257503898453,0.028275137756879
3.031,0.0,-0.9652777777777786,0.05730609418282384,0.0,-0.1270017507732369,-0.051194031331204114
3.032,0.0,0.03472222222222143,0.05730609418282384,0.0,0.10276502748234649,0.056361109029927525
3.033,0.0,0.03472222222222143,0.05730609418282384,0.0,-0.03924110678602123,-0.04318574237689092
3.034,0.0,0.03472222222222143,0.05730609418282384,0.0,-0.03924899271917478,0.016921153640172146
3.035,0.0,0.03472222222222143,0.05730609418282384,0.0,0.10266473525236944,0.013424595057319355
3.036,0.0,0.03472222222222143,0.05730609418282384,0.0,-0.12677495219969573,-0.038138269578912594
3.037,0.0,0.03472222222222143,0.05730609418282384,0.0,0.10243665525836704,0.04980488937103876
3.038,0.0,0.03472222222222143,0.05730609418282384,0.0,-0.03906478573164442,-0.045396072629658016
3.039,0.0,0.03472222222222143,0.05730609418282384,0.0,-0.039022430968592176,0.02693020699966611
3.04,0.0,0.03472222222222143,0.05730609418282384,0.0,0.10195716041162026,-0.000629996278041158
3.041,0.0,0.03472222222222143,0.05730609418282384,0.0,-0.12576777921028237,-0.025095498505268776
3.042,0.0,0.03472222222222143,0.05730609418282384,0.0,0.10152295065751962,0.0422336670295163
3.043,0.0,0.03472222222222143,0.05730609418282384,0.0,-0.03868233874476624,-0.04558215032384948
3.044,0.0,0.03472222222222143,0.05730609418282384,0.0,-0.038601537070968,0.03431159415436096
3.045,0.0,0.03472222222222143,0.05730609418282384,0.0,0.10078066284639448,-0.012215145563225269
3.046,0.0,-0.9652777777777786,0.05730609418282384,0.0,-0.12422342978847425,-0.013463934367834893
3.047,0.0,0.03472222222222143,0.05730609418282384,0.0,0.1002055569093906,0.03431969622216794
3.048,0.0,0.03472222222222143,0.05730609418282384,0.0,-0.03815676977753332,-0.043511348554403334
3.049,0.0,0.03472222222222143,0.05730609418282384,0.0,-0.038044018020427124,0.03806178266309548
3.05,0.0,0.03472222222222143,0.05730609418282384,0.0,0.09926818290958157,-0.01993060865493511
3.051,0.0,0.03472222222222143,0.05730609418282384,0.0,-0.12228397832431404,-0.0045746292244161655
3.052,0.0,0.03472222222222143,0.05730609418282384,0.0,0.0985809585959247,0.026929247286171513
3.053,0.0,0.03472222222222143,-0.9426939058171762,0.0,-0.03751739656103119,-0.03937609843004937
3.054,0.0,0.03472222222222143,0.05730609418282384,0.0,-0.03737353178205031,0.037713856164758544
3.055,0.0,0.03472222222222143,0.05730609418282384,0.0,0.09746171905244602,-0.022847700716101486
3.056,0.0,0.03472222222222143,0.05730609418282384,0.0,-0.11997799922316524,0.0004746646813742022
3.057,0.0,0.03472222222222143,0.05730609418282384,0.0,0.09665359826724589,0.021036289257986125
3.058,0.0,0.03472222222222143,0.05730609418282384,0.0,-0.03675850939052788,-0.033803573984508645
3.059,0.0,0.03472222222222143,0.05730609418282384,0.0,-0.036579260104696046,0.0334278096845174
3.06,0.0,0.03472222222222143,0.05730609418282384,0.0,0.09531462521255175,-0.020643978134657695
3.061,0.0,0.03472222222222143,0.05730609418282384,0.0,-0.11722738389010291,0.0009569012811211293
3.062,0.0,0.03472222222222143,0.05730609418282384,0.0,0.09434458681460538,0.01761626036605178
3.063,0.0,0.03472222222222143,0.05730609418282384,0.0,-0.035843980973833324,-0.027800105580270632
3.064,0.0,0.03472222222222143,0.05730609418282384,0.0,-0.03562136781105019,0.02599081457578421
3.065,0.0,0.03472222222222143,0.05730609418282384,0.0,0.0927091215850676,-0.01365436537918894
3.066,0.0,0.03472222222222143,0.05730609418282384,0.0,-0.11387258822283346,-0.0033934824483102277
3.067,0.0,0.03472222222222143,0.05730609418282384,0.0,0.09151492512201718,0.017531612659574144
3.068,0.0,0.03472222222222143,0.05730609418282384,0.0,-0.03471722038313727,-0.022634381238082313
3.069,0.0,0.03472222222222143,0.05730609418282384,0.0,-0.03444163344318466,0.016724671973367657
3.07,0.0,0.03472222222222143,0.05730609418282384,0.0,0.08948664982086797,-0.0028308835821894427
3.071,0.0,-0.9652777777777786,0.05730609418282384,0.0,-0.10971283177453812,-0.012347556421567879
3.072,0.0,0.03472222222222143,0.05730609418282384,0.0,0.0879999898388322,0.021422070497091068
3.073,0.0,0.03472222222222143,0.05730609418282384,0.0,-0.033315057982992224,-0.019672532473583897
3.074,0.0,0.03472222222222143,0.05730609418282384,0.0,-0.03297774084457964,0.007311330050036702
3.075,0.0,0.03472222222222143,0.05730609418282384,0.0,0.08548670302821777,0.010383513680832469
3.076,0.0,-0.9652777777777786,0.05730609418282384,0.0,-0.10455540490611827,-0.02520955798265487
3.077,0.0,0.03472222222222143,0.05730609418282384,0.0,0.08365022431743227,0.029612276933631658
3.078,0.0,0.03472222222222143,0.05730609418282384,0.0,-0.03158350532295635,-0.02018575516683749
3.079,0.0,0.03472222222222143,0.05730609418282384,0.0,-0.031179103247593466,-0.0004402843335899546
3.08,0.0,0.03472222222222143,0.05730609418282384,0.0,0.08058829543714943,0.02424889058932281
3.081,0.0,0.03472222222222143,0.05730609418282384,0.0,-0.09826661292192708,-0.040899682521891335
3.082,0.0,0.03472222222222143,0.05730609418282384,0.0,0.07837181882928788,0.04204777220647764
3.083,0.0,0.03472222222222143,0.05730609418282384,0.0,-0.029492963568248962,-0.025156045474675117
3.084,0.0,0.03472222222222143,0.05730609418282384,0.0,-0.029021759459994165,-0.004853659613170371
3.085,0.0,0.03472222222222143,0.05730609418282384,0.0,0.0747475705133966,0.036962024734470474
3.086,0.0,0.03472222222222143,0.05730609418282384,0.0,-0.09081629934055079,-0.05807908320608132
3.087,0.0,0.03472222222222143,0.05730609418282384,0.0,0.07216088599015866,0.058267285596030526
3.088,0.0,0.03472222222222143,0.05730609418282384,0.0,-0.027050431285680694,-0.035107137199145065
3.089,0.0,0.03472222222222143,0.05730609418282384,0.0,-0.026519907900097773,-0.004633261407152511
3.09,0.0,0.03472222222222143,0.05730609418282384,0.0,0.06802533807982263,0.046896066693778014
3.091,0.0,0.03472222222222143,0.05730609418282384,0.0,-0.08230850546864647,-0.07529892939925892
3.092,0.0,0.03472222222222143,0.05730609418282384,0.0,0.06512533934419348,0.07741549413520116
3.093,0.0,0.03472222222222143,0.05730609418282384,0.0,-0.024306613083127815,-0.04998547913447631
3.094,0.0,0.03472222222222143,0.05730609418282384,0.0,-0.023732048466808278,0.0009340037753009905
3.095,0.0,0.03472222222222143,0.05730609418282384,0.0,0.06059959720842051,0.05281172123861051
3.096,0.0,0.03472222222222143,-0.9426939058171762,0.0,-0.07299262077712583,-0.09115302320301556
3.097,0.0,0.03472222222222143,0.05730609418282384,0.0,0.05749031685134614,0.09829616002551089
3.098,0.0,0.03472222222222143,0.05730609418282384,0.0,-0.021356522669314766,-0.06911028427745483
3.099,0.0,0.03472222222222143,0.05730609418282384,0.0,-0.020760444516792497,0.011854528490636713
3.1,0.0,0.03472222222222143,0.05730609418282384,0.0,0.05276020240918964,0.0540100336311028
3.101,0.0,0.03472222222222143,0.05730609418282384,0.0,-0.06325214610657952,-0.10441426040055939
3.102,0.0,0.03472222222222143,0.05730609418282384,0.0,0.049585354199787074,0.1194613766273301
3.103,0.0,0.03472222222222143,0.05730609418282384,0.0,-0.018333118206208927,-0.09120302388187779
3.104,0.0,0.03472222222222143,0.05730609418282384,0.0,-0.017743599475637382,0.027400352686903724
3.105,0.0,0.03472222222222143,0.05730609418282384,0.0,0.04488548076581448,0.05040587962389139
3.106,0.0,0.03472222222222143,0.05730609418282384,0.0,-0.05357154535140498,-0.11413889904800392
3.107,0.0,0.03472222222222143,0.05730609418282384,0.0,0.041814271146048236,0.13932896888037066
3.108,0.0,0.03472222222222143,0.05730609418282384,0.0,-0.015394568666515809,-0.1144963557401221
3.109,0.0,0.03472222222222143,0.05730609418282384,0.0,-0.014842520901669376,0.04618380760986617
3.11,0.0,0.03472222222222143,0.05730609418282384,0.0,0.03740341381167491,0.042513367030404516
3.111,0.0,0.03472222222222143,0.05730609418282384,0.0,-0.04448509682391973,-0.11972846388580949
3.112,0.0,0.03472222222222143,0.05730609418282384,0.0,0.03461146784589975,0.1563172646294969
3.113,0.0,0.03472222222222143,-0.9426939058171762,0.0,-0.012706764365087657,-0.1369117646084164
3.114,0.0,0.03472222222222143,0.05730609418282384,0.0,-0.012222550484964602,0.06632540510978
3.115,0.0,0.03472222222222143,0.05730609418282384,0.0,0.03074251733546746,0.03134768281173796
3.116,0.0,-0.9652777777777786,-0.9426939058171762,0.0,-0.03651462530611264,-0.1209461344265331
3.117,0.0,0.03472222222222143,0.05730609418282384,0.0,0.028390597119941113,0.16898472284536187
3.118,0.0,0.03472222222222143,0.05730609418282384,0.0,-0.010423488192207005,-0.15628562672714982
3.119,0.0,0.03472222222222143,0.05730609418282384,0.0,-0.010033305054595876,0.08569233870419533
3.12,0.0,0.03472222222222143,0.05730609418282384,0.0,0.025279364245829095,0.018260397174198865
3.121,0.0,0.03472222222222143,0.05730609418282384,0.0,-0.030104998187918335,-0.11789145249481024
3.122,0.0,0.03472222222222143,0.05730609418282384,0.0,0.023492994729504075,0.17616139211706347
3.123,0.0,0.03472222222222143,0.05730609418282384,0.0,-0.008667117330945611,-0.17061633349153119
3.124,0.0,0.03472222222222143,0.05730609418282384,0.0,-0.00838966537249186,0.10217455746203005
3.125,0.0,0.03472222222222143,0.05730609418282384,0.0,0.02129047398593748,0.004734936738535138
3.126,0.0,0.03472222222222143,0.05730609418282384,0.0,-0.025566935982970145,-0.11094300249669915
3.127,0.0,0.03472222222222143,0.05730609418282384,0.0,0.020143545800667663,0.17705987525874464
3.128,0.0,0.03472222222222143,-0.9426939058171762,0.0,-0.007512739989659006,-0.1783015446462046
3.129,0.0,0.03472222222222143,0.05730609418282384,0.0,-0.007356686054964374,0.11395971441913005
3.13,0.0,0.03472222222222143,0.05730609418282384,0.0,0.018915866034455397,-0.007825624834688363
3.131,0.0,0.03472222222222143,0.05730609418282384,0.0,-0.023035854450492936,-0.10068246433285923
3.132,0.0,0.03472222222222143,0.05730609418282384,0.0,0.01842074726487122,0.17135528489931004
3.133,0.0,0.03472222222222143,-0.9426939058171762,0.0,-0.0069781278868490185,-0.17833514400949937
3.134,0.0,0.03472222222222143,0.05730609418282384,0.0,-0.006940773451776293,0.11976824904276731
3.135,0.0,0.03472222222222143,0.05730609418282384,0.0,0.01813996696093735,-0.018285949573021175
3.136,0.0,0.03472222222222143,0.05730609418282384,0.0,-0.022453200703610413,-0.08781459963497475
3.137,0.0,0.03472222222222143,0.05730609418282384,0.0,0.01824569757384851,0.15922639962574883
3.138,0.0,0.03472222222222143,0.05730609418282384,0.0,-0.007021158244834782,-0.17043804435917292
3.139,0.0,0.03472222222222143,0.05730609418282384,0.0,-0.007088558259976644,0.119015476986989
3.14,0.0,0.03472222222222143,0.05730609418282384,0.0,0.018792991682689306,-0.025913204590539324
3.141,0.0,0.03472222222222143,0.05730609418282384,0.0,-0.023573388974015355,-0.07309625656857062
3.142,0.0,0.03472222222222143,0.05730609418282384,0.0,0.019391900600024187,0.14135362266956483
3.143,0.0,0.03472222222222143,0.05730609418282384,0.0,-0.007545154033952052,-0.15510507805560508
3.144,0.0,0.03472222222222143,0.05730609418282384,0.0,-0.00769371495136463,0.11187802585093266
3.145,0.0,0.03472222222222143,0.05730609418282384,0.0,0.020572782427612457,-0.030440442109028788
3.146,0.0,0.03472222222222143,0.05730609418282384,0.0,-0.025995501868080872,-0.05728377928785001
3.147,0.0,0.03472222222222143,0.05730609418282384,0.0,0.021514554606801118,0.11887312329349807
3.148,0.0,0.03472222222222143,0.05730609418282384,0.0,-0.008411385123540685,-0.13356077410262077
3.149,0.0,0.03472222222222143,0.05730609418282384,0.0,-0.008610738355259665,0.09925574296009206
3.15,0.0,0.03472222222222143,0.05730609418282384,0.0,0.02308388756209977,-0.03205164322146359
3.151,0.0,0.03472222222222143,0.05730609418282384,0.0,-0.02921503771799241,-0.04110307843785552
3.152,0.0,0.03472222222222143,0.05730609418282384,0.0,0.024194933644795993,0.09329040749298238
3.153,0.0,0.03472222222222143,-0.9426939058171762,0.0,-0.009456846692804412,-0.10762847020298474
3.154,0.0,0.03472222222222143,0.05730609418282384,0.0,-0.009673585058362518,0.08263528207318926
3.155,0.0,0.03472222222222143,0.05730609418282384,0.0,0.025887930811804363,-0.03129421830766506
3.156,0.0,0.03472222222222143,0.05730609418282384,0.0,-0.03268780611666974,-0.02524108520433349
3.157,0.0,0.03472222222222143,0.05730609418282384,0.0,0.026993075225543943,0.06636022033681008
3.158,0.0,0.03472222222222143,0.05730609418282384,0.0,-0.010514595995651785,-0.0795283894398963
3.159,0.0,0.03472222222222143,0.05730609418282384,0.0,-0.010716313319747208,0.06387572693468604
3.16,0.0,0.03472222222222143,0.05730609418282384,0.0,0.028557532122256982,-0.02893636690097289
3.161,0.0,0.03472222222222143,0.05730609418282384,0.0,-0.035896156241786534,-0.0103524458340763
3.162,0.0,0.03472222222222143,0.05730609418282384,0.0,0.02950068571743872,0.039942837734140535
3.163,0.0,0.03472222222222143,0.05730609418282384,0.0,-0.011433532597271008,-0.0516295262195572
3.164,0.0,0.03472222222222143,0.05730609418282384,0.0,-0.011592549508414809,0.044947745064327714
3.165,0.0,0.03472222222222143,0.05730609418282384,0.0,0.03072552122887237,-0.02579533280618741
3.166,0.0,0.03472222222222143,0.05730609418282384,0.0,-0.03840742235387423,0.0029279584212859038
3.167,0.0,0.03472222222222143,0.05730609418282384,0.0,0.03138621113790662,0.015849191873273202
3.168,0.0,0.03472222222222143,0.05730609418282384,0.0,-0.012094628242295681,-0.026186192092902284
3.169,0.0,0.03472222222222143,0.05730609418282384,0.0,-0.012190834749754267,0.027664249301325265
3.17,0.0,0.03472222222222143,0.05730609418282384,0.0,0.03212205199732175,-0.022566887137929936
3.171,0.0,0.03472222222222143,0.05730609418282384,0.0,-0.03991587601827409,0.01397714720637476
3.172,0.0,0.03472222222222143,0.05730609418282384,0.0,0.032425419791925855,-0.004311341826439397
3.173,0.0,0.03472222222222143,0.05730609418282384,0.0,-0.012421241435657157,-0.005092052999035423
3.174,0.0,0.03472222222222143,0.05730609418282384,0.0,-0.012443635130180385,0.013441435474176384
3.175,0.0,0.03472222222222143,0.05730609418282384,0.0,0.03259436031336561,-0.019685676262389713
3.176,0.0,-0.9652777777777786,0.05730609418282384,0.0,-0.04026237925898511,0.022189984821317163
3.177,0.0,0.03472222222222143,0.05730609418282384,0.0,0.032513391885001144,-0.01926646783341032
3.178,0.0,0.03472222222222143,0.05730609418282384,0.0,-0.012382190772110262,0.01031783128056595
3.179,0.0,0.03472222222222143,0.05730609418282384,0.0,-0.012328915965249355,0.003124253146855099
3.18,0.0,0.03472222222222143,0.05730609418282384,0.0,0.032106965658298986,-0.017240531447063223
3.181,0.0,0.03472222222222143,0.05730609418282384,0.0,-0.0394298619698018,0.027004625197946996
3.182,0.0,0.03472222222222143,0.05730609418282384,0.0,0.03165708887675591,-0.028186861076070102
3.183,0.0,0.03472222222222143,0.05730609418282384,0.0,-0.011987537209339432,0.01939277534404761
3.184,0.0,0.03472222222222143,0.05730609418282384,0.0,-0.011864496906961093,-0.0030994099375154225
3.185,0.0,0.03472222222222143,0.05730609418282384,0.0,0.030723578050379473,-0.014959377242527433
3.186,0.0,0.03472222222222143,0.05730609418282384,0.0,-0.03751702984027649,0.02794823689165303
3.187,0.0,0.03472222222222143,0.05730609418282384,0.0,0.02995111900293613,-0.030751856389482374
3.188,0.0,0.03472222222222143,0.05730609418282384,0.0,-0.01127831858923889,0.022205334349465436
3.189,0.0,0.03472222222222143,0.05730609418282384,0.0,-0.011096690468416657,-0.00568482025967841
3.19,0.0,0.03472222222222143,0.05730609418282384,0.0,0.02857523114484581,-0.012266545978114652
3.191,0.0,0.03472222222222143,0.05730609418282384,0.0,-0.03469659083353143,0.024698375621816294
3.192,0.0,0.03472222222222143,0.05730609418282384,0.0,0.02754231440510792,-0.02716790953412707
3.193,0.0,0.03472222222222143,0.05730609418282384,0.0,-0.010312559229708062,0.019499933207925185
3.194,0.0,0.03472222222222143,0.05730609418282384,0.0,-0.010085750352754112,-0.005620544450134457
3.195,0.0,0.03472222222222143,0.05730609418282384,0.0,0.025821628562552816,-0.008403029554869887
3.196,0.0,0.03472222222222143,0.05730609418282384,0.0,-0.03116706047949314,0.017150535166003806
3.197,0.0,0.03472222222222143,0.05730609418282384,0.0,0.024590737930616918,-0.01813725518080826
3.198,0.0,0.03472222222222143,0.05730609418282384,0.0,-0.009150543040687752,0.01255967367665082
3.199,0.0,0.03472222222222143,0.05730609418282384,0.0,-0.008891225517964384,-0.004240534733150765
3.2,0.0,0.03472222222222143,0.05730609418282384,0.0,0.022613895580254197,-0.0025894641053141334
3.201,0.0,0.03472222222222143,0.05730609418282384,0.0,-0.02710833512534825,0.005479133472568005
3.202,0.0,0.03472222222222143,0.05730609418282384,0.0,0.021235351738623426,-0.004779164242472043
3.203,0.0,0.03472222222222143,0.05730609418282384,0.0,-0.007842457200923763,0.003010291459543132
3.204,0.0,0.03472222222222143,0.05730609418282384,0.0,-0.007560314046711955,-0.002987396177003178
3.205,0.0,0.03472222222222143,0.05730609418282384,0.0,0.019066614250666913,0.005795819112486389
3.206,0.0,0.03472222222222143,0.05730609418282384,0.0,-0.022650450886488083,-0.009821797006363034
3.207,0.0,0.03472222222222143,0.05730609418282384,0.0,0.017571649217801147,0.011488790866645516
3.208,0.0,0.03472222222222143,0.05730609418282384,0.0,-0.006421045445946314,-0.007411803954954296
3.209,0.0,0.03472222222222143,0.05730609418282384,0.0,-0.006121719533543394,-0.003163028268229069
3.21,0.0,0.03472222222222143,0.05730609418282384,0.0,0.015245193972854641,0.01705432902922799
3.211,0.0,0.03472222222222143,0.05730609418282384,0.0,-0.017862351488757006,-0.027930325799669416
3.212,0.0,0.03472222222222143,0.05730609418282384,0.0,0.013646193829584758,0.029097577534758966
3.213,0.0,0.03472222222222143,0.05730609418282384,0.0,-0.004900920555665502,-0.01709616065588272
3.214,0.0,0.03472222222222143,0.05730609418282384,0.0,-0.00458642005044944,-0.005704389390757816
3.215,0.0,0.03472222222222143,0.05730609418282384,0.0,0.011171573312051826,0.03104921412898772
3.216,0.0,0.03472222222222143,0.05730609418282384,0.0,-0.01276348169263958,-0.04772877749112602
3.217,0.0,0.03472222222222143,0.05730609418282384,0.0,0.009469604786824869,0.046486376471868804
3.218,0.0,0.03472222222222143,0.05730609418282384,0.0,-0.00328483720837116,-0.02476823072666571
3.219,0.0,0.03472222222222143,0.05730609418282384,0.0,-0.0029553488566173573,-0.011018111851320608
3.22,0.0,0.03472222222222143,0.05730609418282384,0.0,0.00684747998436183,0.0471533767634596
3.221,0.0,0.03472222222222143,0.05730609418282384,0.0,-0.007356290318794268,-0.06787840782037394
3.222,0.0,0.03472222222222143,0.05730609418282384,0.0,0.00504566837867171,0.062257996784196856
3.223,0.0,0.03472222222222143,0.05730609418282384,0.0,-0.001575754078884592,-0.029645355867245163
3.224,0.0,0.03472222222222143,0.05730609418282384,0.0,-0.0012325059589657153,-0.018898738597163324
3.225,0.0,0.03472222222222143,0.05730609418282384,0.0,0.002290664983818832,0.06427572063155015
3.226,0.0,0.03472222222222143,0.05730609418282384,0.0,-0.0016731174455964326,-0.08693183998093602
3.227,0.0,0.03472222222222143,0.05730609418282384,0.0,0.0004106343065531594,0.07531303221308767
3.228,0.0,0.03472222222222143,0.05730609418282384,0.0,0.00020781327852388397,-0.03151920854648128
3.229,0.0,0.03472222222222143,0.05730609418282384,0.0,0.0005592562741080968,-0.028542822735083767
3.23,0.0,0.03472222222222143,0.05730609418282384,0.0,-0.0024236158350782007,0.08096512581393679
3.231,0.0,0.03472222222222143,0.05730609418282384,0.0,0.004172677692541579,-0.10347189596876821
3.232,0.0,0.03472222222222143,0.05730609418282384,0.0,-0.004325931893696728,0.08494787390928964
3.233,0.0,0.03472222222222143,0.05730609418282384,0.0,0.0020165736133637598,-0.030755344943714676
3.234,0.0,0.03472222222222143,0.05730609418282384,0.0,0.002363352295583536,-0.03865690054804048
3.235,0.0,0.03472222222222143,0.05730609418282384,0.0,-0.007125449055811341,0.09557945419088391
3.236,0.0,0.03472222222222143,-0.9426939058171762,0.0,0.009943385665658905,-0.11626025497926944
3.237,0.0,0.03472222222222143,0.05730609418282384,0.0,-0.008948570158918354,0.0909056989931432
3.238,0.0,0.03472222222222143,0.05730609418282384,0.0,0.0037591286992783913,-0.028211909741722215
3.239,0.0,0.03472222222222143,0.05730609418282384,0.0,0.0040792540391088195,-0.047643519749008614
3.24,0.0,0.03472222222222143,0.05730609418282384,0.0,-0.011527149249033277,0.106496455322665
3.241,0.0,0.03472222222222143,0.05730609418282384,0.0,0.015253160570669068,-0.12437651938230382
3.242,0.0,0.03472222222222143,0.05730609418282384,0.0,-0.013120846793626097,0.09337504506654613
3.243,0.0,0.03472222222222143,0.05730609418282384,0.0,0.005297914190892528,-0.02509050866184998
3.244,0.0,0.03472222222222143,0.05730609418282384,0.0,0.005560197689018172,-0.05383809523502752
3.245,0.0,0.03472222222222143,0.05730609418282384,0.0,-0.015222171113342568,0.11233649555379398
3.246,0.0,0.03472222222222143,0.05730609418282384,0.0,0.019572960904724514,-0.12732835145518612
3.247,0.0,0.03472222222222143,0.05730609418282384,0.0,-0.016394581370693245,0.09293692580549599
3.248,0.0,0.03472222222222143,0.05730609418282384,0.0,0.006454750740794004,-0.022741344329949023
3.249,0.0,0.03472222222222143,0.05730609418282384,0.0,0.006620866778953288,-0.05576201324247931
3.25,0.0,0.03472222222222143,0.05730609418282384,0.0,-0.017710648466321668,0.11216464546006834
3.251,0.0,0.03472222222222143,-0.9426939058171762,0.0,0.02226886851711561,-0.12511646676097238
3.252,0.0,0.03472222222222143,0.05730609418282384,0.0,-0.018246264334957595,0.09046784735185835
3.253,0.0,0.03472222222222143,0.05730609418282384,0.0,0.0070267613980199905,-0.022450672782760285
3.254,0.0,0.03472222222222143,0.05730609418282384,0.0,0.007055433311323789,-0.05235513570434814
3.255,0.0,0.03472222222222143,0.05730609418282384,0.0,-0.018451599698107918,0.10564219214013254
3.256,0.0,0.03472222222222143,-0.9426939058171762,0.0,0.022672616443866884,-0.11824403445010216
3.257,0.0,0.03472222222222143,0.05730609418282384,0.0,-0.018138724096302006,0.08701169551505154
3.258,0.0,0.03472222222222143,0.05730609418282384,0.0,0.006811538868593053,-0.025240692081464487
3.259,0.0,0.03472222222222143,0.05730609418282384,0.0,0.006664431355247697,-0.043153938630656884
3.26,0.0,0.03472222222222143,0.05730609418282384,0.0,-0.016936836631736674,0.09310468952802844
3.261,0.0,0.03472222222222143,0.05730609418282384,0.0,0.020176992031033264,-0.10766759611276994
3.262,0.0,0.03472222222222143,0.05730609418282384,0.0,-0.015601164942824527,0.08363748646246047
3.263,0.0,0.03472222222222143,0.05730609418282384,0.0,0.005638594429823911,-0.03170987035162171
3.264,0.0,0.03472222222222143,0.05730609418282384,0.0,0.005287122660938412,-0.02838943772438999
3.265,0.0,0.03472222222222143,0.05730609418282384,0.0,-0.012777020127452693,0.07555412708370249
3.266,0.0,0.03472222222222143,0.05730609418282384,0.0,0.014343333615713879,-0.09469481625187164
3.267,0.0,0.03472222222222143,0.05730609418282384,0.0,-0.01031650734495927,0.08130179656752254
3.268,0.0,0.03472222222222143,0.05730609418282384,0.0,0.0034026152149005525,-0.041935778828599404
3.269,0.0,0.03472222222222143,0.05730609418282384,0.0,0.002834615006419689,-0.008990602963126969
3.27,0.0,0.03472222222222143,0.05730609418282384,0.0,-0.005786951633528057,0.05456507802549069
3.271,0.0,0.03472222222222143,0.05730609418282384,0.0,0.005004606475401058,-0.08084193813377033
3.272,0.0,0.03472222222222143,0.05730609418282384,0.0,-0.0022023011575976765,0.08073398159932639
3.273,0.0,0.03472222222222143,0.05730609418282384,0.0,9.318396891023912e-05,-0.0554535624226551
3.274,0.0,0.03472222222222143,0.05730609418282384,0.0,-0.0006817176788401119,0.013507572865255873
3.275,0.0,0.03472222222222143,0.05730609418282384,0.0,0.003944258498730872,0.032116919646390234
3.276,0.0,0.03472222222222143,0.05730609418282384,0.0,-0.0076537092686858625,-0.06766954441198642
3.277,0.0,0.03472222222222143,0.05730609418282384,0.0,0.008529084749308512,0.08235908149269898
3.278,0.0,0.03472222222222143,0.05730609418282384,0.0,-0.004184430123196064,-0.07131250959577999
3.279,0.0,0.03472222222222143,0.05730609418282384,0.0,-0.005131819229509556,0.03713877036439897
3.28,0.0,0.03472222222222143,0.05730609418282384,0.0,0.01601166675555318,0.010374572262969499
3.281,0.0,0.03472222222222143,0.05730609418282384,0.0,-0.023051071923635046,-0.05661820223332848
3.282,0.0,0.03472222222222143,0.05730609418282384,0.0,0.0213435220824184,0.08626796941460319
3.283,0.0,0.03472222222222143,0.05730609418282384,0.0,-0.009201953056315567,-0.08820226182263022
3.284,0.0,0.03472222222222143,0.05730609418282384,0.0,-0.010262808088841656,0.059738772929005014
3.285,0.0,0.03472222222222143,0.05730609418282384,0.0,0.029691993618726525,-0.008552832521022896
3.286,0.0,0.03472222222222143,0.05730609418282384,0.0,-0.04021941551389388,-0.04886533238924064
3.287,0.0,0.03472222222222143,0.05730609418282384,0.0,0.035399982585900464,0.09223755318834624
3.288,0.0,0.03472222222222143,0.05730609418282384,0.0,-0.014617141457883755,-0.1046305443789485
3.289,0.0,0.03472222222222143,0.05730609418282384,0.0,-0.015711558728785078,0.07920571273195191
3.29,0.0,0.03472222222222143,0.05730609418282384,0.0,0.04398543428593284,-0.02284334064428845
3.291,0.0,0.03472222222222143,0.05730609418282384,0.0,-0.05786584564375377,-0.04522122077582552
3.292,0.0,0.03472222222222143,0.05730609418282384,0.0,0.049610073907854706,0.09979661755553228
3.293,0.0,0.03472222222222143,-0.9426939058171762,0.0,-0.019999794559461926,-0.11912723558612542
3.294,0.0,0.03472222222222143,0.05730609418282384,0.0,-0.021034107255563757,0.0937519509369221
3.295,0.0,0.03472222222222143,0.05730609418282384,0.0,0.05770074885866411,-0.031153659399836074
3.296,0.0,0.03472222222222143,0.05730609418282384,0.0,-0.07448757761216991,-0.04607603591436897
3.297,0.0,0.03472222222222143,0.05730609418282384,0.0,0.06273856355293979,0.10832625249927422
3.298,0.0,0.03472222222222143,0.05730609418282384,0.0,-0.02487283613645164,-0.1304460847973636
3.299,0.0,0.03472222222222143,0.05730609418282384,0.0,-0.025749438407293677,0.10211413219313176
3.3,0.0,0.03472222222222143,0.05730609418282384,0.0,0.06957596684017142,-0.032747065971208716
3.301,0.0,0.03472222222222143,0.05730609418282384,0.0,-0.0885280816209878,-0.05140199523448408
3.302,0.0,0.03472222222222143,0.05730609418282384,0.0,0.07353473785184417,0.11717873755639308
3.303,0.0,0.03472222222222143,0.05730609418282384,0.0,-0.02876414525682022,-0.13773590420806836
3.304,0.0,0.03472222222222143,0.05730609418282384,0.0,-0.029392869116248475,0.10369431019843874
3.305,0.0,0.03472222222222143,0.05730609418282384,0.0,0.07842113253291172,-0.0275435623581725
3.306,0.0,0.03472222222222143,0.05730609418282384,0.0,-0.09855642185965051,-0.060806661837061106
3.307,0.0,0.03472222222222143,0.05730609418282384,0.0,0.08087909701167963,0.12579602962499645
3.308,0.0,0.03472222222222143,-0.9426939058171762,0.0,-0.03126289855985594,-0.14065749688041154
3.309,0.0,0.03472222222222143,0.05730609418282384,0.0,-0.0315724774875973,0.09861502410590962
3.31,0.0,0.03472222222222143,0.05730609418282384,0.0,0.08326528841625445,-0.01608929915299886
3.311,0.0,-0.9652777777777786,0.05730609418282384,0.0,-0.10344707935975424,-0.07362603803624596
3.312,0.0,0.03472222222222143,0.05730609418282384,0.0,0.08392654362619403,0.13380908329161706
3.313,0.0,0.03472222222222143,-0.9426939058171762,0.0,-0.032073089810058,-0.13943029688636874
3.314,0.0,0.03472222222222143,0.05730609418282384,0.0,-0.032021134624875665,0.08768331430705459
3.315,0.0,0.03472222222222143,0.05730609418282384,0.0,0.08348807144831183,0.0005465017611165063
3.316,0.0,-0.9652777777777786,-0.9426939058171762,0.0,-0.10253595818898724,-0.08904078690878355
3.317,0.0,0.03472222222222143,0.05730609418282384,0.0,0.08222648294158431,0.1411021555367058
3.318,0.0,0.03472222222222143,0.05730609418282384,0.0,-0.031056818945597742,-0.1348025862676891
3.319,0.0,0.03472222222222143,0.05730609418282384,0.0,-0.03063685344519116,0.0722711366796542
3.32,0.0,0.03472222222222143,0.05730609418282384,0.0,0.0789172615081987,0.02092932849418894
3.321,0.0,0.03472222222222143,0.05730609418282384,0.0,-0.09573016143051845,-0.10619635907255763
3.322,0.0,0.03472222222222143,0.05730609418282384,0.0,0.07580233711601508,0.1478316165193692
3.323,0.0,0.03472222222222143,0.05730609418282384,0.0,-0.028260945240831083,-0.1279498183697673
3.324,0.0,0.03472222222222143,0.05730609418282384,0.0,-0.027505390286351215,0.05413070025088601
3.325,0.0,0.03472222222222143,0.05730609418282384,0.0,0.06987733296846263,0.04344748464830966
3.326,0.0,0.03472222222222143,0.05730609418282384,0.0,-0.0835543340918823,-0.1243083688092367
3.327,0.0,0.03472222222222143,0.05730609418282384,0.0,0.06517767380587063,0.15439582794089327
3.328,0.0,0.03472222222222143,0.05730609418282384,0.0,-0.023922666437295244,-0.12031551863997189
3.329,0.0,0.03472222222222143,0.05730609418282384,0.0,-0.022901176184778667,0.0351713994617398
3.33,0.0,0.03472222222222143,0.05730609418282384,0.0,0.05718006025416225,0.0665033868188035
3.331,0.0,0.03472222222222143,0.05730609418282384,0.0,-0.06712424068935528,-0.14273808065885948
3.332,0.0,0.03472222222222143,0.05730609418282384,0.0,0.051342849813544915,0.16136031080671506
3.333,0.0,0.03472222222222143,0.05730609418282384,0.0,-0.018452257326955903,-0.1134170644982304
3.334,0.0,0.03472222222222143,0.05730609418282384,0.0,-0.01726542717700756,0.017229185804731432
3.335,0.0,0.03472222222222143,0.05730609418282384,0.0,0.042055700633145905,0.08868223657248561
3.336,0.0,0.03472222222222143,-0.9426939058171762,0.0,-0.048047696120533265,-0.1610286882287872
3.337,0.0,0.03472222222222143,0.05730609418282384,0.0,0.035663847045255166,0.16934953955575466
3.338,0.0,0.03472222222222143,0.05730609418282384,0.0,-0.012394205603024823,-0.108643284941528
3.339,0.0,0.03472222222222143,0.05730609418282384,0.0,-0.011163298927719932,0.0018589707287592037
3.34,0.0,0.03472222222222143,0.05730609418282384,0.0,0.026031171939171666,0.10887724572256458
3.341,0.0,0.03472222222222143,0.05730609418282384,0.0,-0.02826266556603534,-0.17890018174853564
3.342,0.0,0.03472222222222143,0.05730609418282384,0.0,0.019742729098274105,0.17892216593240778
3.343,0.0,0.03472222222222143,0.05730609418282384,0.0,-0.006370892845702498,-0.1070716462998111
3.344,0.0,0.03472222222222143,0.05730609418282384,0.0,-0.005224781150938619,-0.009823835837311445
3.345,0.0,0.03472222222222143,0.05730609418282384,0.0,0.010768833028745338,0.12635834688678504
3.346,0.0,0.03472222222222143,0.05730609418282384,0.0,-0.009830906314203422,-0.19620780873642538
3.347,0.0,0.03472222222222143,0.05730609418282384,0.0,0.005245762632649978,0.19044942503263326
3.348,0.0,0.03472222222222143,0.05730609418282384,0.0,-0.0010153668739314129,-0.10932972537572934
3.349,0.0,0.03472222222222143,0.05730609418282384,0.0,-7.62662061564261e-05,-0.017234480257795632
3.35,0.0,0.03472222222222143,0.05730609418282384,0.0,-0.0021150708425347604,0.14078053024006398
3.351,0.0,0.03472222222222143,-0.9426939058171762,0.0,0.005288286409390272,-0.2128752407009646
3.352,0.0,0.03472222222222143,0.05730609418282384,0.0,-0.006280221301084223,0.20401641370158904
3.353,0.0,0.03472222222222143,-0.9426939058171762,0.0,0.0030987061108420145,-0.11551918920002438
3.354,0.0,0.03472222222222143,0.05730609418282384,0.0,0.0037289464435791056,-0.020334668457947555
3.355,0.0,0.03472222222222143,0.05730609418282384,0.0,-0.011230297339725583,0.15213714972032394
3.356,0.0,0.03472222222222143,-0.9426939058171762,0.0,0.015456730862549424,-0.22881758076861008
3.357,0.0,0.03472222222222143,0.05730609418282384,0.0,-0.013580851109978007,0.2193628221479332
3.358,0.0,0.03472222222222143,0.05730609418282384,0.0,0.00552135494994355,-0.1252115562867379
3.359,0.0,0.03472222222222143,0.05730609418282384,0.0,0.005772720060487484,-0.019575771873283295
3.36,0.0,0.03472222222222143,0.05730609418282384,0.0,-0.015568822362425553,0.16067134550516413
3.361,0.0,0.03472222222222143,0.05730609418282384,0.0,0.019541635081799513,-0.2438706596534933
3.362,0.0,0.03472222222222143,0.05730609418282384,0.0,-0.01583542905511502,0.2358739787430761
3.363,0.0,0.03472222222222143,0.05730609418282384,0.0,0.005977000803145861,-0.1375149023846055
3.364,0.0,0.03472222222222143,0.05730609418282384,0.0,0.005819133834432057,-0.01578210244753092
3.365,0.0,0.03472222222222143,0.05730609418282384,0.0,-0.01461828309236853,0.1667640234123953
3.366,0.0,0.03472222222222143,0.05730609418282384,0.0,0.01704299553536244,-0.257741508829077
3.367,0.0,0.03472222222222143,0.05730609418282384,0.0,-0.012749120177211196,0.2526255812690513
3.368,0.0,0.03472222222222143,0.05730609418282384,0.0,0.0043953676646762245,-0.15120084123076802
3.369,0.0,0.03472222222222143,0.05730609418282384,0.0,0.0038408211346186534,-0.009994575988052496
3.37,0.0,0.03472222222222143,0.05730609418282384,0.0,-0.008418951870047372,0.17081894511044357
3.371,0.0,0.03472222222222143,-0.9426939058171762,0.0,0.008148805625704839,-0.26999078867894677
3.372,0.0,0.03472222222222143,0.05730609418282384,0.0,-0.004585099181023399,0.2684773650450914
3.373,0.0,0.03472222222222143,0.05730609418282384,0.0,0.0009189376369454574,-0.16487294777785827
3.374,0.0,0.03472222222222143,0.05730609418282384,0.0,2.1508729334213172e-05,-0.0032994828324290418
3.375,0.0,0.03472222222222143,0.05730609418282384,0.0,0.0024423366687884186,0.17316426854721503
3.376,0.0,0.03472222222222143,-0.9426939058171762,0.0,-0.006288152761326029,-0.28005202372416244
3.377,0.0,0.03472222222222143,0.05730609418282384,0.0,0.007866820543188909,0.2822034402107855
3.378,0.0,0.03472222222222143,-0.9426939058171762,0.0,-0.004113777966783599,-0.17715243157817967
3.379,0.0,0.03472222222222143,0.05730609418282384,0.0,-0.005265358372829266,0.003332254998926292
3.38,0.0,0.03472222222222143,0.05730609418282384,0.0,0.01690004113193616,0.17398571110187686
3.381,0.0,0.03472222222222143,0.05730609418282384,0.0,-0.024848444634446784,-0.2872857847873827
3.382,0.0,0.03472222222222143,0.05730609418282384,0.0,0.023380713783801153,0.29264127661613115
3.383,0.0,0.03472222222222143,0.05730609418282384,0.0,-0.010206908779807561,-0.18685502823492547
3.384,0.0,0.03472222222222143,0.05730609418282384,0.0,-0.011499104404764333,0.009172967345534348
3.385,0.0,0.03472222222222143,0.05730609418282384,0.0,0.03353078966926717,0.17330020356959316
3.386,0.0,0.03472222222222143,-0.9426939058171762,0.0,-0.04570651864214573,-0.2910606020985293
3.387,0.0,0.03472222222222143,0.05730609418282384,0.0,0.04043278063898949,0.2988382222448869
3.388,0.0,0.03472222222222143,0.05730609418282384,0.0,-0.016762985611138256,-0.19313495795680038
3.389,0.0,0.03472222222222143,0.05730609418282384,0.0,-0.018070138684333194,0.013816960651092357
3.39,0.0,0.03472222222222143,0.05730609418282384,0.0,0.05071234011612627,0.1709715680706303
3.391,0.0,0.03472222222222143,-0.9426939058171762,0.0,-0.0668339333997578,-0.29084746035146886
3.392,0.0,0.03472222222222143,0.05730609418282384,0.0,0.057370424296487095,0.3001745024401723
3.393,0.0,0.03472222222222143,-0.9426939058171762,0.0,-0.023149024378159768,-0.1955770644667442
3.394,0.0,0.03472222222222143,0.05730609418282384,0.0,-0.024347077406204433,0.01720190616005103
3.395,0.0,0.03472222222222143,0.05730609418282384,0.0,0.06680158938633803,0.16676259935675997
3.396,0.0,-0.9652777777777786,-0.9426939058171762,0.0,-0.08622108622651234,-0.28631203107994824
3.397,0.0,0.03472222222222143,0.05730609418282384,0.0,0.07259217138656854,0.29644487140505227
3.398,0.0,0.03472222222222143,0.05730609418282384,0.0,-0.028765164115397295,-0.19422607438083958
3.399,0.0,0.03472222222222143,0.05730609418282384,0.0,-0.029744845247613377,0.019573611451142798
3.4,0.0,0.03472222222222143,0.05730609418282384,0.0,0.08031100996603484,0.16041207915053415
3.401,0.0,0.03472222222222143,0.05730609418282384,0.0,-0.10209193979994201,-0.2773887710793176
3.402,0.0,0.03472222222222143,0.05730609418282384,0.0,0.08471789331926581,0.28788699639872556
3.403,0.0,0.03472222222222143,0.05730609418282384,0.0,-0.03310808081557261,-0.1895511297708513
3.404,0.0,0.03472222222222143,0.05730609418282384,0.0,-0.03378611550746277,0.021403238045693808
3.405,0.0,0.03472222222222143,0.05730609418282384,0.0,0.09006388175998549,0.15172156799519174
3.406,0.0,0.03472222222222143,0.05730609418282384,0.0,-0.11308807649302795,-0.2643236414685097
3.407,0.0,0.03472222222222143,0.05730609418282384,0.0,0.09273075100654148,0.2751523565522811
3.408,0.0,0.03472222222222143,0.05730609418282384,0.0,-0.035822328115128144,-0.18235298857818336
3.409,0.0,0.03472222222222143,0.05730609418282384,0.0,-0.03614953847759473,0.02327262393872236
3.41,0.0,0.03472222222222143,0.05730609418282384,0.0,0.09531197296307756,0.1406357752158397
3.411,0.0,0.03472222222222143,-0.9426939058171762,0.0,-0.11840296709887912,-0.24767702569794903
3.412,0.0,0.03472222222222143,0.05730609418282384,0.0,0.09607634873646857,0.2592237643592249
3.413,0.0,0.03472222222222143,-0.9426939058171762,0.0,-0.036734444545832794,-0.17362922428249694
3.414,0.0,0.03472222222222143,0.05730609418282384,0.0,-0.03670000762084329,0.025747334863616307
3.415,0.0,0.03472222222222143,0.05730609418282384,0.0,0.09580433632410852,0.12730194071620832
3.416,0.0,-0.9652777777777786,-0.9426939058171762,0.0,-0.1178538615634445,-0.22828463573747082
3.417,0.0,0.03472222222222143,0.05730609418282384,0.0,0.09471009018907009,0.2412913068131521
3.418,0.0,0.03472222222222143,0.05730609418282384,0.0,-0.035866850032713456,-0.16441827034486153
3.419,0.0,0.03472222222222143,0.05730609418282384,0.0,-0.03549844700787234,0.02925794207787624
3.42,0.0,0.03472222222222143,0.05730609418282384,0.0,0.09180187826932373,0.11209758293215706
3.421,0.0,0.03472222222222143,0.05730609418282384,0.0,-0.11188624067726606,-0.2071807667916887
3.422,0.0,0.03472222222222143,0.05730609418282384,0.0,0.08908989161821092,0.2226043956020747
3.423,0.0,0.03472222222222143,0.05730609418282384,0.0,-0.03343092464921505,-0.15564550669933727
3.424,0.0,0.03472222222222143,0.05730609418282384,0.0,-0.032790964453366565,0.0340078219949991
3.425,0.0,0.03472222222222143,0.05730609418282384,0.0,0.08403851997737558,0.09562144269090694
3.426,0.0,0.03472222222222143,0.05730609418282384,0.0,-0.10151331356688484,-0.1854941214841283
3.427,0.0,0.03472222222222143,0.05730609418282384,0.0,0.08011742539954886,0.20432083497916048
3.428,0.0,0.03472222222222143,0.05730609418282384,0.0,-0.02980091912684062,-0.14799351489901907
3.429,0.0,0.03472222222222143,0.05730609418282384,0.0,-0.02897941024816804,0.03992096080400953
3.43,0.0,0.03472222222222143,0.05730609418282384,0.0,0.07363535421106131,0.07864853983353123
3.431,0.0,0.03472222222222143,-0.9426939058171762,0.0,-0.08819971235954881,-0.16433063685701477
3.432,0.0,0.03472222222222143,0.05730609418282384,0.0,0.06903624632601953,0.18737390252041225
3.433,0.0,0.03472222222222143,-0.9426939058171762,0.0,-0.025472235437439126,-0.14181438407749686
3.434,0.0,0.03472222222222143,0.05730609418282384,0.0,-0.024577172240011207,0.04663665597115403
3.435,0.0,0.03472222222222143,0.05730609418282384,0.0,0.06197862031052421,0.06205596431923027
3.436,0.0,-0.9652777777777786,0.05730609418282384,0.0,-0.07370364394281205,-0.14465965848934847
3.437,0.0,0.03472222222222143,0.05730609418282384,0.0,0.057298986707174884,0.17237541834598694
3.438,0.0,0.03472222222222143,0.05730609418282384,0.0,-0.0210089603695175,-0.13709524162267567
3.439,0.0,0.03472222222222143,0.05730609418282384,0.0,-0.02015526548281515,0.05355069218141536
3.44,0.0,0.03472222222222143,0.05730609418282384,0.0,0.05057520356444726,0.046730461640756595
3.441,0.0,0.03472222222222143,0.05730609418282384,0.0,-0.059894912981163506,-0.12721914818120958
3.442,0.0,0.03472222222222143,0.05730609418282384,0.0,0.046418022517115354,0.15956715614429293
3.443,0.0,0.03472222222222143,0.05730609418282384,0.0,-0.016986250436449666,-0.13348006604645596
3.444,0.0,0.03472222222222143,0.05730609418282384,0.0,-0.01628437126375031,0.05989564670064988
3.445,0.0,0.03472222222222143,0.05730609418282384,0.0,0.04090058638687466,0.03347140378798835
3.446,0.0,0.03472222222222143,0.05730609418282384,0.0,-0.04856733089369387,-0.1124525393538597
3.447,0.0,0.03472222222222143,0.05730609418282384,0.0,0.037814577517118614,0.1488256215860715
3.448,0.0,0.03472222222222143,0.05730609418282384,0.0,-0.013933257401960691,-0.1303425509997391
3.449,0.0,0.03472222222222143,0.05730609418282384,0.0,-0.013478465140511292,0.06484745371501653
3.45,0.0,0.03472222222222143,0.05730609418282384,0.0,0.03425383021583595,0.022903055918738174
3.451,0.0,0.03472222222222143,-0.9426939058171762,0.0,-0.04126323583766803,-0.10048490924426516
3.452,0.0,0.03472222222222143,0.05730609418282384,0.0,0.032680314852930555,0.13971733591671698
3.453,0.0,0.03472222222222143,-0.9426939058171762,0.0,-0.01228182877653249,-0.12689755583359325
3.454,0.0,0.03472222222222143,0.05730609418282384,0.0,-0.012145134736811707,0.06764197991090594
3.455,0.0,0.03472222222222143,0.05730609418282384,0.0,0.03163251029342798,0.015408215602858663
3.456,0.0,0.03472222222222143,0.05730609418282384,0.0,-0.03912552466790164,-0.09114015059808624
3.457,0.0,0.03472222222222143,0.05730609418282384,0.0,0.031863377334908315,0.13159452572803482
3.458,0.0,0.03472222222222143,0.05730609418282384,0.0,-0.012325344148859425,-0.12233353366680114
3.459,0.0,0.03472222222222143,0.05730609418282384,0.0,-0.012546756682324831,0.06768453022051396
3.46,0.0,0.03472222222222143,0.05730609418282384,0.0,0.03363792008427253,0.011091714030292412
3.461,0.0,0.03472222222222143,0.05730609418282384,0.0,-0.04278919784819538,-0.08399477605617997
3.462,0.0,0.03472222222222143,0.05730609418282384,0.0,0.035787957713314396,0.12371561984354282
3.463,0.0,0.03472222222222143,0.05730609418282384,0.0,-0.014190903607542051,-0.1159459628560405
3.464,0.0,0.03472222222222143,0.05730609418282384,0.0,-0.014775524589193473,0.06463691085317191
3.465,0.0,0.03472222222222143,0.05730609418282384,0.0,0.04041769244551746,0.009777581598074729
3.466,0.0,0.03472222222222143,0.05730609418282384,0.0,-0.05232041432551617,-0.07845883667275062
3.467,0.0,0.03472222222222143,0.05730609418282384,0.0,0.04441318550548815,0.1153719827884961
3.468,0.0,0.03472222222222143,-0.9426939058171762,0.0,-0.017826810132670626,-0.10725247329505747
3.469,0.0,0.03472222222222143,0.05730609418282384,0.0,-0.018744033085244794,0.0584705445698983
3.47,0.0,0.03472222222222143,0.05730609418282384,0.0,0.05164959822659454,0.011038686751587338
3.471,0.0,0.03472222222222143,0.05730609418282384,0.0,-0.06720685898975315,-0.07387096839944378
3.472,0.0,0.03472222222222143,0.05730609418282384,0.0,0.05723372746474184,0.106002250255467
3.473,0.0,0.03472222222222143,0.05730609418282384,0.0,-0.023005999934027303,-0.09607384131474737
3.474,0.0,0.03472222222222143,0.05730609418282384,0.0,-0.024191836819906783,0.049479474628138835
3.475,0.0,0.03472222222222143,0.05730609418282384,0.0,0.06656695050463228,0.014253153245271356
3.476,0.0,-0.9652777777777786,0.05730609418282384,0.0,-0.08639915292987735,-0.06959328437276027
3.477,0.0,0.03472222222222143,0.05730609418282384,0.0,0.07332124888838194,0.09527838952806028
3.478,0.0,0.03472222222222143,0.05730609418282384,0.0,-0.029344855316777593,-0.08257069331894419
3.479,0.0,0.03472222222222143,0.05730609418282384,0.0,-0.030707194489052847,0.03825303700377572
3.48,0.0,0.03472222222222143,0.05730609418282384,0.0,0.08402294520236561,0.018678518384616646
3.481,0.0,0.03472222222222143,0.05730609418282384,0.0,-0.10839928811381097,-0.06509282320331701
3.482,0.0,0.03472222222222143,0.05730609418282384,0.0,0.09140291878718299,0.0831526602721889
3.483,0.0,0.03472222222222143,0.05730609418282384,0.0,-0.036335732778521576,-0.06723266622419417
3.484,0.0,0.03472222222222143,0.05730609418282384,0.0,-0.03776212182011122,0.025613608874628848
3.485,0.0,0.03472222222222143,0.05730609418282384,0.0,0.10258850984454705,0.023532857749037905
3.486,0.0,0.03472222222222143,0.05730609418282384,0.0,-0.1313887551173423,-0.05999928194037372
3.487,0.0,0.03472222222222143,0.05730609418282384,0.0,0.10997054214484006,0.0698611247842882
3.488,0.0,0.03472222222222143,0.05730609418282384,0.0,-0.043390580128132135,-0.05082382469018266
3.489,0.0,0.03472222222222143,0.05730609418282384,0.0,-0.04475793892978282,0.01252933568104638
3.49,0.0,0.03472222222222143,0.05730609418282384,0.0,0.12067586757403705,0.02807212844319053
3.491,0.0,-0.9652777777777786,-0.9426939058171762,0.0,-0.15338621698575516,-0.05413322083683859
3.492,0.0,0.03472222222222143,0.05730609418282384,0.0,0.12741171287109548,0.05588617919064931
3.493,0.0,0.03472222222222143,0.05730609418282384,0.0,-0.04989221631023651,-0.034294252951325585
3.494,0.0,0.03472222222222143,0.05730609418282384,0.0,-0.051077724388607595,1.449796856332347e-05
3.495,0.0,0.03472222222222143,0.05730609418282384,0.0,0.13667809866248642,0.031654635259189254
3.496,0.0,-0.9652777777777786,0.05730609418282384,0.0,-0.17242232221014864,-0.04750402326581939
3.497,0.0,0.03472222222222143,0.05730609418282384,0.0,0.1421526513357115,0.041886654270096135
3.498,0.0,0.03472222222222143,0.05730609418282384,0.0,-0.05524922643513198,-0.01867203125747601
3.499,0.0,0.03472222222222143,0.05730609418282384,0.0,-0.05614150446532901,-0.010969099352785047
3.5,0.0,0.03472222222222143,0.05730609418282384,0.0,0.14911356367646683,0.03378640826521998
3.501,0.0,0.03472222222222143,0.05730609418282384,0.0,-0.18671763628408203,-0.04028175113099567
3.502,0.0,0.03472222222222143,0.05730609418282384,0.0,0.15280120164719346,0.028608428543791618
3.503,0.0,0.03472222222222143,0.05730609418282384,0.0,-0.058950016059869645,-0.0049517018841904676
3.504,0.0,0.03472222222222143,0.05730609418282384,0.0,-0.05945964882350602,-0.0195976199515936
3.505,0.0,0.03472222222222143,0.05730609418282384,0.0,0.15676324695049287,0.03414482626876418
3.506,0.0,0.03472222222222143,0.05730609418282384,0.0,-0.19484884494511373,-0.03275085223248378
3.507,0.0,0.03472222222222143,0.05730609418282384,0.0,0.1582779375913971,0.01679057352236176
3.508,0.0,0.03472222222222143,0.05730609418282384,0.0,-0.06061142239046033,0.0060053449455138895
3.509,0.0,0.03472222222222143,0.05730609418282384,0.0,-0.06067986457104557,-0.025248433792156535
3.51,0.0,0.03472222222222143,0.05730609418282384,0.0,0.1587890262103592,0.03258138777105904
3.511,0.0,0.03472222222222143,0.05730609418282384,0.0,-0.19588852206492718,-0.025255858592512222
3.512,0.0,0.03472222222222143,0.05730609418282384,0.0,0.15792361085867582,0.007081578177507482
3.513,0.0,0.03472222222222143,0.05730609418282384,0.0,-0.06001745379839018,0.013546138128675403
3.514,0.0,0.03472222222222143,0.05730609418282384,0.0,-0.05962343553079998,-0.02753601275549473
3.515,0.0,0.03472222222222143,0.05730609418282384,0.0,0.1548217223323079,0.02910752031315793
3.516,0.0,-0.9652777777777786,0.05730609418282384,0.0,-0.18950504133163967,-0.018149474639199144
3.517,0.0,0.03472222222222143,0.05730609418282384,0.0,0.15157241224645343,-2.2628317954744474e-05
3.518,0.0,0.03472222222222143,0.05730609418282384,0.0,-0.05714427508932704,0.017269348528146926
3.519,0.0,0.03472222222222143,0.05730609418282384,0.0,-0.05630698947157712,-0.02631982613173276
3.52,0.0,0.03472222222222143,0.05730609418282384,0.0,0.14500964556758894,0.02386927233988072
3.521,0.0,0.03472222222222143,0.05730609418282384,0.0,-0.17601176820603373,-0.011751846529491157
3.522,0.0,0.03472222222222143,0.05730609418282384,0.0,0.139582792635976,-0.004211739900510853
3.523,0.0,0.03472222222222143,0.05730609418282384,0.0,-0.05216850185243454,0.01703437261849634
3.524,0.0,0.03472222222222143,0.05730609418282384,0.0,-0.050947110671709414,-0.021687655381608432
3.525,0.0,0.03472222222222143,0.05730609418282384,0.0,0.13002125930988642,0.017117402409516123
3.526,0.0,0.03472222222222143,0.05730609418282384,0.0,-0.15635850473302404,-0.0063267087360106625
3.527,0.0,0.03472222222222143,0.05730609418282384,0.0,0.12282088804363128,-0.005363627422428314
3.528,0.0,0.03472222222222143,0.05730609418282384,0.0,-0.04545719702716757,0.012939696459991809
3.529,0.0,0.03472222222222143,0.05730609418282384,0.0,-0.0439465201336145,-0.013920846572618965
3.53,0.0,0.03472222222222143,0.05730609418282384,0.0,0.11099942836159762,0.009178765212053934
3.531,0.0,-0.9652777777777786,0.05730609418282384,0.0,-0.13206311323245293,-0.002076151256415435
3.532,0.0,0.03472222222222143,0.05730609418282384,0.0,0.10259575104199492,-0.0035202377935618086
3.533,0.0,0.03472222222222143,0.05730609418282384,0.0,-0.03753960355687058,0.005278480459856108
3.534,0.0,0.03472222222222143,0.05730609418282384,0.0,-0.03586223466852839,-0.003449711582490724
3.535,0.0,0.03472222222222143,0.05730609418282384,0.0,0.08946924864514394,0.00043321974937836875
3.536,0.0,-0.9652777777777786,0.05730609418282384,0.0,-0.10508695872352102,0.0008482962474037709
3.537,0.0,0.03472222222222143,0.05730609418282384,0.0,0.08055028895323149,0.0011548708593081183
3.538,0.0,0.03472222222222143,0.05730609418282384,0.0,-0.02906246443344149,-0.005517871624717008
3.539,0.0,0.03472222222222143,0.05730609418282384,0.0,-0.027357943001303012,0.00919259306592585
3.54,0.0,0.03472222222222143,0.05730609418282384,0.0,0.06720625819426616,-0.008702041250025506
3.541,0.0,0.03472222222222143,0.05730609418282384,0.0,-0.0776637413126003,0.0023239492162901946
3.542,0.0,0.03472222222222143,0.05730609418282384,0.0,0.05851658180126959,0.008426389340370825
3.543,0.0,0.03472222222222143,0.05730609418282384,0.0,-0.020732588044126476,-0.01893666298235849
3.544,0.0,0.03472222222222143,0.05730609418282384,0.0,-0.01914460695729359,0.023410731803412275
3.545,0.0,0.03472222222222143,0.05730609418282384,0.0,0.04607637350034342,-0.017781315089998438
3.546,0.0,0.03472222222222143,0.05730609418282384,0.0,-0.052096759814925245,0.0022324043559821256
3.547,0.0,0.03472222222222143,0.05730609418282384,0.0,0.038348535867293275,0.018033042390245214
3.548,0.0,0.03472222222222143,0.05730609418282384,0.0,-0.013251891924906112,-0.03443125668916025
3.549,0.0,0.03472222222222143,0.05730609418282384,0.0,-0.011914786792989804,0.03857789086664603
3.55,0.0,0.03472222222222143,0.05730609418282384,0.0,0.027862593135618455,-0.026335052875086175
3.551,0.0,0.03472222222222143,0.05730609418282384,0.0,-0.0305439275219539,0.0004403471173679932
3.552,0.0,0.03472222222222143,0.05730609418282384,0.0,0.021748033459668196,0.029719529345456505
3.553,0.0,0.03472222222222143,0.05730609418282384,0.0,-0.007251278415597728,-0.05145186625156985
3.554,0.0,0.03472222222222143,0.05730609418282384,0.0,-0.006277184409673243,0.05405506567569057
3.555,0.0,0.03472222222222143,0.05730609418282384,0.0,0.014095803900724402,-0.03387438239703274
3.556,0.0,0.03472222222222143,0.05730609418282384,0.0,-0.014812280735007009,-0.003207334662167603
3.557,0.0,0.03472222222222143,0.05730609418282384,0.0,0.010102344781558198,0.04324839158083869
3.558,0.0,0.03472222222222143,0.05730609418282384,0.0,-0.0032301707146228263,-0.06945710316415607
3.559,0.0,0.03472222222222143,0.05730609418282384,0.0,-0.002698219077015393,0.06920053287484153
3.56,0.0,0.03472222222222143,0.05730609418282384,0.0,0.00590747864848173,-0.03989980516333019
3.561,0.0,0.03472222222222143,0.05730609418282384,0.0,-0.006183785862823824,-0.008877948218563907
3.562,0.0,0.03472222222222143,0.05730609418282384,0.0,0.004350211538051869,0.05839027021930694
3.563,0.0,0.03472222222222143,0.05730609418282384,0.0,-0.0015082444733411152,-0.08790819596314985
3.564,0.0,0.03472222222222143,0.05730609418282384,0.0,-0.001456993226281861,0.08337356027141266
3.565,0.0,0.03472222222222143,0.05730609418282384,0.0,0.003920442416023058,-0.04391759156454402
3.566,0.0,0.03472222222222143,0.05730609418282384,0.0,-0.005291741946684556,-0.01672441440542504
3.567,0.0,0.03472222222222143,0.05730609418282384,0.0,0.0048915681403277735,0.0748959742695544
3.568,0.0,0.03472222222222143,-0.9426939058171762,0.0,-0.0021948004387692755,-0.10625183923803844
3.569,0.0,0.03472222222222143,0.05730609418282384,0.0,-0.002618764873612653,0.09593781879845122
3.57,0.0,0.03472222222222143,0.05730609418282384,0.0,0.008190244664256531,-0.04546568025460457
3.571,0.0,0.03472222222222143,0.05730609418282384,0.0,-0.012062112748566759,-0.026845148679144986
3.572,0.0,0.03472222222222143,0.05730609418282384,0.0,0.011551490235181903,0.09245806831786375
3.573,0.0,0.03472222222222143,-0.9426939058171762,0.0,-0.005179419280109198,-0.12390037163748306
3.574,0.0,0.03472222222222143,0.05730609418282384,0.0,-0.006030121606464628,0.10627007561089442
3.575,0.0,0.03472222222222143,0.05730609418282384,0.0,0.018204338209523756,-0.04414858099192576
3.576,0.0,0.03472222222222143,0.05730609418282384,0.0,-0.02572718100445007,-0.03923726441879963
3.577,0.0,0.03472222222222143,0.05730609418282384,0.0,0.023603091188039663,0.1106724972543244
3.578,0.0,0.03472222222222143,0.05730609418282384,0.0,-0.010145209194028072,-0.14021890514939558
3.579,0.0,0.03472222222222143,0.05730609418282384,0.0,-0.011336655525275867,0.11377855502055108
3.58,0.0,0.03472222222222143,0.05730609418282384,0.0,0.03293982084351677,-0.03967833653330197
3.581,0.0,0.03472222222222143,0.05730609418282384,0.0,-0.04491078467004204,-0.05375219781745367
3.582,0.0,0.03472222222222143,0.05730609418282384,0.0,0.03984740532787606,0.12901154228594722
3.583,0.0,0.03472222222222143,0.05730609418282384,0.0,-0.016603375708561442,-0.15452794620061952
3.584,0.0,0.03472222222222143,0.05730609418282384,0.0,-0.018021356057012022,0.11793308116546913
3.585,0.0,0.03472222222222143,0.05730609418282384,0.0,0.05097372837713932,-0.03191650160191793
3.586,0.0,0.03472222222222143,0.05730609418282384,0.0,-0.06777607517974697,-0.07006345231014172
3.587,0.0,0.03472222222222143,0.05730609418282384,0.0,0.05874163791353506,0.14681795650450716
3.588,0.0,0.03472222222222143,0.05730609418282384,0.0,-0.023945338219125988,-0.16612713334602805
3.589,0.0,0.03472222222222143,0.05730609418282384,0.0,-0.025459497721050033,0.11830618662718521
3.59,0.0,0.03472222222222143,0.05730609418282384,0.0,0.07063365112191941,-0.02091077152048849
3.591,0.0,0.03472222222222143,0.05730609418282384,0.0,-0.09221931478293954,-0.08765494627889982
3.592,0.0,0.03472222222222143,0.05730609418282384,0.0,0.07856140126095505,0.16332666439727486
3.593,0.0,0.03472222222222143,-0.9426939058171762,0.0,-0.03150652153004224,-0.17434146758836352
3.594,0.0,0.03472222222222143,0.05730609418282384,0.0,-0.03298382816287413,0.1146213303222064
3.595,0.0,0.03472222222222143,0.05730609418282384,0.0,0.09017161593425702,-0.00691963226565147
3.596,0.0,-0.9652777777777786,0.05730609418282384,0.0,-0.11608771008560684,-0.10583557114455848
3.597,0.0,0.03472222222222143,0.05730609418282384,0.0,0.09757848090868132,0.17771549713039264
3.598,0.0,0.03472222222222143,0.05730609418282384,0.0,-0.03863455153916649,-0.17858657663067695
3.599,0.0,0.03472222222222143,0.05730609418282384,0.0,-0.039952630864566276,0.10680178958146297
3.6,0.0,0.03472222222222143,0.05730609418282384,0.0,0.1079414064367325,0.00958068621666959
3.601,0.0,0.03472222222222143,0.05730609418282384,0.0,-0.13739643778589083,-0.12378147886097773
3.602,0.0,0.03472222222222143,0.05730609418282384,0.0,0.11423386263055638,0.1891809133087034
3.603,0.0,0.03472222222222143,0.05730609418282384,0.0,-0.044754082315168746,-0.17844500032727756
3.604,0.0,0.03472222222222143,0.05730609418282384,0.0,-0.04581292467073064,0.09501217904680352
3.605,0.0,0.03472222222222143,0.05730609418282384,0.0,0.12255919011284204,0.027910689899695768
3.606,0.0,0.03472222222222143,0.05730609418282384,0.0,-0.1545202789052429,-0.1406029945501747
3.607,0.0,0.03472222222222143,0.05730609418282384,0.0,0.12728647669292387,0.1970294907363183
3.608,0.0,0.03472222222222143,0.05730609418282384,0.0,-0.04942095658247425,-0.17374205083739944
3.609,0.0,0.03472222222222143,0.05730609418282384,0.0,-0.050151722315195914,0.07968425067855125
3.61,0.0,0.03472222222222143,0.05730609418282384,0.0,0.1330295521460318,0.04722450536696547
3.611,0.0,-0.9652777777777786,-0.9426939058171762,0.0,-0.16633863734405258,-0.1554286783520693
3.612,0.0,0.03472222222222143,0.05730609418282384,0.0,0.1359213064989725,0.20077209958237613
3.613,0.0,0.03472222222222143,-0.9426939058171762,0.0,-0.052359797208469214,-0.1646081565327908
3.614,0.0,0.03472222222222143,0.05730609418282384,0.0,-0.052729821376315184,0.061519777093354266
3.615,0.0,0.03472222222222143,0.05730609418282384,0.0,0.1388235186911778,0.06656702128332759
3.616,0.0,-0.9652777777777786,-0.9426939058171762,0.0,-0.17231874231657088,-0.16749570290511454
3.617,0.0,0.03472222222222143,0.05730609418282384,0.0,0.1398057460895322,0.20020581563357173
3.618,0.0,0.03472222222222143,-0.9426939058171762,0.0,-0.05348125863992713,-0.15151512596752667
3.619,0.0,0.03472222222222143,0.05730609418282384,0.0,-0.05349483741906847,0.041465807317111074
3.62,0.0,0.03472222222222143,0.05730609418282384,0.0,0.13990128707349495,0.08494615972692703
3.621,0.0,0.03472222222222143,0.05730609418282384,0.0,-0.17252971287311228,-0.17623397538160374
3.622,0.0,0.03472222222222143,0.05730609418282384,0.0,0.13908966890602512,0.19546921272277198
3.623,0.0,0.03472222222222143,0.05730609418282384,0.0,-0.0528777460950944,-0.13527649344753437
3.624,0.0,0.03472222222222143,0.05730609418282384,0.0,-0.052572808498742296,0.02066107787081716
3.625,0.0,0.03472222222222143,0.05730609418282384,0.0,0.1366793369592086,0.10141279108374501
3.626,0.0,-0.9652777777777786,0.05730609418282384,0.0,-0.167588829182177,-0.1813316595435745
3.627,0.0,0.03472222222222143,0.05730609418282384,0.0,0.1343516975553461,0.18705969376361606
3.628,0.0,0.03472222222222143,0.05730609418282384,0.0,-0.05079908714785923,-0.11700668981272618
3.629,0.0,0.03472222222222143,0.05730609418282384,0.0,-0.050240348725124624,0.00035635754360979164
3.63,0.0,0.03472222222222143,0.05730609418282384,0.0,0.12994843520761887,0.1151394483765371
3.631,0.0,0.03472222222222143,0.05730609418282384,0.0,-0.15854964069802768,-0.18277196351322053
3.632,0.0,0.03472222222222143,0.05730609418282384,0.0,0.1265006951918423,0.1758065782240965
3.633,0.0,0.03472222222222143,0.05730609418282384,0.0,-0.04761205563813833,-0.09803956160443607
3.634,0.0,0.03472222222222143,0.05730609418282384,0.0,-0.046881652080144415,-0.018184598549397305
3.635,0.0,0.03472222222222143,0.05730609418282384,0.0,0.12075485652114737,0.12548886318439653
3.636,0.0,0.03472222222222143,-0.9426939058171762,0.0,-0.14674834634269665,-0.18083494129776143
3.637,0.0,0.03472222222222143,0.05730609418282384,0.0,0.11664667133649353,0.16280000863558342
3.638,0.0,0.03472222222222143,0.05730609418282384,0.0,-0.0437494846304782,-0.07981286306485837
3.639,0.0,0.03472222222222143,0.05730609418282384,0.0,-0.042936343345818063,-0.03379361141661425
3.64,0.0,0.03472222222222143,0.05730609418282384,0.0,0.11026117123161115,0.13206446385260792
3.641,0.0,0.03472222222222143,0.05730609418282384,0.0,-0.13362933522932102,-0.1760630171227593
3.642,0.0,0.03472222222222143,0.05730609418282384,0.0,0.10595845397791641,0.14928238726745252
3.643,0.0,0.03472222222222143,0.05730609418282384,0.0,-0.03965573433317265,-0.06373081440316786
3.644,0.0,0.03472222222222143,0.05730609418282384,0.0,-0.038845032425327886,-0.045504290429289246
3.645,0.0,0.03472222222222143,0.05730609418282384,0.0,0.09960471607100502,0.1347371794459319
3.646,0.0,0.03472222222222143,0.05730609418282384,0.0,-0.12057235714632068,-0.16919420339655178
3.647,0.0,0.03472222222222143,0.05730609418282384,0.0,0.09552626928174045,0.13651495155586332
3.648,0.0,0.03472222222222143,0.05730609418282384,0.0,-0.03573539247146022,-0.05102077650048847
3.649,0.0,0.03472222222222143,0.05730609418282384,0.0,-0.03499936547240423,-0.052643577981171676
3.65,0.0,0.03472222222222143,0.05730609418282384,0.0,0.08977120891168244,0.13364584658751597
3.651,0.0,-0.9652777777777786,-0.9426939058171762,0.0,-0.10874239511367925,-0.16107171225536665
3.652,0.0,0.03472222222222143,0.05730609418282384,0.0,0.0862457752056848,0.1256362883328115
3.653,0.0,0.03472222222222143,0.05730609418282384,0.0,-0.032311300039606215,-0.042601872560325445
3.654,0.0,0.03472222222222143,0.05730609418282384,0.0,-0.03170242616926359,-0.05489751266964705
3.655,0.0,0.03472222222222143,0.05730609418282384,0.0,0.08149808138727666,0.12917178008034594
3.656,0.0,0.03472222222222143,-0.9426939058171762,0.0,-0.09897925058090722,-0.15254210682581665
3.657,0.0,0.03472222222222143,0.05730609418282384,0.0,0.07873643264757889,0.11753137453930716
3.658,0.0,0.03472222222222143,0.05730609418282384,0.0,-0.02959645972848913,-0.03898265118740145
3.659,0.0,0.03472222222222143,0.05730609418282384,0.0,-0.029143688197085557,-0.05234282624876791
3.66,0.0,0.03472222222222143,0.05730609418282384,0.0,0.07521747306754777,0.12189116730895752
3.661,0.0,0.03472222222222143,0.05730609418282384,0.0,-0.09173779417643467,-0.14435575894543465
3.662,0.0,0.03472222222222143,0.05730609418282384,0.0,0.07330195695529984,0.11272879125212792
3.663,0.0,0.03472222222222143,0.05730609418282384,0.0,-0.02768234018934628,-0.04020167471874454
3.664,0.0,0.03472222222222143,0.05730609418282384,0.0,-0.027390611461063766,-0.04543989468378747
3.665,0.0,0.03472222222222143,0.05730609418282384,0.0,0.07104316461001564,0.11251144910185767
3.666,0.0,0.03472222222222143,0.05730609418282384,0.0,-0.0870826938415164,-0.13708292942203362
3.667,0.0,0.03472222222222143,0.05730609418282384,0.0,0.06993473816966399,0.11134019247646275
3.668,0.0,0.03472222222222143,0.05730609418282384,0.0,-0.02654383698989417,-0.045819652008079
3.669,0.0,0.03472222222222143,0.05730609418282384,0.0,-0.026396715803409417,-0.03498712594744702
3.67,0.0,0.03472222222222143,0.05730609418282384,0.0,0.06879983763027121,0.101799433849408
3.671,0.0,-0.9652777777777786,-0.9426939058171762,0.0,-0.0847342199814668,-0.13105635518097178
3.672,0.0,0.03472222222222143,0.05730609418282384,0.0,0.06836037050822924,0.11305043844161769
3.673,0.0,0.03472222222222143,0.05730609418282384,0.0,-0.026059002439003453,-0.05496515335270977
3.674,0.0,0.03472222222222143,0.05730609418282384,0.0,-0.026023865786650523,-0.022041475749396716
3.675,0.0,0.03472222222222143,0.05730609418282384,0.0,0.06808773138250689,0.0905093901783676
3.676,0.0,0.03472222222222143,0.05730609418282384,0.0,-0.08415540507108735,-0.12634722296814246
3.677,0.0,0.03472222222222143,0.05730609418282384,0.0,0.06811354548618989,0.11715987538138772
3.678,0.0,0.03472222222222143,0.05730609418282384,0.0,-0.0260398892713473,-0.06642898795985717
3.679,0.0,0.03472222222222143,0.05730609418282384,0.0,-0.026074826459365315,-0.007813822729111462
3.68,0.0,0.03472222222222143,0.05730609418282384,0.0,0.06837168638811518,0.07931878186747154
3.681,0.0,-0.9652777777777786,0.05730609418282384,0.0,-0.08466617887401712,-0.12277648626840194
3.682,0.0,0.03472222222222143,0.05730609418282384,0.0,0.06863312523256415,0.1226731061324675
3.683,0.0,0.03472222222222143,0.05730609418282384,0.0,-0.026269674093965235,-0.07879599217619519
3.684,0.0,0.03472222222222143,0.05730609418282384,0.0,-0.026331094044558596,0.00644912374711854
3.685,0.0,0.03472222222222143,0.05730609418282384,0.0,0.06908117303981026,0.06877781257814568
3.686,0.0,0.03472222222222143,0.05730609418282384,0.0,-0.08556760362249828,-0.11995842956777139
3.687,0.0,0.03472222222222143,0.05730609418282384,0.0,0.06936256984209314,0.1284223224617333
3.688,0.0,0.03472222222222143,0.05730609418282384,0.0,-0.026540746848873763,-0.09059817719375779
3.689,0.0,0.03472222222222143,0.05730609418282384,0.0,-0.026590660478629943,0.01958324070915525
3.69,0.0,0.03472222222222143,0.05730609418282384,0.0,0.06970738642448016,0.059276824634696634
3.691,0.0,0.03472222222222143,0.05730609418282384,0.0,-0.08625915975928433,-0.1173689914413095
3.692,0.0,0.03472222222222143,0.05730609418282384,0.0,0.06984212247400569,0.13320879122788906
3.693,0.0,0.03472222222222143,-0.9426939058171762,0.0,-0.026688680605726888,-0.10047059449992037
3.694,0.0,0.03472222222222143,0.05730609418282384,0.0,-0.026700726934586742,0.030612762282730743
3.695,0.0,0.03472222222222143,0.05730609418282384,0.0,0.06988476789724739,0.051033197971269
3.696,0.0,0.03472222222222143,-0.9426939058171762,0.0,-0.08633402148599782,-0.11442828359932133
3.697,0.0,0.03472222222222143,0.05730609418282384,0.0,0.06978107949099425,0.13594404183463252
3.698,0.0,0.03472222222222143,0.05730609418282384,0.0,-0.026617845193939064,-0.10729124043495442
3.699,0.0,0.03472222222222143,0.05730609418282384,0.0,-0.026581336879985137,0.03883218951539737
3.7,0.0,0.03472222222222143,0.05730609418282384,0.0,0.06944707933498794,0.04409707681641741
3.701,0.0,0.03472222222222143,0.05730609418282384,0.0,-0.08564098083285347,-0.11058540752040678
3.702,0.0,0.03472222222222143,0.05730609418282384,0.0,0.06910170494824788,0.13577294228246314
3.703,0.0,0.03472222222222143,0.05730609418282384,0.0,-0.026315738655455265,-0.11028880216806719
3.704,0.0,0.03472222222222143,0.05730609418282384,0.0,-0.026237282974200436,0.043856204518846274
3.705,0.0,0.03472222222222143,0.05730609418282384,0.0,0.06845193349921885,0.03837331064869823
3.706,0.0,0.03472222222222143,0.05730609418282384,0.0,-0.08430651497704664,-0.10539419246593548
3.707,0.0,0.03472222222222143,0.05730609418282384,0.0,0.06795037285588294,0.13216400299430212
3.708,0.0,0.03472222222222143,0.05730609418282384,0.0,-0.02585467920288875,-0.10910664165110623
3.709,0.0,0.03472222222222143,0.05730609418282384,0.0,-0.025757245538207574,0.04563342841523612
3.71,0.0,0.03472222222222143,0.05730609418282384,0.0,0.06717191909250503,0.03365563098086486
3.711,0.0,0.03472222222222143,0.05730609418282384,0.0,-0.08271575227672989,-0.09857066534159643
3.712,0.0,0.03472222222222143,0.05730609418282384,0.0,0.06667577543441548,0.12495735227944826
3.713,0.0,0.03472222222222143,0.05730609418282384,0.0,-0.025381113965675623,-0.10381741649911135
3.714,0.0,0.03472222222222143,0.05730609418282384,0.0,-0.025300729927478373,0.044424202640783804
3.715,0.0,0.03472222222222143,0.05730609418282384,0.0,0.06605460217250143,0.02966837507718433
3.716,0.0,0.03472222222222143,-0.9426939058171762,0.0,-0.08145611200194941,-0.09002645323373612
3.717,0.0,0.03472222222222143,0.05730609418282384,0.0,0.06577799611232979,0.11436703796954224
3.718,0.0,0.03472222222222143,-0.9426939058171762,0.0,-0.025094265708642795,-0.0948892550430688
3.719,0.0,0.03472222222222143,0.05730609418282384,0.0,-0.02507479683804109,0.04074672439422766
3.72,0.0,0.03472222222222143,0.05730609418282384,0.0,0.06565726441140944,0.026110974033678992
3.721,0.0,-0.9652777777777786,0.05730609418282384,0.0,-0.08123161601546917,-0.0798762752835509
3.722,0.0,0.03472222222222143,0.05730609418282384,0.0,0.06583548823596767,0.1009406366148446
3.723,0.0,0.03472222222222143,0.05730609418282384,0.0,-0.025217003745111283,-0.08311049775462691
3.724,0.0,0.03472222222222143,0.05730609418282384,0.0,-0.025303680094916084,0.03529932377194841
3.725,0.0,0.03472222222222143,0.05730609418282384,0.0,0.06656490889218843,0.02270081767677386
3.726,0.0,0.03472222222222143,0.05730609418282384,0.0,-0.08275890901035782,-0.0684215055397066
3.727,0.0,0.03472222222222143,0.05730609418282384,0.0,0.06741924047038901,0.08548462729170841
3.728,0.0,0.03472222222222143,0.05730609418282384,0.0,-0.025962594359291526,-0.06948484649281073
3.729,0.0,0.03472222222222143,0.05730609418282384,0.0,-0.026195074385337296,0.028869039477839472
3.73,0.0,0.03472222222222143,0.05730609418282384,0.0,0.06930163202454658,0.01921081503352549
3.731,0.0,-0.9652777777777786,0.05730609418282384,0.0,-0.08665767619750314,-0.056114854476346926
3.732,0.0,0.03472222222222143,0.05730609418282384,0.0,0.07100451540967666,0.06896782438391165
3.733,0.0,0.03472222222222143,0.05730609418282384,0.0,-0.02750132038684329,-0.05511170591441377
3.734,0.0,0.03472222222222143,0.05730609418282384,0.0,-0.02790712177997176,0.022237696423060234
3.735,0.0,0.03472222222222143,0.05730609418282384,0.0,0.07424587898025263,0.015498806357793734
3.736,0.0,0.03472222222222143,0.05730609418282384,0.0,-0.09334838927975492,-0.043513074523576105
3.737,0.0,0.03472222222222143,0.05730609418282384,0.0,0.07689052518450515,0.05241687927019401
3.738,0.0,0.03472222222222143,0.05730609418282384,0.0,-0.029930870896067042,-0.04106724533099993
3.739,0.0,0.03472222222222143,0.05730609418282384,0.0,-0.030519951345214937,0.016096354709248178
3.74,0.0,0.03472222222222143,0.05730609418282384,0.0,0.08155944535946524,0.011526809101720669
3.741,0.0,0.03472222222222143,0.05730609418282384,0.0,-0.10296926139497695,-0.03122504772756594
3.742,0.0,0.03472222222222143,0.05730609418282384,0.0,0.08513737092535975,0.03681734381624683
3.743,0.0,0.03472222222222143,0.05730609418282384,0.0,-0.03325393982571599,-0.0283002848774939
3.744,0.0,0.03472222222222143,0.05730609418282384,0.0,-0.0340150874941265,0.010977402047371238
3.745,0.0,0.03472222222222143,0.05730609418282384,0.0,0.09113852102485671,0.0073688201578380064
3.746,0.0,0.03472222222222143,0.05730609418282384,0.0,-0.11532216371672628,-0.019861743019811393
3.747,0.0,0.03472222222222143,0.05730609418282384,0.0,0.09552770542799584,0.02303130372383131
3.748,0.0,0.03472222222222143,0.05730609418282384,0.0,-0.0373657098848983,-0.017553870571164944
3.749,0.0,0.03472222222222143,0.05730609418282384,0.0,-0.03826521801520827,0.007210964549748319
3.75,0.0,0.03472222222222143,0.05730609418282384,0.0,0.1025928019805011,0.003206548502163267
3.751,0.0,0.03472222222222143,0.05730609418282384,0.0,-0.1298543143238823,-0.009992667668467712
3.752,0.0,0.03472222222222143,0.05730609418282384,0.0,0.10755809698224222,0.011738715740652415
3.753,0.0,0.03472222222222143,0.05730609418282384,0.0,-0.04205291794530176,-0.009318954348357084
3.754,0.0,0.03472222222222143,0.05730609418282384,0.0,-0.04303578821597212,0.004909081757065287
3.755,0.0,0.03472222222222143,0.05730609418282384,0.0,0.11525594717147197,-0.0006869246921860941
3.756,0.0,-0.9652777777777786,0.05730609418282384,0.0,-0.14567907047518566,-0.0021110873383803214
3.757,0.0,0.03472222222222143,0.05730609418282384,0.0,0.12046219974514344,0.0034050971411183403
3.758,0.0,0.03472222222222143,0.05730609418282384,0.0,-0.04700508430637752,-0.0038216872253833936
3.759,0.0,0.03472222222222143,0.05730609418282384,0.0,-0.04799874898988348,0.003977649086700026
3.76,0.0,0.03472222222222143,0.05730609418282384,0.0,0.12822764922743313,-0.00397487759210239
3.761,0.0,0.03472222222222143,0.05730609418282384,0.0,-0.16163540725232153,0.0033919776051065473
3.762,0.0,0.03472222222222143,0.05730609418282384,0.0,0.13326478687929055,-0.001726050993347263
3.763,0.0,0.03472222222222143,0.05730609418282384,0.0,-0.05183732102618409,-0.0010412336571545347
3.764,0.0,0.03472222222222143,0.05730609418282384,0.0,-0.05275761528257158,0.004152888869917806
3.765,0.0,0.03472222222222143,0.05730609418282384,0.0,0.14044453082112648,-0.00629456541271089
3.766,0.0,-0.9652777777777786,0.05730609418282384,0.0,-0.176381904565371,0.006246638968040988
3.767,0.0,0.03472222222222143,0.05730609418282384,0.0,0.14486268201042884,-0.003621021966858387
3.768,0.0,0.03472222222222143,0.05730609418282384,0.0,-0.05612299150125954,-0.0007513842993453985
3.769,0.0,0.03472222222222143,0.05730609418282384,0.0,-0.056881865292032194,0.005056430832980641
3.77,0.0,0.03472222222222143,0.05730609418282384,0.0,0.15077417402762888,-0.007302223371405097
3.771,0.0,0.03472222222222143,0.05730609418282384,0.0,-0.1885175406243987,0.006318283145962085
3.772,0.0,0.03472222222222143,0.05730609418282384,0.0,0.15412583464153765,-0.0024306818387647066
3.773,0.0,0.03472222222222143,-0.9426939058171762,0.0,-0.05943345222306322,-0.0025770378638350624
3.774,0.0,0.03472222222222143,0.05730609418282384,0.0,-0.05994770718692147,0.00626123432894838
3.775,0.0,0.03472222222222143,0.05730609418282384,0.0,0.15812404302903185,-0.006721836894029517
3.776,0.0,-0.9652777777777786,0.05730609418282384,0.0,-0.19671855743508138,0.0036189824413265246
3.777,0.0,0.03472222222222143,-0.9426939058171762,0.0,0.16000943354678807,0.0015407346890376774
3.778,0.0,0.03472222222222143,0.05730609418282384,0.0,-0.06138124860692508,-0.006056028520016211
3.779,0.0,0.03472222222222143,0.05730609418282384,0.0,-0.06158143865527472,0.007359723875122658
3.78,0.0,0.03472222222222143,0.05730609418282384,0.0,0.1615550819882384,-0.0043929611523424485
3.781,0.0,0.03472222222222143,-0.9426939058171762,0.0,-0.1998783862573802,-0.001683097719927925
3.782,0.0,0.03472222222222143,0.05730609418282384,0.0,0.16166625391190684,0.007867075627323594
3.783,0.0,0.03472222222222143,0.05730609418282384,0.0,-0.06166254332419963,-0.010697700965682172
3.784,0.0,0.03472222222222143,0.05730609418282384,0.0,-0.06150110627547291,0.008025671327001818
3.785,0.0,0.03472222222222143,0.05730609418282384,0.0,0.16038857428589312,-0.000312004045847042
3.786,0.0,0.03472222222222143,0.05730609418282384,0.0,-0.19723636298958577,-0.009257403724732818
3.787,0.0,0.03472222222222143,0.05730609418282384,0.0,0.15854760225107678,0.0160285786047399
3.788,0.0,0.03472222222222143,0.05730609418282384,0.0,-0.06009430906146812,-0.016031743423915664
3.789,0.0,0.03472222222222143,0.05730609418282384,0.0,-0.05955201382021072,0.00806246303954314
3.79,0.0,0.03472222222222143,0.05730609418282384,0.0,0.15429463665210774,0.005338995121125684
3.791,0.0,-0.9652777777777786,0.05730609418282384,0.0,-0.18848096577985057,-0.018610768485415898
3.792,0.0,0.03472222222222143,0.05730609418282384,0.0,0.1504814458803611,0.025436408210786444
3.793,0.0,0.03472222222222143,0.05730609418282384,0.0,-0.05664198737306505,-0.021643572466097674
3.794,0.0,0.03472222222222143,0.05730609418282384,0.0,-0.05573189411659235,0.007432264299101213
3.795,0.0,0.03472222222222143,0.05730609418282384,0.0,0.1433516471897945,0.012181715450082727
3.796,0.0,-0.9652777777777786,0.05730609418282384,0.0,-0.17381474563091004,-0.029097501932974088
3.797,0.0,0.03472222222222143,0.05730609418282384,0.0,0.1377177185239951,0.03545528434690538
3.798,0.0,0.03472222222222143,0.05730609418282384,0.0,-0.05143394415529992,-0.027195447474757557
3.799,0.0,0.03472222222222143,0.05730609418282384,0.0,-0.050202282251786544,0.006262993568632552
3.8,0.0,0.03472222222222143,0.05730609418282384,0.0,0.1280680408578014,0.019653424678730456
3.801,0.0,0.03472222222222143,0.05730609418282384,0.0,-0.15397105656654725,-0.03994428098096034
3.802,0.0,0.03472222222222143,0.05730609418282384,0.0,0.12093340682208673,0.04542764320392875
3.803,0.0,0.03472222222222143,0.05730609418282384,0.0,-0.044760140955254046,-0.032434941288659785
3.804,0.0,0.03472222222222143,0.05730609418282384,0.0,-0.043283799026673925,0.004832665352475611
3.805,0.0,0.03472222222222143,0.05730609418282384,0.0,0.10936119688128682,0.027043609094843015
3.806,0.0,0.03472222222222143,0.05730609418282384,0.0,-0.1301770241238375,-0.05029322252514139
3.807,0.0,0.03472222222222143,0.05730609418282384,0.0,0.10119373230338284,0.05470303534395952
3.808,0.0,0.03472222222222143,0.05730609418282384,0.0,-0.03705393500321222,-0.03719400689675822
3.809,0.0,0.03472222222222143,0.05730609418282384,0.0,-0.03543460661436692,0.003533265222681771
3.81,0.0,0.03472222222222143,0.05730609418282384,0.0,0.08849238378594956,0.03355466577008763
3.811,0.0,0.03472222222222143,0.05730609418282384,0.0,-0.10406262409228947,-0.05926408106470532
3.812,0.0,0.03472222222222143,0.05730609418282384,0.0,0.07987027745006138,0.06267529578095475
3.813,0.0,0.03472222222222143,0.05730609418282384,0.0,-0.028857702239468964,-0.0413824590433123
3.814,0.0,0.03472222222222143,0.05730609418282384,0.0,-0.027213105669752023,0.002818616635450522
3.815,0.0,0.03472222222222143,0.05730609418282384,0.0,0.06696155094364223,0.038382551283121256
3.816,0.0,-0.9652777777777786,0.05730609418282384,0.0,-0.07752178272374102,-0.06603303485972152
3.817,0.0,0.03472222222222143,0.05730609418282384,0.0,0.05852183146044241,0.06882763442019157
3.818,0.0,0.03472222222222143,0.05730609418282384,0.0,-0.020774869837925456,-0.04497926220638329
3.819,0.0,0.03472222222222143,0.05730609418282384,0.0,-0.019227819931017933,0.0031424626901752745
3.82,0.0,0.03472222222222143,0.05730609418282384,0.0,0.04637064857759044,0.0408098613956453
3.821,0.0,0.03472222222222143,0.05730609418282384,0.0,-0.05253739162191345,-0.0699215927387374
3.822,0.0,0.03472222222222143,0.05730609418282384,0.0,0.03874849200795255,0.07278270175356112
3.823,0.0,0.03472222222222143,0.05730609418282384,0.0,-0.013412725857864561,-0.04802381891025594
3.824,0.0,0.03472222222222143,0.05730609418282384,0.0,-0.012079135132711732,0.004894053228954013
3.825,0.0,0.03472222222222143,0.05730609418282384,0.0,0.028268514383865156,0.04030093346438241
3.826,0.0,0.03472222222222143,0.05730609418282384,0.0,-0.030987291259545913,-0.07048553115335233
3.827,0.0,0.03472222222222143,0.05730609418282384,0.0,0.022033527688888603,0.07435159324460872
3.828,0.0,0.03472222222222143,0.05730609418282384,0.0,-0.007321802258832286,-0.05060787136775611
3.829,0.0,0.03472222222222143,0.05730609418282384,0.0,-0.006298884493286587,0.008338806054280964
3.83,0.0,0.03472222222222143,0.05730609418282384,0.0,0.013993559018090573,0.03658676701151032
3.831,0.0,0.03472222222222143,-0.9426939058171762,0.0,-0.014451851909443054,-0.06759126553464026
3.832,0.0,0.03472222222222143,0.05730609418282384,0.0,0.009590073968518256,0.0735734350264034
3.833,0.0,0.03472222222222143,-0.9426939058171762,0.0,-0.00293847663647591,-0.052867116197520554
3.834,0.0,0.03472222222222143,0.05730609418282384,0.0,-0.0022944846152274105,0.013571084152678312
3.835,0.0,0.03472222222222143,0.05730609418282384,0.0,0.0045319643217494425,0.02972729940704743
3.836,0.0,0.03472222222222143,0.05730609418282384,0.0,-0.004045122283928336,-0.06146636575021559
3.837,0.0,0.03472222222222143,0.05730609418282384,0.0,0.0022304100737461185,0.07073631453164057
3.838,0.0,0.03472222222222143,0.05730609418282384,0.0,-0.000537532470801357,-0.05497060528610744
3.839,0.0,0.03472222222222143,0.05730609418282384,0.0,-0.000304262556316446,0.02048485794119701
3.84,0.0,0.03472222222222143,0.05730609418282384,0.0,0.0004084981258425259,0.020140113374186298
3.841,0.0,0.03472222222222143,0.05730609418282384,0.0,-0.00029021134933120114,-0.05271247475933716
3.842,0.0,0.03472222222222143,0.05730609418282384,0.0,0.00027405966812834117,0.06637131059030717
3.843,0.0,0.03472222222222143,0.05730609418282384,0.0,-0.00020066824637040008,-0.057105763096911316
3.844,0.0,0.03472222222222143,0.05730609418282384,0.0,-0.00036970697249279915,0.02876613195800167
3.845,0.0,0.03472222222222143,0.05730609418282384,0.0,0.001624221603700432,0.008587989873828472
3.846,0.0,0.03472222222222143,0.05730609418282384,0.0,-0.0030555340654853896,-0.0422727419826681
3.847,0.0,0.03472222222222143,0.05730609418282384,0.0,0.003507267134698372,0.06121431805034185
3.848,0.0,0.03472222222222143,0.05730609418282384,0.0,-0.0018053740647324024,-0.05945750328433331
3.849,0.0,0.03472222222222143,0.05730609418282384,0.0,-0.002328666510578965,0.03790869758678173
3.85,0.0,0.03472222222222143,0.05730609418282384,0.0,0.007650497183468572,-0.003877440394879601
3.851,0.0,0.03472222222222143,0.05730609418282384,0.0,-0.011562086038625482,-0.031351676154550055
3.852,0.0,0.03472222222222143,0.05730609418282384,0.0,0.01120082965073832,0.056134940079568055
3.853,0.0,0.03472222222222143,0.05730609418282384,0.0,-0.005036342145512064,-0.06218137385548718
3.854,0.0,0.03472222222222143,0.05730609418282384,0.0,-0.005831169527485039,0.04725225956426921
3.855,0.0,0.03472222222222143,0.05730609418282384,0.0,0.017482285674593857,-0.0160129219929086
3.856,0.0,0.03472222222222143,0.05730609418282384,0.0,-0.024463692959490937,-0.021292298102206855
3.857,0.0,0.03472222222222143,0.05730609418282384,0.0,0.02218641863511268,0.05203726323920917
3.858,0.0,0.03472222222222143,0.05730609418282384,0.0,-0.00941889793264422,-0.06537260187995547
3.859,0.0,0.03472222222222143,0.05730609418282384,0.0,-0.010376820494065065,0.05603953033369188
3.86,0.0,0.03472222222222143,0.05730609418282384,0.0,0.029746507256187348,-0.0265127290300465
3.861,0.0,0.03472222222222143,0.05730609418282384,0.0,-0.03999319908347618,-0.013422578383187196
3.862,0.0,0.03472222222222143,0.05730609418282384,0.0,0.03498424496782624,0.049742901850953286
3.863,0.0,0.03472222222222143,0.05730609418282384,0.0,-0.014371167574664175,-0.06903490690766265
3.864,0.0,0.03472222222222143,0.05730609418282384,0.0,-0.015369986156076527,0.06348674965549732
3.865,0.0,0.03472222222222143,0.05730609418282384,0.0,0.042854166416417414,-0.034155611671267815
3.866,0.0,0.03472222222222143,0.05730609418282384,0.0,-0.0561589960904601,-0.008889191766890509
3.867,0.0,0.03472222222222143,0.05730609418282384,0.0,0.04796818220132088,0.049871261185965673
3.868,0.0,0.03472222222222143,0.05730609418282384,0.0,-0.019269210598227705,-0.073054514073285
3.869,0.0,0.03472222222222143,0.05730609418282384,0.0,-0.020186594792662056,0.068860499728895
3.87,0.0,0.03472222222222143,0.05730609418282384,0.0,0.05517898973093624,-0.03795178982422831
3.871,0.0,0.03472222222222143,0.05730609418282384,0.0,-0.07096935655413864,-0.008500490052035807
3.872,0.0,0.03472222222222143,0.05730609418282384,0.0,0.059549223909008034,0.05273456856630917
3.873,0.0,0.03472222222222143,-0.9426939058171762,0.0,-0.023517503895434704,-0.07718547782852771
3.874,0.0,0.03472222222222143,0.05730609418282384,0.0,-0.024244685947839496,0.07155283153704486
3.875,0.0,0.03472222222222143,0.05730609418282384,0.0,0.06524138516712209,-0.0372708975134314
3.876,0.0,-0.9652777777777786,0.05730609418282384,0.0,-0.08265777612238474,-0.01260143416279052
3.877,0.0,0.03472222222222143,0.05730609418282384,0.0,0.0683552227791819,0.05826516864388519
3.878,0.0,0.03472222222222143,0.05730609418282384,0.0,-0.026616254090302143,-0.08105192320816962
3.879,0.0,0.03472222222222143,0.05730609418282384,0.0,-0.02707013687611593,0.07114670798652792
3.88,0.0,0.03472222222222143,0.05730609418282384,0.0,0.0718752521023891,-0.031933063333434944
3.881,0.0,0.03472222222222143,0.05730609418282384,0.0,-0.08988167024001333,-0.02100061943714633
3.882,0.0,0.03472222222222143,0.05730609418282384,0.0,0.07338475885828846,0.06598959720866798
3.883,0.0,0.03472222222222143,0.05730609418282384,0.0,-0.028217210002238164,-0.0841710373498091
3.884,0.0,0.03472222222222143,0.05730609418282384,0.0,-0.028349400206926677,0.06746462791800635
3.885,0.0,0.03472222222222143,0.05730609418282384,0.0,0.0743568507432447,-0.022249224166596204
3.886,0.0,0.03472222222222143,0.05730609418282384,0.0,-0.09186958359469258,-0.03296359789685608
3.887,0.0,0.03472222222222143,0.05730609418282384,0.0,0.07411584685296556,0.07505825314060488
3.888,0.0,0.03472222222222143,0.05730609418282384,0.0,-0.028160963409912337,-0.08599776379423742
3.889,0.0,0.03472222222222143,0.05730609418282384,0.0,-0.027962603853137,0.06059495126602205
3.89,0.0,0.03472222222222143,0.05730609418282384,0.0,0.07247946024094835,-0.009002901849510563
3.891,0.0,0.03472222222222143,0.05730609418282384,0.0,-0.0884983006488809,-0.04727812835757309
3.892,0.0,0.03472222222222143,0.05730609418282384,0.0,0.07055572695569953,0.08433178716914731
3.893,0.0,0.03472222222222143,-0.9426939058171762,0.0,-0.026491020348668255,-0.0859885682176459
3.894,0.0,0.03472222222222143,0.05730609418282384,0.0,-0.025992815852059103,0.05089273621737116
3.895,0.0,0.03472222222222143,0.05730609418282384,0.0,0.06656437979081135,0.006626749966600106
3.896,0.0,-0.9652777777777786,0.05730609418282384,0.0,-0.08029013258500207,-0.06238692942436892
3.897,0.0,0.03472222222222143,0.05730609418282384,0.0,0.06322549877689985,0.0925167261877606
3.898,0.0,0.03472222222222143,0.05730609418282384,0.0,-0.02344290458509378,-0.08367793889117629
3.899,0.0,0.03472222222222143,0.05730609418282384,0.0,-0.022710347475221014,0.038954582609300396
3.9,0.0,0.03472222222222143,0.05730609418282384,0.0,0.057407063885974066,0.023192839709108532
3.901,0.0,0.03472222222222143,0.05730609418282384,0.0,-0.06833102420803612,-0.07657344804738218
3.902,0.0,0.03472222222222143,0.05730609418282384,0.0,0.05308184959114856,0.09833469564003071
3.903,0.0,0.03472222222222143,0.05730609418282384,0.0,-0.019409818036317406,-0.07875812467256033
3.904,0.0,0.03472222222222143,0.05730609418282384,0.0,-0.018534240616248206,0.025569757000189153
3.905,0.0,0.03472222222222143,0.05730609418282384,0.0,0.046165705018718375,0.03914455371976561
3.906,0.0,0.03472222222222143,0.05730609418282384,0.0,-0.054120546470049526,-0.08817765463709903
3.907,0.0,0.03472222222222143,0.05730609418282384,0.0,0.041386420395935895,0.10070325266474214
3.908,0.0,0.03472222222222143,0.05730609418282384,0.0,-0.014889475555272631,-0.07115063095268508
3.909,0.0,0.03472222222222143,0.05730609418282384,0.0,-0.013976102094854096,0.011652438397588892
3.91,0.0,0.03472222222222143,0.05730609418282384,0.0,0.0342071864665563,0.05300649352032496
3.911,0.0,0.03472222222222143,0.05730609418282384,0.0,-0.03937384507812358,-0.09581334072577148
3.912,0.0,0.03472222222222143,0.05730609418282384,0.0,0.029540271175735804,0.09890295183108343
3.913,0.0,0.03472222222222143,0.05730609418282384,0.0,-0.010419214079503395,-0.06105767153296608
3.914,0.0,0.03472222222222143,0.05730609418282384,0.0,-0.009573777056971088,-0.001838028721128895
3.915,0.0,0.03472222222222143,0.05730609418282384,0.0,0.022930934190975458,0.06355046198315542
3.916,0.0,0.03472222222222143,-0.9426939058171762,0.0,-0.025801909274635527,-0.09855683411716985
3.917,0.0,0.03472222222222143,0.05730609418282384,0.0,0.01890545359095044,0.09270556999823767
3.918,0.0,0.03472222222222143,0.05730609418282384,0.0,-0.006507990339679652,-0.04898334431416721
3.919,0.0,0.03472222222222143,0.05730609418282384,0.0,-0.005823657968734755,-0.013980699420764589
3.92,0.0,0.03472222222222143,0.05730609418282384,0.0,0.013593985251120743,0.06993714702165031
3.921,0.0,0.03472222222222143,0.05730609418282384,0.0,-0.014899190266828857,-0.0960798861572469
3.922,0.0,0.03472222222222143,0.05730609418282384,0.0,0.010637211053713173,0.0824425927096263
3.923,0.0,0.03472222222222143,0.05730609418282384,0.0,-0.0035742058045602635,-0.03571768483936294
3.924,0.0,0.03472222222222143,0.05730609418282384,0.0,-0.0031205125244426575,-0.023971865352972445
3.925,0.0,0.03472222222222143,0.05730609418282384,0.0,0.007160148722363522,0.07180888216537032
3.926,0.0,0.03472222222222143,0.05730609418282384,0.0,-0.007766240641324747,-0.08870647873435616
3.927,0.0,0.03472222222222143,0.05730609418282384,0.0,0.005548577089003335,0.06900066938533665
3.928,0.0,0.03472222222222143,0.05730609418282384,0.0,-0.0018973833426334907,-0.022281561669293737
3.929,0.0,0.03472222222222143,0.05730609418282384,0.0,-0.0017125679677515626,-0.031191211681615073
3.93,0.0,0.03472222222222143,0.05730609418282384,0.0,0.004192523144932198,0.06932113572821819
3.931,0.0,0.03472222222222143,-0.9426939058171762,0.0,-0.004989857206123423,-0.07738353662981065
3.932,0.0,0.03472222222222143,0.05730609418282384,0.0,0.004024384749431027,0.053740762797095686
3.933,0.0,0.03472222222222143,0.05730609418282384,0.0,-0.0015896997936384772,-0.009835949474908486
3.934,0.0,0.03472222222222143,0.05730609418282384,0.0,-0.0016773769778957784,-0.03524883205641437
3.935,0.0,0.03472222222222143,0.05730609418282384,0.0,0.004802377626386116,0.06310870071008255
3.936,0.0,0.03472222222222143,0.05730609418282384,0.0,-0.006594946601785213,-0.06356756674358975
3.937,0.0,0.03472222222222143,0.05730609418282384,0.0,0.005994627282546282,0.038348702677741146
3.938,0.0,0.03472222222222143,0.05730609418282384,0.0,-0.002590547478073051,0.00043538529924754953
3.939,0.0,0.03472222222222143,0.05730609418282384,0.0,-0.0029210347559307224,-0.036008847458741146
3.94,0.0,0.03472222222222143,0.05730609418282384,0.0,0.008659416715611441,0.05419153516035993
3.941,0.0,0.03472222222222143,0.05730609418282384,0.0,-0.012072203918933155,-0.04904130705499017
3.942,0.0,0.03472222222222143,0.05730609418282384,0.0,0.010968757133087656,0.024635143652393512
3.943,0.0,0.03472222222222143,0.05730609418282384,0.0,-0.004684069199735598,0.007456202585469714
3.944,0.0,0.03472222222222143,0.05730609418282384,0.0,-0.005200050214857137,-0.0335880317088796
3.945,0.0,0.03472222222222143,0.05730609418282384,0.0,0.015059898045069584,0.04383352726663945
3.946,0.0,0.03472222222222143,0.05730609418282384,0.0,-0.02047517655710665,-0.035684729743708246
3.947,0.0,0.03472222222222143,0.05730609418282384,0.0,0.01812409319455709,0.014310912126214517
3.948,0.0,0.03472222222222143,0.05730609418282384,0.0,-0.007536454716390138,0.010384703963362095
3.949,0.0,0.03472222222222143,0.05730609418282384,0.0,-0.008162071125450867,-0.028330629537191437
3.95,0.0,0.03472222222222143,0.05730609418282384,0.0,0.023041196378718716,0.03337390200929665
3.951,0.0,0.03472222222222143,0.05730609418282384,0.0,-0.030570900056366427,-0.025231614950495675
3.952,0.0,0.03472222222222143,0.05730609418282384,0.0,0.02643423915116538,0.008768103318344614
3.953,0.0,0.03472222222222143,0.05730609418282384,0.0,-0.010747155540978843,0.008720081235730684
3.954,0.0,0.03472222222222143,0.05730609418282384,0.0,-0.01139916927537727,-0.020763125612068965
3.955,0.0,0.03472222222222143,0.05730609418282384,0.0,0.03152533354474031,0.02405459033103095
3.956,0.0,0.03472222222222143,0.05730609418282384,0.0,-0.04102137455648104,-0.019045296730370656
3.957,0.0,0.03472222222222143,0.05730609418282384,0.0,0.03481832674354985,0.008897284385467375
3.958,0.0,0.03472222222222143,0.05730609418282384,0.0,-0.013906438774493832,0.0023736488361222057
3.959,0.0,0.03472222222222143,0.05730609418282384,0.0,-0.014505856093743908,-0.011534778029150605
3.96,0.0,0.03472222222222143,0.05730609418282384,0.0,0.039470562376636424,0.01686711395123744
3.961,0.0,-0.9652777777777786,0.05730609418282384,0.0,-0.050569648145186115,-0.01794465832512129
3.962,0.0,0.03472222222222143,0.05730609418282384,0.0,0.04228967514288595,0.014966664402725004
3.963,0.0,0.03472222222222143,0.05730609418282384,0.0,-0.016651090032572216,-0.008306280577233559
3.964,0.0,0.03472222222222143,0.05730609418282384,0.0,-0.017133622340087327,-0.0013510304154770955
3.965,0.0,0.03472222222222143,0.05730609418282384,0.0,0.04600973832844366,0.012439374257352084
3.966,0.0,0.03472222222222143,0.05730609418282384,0.0,-0.05820461016926121,-0.02210434965632701
3.967,0.0,0.03472222222222143,0.05730609418282384,0.0,0.04808335090013951,0.026580697029841276
3.968,0.0,0.03472222222222143,0.05730609418282384,0.0,-0.018710649456125394,-0.02256066024194883
3.969,0.0,0.03472222222222143,0.05730609418282384,0.0,-0.019034601538841123,0.009092674266616372
3.97,0.0,0.03472222222222143,0.05730609418282384,0.0,0.05055690272357992,0.010976661511941453
3.971,0.0,0.03472222222222143,0.05730609418282384,0.0,-0.06328261773819611,-0.03104255541604831
3.972,0.0,0.03472222222222143,0.05730609418282384,0.0,0.051745903516902204,0.04272449528580457
3.973,0.0,0.03472222222222143,0.05730609418282384,0.0,-0.01993820529999281,-0.0392951285092049
3.974,0.0,0.03472222222222143,0.05730609418282384,0.0,-0.020088793520893312,0.019169658878013852
3.975,0.0,0.03472222222222143,0.05730609418282384,0.0,0.0528687529220514,0.012263149302808186
3.976,0.0,0.03472222222222143,0.05730609418282384,0.0,-0.06559108316518092,-0.04369704980900385
3.977,0.0,0.03472222222222143,0.05730609418282384,0.0,0.053176596439014255,0.06188830473845888
3.978,0.0,0.03472222222222143,0.05730609418282384,0.0,-0.02032220367463893,-0.05719582855769169
3.979,0.0,0.03472222222222143,0.05730609418282384,0.0,-0.02031185017533032,0.02836765739278147
3.98,0.0,0.03472222222222143,0.05730609418282384,0.0,0.053054636261316554,0.015721331314382685
3.981,0.0,0.03472222222222143,0.05730609418282384,0.0,-0.06534801667456419,-0.05857763248671731
3.982,0.0,0.03472222222222143,0.05730609418282384,0.0,0.052616793227055106,0.08225492782324925
3.983,0.0,0.03472222222222143,0.05730609418282384,0.0,-0.01997857821703256,-0.07487122075234033
3.984,0.0,0.03472222222222143,0.05730609418282384,0.0,-0.019843319482813985,0.03631758115795459
3.985,0.0,0.03472222222222143,0.05730609418282384,0.0,0.05153629810483716,0.02051861877479317
3.986,0.0,0.03472222222222143,0.05730609418282384,0.0,-0.06314088436308726,-0.07397225667300576
3.987,0.0,0.03472222222222143,0.05730609418282384,0.0,0.050591673877543104,0.10192413822374448
3.988,0.0,0.03472222222222143,0.05730609418282384,0.0,-0.019125329182361737,-0.09100181234230642
3.989,0.0,0.03472222222222143,0.05730609418282384,0.0,-0.018918030006819825,0.04280393512745493
3.99,0.0,0.03472222222222143,0.05730609418282384,0.0,0.04896570489213277,0.02570386937807256
3.991,0.0,0.03472222222222143,-0.9426939058171762,0.0,-0.059816617288125234,-0.0881768505003609
3.992,0.0,0.03472222222222143,0.05730609418282384,0.0,0.047815041289140936,0.1191431114065122
3.993,0.0,0.03472222222222143,-0.9426939058171762,0.0,-0.01804407587211311,-0.10447862528853251
3.994,0.0,0.03472222222222143,0.05730609418282384,0.0,-0.017825572531598187,0.0477577437817777
3.995,0.0,0.03472222222222143,0.05730609418282384,0.0,0.046114833988444674,0.030352891541205268
3.996,0.0,-0.9652777777777786,0.05730609418282384,0.0,-0.05634099107503983,-0.09971606629081765
3.997,0.0,0.03472222222222143,0.05730609418282384,0.0,0.04507270920113033,0.1325114733411196
3.998,0.0,0.03472222222222143,0.05730609418282384,0.0,-0.01703473825205929,-0.11451287241625066
3.999,0.0,0.03472222222222143,0.05730609418282384,0.0,-0.01686428741912635,0.05123491994073822
4.0,0.0,0.03472222222222143,0.05730609418282384,0.0,0.04375462499022141,0.033701457456723725
4.001,0.0,0.03472222222222143,0.05730609418282384,0.0,-0.05364904599568968,-0.10752432834136487
4.002,0.0,0.03472222222222143,0.05730609418282384,0.0,0.04310223233922797,0.14113376904490346
4.003,0.0,0.03472222222222143,0.05730609418282384,0.0,-0.016370169535938176,-0.12070348101418157
4.004,0.0,0.03472222222222143,0.05730609418282384,0.0,-0.01629662084335466,0.053384571781754354
4.005,0.0,0.03472222222222143,0.05730609418282384,0.0,0.04254094478773393,0.0352470564230078
4.006,0.0,0.03472222222222143,0.05730609418282384,0.0,-0.05250836923107461,-0.1110631828072619
4.007,0.0,0.03472222222222143,0.05730609418282384,0.0,0.04248633309023161,0.1447002926864996
4.008,0.0,0.03472222222222143,0.05730609418282384,0.0,-0.016257210926866626,-0.12305516645016816
4.009,0.0,0.03472222222222143,0.05730609418282384,0.0,-0.016312152726237154,0.05441261739498242
4.01,0.0,0.03472222222222143,0.05730609418282384,0.0,0.042923466095831496,0.03480602475635037
4.011,0.0,0.03472222222222143,-0.9426939058171762,0.0,-0.05341405714569059,-0.11036098644789025
4.012,0.0,0.03472222222222143,0.05730609418282384,0.0,0.0435744917010396,0.1434880108632741
4.013,0.0,0.03472222222222143,-0.9426939058171762,0.0,-0.016809375711738923,-0.12194679594903551
4.014,0.0,0.03472222222222143,0.05730609418282384,0.0,-0.01700315867156857,0.054546183273731674
4.015,0.0,0.03472222222222143,0.05730609418282384,0.0,0.04508921845505187,0.032519894010792715
4.016,0.0,0.03472222222222143,0.05730609418282384,0.0,-0.056528621585072034,-0.10597279687085925
4.017,0.0,0.03472222222222143,0.05730609418282384,0.0,0.046442352763685565,0.1382850604360709
4.018,0.0,0.03472222222222143,0.05730609418282384,0.0,-0.018034425876237183,-0.11805672292863749
4.019,0.0,0.03472222222222143,0.05730609418282384,0.0,-0.018355506325065277,0.05400362869469604
4.02,0.0,0.03472222222222143,0.05730609418282384,0.0,0.04894696712034564,0.02881264624413123
4.021,0.0,0.03472222222222143,0.05730609418282384,0.0,-0.061672952682942025,-0.09887008975300472
4.022,0.0,0.03472222222222143,0.05730609418282384,0.0,0.050892669686037395,0.13025319477812985
4.023,0.0,0.03472222222222143,0.05730609418282384,0.0,-0.019837801708278556,-0.11225756239638779
4.024,0.0,0.03472222222222143,0.05730609418282384,0.0,-0.020255340244632786,0.05297378406141669
4.025,0.0,0.03472222222222143,0.05730609418282384,0.0,0.054152410359638935,0.024307830836289106
4.026,0.0,0.03472222222222143,0.05730609418282384,0.0,-0.0683668363542502,-0.09027982323586281
4.027,0.0,0.03472222222222143,0.05730609418282384,0.0,0.056495389822233975,0.12075093387588672
4.028,0.0,0.03472222222222143,0.05730609418282384,0.0,-0.022040559168819984,-0.10549665119239211
4.029,0.0,0.03472222222222143,0.05730609418282384,0.0,-0.022509737658235416,0.05160631654091961
4.03,0.0,0.03472222222222143,0.05730609418282384,0.0,0.060168390201842975,0.01972009004785405
4.031,0.0,0.03472222222222143,0.05730609418282384,0.0,-0.07591058222812645,-0.08149892836290998
4.032,0.0,0.03472222222222143,0.05730609418282384,0.0,0.06265907571606004,0.11114481648892882
4.033,0.0,0.03472222222222143,-0.9426939058171762,0.0,-0.024408495283013306,-0.09867965069025013
4.034,0.0,0.03472222222222143,0.05730609418282384,0.0,-0.024877645836698003,0.05001328650726377
4.035,0.0,0.03472222222222143,0.05730609418282384,0.0,0.06634970254460017,0.01573876809775907
4.036,0.0,-0.9652777777777786,0.05730609418282384,0.0,-0.0834940097896315,-0.07371262369401295
4.037,0.0,0.03472222222222143,0.05730609418282384,0.0,0.06872189884661689,0.10263644481509453
4.038,0.0,0.03472222222222143,0.05730609418282384,0.0,-0.026687762003337334,-0.09257327094896692
4.039,0.0,0.03472222222222143,0.05730609418282384,0.0,-0.027106184749794114,0.048280192333991855
4.04,0.0,0.03472222222222143,0.05730609418282384,0.0,0.07203925675338943,0.012921564810961354
4.041,0.0,0.03472222222222143,0.05730609418282384,0.0,-0.09031602330891798,-0.06784282510549029
4.042,0.0,0.03472222222222143,0.05730609418282384,0.0,0.0740484040989737,0.09612904649369836
4.043,0.0,0.03472222222222143,0.05730609418282384,0.0,-0.028641641997660686,-0.08773922006374114
4.044,0.0,0.03472222222222143,0.05730609418282384,0.0,-0.02896694843094647,0.046483356835072626
4.045,0.0,0.03472222222222143,0.05730609418282384,0.0,0.07666155695402793,0.011613724786534305
4.046,0.0,-0.9652777777777786,0.05730609418282384,0.0,-0.09569755257985302,-0.06444685360213977
4.047,0.0,0.03472222222222143,0.05730609418282384,0.0,0.07811828269670684,0.09214982468104119
4.048,0.0,0.03472222222222143,0.05730609418282384,0.0,-0.030083322089274958,-0.08450588463453898
4.049,0.0,0.03472222222222143,0.05730609418282384,0.0,-0.030287273272209793,0.04470957318704676
4.05,0.0,0.03472222222222143,0.05730609418282384,0.0,0.07980071880374934,0.011903541996739486
4.051,0.0,0.03472222222222143,0.05730609418282384,0.0,-0.09917262371635316,-0.06367775187883375
4.052,0.0,0.03472222222222143,0.05730609418282384,0.0,0.08059534985604042,0.0908347325316896
4.053,0.0,0.03472222222222143,0.05730609418282384,0.0,-0.030900370357914132,-0.08297786711179578
4.054,0.0,0.03472222222222143,0.05730609418282384,0.0,-0.030972454028636243,0.04307361577927051
4.055,0.0,0.03472222222222143,0.05730609418282384,0.0,0.08125316677972708,0.013618854104405421
4.056,0.0,0.03472222222222143,-0.9426939058171762,0.0,-0.1005462838404626,-0.06530733501104105
4.057,0.0,0.03472222222222143,0.05730609418282384,0.0,0.08136837613370042,0.09197211671430967
4.058,0.0,0.03472222222222143,0.05730609418282384,0.0,-0.031068023937588583,-0.08307739470001689
4.059,0.0,0.03472222222222143,0.05730609418282384,0.0,-0.03101638162692391,0.04172956197879877
4.06,0.0,0.03472222222222143,0.05730609418282384,0.0,0.08104923056023282,0.01636272792315418
4.061,0.0,0.03472222222222143,0.05730609418282384,0.0,-0.09991332092629858,-0.0688033047573612
4.062,0.0,0.03472222222222143,0.05730609418282384,0.0,0.08055976371690943,0.09509259138881417
4.063,0.0,0.03472222222222143,0.05730609418282384,0.0,-0.030650087749594476,-0.08460676255512728
4.064,0.0,0.03472222222222143,0.05730609418282384,0.0,-0.030499801715417652,0.040872808927489845
4.065,0.0,0.03472222222222143,0.05730609418282384,0.0,0.07944241115608984,0.019580731776186612
4.066,0.0,0.03472222222222143,0.05730609418282384,0.0,-0.09763736348879183,-0.0734439055481738
4.067,0.0,0.03472222222222143,0.05730609418282384,0.0,0.07850261270927823,0.09958596372105448
4.068,0.0,0.03472222222222143,0.05730609418282384,0.0,-0.029787970908154368,-0.08731814834782221
4.069,0.0,0.03472222222222143,0.05730609418282384,0.0,-0.02957708994723618,0.0407310743857778
4.07,0.0,0.03472222222222143,0.05730609418282384,0.0,0.07686944776443976,0.022647925363799483
4.071,0.0,0.03472222222222143,0.05730609418282384,0.0,-0.09429519978921491,-0.07844886937543237
4.072,0.0,0.03472222222222143,0.05730609418282384,0.0,0.07569084392922798,0.10482300647228586
4.073,0.0,0.03472222222222143,-0.9426939058171762,0.0,-0.028679908312835487,-0.0909767561515013
4.074,0.0,0.03472222222222143,0.05730609418282384,0.0,-0.028453879417937783,0.041544354274342006
4.075,0.0,0.03472222222222143,0.05730609418282384,0.0,0.07388790783678871,0.02496155068298228
4.076,0.0,-0.9652777777777786,0.05730609418282384,0.0,-0.09059534423907792,-0.0831044021491016
4.077,0.0,0.03472222222222143,0.05730609418282384,0.0,0.07271021549581666,0.11026072224518364
4.078,0.0,0.03472222222222143,-0.9426939058171762,0.0,-0.027553543831823523,-0.09540532237139411
4.079,0.0,0.03472222222222143,0.05730609418282384,0.0,-0.027358887939783014,0.04353555095573722
4.08,0.0,0.03472222222222143,0.05730609418282384,0.0,0.0711004366800911,0.026025580488410416
4.081,0.0,0.03472222222222143,0.05730609418282384,0.0,-0.08728254187739103,-0.08686267799334639
4.082,0.0,0.03472222222222143,0.05730609418282384,0.0,0.07015995975358089,0.11551417023290136
4.083,0.0,0.03472222222222143,0.05730609418282384,0.0,-0.02663567644741538,-0.10050214196986015
4.084,0.0,0.03472222222222143,0.05730609418282384,0.0,-0.026513786671092783,0.04687505858207311
4.085,0.0,0.03472222222222143,0.05730609418282384,0.0,0.06907583865850656,0.025515586362563705
4.086,0.0,0.03472222222222143,-0.9426939058171762,0.0,-0.08504084405107158,-0.08940208659427819
4.087,0.0,0.03472222222222143,0.05730609418282384,0.0,0.0685752576924294,0.12038504101899693
4.088,0.0,0.03472222222222143,0.05730609418282384,0.0,-0.02612306131027891,-0.1062302064873849
4.089,0.0,0.03472222222222143,0.05730609418282384,0.0,-0.02610491775585642,0.05164378905151991
4.09,0.0,0.03472222222222143,0.05730609418282384,0.0,0.06827683119315346,0.02331630215632398
4.091,0.0,0.03472222222222143,0.05730609418282384,0.0,-0.08440717105278255,-0.09064219194532866
4.092,0.0,0.03472222222222143,0.05730609418282384,0.0,0.06835994630988527,0.12484565142622632
4.093,0.0,0.03472222222222143,0.05730609418282384,0.0,-0.026157758981913682,-0.11258082962120983
4.094,0.0,0.03472222222222143,0.05730609418282384,0.0,-0.02626017029074451,0.057799782808784825
4.095,0.0,0.03472222222222143,0.05730609418282384,0.0,0.06900280886282173,0.019529025257590118
4.096,0.0,-0.9652777777777786,0.05730609418282384,0.0,-0.08570517595141569,-0.09071560025156655
4.097,0.0,0.03472222222222143,0.05730609418282384,0.0,0.06973697037313109,0.12898537720706657
4.098,0.0,0.03472222222222143,0.05730609418282384,0.0,-0.026809742350190752,-0.11952026222118746
4.099,0.0,0.03472222222222143,0.05730609418282384,0.0,-0.02703347748604368,0.06515357405290177
4.1,0.0,0.03472222222222143,0.05730609418282384,0.0,0.07135360022759796,0.014450772629499325
4.101,0.0,0.03472222222222143,0.05730609418282384,0.0,-0.08900615796255304,-0.08990626257182896
4.102,0.0,0.03472222222222143,0.05730609418282384,0.0,0.07272149835344631,0.13293329898588935
4.103,0.0,0.03472222222222143,0.05730609418282384,0.0,-0.02806844168891092,-0.12693137383025235
4.104,0.0,0.03472222222222143,0.05730609418282384,0.0,-0.028398348186486747,0.07335684466165786
4.105,0.0,0.03472222222222143,0.05730609418282384,0.0,0.07521738037027768,0.00853110443949064
4.106,0.0,0.03472222222222143,0.05730609418282384,0.0,-0.09412022639434804,-0.08856893326071946
4.107,0.0,0.03472222222222143,0.05730609418282384,0.0,0.07711871629835682,0.13677486823134263
4.108,0.0,0.03472222222222143,0.05730609418282384,0.0,-0.029843784884059883,-0.1345638750500195
4.109,0.0,0.03472222222222143,0.05730609418282384,0.0,-0.030250741365115096,0.08190765674819263
4.11,0.0,0.03472222222222143,0.05730609418282384,0.0,0.08028300308281672,0.0023151491088882663
4.111,0.0,0.03472222222222143,0.05730609418282384,0.0,-0.10061735654125685,-0.08704676665420091
4.112,0.0,0.03472222222222143,0.05730609418282384,0.0,0.08254546485502312,0.14048106404257776
4.113,0.0,0.03472222222222143,-0.9426939058171762,0.0,-0.03197621137901459,-0.1420055163002764
4.114,0.0,0.03472222222222143,0.05730609418282384,0.0,-0.03242056374309475,0.09017382330523611
4.115,0.0,0.03472222222222143,0.05730609418282384,0.0,0.08607437108663958,-0.0036177047518318526
4.116,0.0,-0.9652777777777786,0.05730609418282384,0.0,-0.1078748014629687,-0.08560310297845866
4.117,0.0,0.03472222222222143,0.05730609418282384,0.0,0.08847239803524665,0.14386576370877124
4.118,0.0,0.03472222222222143,0.05730609418282384,0.0,-0.03425421662204475,-0.14868337817682348
4.119,0.0,0.03472222222222143,0.05730609418282384,0.0,-0.034690217729185555,0.09743394207313484
4.12,0.0,0.03472222222222143,0.05730609418282384,0.0,0.09200231748312099,-0.008710736872404205
4.121,0.0,0.03472222222222143,0.05730609418282384,0.0,-0.11514481165585956,-0.08437968133004745
4.122,0.0,0.03472222222222143,0.05730609418282384,0.0,0.0942814288533513,0.14658143902110907
4.123,0.0,0.03472222222222143,0.05730609418282384,0.0,-0.03643729403531393,-0.15389930677184746
4.124,0.0,0.03472222222222143,0.05730609418282384,0.0,-0.03681801125187189,0.10293350218592519
4.125,0.0,0.03472222222222143,0.05730609418282384,0.0,0.09742797462370194,-0.012475865244560966
4.126,0.0,0.03472222222222143,0.05730609418282384,0.0,-0.12163492882587139,-0.08338763146754742
4.127,0.0,0.03472222222222143,0.05730609418282384,0.0,0.09933199899305158,0.14815585360430375
4.128,0.0,0.03472222222222143,-0.9426939058171762,0.0,-0.03828172142793453,-0.15689758038096388
4.129,0.0,0.03472222222222143,0.05730609418282384,0.0,-0.0385638884256997,0.10595151604821655
4.13,0.0,0.03472222222222143,0.05730609418282384,0.0,0.10173081235305305,-0.014525063127997662
4.131,0.0,0.03472222222222143,-0.9426939058171762,0.0,-0.12659230874129665,-0.08253078653463
4.132,0.0,0.03472222222222143,0.05730609418282384,0.0,0.10302919154532376,0.1480645143796057
4.133,0.0,0.03472222222222143,-0.9426939058171762,0.0,-0.039566493126288925,-0.1569570161878559
4.134,0.0,0.03472222222222143,0.05730609418282384,0.0,-0.039714846581529316,0.10587156158075355
4.135,0.0,0.03472222222222143,0.05730609418282384,0.0,0.1043744160978658,-0.0145868193064646
4.136,0.0,-0.9652777777777786,0.05730609418282384,0.0,-0.12938355255963419,-0.08165440402804135
4.137,0.0,0.03472222222222143,0.05730609418282384,0.0,0.1048868553128687,0.14582663131422235
4.138,0.0,0.03472222222222143,0.05730609418282384,0.0,-0.04011680806486894,-0.15349492492371045
4.139,0.0,0.03472222222222143,0.05730609418282384,0.0,-0.040107547149750275,0.10225013982848027
4.14,0.0,0.03472222222222143,0.05730609418282384,0.0,0.10496357622347909,-0.012509998466336771
4.141,0.0,0.03472222222222143,0.05730609418282384,0.0,-0.12956228994156574,-0.08060746047039433
4.142,0.0,0.03472222222222143,0.05730609418282384,0.0,0.10457964149724117,0.14110749828470437
4.143,0.0,0.03472222222222143,0.05730609418282384,0.0,-0.039822852317589544,-0.14616741785500648
4.144,0.0,0.03472222222222143,0.05730609418282384,0.0,-0.03964597036480681,0.09487500057453695
4.145,0.0,0.03472222222222143,0.05730609418282384,0.0,0.10328727567018081,-0.008259282514031295
4.146,0.0,-0.9652777777777786,0.05730609418282384,0.0,-0.12691813436709068,-0.07930416825135447
4.147,0.0,0.03472222222222143,0.05730609418282384,0.0,0.10197906246302087,0.1338083750695837
4.148,0.0,0.03472222222222143,0.05730609418282384,0.0,-0.03865211876609369,-0.13495008085792068
4.149,0.0,0.03472222222222143,0.05730609418282384,0.0,-0.0383124675180579,0.08380663016824276
4.15,0.0,0.03472222222222143,0.05730609418282384,0.0,0.09934358402345238,-0.0019069721405241137
4.151,0.0,0.03472222222222143,0.05730609418282384,0.0,-0.12150248299174961,-0.07777066888285825
4.152,0.0,0.03472222222222143,0.05730609418282384,0.0,0.09717025296508953,0.12412645238189265
4.153,0.0,0.03472222222222143,-0.9426939058171762,0.0,-0.03665414028356547,-0.1201850849725217
4.154,0.0,0.03472222222222143,0.05730609418282384,0.0,-0.0361711889557886,0.06939741235632389
4.155,0.0,0.03472222222222143,0.05730609418282384,0.0,0.09334417967732664,0.006374723691663366
4.156,0.0,0.03472222222222143,0.05730609418282384,0.0,-0.11362881684867826,-0.07616588441337346
4.157,0.0,0.03472222222222143,0.05730609418282384,0.0,0.09044792799311942,0.11257206984054585
4.158,0.0,0.03472222222222143,0.05730609418282384,0.0,-0.033957227791401826,-0.10258512387463237
4.159,0.0,0.03472222222222143,0.05730609418282384,0.0,-0.033363568996000084,0.05228495882901842
4.16,0.0,0.03472222222222143,0.05730609418282384,0.0,0.08569810943882583,0.01631845051311235
4.161,0.0,0.03472222222222143,0.05730609418282384,0.0,-0.10384752190425124,-0.0747706652901182
4.162,0.0,0.03472222222222143,0.05730609418282384,0.0,0.0822919631238887,0.09993725541890737
4.163,0.0,0.03472222222222143,0.05730609418282384,0.0,-0.030757550268894384,-0.08319051531428237
4.164,0.0,0.03472222222222143,0.05730609418282384,0.0,-0.030096284192616736,0.033358576729534566
4.165,0.0,0.03472222222222143,0.05730609418282384,0.0,0.07697632821400831,0.027563309292832468
4.166,0.0,0.03472222222222143,0.05730609418282384,0.0,-0.09289763347186822,-0.07394568743179467
4.167,0.0,0.03472222222222143,0.05730609418282384,0.0,0.07332493642122456,0.08721769837196622
4.168,0.0,0.03472222222222143,0.05730609418282384,0.0,-0.027301615865183305,-0.06328247495742038
4.169,0.0,0.03472222222222143,0.05730609418282384,0.0,-0.026622816145806572,0.01370054868339396
4.17,0.0,0.03472222222222143,0.05730609418282384,0.0,0.06786039639891567,0.039655354169254496
4.171,0.0,-0.9652777777777786,-0.9426939058171762,0.0,-0.08164012336553034,-0.07406485180011256
4.172,0.0,0.03472222222222143,0.05730609418282384,0.0,0.0642557147033105,0.07549810022804378
4.173,0.0,0.03472222222222143,0.05730609418282384,0.0,-0.023863853048800406,-0.044261950352986454
4.174,0.0,0.03472222222222143,0.05730609418282384,0.0,-0.02322038444798289,-0.005493437183371726
4.175,0.0,0.03472222222222143,0.05730609418282384,0.0,0.05908029050351124,0.05205079303038693
4.176,0.0,0.03472222222222143,0.05730609418282384,0.0,-0.070979202701466,-0.07543606384642797
4.177,0.0,0.03472222222222143,0.05730609418282384,0.0,0.055814580259877594,0.06581715437434817
4.178,0.0,0.03472222222222143,0.05730609418282384,0.0,-0.020721487532363667,-0.02750851791003486
4.179,0.0,0.03472222222222143,0.05730609418282384,0.0,-0.020164505154832355,-0.02300804546858537
4.18,0.0,0.03472222222222143,0.05730609418282384,0.0,0.051347438976736014,0.06412647625770432
4.181,0.0,0.03472222222222143,0.05730609418282384,0.0,-0.06177940307009628,-0.07822427033593386
4.182,0.0,0.03472222222222143,0.05730609418282384,0.0,0.04868631816029592,0.05903212829370877
4.183,0.0,0.03472222222222143,0.05730609418282384,0.0,-0.01812920713631912,-0.014236921605949924
4.184,0.0,0.03472222222222143,0.05730609418282384,0.0,-0.017703713560336135,-0.03770785723070973
4.185,0.0,0.03472222222222143,0.05730609418282384,0.0,0.04528967882987127,0.07520182481583122
4.186,0.0,0.03472222222222143,0.05730609418282384,0.0,-0.05478674720440364,-0.08239194008995707
4.187,0.0,0.03472222222222143,0.05730609418282384,0.0,0.04344798419239439,0.055703541405034085
4.188,0.0,0.03472222222222143,0.05730609418282384,0.0,-0.016296156929068037,-0.005369409066815318
4.189,0.0,0.03472222222222143,0.05730609418282384,0.0,-0.01603701747161299,-0.048633448016929794
4.19,0.0,0.03472222222222143,0.05730609418282384,0.0,0.04139472681640562,0.08457470483206338
4.191,0.0,0.03472222222222143,0.05730609418282384,0.0,-0.05056200445665659,-0.08766970368783937
4.192,0.0,0.03472222222222143,0.05730609418282384,0.0,0.04051766421742373,0.056017655922482534
4.193,0.0,0.03472222222222143,0.05730609418282384,0.0,-0.015367586124023131,-0.0014400219559513798
4.194,0.0,0.03472222222222143,0.05730609418282384,0.0,-0.015296392450322913,-0.055084719594036255
4.195,0.0,0.03472222222222143,0.05730609418282384,0.0,0.03996792513107593,0.09157115787886616
4.196,0.0,-0.9652777777777786,-0.9426939058171762,0.0,-0.049432811299927874,-0.09356501669847708
4.197,0.0,0.03472222222222143,0.05730609418282384,0.0,0.04011940768883845,0.05975887977095977
4.198,0.0,0.03472222222222143,0.05730609418282384,0.0,-0.015412981398006462,-0.002542735495924798
4.199,0.0,0.03472222222222143,0.05730609418282384,0.0,-0.015536100597869536,-0.05668322139695985
4.2,0.0,0.03472222222222143,0.05730609418282384,0.0,0.0411084980499411,0.09560580925302897
4.201,0.0,0.03472222222222143,0.05730609418282384,0.0,-0.05146940042776957,-0.09941030244090082
4.202,0.0,0.03472222222222143,0.05730609418282384,0.0,0.04226775477585653,0.06633663159229737
4.203,0.0,0.03472222222222143,0.05730609418282384,0.0,-0.016421808880712905,-0.008329462762771474
4.204,0.0,0.03472222222222143,0.05730609418282384,0.0,-0.01672985518673486,-0.05340708101086046
4.205,0.0,0.03472222222222143,0.05730609418282384,0.0,0.044706484335918034,0.09624679125178527
4.206,0.0,0.03472222222222143,0.05730609418282384,0.0,-0.056486023577151816,-0.10444516051482568
4.207,0.0,0.03472222222222143,0.05730609418282384,0.0,0.04677305863198854,0.07486295565333777
4.208,0.0,0.03472222222222143,0.05730609418282384,0.0,-0.018307124722944323,-0.018057317991354408
4.209,0.0,0.03472222222222143,0.05730609418282384,0.0,-0.018775948608704535,-0.0455947534898492
4.21,0.0,0.03472222222222143,0.05730609418282384,0.0,0.050460125667498176,0.09327674339025814
4.211,0.0,0.03472222222222143,0.05730609418282384,0.0,-0.06406718249720623,-0.10792107997991396
4.212,0.0,0.03472222222222143,0.05730609418282384,0.0,0.05326639607216726,0.08426951871374151
4.213,0.0,0.03472222222222143,0.05730609418282384,0.0,-0.020916406284443245,-0.03067813453736052
4.214,0.0,0.03472222222222143,0.05730609418282384,0.0,-0.021509524434609174,-0.03391683501230563
4.215,0.0,0.03472222222222143,0.05730609418282384,0.0,0.057911097423730636,0.08674040034327252
4.216,0.0,0.03472222222222143,-0.9426939058171762,0.0,-0.07361488384462801,-0.1092127387669247
4.217,0.0,0.03472222222222143,0.05730609418282384,0.0,0.0612405774100469,0.09344677765521224
4.218,0.0,0.03472222222222143,0.05730609418282384,0.0,-0.024048122706845306,-0.04495796405172847
4.219,0.0,0.03472222222222143,0.05730609418282384,0.0,-0.024720334331039824,-0.019318350694500896
4.22,0.0,0.03472222222222143,0.05730609418282384,0.0,0.06649289540224314,0.07696977179197978
4.221,0.0,0.03472222222222143,0.05730609418282384,0.0,-0.08441071193328335,-0.10791817417536576
4.222,0.0,0.03472222222222143,0.05730609418282384,0.0,0.07010193152895446,0.10138497509137237
4.223,0.0,0.03472222222222143,0.05730609418282384,0.0,-0.027471922956825594,-0.059610857248160655
4.224,0.0,0.03472222222222143,0.05730609418282384,0.0,-0.02817370040354885,-0.0029368829513552633
4.225,0.0,0.03472222222222143,0.05730609418282384,0.0,0.07558624560234514,0.06458001833116919
4.226,0.0,0.03472222222222143,0.05730609418282384,0.0,-0.09568492794402897,-0.10393121689291336
4.227,0.0,0.03472222222222143,0.05730609418282384,0.0,0.07922643031511196,0.10729665332240511
4.228,0.0,0.03472222222222143,0.05730609418282384,0.0,-0.030949967487713025,-0.07343006276064476
4.229,0.0,0.03472222222222143,0.05730609418282384,0.0,-0.0316320998154341,0.01399566285837629
4.23,0.0,0.03472222222222143,0.05730609418282384,0.0,0.08457480995388496,0.05043261605157792
4.231,0.0,0.03472222222222143,0.05730609418282384,0.0,-0.10668430538847734,-0.0974734530188139
4.232,0.0,0.03472222222222143,0.05730609418282384,0.0,0.08801350456889712,0.11070351793249997
4.233,0.0,0.03472222222222143,0.05730609418282384,0.0,-0.03425692277434237,-0.0854009523493017
4.234,0.0,0.03472222222222143,0.05730609418282384,0.0,-0.034874852396515374,0.030258219058077393
4.235,0.0,0.03472222222222143,0.05730609418282384,0.0,0.09289482046468328,0.03556680799026183
4.236,0.0,-0.9652777777777786,-0.9426939058171762,0.0,-0.11673108821943277,-0.08907901609228981
4.237,0.0,0.03472222222222143,0.05730609418282384,0.0,0.09593163319553853,0.11147618417411806
4.238,0.0,0.03472222222222143,0.05730609418282384,0.0,-0.037196480041224174,-0.09478321847807913
4.239,0.0,0.03472222222222143,0.05730609418282384,0.0,-0.03771381693158112,0.04474253720124454
4.24,0.0,0.03472222222222143,0.05730609418282384,0.0,0.10007353880214409,0.02110500971080517
4.241,0.0,-0.9652777777777786,0.05730609418282384,0.0,-0.12526721139937394,-0.0795327564240189
4.242,0.0,0.03472222222222143,0.05730609418282384,0.0,0.10255134891519424,0.10982266372546662
4.243,0.0,0.03472222222222143,0.05730609418282384,0.0,-0.03961289796549379,-0.10115463674635362
4.244,0.0,0.03472222222222143,0.05730609418282384,0.0,-0.0400037213096012,0.05654226227924085
4.245,0.0,0.03472222222222143,0.05730609418282384,0.0,0.10575340761358391,0.008142036416912737
4.246,0.0,0.03472222222222143,0.05730609418282384,0.0,-0.1318804738113847,-0.06976963038974411
4.247,0.0,0.03472222222222143,0.05730609418282384,0.0,0.10756344555988252,0.10622922549030797
4.248,0.0,0.03472222222222143,-0.9426939058171762,0.0,-0.041396900859395104,-0.1044141925524301
4.249,0.0,0.03472222222222143,0.05730609418282384,0.0,-0.041646647459721076,0.06502075585614192
4.25,0.0,0.03472222222222143,0.05730609418282384,0.0,0.1097011095233755,-0.0023689421599709516
4.251,0.0,0.03472222222222143,0.05730609418282384,0.0,-0.1363122782344466,-0.06074932985298772
4.252,0.0,0.03472222222222143,0.05730609418282384,0.0,0.11078253855649335,0.10136427989605357
4.253,0.0,0.03472222222222143,0.05730609418282384,0.0,-0.04248615072168157,-0.10474782064171788
4.254,0.0,0.03472222222222143,0.05730609418282384,0.0,-0.042591112702001825,0.06985156823021531
4.255,0.0,0.03472222222222143,0.05730609418282384,0.0,0.11180308307283941,-0.009719473165330906
4.256,0.0,-0.9652777777777786,0.05730609418282384,0.0,-0.13844935781457496,-0.053324242714014716
4.257,0.0,0.03472222222222143,0.05730609418282384,0.0,0.11213832023495258,0.09596113132482263
4.258,0.0,0.03472222222222143,-0.9426939058171762,0.0,-0.042861303577319036,-0.10256463549613934
4.259,0.0,0.03472222222222143,0.05730609418282384,0.0,-0.0428269764222467,0.07102832160624098
4.26,0.0,0.03472222222222143,0.05730609418282384,0.0,0.11205096155205836,-0.01352432386967898
4.261,0.0,0.03472222222222143,0.05730609418282384,0.0,-0.13830411157417208,-0.04812014788165473
4.262,0.0,0.03472222222222143,0.05730609418282384,0.0,0.1116584891854476,0.09069807172815027
4.263,0.0,0.03472222222222143,0.05730609418282384,0.0,-0.04253922237514713,-0.0984147433435813
4.264,0.0,0.03472222222222143,0.05730609418282384,0.0,-0.04237791812590137,0.06884393863313133
4.265,0.0,0.03472222222222143,0.05730609418282384,0.0,0.11052156975867541,-0.01376445819260804
4.266,0.0,0.03472222222222143,0.05730609418282384,0.0,-0.1359893936310228,-0.04544738825457285
4.267,0.0,0.03472222222222143,0.05730609418282384,0.0,0.10944813714976892,0.08609402552088126
4.268,0.0,0.03472222222222143,0.05730609418282384,0.0,-0.041565155046891296,-0.09290117070858957
4.269,0.0,0.03472222222222143,0.05730609418282384,0.0,-0.0412933910351526,0.06384229357492256
4.27,0.0,0.03472222222222143,0.05730609418282384,0.0,0.10735633742862942,-0.010787836597757772
4.271,0.0,0.03472222222222143,0.05730609418282384,0.0,-0.13169363862365058,-0.04525588811751441
4.272,0.0,0.03472222222222143,0.05730609418282384,0.0,0.10567021757901413,0.08243493544642494
4.273,0.0,0.03472222222222143,0.05730609418282384,0.0,-0.040005560857572155,-0.08659804845521618
4.274,0.0,0.03472222222222143,0.05730609418282384,0.0,-0.039641731726626064,0.05674814171730405
4.275,0.0,0.03472222222222143,0.05730609418282384,0.0,0.10274424346167625,-0.00526679652162596
4.276,0.0,-0.9652777777777786,0.05730609418282384,0.0,-0.1256610762633932,-0.04714096385801689
4.277,0.0,0.03472222222222143,0.05730609418282384,0.0,0.1005306468959096,0.07974085695508493
4.278,0.0,0.03472222222222143,0.05730609418282384,0.0,-0.037942812449081695,-0.07998515486222801
4.279,0.0,0.03472222222222143,0.05730609418282384,0.0,-0.03750555083712518,0.04838330236913867
4.28,0.0,0.03472222222222143,0.05730609418282384,0.0,0.09691085419936123,0.0018834775905726404
4.281,0.0,0.03472222222222143,0.05730609418282384,0.0,-0.1181797322464417,-0.050399407294725154
4.282,0.0,0.03472222222222143,0.05730609418282384,0.0,0.09426982924289087,0.077777180384573
4.283,0.0,0.03472222222222143,0.05730609418282384,0.0,-0.03547231066329504,-0.07340566968048354
4.284,0.0,0.03472222222222143,0.05730609418282384,0.0,-0.0349797581259917,0.03957831062962073
4.285,0.0,0.03472222222222143,0.05730609418282384,0.0,0.09011398416648363,0.00961560961826853
4.286,0.0,0.03472222222222143,0.05730609418282384,0.0,-0.10957735786035047,-0.054127939974149455
4.287,0.0,0.03472222222222143,0.05730609418282384,0.0,0.08716031376566308,0.07610657329989653
4.288,0.0,0.03472222222222143,0.05730609418282384,0.0,-0.03270176790926402,-0.06705008930960671
4.289,0.0,0.03472222222222143,0.05730609418282384,0.0,-0.03217174809842112,0.031088987636932908
4.29,0.0,0.03472222222222143,0.05730609418282384,0.0,0.08264441432120086,0.016875992626197052
4.291,0.0,0.03472222222222143,0.05730609418282384,0.0,-0.10022291257411509,-0.05734995875084955
4.292,0.0,0.03472222222222143,0.05730609418282384,0.0,0.0795083288556517,0.07417217981681468
4.293,0.0,0.03472222222222143,0.05730609418282384,0.0,-0.029751708805297244,-0.06096531419991656
4.294,0.0,0.03472222222222143,0.05730609418282384,0.0,-0.02920256635093644,0.02352659203115437
4.295,0.0,0.03472222222222143,0.05730609418282384,0.0,0.07482839999752744,0.022730036451312954
4.296,0.0,-0.9652777777777786,-0.9426939058171762,0.0,-0.09052928676153761,-0.05915243427037304
4.297,0.0,0.03472222222222143,0.05730609418282384,0.0,0.07165551827267669,0.07139821986260132
4.298,0.0,0.03472222222222143,-0.9426939058171762,0.0,-0.026755759453165457,-0.05508450808430711
4.299,0.0,0.03472222222222143,0.05730609418282384,0.0,-0.026207449319107207,0.017308501038281788
4.3,0.0,0.03472222222222143,0.05730609418282384,0.0,0.06702777300795135,0.026470655127469513
4.301,0.0,0.03472222222222143,0.05730609418282384,0.0,-0.0809520400392173,-0.05881346669144211
4.302,0.0,0.03472222222222143,0.05730609418282384,0.0,0.06397666182626321,0.06729199904361584
4.303,0.0,0.03472222222222143,0.05730609418282384,0.0,-0.02385916322437935,-0.04927088108828192
4.304,0.0,0.03472222222222143,0.05730609418282384,0.0,-0.02333408760201347,0.012633922299941841
4.305,0.0,0.03472222222222143,0.05730609418282384,0.0,0.05963353054023531,0.027696114966534183
4.306,0.0,0.03472222222222143,0.05730609418282384,0.0,-0.07197929643258784,-0.055902512979893626
4.307,0.0,0.03472222222222143,0.05730609418282384,0.0,0.056869663885948524,0.0615316991177508
4.308,0.0,0.03472222222222143,0.05730609418282384,0.0,-0.02121421975220556,-0.04336731968418416
4.309,0.0,0.03472222222222143,0.05730609418282384,0.0,-0.020737337070003203,0.009486231150211097
4.31,0.0,0.03472222222222143,0.05730609418282384,0.0,0.053049949211224454,0.026347438202568692
4.311,0.0,0.03472222222222143,0.05730609418282384,0.0,-0.06410958008306887,-0.05033941106669678
4.312,0.0,0.03472222222222143,0.05730609418282384,0.0,0.05073559392882122,0.054027011568594865
4.313,0.0,0.03472222222222143,0.05730609418282384,0.0,-0.01897196442319886,-0.03724382761388676
4.314,0.0,0.03472222222222143,0.05730609418282384,0.0,-0.018569839069670302,0.007660486530486469
4.315,0.0,0.03472222222222143,0.05730609418282384,0.0,0.04766828977579395,0.02270097587053367
4.316,0.0,-0.9652777777777786,0.05730609418282384,0.0,-0.057817027964232916,-0.04240438984118269
4.317,0.0,0.03472222222222143,0.05730609418282384,0.0,0.045948811317457254,0.04494419782378006
4.318,0.0,0.03472222222222143,0.05730609418282384,0.0,-0.01727028038059535,-0.030835914482053542
4.319,0.0,0.03472222222222143,0.05730609418282384,0.0,-0.016968978812661795,0.006811841711651985
4.32,0.0,0.03472222222222143,0.05730609418282384,0.0,0.043831695669407394,0.017317774619400362
4.321,0.0,0.03472222222222143,0.05730609418282384,0.0,-0.053506584993060394,-0.032698346804019576
4.322,0.0,0.03472222222222143,0.05730609418282384,0.0,0.042819775991105175,0.034692751894097804
4.323,0.0,0.03472222222222143,0.05730609418282384,0.0,-0.01621959603228922,-0.02416908356180921
4.324,0.0,0.03472222222222143,0.05730609418282384,0.0,-0.016041620087523623,0.006518251756769619
4.325,0.0,0.03472222222222143,0.05730609418282384,0.0,0.041795433931193796,0.010957130946307472
4.326,0.0,0.03472222222222143,0.05730609418282384,0.0,-0.051464835492456645,-0.02205974325425805
4.327,0.0,0.03472222222222143,0.05730609418282384,0.0,0.041555514513310014,0.023876621936484797
4.328,0.0,0.03472222222222143,0.05730609418282384,0.0,-0.01588816998823615,-0.017367047213102844
4.329,0.0,0.03472222222222143,0.05730609418282384,0.0,-0.015848892810730365,0.006349350041515869
4.33,0.0,0.03472222222222143,0.05730609418282384,0.0,0.041688637427298156,0.004466455710841088
4.331,0.0,0.03472222222222143,0.05730609418282384,0.0,-0.0518143921980641,-0.011450485550868972
4.332,0.0,0.03472222222222143,0.05730609418282384,0.0,0.04222435400151319,0.01321804823017539
4.333,0.0,0.03472222222222143,0.05730609418282384,0.0,-0.016289510901618114,-0.010643832818787596
4.334,0.0,0.03472222222222143,0.05730609418282384,0.0,-0.01639378389906727,0.005932796630237362
4.335,0.0,0.03472222222222143,0.05730609418282384,0.0,0.04348470545712626,-0.0013373853304021435
4.336,0.0,0.03472222222222143,0.05730609418282384,0.0,-0.05448069405756983,-0.0018272852975458117
4.337,0.0,0.03472222222222143,0.05730609418282384,0.0,0.04473203589052847,0.003465772512581165
4.338,0.0,0.03472222222222143,0.05730609418282384,0.0,-0.017374575810261347,-0.004282169016036575
4.339,0.0,0.03472222222222143,0.05730609418282384,0.0,-0.01761425557850958,0.0050098597117596635
4.34,0.0,0.03472222222222143,0.05730609418282384,0.0,0.04698719277065028,-0.005779139840558216
4.341,0.0,0.03472222222222143,0.05730609418282384,0.0,-0.05917932307093525,0.00598332562754795
4.342,0.0,0.03472222222222143,0.05730609418282384,0.0,0.04881545192111565,-0.004698810990758061
4.343,0.0,0.03472222222222143,0.05730609418282384,0.0,-0.019030968383175004,0.0013978151007550453
4.344,0.0,0.03472222222222143,0.05730609418282384,0.0,-0.019384041103086922,0.003473427764435748
4.345,0.0,0.03472222222222143,0.05730609418282384,0.0,0.051836288718743566,-0.008413787251582884
4.346,0.0,0.03472222222222143,0.05730609418282384,0.0,-0.0654295073164943,0.011389085810769462
4.347,0.0,0.03472222222222143,0.05730609418282384,0.0,0.054058032151097585,-0.010744234488062105
4.348,0.0,0.03472222222222143,0.05730609418282384,0.0,-0.021090445190148268,0.006074643559213279
4.349,0.0,0.03472222222222143,0.05730609418282384,0.0,-0.02152220232970877,0.0013838999198138003
4.35,0.0,0.03472222222222143,0.05730609418282384,0.0,0.0575380510264179,-0.0090811154222409
4.351,0.0,0.03472222222222143,0.05730609418282384,0.0,-0.07259563124110852,0.01410131356056846
4.352,0.0,0.03472222222222143,0.05730609418282384,0.0,0.05992754918166871,-0.014349099518974786
4.353,0.0,0.03472222222222143,0.05730609418282384,0.0,-0.02334475873078003,0.009461235909333877
4.354,0.0,0.03472222222222143,0.05730609418282384,0.0,-0.023811133162675906,-0.0010387983533759956
4.355,0.0,0.03472222222222143,0.05730609418282384,0.0,0.06351485494638777,-0.007919470763933293
4.356,0.0,-0.9652777777777786,0.05730609418282384,0.0,-0.07995392030360128,0.014160771117122863
4.357,0.0,0.03472222222222143,0.05730609418282384,0.0,0.06583330127693005,-0.015432289564785009
4.358,0.0,0.03472222222222143,0.05730609418282384,0.0,-0.025568426382084133,0.011335833144231025
4.359,0.0,0.03472222222222143,0.05730609418282384,0.0,-0.026021190983363782,-0.003445811566046201
4.36,0.0,0.03472222222222143,0.05730609418282384,0.0,0.06917167370610153,-0.005337565755572583
4.361,0.0,0.03472222222222143,0.05730609418282384,0.0,-0.08677680329285067,0.0119177213362218
4.362,0.0,0.03472222222222143,0.05730609418282384,0.0,0.07119596133198058,-0.014150330531829505
4.363,0.0,0.03472222222222143,0.05730609418282384,0.0,-0.02754566815676442,0.011564680051138525
4.364,0.0,0.03472222222222143,0.05730609418282384,0.0,-0.0279388060480518,-0.005408434886283698
4.365,0.0,0.03472222222222143,0.05730609418282384,0.0,0.07396952262301201,-0.0019489704979875966
4.366,0.0,0.03472222222222143,0.05730609418282384,0.0,-0.09242364641074427,0.007970271073363792
4.367,0.0,0.03472222222222143,0.05730609418282384,0.0,0.0755205201444142,-0.010863745064707784
4.368,0.0,0.03472222222222143,0.05730609418282384,0.0,-0.02909775997594229,0.01011441814403208
4.369,0.0,0.03472222222222143,0.05730609418282384,0.0,-0.02939401686656393,-0.006479192639877956
4.37,0.0,0.03472222222222143,0.05730609418282384,0.0,0.07749532964753177,0.0015210556907235013
4.371,0.0,0.03472222222222143,0.05730609418282384,0.0,-0.0964243713501202,0.0030707941971906804
4.372,0.0,0.03472222222222143,0.05730609418282384,0.0,0.07846130490241965,-0.006078516237815531
4.373,0.0,0.03472222222222143,0.05730609418282384,0.0,-0.030106615384575177,0.007053602572728067
4.374,0.0,0.03472222222222143,0.05730609418282384,0.0,-0.03028310790046349,-0.0062568754322887745
4.375,0.0,0.03472222222222143,0.05730609418282384,0.0,0.07951711719062875,0.004343098813901994
4.376,0.0,-0.9652777777777786,0.05730609418282384,0.0,-0.09854244652572829,-0.0019856084424782466
4.377,0.0,0.03472222222222143,0.05730609418282384,0.0,0.07986839645762842,-0.00037196529070432317
4.378,0.0,0.03472222222222143,0.05730609418282384,0.0,-0.030530662836038572,0.0025440941808945973
4.379,0.0,0.03472222222222143,0.05730609418282384,0.0,-0.030582483409451997,-0.004446955714695681
4.38,0.0,0.03472222222222143,0.05730609418282384,0.0,0.08001489709085514,0.00589042800159114
4.381,0.0,0.03472222222222143,0.05730609418282384,0.0,-0.0988060524781044,-0.006474559302973473
4.382,0.0,0.03472222222222143,0.05730609418282384,0.0,0.079806982659679,0.005685937587590619
4.383,0.0,0.03472222222222143,0.05730609418282384,0.0,-0.030410037799207347,-0.0031758555153751796
4.384,0.0,0.03472222222222143,0.05730609418282384,0.0,-0.030351071018852,-0.0009093538718976396
4.385,0.0,0.03472222222222143,0.05730609418282384,0.0,0.07918096638237933,0.00573038735750879
4.386,0.0,0.03472222222222143,0.05730609418282384,0.0,-0.09750063536479625,-0.009841912322814714
4.387,0.0,0.03472222222222143,0.05730609418282384,0.0,0.0785450185615421,0.01160473285659327
4.388,0.0,0.03472222222222143,0.05730609418282384,0.0,-0.029859644061094696,-0.00981430114932049
4.389,0.0,0.03472222222222143,0.05730609418282384,0.0,-0.029720255242217677,0.0043128844717147605
4.39,0.0,0.03472222222222143,0.05730609418282384,0.0,0.07738789358803497,0.003687914330152022
4.391,0.0,0.03472222222222143,0.05730609418282384,0.0,-0.09512194985025958,-0.011775862051186421
4.392,0.0,0.03472222222222143,0.05730609418282384,0.0,0.07650945958420899,0.01702948586617033
4.393,0.0,0.03472222222222143,0.05730609418282384,0.0,-0.02905052987814023,-0.017051234383741946
4.394,0.0,0.03472222222222143,0.05730609418282384,0.0,-0.02887233176351757,0.010988006485876249
4.395,0.0,0.03472222222222143,0.05730609418282384,0.0,0.07512768720756126,-0.00012726141147045538
4.396,0.0,-0.9652777777777786,0.05730609418282384,0.0,-0.09229512545380042,-0.012242384986003113
4.397,0.0,0.03472222222222143,0.05730609418282384,0.0,0.0742165083483748,0.021773786978776667
4.398,0.0,0.03472222222222143,0.05730609418282384,0.0,-0.028181967381046825,-0.024564337034737413
4.399,0.0,0.03472222222222143,0.05730609418282384,0.0,-0.02801041854451654,0.018714101571633935
4.4,0.0,0.03472222222222143,0.05730609418282384,0.0,0.07293057360668066,-0.005333113088798141
4.401,0.0,0.03472222222222143,0.05730609418282384,0.0,-0.0896711864177418,-0.011480088684875437
4.402,0.0,0.03472222222222143,0.05730609418282384,0.0,0.07218589062204003,0.0258264304348296
4.403,0.0,0.03472222222222143,0.05730609418282384,0.0,-0.02744828526910268,-0.032052374873104354
4.404,0.0,0.03472222222222143,0.05730609418282384,0.0,-0.027324319879225668,0.02695969301336069
4.405,0.0,0.03472222222222143,0.05730609418282384,0.0,0.07127561123174396,-0.011325428412052434
4.406,0.0,0.03472222222222143,0.05730609418282384,0.0,-0.08781676431265537,-0.009956270335864516
4.407,0.0,0.03472222222222143,0.05730609418282384,0.0,0.0708523261832148,0.029332303179979622
4.408,0.0,0.03472222222222143,0.05730609418282384,0.0,-0.027005582441815078,-0.03925429064461353
4.409,0.0,0.03472222222222143,0.05730609418282384,0.0,-0.026957723924556386,0.03512141274250665
4.41,0.0,0.03472222222222143,0.05730609418282384,0.0,0.07050731406429686,-0.017358377556878666
4.411,0.0,0.03472222222222143,0.05730609418282384,0.0,-0.08711463512671377,-0.00829129397984472
4.412,0.0,0.03472222222222143,0.05730609418282384,0.0,0.07048846576422126,0.032551585082747525
4.413,0.0,0.03472222222222143,0.05730609418282384,0.0,-0.02694372583060149,-0.045962715301793466
4.414,0.0,0.03472222222222143,0.05730609418282384,0.0,-0.0269821360306004,0.04259156763669524
4.415,0.0,0.03472222222222143,0.05730609418282384,0.0,0.07077211789121647,-0.02264435082204208
4.416,0.0,-0.9652777777777786,0.05730609418282384,0.0,-0.08769173696105967,-0.007162568582529734
4.417,0.0,0.03472222222222143,0.05730609418282384,0.0,0.07115232891125721,0.03580418691978653
4.418,0.0,0.03472222222222143,-0.9426939058171762,0.0,-0.027268419085130537,-0.052031314044550414
4.419,0.0,0.03472222222222143,0.05730609418282384,0.0,-0.027382063816496324,0.048827111761387675
4.42,0.0,0.03472222222222143,0.05730609418282384,0.0,0.07198584295432166,-0.026459438952838175
4.421,0.0,0.03472222222222143,0.05730609418282384,0.0,-0.0893875052162725,-0.0072019111062096705
4.422,0.0,0.03472222222222143,0.05730609418282384,0.0,0.07266879462323658,0.0394080831268606
4.423,0.0,0.03472222222222143,0.05730609418282384,0.0,-0.027896679682309303,-0.057376048211025044
4.424,0.0,0.03472222222222143,0.05730609418282384,0.0,-0.028054285593415034,0.0534113600045978
4.425,0.0,0.03472222222222143,0.05730609418282384,0.0,0.07383863384577598,-0.028240378665166963
4.426,0.0,0.03472222222222143,0.05730609418282384,0.0,-0.09176921764744984,-0.008900619194987502
4.427,0.0,0.03472222222222143,0.05730609418282384,0.0,0.07464945540480344,0.04362065060805704
4.428,0.0,0.03472222222222143,0.05730609418282384,0.0,-0.028666986922396415,-0.06197101017645281
4.429,0.0,0.03472222222222143,0.05730609418282384,0.0,-0.02882180470007442,0.056100740023070736
4.43,0.0,0.03472222222222143,0.05730609418282384,0.0,0.07583790030532535,-0.027660164299621353
4.431,0.0,0.03472222222222143,0.05730609418282384,0.0,-0.09419351523711861,-0.012535143758308304
4.432,0.0,0.03472222222222143,0.05730609418282384,0.0,0.076548959750283,0.04859130229835858
4.433,0.0,0.03472222222222143,0.05730609418282384,0.0,-0.02936298610264451,-0.06583993566004828
4.434,0.0,0.03472222222222143,0.05730609418282384,0.0,-0.029460676444224135,0.05685084969798308
4.435,0.0,0.03472222222222143,0.05730609418282384,0.0,0.07738350078801828,-0.024672607267251515
4.436,0.0,0.03472222222222143,0.05730609418282384,0.0,-0.09590557837701379,-0.018123098937037018
4.437,0.0,0.03472222222222143,0.05730609418282384,0.0,0.0777498495476192,0.054331775355008535
4.438,0.0,0.03472222222222143,0.05730609418282384,0.0,-0.02974734523439065,-0.06904478880544158
4.439,0.0,0.03472222222222143,0.05730609418282384,0.0,-0.02973569570227394,0.05581879472389212
4.44,0.0,0.03472222222222143,0.05730609418282384,0.0,0.07786385907518575,-0.019520451955645654
4.441,0.0,0.03472222222222143,0.05730609418282384,0.0,-0.09616089063482124,-0.02541495805193643
4.442,0.0,0.03472222222222143,0.05730609418282384,0.0,0.07766288891065473,0.060707709118599115
4.443,0.0,0.03472222222222143,0.05730609418282384,0.0,-0.029600551835765206,-0.07167293497698415
4.444,0.0,0.03472222222222143,0.05730609418282384,0.0,-0.02943933350386151,0.05334185155657008
4.445,0.0,0.03472222222222143,0.05730609418282384,0.0,0.07675785293768472,-0.0127066117215874
4.446,0.0,0.03472222222222143,0.05730609418282384,0.0,-0.09435026871626082,-0.03392179508510135
4.447,0.0,0.03472222222222143,0.05730609418282384,0.0,0.07582687164549044,0.06745202977551379
4.448,0.0,0.03472222222222143,0.05730609418282384,0.0,-0.028758434224606,-0.07382436216971107
4.449,0.0,0.03472222222222143,0.05730609418282384,0.0,-0.028427602386519254,0.04989551187168379
4.45,0.0,0.03472222222222143,0.05730609418282384,0.0,0.0737258772739178,-0.00493297985174604
4.451,0.0,-0.9652777777777786,0.05730609418282384,0.0,-0.09010768128504668,-0.04297454056912812
4.452,0.0,0.03472222222222143,0.05730609418282384,0.0,0.07199146885354689,0.07419758503049333
4.453,0.0,0.03472222222222143,-0.9426939058171762,0.0,-0.027142194948099333,-0.07560019677679579
4.454,0.0,0.03472222222222143,0.05730609418282384,0.0,-0.026646862173741563,0.046036505510083064
4.455,0.0,0.03472222222222143,0.05730609418282384,0.0,0.06867478825163802,0.002984569190168601
4.456,0.0,-0.9652777777777786,0.05730609418282384,0.0,-0.0833826236867379,-0.05180609296184013
4.457,0.0,0.03472222222222143,0.05730609418282384,0.0,0.06616899799844578,0.08052385860527111
4.458,0.0,0.03472222222222143,0.05730609418282384,0.0,-0.024775789732407297,-0.07709341252688205
4.459,0.0,0.03472222222222143,0.05730609418282384,0.0,-0.024146925903238043,0.042338131515644535
4.46,0.0,0.03472222222222143,0.05730609418282384,0.0,0.06178534802525414,0.010213492960846244
4.461,0.0,0.03472222222222143,0.05730609418282384,0.0,-0.07446419197701941,-0.05964480274675093
4.462,0.0,0.03472222222222143,0.05730609418282384,0.0,0.05864575849730362,0.08601078128290016
4.463,0.0,0.03472222222222143,0.05730609418282384,0.0,-0.021787433167327726,-0.07838219953131588
4.464,0.0,0.03472222222222143,0.05730609418282384,0.0,-0.02107799112039222,0.03932593474775129
4.465,0.0,0.03472222222222143,0.05730609418282384,0.0,0.053496729786775755,0.016001471337345897
4.466,0.0,0.03472222222222143,0.05730609418282384,0.0,-0.0639516959252239,-0.06580667385597544
4.467,0.0,0.03472222222222143,0.05730609418282384,0.0,0.049950057686174484,0.0902918660774835
4.468,0.0,0.03472222222222143,0.05730609418282384,0.0,-0.018394562969990546,-0.0795260056133483
4.469,0.0,0.03472222222222143,0.05730609418282384,0.0,-0.017671560369927345,0.0374213842912073
4.47,0.0,0.03472222222222143,0.05730609418282384,0.0,0.044449664284888134,0.019760651237912184
4.471,0.0,0.03472222222222143,0.05730609418282384,0.0,-0.05267543326694315,-0.06977421646769918
4.472,0.0,0.03472222222222143,0.05730609418282384,0.0,0.04078120006978938,0.09309921107604574
4.473,0.0,0.03472222222222143,0.05730609418282384,0.0,-0.014874335820495334,-0.08056385540925677
4.474,0.0,0.03472222222222143,0.05730609418282384,0.0,-0.014208191761644744,0.036899834392740034
4.475,0.0,0.03472222222222143,0.05730609418282384,0.0,0.035396752731468764,0.021129163458632916
4.476,0.0,0.03472222222222143,-0.9426939058171762,0.0,-0.04157965992978134,-0.07125210194328858
4.477,0.0,0.03472222222222143,0.05730609418282384,0.0,0.03191034061068174,0.09429426586906083
4.478,0.0,0.03472222222222143,-0.9426939058171762,0.0,-0.011524201000787848,-0.08151426385719653
4.479,0.0,0.03472222222222143,0.05730609418282384,0.0,-0.010977182975051144,0.03786691541481848
4.48,0.0,0.03472222222222143,0.05730609418282384,0.0,0.02709415796384814,0.020003239370834345
4.481,0.0,0.03472222222222143,0.05730609418282384,0.0,-0.03158639670224017,-0.07019325840096148
4.482,0.0,0.03472222222222143,0.05730609418282384,0.0,0.02406907079068354,0.09388043902877181
4.483,0.0,0.03472222222222143,0.05730609418282384,0.0,-0.008618875744415142,-0.08237594527119854
4.484,0.0,0.03472222222222143,0.05730609418282384,0.0,-0.008234745873931576,0.040254949702022695
4.485,0.0,0.03472222222222143,0.05730609418282384,0.0,0.020192317349441873,0.016537410890608034
4.486,0.0,0.03472222222222143,0.05730609418282384,0.0,-0.023462341523624634,-0.0667932808576823
4.487,0.0,0.03472222222222143,0.05730609418282384,0.0,0.01784402470609072,0.09199631765934195
4.488,0.0,0.03472222222222143,0.05730609418282384,0.0,-0.006370805514765931,-0.08312860579168566
4.489,0.0,0.03472222222222143,0.05730609418282384,0.0,-0.006167607625572395,0.04383840037596951
4.49,0.0,0.03472222222222143,0.05730609418282384,0.0,0.01514385502021675,0.011114566778745559
4.491,0.0,0.03472222222222143,0.05730609418282384,0.0,-0.017711111475389694,-0.06145539913507051
4.492,0.0,0.03472222222222143,0.05730609418282384,0.0,0.013595180048695605,0.0888910910606765
4.493,0.0,0.03472222222222143,0.05730609418282384,0.0,-0.004900773785984976,-0.08373338693125189
4.494,0.0,0.03472222222222143,0.05730609418282384,0.0,-0.0048681877571185,0.0482651100572185
4.495,0.0,0.03472222222222143,0.05730609418282384,0.0,0.012144340766930701,0.004291454405651204
4.496,0.0,0.03472222222222143,0.05730609418282384,0.0,-0.014509228195034123,-0.05473213337230472
4.497,0.0,0.03472222222222143,0.05730609418282384,0.0,0.011411905584392833,0.08488631844394075
4.498,0.0,0.03472222222222143,0.05730609418282384,0.0,-0.004223765123563137,-0.08413295103907341
4.499,0.0,0.03472222222222143,0.05730609418282384,0.0,-0.004325654595366189,0.053098468812667506
4.5,0.0,0.03472222222222143,0.05730609418282384,0.0,0.011116297530025172,-0.003271955775729331
4.501,0.0,0.03472222222222143,0.05730609418282384,0.0,-0.013697230329043075,-0.047252639164628914
4.502,0.0,0.03472222222222143,0.05730609418282384,0.0,0.01111470463786808,0.08033009299301926
4.503,0.0,0.03472222222222143,0.05730609418282384,0.0,-0.004252713426068987,-0.0842516780188601
4.504,0.0,0.03472222222222143,0.05730609418282384,0.0,-0.004434546894662115,0.057864846734155755
4.505,0.0,0.03472222222222143,0.05730609418282384,0.0,0.011739717800861381,-0.010889333815644183
4.506,0.0,0.03472222222222143,0.05730609418282384,0.0,-0.01482815305984736,-0.03964622893629194
4.507,0.0,0.03472222222222143,0.05730609418282384,0.0,0.012302990193828411,0.07555065726767687
4.508,0.0,0.03472222222222143,0.05730609418282384,0.0,-0.00481977668419556,-0.08399686382409442
4.509,0.0,0.03472222222222143,0.05730609418282384,0.0,-0.005019682339489174,0.06210067652661275
4.51,0.0,0.03472222222222143,0.05730609418282384,0.0,0.01352447250793452,-0.017921152475385522
4.511,0.0,0.03472222222222143,0.05730609418282384,0.0,-0.01726585115172616,-0.032472489484219456
4.512,0.0,0.03472222222222143,0.05730609418282384,0.0,0.014441350947193994,0.07081647167775855
4.513,0.0,0.03472222222222143,-0.9426939058171762,0.0,-0.005711762738425444,-0.08326205764149262
4.514,0.0,0.03472222222222143,0.05730609418282384,0.0,-0.005873257368887006,0.06539437600897642
4.515,0.0,0.03472222222222143,0.05730609418282384,0.0,0.015912698888770966,-0.02383558071303679
4.516,0.0,0.03472222222222143,0.05730609418282384,0.0,-0.020316895589359087,-0.026166863489385933
4.517,0.0,0.03472222222222143,0.05730609418282384,0.0,0.016969956285888224,0.06630863316431805
4.518,0.0,0.03472222222222143,0.05730609418282384,0.0,-0.006713798445239381,-0.08193364862955253
4.519,0.0,0.03472222222222143,0.05730609418282384,0.0,-0.006797851929183456,0.06741964581040916
4.52,0.0,0.03472222222222143,0.05730609418282384,0.0,0.018393786121618586,-0.02825099316472473
4.521,0.0,0.03472222222222143,0.05730609418282384,0.0,-0.023373552313319255,-0.02100780693432187
4.522,0.0,0.03472222222222143,0.05730609418282384,0.0,0.019420184443009646,0.06210954376993557
4.523,0.0,0.03472222222222143,0.05730609418282384,0.0,-0.007653731506178342,-0.07990146115900407
4.524,0.0,0.03472222222222143,0.05730609418282384,0.0,-0.007647872843761901,0.06795827977005478
4.525,0.0,0.03472222222222143,0.05730609418282384,0.0,0.020611911263560816,-0.030957080491565238
4.526,0.0,0.03472222222222143,0.05730609418282384,0.0,-0.026042775158622,-0.017108127318554947
4.527,0.0,0.03472222222222143,0.05730609418282384,0.0,0.021515076714198597,0.058209131883063966
4.528,0.0,0.03472222222222143,-0.9426939058171762,0.0,-0.00843938007239588,-0.0770734492203703
4.529,0.0,0.03472222222222143,0.05730609418282384,0.0,-0.008362023480235218,0.06691218521893373
4.53,0.0,0.03472222222222143,0.05730609418282384,0.0,0.02244673794765193,-0.031914777586070746
4.531,0.0,-0.9652777777777786,0.05730609418282384,0.0,-0.028237749237225954,-0.014429402387247704
4.532,0.0,0.03472222222222143,0.05730609418282384,0.0,0.023236159522816092,0.05452712180581505
4.533,0.0,0.03472222222222143,0.05730609418282384,0.0,-0.009081701586961605,-0.07339367684949757
4.534,0.0,0.03472222222222143,0.05730609418282384,0.0,-0.008980696282361434,0.06430556821753233
4.535,0.0,0.03472222222222143,0.05730609418282384,0.0,0.024051855406946016,-0.03123808531413136
4.536,0.0,0.03472222222222143,0.05730609418282384,0.0,-0.030214152580107626,-0.012815044381916203
4.537,0.0,0.03472222222222143,0.05730609418282384,0.0,0.024843307367198482,0.05094725996530533
4.538,0.0,0.03472222222222143,0.05730609418282384,0.0,-0.009699119537924778,-0.06886177885559328
4.539,0.0,0.03472222222222143,0.05730609418282384,0.0,-0.009644560293205408,0.0602790218669651
4.54,0.0,0.03472222222222143,0.05730609418282384,0.0,0.025842230924531147,-0.029162932719402585
4.541,0.0,0.03472222222222143,0.05730609418282384,0.0,-0.0325421314087428,-0.012035107734725754
4.542,0.0,0.03472222222222143,0.05730609418282384,0.0,0.026841874620755546,0.04735744587578823
4.543,0.0,0.03472222222222143,0.05730609418282384,0.0,-0.010501298312072048,-0.06355120763876568
4.544,0.0,0.03472222222222143,0.05730609418282384,0.0,-0.010573688276562352,0.05507750496185306
4.545,0.0,0.03472222222222143,0.05730609418282384,0.0,0.028430330411539622,-0.026009251253659202
4.546,0.0,0.03472222222222143,0.05730609418282384,0.0,-0.036015622064602515,-0.011834688590724712
4.547,0.0,0.03472222222222143,0.05730609418282384,0.0,0.029900109313424454,0.04368870427436171
4.548,0.0,0.03472222222222143,0.05730609418282384,0.0,-0.01175410798486396,-0.057622993968342154
4.549,0.0,0.03472222222222143,0.05730609418282384,0.0,-0.012029844513399807,0.04903397324547091
4.55,0.0,0.03472222222222143,0.05730609418282384,0.0,0.03251927988283681,-0.02214234214049305
4.551,0.0,0.03472222222222143,0.05730609418282384,0.0,-0.04151137908341469,-0.011977882477271528
4.552,0.0,0.03472222222222143,0.05730609418282384,0.0,0.03472844856055123,0.039946054127162955
4.553,0.0,0.03472222222222143,0.05730609418282384,0.0,-0.013730807772807893,-0.051331662647057956
4.554,0.0,0.03472222222222143,0.05730609418282384,0.0,-0.014267498297831053,0.04254988581026702
4.555,0.0,0.03472222222222143,0.05730609418282384,0.0,0.03876905826622121,-0.017938537523399228
4.556,0.0,0.03472222222222143,0.05730609418282384,0.0,-0.049819106371459976,-0.01228068035222166
4.557,0.0,0.03472222222222143,0.05730609418282384,0.0,0.04193925138419071,0.0362255897327485
4.558,0.0,0.03472222222222143,0.05730609418282384,0.0,-0.01665704564797419,-0.04502046209788519
4.559,0.0,0.03472222222222143,0.05730609418282384,0.0,-0.01748124731078584,0.03607317492747751
4.56,0.0,0.03472222222222143,0.05730609418282384,0.0,0.04765694125743464,-0.013758374130399898
4.561,0.0,0.03472222222222143,0.05730609418282384,0.0,-0.06146989597469004,-0.01262861388677778
4.562,0.0,0.03472222222222143,0.05730609418282384,0.0,0.051909652755697845,0.0327143164185731
4.563,0.0,0.03472222222222143,0.05730609418282384,0.0,-0.020658672846812626,-0.039104205378306764
4.564,0.0,0.03472222222222143,0.05730609418282384,0.0,-0.021758262913959103,0.030073768542181974
4.565,0.0,0.03472222222222143,0.05730609418282384,0.0,0.05935533296430544,-0.009928409284575153
4.566,0.0,0.03472222222222143,0.05730609418282384,0.0,-0.07659171152051722,-0.012977968046394199
4.567,0.0,0.03472222222222143,0.05730609418282384,0.0,0.06467076233478611,0.029672143752734727
4.568,0.0,0.03472222222222143,0.05730609418282384,0.0,-0.025721337381757116,-0.03403967808188877
4.569,0.0,0.03472222222222143,0.05730609418282384,0.0,-0.02704392698877532,0.025016577142900412
4.57,0.0,0.03472222222222143,0.05730609418282384,0.0,0.07364832555539579,-0.0067308390176106766
4.571,0.0,0.03472222222222143,0.05730609418282384,0.0,-0.09481754340371103,-0.013342434874401732
4.572,0.0,0.03472222222222143,0.05730609418282384,0.0,0.07984319331426165,0.02739848288423504
4.573,0.0,0.03472222222222143,-0.9426939058171762,0.0,-0.031669311724117674,-0.03028553198286716
4.574,0.0,0.03472222222222143,0.05730609418282384,0.0,-0.03312705735846435,0.021332099416840836
4.575,0.0,0.03472222222222143,0.05730609418282384,0.0,0.08990301296485811,-0.004398605444104583
4.576,0.0,-0.9652777777777786,0.05730609418282384,0.0,-0.11526449254551112,-0.013769658789187624
4.577,0.0,0.03472222222222143,0.05730609418282384,0.0,0.09663231502884076,0.02618862422083729
4.578,0.0,0.03472222222222143,0.05730609418282384,0.0,-0.03816822962348042,-0.028255550062060996
4.579,0.0,0.03472222222222143,0.05730609418282384,0.0,-0.039648271414217055,0.01938544910172152
4.58,0.0,0.03472222222222143,0.05730609418282384,0.0,0.10710352380107531,-0.003112968353195216
4.581,0.0,0.03472222222222143,0.05730609418282384,0.0,-0.13659149201347662,-0.01431378074295587
4.582,0.0,0.03472222222222143,0.05730609418282384,0.0,0.11388765682663365,0.02628702145044684
4.583,0.0,0.03472222222222143,0.05730609418282384,0.0,-0.04475277206564596,-0.028270793667251524
4.584,0.0,0.03472222222222143,0.05730609418282384,0.0,-0.04613154698192686,0.019445528095267606
4.585,0.0,0.03472222222222143,0.05730609418282384,0.0,0.12394616027462581,-0.003000664927219102
4.586,0.0,0.03472222222222143,0.05730609418282384,0.0,-0.15713126960791893,-0.015010548756095816
4.587,0.0,0.03472222222222143,0.05730609418282384,0.0,0.130220934660194,0.02784542193037128
4.588,0.0,0.03472222222222143,0.05730609418282384,0.0,-0.050876418750240696,-0.030517096367119256
4.589,0.0,0.03472222222222143,0.05730609418282384,0.0,-0.05203544600097607,0.02165704495299237
4.59,0.0,0.03472222222222143,0.05730609418282384,0.0,0.1389844293141774,-0.004128714094182975
4.591,0.0,-0.9652777777777786,0.05730609418282384,0.0,-0.17508038964091435,-0.01586075835516016
4.592,0.0,0.03472222222222143,0.05730609418282384,0.0,0.1441677972889509,0.030893279484624517
4.593,0.0,0.03472222222222143,0.05730609418282384,0.0,-0.05597679519308828,-0.035014399491293854
4.594,0.0,0.03472222222222143,0.05730609418282384,0.0,-0.056817333578397244,0.026018832163252927
4.595,0.0,0.03472222222222143,0.05730609418282384,0.0,0.15080465215845448,-0.006496399647371164
4.596,0.0,-0.9652777777777786,0.05730609418282384,0.0,-0.18872166650660083,-0.016825874075552295
4.597,0.0,0.03472222222222143,0.05730609418282384,0.0,0.15437110227540526,0.035326093719979204
4.598,0.0,0.03472222222222143,0.05730609418282384,0.0,-0.05954748136906209,-0.04160341152888347
4.599,0.0,0.03472222222222143,0.05730609418282384,0.0,-0.060001749205692394,0.03237218865471489
4.6,0.0,0.03472222222222143,0.05730609418282384,0.0,0.1582075460316631,-0.010025636601485597
4.601,0.0,0.03472222222222143,0.05730609418282384,0.0,-0.1966474692032891,-0.017837016312394965
4.602,0.0,0.03472222222222143,0.05730609418282384,0.0,0.1597595301488468,0.04091448756196523
4.603,0.0,0.03472222222222143,0.05730609418282384,0.0,-0.061205853065621194,-0.049953065891518704
4.604,0.0,0.03472222222222143,0.05730609418282384,0.0,-0.06124321939674142,0.040402574266091694
4.605,0.0,0.03472222222222143,0.05730609418282384,0.0,0.1603695641329277,-0.014552391419791356
4.606,0.0,0.03472222222222143,0.05730609418282384,0.0,-0.19795140923552365,-0.018815569095905496
4.607,0.0,0.03472222222222143,0.05730609418282384,0.0,0.15969531898631956,0.04733339568868205
4.608,0.0,0.03472222222222143,0.05730609418282384,0.0,-0.060746836607763345,-0.05958947488173359
4.609,0.0,0.03472222222222143,0.05730609418282384,0.0,-0.06037439091382193,0.04965683847982795
4.61,0.0,0.03472222222222143,0.05730609418282384,0.0,0.15696016362694182,-0.019822725670334856
4.611,0.0,-0.9652777777777786,0.05730609418282384,0.0,-0.19235985815028417,-0.01970102103558041
4.612,0.0,0.03472222222222143,0.05730609418282384,0.0,0.15406891875611264,0.054207247263911636
4.613,0.0,0.03472222222222143,0.05730609418282384,0.0,-0.0581743520022732,-0.0699439133572684
4.614,0.0,0.03472222222222143,0.05730609418282384,0.0,-0.057432334451184605,0.05957635352134111
4.615,0.0,0.03472222222222143,0.05730609418282384,0.0,0.14819722538636054,-0.025497108312236623
4.616,0.0,-0.9652777777777786,0.05730609418282384,0.0,-0.18028312433909838,-0.02047979998805245
4.617,0.0,0.03472222222222143,0.05730609418282384,0.0,0.14332585199793288,0.0611640779107797
4.618,0.0,0.03472222222222143,-0.9426939058171762,0.0,-0.0537054247047144,-0.08041429847343726
4.619,0.0,0.03472222222222143,0.05730609418282384,0.0,-0.05265892942338406,0.069544168932532
4.62,0.0,0.03472222222222143,0.05730609418282384,0.0,0.13483167470274018,-0.03116579955478923
4.621,0.0,0.03472222222222143,0.05730609418282384,0.0,-0.16277767744431357,-0.02120817676446718
4.622,0.0,0.03472222222222143,0.05730609418282384,0.0,0.12842089685713418,0.06788962593918121
4.623,0.0,0.03472222222222143,0.05730609418282384,0.0,-0.04774597412176844,-0.09043217566663468
4.624,0.0,0.03472222222222143,0.05730609418282384,0.0,-0.04647493204220405,0.0789419590987813
4.625,0.0,0.03472222222222143,0.05730609418282384,0.0,0.11806261033246279,-0.036376440902821265
4.626,0.0,0.03472222222222143,0.05730609418282384,0.0,-0.14142378017031715,-0.02202296789043977
4.627,0.0,0.03472222222222143,0.05730609418282384,0.0,0.11070537310902254,0.07417202858128959
4.628,0.0,0.03472222222222143,0.05730609418282384,0.0,-0.04084151200172651,-0.09952583173847171
4.629,0.0,0.03472222222222143,0.05730609418282384,0.0,-0.03943109501962972,0.0872105109178127
4.63,0.0,0.03472222222222143,0.05730609418282384,0.0,0.09939437172829187,-0.0406727601606973
4.631,0.0,0.03472222222222143,0.05730609418282384,0.0,-0.118135277680915,-0.02313569765836061
4.632,0.0,0.03472222222222143,0.05730609418282384,0.0,0.0917631631579418,0.07992888154338991
4.633,0.0,0.03472222222222143,0.05730609418282384,0.0,-0.03360974238934266,-0.10737014866337256
4.634,0.0,0.03472222222222143,0.05730609418282384,0.0,-0.03214298156530575,0.09390620268264832
4.635,0.0,0.03472222222222143,0.05730609418282384,0.0,0.08045540986134857,-0.04364091843679841
4.636,0.0,-0.9652777777777786,0.05730609418282384,0.0,-0.09492819389984096,-0.02480878716798461
4.637,0.0,0.03472222222222143,0.05730609418282384,0.0,0.07321860982843684,0.08521104416874778
4.638,0.0,0.03472222222222143,-0.9426939058171762,0.0,-0.026664752000926353,-0.11381529571441232
4.639,0.0,0.03472222222222143,0.05730609418282384,0.0,-0.025218409641598563,0.09874567920053587
4.64,0.0,0.03472222222222143,0.05730609418282384,0.0,0.06280428554351469,-0.044957952666250696
4.641,0.0,0.03472222222222143,0.05730609418282384,0.0,-0.07368066770451474,-0.027315735614321685
4.642,0.0,0.03472222222222143,0.05730609418282384,0.0,0.05654343641590914,0.09018129312348803
4.643,0.0,0.03472222222222143,0.05730609418282384,0.0,-0.020543686408484002,-0.11888920161012471
4.644,0.0,0.03472222222222143,0.05730609418282384,0.0,-0.01918743747693635,0.10163190087585842
4.645,0.0,0.03472222222222143,0.05730609418282384,0.0,0.04774977408635597,-0.0444354430287496
4.646,0.0,0.03472222222222143,0.05730609418282384,0.0,-0.055917733030646614,-0.03089055037250139
4.647,0.0,0.03472222222222143,0.05730609418282384,0.0,0.04288971671168719,0.0950701760914503
4.648,0.0,0.03472222222222143,0.05730609418282384,0.0,-0.015646330165597744,-0.12277258620115368
4.649,0.0,0.03472222222222143,0.05730609418282384,0.0,-0.014444323341460306,0.10265690615576593
4.65,0.0,0.03472222222222143,0.05730609418282384,0.0,0.03620967218251898,-0.0420512931172877
4.651,0.0,0.03472222222222143,0.05730609418282384,0.0,-0.04265037640933699,-0.035674263125353226
4.652,0.0,0.03472222222222143,0.05730609418282384,0.0,0.03297171606575088,0.10011550333814737
4.653,0.0,0.03472222222222143,-0.9426939058171762,0.0,-0.01219592374738621,-0.12574960658280906
4.654,0.0,0.03472222222222143,0.05730609418282384,0.0,-0.01120904779022965,0.10207973669400197
4.655,0.0,0.03472222222222143,0.05730609418282384,0.0,0.028626874602185933,-0.03796350804585191
4.656,0.0,0.03472222222222143,0.05730609418282384,0.0,-0.034289851766290694,-0.04166773326753607
4.657,0.0,0.03472222222222143,0.05730609418282384,0.0,0.027011803944526132,0.1054951435349725
4.658,0.0,0.03472222222222143,0.05730609418282384,0.0,-0.010226190818354528,-0.12814122053988455
4.659,0.0,0.03472222222222143,0.05730609418282384,0.0,-0.009513066446835923,0.10028160612943268
4.66,0.0,0.03472222222222143,0.05730609418282384,0.0,0.024952569444349804,-0.03250203120673972
4.661,0.0,0.03472222222222143,0.05730609418282384,0.0,-0.030646734632144797,-0.048699771902817095
4.662,0.0,0.03472222222222143,0.05730609418282384,0.0,0.024755813164430866,0.11126457652109749
4.663,0.0,0.03472222222222143,0.05730609418282384,0.0,-0.009595454931802914,-0.13023152167894714
4.664,0.0,0.03472222222222143,0.05730609418282384,0.0,-0.00921041548630504,0.0977039937231659
4.665,0.0,0.03472222222222143,0.05730609418282384,0.0,0.024696355276681292,-0.0261377742264294
4.666,0.0,0.03472222222222143,0.05730609418282384,0.0,-0.031011462036565473,-0.05641785837882513
4.667,0.0,0.03472222222222143,0.05730609418282384,0.0,0.025552741068816744,0.11731062940316933
4.668,0.0,0.03472222222222143,0.05730609418282384,0.0,-0.010024552670847396,-0.13219899308145602
4.669,0.0,0.03472222222222143,0.05730609418282384,0.0,-0.010011657181550398,0.09477832077346666
4.67,0.0,0.03472222222222143,0.05730609418282384,0.0,0.027033268059227455,-0.01943148495939671
4.671,0.0,0.03472222222222143,0.05730609418282384,0.0,-0.03430111493310404,-0.06430557946828828
4.672,0.0,0.03472222222222143,0.05730609418282384,0.0,0.028484196224378127,0.12333089822703322
4.673,0.0,0.03472222222222143,-0.9426939058171762,0.0,-0.011151669467283982,-0.13406450341649687
4.674,0.0,0.03472222222222143,0.05730609418282384,0.0,-0.011534970458897807,0.09185768751831441
4.675,0.0,0.03472222222222143,0.05730609418282384,0.0,0.030949623683490635,-0.012968472981479464
4.676,0.0,-0.9652777777777786,0.05730609418282384,0.0,-0.039247805564655444,-0.07172686060723596
4.677,0.0,0.03472222222222143,0.05730609418282384,0.0,0.032521964068801784,0.12884476077533788
4.678,0.0,0.03472222222222143,-0.9426939058171762,0.0,-0.012594806326831557,-0.13566585043299897
4.679,0.0,0.03472222222222143,0.05730609418282384,0.0,-0.013366424730590083,0.08916143200170695
4.68,0.0,0.03472222222222143,0.05730609418282384,0.0,0.03540444815181553,-0.007287863525408127
4.681,0.0,0.03472222222222143,0.05730609418282384,0.0,-0.044598653390170676,-0.077992719443271
4.682,0.0,0.03472222222222143,0.05730609418282384,0.0,0.03668856559547979,0.13323712739280946
4.683,0.0,0.03472222222222143,0.05730609418282384,0.0,-0.014011710568086236,-0.13666496341579995
4.684,0.0,0.03472222222222143,0.05730609418282384,0.0,-0.015120440938868263,0.08674186891850184
4.685,0.0,0.03472222222222143,0.05730609418282384,0.0,0.039481820274347205,-0.0028164785593375063
4.686,0.0,0.03472222222222143,0.05730609418282384,0.0,-0.04929674078834274,-0.08244237050555828
4.687,0.0,0.03472222222222143,0.05730609418282384,0.0,0.04019621080247772,0.13583087759203985
4.688,0.0,0.03472222222222143,0.05730609418282384,0.0,-0.015147897446912499,-0.13658901065381177
4.689,0.0,0.03472222222222143,0.05730609418282384,0.0,-0.016491766407491816,0.08447959157697685
4.69,0.0,0.03472222222222143,0.05730609418282384,0.0,0.04251184212806055,0.00018267403998852198
4.691,0.0,0.03472222222222143,0.05730609418282384,0.0,-0.05261663742452423,-0.084527718469958
4.692,0.0,0.03472222222222143,0.05730609418282384,0.0,0.04254395011092337,0.13597911095851617
4.693,0.0,0.03472222222222143,0.05730609418282384,0.0,-0.015865702833056012,-0.1349013330187403
4.694,0.0,0.03472222222222143,0.05730609418282384,0.0,-0.017291887380238985,0.08210955260780457
4.695,0.0,0.03472222222222143,0.05730609418282384,0.0,0.044143726543777205,0.001639063422695567
4.696,0.0,0.03472222222222143,-0.9426939058171762,0.0,-0.0542363126251819,-0.08388910883839736
4.697,0.0,0.03472222222222143,0.05730609418282384,0.0,0.043560328399000287,0.13316468890278815
4.698,0.0,0.03472222222222143,0.05730609418282384,0.0,-0.016150739384937208,-0.13109315677243072
4.699,0.0,0.03472222222222143,0.05730609418282384,0.0,-0.017465402368046255,0.07927537226551017
4.7,0.0,0.03472222222222143,0.05730609418282384,0.0,0.04436266868334947,0.0016753836782773606
4.701,0.0,0.03472222222222143,0.05730609418282384,0.0,-0.0542381278087205,-0.0804109192167585
4.702,0.0,0.03472222222222143,0.05730609418282384,0.0,0.04338818186539659,0.12709268308306518
4.703,0.0,0.03472222222222143,0.05730609418282384,0.0,-0.016096094126453863,-0.12478321984115992
4.704,0.0,0.03472222222222143,0.05730609418282384,0.0,-0.01708506297817071,0.07560467872438724
4.705,0.0,0.03472222222222143,0.05730609418282384,0.0,0.04345140575813241,0.0005794813377758888
4.706,0.0,0.03472222222222143,0.05730609418282384,0.0,-0.05304332056218569,-0.07424812754730242
4.707,0.0,0.03472222222222143,0.05730609418282384,0.0,0.04241783781145907,0.11776163087422829
4.708,0.0,0.03472222222222143,0.05730609418282384,0.0,-0.015868430040572926,-0.1158104159722729
4.709,0.0,0.03472222222222143,0.05730609418282384,0.0,-0.016327460499166765,0.07079450131580571
4.71,0.0,0.03472222222222143,0.05730609418282384,0.0,0.0419061735155709,-0.0012489222586307325
4.711,0.0,0.03472222222222143,0.05730609418282384,0.0,-0.051295050045979486,-0.06581903480571911
4.712,0.0,0.03472222222222143,0.05730609418282384,0.0,0.041183301289142146,0.10550194783634678
4.713,0.0,0.03472222222222143,-0.9426939058171762,0.0,-0.01566318872041436,-0.10430470147498026
4.714,0.0,0.03472222222222143,0.05730609418282384,0.0,-0.015434198188011365,0.06469345250476206
4.715,0.0,0.03472222222222143,0.05730609418282384,0.0,0.040323740701002815,-0.003368939551502432
4.716,0.0,-0.9652777777777786,0.05730609418282384,0.0,-0.04971295739332937,-0.055764241289631554
4.717,0.0,0.03472222222222143,0.05730609418282384,0.0,0.040241687449549826,0.09097413688989046
4.718,0.0,0.03472222222222143,-0.9426939058171762,0.0,-0.015657819430085998,-0.09072387445036104
4.719,0.0,0.03472222222222143,0.05730609418282384,0.0,-0.014665416785848324,0.057367077418143175
4.72,0.0,0.03472222222222143,0.05730609418282384,0.0,0.03928025801728608,-0.00537577989051061
4.721,0.0,0.03472222222222143,0.05730609418282384,0.0,-0.04894606300706925,-0.04487700823358468
4.722,0.0,0.03472222222222143,0.05730609418282384,0.0,0.04005827920892955,0.07512494090926672
4.723,0.0,0.03472222222222143,0.05730609418282384,0.0,-0.015972087898658702,-0.07584813907057125
4.724,0.0,0.03472222222222143,0.05730609418282384,0.0,-0.014253446677731796,0.04913446728375176
4.725,0.0,0.03472222222222143,0.05730609418282384,0.0,0.03922319552939384,-0.00697219792620617
4.726,0.0,0.03472222222222143,0.05730609418282384,0.0,-0.04945010264942296,-0.03401447320473663
4.727,0.0,0.03472222222222143,0.05730609418282384,0.0,0.040917846384978585,0.05910548519945132
4.728,0.0,0.03472222222222143,0.05730609418282384,0.0,-0.016643024740390547,-0.060730016624284615
4.729,0.0,0.03472222222222143,0.05730609418282384,0.0,-0.01436403404939956,0.040567855386080286
4.73,0.0,0.03472222222222143,0.05730609418282384,0.0,0.04039463765619232,-0.008022188160432063
4.731,0.0,0.03472222222222143,0.05730609418282384,0.0,-0.05141028181044079,-0.024002118106052777
4.732,0.0,0.03472222222222143,0.05730609418282384,0.0,0.04287758948203152,0.04416085375411433
4.733,0.0,0.03472222222222143,0.05730609418282384,0.0,-0.017619216834001184,-0.04660335422491663
4.734,0.0,0.03472222222222143,0.05730609418282384,0.0,-0.015071110572960678,0.0324519719656358
4.735,0.0,0.03472222222222143,0.05730609418282384,0.0,0.04279820868116527,-0.00857735367395111
4.736,0.0,0.03472222222222143,0.05730609418282384,0.0,-0.05472181330076894,-0.01554491914805684
4.737,0.0,0.03472222222222143,0.05730609418282384,0.0,0.045769192693293374,0.03150461657856899
4.738,0.0,0.03472222222222143,0.05730609418282384,0.0,-0.018775422042612556,-0.03476101244908976
4.739,0.0,0.03472222222222143,0.05730609418282384,0.0,-0.01634870128373882,0.025705724198390942
4.74,0.0,0.03472222222222143,0.05730609418282384,0.0,0.04621394689474003,-0.008870382146935368
4.741,0.0,0.03472222222222143,0.05730609418282384,0.0,-0.05902997968683325,-0.009157548770859348
4.742,0.0,0.03472222222222143,0.05730609418282384,0.0,0.0492483468753149,0.022193959025660855
4.743,0.0,0.03472222222222143,0.05730609418282384,0.0,-0.019944551789815003,-0.026415432025561236
4.744,0.0,0.03472222222222143,0.05730609418282384,0.0,-0.01808068063645247,0.021274453665816394
4.745,0.0,0.03472222222222143,0.05730609418282384,0.0,0.05025687686847197,-0.00927513122040646
4.746,0.0,0.03472222222222143,0.05730609418282384,0.0,-0.06382064212546402,-0.00512300050297053
4.747,0.0,0.03472222222222143,0.05730609418282384,0.0,0.05288130632912122,0.017020947534972172
4.748,0.0,0.03472222222222143,0.05730609418282384,0.0,-0.020960617906838227,-0.02255901166189229
4.749,0.0,0.03472222222222143,0.05730609418282384,0.0,-0.020086150823738474,0.020005764732512952
4.75,0.0,0.03472222222222143,0.05730609418282384,0.0,0.05446728447315972,-0.010238192508826573
4.751,0.0,0.03472222222222143,0.05730609418282384,0.0,-0.06854294318717162,-0.0034845400328746418
4.752,0.0,0.03472222222222143,0.05730609418282384,0.0,0.05625109610676186,0.016433142709975625
4.753,0.0,0.03472222222222143,0.05730609418282384,0.0,-0.021703908293753044,-0.0238416787930422
4.754,0.0,0.03472222222222143,0.05730609418282384,0.0,-0.022155688329822093,0.022524992329947372
4.755,0.0,0.03472222222222143,0.05730609418282384,0.0,0.058415074757875336,-0.012191629507026453
4.756,0.0,-0.9652777777777786,0.05730609418282384,0.0,-0.07273999351887299,-0.004070666697542439
4.757,0.0,0.03472222222222143,0.05730609418282384,0.0,0.05906210860712049,0.020492627383334943
4.758,0.0,0.03472222222222143,0.05730609418282384,0.0,-0.022138887093514154,-0.0304811446550467
4.759,0.0,0.03472222222222143,0.05730609418282384,0.0,-0.024091974094582778,0.029127297415403045
4.76,0.0,0.03472222222222143,0.05730609418282384,0.0,0.06179803402187106,-0.015460087677346936
4.761,0.0,0.03472222222222143,0.05730609418282384,0.0,-0.07616162818662742,-0.006547646143587708
4.762,0.0,0.03472222222222143,0.05730609418282384,0.0,0.061221728956133224,0.02887721798519192
4.763,0.0,0.03472222222222143,0.05730609418282384,0.0,-0.022336293497275474,-0.042217388121508416
4.764,0.0,0.03472222222222143,0.05730609418282384,0.0,-0.025747651743798224,0.03970195995271306
4.765,0.0,0.03472222222222143,0.05730609418282384,0.0,0.06451476439696209,-0.020177057788653686
4.766,0.0,0.03472222222222143,0.05730609418282384,0.0,-0.07883619887795403,-0.010489983427555293
4.767,0.0,0.03472222222222143,0.05730609418282384,0.0,0.06288138374059872,0.04092200024932435
4.768,0.0,0.03472222222222143,0.05730609418282384,0.0,-0.02247352246629098,-0.05831748411483733
4.769,0.0,0.03472222222222143,0.05730609418282384,0.0,-0.02705374347998669,0.05370083500011551
4.77,0.0,0.03472222222222143,0.05730609418282384,0.0,0.06669737405518245,-0.026224422344211778
4.771,0.0,0.03472222222222143,0.05730609418282384,0.0,-0.08108539662689765,-0.015456631789645693
4.772,0.0,0.03472222222222143,0.05730609418282384,0.0,0.06442643812482685,0.05569422922707527
4.773,0.0,0.03472222222222143,-0.9426939058171762,0.0,-0.022811205161796362,-0.0776307542261514
4.774,0.0,0.03472222222222143,0.05730609418282384,0.0,-0.028033512174920686,0.0701576130768938
4.775,0.0,0.03472222222222143,0.05730609418282384,0.0,0.06869599284591432,-0.03320655574884259
