time_s,background_centered_adc,without_centered_adc,with_centered_adc,background_filtered_100hz_adc,without_filtered_100hz_adc,with_filtered_100hz_adc
0.0,99.98712039045553,0.19194603434178248,-0.8172410607040561,5.000002393089533,-0.21673186422129273,-0.05804110061950096
0.001,-0.012879609544469872,0.19194603434178248,0.1827589392959439,1.5434621722794635,0.06600739304055844,-0.12722652934771328
0.002,-0.012879609544469872,0.19194603434178248,0.1827589392959439,-4.028095960706907,0.2506438019721133,0.016816454389123752
0.003,-0.012879609544469872,0.19194603434178248,0.1827589392959439,-4.006920073787339,0.06688231353991157,0.14911718588135067
0.004,-0.012879609544469872,0.19194603434178248,0.1827589392959439,1.5192266562224437,-0.21657827237268093,0.04534736064618166
0.005,-0.012879609544469872,0.19194603434178248,-0.8172410607040561,4.869633318403213,-0.18344161168990902,-0.15084750843387626
0.006,-0.012879609544469872,0.19194603434178248,0.1827589392959439,1.4872806500791442,0.12151102380621169,-0.12733289986132695
0.007,-0.012879609544469872,0.19194603434178248,0.1827589392959439,-3.8399683265989517,0.2531301748861209,0.10812927519553381
0.008,-0.012879609544469872,0.19194603434178248,0.1827589392959439,-3.778479113757371,0.01342551392155573,0.20515168223196995
0.009,-0.012879609544469872,-0.8080539656582175,0.1827589392959439,1.4169098600503744,-0.2532295348659799,-0.009526640243836614
0.01,-0.012879609544469872,0.19194603434178248,-0.8172410607040561,4.491072667375045,-0.15422967315748504,-0.23875426144003178
0.011,-0.012879609544469872,0.19194603434178248,0.1827589392959439,1.3560854110657647,0.17607207475808306,-0.12774582373359514
0.012,-0.012879609544469872,0.19194603434178248,0.1827589392959439,-3.460606114264537,0.25933103460790197,0.1924977118651976
0.013,-0.012879609544469872,0.19194603434178248,0.1827589392959439,-3.3646835911372084,-0.03571151759538188,0.25663271394941084
0.014,-0.012879609544469872,-0.8080539656582175,0.1827589392959439,1.2463067658103888,-0.29042388831862187,-0.05885082259164827
0.015,-0.012879609544469872,0.19194603434178248,-0.8172410607040561,3.900489547792418,-0.1303874958628844,-0.31728253510843285
0.016,-0.012879609544469872,0.19194603434178248,0.1827589392959439,1.1623813168860972,0.22690434421176714,-0.128398435035784
0.017,-0.012879609544469872,0.19194603434178248,0.1827589392959439,-2.926069299718212,0.2686497339419282,0.2657558176966471
0.018,-0.012879609544469872,0.19194603434178248,0.1827589392959439,-2.8047456930597536,-0.07825443977713349,0.3009855077985244
0.019,-0.012879609544469872,-0.8080539656582175,0.1827589392959439,1.0235285946331398,-0.32608946200738487,-0.10033280749901322
0.02,-0.012879609544469872,0.19194603434178248,-0.8172410607040561,3.1534448846122047,-0.11269365857382095,-0.3827130566622847
0.021,-0.012879609544469872,0.19194603434178248,0.1827589392959439,0.9243153260902761,0.2715453384290946,-0.12914198081357528
0.022,-0.012879609544469872,0.19194603434178248,0.1827589392959439,-2.2862047747494927,0.2801747957956762,0.3246812378545159
0.023,-0.012879609544469872,0.19194603434178248,0.1827589392959439,-2.150618150588785,-0.11252957986631189,0.33617897430046745
0.024,-0.012879609544469872,-0.8080539656582175,0.1827589392959439,0.7691317644975004,-0.35826462260303515,-0.13238078297692754
0.025,-0.012879609544469872,0.19194603434178248,-0.8172410607040561,2.3184584487601385,-0.1013549952433237,-0.43239534856665146
0.026,-0.012879609544469872,0.19194603434178248,0.1827589392959439,0.6635811036055947,0.30807220352182885,-0.12976245056500366
0.027,-0.012879609544469872,0.19194603434178248,0.1827589392959439,-1.5989079074190278,0.2927735509509682,0.3672528260172771
0.028,-0.012879609544469872,0.19194603434178248,0.1827589392959439,-1.4610330504414177,-0.1375962369429937,0.3608923361536426
0.029,-0.012879609544469872,-0.8080539656582175,0.1827589392959439,0.5057677134901477,-0.38527504135188895,-0.15421890597426843
0.03,-0.012879609544469872,0.19194603434178248,-0.8172410607040561,1.4692060326187442,-0.09601243123492273,-0.46495004773828474
0.031,-0.012879609544469872,0.19194603434178248,0.1827589392959439,0.4029592728792754,0.3352564309318469,-0.13000899575471186
0.032,-0.012879609544469872,0.19194603434178248,0.1827589392959439,-0.9235890378075957,0.3052104477185731,0.39278560239774923
0.033,-0.012879609544469872,0.19194603434178248,0.1827589392959439,-0.7949080875908159,-0.15329693763877614,0.37461461608532753
0.034,-0.012879609544469872,-0.8080539656582175,0.1827589392959439,0.25565421094688534,-0.4058786792954239,-0.1659170785407908
0.035,-0.012879609544469872,0.19194603434178248,-0.8172410607040561,0.6763454484924818,-0.09580937023413438,-0.4803463370004242
0.036,-0.012879609544469872,0.19194603434178248,0.1827589392959439,0.16380711768444833,0.3526422033397653,-0.12963080733526453
0.037,-0.012879609544469872,0.19194603434178248,0.1827589392959439,-0.3146754812548532,0.3162764645214733,0.4019327693025019
0.038,-0.012879609544469872,0.19194603434178248,0.1827589392959439,-0.20495523336660962,-0.1602228844051051,0.37766847236590767
0.039,-0.012879609544469872,-0.8080539656582175,0.1827589392959439,0.03818699891582236,-0.41936405801326915,-0.16833507481570142
0.04,-0.012879609544469872,0.19194603434178248,-0.8172410607040561,-2.8385877269346436e-06,-0.09951274720811397,-0.47985031173569054
0.041,-0.012879609544469872,0.19194603434178248,0.1827589392959439,-0.03618886861648262,0.36054294805950726,-0.12841761682736616
0.042,-0.012879609544469872,0.19194603434178248,0.1827589392959439,0.1840443869637676,0.3249148892193674,0.39655933784694736
0.043,-0.012879609544469872,0.19194603434178248,0.1827589392959439,0.267719919578305,-0.15960232304977265,0.37115770671630494
0.044,-0.012879609544469872,-0.8080539656582175,0.1827589392959439,-0.13201577459686423,-0.42559311395191923,-0.16299074489277662
0.045,-0.012879609544469872,0.19194603434178248,-0.8172410607040561,-0.5162070495368395,-0.1056705625771541,-0.46585385820779296
0.046,-0.012879609544469872,0.19194603434178248,0.1827589392959439,-0.1847270520963449,0.35996066361915585,-0.12623809263413044
0.047,-0.012879609544469872,0.19194603434178248,0.1827589392959439,0.5435611364069493,0.3303293557233385,0.379505668065916
0.048,-0.012879609544469872,0.19194603434178248,0.1827589392959439,0.5973923031314736,-0.15312868582973116,0.35684541196749286
0.049,-0.012879609544469872,-0.8080539656582175,0.1827589392959439,-0.24640923962615668,-0.4249866377527885,-0.15187023310043002
0.05,-0.012879609544469872,0.19194603434178248,-0.8172410607040561,-0.8488273720411482,-0.11278564822745431,-0.4416057602967643
0.051,-0.012879609544469872,0.19194603434178248,0.1827589392959439,-0.27587922168970114,0.35244153702515496,-0.12307029511961687
0.052,-0.012879609544469872,0.19194603434178248,0.1827589392959439,0.7518150432026368,0.33206232895684695,0.3542702952391295
0.053,-0.012879609544469872,0.19194603434178248,0.1827589392959439,0.775463552696533,-0.14275195384624698,0.3369763731333978
0.054,-0.012879609544469872,-0.8080539656582175,0.1827589392959439,-0.30302479428296997,-0.4184568776761008,-0.13720385627768897
0.055,-0.012879609544469872,0.19194603434178248,-0.8172410607040561,-0.9957098141713662,-0.11948407904160792,-0.41087597275118154
0.056,-0.012879609544469872,0.19194603434178248,0.1827589392959439,-0.310263596298009,0.33988812963335696,-0.11901910211334793
0.057,-0.012879609544469872,0.19194603434178248,0.1827589392959439,0.8137193416962171,0.3300358764146424,0.3246486274183138
0.058,-0.012879609544469872,0.19194603434178248,0.1827589392959439,0.8100600360601121,-0.13045993496708339,0.314062339508072
0.059,-0.012879609544469872,-0.8080539656582175,0.1827589392959439,-0.30615676536295255,-0.4072975085713472,-0.12123389114214617
0.06,-0.012879609544469872,0.19194603434178248,-0.8172410607040561,-0.9744661204655548,-0.12465814215348993,-0.37758941621802455
0.061,-0.012879609544469872,0.19194603434178248,0.1827589392959439,-0.29442295765565935,0.3243521919043374,-0.1143170663791009
0.062,-0.012879609544469872,0.19194603434178248,0.1827589392959439,0.749147121121717,0.3245510742747925,0.2943668119903539
0.063,-0.012879609544469872,0.19194603434178248,0.1827589392959439,0.7236498249253385,-0.11807577253243194,0.2906517173025873
0.064,-0.012879609544469872,-0.8080539656582175,0.1827589392959439,-0.2653173877499628,-0.3930451863852849,-0.10599984862848036
0.065,-0.012879609544469872,0.19194603434178248,-0.8172410607040561,-0.8186789805123188,-0.1275678273562555,-0.34546687853053293
0.066,-0.012879609544469872,0.19194603434178248,0.1827589392959439,-0.23953215181910362,0.30783264048022935,-0.1093073385512412
0.067,-0.012879609544469872,0.19194603434178248,0.1827589392959439,0.589255672917958,0.31624719509528704,0.26674823177602913
0.068,-0.012879609544469872,0.19194603434178248,0.1827589392959439,0.549098418001697,-0.1070942077913903,0.2691059076134375
0.069,-0.012879609544469872,-0.8080539656582175,0.1827589392959439,-0.19363695837436046,-0.3773289347755765,-0.09316313115358145
0.07,-0.012879609544469872,0.19194603434178248,-0.8172410607040561,-0.5724545380159314,-0.12789078183509037,-0.317707776184917
0.071,-0.012879609544469872,0.19194603434178248,0.1827589392959439,-0.1596412932978223,0.2921005451898362,-0.10440979790830299
0.072,-0.012879609544469872,0.19194603434178248,0.1827589392959439,0.3717220343405633,0.30602632695617515,0.24444421106681472
0.073,-0.012879609544469872,0.19194603434178248,0.1827589392959439,0.3247669446874555,-0.09857260652631268,0.251402991497595
0.074,-0.012879609544469872,-0.8080539656582175,0.1827589392959439,-0.10594980002084857,-0.36172355311127513,-0.08388691676613406
0.075,-0.012879609544469872,0.19194603434178248,-0.8172410607040561,-0.28412862909499154,-0.1257177119697835,-0.2967432236460806
0.076,-0.012879609544469872,0.19194603434178248,0.1827589392959439,-0.06971093304476139,0.27856771301026456,-0.10007402578216029
0.077,-0.012879609544469872,0.19194603434178248,0.1827589392959439,0.13557511325898042,0.2949527566062619,0.22925155062187078
0.078,-0.012879609544469872,0.19194603434178248,0.1827589392959439,0.08934866104127118,-0.09308456886346948,0.23898601509315848
0.079,-0.012879609544469872,-0.8080539656582175,0.1827589392959439,-0.01683424037210835,-0.3476212882972517,-0.07877960176830988
0.08,-0.012879609544469872,0.19194603434178248,-0.8172410607040561,2.506452351276487e-06,-0.12149733026485439,-0.2840790071074175
0.081,-0.012879609544469872,0.19194603434178248,0.1827589392959439,0.01629241185507326,0.26820852907901443,-0.09672486119318542
0.082,-0.012879609544469872,0.19194603434178248,0.1827589392959439,-0.08367868266246363,0.284138911913658,0.22202872667152987
0.083,-0.012879609544469872,0.19194603434178248,0.1827589392959439,-0.12286902262076514,-0.09073529584966483,0.23266819162615507
0.084,-0.012879609544469872,0.19194603434178248,0.1827589392959439,0.06113604525270987,-0.3361326056203672,-0.0779022000864832
0.085,-0.012879609544469872,0.19194603434178248,0.1827589392959439,0.24111552318694557,-0.11594117873156523,-0.28023779977646174
0.086,-0.012879609544469872,0.19194603434178248,0.1827589392959439,0.08699753101495485,0.26153720140017084,-0.09470766235519469
0.087,-0.012879609544469872,0.19194603434178248,0.1827589392959439,-0.2580247193723582,0.2746306689278017,0.2227113549356044
0.088,-0.012879609544469872,0.19194603434178248,0.1827589392959439,-0.2857327885211813,-0.09123000917471041,0.23260145976147542
0.089,-0.012879609544469872,-0.8080539656582175,0.1827589392959439,0.11871779931170663,-0.32802260834574287,-0.08083276340168168
0.09,-0.012879609544469872,0.19194603434178248,-0.8172410607040561,0.4118138469103941,-0.10990321309514263,-0.28479947681193085
0.091,-0.012879609544469872,0.19194603434178248,0.1827589392959439,0.13474144908228916,0.25863553731719446,-0.09424081905422192
0.092,-0.012879609544469872,0.19194603434178248,0.1827589392959439,-0.369557733438727,0.26730433971155343,0.23041714099318672
0.093,-0.012879609544469872,0.19194603434178248,0.1827589392959439,-0.38353560235879947,-0.09398065282218804,0.2383086116281698
0.094,-0.012879609544469872,-0.8080539656582175,0.1827589392959439,0.15076191508670364,-0.3236851297779463,-0.08677501468390318
0.095,-0.012879609544469872,0.19194603434178248,-0.8172410607040561,0.49820579414510235,-0.10425137226594554,-0.29652879069355725
0.096,-0.012879609544469872,0.19194603434178248,0.1827589392959439,0.1560886875099224,0.25922077912768904,-0.09538241035625274
0.097,-0.012879609544469872,0.19194603434178248,0.1827589392959439,-0.41151789310479037,0.2627858033912851,0.24362209412088306
0.098,-0.012879609544469872,0.19194603434178248,0.1827589392959439,-0.41172958805356374,-0.09823256534669818,0.24877321188495552
0.099,-0.012879609544469872,-0.8080539656582175,0.1827589392959439,0.15636309257345574,-0.32315235131087217,-0.09469458200654879
0.1,-0.012879609544469872,0.19194603434178248,0.1827589392959439,0.4999968013804136,-0.09974828107603423,-0.31357185211865757
0.101,-0.012879609544469872,0.19194603434178248,0.1827589392959439,0.15174078068408048,0.26273948219891324,-0.09801622615832926
0.102,-0.012879609544469872,0.19194603434178248,0.1827589392959439,-0.38774978883781563,0.26139931264409655,0.2603840211322059
0.103,-0.012879609544469872,0.19194603434178248,0.1827589392959439,-0.37608991847369105,-0.10319210607784564,0.26257629766811025
0.104,-0.012879609544469872,-0.8080539656582175,0.1827589392959439,0.13843178926078922,-0.32613445942106156,-0.1034647607219561
0.105,-0.012879609544469872,0.19194603434178248,-0.8172410607040561,0.42876744746073436,-0.09695588122407334,-0.33369745290078284
0.106,-0.012879609544469872,0.19194603434178248,0.1827589392959439,0.12590521712457328,0.26847221219954914,-0.10185987192245687
0.107,-0.012879609544469872,0.19194603434178248,0.1827589392959439,-0.3108059319549393,0.2631498978762673,0.2785866014546685
0.108,-0.012879609544469872,0.19194603434178248,0.1827589392959439,-0.29058986040808266,-0.10813822314408311,0.27806481201681515
0.109,-0.012879609544469872,-0.8080539656582175,0.1827589392959439,0.10280174392800984,-0.3320816404865281,-0.11200457050633672
0.11,-0.012879609544469872,0.19194603434178248,-0.8172410607040561,0.3048459920154984,-0.09617460333379416,-0.3545565854229241
0.111,-0.012879609544469872,0.19194603434178248,0.1827589392959439,0.085262176866035,0.27563487717159835,-0.10649468714062618
0.112,-0.012879609544469872,0.19194603434178248,0.1827589392959439,-0.19908597213740112,0.26773945225895124,0.29617765286758585
0.113,-0.012879609544469872,0.19194603434178248,0.1827589392959439,-0.17440433365451266,-0.11250515425855596,0.2935341970333378
0.114,-0.012879609544469872,-0.8080539656582175,0.1827589392959439,0.0570413706294368,-0.3402597232855541,-0.11939466657072818
0.115,-0.012879609544469872,0.19194603434178248,-0.8172410607040561,0.1533450456283978,-0.09742235924584815,-0.37393357990273834
0.116,-0.012879609544469872,0.19194603434178248,0.1827589392959439,0.0377116285760295,0.2834653765438246,-0.11141414928541934
0.117,-0.012879609544469872,0.19194603434178248,0.1827589392959439,-0.07350358959680088,0.2746129596150056,0.3113781756742203
0.118,-0.012879609544469872,0.19194603434178248,0.1827589392959439,-0.04854473467689327,-0.11592905530445394,0.3074067418344791
0.119,-0.012879609544469872,-0.8080539656582175,0.1827589392959439,0.009163961268699393,-0.34983092706100266,-0.12496085164179106
0.12,-0.012879609544469872,0.19194603434178248,-0.8172410607040561,-1.3835748199351877e-06,-0.10045294751182925,-0.3899648591234157
0.121,-0.012879609544469872,0.19194603434178248,0.1827589392959439,-0.008902147214127597,0.29128828977543564,-0.11608475135788847
0.122,-0.012879609544469872,0.19194603434178248,0.1827589392959439,0.04580493503659416,0.28302831483553387,0.32284381337882834
0.123,-0.012879609544469872,0.19194603434178248,0.1827589392959439,0.06736599542583337,-0.11825741209550808,0.3183881885931937
0.124,-0.012879609544469872,0.19194603434178248,0.1827589392959439,-0.0335719484408918,-0.3599322233920864,-0.12831983978910194
0.125,-0.012879609544469872,0.19194603434178248,-0.8172410607040561,-0.132594748936487,-0.10480822839689181,-0.40130596279417347
0.126,-0.012879609544469872,0.19194603434178248,0.1827589392959439,-0.0479066757182261,0.29855477725165463,-0.12001143680837771
0.127,-0.012879609544469872,0.19194603434178248,0.1827589392959439,0.1422705339812927,0.2921410763700052,0.329766750860173
0.128,-0.012879609544469872,0.19194603434178248,0.1827589392959439,0.15773702463577818,-0.11952566772656632,0.32558765084255725
0.129,-0.012879609544469872,-0.8080539656582175,0.1827589392959439,-0.06561170598396507,-0.36974544976394735,-0.12938685563065228
0.13,-0.012879609544469872,0.19194603434178248,-0.8172410607040561,-0.2278328470531823,-0.1098943280139706,-0.40723364809947626
0.131,-0.012879609544469872,0.19194603434178248,0.1827589392959439,-0.07461639261746857,0.3048589797370582,-0.12279885128591317
0.132,-0.012879609544469872,0.19194603434178248,0.1827589392959439,0.20483596175727775,0.3010944517543221,0.33191300968256265
0.133,-0.012879609544469872,0.19194603434178248,0.1827589392959439,0.21275731671970935,-0.11990979985769816,0.32858985860043877
0.134,-0.012879609544469872,-0.8080539656582175,0.1827589392959439,-0.0836945337425861,-0.3785551758344717,-0.12834900723704754
0.135,-0.012879609544469872,0.19194603434178248,-0.8172410607040561,-0.2767621381434579,-0.11506966200435882,-0.4076768863892774
0.136,-0.012879609544469872,0.19194603434178248,0.1827589392959439,-0.08676254959562402,0.3099353716491952,-0.12420007512538078
0.137,-0.012879609544469872,0.19194603434178248,0.1827589392959439,0.228868030093989,0.3091048862737674,0.32959686889775275
0.138,-0.012879609544469872,0.19194603434178248,0.1827589392959439,0.22909395500742027,-0.1196660757911825,0.3274737570521409
0.139,-0.012879609544469872,-0.8080539656582175,0.1827589392959439,-0.0870388131040286,-0.3857921121503728,-0.12561169781214873
0.14,-0.012879609544469872,0.19194603434178248,-0.8172410607040561,-0.27841628336490454,-0.11973195479480099,-0.4031777904189811
0.141,-0.012879609544469872,0.19194603434178248,0.1827589392959439,-0.08451841460638908,0.31364336273707305,-0.12414610390122066
0.142,-0.012879609544469872,0.19194603434178248,0.1827589392959439,0.2160201249949043,0.31553471198098465,0.32360012868279253
0.143,-0.012879609544469872,0.19194603434178248,0.1827589392959439,0.20955693815077403,-0.11906968721463485,0.3227770874518855
0.144,-0.012879609544469872,-0.8080539656582175,0.1827589392959439,-0.07714110011456592,-0.3910613418824498,-0.12172738482186365
0.145,-0.012879609544469872,0.19194603434178248,-0.8172410607040561,-0.23893949783007276,-0.12339262193997597,-0.39479029377617514
0.146,-0.012879609544469872,0.19194603434178248,0.1827589392959439,-0.07016183631942655,0.315945834227873,-0.12275193838946709
0.147,-0.012879609544469872,0.19194603434178248,0.1827589392959439,0.1731842355663572,0.3199452252488693,0.3150486865164016
0.148,-0.012879609544469872,0.19194603434178248,0.1827589392959439,0.16189730106736422,-0.11836254157301992,0.31541223476292174
0.149,-0.012879609544469872,-0.8080539656582175,0.1827589392959439,-0.057262547857887675,-0.3941557348114175,-0.11731670173953236
0.15,-0.012879609544469872,0.19194603434178248,-0.8172410607040561,-0.1697631359255025,-0.12572958003307624,-0.38393020012151313
0.151,-0.012879609544469872,0.19194603434178248,0.1827589392959439,-0.047466674646221195,0.3168873832886225,-0.12029837023132132
0.152,-0.012879609544469872,0.19194603434178248,0.1827589392959439,0.11079249660768753,0.32212602877204627,0.305262118620845
0.153,-0.012879609544469872,0.19194603434178248,0.1827589392959439,0.0970169224893039,-0.11771757239878469,0.3065437684345666
0.154,-0.012879609544469872,-0.8080539656582175,0.1827589392959439,-0.03171525841935069,-0.3950555661507151,-0.1129914498017236
0.155,-0.012879609544469872,0.19194603434178248,-0.8172410607040561,-0.08521693135987601,-0.1266132592611638,-0.37219455249344024
0.156,-0.012879609544469872,0.19194603434178248,0.1827589392959439,-0.020945441860451226,0.31657619231694684,-0.11719194551210171
0.157,-0.012879609544469872,0.19194603434178248,0.1827589392959439,0.04079800059840553,0.3220991951958561,0.2955935164530175
0.158,-0.012879609544469872,0.19194603434178248,0.1827589392959439,0.026926895186119657,-0.1172231387753629,0.29744218229635183
0.159,-0.012879609544469872,-0.8080539656582175,0.1827589392959439,-0.0050790820087075585,-0.39391569907217977,-0.1092874980221306
0.16,-0.012879609544469872,0.19194603434178248,-0.8172410607040561,-3.405728530807332e-07,-0.1261047184654903,-0.36117078600226604
0.161,-0.012879609544469872,0.19194603434178248,0.1827589392959439,0.004925290265091627,0.31517112943385484,-0.11390866236083033
0.162,-0.012879609544469872,0.19194603434178248,0.1827589392959439,-0.025322692248870207,0.32009948185105386,0.2872767190913629
0.163,-0.012879609544469872,0.19194603434178248,0.1827589392959439,-0.037207293910822614,-0.11688711750718869,0.2893308864097534
0.164,-0.012879609544469872,-0.8080539656582175,0.1827589392959439,0.018524333600992766,-0.39104184314758034,-0.10661352406458616
0.165,-0.012879609544469872,0.19194603434178248,-0.8172410607040561,0.07308594643381051,-0.1244286886391567,-0.35225660345838383
0.166,-0.012879609544469872,0.19194603434178248,0.1827589392959439,0.02637700390520057,0.31287345171477354,-0.11092925804425872
0.167,-0.012879609544469872,0.19194603434178248,0.1827589392959439,-0.07824398537585009,0.3165341803086289,0.2812964212465156
0.168,-0.012879609544469872,0.19194603434178248,0.1827589392959439,-0.08664618759897325,-0.11665682516697408,0.2832441842360703
0.169,-0.012879609544469872,-0.8080539656582175,0.1827589392959439,0.035996258423262595,-0.3868575281685584,-0.10521912506137443
0.17,-0.012879609544469872,0.19194603434178248,-0.8172410607040561,0.12483260736002239,-0.12192756140179849,-0.34650989620388795
0.171,-0.012879609544469872,0.19194603434178248,0.1827589392959439,0.04082822840068615,0.3099207894373078,-0.10867512245616807
0.172,-0.012879609544469872,0.19194603434178248,0.1827589392959439,-0.11192460004496348,0.3119280099296079,0.2782936307674595
0.173,-0.012879609544469872,0.19194603434178248,0.1827589392959439,-0.11608466774435759,-0.11644848012825652,0.2799126374486264
0.174,-0.012879609544469872,-0.8080539656582175,0.1827589392959439,0.04559692054254366,-0.3818636613868702,-0.10518342987254387
0.175,-0.012879609544469872,0.19194603434178248,0.1827589392959439,0.15054718050844001,-0.11900440564557142,-0.34454444362582454
0.176,-0.012879609544469872,0.19194603434178248,0.1827589392959439,0.04711987830636975,0.30658026148528,-0.10745375702978728
0.177,-0.012879609544469872,0.19194603434178248,0.1827589392959439,-0.1240903349749606,0.3068596242561413,0.2785148849324482
0.178,-0.012879609544469872,0.19194603434178248,0.1827589392959439,-0.12400163357455996,-0.11617885206185377,0.2796889569013444
0.179,-0.012879609544469872,-0.8080539656582175,0.1827589392959439,0.04702863755524313,-0.3765929312975306,-0.10642318911246883
0.18,-0.012879609544469872,0.19194603434178248,-0.8172410607040561,0.1501624158276197,-0.11606384307757583,-0.3464818741115634
0.181,-0.012879609544469872,0.19194603434178248,0.1827589392959439,0.045500153338923315,0.3031377384893082,-0.10742129068014884
0.182,-0.012879609544469872,0.19194603434178248,0.1827589392959439,-0.11607081665096543,0.3018967348178354,0.2818088651949196
0.183,-0.012879609544469872,0.19194603434178248,0.1827589392959439,-0.11237742984887154,-0.11579212011142578,0.28252267585804375
0.184,-0.012879609544469872,-0.8080539656582175,0.1827589392959439,0.04128419063076709,-0.3715618680060841,-0.10871756193800494
0.185,-0.012879609544469872,0.19194603434178248,-0.8172410607040561,0.12761134188622086,-0.11345905306542549,-0.3519639485719568
0.186,-0.012879609544469872,0.19194603434178248,0.1827589392959439,0.03739232418087641,0.29988135214828016,-0.10856706864967335
0.187,-0.012879609544469872,0.19194603434178248,0.1827589392959439,-0.09209587566313067,0.29753658532902205,0.28766898627287213
0.188,-0.012879609544469872,0.19194603434178248,0.1827589392959439,-0.08590190091448847,-0.1152765941494873,0.2879858919469948
0.189,-0.012879609544469872,-0.8080539656582175,0.1827589392959439,0.030313499335753714,-0.36722397514609956,-0.11174553685406086
0.19,-0.012879609544469872,0.19194603434178248,-0.8172410607040561,0.08965891658196593,-0.11145150825752712,-0.36022228057624606
0.191,-0.012879609544469872,0.19194603434178248,0.1827589392959439,0.025009162963401402,0.29707908176369724,-0.11072211014469188
0.192,-0.012879609544469872,0.19194603434178248,0.1827589392959439,-0.05823036955121993,0.29415761039303806,0.2953156303332819
0.193,-0.012879609544469872,0.19194603434178248,0.1827589392959439,-0.05086227744257901,-0.11466846500315035,0.29534600621647955
0.194,-0.012879609544469872,-0.8080539656582175,0.1827589392959439,0.016584256609404945,-0.3639278567175415,-0.11513113369838283
0.195,-0.012879609544469872,0.19194603434178248,-0.8172410607040561,0.044444111341851805,-0.11018760707870834,-0.37019588374236545
0.196,-0.012879609544469872,0.19194603434178248,0.1827589392959439,0.010894645346669785,0.29495223732265885,-0.11358975973734962
0.197,-0.012879609544469872,0.19194603434178248,0.1827589392959439,-0.021162691320934787,0.2919867143183644,0.3038074206033609
0.198,-0.012879609544469872,0.19194603434178248,0.1827589392959439,-0.013928700389696054,-0.11404262950922416,0.3036754292230743
0.199,-0.012879609544469872,-0.8080539656582175,0.1827589392959439,0.0026201076813455234,-0.36188449150956753,-0.11849121184987638
0.2,-0.012879609544469872,0.19194603434178248,-0.8172410607040561,2.2611375856390577e-06,-0.10969358977714698,-0.38068121646285874
0.201,-0.012879609544469872,0.19194603434178248,0.1827589392959439,-0.0025244637782723066,0.2936484540362767,-0.11679364779587426
0.202,-0.012879609544469872,0.19194603434178248,0.1827589392959439,0.012940207099389282,0.29108486499175606,0.31216773186935426
0.203,-0.012879609544469872,0.19194603434178248,0.1827589392959439,0.018954639349134658,-0.11349333893286316,0.3119834443380129
0.204,-0.012879609544469872,0.19194603434178248,0.1827589392959439,-0.009406543404525059,-0.36114758793974183,-0.12148081345671924
0.205,-0.012879609544469872,0.19194603434178248,-0.8172410607040561,-0.03699205630193822,-0.10988743419391328,-0.3904953949629533
0.206,-0.012879609544469872,0.19194603434178248,0.1827589392959439,-0.01330618114423969,0.29321899898864123,-0.11993560093292498
0.207,-0.012879609544469872,0.19194603434178248,0.1827589392959439,0.03933518879307388,0.29135178545635293,0.3195109023430005
0.208,-0.012879609544469872,0.19194603434178248,0.1827589392959439,0.04340734085886872,-0.11310945698363738,0.31935248126525473
0.209,-0.012879609544469872,-0.8080539656582175,0.1827589392959439,-0.017968345216815108,-0.3616101668605627,-0.12383145468328473
0.21,-0.012879609544469872,0.19194603434178248,-0.8172410607040561,-0.06208677520493391,-0.11060420407742598,-0.398631529402237
0.211,-0.012879609544469872,0.19194603434178248,0.1827589392959439,-0.02023099516154673,0.29360545893816353,-0.12265476970200073
0.212,-0.012879609544469872,0.19194603434178248,0.1827589392959439,0.055247979467683735,0.2925486111350212,0.32515260716633554
0.213,-0.012879609544469872,0.19194603434178248,0.1827589392959439,0.05707901297241476,-0.11295013697124287,0.32506040796574165
0.214,-0.012879609544469872,-0.8080539656582175,0.1827589392959439,-0.022330540526363293,-0.36301914040564426,-0.12537859983580735
0.215,-0.012879609544469872,0.19194603434178248,-0.8172410607040561,-0.07343051845945618,-0.11162983867356523,-0.40438601923879924
0.216,-0.012879609544469872,0.19194603434178248,0.1827589392959439,-0.02288809893303419,0.29464008988354534,-0.12467916847895844
0.217,-0.012879609544469872,0.19194603434178248,0.1827589392959439,0.06001933116409132,0.2943356206838584,0.3286906735063859
0.218,-0.012879609544469872,0.19194603434178248,0.1827589392959439,0.059717158541642695,-0.113026579361449,0.328672256685532
0.219,-0.012879609544469872,-0.8080539656582175,0.1827589392959439,-0.022547641452122874,-0.3650077602050143,-0.12607566920267904
0.22,-0.012879609544469872,0.19194603434178248,-0.8172410607040561,-0.07167009866963206,-0.11273776276304201,-0.4074411261821567
0.221,-0.012879609544469872,0.19194603434178248,0.1827589392959439,-0.021616413524280925,0.2960623217063522,-0.12586205821429086
0.222,-0.012879609544469872,0.19194603434178248,0.1827589392959439,0.054882222618309655,0.2963206810679905,0.330046148782049
0.223,-0.012879609544469872,0.19194603434178248,0.1827589392959439,0.05287963908677301,-0.11329426627716764,0.33008889003774133
0.224,-0.012879609544469872,-0.8080539656582175,0.1827589392959439,-0.019330359575499334,-0.3671435868269358,-0.12599328716632935
0.225,-0.012879609544469872,0.19194603434178248,-0.8172410607040561,-0.05945009492795529,-0.1137229527693534,-0.4078918874797216
0.226,-0.012879609544469872,0.19194603434178248,0.1827589392959439,-0.01733012765476522,0.29755137579289376,-0.12619795779724002
0.227,-0.012879609544469872,0.19194603434178248,0.1827589392959439,0.04245798502050278,0.2981129864773264,0.3294593436886429
0.228,-0.012879609544469872,0.19194603434178248,0.1827589392959439,0.039388768533372885,-0.11365794021902877,0.3295459928146079
0.229,-0.012879609544469872,-0.8080539656582175,0.1827589392959439,-0.013823008565257677,-0.36898736446176333,-0.12530399518948374
0.23,-0.012879609544469872,0.19194603434178248,-0.8172410607040561,-0.04065361494643861,-0.11442908052876008,-0.40621377714557577
0.231,-0.012879609544469872,0.19194603434178248,0.1827589392959439,-0.01127412886393746,0.29877207589748966,-0.12581618861920524
0.232,-0.012879609544469872,0.19194603434178248,0.1827589392959439,0.026095391811267146,0.29937610286604177,0.32744132184902347
0.233,-0.012879609544469872,0.19194603434178248,0.1827589392959439,0.022655270513099755,-0.11398900141738268,0.3275636809060674
0.234,-0.012879609544469872,-0.8080539656582175,0.1827589392959439,-0.007341568442583411,-0.3701562070026886,-0.12425422507996807
0.235,-0.012879609544469872,0.19194603434178248,-0.8172410607040561,-0.019549264525322883,-0.1147658414953191,-0.4031755493927417
0.236,-0.012879609544469872,0.19194603434178248,0.1827589392959439,-0.004760732530504719,0.2994282088211776,-0.12495327088455609
0.237,-0.012879609544469872,0.19194603434178248,0.1827589392959439,0.009187365741893628,0.2998743117206894,0.3246872043362493
0.238,-0.012879609544469872,0.19194603434178248,0.1827589392959439,0.006005824714986125,-0.11415242080951774,0.32485401303332456
0.239,-0.012879609544469872,-0.8080539656582175,0.1827589392959439,-0.0011227689726525615,-0.3703831568806356,-0.12312680842962694
0.24,-0.012879609544469872,0.19194603434178248,-0.8172410607040561,-3.805828474604118e-06,-0.11471527993827704,-0.39970934245316053
0.241,-0.012879609544469872,0.19194603434178248,0.1827589392959439,0.0010644200283542091,0.2993157265399925,-0.12390868798477243
0.242,-0.012879609544469872,0.19194603434178248,0.1827589392959439,-0.005413900517605358,0.2995068005345311,0.3219629313298956
0.243,-0.012879609544469872,0.19194603434178248,0.1827589392959439,-0.007870310645785203,-0.11403817839061794,0.3221997901054379
0.244,-0.012879609544469872,-0.8080539656582175,0.1827589392959439,0.0038740020541196615,-0.36956476040169045,-0.12219852091721067
0.245,-0.012879609544469872,0.19194603434178248,-0.8172410607040561,0.015112477151708532,-0.11432757174088909,-0.3967563138308149
0.246,-0.012879609544469872,0.19194603434178248,0.1827589392959439,0.005390824907531051,0.29836710290290647,-0.12299103960174644
0.247,-0.012879609544469872,0.19194603434178248,0.1827589392959439,-0.01579575334299031,0.29832535669879423,0.3199810332816254
0.248,-0.012879609544469872,0.19194603434178248,0.1827589392959439,-0.017276208576558035,-0.11359102968502528,0.32032234115489794
0.249,-0.012879609544469872,-0.8080539656582175,0.1827589392959439,0.007084948830523269,-0.36778900440044954,-0.12169795337951782
0.25,-0.012879609544469872,0.19194603434178248,-0.8172410607040561,0.024251340988135053,-0.11370808125997321,-0.395109901390985
0.251,-0.012879609544469872,0.19194603434178248,0.1827589392959439,0.007825849778492367,0.29667854027426127,-0.12246304327315367
0.252,-0.012879609544469872,0.19194603434178248,0.1827589392959439,-0.02115458064087083,0.2965328249858755,0.31928290525585634
0.253,-0.012879609544469872,0.19194603434178248,0.1827589392959439,-0.021629908946634194,-0.11283231614495896,0.31975786173548487
0.254,-0.012879609544469872,-0.8080539656582175,0.1827589392959439,0.008370975523737246,-0.3653378246020337,-0.1217692165826556
0.255,-0.012879609544469872,0.19194603434178248,-0.8172410607040561,0.027224563437300748,-0.11299841374350296,-0.39527963224779905
0.256,-0.012879609544469872,0.19194603434178248,0.1827589392959439,0.00838954961357022,0.29451353106649397,-0.12249400655073588
0.257,-0.012879609544469872,0.19194603434178248,0.1827589392959439,-0.021739344911112207,0.2944615767436534,0.32014468192295165
0.258,-0.012879609544469872,0.19194603434178248,0.1827589392959439,-0.021366905946998437,-0.11186861729479118,0.32076096080362476
0.259,-0.012879609544469872,-0.8080539656582175,0.1827589392959439,0.00796552433952008,-0.3626613017224436,-0.12244652876043932
0.26,-0.012879609544469872,0.19194603434178248,-0.8172410607040561,0.02498980615797044,-0.11235457250806552,-0.3973960067210309
0.261,-0.012879609544469872,0.19194603434178248,0.1827589392959439,0.007435444912116183,0.2922793511969026,-0.12312725745930564
0.262,-0.012879609544469872,0.19194603434178248,0.1827589392959439,-0.018612677452254853,0.29253345209952547,0.3225210171899995
0.263,-0.012879609544469872,0.19194603434178248,0.1827589392959439,-0.017672668317881293,-0.1108841417236857,0.3232504484477813
0.264,-0.012879609544469872,0.19194603434178248,0.1827589392959439,0.006362641461159201,-0.3603243114624592,-0.12364359043224264
0.265,-0.012879609544469872,0.19194603434178248,-0.8172410607040561,0.019260711582717444,-0.11192522527329792,-0.40117159501168737
0.266,-0.012879609544469872,0.19194603434178248,0.1827589392959439,0.005522714979357008,0.2904770130251644,-0.12426776274260394
0.267,-0.012879609544469872,0.19194603434178248,0.1827589392959439,-0.013300401138653155,0.29120487087402,0.32603616172811717
0.268,-0.012879609544469872,0.19194603434178248,0.1827589392959439,-0.012119618341490062,-0.11011654105971919,0.3268065183731639
0.269,-0.012879609544469872,-0.8080539656582175,0.1827589392959439,0.0041748026971856565,-0.35893034786147404,-0.12515990376654307
0.27,-0.012879609544469872,0.19194603434178248,-0.8172410607040561,0.012039520512634074,-0.11183258690808866,-0.4059257691540784
0.271,-0.012879609544469872,0.19194603434178248,0.1827589392959439,0.003270758903535524,0.28962947811856116,-0.1256921206194939
0.272,-0.012879609544469872,0.19194603434178248,0.1827589392959439,-0.007411360930400487,0.2909028268859657,0.3300253046389825
0.273,-0.012879609544469872,0.19194603434178248,0.1827589392959439,-0.006290623312219364,-0.10981884987851646,0.33072114509502903
0.274,-0.012879609544469872,-0.8080539656582175,0.1827589392959439,0.001991656745687672,-0.3590309591532155,-0.1267040272837508
0.275,-0.012879609544469872,0.19194603434178248,-0.8172410607040561,0.005171665285350278,-0.11215768478986175,-0.4106714846964613
0.276,-0.012879609544469872,0.19194603434178248,0.1827589392959439,0.0012262004062868121,0.29019687361424007,-0.12707974143978276
0.277,-0.012879609544469872,0.19194603434178248,0.1827589392959439,-0.0023039915153635964,0.2919590349519966,0.3336220540919589
0.278,-0.012879609544469872,0.19194603434178248,0.1827589392959439,-0.00146257494948399,-0.11021299490392923,0.3340957575544304
0.279,-0.012879609544469872,-0.8080539656582175,0.1827589392959439,0.00026649889146228,-0.36103215884539197,-0.12793143788314984
0.28,-0.012879609544469872,0.19194603434178248,-0.8172410607040561,4.3600964282703265e-06,-0.11293095223110519,-0.41425348303907616
0.281,-0.012879609544469872,0.19194603434178248,0.1827589392959439,-0.00023394924527090776,0.29249041867337994,-0.12806082624431558
0.282,-0.012879609544469872,0.19194603434178248,0.1827589392959439,0.0011429731336200445,0.29455035663875045,0.3358811656459418
0.283,-0.012879609544469872,0.19194603434178248,0.1827589392959439,0.0015975472333515158,-0.11144229626388777,0.3359731851931921
0.284,-0.012879609544469872,-0.8080539656582175,0.1827589392959439,-0.0007515434110600579,-0.3651107951020024,-0.12849251843443202
0.285,-0.012879609544469872,0.19194603434178248,-0.8172410607040561,-0.002799475380180941,-0.11412834336687724,-0.4155195112349153
0.286,-0.012879609544469872,0.19194603434178248,0.1827589392959439,-0.0009492986817296681,0.29659819994593595,-0.12827419243217492
0.287,-0.012879609544469872,0.19194603434178248,0.1827589392959439,0.002625763115516082,0.29865360426543724,0.3359201726107173
0.288,-0.012879609544469872,0.19194603434178248,0.1827589392959439,0.0027002272761779216,-0.11353122603264981,0.33548553895752703
0.289,-0.012879609544469872,-0.8080539656582175,0.1827589392959439,-0.0010327930432456917,-0.3711538078684356,-0.12808452285972213
0.29,-0.012879609544469872,0.19194603434178248,-0.8172410607040561,-0.0032773258569127298,-0.1156725868637848,-0.41350081131572236
0.291,-0.012879609544469872,0.19194603434178248,0.1827589392959439,-0.0009710098840489784,0.3023354813087931,-0.1274264527167896
0.292,-0.012879609544469872,0.19194603434178248,0.1827589392959439,0.0023768184761358063,0.3040218086623045,0.33306026546507345
0.293,-0.012879609544469872,0.19194603434178248,0.1827589392959439,0.002170309852808232,-0.11636018951467676,0.33199689528496357
0.294,-0.012879609544469872,-0.8080539656582175,0.1827589392959439,-0.0007340823859212141,-0.37873141009207917,-0.12650046795567393
0.295,-0.012879609544469872,0.19194603434178248,-0.8172410607040561,-0.002033715047762843,-0.11743884737021056,-0.40757605405334235
0.296,-0.012879609544469872,0.19194603434178248,0.1827589392959439,-0.0005129116035708569,0.3092297998998462,-0.12534375170799625
0.297,-0.012879609544469872,0.19194603434178248,0.1827589392959439,0.0010183742756893369,0.310187040537694,0.3269461593526043
0.298,-0.012879609544469872,0.19194603434178248,0.1827589392959439,0.0006839993934152039,-0.11966125690928879,0.3252198467574098
0.299,-0.012879609544469872,-0.8080539656582175,0.1827589392959439,-0.00013088333469761762,-0.3871115821039328,-0.12366794419618543
0.3,-0.012879609544469872,0.19194603434178248,-0.8172410607040561,-4.8939074213629515e-06,-0.11926393618078876,-0.39759446509874363
0.301,-0.012879609544469872,0.19194603434178248,0.1827589392959439,0.00012528235462544796,0.31654688955730026,-0.12200824407081358
0.302,-0.012879609544469872,0.19194603434178248,0.1827589392959439,-0.0006470995006254084,0.31649203167621276,0.31762695554165055
0.303,-0.012879609544469872,0.19194603434178248,0.1827589392959439,-0.0009471454891272594,-0.12303781814158805,0.3152881908936143
0.304,-0.012879609544469872,-0.8080539656582175,0.1827589392959439,0.00046684244063157444,-0.3953182153542458,-0.11967187807985345
0.305,-0.012879609544469872,0.19194603434178248,-0.8172410607040561,0.0018162462068698952,-0.12095825083528262,-0.3839389729626537
0.306,-0.012879609544469872,0.19194603434178248,0.1827589392959439,0.000643049330178362,0.3233579722226286,-0.11757361251309457
0.307,-0.012879609544469872,0.19194603434178248,0.1827589392959439,-0.0018577281200875234,0.32214941453162393,0.30558490365231833
0.308,-0.012879609544469872,0.19194603434178248,0.1827589392959439,-0.001993235533117953,-0.12600747334615037,0.30277383223028964
0.309,-0.012879609544469872,-0.8080539656582175,0.1827589392959439,0.0007953439470928943,-0.4022293700009128,-0.11475722036390561
0.31,-0.012879609544469872,0.19194603434178248,-0.8172410607040561,0.002632125904944864,-0.12231974196784927,-0.36751814126228355
0.311,-0.012879609544469872,0.19194603434178248,0.1827589392959439,0.0008134345846577069,0.32864288878117787,-0.11235686262276914
0.312,-0.012879609544469872,0.19194603434178248,0.1827589392959439,-0.002076181905285248,0.32632376456178264,0.2917058723253046
0.313,-0.012879609544469872,0.19194603434178248,0.1827589392959439,-0.001977881114588767,-0.12806365124778143,0.28864357352734765
0.314,-0.012879609544469872,-0.8080539656582175,0.1827589392959439,0.0006975601864305438,-0.406706182166932,-0.10931014034371518
0.315,-0.012879609544469872,0.19194603434178248,-0.8172410607040561,0.002018243112922696,-0.12314931288626957,-0.3496853467093935
0.316,-0.012879609544469872,0.19194603434178248,0.1827589392959439,0.0005320602416550947,0.33141776559296293,-0.10680696836107051
0.317,-0.012879609544469872,0.19194603434178248,0.1827589392959439,-0.0011015284635500996,0.32822824328424355,0.27719329350262917
0.318,-0.012879609544469872,0.19194603434178248,0.1827589392959439,-0.00077301258886262,-0.12874806739285446,0.27415980173956983
0.319,-0.012879609544469872,-0.8080539656582175,0.1827589392959439,0.00015260710051658442,-0.40773781271114584,-0.10381922673976682
0.32,-0.012879609544469872,0.19194603434178248,-0.8172410607040561,-3.4604426124194705e-06,-0.123267078450911,-0.3320937692120787
0.321,-0.012879609544469872,0.19194603434178248,0.1827589392959439,-0.0001670850339568228,0.3308713158975641,-0.1014541976201226
0.322,-0.012879609544469872,0.19194603434178248,0.1827589392959439,0.0009075621848669976,0.3272249789241595,0.2634352406426447
0.323,-0.012879609544469872,0.19194603434178248,0.1827589392959439,0.0013958135493197877,-0.12772375703706296,0.26073695115490814
0.324,-0.012879609544469872,-0.8080539656582175,0.1827589392959439,-0.0007289426510623576,-0.4045842755003546,-0.09882101842981027
0.325,-0.012879609544469872,0.19194603434178248,-0.8172410607040561,-0.0030010266989709067,-0.12252880608226721,-0.3165048333795652
0.326,-0.012879609544469872,0.19194603434178248,0.1827589392959439,-0.001129212225528693,0.3264912314738576,-0.09684665983012011
0.327,-0.012879609544469872,0.19194603434178248,0.1827589392959439,0.0034946649440402958,0.3229168207011285,0.25184100284543126
0.328,-0.012879609544469872,0.19194603434178248,0.1827589392959439,0.004026203137950505,-0.12483748066973187,0.24977192611490595
0.329,-0.012879609544469872,-0.8080539656582175,0.1827589392959439,-0.001739739502647059,-0.39689766690383627,-0.0948364995352802
0.33,-0.012879609544469872,0.19194603434178248,-0.8172410607040561,-0.0062606159581410055,-0.12084164046058342,-0.30457447777918756
0.331,-0.012879609544469872,0.19194603434178248,0.1827589392959439,-0.002122797304616016,0.3181619713932911,-0.0934824089978323
0.332,-0.012879609544469872,0.19194603434178248,0.1827589392959439,0.006031432347648798,0.3152180866906646,0.2436680500476022
0.333,-0.012879609544469872,0.19194603434178248,0.1827589392959439,0.00647387783509625,-0.12016104088732796,0.2424704885148763
0.334,-0.012879609544469872,-0.8080539656582175,0.1827589392959439,-0.0026301589104451408,-0.38480361979518435,-0.09230664223723159
0.335,-0.012879609544469872,0.19194603434178248,0.1827589392959439,-0.008970674016080838,-0.11817792767965853,-0.2976450530194807
0.336,-0.012879609544469872,0.19194603434178248,0.1827589392959439,-0.0028983460068679663,0.3062178125663776,-0.0917460642116822
0.337,-0.012879609544469872,0.19194603434178248,0.1827589392959439,0.007874788407697534,0.3043935470756341,0.23986197750169774
0.338,-0.012879609544469872,0.19194603434178248,0.1827589392959439,0.008111754761021403,-0.114003458206347,0.23969241531950483
0.339,-0.012879609544469872,-0.8080539656582175,0.1827589392959439,-0.0031692053507328113,-0.3689287584530971,-0.0915354349247374
0.34,-0.012879609544469872,0.19194603434178248,0.1827589392959439,-0.010417748917098492,-0.11458569207579299,-0.2965702586140447
0.341,-0.012879609544469872,0.19194603434178248,0.1827589392959439,-0.0032479709887990186,0.29144011631394057,-0.09185830262923492
0.342,-0.012879609544469872,0.19194603434178248,0.1827589392959439,0.008519004198311536,0.2910580842536803,0.24093060507329223
0.343,-0.012879609544469872,0.19194603434178248,0.1827589392959439,0.008476862611687539,-0.10688976316089999,0.24183589702021452
0.344,-0.012879609544469872,0.19194603434178248,0.1827589392959439,-0.0031981510972052107,-0.35036618802071734,-0.09264801810870078
0.345,-0.012879609544469872,0.19194603434178248,-0.8172410607040561,-0.010150714053948982,-0.11019418302508614,-0.3015963662448426
0.346,-0.012879609544469872,0.19194603434178248,0.1827589392959439,-0.003052832341735444,0.2749948247699956,-0.09384483994503438
0.347,-0.012879609544469872,0.19194603434178248,0.1827589392959439,0.007710128241563264,0.27613395984899114,0.2468690708524052
0.348,-0.012879609544469872,0.19194603434178248,0.1827589392959439,0.007374186242484743,-0.09950687516607072,0.24877651591731878
0.349,-0.012879609544469872,-0.8080539656582175,0.1827589392959439,-0.002665819794445483,-0.33057890453632804,-0.09556966329341579
0.35,-0.012879609544469872,0.19194603434178248,-0.8172410607040561,-0.008080072132472261,-0.10521299472648882,-0.312315629380744
0.351,-0.012879609544469872,0.19194603434178248,0.1827589392959439,-0.002309010566861649,0.25831433894287376,-0.09752890008776831
0.352,-0.012879609544469872,0.19194603434178248,0.1827589392959439,0.005500550971185957,0.2607678964850933,0.25714610386962367
0.353,-0.012879609544469872,0.19194603434178248,0.1827589392959439,0.004917822488555393,-0.09262199152294893,0.2598689460257459
0.354,-0.012879609544469872,-0.8080539656582175,0.1827589392959439,-0.001639072105607291,-0.3112494633307598,-0.10002862782372082
0.355,-0.012879609544469872,0.19194603434178248,-0.8172410607040561,-0.004494984898410983,-0.0999236323108087,-0.3276982855767
0.356,-0.012879609544469872,0.19194603434178248,0.1827589392959439,-0.0011275577816823262,0.242936035477203,-0.10254806561872493
0.357,-0.012879609544469872,0.19194603434178248,0.1827589392959439,0.0022355442525968825,0.24621559024708664,0.27075362477665416
0.358,-0.012879609544469872,0.19194603434178248,0.1827589392959439,0.0015042718151270572,-0.08698336547275501,0.27401127282517157
0.359,-0.012879609544469872,-0.8080539656582175,0.1827589392959439,-0.0002876628752084953,-0.2940921366974002,-0.1055827810431141
0.36,-0.012879609544469872,0.19194603434178248,-0.8172410607040561,1.012784815902721e-06,-0.09466306451746648,-0.34619925599186485
0.361,-0.012879609544469872,0.19194603434178248,0.1827589392959439,0.00028986914217434814,0.23031657141052964,-0.10839322932965999
0.362,-0.012879609544469872,0.19194603434178248,0.1827589392959439,-0.0015217028066768388,0.2337060709461326,0.28631353688967476
0.363,-0.012879609544469872,0.19194603434178248,0.1827589392959439,-0.0022728812148321595,-0.08321660823052734,0.2897636942629594
0.364,-0.012879609544469872,-0.8080539656582175,0.1827589392959439,0.0011519926890715814,-0.2806499639333723,-0.11166676869863748
0.365,-0.012879609544469872,0.19194603434178248,-0.8172410607040561,0.004617879918258907,-0.08979971772846779,-0.36592597480265565
0.366,-0.012879609544469872,0.19194603434178248,0.1827589392959439,0.0016934304722047027,0.22164572751358738,-0.1144645689785751
0.367,-0.012879609544469872,0.19194603434178248,0.1827589392959439,-0.005107744113922793,0.22430180716533,0.30222818917408395
0.368,-0.012879609544469872,0.19194603434178248,0.1827589392959439,-0.005746143409609352,-0.08173114789951313,0.30550645351960193
0.369,-0.012879609544469872,-0.8080539656582175,0.1827589392959439,0.002425547807135912,-0.27210255281149415,-0.1176538063062029
0.37,-0.012879609544469872,0.19194603434178248,-0.8172410607040561,0.008540815399382014,-0.08570341996441602,-0.38484606681762
0.371,-0.012879609544469872,0.19194603434178248,0.1827589392959439,0.002835905344480761,0.21768504217393042,-0.12013740984666936
0.372,-0.012879609544469872,0.19194603434178248,0.1827589392959439,-0.007892833528919356,0.2187720268640872,0.31685552922504984
0.373,-0.012879609544469872,0.19194603434178248,0.1827589392959439,-0.008307916309913718,-0.08265089537795736,0.3196170932160438
0.374,-0.012879609544469872,-0.8080539656582175,0.1827589392959439,0.0033113247760942484,-0.26911056163323355,-0.1229243423117836
0.375,-0.012879609544469872,0.19194603434178248,-0.8172410607040561,0.011091081634836164,-0.08271184204699088,-0.4010088605772172
0.376,-0.012879609544469872,0.19194603434178248,0.1827589392959439,0.0035210801644882136,0.2186544862880886,-0.12482977862581246
0.377,-0.012879609544469872,0.19194603434178248,0.1827589392959439,-0.009403069420103936,0.2174960339030298,0.32868713913282177
0.378,-0.012879609544469872,0.19194603434178248,0.1827589392959439,-0.009527194561195575,-0.08578047790522414,0.3306451101949586
0.379,-0.012879609544469872,0.19194603434178248,0.1827589392959439,0.0036624298087996957,-0.2717192525126049,-0.12693305804479754
0.38,-0.012879609544469872,0.19194603434178248,-0.8172410607040561,0.011853403883721355,-0.08109682942553882,-0.4127535577651044
0.381,-0.012879609544469872,0.19194603434178248,0.1827589392959439,0.0036400739630671358,0.22418501275860914,-0.1280634957907251
0.382,-0.012879609544469872,0.19194603434178248,0.1827589392959439,-0.009406712422818573,0.22041028561190737,0.3365074907217538
0.383,-0.012879609544469872,0.19194603434178248,0.1827589392959439,-0.00922656448710406,-0.09061389443049771,0.3374630276818415
0.384,-0.012879609544469872,0.19194603434178248,0.1827589392959439,0.0034323655413943306,-0.279336646144274,-0.1292660629992353
0.385,-0.012879609544469872,0.19194603434178248,-0.8172410607040561,0.010746153862897193,-0.0810345024550724,-0.41887934060105364
0.386,-0.012879609544469872,0.19194603434178248,0.1827589392959439,0.0031889657496143374,0.23334657552313537,-0.12951175481534083
0.387,-0.012879609544469872,0.19194603434178248,0.1827589392959439,-0.007949327664476317,0.22700792510045828,0.3395157692502449
0.388,-0.012879609544469872,0.19194603434178248,0.1827589392959439,-0.007506258820914243,-0.09638670045707619,0.3393765660179395
0.389,-0.012879609544469872,-0.8080539656582175,0.1827589392959439,0.0026799252222645923,-0.29079241221318797,-0.12968161929189642
0.39,-0.012879609544469872,0.19194603434178248,-0.8172410607040561,0.00802344827936086,-0.08258299437771026,-0.41875833615661695
0.391,-0.012879609544469872,0.19194603434178248,0.1827589392959439,0.0022652387874250385,0.24475119254840297,-0.12902810477065024
0.392,-0.012879609544469872,0.19194603434178248,0.1827589392959439,-0.00533358085505205,0.23639291673798354,0.33739699214388885
0.393,-0.012879609544469872,0.19194603434178248,0.1827589392959439,-0.004713417191131803,-0.10216663414810864,0.33618238826891633
0.394,-0.012879609544469872,-0.8080539656582175,0.1827589392959439,0.0015535485704993653,-0.3044728978333591,-0.12813005165299557
0.395,-0.012879609544469872,0.19194603434178248,-0.8172410607040561,0.004212543098421995,-0.08567113036024951,-0.4123802866868911
0.396,-0.012879609544469872,0.19194603434178248,0.1827589392959439,0.0010449311716448006,0.25672018091736776,-0.12665428668234366
0.397,-0.012879609544469872,0.19194603434178248,0.1827589392959439,-0.0020507941120016956,0.24738374606503769,0.3303360689053377
0.398,-0.012879609544469872,0.19194603434178248,0.1827589392959439,-0.0013657146489663094,-0.10697184528609262,0.32816895096024323
0.399,-0.012879609544469872,-0.8080539656582175,0.1827589392959439,0.00025938911900370766,-0.3185170895979009,-0.12475131688511296
0.4,-0.012879609544469872,0.19194603434178248,-0.8172410607040561,2.537786712168603e-06,-0.09010024760133346,-0.4003268244895528
0.401,-0.012879609544469872,0.19194603434178248,0.1827589392959439,-0.00025390988207382275,0.26749530690508533,-0.12260710855025309
0.402,-0.012879609544469872,0.19194603434178248,0.1827589392959439,0.0013195209523991832,0.25865479176658374,0.3189758992532037
0.403,-0.012879609544469872,0.19194603434178248,0.1827589392959439,0.0019530244009473014,-0.10990145296464408,0.3160632908869403
0.404,-0.012879609544469872,0.19194603434178248,0.1827589392959439,-0.0009797049208844445,-0.33104934275086084,-0.11985160785501033
0.405,-0.012879609544469872,0.19194603434178248,-0.8172410607040561,-0.003890993980075333,-0.09555982525212023,-0.38368213557455283
0.406,-0.012879609544469872,0.19194603434178248,0.1827589392959439,-0.0014135262862824034,0.2754666728389465,-0.1172471045756378
0.407,-0.012879609544469872,0.19194603434178248,0.1827589392959439,0.004220660268766967,0.26889794127688077,0.30432754454350763
0.408,-0.012879609544469872,0.19194603434178248,0.1827589392959439,0.004703225160429747,-0.11026074687748859,0.3009331253282459
0.409,-0.012879609544469872,-0.8080539656582175,0.1827589392959439,-0.00196577234903218,-0.34041875080993056,-0.11386294431262112
0.41,-0.012879609544469872,0.19194603434178248,-0.8172410607040561,-0.006857699839352579,-0.1016558230509215,-0.36389431661087207
0.411,-0.012879609544469872,0.19194603434178248,0.1827589392959439,-0.002255946142903202,0.2793868118956475,-0.11103377975378947
0.412,-0.012879609544469872,0.19194603434178248,0.1827589392959439,0.006218112001306615,0.27698365121619783,0.28764600860691825
0.413,-0.012879609544469872,0.19194603434178248,0.1827589392959439,0.006484253430497352,-0.10766339840060017,0.2840585884872152
0.414,-0.012879609544469872,-0.8080539656582175,0.1827589392959439,-0.002559819061675384,-0.3454130560324609,-0.10729161341936055
0.415,-0.012879609544469872,0.19194603434178248,-0.8172410607040561,-0.00849531092930689,-0.10794886438974634,-0.34260693379554635
0.416,-0.012879609544469872,0.19194603434178248,0.1827589392959439,-0.002672254129222942,0.2785413129605183,-0.10447354807905752
0.417,-0.012879609544469872,0.19194603434178248,0.1827589392959439,0.007068971817938702,0.2821000287003498,0.27028855401345653
0.418,-0.012879609544469872,0.19194603434178248,0.1827589392959439,0.007096245278429367,-0.10209564918317651,0.2667906939419953
0.419,-0.012879609544469872,-0.8080539656582175,0.1827589392959439,-0.0027023587661604747,-0.34541746507795895,-0.10066233709364317
0.42,-0.012879609544469872,0.19194603434178248,0.1827589392959439,-0.008665905440432536,-0.1139979089940504,-0.3214826073448175
0.421,-0.012879609544469872,0.19194603434178248,0.1827589392959439,-0.0026367307914362,0.27285139136331565,-0.0980669048461622
0.422,-0.012879609544469872,0.19194603434178248,0.1827589392959439,0.006750189869770638,0.2838508408781233,0.253573420317938
0.423,-0.012879609544469872,0.19194603434178248,0.1827589392959439,0.006559567947787548,-0.09393230775173744,0.2504139621556589
0.424,-0.012879609544469872,-0.8080539656582175,0.1827589392959439,-0.0024174566483226856,-0.3404954578532813,-0.09446507334643046
0.425,-0.012879609544469872,0.19194603434178248,-0.8172410607040561,-0.00749820055768752,-0.11940408806727804,-0.3020397391943037
0.426,-0.012879609544469872,0.19194603434178248,0.1827589392959439,-0.0022042707324580004,0.2628925779844773,-0.09226093289517595
0.427,-0.012879609544469872,0.19194603434178248,0.1827589392959439,0.005443319505729122,0.28229844128595616,0.23865533197974184
0.428,-0.012879609544469872,0.19194603434178248,0.1827589392959439,0.00509138998687788,-0.08390087254788492,0.23602869899411727
0.429,-0.012879609544469872,-0.8080539656582175,0.1827589392959439,-0.0018007644332141723,-0.3313788557926406,-0.08911046456868468
0.43,-0.012879609544469872,0.19194603434178248,-0.8172410607040561,-0.005339608892459775,-0.12384910495034494,-0.2855200781621615
0.431,-0.012879609544469872,0.19194603434178248,0.1827589392959439,-0.0014928812170145864,0.2498249802005855,-0.08741205152941461
0.432,-0.012879609544469872,0.19194603434178248,0.1827589392959439,0.003482129380637276,0.27794481916363967,0.2264306584453179
0.433,-0.012879609544469872,0.19194603434178248,0.1827589392959439,0.0030472782130241374,-0.07299731324261519,0.22446458843240163
0.434,-0.012879609544469872,-0.8080539656582175,0.1827589392959439,-0.0009951346497190415,-0.31936670947544055,-0.08489831760209063
0.435,-0.012879609544469872,0.19194603434178248,-0.8172410607040561,-0.0026713561535959274,-0.12712312639960058,-0.27279934635512537
0.436,-0.012879609544469872,0.19194603434178248,0.1827589392959439,-0.0006558498216095071,0.23524282462814117,-0.0837621932303802
0.437,-0.012879609544469872,0.19194603434178248,0.1827589392959439,0.001276234583474274,0.2716523835025623,0.21748015829231795
0.438,-0.012879609544469872,0.19194603434178248,0.1827589392959439,0.0008419888839841722,-0.06236394505056928,0.21623223802655556
0.439,-0.012879609544469872,-0.8080539656582175,0.1827589392959439,-0.00015956107826134753,-0.3061452789891871,-0.08200142286169247
0.44,-0.012879609544469872,0.19194603434178248,0.1827589392959439,-6.172460312992383e-06,-0.12913837704860703,-0.26434654850587874
0.441,-0.012879609544469872,0.19194603434178248,0.1827589392959439,0.00015016039588812316,0.22096248131913782,-0.08142961362236534
0.442,-0.012879609544469872,0.19194603434178248,0.1827589392959439,-0.0007724210538481334,0.26451453020661914,0.2120517009168212
0.443,-0.012879609544469872,0.19194603434178248,0.1827589392959439,-0.0011334098943127744,-0.053145402901777945,0.21151387992038423
0.444,-0.012879609544469872,0.19194603434178248,0.1827589392959439,0.0005619520881495316,-0.293552700431458,-0.08046482266627192
0.445,-0.012879609544469872,0.19194603434178248,-0.8172410607040561,0.0022100597789548103,-0.1299265565982025,-0.2602308628299919
0.446,-0.012879609544469872,0.19194603434178248,0.1827589392959439,0.0007945300323212485,0.20877720960724977,-0.08041359585066118
0.447,-0.012879609544469872,0.19194603434178248,0.1827589392959439,-0.002343349198377495,0.2576933046914604,0.21008003885838428
0.448,-0.012879609544469872,0.19194603434178248,0.1827589392959439,-0.00258161366632172,-0.04634211410499923,0.2101893727266762
0.449,-0.012879609544469872,-0.8080539656582175,0.1827589392959439,0.0010655142029700536,-0.28332019198361375,-0.08021864478608753
0.45,-0.012879609544469872,0.19194603434178248,-0.8172410607040561,0.003673850892066387,-0.12962047546690492,-0.26016911820840616
0.451,-0.012879609544469872,0.19194603434178248,0.1827589392959439,0.0011940891208945337,0.2002120875812462,-0.08061066524533504
0.452,-0.012879609544469872,0.19194603434178248,0.1827589392959439,-0.003248006768499038,0.2522464888446798,0.2112363311455169
0.453,-0.012879609544469872,0.19194603434178248,0.1827589392959439,-0.003343786510474029,-0.042681333823921995,0.21188964327335566
0.454,-0.012879609544469872,-0.8080539656582175,0.1827589392959439,0.0013020849678181564,-0.2768255851194687,-0.08110109296298025
0.455,-0.012879609544469872,-0.8080539656582175,-0.8172410607040561,0.004264095303392941,-0.1284226277047097,-0.26360255181082215
0.456,-0.012879609544469872,0.19194603434178248,0.1827589392959439,0.00132303803581822,0.19631314645379325,-0.08183878360306034
0.457,-0.012879609544469872,0.19194603434178248,0.1827589392959439,-0.003449207431565259,0.24896842728696286,0.2149972247025157
0.458,-0.012879609544469872,0.19194603434178248,0.1827589392959439,-0.003412442589154871,-0.04252359587057195,0.21606721707726945
0.459,-0.012879609544469872,0.19194603434178248,0.1827589392959439,0.0012798871354706433,-0.27489390060071994,-0.0828873067624497
0.46,-0.012879609544469872,0.19194603434178248,0.1827589392959439,0.00404194624046649,-0.12656544120390026,-0.2697892734706112
0.461,-0.012879609544469872,0.19194603434178248,0.1827589392959439,0.0012105040436215155,0.1975004496213726,-0.08386545628146637
0.462,-0.012879609544469872,0.19194603434178248,0.1827589392959439,-0.003048558743195627,0.24826749586410393,0.22072215599444936
0.463,-0.012879609544469872,0.19194603434178248,0.1827589392959439,-0.002912984162859672,-0.04581761715764732,0.22207271682392735
0.464,-0.012879609544469872,0.19194603434178248,0.1827589392959439,0.001055198768385162,-0.277673667739474,-0.08531963205700964
0.465,-0.012879609544469872,0.19194603434178248,0.1827589392959439,0.0032144678534433173,-0.12426934187391324,-0.27789875794261326
0.466,-0.012879609544469872,0.19194603434178248,0.1827589392959439,0.0009274186874749637,0.20350626347697343,-0.08643577351184636
0.467,-0.012879609544469872,0.19194603434178248,0.1827589392959439,-0.0022475521320294237,0.25009841966668317,0.22772812526392236
0.468,-0.012879609544469872,0.19194603434178248,0.1827589392959439,-0.00206066212670518,-0.05210994682193993,0.2292270924804505
0.469,-0.012879609544469872,-0.8080539656582175,0.1827589392959439,0.000714517315610486,-0.2846074755269778,-0.0881353319345506
0.47,-0.012879609544469872,0.19194603434178248,-0.8172410607040561,0.0020729557553163407,-0.12170529495772807,-0.2870965322793018
0.471,-0.012879609544469872,0.19194603434178248,0.1827589392959439,0.0005664205871549964,0.21340773638767097,-0.08929704170400567
0.472,-0.012879609544469872,0.19194603434178248,0.1827589392959439,-0.0012927954075050438,0.25396026097299024,0.2353532497432896
0.473,-0.012879609544469872,0.19194603434178248,0.1827589392959439,-0.0011041367297335851,-0.06060793977981704,0.23688157910106528
0.474,-0.012879609544469872,-0.8080539656582175,0.1827589392959439,0.0003525854509333563,-0.29450223823423693,-0.09108877162925476
0.475,-0.012879609544469872,0.19194603434178248,-0.8172410607040561,0.0009210392525947263,-0.11896801685979826,-0.29661053937929943
0.476,-0.012879609544469872,0.19194603434178248,0.1827589392959439,0.00021959182109778627,0.22575028795068736,-0.09221768959985606
0.477,-0.012879609544469872,0.19194603434178248,0.1827589392959439,-0.0004182118189849188,0.2589618145081606,0.24300345370219115
0.478,-0.012879609544469872,0.19194603434178248,0.1827589392959439,-0.00026859266219486004,-0.07028708646238951,0.2444604795440439
0.479,-0.012879609544469872,-0.8080539656582175,0.1827589392959439,5.1228390115940526e-05,-0.3056906807401451,-0.09396642086396613
0.48,-0.012879609544469872,0.19194603434178248,-0.8172410607040561,8.469265952078663e-06,-0.11606460378966622,-0.30577478058527435
0.481,-0.012879609544469872,0.19194603434178248,0.1827589392959439,-4.1134032490287726e-05,0.23874510890230002,-0.09499936172693653
0.482,-0.012879609544469872,0.19194603434178248,0.1827589392959439,0.0002034548141090888,0.26394662956177034,0.25018012826568903
0.483,-0.012879609544469872,0.19194603434178248,0.1827589392959439,0.0002896651732327158,-0.08002746157935682,0.2514852735696146
0.484,-0.012879609544469872,0.19194603434178248,0.1827589392959439,-0.0001366434102074568,-0.31626259459359074,-0.09659439649768202
0.485,-0.012879609544469872,0.19194603434178248,-0.8172410607040561,-0.0005160545251691024,-0.11292106843820991,-0.314050049874694
0.486,-0.012879609544469872,0.19194603434178248,0.1827589392959439,-0.0001770251919798603,0.2505136413100301,-0.09748232986679856
0.487,-0.012879609544469872,0.19194603434178248,0.1827589392959439,0.0004904864001904851,0.26766127414486374,0.25648990875607086
0.488,-0.012879609544469872,0.19194603434178248,0.1827589392959439,0.000508624483658014,-0.08875999925791435,0.2575817038842786
0.489,-0.012879609544469872,-0.8080539656582175,0.1827589392959439,-0.00019496383105600563,-0.32433435659019316,-0.09883949356093484
0.49,-0.012879609544469872,0.19194603434178248,-0.8172410607040561,-0.0006247863432934536,-0.1094065143447257,-0.321025204923234
0.491,-0.012879609544469872,0.19194603434178248,0.1827589392959439,-0.0001868983574874162,0.2593451915204422,-0.09954537511244513
0.492,-0.012879609544469872,0.19194603434178248,0.1827589392959439,0.00045875433323811486,0.2689440057932443,0.26164036910945004
0.493,-0.012879609544469872,0.19194603434178248,0.1827589392959439,0.0004224011513849593,-0.09560206771067742,0.2624739179205735
0.494,-0.012879609544469872,-0.8080539656582175,0.1827589392959439,-0.0001434159002568477,-0.3283195088914535,-0.10060554581110308
0.495,-0.012879609544469872,0.19194603434178248,0.1827589392959439,-0.00040178508348492605,-0.10537180444358066,-0.326404964684583
0.496,-0.012879609544469872,0.19194603434178248,0.1827589392959439,-0.00010261372244782322,0.2639319179273683,-0.10110197904961696
0.497,-0.012879609544469872,0.19194603434178248,0.1827589392959439,0.00020568799348653254,0.266907666905371,0.26542707105185587
0.498,-0.012879609544469872,0.19194603434178248,0.1827589392959439,0.00014121618635575645,-0.09996358914737692,0.2659711423614964
0.499,-0.012879609544469872,-0.8080539656582175,0.1827589392959439,-2.8354583379364652e-05,-0.32716272330262414,-0.1018274100008662
0.5,-0.012879609544469872,0.19194603434178248,-0.8172410607040561,-9.27271800188682e-06,-0.10069702851124808,-0.3299913872058332
0.501,-0.012879609544469872,0.19194603434178248,0.1827589392959439,2.2523751169958108e-05,0.2635486231549995,-0.10209493826515607
0.502,-0.012879609544469872,0.19194603434178248,0.1827589392959439,-0.0001228820939428326,0.2610908977178847,0.2677178731076957
0.503,-0.012879609544469872,0.19194603434178248,0.1827589392959439,-0.00018421542384881477,-0.10160946129927015,0.2679526177763838
0.504,-0.012879609544469872,-0.8080539656582175,0.1827589392959439,9.157644914639223e-05,-0.32050431053642475,-0.10246485394391629
0.505,-0.012879609544469872,0.19194603434178248,-0.8172410607040561,0.0003610235499366252,-0.09534025138624208,-0.33166591947533525
0.506,-0.012879609544469872,0.19194603434178248,0.1827589392959439,0.0001293051113744352,0.25815260773011145,-0.10249137869603822
0.507,-0.012879609544469872,0.19194603434178248,0.1827589392959439,-0.00037425579386260834,0.251555663575183,0.2684397454701251
0.508,-0.012879609544469872,0.19194603434178248,0.1827589392959439,-0.0004047155037913696,-0.10067060155460002,0.26835569891114835
0.509,-0.012879609544469872,-0.8080539656582175,0.1827589392959439,0.00016150860286606977,-0.30875191644108213,-0.10249819773814717
0.51,-0.012879609544469872,0.19194603434178248,-0.8172410607040561,0.0005395115808480721,-0.08937924909449782,-0.331377409929793
0.511,-0.012879609544469872,0.19194603434178248,0.1827589392959439,0.00016832218074044168,0.2483901688518453,-0.10227965836074145
0.512,-0.012879609544469872,0.19194603434178248,0.1827589392959439,-0.00042882831203933314,0.23891611458817155,0.26757177282713057
0.513,-0.012879609544469872,0.19194603434178248,0.1827589392959439,-0.0004111793307088118,-0.09760355735021094,0.2671703735226031
0.514,-0.012879609544469872,-0.8080539656582175,0.1827589392959439,0.00014435582234599567,-0.2930488263115217,-0.10192682360793834
0.515,-0.012879609544469872,0.19194603434178248,-0.8172410607040561,0.00042150724220389496,-0.08303839177388313,-0.3291391043852351
0.516,-0.012879609544469872,0.19194603434178248,0.1827589392959439,0.00011228087938314711,0.23550949979778907,-0.10146892303184962
0.517,-0.012879609544469872,0.19194603434178248,0.1827589392959439,-0.0002295615616336201,0.2242929782942279,0.2651459075321754
0.518,-0.012879609544469872,0.19194603434178248,0.1827589392959439,-0.00016112954685625986,-0.0931061521989376,0.26444132499030987
0.519,-0.012879609544469872,-0.8080539656582175,0.1827589392959439,2.9725156866986385e-05,-0.2751425547560011,-0.10077078574023174
0.52,-0.012879609544469872,0.19194603434178248,0.1827589392959439,-7.998063180675627e-06,-0.07669451442943913,-0.325034888935053
0.521,-0.012879609544469872,0.19194603434178248,0.1827589392959439,-3.7661506787268716e-05,0.22119284455177593,-0.10009126321325391
0.522,-0.012879609544469872,0.19194603434178248,0.1827589392959439,0.00020509924095792813,0.2091977623151377,0.26125477158380006
0.523,-0.012879609544469872,0.19194603434178248,0.1827589392959439,0.00031204270606100665,-0.08800293001664451,0.26027646692969686
0.524,-0.012879609544469872,0.19194603434178248,0.1827589392959439,-0.0001640037730823352,-0.25717110385578174,-0.09907488237624872
0.525,-0.012879609544469872,0.19194603434178248,-0.8172410607040561,-0.0006722039296963569,-0.0708583493210054,-0.31923240689572
0.526,-0.012879609544469872,0.19194603434178248,0.1827589392959439,-0.00025265212761501444,0.20733189344852174,-0.09820566115069874
0.527,-0.012879609544469872,0.19194603434178248,0.1827589392959439,0.0007869274782311594,0.19536061791369883,0.2560638025072509
0.528,-0.012879609544469872,0.19194603434178248,0.1827589392959439,0.0009083617854324153,-0.08311828091457586,0.254859000140672
0.529,-0.012879609544469872,0.19194603434178248,0.1827589392959439,-0.00039456180118802904,-0.24139548903299307,-0.09691384885859611
0.53,-0.012879609544469872,0.19194603434178248,-0.8172410607040561,-0.0014223866441754505,-0.06613153172953398,-0.3119986150189496
0.531,-0.012879609544469872,0.19194603434178248,0.1827589392959439,-0.00048348477811529497,0.19577798066232233,-0.0959023438259326
0.532,-0.012879609544469872,0.19194603434178248,0.1827589392959439,0.0013800850657759158,0.18452346095103522,0.24982363116171669
0.533,-0.012879609544469872,0.19194603434178248,0.1827589392959439,0.0014861422506834516,-0.07915647963059605,0.24845879586219222
0.534,-0.012879609544469872,-0.8080539656582175,0.1827589392959439,-0.0006062254735298081,-0.22991429643828346,-0.09439690621589275
0.535,-0.012879609544469872,0.19194603434178248,-0.8172410607040561,-0.0020743674736020644,-0.06314286613889492,-0.3037121904755893
0.536,-0.012879609544469872,0.19194603434178248,0.1827589392959439,-0.0006725959313689839,0.1881016164177043,-0.09330586490271972
0.537,-0.012879609544469872,0.19194603434178248,0.1827589392959439,0.0018340869250293044,0.17822479726415597,0.24287798899214105
0.538,-0.012879609544469872,0.19194603434178248,0.1827589392959439,0.0018962270458064583,-0.07660627606372382,0.2414384882375255
0.539,-0.012879609544469872,0.19194603434178248,0.1827589392959439,-0.0007432381863563084,-0.22439818282185012,-0.0916698178563995
0.54,-0.012879609544469872,0.19194603434178248,0.1827589392959439,-0.002452729160653146,-0.06247092564012036,-0.29486712542658916
0.541,-0.012879609544469872,0.19194603434178248,0.1827589392959439,-0.0007678462291219812,0.18539390117599658,-0.09057526917265322
0.542,-0.012879609544469872,0.19194603434178248,0.1827589392959439,0.002019766416347067,0.17760399688050654,0.23566274788939684
0.543,-0.012879609544469872,0.19194603434178248,0.1827589392959439,0.002017577495123535,-0.07568343486471699,0.23425011693266476
0.544,-0.012879609544469872,0.19194603434178248,0.1827589392959439,-0.0007631056407366772,-0.22587912587888942,-0.08891287285984568
0.545,-0.012879609544469872,0.19194603434178248,-0.8172410607040561,-0.002432619591947763,-0.06456264241368648,-0.28606284388333586
0.546,-0.012879609544469872,0.19194603434178248,0.1827589392959439,-0.0007349467090566314,0.18813580681784162,-0.08790003819313086
0.547,-0.012879609544469872,0.19194603434178248,0.1827589392959439,0.0018601088163955786,0.18325034579713015,0.2286928342429594
0.548,-0.012879609544469872,0.19194603434178248,0.1827589392959439,0.0017862288923332973,-0.07631842444137056,0.22741941289789255
0.549,-0.012879609544469872,-0.8080539656582175,0.1827589392959439,-0.0006468043274021425,-0.2346214018937456,-0.08633378037376126
0.55,-0.012879609544469872,0.19194603434178248,-0.8172410607040561,-0.0019699028286753457,-0.06965891139118259,-0.2779780747800221
0.551,-0.012879609544469872,0.19194603434178248,0.1827589392959439,-0.0005658045562051213,0.19615121889953313,-0.0854911182207479
0.552,-0.012879609544469872,0.19194603434178248,0.1827589392959439,0.0013492442680894058,0.19511643005023374,0.22253554226907146
0.553,-0.012879609544469872,0.19194603434178248,0.1827589392959439,0.0012113654729615196,-0.07818929706512491,0.22151666346377444
0.554,-0.012879609544469872,-0.8080539656582175,0.1827589392959439,-0.0004037212591060046,-0.25008989519284164,-0.08415523480873327
0.555,-0.012879609544469872,0.19194603434178248,-0.8172410607040561,-0.001113281102304443,-0.07773810879548429,-0.2713282148288352
0.556,-0.012879609544469872,0.19194603434178248,0.1827589392959439,-0.00028104493127693837,0.20864755973635782,-0.08356709674814022
0.557,-0.012879609544469872,0.19194603434178248,0.1827589392959439,0.0005556922148222967,0.21250708674480007,0.21777092293157457
0.558,-0.012879609544469872,0.19194603434178248,0.1827589392959439,0.00037527181529401393,-0.08079280971376207,0.21711524284522637
0.559,-0.012879609544469872,-0.8080539656582175,0.1827589392959439,-7.035657332460802e-05,-0.27101809602199783,-0.08259777743718073
0.56,-0.012879609544469872,0.19194603434178248,0.1827589392959439,3.881947331840562e-06,-0.08848675944968583,-0.26680863461941584
0.561,-0.012879609544469872,0.19194603434178248,0.1827589392959439,7.372117307632612e-05,0.2243355549092295,-0.08233640586262819
0.562,-0.012879609544469872,0.19194603434178248,0.1827589392959439,-0.0003905314252637524,0.23414543889973793,0.21494212086263317
0.563,-0.012879609544469872,0.19194603434178248,0.1827589392959439,-0.0005825103365976445,-0.08354109610053986,0.2147410290982406
0.564,-0.012879609544469872,-0.8080539656582175,0.1827589392959439,0.0002968089639160653,-0.2955649107121914,-0.08185940854179578
0.565,-0.012879609544469872,0.19194603434178248,-0.8172410607040561,0.0011898824477487278,-0.1013035271811382,-0.2650289190751983
0.566,-0.012879609544469872,0.19194603434178248,0.1827589392959439,0.00043696089247343783,0.2416090453441129,-0.08197716890586161
0.567,-0.012879609544469872,0.19194603434178248,0.1827589392959439,-0.0013238716761014996,0.2583077331132597,0.2145004506781171
0.568,-0.012879609544469872,0.19194603434178248,0.1827589392959439,-0.0014931304631371854,-0.08586758688206746,0.21481773574668897
0.569,-0.012879609544469872,-0.8080539656582175,0.1827589392959439,0.000632648574331019,-0.3215380259086954,-0.08209407523408141
0.57,-0.012879609544469872,0.19194603434178248,-0.8172410607040561,0.002233193963778047,-0.11533861174505566,-0.26644501916103513
0.571,-0.012879609544469872,0.19194603434178248,0.1827589392959439,0.0007435890270381942,0.2587581751190111,-0.08261686345390372
0.572,-0.012879609544469872,0.19194603434178248,0.1827589392959439,-0.002076507463170775,0.2830101217582238,0.2167513673189418
0.573,-0.012879609544469872,0.19194603434178248,0.1827589392959439,-0.002192343420135891,-0.08732491137655485,0.21761440238068244
0.574,-0.012879609544469872,-0.8080539656582175,0.1827589392959439,0.0008764548518048138,-0.34665355316415425,-0.0833915761715628
0.575,-0.012879609544469872,0.19194603434178248,-0.8172410607040561,0.002944841477974098,-0.12956603501069958,-0.27129743520515903
0.576,-0.012879609544469872,0.19194603434178248,0.1827589392959439,0.0009379823495515753,0.27418578939147087,-0.08431426627754494
0.577,-0.012879609544469872,0.19194603434178248,0.1827589392959439,-0.0025118282112780842,0.3062242791060619,0.22180809061209325
0.578,-0.012879609544469872,0.19194603434178248,0.1827589392959439,-0.0025531853652547187,-0.08765929713036501,0.22320173109548688
0.579,-0.012879609544469872,0.19194603434178248,0.1827589392959439,0.0009839778139209881,-0.36879801877014173,-0.08576152223599208
0.58,-0.012879609544469872,0.19194603434178248,0.1827589392959439,0.0031957420717947157,-0.14288180317927313,-0.2795636748709899
0.581,-0.012879609544469872,0.19194603434178248,0.1827589392959439,0.000984925708524948,0.28659780797276607,-0.0870461276235795
0.582,-0.012879609544469872,0.19194603434178248,0.1827589392959439,-0.0025511820131864362,0.32609557569883263,0.22955938842302664
0.583,-0.012879609544469872,0.19194603434178248,0.1827589392959439,-0.0025106920273905682,-0.08685017368843079,0.23142354207762775
0.584,-0.012879609544469872,-0.8080539656582175,0.1827589392959439,0.0009359787578069879,-0.3862597914695214,-0.08912374851328639
0.585,-0.012879609544469872,0.19194603434178248,0.1827589392959439,0.002941452167550557,-0.1542171642657002,-0.2909322811477282
0.586,-0.012879609544469872,0.19194603434178248,0.1827589392959439,0.000876293197212404,0.29514338004491436,-0.09070068516120097
0.587,-0.012879609544469872,0.19194603434178248,0.1827589392959439,-0.0021885823017649326,0.3411377843055174,0.23965690864806824
0.588,-0.012879609544469872,0.19194603434178248,0.1827589392959439,-0.002073806183467259,-0.08510956836917348,0.24188837510305575
0.589,-0.012879609544469872,-0.8080539656582175,0.1827589392959439,0.00074164426597718,-0.3979024176646094,-0.09330700590391024
0.59,-0.012879609544469872,0.19194603434178248,-0.8172410607040561,0.002229612021971751,-0.16265368638360658,-0.3048037883736012
0.591,-0.012879609544469872,0.19194603434178248,0.1827589392959439,0.0006322204773399282,0.2994888595607651,-0.09507950323295068
0.592,-0.012879609544469872,0.19194603434178248,0.1827589392959439,-0.0014907193205679881,0.3503818163264894,0.2515255841099533
0.593,-0.012879609544469872,0.19194603434178248,0.1827589392959439,-0.0013224216290039688,-0.08284248322234028,0.25398430703705716
0.594,-0.012879609544469872,-0.8080539656582175,0.1827589392959439,0.000436317735247966,-0.40326112255932556,-0.09805692723829805
0.595,-0.012879609544469872,0.19194603434178248,-0.8172410607040561,0.0011890923340294463,-0.16752605060990383,-0.32032123545913116
0.596,-0.012879609544469872,0.19194603434178248,0.1827589392959439,0.00029669702024063833,0.29981971877861074,-0.09990827547910498
0.597,-0.012879609544469872,0.19194603434178248,0.1827589392959439,-0.0005827253081736346,0.3534622241134409,0.2643982115458173
0.598,-0.012879609544469872,0.19194603434178248,0.1827589392959439,-0.00039062394722312875,-0.08057569565754635,0.26691759519130825
0.599,-0.012879609544469872,-0.8080539656582175,0.1827589392959439,7.418623902950933e-05,-0.4025545642388723,-0.10305325169941855
0.6,-0.012879609544469872,-0.8080539656582175,-0.8172410607040561,3.617859364907762e-06,-0.1684994542040389,-0.33642963721728614
0.601,-0.012879609544469872,0.19194603434178248,0.1827589392959439,-7.13529680554707e-05,0.29677487592626095,-0.10485624926419716
0.602,-0.012879609544469872,0.19194603434178248,0.1827589392959439,0.0003769737427493677,0.3506332532310009,0.2773725888529078
0.603,-0.012879609544469872,0.19194603434178248,0.1827589392959439,0.0005600440826475854,-0.07886733854524423,0.2797730596948277
0.604,-0.012879609544469872,-0.8080539656582175,0.1827589392959439,-0.00028243884344637056,-0.39661520839397024,-0.10793521406400831
0.605,-0.012879609544469872,0.19194603434178248,-0.8172410607040561,-0.0011243133497265757,-0.16561128129875016,-0.3519604415629102
0.606,-0.012879609544469872,0.19194603434178248,0.1827589392959439,-0.00040955904853087245,0.2913270225538445,-0.10956292550273955
0.607,-0.012879609544469872,0.19194603434178248,0.1827589392959439,0.0012273078700489146,0.34271499208588185,0.2894868859104224
0.608,-0.012879609544469872,0.19194603434178248,0.1827589392959439,0.0013715988281786074,-0.07821243076707497,0.29159148473537516
0.609,-0.012879609544469872,-0.8080539656582175,0.1827589392959439,-0.0005749867703836493,-0.3867518613263926,-0.11233298441480336
0.61,-0.012879609544469872,0.19194603434178248,-0.8172410607040561,-0.0020116747389419846,-0.1592709020441902,-0.3657338632498517
0.611,-0.012879609544469872,0.19194603434178248,0.1827589392959439,-0.0006637825108556979,0.2846291320556806,-0.1136697696469172
0.612,-0.012879609544469872,0.19194603434178248,0.1827589392959439,0.0018344209989113573,0.33097850546693214,0.2998065353495325
0.613,-0.012879609544469872,0.19194603434178248,0.1827589392959439,0.0019186001863445929,-0.07895983942820668,0.30145705138101303
0.614,-0.012879609544469872,-0.8080539656582175,0.1827589392959439,-0.0007592445108342026,-0.37456564361167216,-0.11590220102496447
0.615,-0.012879609544469872,0.19194603434178248,-0.8172410607040561,-0.0025276745452812274,-0.15021658621182496,-0.3766694532269068
0.616,-0.012879609544469872,0.19194603434178248,0.1827589392959439,-0.0007976711653096329,0.2778505936457996,-0.11685394543606173
0.617,-0.012879609544469872,0.19194603434178248,0.1827589392959439,0.0021148857948432237,0.31698572554710386,0.307514150446614
0.618,-0.012879609544469872,0.19194603434178248,0.1827589392959439,0.002129486142515313,-0.08125396377507446,0.30858618940003796
0.619,-0.012879609544469872,-0.8080539656582175,0.1827589392959439,-0.0008126938202866885,-0.36174511486116245,-0.11835808169708234
0.62,-0.012879609544469872,0.19194603434178248,-0.8172410607040561,-0.002614849963407767,-0.13943390472594971,-0.3838936573248892
0.621,-0.012879609544469872,0.19194603434178248,0.1827589392959439,-0.0007983137167334325,0.27202607433450293,-0.11886064342749518
0.622,-0.012879609544469872,0.19194603434178248,0.1827589392959439,0.0020480378392442747,0.3024045216349316,0.31199304569262226
0.623,-0.012879609544469872,0.19194603434178248,0.1827589392959439,0.001996446551925891,-0.08501014395785243,0.3124084724882121
0.624,-0.012879609544469872,0.19194603434178248,0.1827589392959439,-0.00073729396398195,-0.34986700429110634,-0.1195054086876565
0.625,-0.012879609544469872,0.19194603434178248,-0.8172410607040561,-0.0022949518713077286,-0.12804493398859187,-0.3868326764659115
0.626,-0.012879609544469872,0.19194603434178248,0.1827589392959439,-0.0006770876606498069,0.2679365543397291,-0.11953048729710966
0.627,-0.012879609544469872,0.19194603434178248,0.1827589392959439,0.0016755883988912679,0.28882132088442636,0.312895010352924
0.628,-0.012879609544469872,0.19194603434178248,0.1827589392959439,0.0015725186934273452,-0.08992714998154083,0.31263042097359706
0.629,-0.012879609544469872,-0.8080539656582175,0.1827589392959439,-0.0005574151717715991,-0.34022623682739844,-0.11926090492740077
0.63,-0.012879609544469872,0.19194603434178248,-0.8172410607040561,-0.0016593152730662118,-0.11718141093708477,-0.38527978846155236
0.631,-0.012879609544469872,0.19194603434178248,0.1827589392959439,-0.0004658064606762278,0.2660357829019064,-0.11881879577955513
0.632,-0.012879609544469872,0.19194603434178248,0.1827589392959439,0.00108932511331708,0.27757281725646477,0.3101841246452934
0.633,-0.012879609544469872,0.19194603434178248,0.1827589392959439,0.0009572216578898565,-0.09553403672629844,0.30927435932416664
0.634,-0.012879609544469872,-0.8080539656582175,0.1827589392959439,-0.00031361698496689446,-0.33371332233651585,-0.1176651561404408
0.635,-0.012879609544469872,0.19194603434178248,-0.8172410607040561,-0.0008465409557435069,-0.10785718663500506,-0.3794284212166162
0.636,-0.012879609544469872,0.19194603434178248,0.1827589392959439,-0.00020920955034833968,0.26642777266646245,-0.11680415207882026
0.637,-0.012879609544469872,0.19194603434178248,0.1827589392959439,0.00041005644991080035,0.269614951806419,0.30415055571990973
0.638,-0.012879609544469872,0.19194603434178248,0.1827589392959439,0.0002742743015058988,-0.10126314790995176,0.30268673209232005
0.639,-0.012879609544469872,-0.8080539656582175,0.1827589392959439,-5.376083758508612e-05,-0.330749695357488,-0.1148822386703946
0.64,-0.012879609544469872,0.19194603434178248,0.1827589392959439,-1.2701779794255205e-05,-0.10085557878804106,-0.36986552805093853
0.641,-0.012879609544469872,0.19194603434178248,0.1827589392959439,4.4486301358624674e-05,0.2688931466693915,-0.11368473972412058
0.642,-0.012879609544469872,0.19194603434178248,0.1827589392959439,-0.000237467484150603,0.2654420367649734,0.29539125200829364
0.643,-0.012879609544469872,0.19194603434178248,0.1827589392959439,-0.00035367421411517123,-0.10653699193544305,0.29351332691084686
0.644,-0.012879609544469872,-0.8080539656582175,0.1827589392959439,0.00017660578578873045,-0.3312834280803731,-0.11118649394959965
0.645,-0.012879609544469872,0.19194603434178248,-0.8172410607040561,0.0006995194611814604,-0.09664547100457392,-0.35752391739530526
0.646,-0.012879609544469872,0.19194603434178248,0.1827589392959439,0.00025296851720070144,0.27295536651942853,-0.10976215783013184
0.647,-0.012879609544469872,0.19194603434178248,0.1827589392959439,-0.0007484019360487462,0.26506239451411917,0.28475798582245593
0.648,-0.012879609544469872,0.19194603434178248,0.1827589392959439,-0.0008280715736291576,-0.11085472160311027,0.2826423977505749
0.649,-0.012879609544469872,-0.8080539656582175,0.1827589392959439,0.0003426292013881452,-0.33484005363242475,-0.10693731553648142
0.65,-0.012879609544469872,0.19194603434178248,-0.8172410607040561,0.001186536701205514,-0.09533645779279298,-0.3435967200691876
0.651,-0.012879609544469872,0.19194603434178248,0.1827589392959439,0.00038727645883771043,0.2779730530802338,-0.10541380755429716
0.652,-0.012879609544469872,0.19194603434178248,0.1827589392959439,-0.001055748064000999,0.2680300462371171,0.2732769039728138
0.653,-0.012879609544469872,0.19194603434178248,0.1827589392959439,-0.0010908041205723554,-0.11386430691731252,0.27112035402250867
0.654,-0.012879609544469872,-0.8080539656582175,0.1827589392959439,0.0004257056847067161,-0.34061701501573666,-0.10254422401603334
0.655,-0.012879609544469872,0.19194603434178248,-0.8172410607040561,0.0013996353305339817,-0.096678439069427,-0.32942164097637006
0.656,-0.012879609544469872,0.19194603434178248,0.1827589392959439,0.00043596233663476653,0.283242333051472,-0.10105629700997826
0.657,-0.012879609544469872,0.19194603434178248,0.1827589392959439,-0.0011392191520095336,0.27352564510057736,0.2620472108922753
0.658,-0.012879609544469872,0.19194603434178248,0.1827589392959439,-0.0011310627426998822,-0.11540909034721394,0.26004806109133793
0.659,-0.012879609544469872,-0.8080539656582175,0.1827589392959439,0.0004253067981239826,-0.34760617734493854,-0.098425728970186
0.66,-0.012879609544469872,0.19194603434178248,-0.8172410607040561,0.0013483820441145,-0.1001054582024499,-0.3163465062131572
0.661,-0.012879609544469872,0.19194603434178248,0.1827589392959439,0.0004053736825600256,0.2880935343793257,-0.09710348351667002
0.662,-0.012879609544469872,0.19194603434178248,0.1827589392959439,-0.0010239331250199756,0.2804747111114825,0.2521293981002195
0.663,-0.012879609544469872,0.19194603434178248,0.1827589392959439,-0.0009820707062335446,-0.11554179198625489,0.25046846192515065
0.664,-0.012879609544469872,0.19194603434178248,0.1827589392959439,0.0003569933819097103,-0.35472721337865776,-0.0949663557525513
0.665,-0.012879609544469872,0.19194603434178248,-0.8172410607040561,0.0010919412114521357,-0.10481798303028471,-0.30559037476803386
0.666,-0.012879609544469872,0.19194603434178248,0.1827589392959439,0.00031630351987642385,0.2919693057370005,-0.09392360483969604
0.667,-0.012879609544469872,0.19194603434178248,0.1827589392959439,-0.0007700023832618867,0.2876877940077704,0.24443516364002063
0.668,-0.012879609544469872,0.19194603434178248,0.1827589392959439,-0.0007091475326567854,-0.11450444607889648,0.243257802888482
0.669,-0.012879609544469872,-0.8080539656582175,0.1827589392959439,0.00024733053491828364,-0.3609554209452483,-0.09247661909325341
0.67,-0.012879609544469872,0.19194603434178248,-0.8172410607040561,0.0007210521954590581,-0.10989297969802264,-0.2981157210689603
0.671,-0.012879609544469872,0.19194603434178248,0.1827589392959439,0.00019798992853545561,0.29447569293398795,-0.0918003153315161
0.672,-0.012879609544469872,0.19194603434178248,0.1827589392959439,-0.0004559068337555015,0.29400572772329175,0.23963155020690846
0.673,-0.012879609544469872,0.19194603434178248,0.1827589392959439,-0.000392281741841001,-0.11267830666095939,0.23903295481699516
0.674,-0.012879609544469872,-0.8080539656582175,0.1827589392959439,0.00012701162149091102,-0.36543025489026937,-0.09116057704997879
0.675,-0.012879609544469872,0.19194603434178248,-0.8172410607040561,0.0003351784276467966,-0.11440765648233223,-0.2945266489655635
0.676,-0.012879609544469872,0.19194603434178248,0.1827589392959439,8.093236162588473e-05,0.2954029899768486,-0.09090225398485165
0.677,-0.012879609544469872,0.19194603434178248,0.1827589392959439,-0.00015963634961715473,0.29843365472904454,0.238070731059109
0.678,-0.012879609544469872,0.19194603434178248,0.1827589392959439,-0.00010731613607788335,-0.11051256032792697,0.23808603591061037
0.679,-0.012879609544469872,-0.8080539656582175,0.1827589392959439,2.378444423294313e-05,-0.3675349251472501,-0.09109488355805902
0.68,-0.012879609544469872,0.19194603434178248,0.1827589392959439,2.0042044223749966e-05,-0.1175611084912503,-0.2950057104179446
0.681,-0.012879609544469872,0.19194603434178248,0.1827589392959439,-9.85988074279082e-06,0.29471835569730703,-0.09126500625985687
0.682,-0.012879609544469872,0.19194603434178248,0.1827589392959439,5.8215760191303716e-05,0.300249773215298,0.23975432558282775
0.683,-0.012879609544469872,0.19194603434178248,0.1827589392959439,9.013991501099967e-05,-0.10844397008097224,0.24035481667552952
0.684,-0.012879609544469872,-0.8080539656582175,0.1827589392959439,-4.329518052697579e-05,-0.36694208866668127,-0.0922220333212486
0.685,-0.012879609544469872,0.19194603434178248,0.1827589392959439,-0.00016968119079563843,-0.11877848141386758,-0.2992978445542674
0.686,-0.012879609544469872,0.19194603434178248,0.1827589392959439,-5.977345511407361e-05,0.2925364078647197,-0.09278802908146691
0.687,-0.012879609544469872,0.19194603434178248,0.1827589392959439,0.00016592685696051475,0.2990783987198833,0.2443373570060475
0.688,-0.012879609544469872,0.19194603434178248,0.1827589392959439,0.00017481699543378065,-0.10682084611980686,0.24543346003131356
0.689,-0.012879609544469872,-0.8080539656582175,0.1827589392959439,-6.714409660638873e-05,-0.36362522625500815,-0.09435888561310479
0.69,-0.012879609544469872,0.19194603434178248,-0.8172410607040561,-0.0002191570267016339,-0.11778463155989205,-0.3067446253698052
0.691,-0.012879609544469872,0.19194603434178248,0.1827589392959439,-6.672727482849255e-05,0.28907666576732366,-0.09524741130508789
0.692,-0.012879609544469872,0.19194603434178248,0.1827589392959439,0.00016460342908735835,0.29492142482306755,0.25117237342608506
0.693,-0.012879609544469872,0.19194603434178248,0.1827589392959439,0.0001541581751820676,-0.10584383070332692,0.2526234386827898
0.694,-0.012879609544469872,-0.8080539656582175,0.1827589392959439,-5.293477185849681e-05,-0.35783915115621734,-0.097219747269858
0.695,-0.012879609544469872,0.19194603434178248,-0.8172410607040561,-0.00015238345460985298,-0.1146382692837284,-0.316366005737787
0.696,-0.012879609544469872,0.19194603434178248,0.1827589392959439,-4.02737546766871e-05,0.2846175154971059,-0.09832342808018303
0.697,-0.012879609544469872,0.19194603434178248,0.1827589392959439,8.430220644411996e-05,0.288147061581607,0.25938937573740317
0.698,-0.012879609544469872,0.19194603434178248,0.1827589392959439,6.299376694620892e-05,-0.1055330803913922,0.2610195297074268
0.699,-0.012879609544469872,-0.8080539656582175,0.1827589392959439,-1.5533710342375245e-05,-0.3500758491324046,-0.10045150929757557
0.7,-0.012879609544469872,0.19194603434178248,-0.8172410607040561,-2.2296863023072438e-05,-0.10972269811487982,-0.32698080021497444
0.701,-0.012879609544469872,0.19194603434178248,0.1827589392959439,1.9229321919237845e-06,0.2794553679768777,-0.10163995082216781
0.702,-0.012879609544469872,0.19194603434178248,0.1827589392959439,-2.627746890418637e-05,0.2794392943673535,0.26800264156089315
0.703,-0.012879609544469872,0.19194603434178248,0.1827589392959439,-4.776541036201282e-05,-0.10572703036648808,0.2696212380560353
0.704,-0.012879609544469872,0.19194603434178248,0.1827589392959439,2.5138018250668855e-05,-0.3410033362419031,-0.10367679422324266
0.705,-0.012879609544469872,0.19194603434178248,-0.8172410607040561,0.00010519408953332126,-0.10369482598121704,-0.3373520312666976
0.706,-0.012879609544469872,0.19194603434178248,0.1827589392959439,3.926822621769562e-05,0.27387522555391414,-0.10481114676304701
0.707,-0.012879609544469872,0.19194603434178248,0.1827589392959439,-0.00011379060925616275,0.2697153854966019,0.2760319082481653
0.708,-0.012879609544469872,0.19194603434178248,0.1827589392959439,-0.00012548255849943317,-0.10611276007019513,0.2774564634235506
0.709,-0.012879609544469872,-0.8080539656582175,0.1827589392959439,4.96412136221291e-05,-0.33139549836033233,-0.10653998896218332
0.71,-0.012879609544469872,0.19194603434178248,-0.8172410607040561,0.0001692528839257029,-0.09739940173756947,-0.3463396853290663
0.711,-0.012879609544469872,0.19194603434178248,0.1827589392959439,5.380158389749646e-05,0.2681355516273184,-0.10748977904813005
0.712,-0.012879609544469872,0.19194603434178248,0.1827589392959439,-0.00013452738517167188,0.26002159779737444,0.2826231985316441
0.713,-0.012879609544469872,0.19194603434178248,0.1827589392959439,-0.00012974677465067716,-0.10628288170591275,0.2837022214909177
0.714,-0.012879609544469872,-0.8080539656582175,0.1827589392959439,4.4135047512489145e-05,-0.3220601791386872,-0.10875056612441793
0.715,-0.012879609544469872,0.19194603434178248,-0.8172410607040561,0.00012999155789783943,-0.09175974131487978,-0.35304193633103
0.716,-0.012879609544469872,0.19194603434178248,0.1827589392959439,3.48477739250747e-05,0.2624668407307225,-0.10941098454118821
0.717,-0.012879609544469872,0.19194603434178248,0.1827589392959439,-6.568169782693397e-05,0.25141895072817466,0.28715419302367484
0.718,-0.012879609544469872,0.19194603434178248,0.1827589392959439,-4.273304269768605e-05,-0.10580964968825668,0.2877871090442061
0.719,-0.012879609544469872,-0.8080539656582175,0.1827589392959439,3.91489633758361e-06,-0.31377144980519733,-0.11011831670060142
0.72,-0.012879609544469872,0.19194603434178248,-0.8172410607040561,-2.1379981975511975e-05,-0.08765901166491002,-0.3569067944592209
0.721,-0.012879609544469872,0.19194603434178248,0.1827589392959439,-1.8276562196622974e-05,0.2570802855006126,-0.11042576395960967
0.722,-0.012879609544469872,0.19194603434178248,0.1827589392959439,8.886363182745843e-05,0.24487116361323358,0.2893106046359123
0.723,-0.012879609544469872,0.19194603434178248,0.1827589392959439,0.00012627227799391367,-0.10432429126103833,0.2894620751426747
0.724,-0.012879609544469872,-0.8080539656582175,0.1827589392959439,-6.538269892465694e-05,-0.3072103918777338,-0.11057602202177405
0.725,-0.012879609544469872,0.19194603434178248,0.1827589392959439,-0.0002602556336915274,-0.08582710228452124,-0.35779941845437246
0.726,-0.012879609544469872,0.19194603434178248,0.1827589392959439,-9.605412422728323e-05,0.25218096689556896,-0.11051956570080224
0.727,-0.012879609544469872,0.19194603434178248,0.1827589392959439,0.00029937623515455307,0.24114606424694812,0.28912336684300505
0.728,-0.012879609544469872,0.19194603434178248,0.1827589392959439,0.00034302615727993356,-0.1015887837460112,0.28882977197854137
0.729,-0.012879609544469872,-0.8080539656582175,0.1827589392959439,-0.00014910962109556956,-0.3029171751544575,-0.1101865852716951
0.73,-0.012879609544469872,0.19194603434178248,-0.8172410607040561,-0.0005344693918268771,-0.08674714554727551,-0.35601565657817835
0.731,-0.012879609544469872,0.19194603434178248,0.1827589392959439,-0.00018102903776585406,0.24797936629908096,-0.10981316684930593
0.732,-0.012879609544469872,0.19194603434178248,0.1827589392959439,0.0005173536841321338,0.2407398199876382,0.2869612358056966
0.733,-0.012879609544469872,0.19194603434178248,0.1827589392959439,0.0005564835786092708,-0.09754853970650255,0.2863278918284495
0.734,-0.012879609544469872,-0.8080539656582175,0.1827589392959439,-0.0002270973076640484,-0.30125594375644166,-0.10913354488884443
0.735,-0.012879609544469872,0.19194603434178248,-0.8172410607040561,-0.0007767197535094829,-0.09059301414715208,-0.3522391241278674
0.736,-0.012879609544469872,0.19194603434178248,0.1827589392959439,-0.000251961256790334,0.24469575782520325,-0.10854533504204776
0.737,-0.012879609544469872,0.19194603434178248,0.1827589392959439,0.0006870755931633276,0.24383063831229146,0.28347904058017415
0.738,-0.012879609544469872,0.19194603434178248,0.1827589392959439,0.0007109525573881594,-0.09235747945228336,0.282667815136941
0.739,-0.012879609544469872,0.19194603434178248,0.1827589392959439,-0.00027846488641104105,-0.3023931341627891,-0.10769596776523017
0.74,-0.012879609544469872,0.19194603434178248,-0.8172410607040561,-0.0009206113779202697,-0.09720501862049312,-0.3474464308778986
0.741,-0.012879609544469872,0.19194603434178248,0.1827589392959439,-0.00028888961309047283,0.24255397093548495,-0.10703919725486263
0.742,-0.012879609544469872,0.19194603434178248,0.1827589392959439,0.0007589140695430381,0.25026539016772814,0.27952757295207276
0.743,-0.012879609544469872,0.19194603434178248,0.1827589392959439,0.0007594143726588328,-0.08637127070007845,0.27873582511339917
0.744,-0.012879609544469872,0.19194603434178248,0.1827589392959439,-0.0002866294726478983,-0.30628932088653293,-0.1062107052075966
0.745,-0.012879609544469872,0.19194603434178248,-0.8172410607040561,-0.0009166172634411159,-0.10610611101122855,-0.3427720745358571
0.746,-0.012879609544469872,0.19194603434178248,0.1827589392959439,-0.0002779433490282554,0.24176369278582002,-0.10565651051518936
0.747,-0.012879609544469872,0.19194603434178248,0.1827589392959439,0.0007013662448612459,0.25957925714776664,0.2760362236131838
0.748,-0.012879609544469872,0.19194603434178248,0.1827589392959439,0.0006749851194521754,-0.08010941104422685,0.27546927739909166
0.749,-0.012879609544469872,-0.8080539656582175,0.1827589392959439,-0.00024338576034117914,-0.31270440257045906,-0.10502663233060842
0.75,-0.012879609544469872,0.19194603434178248,-0.8172410607040561,-0.0007443688251689499,-0.11655582357891564,-0.3393500703266077
0.751,-0.012879609544469872,0.19194603434178248,0.1827589392959439,-0.00021482402342971643,0.242493358001774,-0.10474579715920426
0.752,-0.012879609544469872,0.19194603434178248,0.1827589392959439,0.0005091226402828692,0.27104530855280434,0.2738832427657987
0.753,-0.012879609544469872,0.19194603434178248,0.1827589392959439,0.00045797053925976015,-0.07419155822706229,0.27372372049955185
0.754,-0.012879609544469872,-0.8080539656582175,0.1827589392959439,-0.00015115132463243205,-0.3212157379498194,-0.10445656683616372
0.755,-0.012879609544469872,0.19194603434178248,-0.8172410607040561,-0.0004185640764024977,-0.12763458729432983,-0.3381528011371167
0.756,-0.012879609544469872,0.19194603434178248,0.1827589392959439,-0.00010619370795126116,0.2448381814399715,-0.10459130282324293
0.757,-0.012879609544469872,0.19194603434178248,0.1827589392959439,0.00020540872734420296,0.28374815947830107,0.273770393194498
0.758,-0.012879609544469872,0.19194603434178248,0.1827589392959439,0.0001369815161499143,-0.06925735859535542,0.27414850324592827
0.759,-0.012879609544469872,-0.8080539656582175,0.1827589392959439,-2.289291021810274e-05,-0.33124855146609566,-0.10473293192895285
0.76,-0.012879609544469872,0.19194603434178248,-0.8172410607040561,1.2770405095789104e-05,-0.1383475527893301,-0.33984832914306323
0.761,-0.012879609544469872,0.19194603434178248,0.1827589392959439,3.132382462735511e-05,0.24878953912815588,-0.10536978891539447
0.762,-0.012879609544469872,0.19194603434178248,0.1827589392959439,-0.00016188328695021127,0.29667377563181174,0.2761184790426218
0.763,-0.012879609544469872,0.19194603434178248,0.1827589392959439,-0.00023610323421649476,-0.06588142157553258,0.2770876124950369
0.764,-0.012879609544469872,-0.8080539656582175,0.1827589392959439,0.00012023876732708663,-0.3421174329722066,-0.10597283701587279
0.765,-0.012879609544469872,0.19194603434178248,0.1827589392959439,0.0004772484121390886,-0.14773498901697799,-0.3446953457023165
0.766,-0.012879609544469872,0.19194603434178248,0.1827589392959439,0.00017430068517365697,0.2542123719810879,-0.10712124404208932
0.767,-0.012879609544469872,0.19194603434178248,0.1827589392959439,-0.0005294054904201568,0.30880623544639857,0.2809977721296541
0.768,-0.012879609544469872,0.19194603434178248,0.1827589392959439,-0.0005962102203762259,-0.06449570850108619,0.28251941192430374
0.769,-0.012879609544469872,-0.8080539656582175,0.1827589392959439,0.0002530452226336813,-0.3530770150088649,-0.10815714341654502
0.77,-0.012879609544469872,0.19194603434178248,-0.8172410607040561,0.0008923616853559454,-0.1549759692868178,-0.35249027712497766
0.771,-0.012879609544469872,0.19194603434178248,0.1827589392959439,0.000297133812830392,0.26083647225874634,-0.10973779477596429
0.772,-0.012879609544469872,0.19194603434178248,0.1827589392959439,-0.0008309116857881543,0.31922191753908685,0.28810301570370417
0.773,-0.012879609544469872,0.19194603434178248,0.1827589392959439,-0.0008780054989118718,-0.06533039639380595,0.29004397861883374
0.774,-0.012879609544469872,-0.8080539656582175,0.1827589392959439,0.0003512978894315207,-0.3633789772810027,-0.11112639717490924
0.775,-0.012879609544469872,-0.8080539656582175,-0.8172410607040561,0.0011819354320661084,-0.15947335250758235,-0.36257440076994585
0.776,-0.012879609544469872,0.19194603434178248,0.1827589392959439,0.0003771569628213249,0.2682655414895928,-0.11297265208968638
0.777,-0.012879609544469872,0.19194603434178248,0.1827589392959439,-0.001010489512436235,0.3271721510104055,0.296777020608444
0.778,-0.012879609544469872,0.19194603434178248,0.1827589392959439,-0.0010289480955094753,-0.06838146645425909,0.2989205125813274
0.779,-0.012879609544469872,-0.8080539656582175,0.1827589392959439,0.00039657733753701554,-0.37233153835305166,-0.11459445752095264
0.78,-0.012879609544469872,0.19194603434178248,-0.8172410607040561,0.0012913383050342094,-0.16091079720084167,-0.3739010382662815
0.781,-0.012879609544469872,0.19194603434178248,0.1827589392959439,0.0003991638105980635,0.27600511241941983,-0.11646818429916365
0.782,-0.012879609544469872,0.19194603434178248,0.1827589392959439,-0.001033703782395623,0.3321467655498786,0.30608062540927267
0.783,-0.012879609544469872,0.19194603434178248,0.1827589392959439,-0.0010197476272234478,-0.07340931121801225,0.30815066779897166
0.784,-0.012879609544469872,-0.8080539656582175,0.1827589392959439,0.000379932153005944,-0.3793567434067957,-0.11817848368419667
0.785,-0.012879609544469872,0.19194603434178248,-0.8172410607040561,0.001198312696371892,-0.1592763001106199,-0.3851550275566902
0.786,-0.012879609544469872,0.19194603434178248,0.1827589392959439,0.0003584148918161518,0.28350728162046196,-0.11979955245923989
0.787,-0.012879609544469872,0.19194603434178248,0.1827589392959439,-0.0008943804380428973,0.33391305251618675,0.3149007989791665
0.788,-0.012879609544469872,0.19194603434178248,0.1827589392959439,-0.0008501091567456037,-0.07996816771283667,0.3165975336342065
0.789,-0.012879609544469872,0.19194603434178248,0.1827589392959439,0.0003036228025671637,-0.38404035501428313,-0.12144193296275285
0.79,-0.012879609544469872,0.19194603434178248,-0.8172410607040561,0.0009172698642159429,-0.15485100922325004,-0.3949098000607691
0.791,-0.012879609544469872,0.19194603434178248,0.1827589392959439,0.0002615363409549356,0.2902272391379363,-0.1225281668986808
0.792,-0.012879609544469872,0.19194603434178248,0.1827589392959439,-0.0006157157590436208,0.33252718266513515,0.3220837193364852
0.793,-0.012879609544469872,0.19194603434178248,0.1827589392959439,-0.0005486728868763128,-0.0874618389832538,0.32312523102961443
0.794,-0.012879609544469872,-0.8080539656582175,0.1827589392959439,0.0001806291569623362,-0.3861691835850645,-0.123945615393795
0.795,-0.012879609544469872,0.19194603434178248,-0.8172410607040561,0.0004962958024287245,-0.14816626180720807,-0.40180243857905595
0.796,-0.012879609544469872,0.19194603434178248,0.1827589392959439,0.00012516768187800488,0.29568431179022137,-0.12425784658371661
0.797,-0.012879609544469872,0.19194603434178248,0.1827589392959439,-0.0002455974131780335,0.3283178672010608,0.3265764216494965
0.798,-0.012879609544469872,0.19194603434178248,0.1827589392959439,-0.0001672786480401488,-0.09521759139539836,0.32674134127170257
0.799,-0.012879609544469872,-0.8080539656582175,0.1827589392959439,3.206836286255154e-05,-0.38575136818230943,-0.12530083840808118
0.8,-0.012879609544469872,0.19194603434178248,-0.8172410607040561,7.630244000494378e-06,-0.1399354163083855,-0.40470473433640514
0.801,-0.012879609544469872,0.19194603434178248,0.1827589392959439,-2.731860060192538e-05,0.2995190484007169,-0.12468619334661604
0.802,-0.012879609544469872,0.19194603434178248,0.1827589392959439,0.0001527872007945751,0.3218447271651749,0.3275594932050496
0.803,-0.012879609544469872,0.19194603434178248,0.1827589392959439,0.0002291571136140566,-0.1025678028863631,0.32672403284097806
0.804,-0.012879609544469872,-0.8080539656582175,0.1827589392959439,-0.00011690729671010752,-0.38301645088547565,-0.125218376028572
0.805,-0.012879609544469872,0.19194603434178248,-0.8172410607040561,-0.00046630807162999867,-0.13096966004274269,-0.40286880452228985
0.806,-0.012879609544469872,0.19194603434178248,0.1827589392959439,-0.000170319081884873,0.3015379829810661,-0.12364438815032928
0.807,-0.012879609544469872,0.19194603434178248,0.1827589392959439,0.0005130518652901227,0.3138361934913003,0.32455443479762214
0.808,-0.012879609544469872,0.19194603434178248,0.1827589392959439,0.0005750102939980182,-0.10892817743874067,0.3227178302455274
0.809,-0.012879609544469872,-0.8080539656582175,0.1827589392959439,-0.00024187165843273252,-0.37839398276663183,-0.12354744064556707
0.81,-0.012879609544469872,0.19194603434178248,-0.8172410607040561,-0.0008484377063917818,-0.12208831300876116,-0.39602917690968825
0.811,-0.012879609544469872,0.19194603434178248,0.1827589392959439,-0.0002807911601727047,0.30173912199620323,-0.12112027316354602
0.812,-0.012879609544469872,0.19194603434178248,0.1827589392959439,0.0007779350275064136,0.305113574506234,0.3174925312173243
0.813,-0.012879609544469872,0.19194603434178248,0.1827589392959439,0.0008160393389091801,-0.11386218601764525,0.3147861678015163
0.814,-0.012879609544469872,-0.8080539656582175,0.1827589392959439,-0.0003235804005520151,-0.37247165871964877,-0.12029996087944675
0.815,-0.012879609544469872,0.19194603434178248,-0.8172410607040561,-0.0010809501735287441,-0.1140341220867079,-0.384448909995843
0.816,-0.012879609544469872,0.19194603434178248,0.1827589392959439,-0.00034237715516337574,0.30031371443690547,-0.11726195170906994
0.817,-0.012879609544469872,0.19194603434178248,0.1827589392959439,0.0009094045993443576,0.29650903624871056,0.30673692545307035
0.818,-0.012879609544469872,0.19194603434178248,0.1827589392959439,0.0009188215564586498,-0.11712366184752801,0.3034145823292789
0.819,-0.012879609544469872,-0.8080539656582175,0.1827589392959439,-0.0003512547616922606,-0.3659363279374633,-0.11565713680594285
0.82,-0.012879609544469872,0.19194603434178248,-0.8172410607040561,-0.0011349812671367357,-0.1074027408826486,-0.3689044960753587
0.821,-0.012879609544469872,0.19194603434178248,0.1827589392959439,-0.000348075138020773,0.29762310727131075,-0.11236185985077941
0.822,-0.012879609544469872,0.19194603434178248,0.1827589392959439,0.00089464701961641,0.28878555592669125,0.29305540913105
0.823,-0.012879609544469872,0.19194603434178248,0.1827589392959439,0.0008757908780798087,-0.1186727885130159,0.2894648061163319
0.824,-0.012879609544469872,-0.8080539656582175,0.1827589392959439,-0.00032409857237547974,-0.35950335707100556,-0.1099572538955305
0.825,-0.012879609544469872,0.19194603434178248,-0.8172410607040561,-0.0010143050105739194,-0.10259326801929054,-0.3506119964704556
0.826,-0.012879609544469872,0.19194603434178248,0.1827589392959439,-0.0003009965975597574,0.2941529820437639,-0.10682392767349397
0.827,-0.012879609544469872,0.19194603434178248,0.1827589392959439,0.0007469536237352342,0.28256642563481793,0.27754744920533697
0.828,-0.012879609544469872,0.19194603434178248,0.1827589392959439,0.0007050937230236483,-0.11866455999068214,0.27408622565363533
0.829,-0.012879609544469872,-0.8080539656582175,0.1827589392959439,-0.000250835858546877,-0.353841435354358,-0.1036658546059839
0.83,-0.012879609544469872,0.19194603434178248,-0.8172410607040561,-0.0007526168246225438,-0.099783735215206,-0.33110403989446996
0.831,-0.012879609544469872,0.19194603434178248,0.1827589392959439,-0.00021315685500309116,0.29045049438648,-0.10111865682266322
0.832,-0.012879609544469872,0.19194603434178248,0.1827589392959439,0.0005015895512426475,0.278280679714067,0.2615343881134708
0.833,-0.012879609544469872,0.19194603434178248,0.1827589392959439,0.00044555875755248123,-0.11741259680637815,0.25859632320089276
0.834,-0.012879609544469872,-0.8080539656582175,0.1827589392959439,-0.00014746457849509125,-0.34950076351200676,-0.09733135022013174
0.835,-0.012879609544469872,0.19194603434178248,0.1827589392959439,-0.00040528304444413353,-0.09893221947290926,-0.3120730355280342
0.836,-0.012879609544469872,0.19194603434178248,0.1827589392959439,-0.00010264259345037125,0.2870523247375208,-0.09573237122305871
0.837,-0.012879609544469872,0.19194603434178248,0.1827589392959439,0.00020773564361552556,0.2761290440290262,0.24642590554744487
0.838,-0.012879609544469872,0.19194603434178248,0.1827589392959439,0.00014804472452819282,-0.11533443809265884,0.24434514280257127
0.839,-0.012879609544469872,-0.8080539656582175,0.1827589392959439,-3.377100028483267e-05,-0.34685251383612636,-0.09153078460160043
0.84,-0.012879609544469872,0.19194603434178248,-0.8172410607040561,-3.750258826653113e-05,-0.09980122326514707,-0.29519950455220045
0.841,-0.012879609544469872,0.19194603434178248,0.1827589392959439,1.0190201697549385e-05,0.2844130372418315,-0.09111735513638233
0.842,-0.012879609544469872,0.19194603434178248,0.1827589392959439,-8.167309319677621e-05,0.2760728611755568,0.23357823180122925
0.843,-0.012879609544469872,0.19194603434178248,0.1827589392959439,-0.00013490736263699755,-0.11288666815187229,0.23258011643697868
0.844,-0.012879609544469872,0.19194603434178248,0.1827589392959439,7.063072946929198e-05,-0.3460464580555607,-0.0868115598638733
0.845,-0.012879609544469872,0.19194603434178248,-0.8172410607040561,0.000288556808805715,-0.10200048757231422,-0.28198543789317326
0.846,-0.012879609544469872,0.19194603434178248,0.1827589392959439,0.00010667504732773017,0.2828432402867145,-0.08764903999915663
0.847,-0.012879609544469872,0.19194603434178248,0.1827589392959439,-0.0003200670210915908,0.27784616329372286,0.22416002397956333
0.848,-0.012879609544469872,0.19194603434178248,0.1827589392959439,-0.000358958311407377,-0.11049921333606341,0.22432666914602753
0.849,-0.012879609544469872,-0.8080539656582175,0.1827589392959439,0.0001499175926733401,-0.34699182680288837,-0.08363538730880526
0.85,-0.012879609544469872,0.19194603434178248,-0.8172410607040561,0.0005250270575454829,-0.1050417381309662,-0.2736110338850047
0.851,-0.012879609544469872,0.19194603434178248,0.1827589392959439,0.0001731534338580055,0.2824658400054689,-0.08559496459827254
0.852,-0.012879609544469872,0.19194603434178248,0.1827589392959439,-0.0004753101391846218,0.2809888770562774,0.21904029764320226
0.853,-0.012879609544469872,0.19194603434178248,0.1827589392959439,-0.0004954552114073741,-0.1085177872419285,0.22029713816584223
0.854,-0.012879609544469872,-0.8080539656582175,0.1827589392959439,0.00019463812702626328,-0.3493639953435253,-0.08233049321168869
0.855,-0.012879609544469872,0.19194603434178248,0.1827589392959439,0.0006458765565307775,-0.10839814961264564,-0.27082940305225134
0.856,-0.012879609544469872,0.19194603434178248,0.1827589392959439,0.0002030350005397312,0.2831963544536761,-0.08509817794109464
0.857,-0.012879609544469872,0.19194603434178248,0.1827589392959439,-0.000534250735037741,0.2848972633931781,0.21870964083029487
0.858,-0.012879609544469872,0.19194603434178248,0.1827589392959439,-0.000535190790659852,-0.10716188741461846,0.22083620929659253
0.859,-0.012879609544469872,-0.8080539656582175,0.1827589392959439,0.00020281344291469059,-0.35263677396077536,-0.08305722008935515
0.86,-0.012879609544469872,0.19194603434178248,-0.8172410607040561,0.0006494776702867439,-0.11156154369461962,-0.2739084825181782
0.861,-0.012879609544469872,0.19194603434178248,0.1827589392959439,0.00019727826802655037,0.2847501406381106,-0.08617544047669055
0.862,-0.012879609544469872,0.19194603434178248,0.1827589392959439,-0.0005031034659004368,0.2888862825288426,0.22324161662591735
0.863,-0.012879609544469872,0.19194603434178248,0.1827589392959439,-0.00048796224557879866,-0.1065032369308725,0.22590599764387279
0.864,-0.012879609544469872,-0.8080539656582175,0.1827589392959439,0.00017945085227687464,-0.3561372516080993,-0.08579072074715306
0.865,-0.012879609544469872,0.19194603434178248,0.1827589392959439,0.0005560704296297826,-0.11409138881808085,-0.28262329535531117
0.866,-0.012879609544469872,0.19194603434178248,0.1827589392959439,0.0001633171110403553,0.2866759098450637,-0.08872839901801982
0.867,-0.012879609544469872,0.19194603434178248,0.1827589392959439,-0.0004039148246836906,0.2922577381844184,0.2322963959636935
0.868,-0.012879609544469872,0.19194603434178248,0.1827589392959439,-0.00037835316162014994,-0.1064665160830043,0.2351088512373852
0.869,-0.012879609544469872,-0.8080539656582175,0.1827589392959439,0.00013469766548687698,-0.3591176320471077,-0.09032260237346772
0.87,-0.012879609544469872,0.19194603434178248,-0.8172410607040561,0.0004010538713322137,-0.11565131949271913,-0.2962956882077578
0.871,-0.012879609544469872,0.19194603434178248,0.1827589392959439,0.00011277871443131833,0.2884115370743049,-0.09256422059075112
0.872,-0.012879609544469872,0.19194603434178248,0.1827589392959439,-0.0002681600457136696,0.29436783228378305,0.245163894006559
0.873,-0.012879609544469872,0.19194603434178248,0.1827589392959439,-0.00023891861657152232,-0.10685109180462765,0.2477416520261506
0.874,-0.012879609544469872,-0.8080539656582175,0.1827589392959439,8.113019781870478e-05,-0.3608366041384215,-0.09628133907567583
0.875,-0.012879609544469872,0.19194603434178248,-0.8172410607040561,0.00022584247382392828,-0.11603086219316192,-0.3138735728268647
0.876,-0.012879609544469872,0.19194603434178248,0.1827589392959439,5.8567434268936665e-05,0.28935534806618957,-0.09742123125481916
0.877,-0.012879609544469872,0.19194603434178248,0.1827589392959439,-0.00012904678763271972,0.2946881277041495,0.2608395904847709
0.878,-0.012879609544469872,0.19194603434178248,0.1827589392959439,-0.0001024156478742757,-0.10736966056781387,0.26287238269323565
0.879,-0.012879609544469872,-0.8080539656582175,0.1827589392959439,3.081971171019698e-05,-0.36064171575525517,-0.10316925135323063
0.88,-0.012879609544469872,0.19194603434178248,-0.8172410607040561,6.84152868138365e-05,-0.11515205130075327,-0.33403808300699595
0.881,-0.012879609544469872,0.19194603434178248,0.1827589392959439,1.1982439361392064e-05,0.288944146094558,-0.1029950383770285
0.882,-0.012879609544469872,0.19194603434178248,0.1827589392959439,-1.4262569629453407e-05,0.29285479086902494,0.27812324124358445
0.883,-0.012879609544469872,0.19194603434178248,0.1827589392959439,5.1927427010274575e-06,-0.10769763573755556,0.2794283310912109
0.884,-0.012879609544469872,0.19194603434178248,0.1827589392959439,-7.181505313703792e-06,-0.3580440857183613,-0.11041206619395948
0.885,-0.012879609544469872,0.19194603434178248,-0.8172410607040561,-4.440024921899407e-05,-0.11306237937795734,-0.35532527176296747
0.886,-0.012879609544469872,0.19194603434178248,0.1827589392959439,-1.951718563902015e-05,0.2867284440233619,-0.10896138001310149
0.887,-0.012879609544469872,0.19194603434178248,0.1827589392959439,5.931518059814986e-05,0.2887022472317979,0.29572909551609744
0.888,-0.012879609544469872,0.19194603434178248,0.1827589392959439,6.95194932515541e-05,-0.1075259751560192,0.2962855513266878
0.889,-0.012879609544469872,-0.8080539656582175,0.1827589392959439,-2.8426679777033493e-05,-0.35277759058615904,-0.11741571465078163
0.89,-0.012879609544469872,0.19194603434178248,-0.8172410607040561,-0.0001013845318601487,-0.10991685159770141,-0.3762490537257188
0.891,-0.012879609544469872,0.19194603434178248,0.1827589392959439,-3.34683508214573e-05,0.28243576524176056,-0.11499335334496918
0.892,-0.012879609544469872,0.19194603434178248,0.1827589392959439,8.795780489408001e-05,0.2822788871542411,0.31239607880467923
0.893,-0.012879609544469872,0.19194603434178248,0.1827589392959439,8.945981457099888e-05,-0.10661005649354896,0.31235086118415356
0.894,-0.012879609544469872,-0.8080539656582175,0.1827589392959439,-3.346306383199626e-05,-0.3448362968658619,-0.12362424496171547
0.895,-0.012879609544469872,0.19194603434178248,-0.8172410607040561,-0.00010741011574339339,-0.10595268945817049,-0.39541380787164
0.896,-0.012879609544469872,0.19194603434178248,0.1827589392959439,-3.231341065545742e-05,0.27601438516429366,-0.1207724206939985
0.897,-0.012879609544469872,0.19194603434178248,0.1827589392959439,8.019534307318473e-05,0.2738440586640832,0.3269875513555126
0.898,-0.012879609544469872,0.19194603434178248,0.1827589392959439,7.569054375686328e-05,-0.10480811539452405,0.3266302900264942
0.899,-0.012879609544469872,-0.8080539656582175,0.1827589392959439,-2.703253012705218e-05,-0.3344861789849573,-0.12857261963416733
0.9,-0.012879609544469872,0.19194603434178248,-0.8172410607040561,-8.016064382697598e-05,-0.10146043116722535,-0.4116079439905819
0.901,-0.012879609544469872,0.19194603434178248,0.1827589392959439,-2.2180292465543524e-05,0.2676522822814481,-0.12599431284606594
0.902,-0.012879609544469872,0.19194603434178248,0.1827589392959439,5.314906678333105e-05,0.2638471390376525,0.33857242057224657
0.903,-0.012879609544469872,0.19194603434178248,0.1827589392959439,4.65463472355535e-05,-0.10210448186855443,0.33828093891604194
0.904,-0.012879609544469872,-0.8080539656582175,0.1827589392959439,-1.6356136549825416e-05,-0.32224981188413493,-0.13192874555195214
0.905,-0.012879609544469872,0.19194603434178248,-0.8172410607040561,-4.4110181843607666e-05,-0.09675486755282518,-0.42387322662460586
0.906,-0.012879609544469872,0.19194603434178248,0.1827589392959439,-1.0892933189042364e-05,0.2577690332573649,-0.13037229008358242
0.907,-0.012879609544469872,0.19194603434178248,0.1827589392959439,2.7125527065026164e-05,0.25289087312460656,0.3464821888960453
0.908,-0.012879609544469872,0.19194603434178248,0.1827589392959439,2.24026853494572e-05,-0.09861510352085937,0.3466460984298805
0.909,-0.012879609544469872,-0.8080539656582175,0.1827589392959439,-8.961498504500752e-06,-0.3088654672833209,-0.13352030352855876
0.91,-0.012879609544469872,0.19194603434178248,-0.8172410607040561,-2.3336083733623755e-05,-0.09214856136355107,-0.4315481460863994
0.911,-0.012879609544469872,0.19194603434178248,0.1827589392959439,-5.721543413247943e-06,0.24698154509300846,-0.1336409009889401
0.912,-0.012879609544469872,0.19194603434178248,0.1827589392959439,1.983688580316963e-05,0.24168231532826598,0.350341540332759
0.913,-0.012879609544469872,0.19194603434178248,0.1827589392959439,1.9962346076892654e-05,-0.09457529749057016,0.3512756983520086
0.914,-0.012879609544469872,-0.8080539656582175,0.1827589392959439,-1.058709945937166e-05,-0.2952245907081709,-0.13334367225359842
0.915,-0.012879609544469872,0.19194603434178248,-0.8172410607040561,-3.4908703626977665e-05,-0.08792979150951281,-0.43428660961219673
0.916,-0.012879609544469872,0.19194603434178248,0.1827589392959439,-1.1411581544785185e-05,0.2360474891798291,-0.13556324554906676
0.917,-0.012879609544469872,0.19194603434178248,0.1827589392959439,4.1618809924254e-05,0.23097555665108405,0.3500729211448662
0.918,-0.012879609544469872,0.19194603434178248,0.1827589392959439,4.778605094459707e-05,-0.090311990210605,0.3519354141998543
0.919,-0.012879609544469872,0.19194603434178248,0.1827589392959439,-2.3650571459207732e-05,-0.2822937414730599,-0.13155429413039563
0.92,-0.012879609544469872,0.19194603434178248,-0.8172410607040561,-8.43762395606265e-05,-0.08434581759666411,-0.43205533486158304
0.921,-0.012879609544469872,0.19194603434178248,0.1827589392959439,-2.8938788159905694e-05,0.22579274937848476,-0.1359438091736875
0.922,-0.012879609544469872,0.19194603434178248,0.1827589392959439,9.27190370376854e-05,0.2215109280747936,0.3458779437943987
0.923,-0.012879609544469872,0.19194603434178248,0.1827589392959439,0.00010405663026295913,-0.08620459107112213,0.34860792232893384
0.924,-0.012879609544469872,-0.8080539656582175,0.1827589392959439,-4.6614966359742726e-05,-0.2710285457223538,-0.12843997634844398
0.925,-0.012879609544469872,0.19194603434178248,-0.8172410607040561,-0.00016431171822672917,-0.08159152891910858,-0.4251144017072361
0.926,-0.012879609544469872,0.19194603434178248,0.1827589392959439,-5.525120059267982e-05,0.21703086080713774,-0.13464735605593123
0.927,-0.012879609544469872,0.19194603434178248,0.1827589392959439,0.00016320735465540854,0.21395553893878552,0.33820013869108045
0.928,-0.012879609544469872,0.19194603434178248,0.1827589392959439,0.00017701203915688205,-0.08263988656048321,0.3414889963739836
0.929,-0.012879609544469872,0.19194603434178248,0.1827589392959439,-7.436696529672794e-05,-0.2622879207781646,-0.12438060961459514
0.93,-0.012879609544469872,0.19194603434178248,-0.8172410607040561,-0.00025614862140303763,-0.07980293747510547,-0.41398550226746317
0.931,-0.012879609544469872,0.19194603434178248,0.1827589392959439,-8.402325434352734e-05,0.21048314383435945,-0.13162245601600042
0.932,-0.012879609544469872,0.19194603434178248,0.1827589392959439,0.00023543691761341594,0.20884984255460096,0.32767451749899523
0.933,-0.012879609544469872,0.19194603434178248,0.1827589392959439,0.0002478567051843269,-0.0799668198920435,0.33097968164913294
0.934,-0.012879609544469872,-0.8080539656582175,0.1827589392959439,-9.948555664720161e-05,-0.25675673303058066,-0.11979937833852031
0.935,-0.012879609544469872,0.19194603434178248,-0.8172410607040561,-0.0003347739919131448,-0.07905465127560818,-0.39941174513312294
0.936,-0.012879609544469872,0.19194603434178248,0.1827589392959439,-0.0001072161061690598,0.20670798927673506,-0.12692635231797075
0.937,-0.012879609544469872,0.19194603434178248,0.1827589392959439,0.0002884090635919241,0.20656444124750448,0.3150696289133026
0.938,-0.012879609544469872,0.19194603434178248,0.1827589392959439,0.0002954046519029411,-0.07845672962192121,0.31767410195461865
0.939,-0.012879609544469872,-0.8080539656582175,0.1827589392959439,-0.00011408164724865216,-0.25488418344853,-0.11511152750952053
0.94,-0.012879609544469872,0.19194603434178248,-0.8172410607040561,-0.0003747410008160794,-0.07936041719167412,-0.3823117555028446
0.941,-0.012879609544469872,0.19194603434178248,0.1827589392959439,-0.00011706288687008853,0.20604659664807426,-0.1207464554019067
0.942,-0.012879609544469872,0.19194603434178248,0.1827589392959439,0.0003029846764896355,0.20727057826974832,0.3012274050471731
0.943,-0.012879609544469872,0.19194603434178248,0.1827589392959439,0.000301341110103809,-0.0782736511534053,0.30234100977855644
0.944,-0.012879609544469872,0.19194603434178248,0.1827589392959439,-0.0001117704446816259,-0.2568436744503114,-0.11067700665944596
0.945,-0.012879609544469872,0.19194603434178248,-0.8172410607040561,-0.00035663416536769424,-0.08067599457194002,-0.3637296458259435
0.946,-0.012879609544469872,0.19194603434178248,0.1827589392959439,-0.00010801395351882286,0.20859057193747674,-0.11341310489586948
0.947,-0.012879609544469872,0.19194603434178248,0.1827589392959439,0.0002667275806495787,0.2109267519891961,0.28700528978477896
0.948,-0.012879609544469872,0.19194603434178248,0.1827589392959439,0.0002548845464644486,-0.07945780828042177,0.2858963913479289
0.949,-0.012879609544469872,-0.8080539656582175,0.1827589392959439,-8.932197784351057e-05,-0.2625178540311525,-0.10676278059224358
0.95,-0.012879609544469872,0.19194603434178248,-0.8172410607040561,-0.000272130137100349,-0.08290391826809779,-0.34478155030668833
0.951,-0.012879609544469872,0.19194603434178248,0.1827589392959439,-7.819984145956013e-05,0.21417438780610018,-0.10539859009642055
0.952,-0.012879609544469872,0.19194603434178248,0.1827589392959439,0.00017728330779775379,0.21728267636150198,0.2732241027355346
0.953,-0.012879609544469872,0.19194603434178248,0.1827589392959439,0.00015580004237260246,-0.08192365902271248,0.2693645475576625
0.954,-0.012879609544469872,-0.8080539656582175,0.1827589392959439,-4.762002788164722e-05,-0.27151015109540755,-0.10351932837828454
0.955,-0.012879609544469872,0.19194603434178248,-0.8172410607040561,-0.00012662857156386297,-0.08590002377440752,-0.32659905581911675
0.956,-0.012879609544469872,0.19194603434178248,0.1827589392959439,-3.0089013665763995e-05,0.22239306882254256,-0.09729879770418379
0.957,-0.012879609544469872,0.19194603434178248,0.1827589392959439,4.35521050604211e-05,0.22590046274249156,0.26062400129475927
0.958,-0.012879609544469872,0.19194603434178248,0.1827589392959439,1.5108863120770941e-05,-0.0854720490400084,0.25382616239540984
0.959,-0.012879609544469872,0.19194603434178248,0.1827589392959439,8.2770404850998e-06,-0.28318162498896116,-0.10097399194155261
0.96,-0.012879609544469872,0.19194603434178248,-0.8172410607040561,6.110565259044053e-05,-0.08948183646841229,-0.3102701102674097
0.961,-0.012879609544469872,0.19194603434178248,0.1827589392959439,2.9796670338114045e-05,0.23264286669290385,-0.08979611931339923
0.962,-0.012879609544469872,0.19194603434178248,0.1827589392959439,-0.0001155801058149915,0.23619149030848402,0.24982989689338392
0.963,-0.012879609544469872,0.19194603434178248,0.1827589392959439,-0.00014663827927936254,-0.08981439027868016,0.24035380410140494
0.964,-0.012879609544469872,-0.8080539656582175,0.1827589392959439,6.99777929459499e-05,-0.2967095723686778,-0.09904161191253498
0.965,-0.012879609544469872,0.19194603434178248,0.1827589392959439,0.0002621802078332035,-0.09343899721481948,-0.29677877926404445
0.966,-0.012879609544469872,0.19194603434178248,0.1827589392959439,9.203716873388597e-05,0.2441803943306658,-0.08360508457412619
0.967,-0.012879609544469872,0.19194603434178248,0.1827589392959439,-0.00027465216555677165,0.24746606244570696,0.24132684613637756
0.968,-0.012879609544469872,0.19194603434178248,0.1827589392959439,-0.00030312546832746937,-0.09460550434588093,0.22993775588079382
0.969,-0.012879609544469872,-0.8080539656582175,0.1827589392959439,0.00012731059524758107,-0.31116227518431966,-0.09755058643307722
0.97,-0.012879609544469872,0.19194603434178248,-0.8172410607040561,0.00044296695026920706,-0.09754577489131427,-0.2869463485240152
0.971,-0.012879609544469872,0.19194603434178248,0.1827589392959439,0.00014608365059500666,0.25619390875644843,-0.07940515052897741
0.972,-0.012879609544469872,0.19194603434178248,0.1827589392959439,-0.00040642871361364557,0.2589917267400813,0.23544530700656582
0.973,-0.012879609544469872,0.19194603434178248,0.1827589392959439,-0.00042725109278454585,-0.09948097196184676,0.22340758820944415
0.974,-0.012879609544469872,-0.8080539656582175,0.1827589392959439,0.00017025102805227384,-0.3255827190671411,-0.0962804141356807
0.975,-0.012879609544469872,0.19194603434178248,-0.8172410607040561,0.000571486278992252,-0.10157541687879654,-0.28137743732959103
0.976,-0.012879609544469872,0.19194603434178248,0.1827589392959439,0.00018226365407442141,0.26787932736703607,-0.07776768140281322
0.977,-0.012879609544469872,0.19194603434178248,0.1827589392959439,-0.00048707188318664486,0.270055187616436,0.23235571485190495
0.978,-0.012879609544469872,0.19194603434178248,0.1827589392959439,-0.0004962720845925287,-0.10409456596331967,0.22135696248839912
0.979,-0.012879609544469872,-0.8080539656582175,0.1827589392959439,0.0001908201029865601,-0.33907320826104276,-0.09500522103404287
0.98,-0.012879609544469872,0.19194603434178248,0.1827589392959439,0.0006234566408269352,-0.10531566947346326,-0.28041567452045874
0.981,-0.012879609544469872,0.19194603434178248,0.1827589392959439,0.00019360818323661765,0.27851321728635614,-0.07908593214879339
0.982,-0.012879609544469872,0.19194603434178248,0.1827589392959439,-0.0005006253424368885,0.2800221814068358,0.2320715540506673
0.983,-0.012879609544469872,0.19194603434178248,0.1827589392959439,-0.0004960692377815221,-0.10815160260459623,0.2240803401033698
0.984,-0.012879609544469872,-0.8080539656582175,0.1827589392959439,0.00018457210735656204,-0.3508726484477325,-0.09353694696698402
0.985,-0.012879609544469872,0.19194603434178248,-0.8172410607040561,0.0005868063319737863,-0.10858435253835474,-0.2841138081475536
0.986,-0.012879609544469872,0.19194603434178248,0.1827589392959439,0.00017714129780623593,0.2875154286779737,-0.0835174470011131
0.987,-0.012879609544469872,0.19194603434178248,0.1827589392959439,-0.0004419411421183557,0.2883896138547787,0.23445992890869177
0.988,-0.012879609544469872,0.19194603434178248,0.1827589392959439,-0.0004237182299019475,-0.11143475295965866,0.2315302365461228
0.989,-0.012879609544469872,0.19194603434178248,0.1827589392959439,0.00015139328141494456,-0.36041890037428853,-0.09176190971633605
0.99,-0.012879609544469872,0.19194603434178248,-0.8172410607040561,0.0004638178743005161,-0.11124350279706222,-0.29222268571789706
0.991,-0.012879609544469872,0.19194603434178248,0.1827589392959439,0.00013440025285516607,0.29449519612886954,-0.09094751663925864
0.992,-0.012879609544469872,0.19194603434178248,0.1827589392959439,-0.00031754212461873794,0.29482474499261235,0.2392585245925487
0.993,-0.012879609544469872,0.19194603434178248,0.1827589392959439,-0.00028793862293247693,-0.11381989841306628,0.2433022759685834
0.994,-0.012879609544469872,-0.8080539656582175,0.1827589392959439,9.548786262963756e-05,-0.36738999672675826,-0.08966538566736988
0.995,-0.012879609544469872,0.19194603434178248,-0.8172410607040561,0.00027060133243415896,-0.11321040889920457,-0.30420230281735944
0.996,-0.012879609544469872,0.19194603434178248,0.1827589392959439,7.112294203533632e-05,0.2992762911708161,-0.10098022925146972
0.997,-0.012879609544469872,0.19194603434178248,0.1827589392959439,-0.0001443593471251069,0.2991872600279905,0.24609776234772698
0.998,-0.012879609544469872,0.19194603434178248,0.1827589392959439,-0.00010744629927944164,-0.11528085159800118,0.2586526606777764
0.999,-0.012879609544469872,-0.8080539656582175,0.1827589392959439,2.4599213988254555e-05,-0.3717200638160878,-0.08734053283071903
1.0,-0.012879609544469872,0.19194603434178248,0.1827589392959439,3.414801549582226e-05,-0.11446392413933233,-0.3192561728004716
1.001,-0.012879609544469872,0.19194603434178248,0.1827589392959439,-3.7899544460995737e-06,0.301899005191419,-0.11296044033029852
1.002,-0.012879609544469872,0.19194603434178248,0.1827589392959439,5.3287653041097726e-05,0.3015316379718539,0.25452687719036354
1.003,-0.012879609544469872,0.19194603434178248,0.1827589392959439,9.234945737492403e-05,-0.11588304974133051,0.27654908237071785
1.004,-0.012879609544469872,-0.8080539656582175,0.1827589392959439,-5.133764558407761e-05,-0.37358833118174656,-0.08498021091944982
1.005,-0.012879609544469872,0.19194603434178248,-0.8172410607040561,-0.0002123229366797528,-0.11504479313630567,-0.33638785403237675
1.006,-0.012879609544469872,0.19194603434178248,0.1827589392959439,-7.979542644512736e-05,0.30259916766551365,-0.1260260949537517
1.007,-0.012879609544469872,0.19194603434178248,0.1827589392959439,0.00024778219283920055,0.30208920396244204,0.2640425811184897
1.008,-0.012879609544469872,0.19194603434178248,0.1827589392959439,0.00028357288936083465,-0.11576752345888339,0.29575204828760776
1.009,-0.012879609544469872,-0.8080539656582175,0.1827589392959439,-0.00012182071046878619,-0.37338241782050424,-0.08285271608263002
1.01,-0.012879609544469872,0.19194603434178248,-0.8172410607040561,-0.0004347396334832368,-0.11504934944613547,-0.3544759159273937
1.011,-0.012879609544469872,0.19194603434178248,0.1827589392959439,-0.00014639555636390374,0.30176682806573624,-0.13918630806458454
1.012,-0.012879609544469872,0.19194603434178248,0.1827589392959439,0.0004125421047939969,0.30123144306688754,0.2741189314876595
1.013,-0.012879609544469872,0.19194603434178248,0.1827589392959439,0.0004401908825720923,-0.11512743467023935,0.31491965341870093
1.014,-0.012879609544469872,-0.8080539656582175,0.1827589392959439,-0.0001773666387893192,-0.3716398788563652,-0.08126479550104329
1.015,-0.012879609544469872,0.19194603434178248,-0.8172410607040561,-0.0006032489922939975,-0.11461676277387794,-0.37236130430507397
1.016,-0.012879609544469872,0.19194603434178248,0.1827589392959439,-0.0001946766806827773,0.2998894125994068,-0.15141702635440119
1.017,-0.012879609544469872,0.19194603434178248,0.1827589392959439,0.0005258046905510097,0.29941832793928136,0.28423701626361414
1.018,-0.012879609544469872,0.19194603434178248,0.1827589392959439,0.0005416409356093724,-0.11418017661092304,0.3327255820675278
1.019,-0.012879609544469872,-0.8080539656582175,0.1827589392959439,-0.000210786034141838,-0.3689744829225273,-0.0805171985366188
1.02,-0.012879609544469872,0.19194603434178248,-0.8172410607040561,-0.0006961414050564338,-0.1139109245230566,-0.3889393328644451
1.021,-0.012879609544469872,0.19194603434178248,0.1827589392959439,-0.00021845221125435903,0.29748588327091857,-0.1617634935481892
1.022,-0.012879609544469872,0.19194603434178248,0.1827589392959439,0.0005732848375713237,0.29713730776788,0.29391310527205905
1.023,-0.012879609544469872,0.19194603434178248,0.1827589392959439,0.000575246895198339,-0.11313838514451866,0.3479780634279286
1.024,-0.012879609544469872,-0.8080539656582175,0.1827589392959439,-0.00021797477434801904,-0.3659955758718309,-0.08085917468867544
1.025,-0.012879609544469872,0.19194603434178248,-0.8172410607040561,-0.0007021259792669964,-0.11309891911988391,-0.40324765402310103
1.026,-0.012879609544469872,0.19194603434178248,0.1827589392959439,-0.00021487319292594483,0.29503948399588464,-0.16943751997635514
1.027,-0.012879609544469872,0.19194603434178248,0.1827589392959439,0.0005494321935904139,0.2948399633298807,0.30272400128287624
1.028,-0.012879609544469872,0.19194603434178248,0.1827589392959439,0.0005372085686482558,-0.1121832064790327,0.35972696492178674
1.029,-0.012879609544469872,-0.8080539656582175,0.1827589392959439,-0.00019817035105371275,-0.36322991766759555,-0.08244856476073695
1.03,-0.012879609544469872,0.19194603434178248,-0.8172410607040561,-0.0006208580048663852,-0.11232869090783044,-0.41454169880624736
1.031,-0.012879609544469872,0.19194603434178248,-0.8172410607040561,-0.0001844970339513,0.2929369176177585,-0.17389792190463926
1.032,-0.012879609544469872,0.19194603434178248,0.1827589392959439,0.0004573358893540544,0.2928839345890196,0.3103284505284896
1.033,-0.012879609544469872,0.19194603434178248,0.1827589392959439,0.00043226940410067034,-0.11144281709364977,0.36734729405318906
1.034,-0.012879609544469872,-0.8080539656582175,0.1827589392959439,-0.0001537375091044233,-0.36105537748374444,-0.08532340244098068
1.035,-0.012879609544469872,0.19194603434178248,-0.8172410607040561,-0.00046198404254894877,-0.11170885632757603,-0.42235022568837616
1.036,-0.012879609544469872,0.19194603434178248,0.1827589392959439,-0.00013091350870413152,0.29142119224862734,-0.17490442139618936
1.037,-0.012879609544469872,0.19194603434178248,0.1827589392959439,0.0003075841484648039,0.2914874301546893,0.3164836277438493
1.038,-0.012879609544469872,0.19194603434178248,0.1827589392959439,0.00027240755187775943,-0.11097854089188716,0.370589969308036
1.039,-0.012879609544469872,-0.8080539656582175,0.1827589392959439,-8.962780001126081e-05,-0.35965476309325783,-0.08938934271977342
1.04,-0.012879609544469872,0.19194603434178248,-0.8172410607040561,-0.00024320756192293673,-0.11129354375003789,-0.42650564169749533
1.041,-0.012879609544469872,0.19194603434178248,0.1827589392959439,-6.009307182006138e-05,0.29056392599853487,-0.17253853164216995
1.042,-0.012879609544469872,0.19194603434178248,0.1827589392959439,0.00011652310769291276,0.2907023931589721,0.3210558850733424
1.043,-0.012879609544469872,0.19194603434178248,0.1827589392959439,7.500738377683893e-05,-0.11078002397250732,0.3695944727985792
1.044,-0.012879609544469872,0.19194603434178248,0.1827589392959439,-1.2686268703961564e-05,-0.358995897347749,-0.09442498563411116
1.045,-0.012879609544469872,0.19194603434178248,-0.8172410607040561,1.2057485420710362e-05,-0.11107464214103316,-0.4271463954503761
1.046,-0.012879609544469872,0.19194603434178248,0.1827589392959439,2.0366382143023315e-05,0.290260721071639,-0.16718905400882822
1.047,-0.012879609544469872,0.19194603434178248,0.1827589392959439,-9.564772352143474e-05,0.2904103083076452,0.32402514231010365
1.048,-0.012879609544469872,0.19194603434178248,0.1827589392959439,-0.0001390636492822101,-0.11076989543363834,0.36486240955443483
1.049,-0.012879609544469872,-0.8080539656582175,0.1827589392959439,6.904639958460774e-05,-0.3588410250338542,-0.10010459262483115
1.05,-0.012879609544469872,0.19194603434178248,-0.8172410607040561,0.00027698373209169566,-0.1109829449171166,-0.4246916537854931
1.051,-0.012879609544469872,0.19194603434178248,0.1827589392959439,0.00010195849818037449,0.2902505190050104,-0.15950421613012222
1.052,-0.012879609544469872,0.19194603434178248,0.1827589392959439,-0.0003066381351195592,0.29034189602701027,0.3254825028771329
1.053,-0.012879609544469872,0.19194603434178248,0.1827589392959439,-0.0003471983481609061,-0.11081726297948252,0.35719548320230604
1.054,-0.012879609544469872,-0.8080539656582175,0.1827589392959439,0.00014695314693719306,-0.3587850523323799,-0.10603517462736421
1.055,-0.012879609544469872,0.19194603434178248,-0.8172410607040561,0.0005233430268198382,-0.1108984921735766,-0.419791299342904
1.056,-0.012879609544469872,0.19194603434178248,0.1827589392959439,0.00017589147197064636,0.2901569148634332,-0.15031658066960493
1.057,-0.012879609544469872,0.19194603434178248,0.1827589392959439,-0.0004935870948041203,0.2901188652208282,0.3256209208385302
1.058,-0.012879609544469872,0.19194603434178248,0.1827589392959439,-0.0005265491639868386,-0.11075837124422422,0.34760537064993186
1.059,-0.012879609544469872,-0.8080539656582175,0.1827589392959439,0.00021237929425816553,-0.35831840258568864,-0.111802838659654
1.06,-0.012879609544469872,0.19194603434178248,-0.8172410607040561,0.0007232632870577219,-0.1106691009996248,-0.41325669228949136
1.061,-0.012879609544469872,0.19194603434178248,0.1827589392959439,0.00023363447907321372,0.28954657890859065,-0.14055009757138545
1.062,-0.012879609544469872,0.19194603434178248,0.1827589392959439,-0.0006344424173535188,0.28931287362512415,0.32471904030140175
1.063,-0.012879609544469872,0.19194603434178248,0.1827589392959439,-0.0006554153265015053,-0.11042189437882691,0.3372059419184098
1.064,-0.012879609544469872,-0.8080539656582175,0.1827589392959439,0.00025715733920195146,-0.35690688497539363,-0.11702192594272842
1.065,-0.012879609544469872,0.19194603434178248,-0.8172410607040561,0.0008509663466332219,-0.11013481932112616,-0.40597936535075113
1.066,-0.012879609544469872,0.19194603434178248,0.1827589392959439,0.0002674664395214705,0.2879975657554149,-0.13112063503400584
1.067,-0.012879609544469872,0.19194603434178248,0.1827589392959439,-0.000709433137977513,0.2875142876383662,0.323118699420248
1.068,-0.012879609544469872,0.19194603434178248,0.1827589392959439,-0.0007147605074864331,-0.1096557386677193,0.32709988326841066
1.069,-0.012879609544469872,-0.8080539656582175,0.1827589392959439,0.00027421507478133083,-0.3540783828670455,-0.12138006426706273
1.07,-0.012879609544469872,0.19194603434178248,-0.8172410607040561,0.0008847991174727259,-0.1091550368778572,-0.39884571107667277
1.071,-0.012879609544469872,0.19194603434178248,0.1827589392959439,0.00027112171603741267,0.28516871234143637,-0.12284177209967559
1.072,-0.012879609544469872,0.19194603434178248,0.1827589392959439,-0.000702873248195436,0.2844016247481775,0.32119704477496736
1.073,-0.012879609544469872,0.19194603434178248,0.1827589392959439,-0.0006900846560781051,-0.10835197243692042,0.31827189687935004
1.074,-0.012879609544469872,-0.8080539656582175,0.1827589392959439,0.00025834301024551463,-0.3495047745294037,-0.12467285497099147
1.075,-0.012879609544469872,0.19194603434178248,-0.8172410607040561,0.0008097748417942379,-0.10763440472284432,-0.3926557331708664
1.076,-0.012879609544469872,0.19194603434178248,0.1827589392959439,0.00024058971789380504,0.2808607930359022,-0.11634655354686904
1.077,-0.012879609544469872,0.19194603434178248,0.1827589392959439,-0.0006054017525264213,0.2798019958578368,0.31933472480586145
1.078,-0.012879609544469872,0.19194603434178248,0.1827589392959439,-0.0005737170395478409,-0.10646662650985267,0.3114993301845961
1.079,-0.012879609544469872,-0.8080539656582175,0.1827589392959439,0.00020712504298121866,-0.34306757001061666,-0.1268234339045783
1.08,-0.012879609544469872,0.19194603434178248,-0.8172410607040561,0.0006205876023423037,-0.10554366563193178,-0.3880531380988039
1.081,-0.012879609544469872,0.19194603434178248,0.1827589392959439,0.00017504123912658476,0.27506075369650956,-0.1120334950104509
1.082,-0.012879609544469872,0.19194603434178248,0.1827589392959439,-0.0004165190550943132,0.2737335980149735,0.31788218217665587
1.083,-0.012879609544469872,0.19194603434178248,0.1827589392959439,-0.0003673394483416166,-0.10403162782027399,0.3072885800350169
1.084,-0.012879609544469872,-0.8080539656582175,0.1827589392959439,0.00012193105186844267,-0.33489737432036976,-0.12788436048027274
1.085,-0.012879609544469872,0.19194603434178248,-0.8172410607040561,0.00032471617830439546,-0.10293202137903948,-0.3854725943808694
1.086,-0.012879609544469872,0.19194603434178248,0.1827589392959439,7.774600891332742e-05,0.2679621812462149,-0.11004176029660483
1.087,-0.012879609544469872,0.19194603434178248,0.1827589392959439,-0.00014699018476224462,0.2664233236749847,0.3171265748201699
1.088,-0.012879609544469872,0.19194603434178248,0.1827589392959439,-8.426138209370865e-05,-0.1011570058782041,0.30584230740148494
1.089,-0.012879609544469872,0.19194603434178248,0.1827589392959439,8.761767674329622e-06,-0.3253803506909935,-0.12802186841119226
1.09,-0.012879609544469872,0.19194603434178248,-0.8172410607040561,-5.5104685847095716e-05,-0.09992871375226327,-0.3851080952716376
1.091,-0.012879609544469872,0.19194603434178248,0.1827589392959439,-4.325368823838905e-05,0.2599580164716182,-0.1102566075752923
1.092,-0.012879609544469872,0.19194603434178248,0.1827589392959439,0.0001795585440458583,0.25829565000172694,0.3172622322585668
1.093,-0.012879609544469872,0.19194603434178248,0.1827589392959439,0.0002492550790403427,-0.0980226648950724,0.3070588482663027
1.094,-0.012879609544469872,-0.8080539656582175,0.1827589392959439,-0.00012133927985498395,-0.31512903092984756,-0.12748506989101882
1.095,-0.012879609544469872,0.19194603434178248,-0.8172410607040561,-0.00047998068401594834,-0.09673294692546587,-0.38690425596090045
1.096,-0.012879609544469872,0.19194603434178248,0.1827589392959439,-0.0001750038500540822,0.25160506836960034,-0.11234245050972638
1.097,-0.012879609544469872,0.19194603434178248,0.1827589392959439,0.000526629985724629,0.24993278111582695,0.31836769711165336
1.098,-0.012879609544469872,0.19194603434178248,0.1827589392959439,0.0005943955741723836,-0.09486032000207516,0.3105616815148924
1.099,-0.012879609544469872,-0.8080539656582175,0.1827589392959439,-0.0002526025400492994,-0.30491959486505316,-0.12656485937524098
1.1,-0.012879609544469872,0.19194603434178248,-0.8172410607040561,-0.0008964465330040894,-0.09359293459537958,-0.390570276700865
1.101,-0.012879609544469872,0.19194603434178248,0.1827589392959439,-0.0003003070862316048,0.24356370043360281,-0.1157976996714497
1.102,-0.012879609544469872,0.19194603434178248,0.1827589392959439,0.00084711713466966,0.2420100405691599,0.3203922211674378
1.103,-0.012879609544469872,0.19194603434178248,0.1827589392959439,0.0009025542998243543,-0.09192749964743271,0.31575382147701825
1.104,-0.012879609544469872,0.19194603434178248,0.1827589392959439,-0.00036579991231183647,-0.29560248833903413,-0.12554869356874845
1.105,-0.012879609544469872,0.19194603434178248,-0.8172410607040561,-0.0012411837276465059,-0.09077648038938319,-0.3956143898905438
1.106,-0.012879609544469872,0.19194603434178248,0.1827589392959439,-0.00039936787884092937,0.23651962526221923,-0.12002332614922245
1.107,-0.012879609544469872,0.19194603434178248,0.1827589392959439,0.0010881937037104795,0.23521419022004603,0.32315402187113984
1.108,-0.012879609544469872,0.19194603434178248,0.1827589392959439,0.0011207264441494631,-0.08947664938489244,0.32188983912690877
1.109,-0.012879609544469872,-0.8080539656582175,0.1827589392959439,-0.00044052664599391,-0.2879973004506408,-0.1246779216024989
1.11,-0.012879609544469872,0.19194603434178248,-0.8172410607040561,-0.0014489524796477474,-0.0885368515676728,-0.4013950146352117
1.111,-0.012879609544469872,0.19194603434178248,0.1827589392959439,-0.0004524022375784057,0.23109755389726863,-0.12439605321410903
1.112,-0.012879609544469872,0.19194603434178248,0.1827589392959439,0.0011986757111902514,0.23015513968721774,0.32635164991853394
1.113,-0.012879609544469872,0.19194603434178248,0.1827589392959439,0.0011992589005864176,-0.08772317373396388,0.3281570430290698
1.114,-0.012879609544469872,-0.8080539656582175,0.1827589392959439,-0.0004583409953605355,-0.28278556254405335,-0.12411383739119698
1.115,-0.012879609544469872,0.19194603434178248,-0.8172410607040561,-0.001463090439475743,-0.0870785706091759,-0.4071836484294109
1.116,-0.012879609544469872,0.19194603434178248,0.1827589392959439,-0.00044296845586444403,0.22777806175984883,-0.1283372831055249
1.117,-0.012879609544469872,0.19194603434178248,0.1827589392959439,0.0011380741482279052,0.22728295901604467,0.32958852658531557
1.118,-0.012879609544469872,0.19194603434178248,0.1827589392959439,0.0011010605047869276,-0.08681659222009584,0.333757188735939
1.119,-0.012879609544469872,-0.8080539656582175,0.1827589392959439,-0.0004063643085702586,-0.2804161000414583,-0.1239172108339999
1.12,-0.012879609544469872,0.19194603434178248,-0.8172410607040561,-0.001247162555143552,-0.08652797682262173,-0.4122337706827273
1.121,-0.012879609544469872,0.19194603434178248,0.1827589392959439,-0.00036154329745479894,0.2268291561758901,-0.1313701793096073
1.122,-0.012879609544469872,0.19194603434178248,0.1827589392959439,0.000885965225779058,0.22682193697030895,0.33240920182175826
1.123,-0.012879609544469872,0.19194603434178248,0.1827589392959439,0.0008108030655645245,-0.08681878520707217,0.3379808285908664
1.124,-0.012879609544469872,-0.8080539656582175,0.1827589392959439,-0.0002807375527805682,-0.28103652806803464,-0.12404395010264824
1.125,-0.012879609544469872,0.19194603434178248,-0.8172410607040561,-0.0007957208940806287,-0.08691293955243173,-0.41584972391124575
1.126,-0.012879609544469872,0.19194603434178248,0.1827589392959439,-0.00020868971932121405,0.22826255848874233,-0.13315948097773012
1.127,-0.012879609544469872,0.19194603434178248,0.1827589392959439,0.00044988619918349254,0.2287315807364831,0.33434434000371094
1.128,-0.012879609544469872,0.19194603434178248,0.1827589392959439,0.0003422765802352105,-0.08769255577514469,0.3402678657495611
1.129,-0.012879609544469872,0.19194603434178248,0.1827589392959439,-8.921288749196494e-05,-0.28446147547996514,-0.12435708076976974
1.13,-0.012879609544469872,0.19194603434178248,-0.8172410607040561,-0.00014182538170268386,-0.08815497679645419,-0.41744966426530433
1.131,-0.012879609544469872,0.19194603434178248,0.1827589392959439,2.9094383922518915e-06,0.23182176787366113,-0.1335312625078456
1.132,-0.012879609544469872,0.19194603434178248,0.1827589392959439,-0.0001301477484587512,0.23270111495459725,0.3349600752953193
1.133,-0.012879609544469872,0.19194603434178248,0.1827589392959439,-0.0002579798711722165,-0.0893025034951155,0.34024978876379636
1.134,-0.012879609544469872,-0.8080539656582175,0.1827589392959439,0.00014782543228577377,-0.2901834811763419,-0.12465277757480397
1.135,-0.012879609544469872,0.19194603434178248,-0.8172410607040561,0.0006408833797987205,-0.09007538910173046,-0.41661721330672036
1.136,-0.012879609544469872,0.19194603434178248,0.1827589392959439,0.0002482060040524686,0.23700489661212729,-0.1324725715501874
1.137,-0.012879609544469872,0.19194603434178248,0.1827589392959439,-0.000782134242017189,0.23817962269516163,0.3339064145808045
1.138,-0.012879609544469872,0.19194603434178248,0.1827589392959439,-0.0009122961047425853,-0.09142863596386924,0.3377711790816733
1.139,-0.012879609544469872,-0.8080539656582175,0.1827589392959439,0.0003984470200118019,-0.2974268202853115,-0.12469612264318655
1.14,-0.012879609544469872,0.19194603434178248,-0.8172410607040561,0.0014431291996052948,-0.09241508201491849,-0.41313737138641926
1.141,-0.012879609544469872,0.19194603434178248,0.1827589392959439,0.0004917588386382642,0.2431205845853935,-0.13011331358198427
1.142,-0.012879609544469872,0.19194603434178248,0.1827589392959439,-0.0014085375263496584,0.24443907079163388,0.3309589944845798
1.143,-0.012879609544469872,0.19194603434178248,0.1827589392959439,-0.0015195192513528472,-0.09379143475487245,0.3328901719558923
1.144,-0.012879609544469872,0.19194603434178248,0.1827589392959439,0.0006225907808813181,-0.30523855830200897,-0.12426089710829771
1.145,-0.012879609544469872,0.19194603434178248,-0.8172410607040561,0.00213244661940782,-0.09486579643660009,-0.40701353406496127
1.146,-0.012879609544469872,0.19194603434178248,0.1827589392959439,0.0006919973242495857,0.24937065783342044,-0.1266946095027787
1.147,-0.012879609544469872,0.19194603434178248,0.1827589392959439,-0.001898665895081577,0.25066276789796205,0.3260488460205197
1.148,-0.012879609544469872,0.19194603434178248,0.1827589392959439,-0.0019684339523377806,-0.09608547802264432,0.325859429581395
1.149,-0.012879609544469872,-0.8080539656582175,0.1827589392959439,0.0007776167593198072,-0.312605748297093,-0.12316723763120221
1.15,-0.012879609544469872,0.19194603434178248,-0.8172410607040561,0.002572231286093875,-0.09710878206102781,-0.39846403323343493
1.151,-0.012879609544469872,0.19194603434178248,0.1827589392959439,0.000807414293217847,0.2549492629518729,-0.12252895562085425
1.152,-0.012879609544469872,0.19194603434178248,0.1827589392959439,-0.0021457713240269987,0.2560480059949382,0.31927591735315264
1.153,-0.012879609544469872,0.19194603434178248,0.1827589392959439,-0.0021555258102975796,-0.09801743745668999,0.3170907313229487
1.154,-0.012879609544469872,-0.8080539656582175,0.1827589392959439,0.0008253530769486726,-0.3185836831100965,-0.12131146191477815
1.155,-0.012879609544469872,0.19194603434178248,-0.8172410607040561,0.0026450598312036887,-0.09885579038369077,-0.3878984219003359
1.156,-0.012879609544469872,0.19194603434178248,0.1827589392959439,0.0008038896855827103,0.2591455840929189,-0.11795781042238461
1.157,-0.012879609544469872,0.19194603434178248,0.1827589392959439,-0.002066551461546114,0.25990931991193916,0.3109038729909497
1.158,-0.012879609544469872,0.19194603434178248,0.1827589392959439,-0.0020045773966508402,-0.099343513318689,0.3071074340063875
1.159,-0.012879609544469872,-0.8080539656582175,0.1827589392959439,0.0007396010426344826,-0.3224181240858658,-0.11868369820265084
1.16,-0.012879609544469872,0.19194603434178248,-0.8172410607040561,0.0022767309042686953,-0.09988681502987304,-0.3758756173409316
1.161,-0.012879609544469872,0.19194603434178248,0.1827589392959439,0.0006619945301356029,0.26143636396827874,-0.11331178652551847
1.162,-0.012879609544469872,0.19194603434178248,0.1827589392959439,-0.0016198885956546943,0.26176835173086543,0.30133593762707167
1.163,-0.012879609544469872,0.19194603434178248,0.1827589392959439,-0.0014848195467071711,-0.09990128156559887,0.2964897847826134
1.164,-0.012879609544469872,0.19194603434178248,0.1827589392959439,0.00051280438164011,-0.3236448098409691,-0.11537092283806288
1.165,-0.012879609544469872,0.19194603434178248,-0.8172410607040561,0.0014567601105929936,-0.10007935156804247,-0.3630478545087062
1.166,-0.012879609544469872,0.19194603434178248,0.1827589392959439,0.0003829398712629081,0.26155549599204314,-0.1088776009479263
1.167,-0.012879609544469872,0.19194603434178248,0.1827589392959439,-0.0008212912913669809,0.261417849990923,0.29107400500412833
1.168,-0.012879609544469872,0.19194603434178248,0.1827589392959439,-0.0006241032172592572,-0.09963154367712282,0.28581838809775345
1.169,-0.012879609544469872,-0.8080539656582175,0.1827589392959439,0.00016053868646780854,-0.32215232238060626,-0.11154530286651418
1.17,-0.012879609544469872,0.19194603434178248,-0.8172410607040561,0.00025104431124703695,-0.0994250529545544,-0.3500959928732909
1.171,-0.012879609544469872,0.19194603434178248,0.1827589392959439,-8.12459795437252e-06,0.2595308429790944,-0.10487455238588594
1.172,-0.012879609544469872,0.19194603434178248,0.1827589392959439,0.0002502533823342284,0.2589506966507918,0.28066555132850396
1.173,-0.012879609544469872,0.19194603434178248,0.1827589392959439,0.00048607432141659876,-0.09858703168875016,0.2756210580857444
1.174,-0.012879609544469872,-0.8080539656582175,0.1827589392959439,-0.00027732884829353543,-0.3181992170266583,-0.10743999890658565
1.175,-0.012879609544469872,0.19194603434178248,-0.8172410607040561,-0.0011968106280462278,-0.09803137218981134,-0.33766286552585073
1.176,-0.012879609544469872,0.19194603434178248,0.1827589392959439,-0.00046247073535156554,0.25568280179599767,-0.10144178803820623
1.177,-0.012879609544469872,0.19194603434178248,0.1827589392959439,0.001455423930454849,0.25474958991174523,0.27064473565544794
1.178,-0.012879609544469872,0.19194603434178248,0.1827589392959439,0.0016958513392497992,-0.0969265677219141,0.2663278522060417
1.179,-0.012879609544469872,-0.8080539656582175,0.1827589392959439,-0.0007395277749170699,-0.3123825525678138,-0.10331646062396505
1.18,-0.012879609544469872,0.19194603434178248,-0.8172410607040561,-0.0026774777138873843,-0.09610786793193063,-0.3262918746877046
1.181,-0.012879609544469872,0.19194603434178248,0.1827589392959439,-0.0009123096134914394,0.2505843732358128,-0.09863621084508604
1.182,-0.012879609544469872,0.19194603434178248,0.1827589392959439,0.002608670751398046,0.24943845288196947,0.26147513774307213
1.183,-0.012879609544469872,0.19194603434178248,0.1827589392959439,0.0028132250696460237,-0.09489526921783102,0.2582383047853659
1.184,-0.012879609544469872,-0.8080539656582175,0.1827589392959439,-0.0011504218222307466,-0.30556170581793923,-0.09942846199907321
1.185,-0.012879609544469872,0.19194603434178248,0.1827589392959439,-0.003941110506809215,-0.09393899948957707,-0.31637778479081075
1.186,-0.012879609544469872,0.19194603434178248,0.1827589392959439,-0.0012793001113322185,0.24498786304513956,-0.09643972615372018
1.187,-0.012879609544469872,0.19194603434178248,0.1827589392959439,0.0035024545746867677,0.24380199932515922,0.2535016727154992
1.188,-0.012879609544469872,0.19194603434178248,0.1827589392959439,0.003630016542328831,-0.09279334242453714,0.2515037880918437
1.189,-0.012879609544469872,-0.8080539656582175,0.1827589392959439,-0.001430584991346719,-0.29874763730221615,-0.09598850258713176
1.19,-0.012879609544469872,0.19194603434178248,-0.8172410607040561,-0.004733338950863811,-0.0918471381888217,-0.30813558341557595
1.191,-0.012879609544469872,0.19194603434178248,0.1827589392959439,-0.0014861651840955635,0.23972804542080292,-0.09477373209439449
1.192,-0.012879609544469872,0.19194603434178248,0.1827589392959439,0.003938922167100542,0.23868437669399073,0.24691825923486427
1.193,-0.012879609544469872,0.19194603434178248,0.1827589392959439,0.003954536459404919,-0.09093762829719242,0.24612656575715836
1.194,-0.012879609544469872,-0.8080539656582175,0.1827589392959439,-0.0015096184424121582,-0.2929726573806156,-0.09314170279669903
1.195,-0.012879609544469872,0.19194603434178248,-0.8172410607040561,-0.004837476299926501,-0.09015088985578239,-0.30159141424799796
1.196,-0.012879609544469872,0.19194603434178248,0.1827589392959439,-0.0014698874806645553,0.23561495788699754,-0.09351834666814313
1.197,-0.012879609544469872,0.19194603434178248,0.1827589392959439,0.003764717202962198,0.2348807489957964,0.24175588335077947
1.198,-0.012879609544469872,0.19194603434178248,0.1827589392959439,0.003646392584152188,-0.08962110913946496,0.2419755369803451
1.199,-0.012879609544469872,0.19194603434178248,0.1827589392959439,-0.0013393713423767036,-0.2891584839060667,-0.09095104053097618
1.2,-0.012879609544469872,0.19194603434178248,0.1827589392959439,-0.004116744529970513,-0.08912445313729152,-0.2965970907987156
1.201,-0.012879609544469872,0.19194603434178248,0.1827589392959439,-0.0011945040149527676,0.23333095283468855,-0.09253380166480175
1.202,-0.012879609544469872,0.19194603434178248,0.1827589392959439,0.0029035834613430423,0.23303662741435585,0.23789302226355666
1.203,-0.012879609544469872,0.19194603434178248,0.1827589392959439,0.002647980002912157,-0.08907588491734607,0.23881700343092244
1.204,-0.012879609544469872,0.19194603434178248,0.1827589392959439,-0.000905447244978018,-0.2880005555632414,-0.08939592664972972
1.205,-0.012879609544469872,0.19194603434178248,-0.8172410607040561,-0.002549604966156264,-0.08896353592107979,-0.29286683771823147
1.206,-0.012879609544469872,0.19194603434178248,0.1827589392959439,-0.0006613582424525674,0.23334597021608303,-0.09168164148680892
1.207,-0.012879609544469872,0.19194603434178248,0.1827589392959439,0.00138117777287274,0.2335685524999655,0.23508732193609846
1.208,-0.012879609544469872,0.19194603434178248,0.1827589392959439,0.0010071306008098157,-0.08944462925290826,0.23635716495767273
1.209,-0.012879609544469872,-0.8080539656582175,0.1827589392959439,-0.00023492563572754312,-0.2898841270352821,-0.08838399420796418
1.21,-0.012879609544469872,0.19194603434178248,-0.8172410607040561,-0.0002516545631441402,-0.08976234850441611,-0.2900320226752316
1.211,-0.012879609544469872,0.19194603434178248,0.1827589392959439,8.514871303129023e-05,0.23586230214231224,-0.09084374690557703
1.212,-0.012879609544469872,0.19194603434178248,0.1827589392959439,-0.0006628162279894713,0.23661655194685988,0.23302438659313846
1.213,-0.012879609544469872,0.19194603434178248,0.1827589392959439,-0.0011137482550608003,-0.09076430267905491,0.2342916358535874
1.214,-0.012879609544469872,-0.8080539656582175,0.1827589392959439,0.0006013737284056531,-0.294842979683083,-0.0877739137489872
1.215,-0.012879609544469872,0.19194603434178248,-0.8172410607040561,0.0025209534792150286,-0.0915045407773017,-0.28770712026014067
1.216,-0.012879609544469872,0.19194603434178248,0.1827589392959439,0.0009577396606331596,0.24079579049646105,-0.08993766613023038
1.217,-0.012879609544469872,0.19194603434178248,0.1827589392959439,-0.002978633446876708,0.24203411998425403,0.2313769783303615
1.218,-0.012879609544469872,0.19194603434178248,0.1827589392959439,-0.0034450120785576815,-0.09296411533028934,0.23235625343359875
1.219,-0.012879609544469872,-0.8080539656582175,0.1827589392959439,0.0014930468837283772,-0.3025653400484553,-0.08740536045998544
1.22,-0.012879609544469872,0.19194603434178248,0.1827589392959439,0.005389145233164695,-0.09406890386887574,-0.2855583608507469
1.221,-0.012879609544469872,0.19194603434178248,0.1827589392959439,0.0018329997707532204,0.24779508562464347,-0.08892720542382593
1.222,-0.012879609544469872,0.19194603434178248,0.1827589392959439,-0.0052275584069883295,0.24941599805673328,0.2298662319528134
1.223,-0.012879609544469872,0.19194603434178248,0.1827589392959439,-0.005634226397245301,-0.09587766163801482,0.230372993966401
1.224,-0.012879609544469872,-0.8080539656582175,0.1827589392959439,0.0023007196312049396,-0.3124447561645084,-0.08713120083417111
1.225,-0.012879609544469872,0.19194603434178248,-0.8172410607040561,0.007889112160228303,-0.09724852676254085,-0.28336576150973886
1.226,-0.012879609544469872,0.19194603434178248,0.1827589392959439,0.002564319556556632,0.2562951060408922,-0.08782766612085777
1.227,-0.012879609544469872,0.19194603434178248,0.1827589392959439,-0.0070187714369649426,0.25815861449622546,0.2283159424371724
1.228,-0.012879609544469872,0.19194603434178248,0.1827589392959439,-0.007285729872130873,-0.09926711157894183,0.2282850420982235
1.229,-0.012879609544469872,0.19194603434178248,0.1827589392959439,0.0028721520426567343,-0.32366728157028984,-0.08684668721555411
1.23,-0.012879609544469872,0.19194603434178248,-0.8172410607040561,0.0095272957099132,-0.10078020881890087,-0.2810696897753773
1.231,-0.012879609544469872,0.19194603434178248,0.1827589392959439,0.0029996945407571416,0.26559601367905084,-0.08670550224261625
1.232,-0.012879609544469872,0.19194603434178248,0.1827589392959439,-0.007957879283858115,0.2675434883283755,0.2266917005576359
1.233,-0.012879609544469872,0.19194603434178248,0.1827589392959439,-0.00801081638613059,-0.10285564954050255,0.22617603000914924
1.234,-0.012879609544469872,-0.8080539656582175,0.1827589392959439,0.003061940842715563,-0.3353213329312649,-0.08651097657436459
1.235,-0.012879609544469872,0.19194603434178248,-0.8172410607040561,0.00984552988124701,-0.10437956380683404,-0.27879479181783834
1.236,-0.012879609544469872,0.19194603434178248,0.1827589392959439,0.0030021797089142726,0.27495559072388387,-0.0856725242756095
1.237,-0.012879609544469872,0.19194603434178248,0.1827589392959439,-0.007700994421419298,0.2768309057272778,0.22511857477838543
1.238,-0.012879609544469872,0.19194603434178248,0.1827589392959439,-0.007482068385074363,-0.10636326264842172,0.22427012814619293
1.239,-0.012879609544469872,-0.8080539656582175,0.1827589392959439,0.0027522355689041395,-0.346513768353728,-0.08615752966674459
1.24,-0.012879609544469872,0.19194603434178248,0.1827589392959439,0.008487658555680871,-0.10777660939958857,-0.27684686594697566
1.241,-0.012879609544469872,0.19194603434178248,0.1827589392959439,0.0024702304589844463,0.28368138497214207,-0.08487511210683653
1.242,-0.012879609544469872,0.19194603434178248,0.1827589392959439,-0.006006941883392079,0.28535017523314077,0.2238739241990674
1.243,-0.012879609544469872,0.19194603434178248,0.1827589392959439,-0.005484283242565357,-0.1095406594405742,0.22291188389889194
1.244,-0.012879609544469872,-0.8080539656582175,0.1827589392959439,0.0018715504227430528,-0.3564754836061766,-0.0858916966681714
1.245,-0.012879609544469872,0.19194603434178248,-0.8172410607040561,0.005258120408861008,-0.11074680190237997,-0.2756817587443131
1.246,-0.012879609544469872,0.19194603434178248,0.1827589392959439,0.0013549890742744915,0.29120958862669216,-0.08447924211522088
1.247,-0.012879609544469872,0.19194603434178248,0.1827589392959439,-0.002779954635154414,0.2925738794515739,0.22335538931779814
1.248,-0.012879609544469872,0.19194603434178248,0.1827589392959439,-0.0019544433424902104,-0.1121965879441022,0.22252722642163544
1.249,-0.012879609544469872,-0.8080539656582175,0.1827589392959439,0.0004088482709487783,-0.36464213557340197,-0.08587578065497521
1.25,-0.012879609544469872,0.19194603434178248,-0.8172410607040561,0.00016358048644669266,-0.11313340454835431,-0.27584915492003037
1.251,-0.012879609544469872,0.19194603434178248,0.1827589392959439,-0.00032815641171669917,0.29716019899392365,-0.08465248286421934
1.252,-0.012879609544469872,0.19194603434178248,0.1827589392959439,0.0019038458719693408,0.29816654893032496,0.2240276609415897
1.253,-0.012879609544469872,0.19194603434178248,0.1827589392959439,0.0029956603551639887,-0.1142150299391819,0.22356957351596782
1.254,-0.012879609544469872,-0.8080539656582175,0.1827589392959439,-0.0015793987425623457,-0.37070006006901274,-0.08630378655228618
1.255,-0.012879609544469872,0.19194603434178248,-0.8172410607040561,-0.006569343774732061,-0.11485860392272598,-0.27791770616374295
1.256,-0.012879609544469872,0.19194603434178248,0.1827589392959439,-0.0024957279783209617,0.30136212962101544,-0.08554445100316019
1.257,-0.012879609544469872,0.19194603434178248,0.1827589392959439,0.00779089423996493,0.3020025694343058,0.2263547634915825
1.258,-0.012879609544469872,0.19194603434178248,0.1827589392959439,0.009078364029457922,-0.11556046971917473,0.22645714859289334
1.259,-0.012879609544469872,-0.8080539656582175,0.1827589392959439,-0.0039705702215112795,-0.3745932976001115,-0.08736962316780489
1.26,-0.012879609544469872,0.19194603434178248,0.1827589392959439,-0.014504112830950261,-0.11592265501890273,-0.282390786700498
1.261,-0.012879609544469872,0.19194603434178248,0.1827589392959439,-0.005001000450410286,0.30384690409445136,-0.0872675016135748
1.262,-0.012879609544469872,0.19194603434178248,0.1827589392959439,0.01446747802618744,0.30415316270449744,0.23072684728359083
1.263,-0.012879609544469872,0.19194603434178248,0.1827589392959439,0.015851940877195193,-0.11627138289058783,0.23150911981818748
1.264,-0.012879609544469872,-0.8080539656582175,0.1827589392959439,-0.00658593656858963,-0.37649390323437215,-0.08923350258142644
1.265,-0.012879609544469872,0.19194603434178248,0.1827589392959439,-0.02303210497560588,-0.11639223303494937,-0.28962384334087965
1.266,-0.012879609544469872,0.19194603434178248,0.1827589392959439,-0.007647305344616763,0.3048145501026503,-0.08987959774210941
1.267,-0.012879609544469872,0.19194603434178248,0.1827589392959439,0.02139864136802245,0.3048471249388443,0.23739152348061704
1.268,-0.012879609544469872,0.19194603434178248,0.1827589392959439,0.02276340179991404,-0.11644394118955342,0.23888875704065404
1.269,-0.012879609544469872,-0.8080539656582175,0.1827589392959439,-0.009208412592066777,-0.3767433684916718,-0.09199154006528468
1.27,-0.012879609544469872,0.19194603434178248,-0.8172410607040561,-0.031434383773090394,-0.11638079189387922,-0.2997545439513936
1.271,-0.012879609544469872,0.19194603434178248,0.1827589392959439,-0.010208364432249763,0.30457950411812623,-0.09337130211560618
1.272,-0.012879609544469872,0.19194603434178248,0.1827589392959439,0.02798435783452948,0.30441388200049635,0.24639942455723085
1.273,-0.012879609544469872,0.19194603434178248,0.1827589392959439,0.02920738202460635,-0.11620938003769983,0.24856132640464018
1.274,-0.012879609544469872,-0.8080539656582175,0.1827589392959439,-0.011605946840079269,-0.375777113596125,-0.09565307488071428
1.275,-0.012879609544469872,0.19194603434178248,-0.8172410607040561,-0.03896002876606819,-0.1160248194099027,-0.31265563594819534
1.276,-0.012879609544469872,0.19194603434178248,0.1827589392959439,-0.012453191739638618,0.3035070661411138,-0.09765861295177462
1.277,-0.012879609544469872,0.19194603434178248,0.1827589392959439,0.03362609203714958,0.3032197144439937,0.2575719602844176
1.278,-0.012879609544469872,0.19194603434178248,0.1827589392959439,0.03459382281966995,-0.11570929434292923,0.26027291246740947
1.279,-0.012879609544469872,-0.8080539656582175,0.1827589392959439,-0.013557626618131424,-0.3740459744513355,-0.10012909472287647
1.28,-0.012879609544469872,0.19194603434178248,-0.8172410607040561,-0.044911168381819216,-0.11546027382777578,-0.3279177381832913
1.281,-0.012879609544469872,0.19194603434178248,0.1827589392959439,-0.01417240589714766,0.3019517933883595,-0.10258290613955312
1.282,-0.012879609544469872,0.19194603434178248,0.1827589392959439,0.037795265840377484,0.30160838179038924,0.270496389775983
1.283,-0.012879609544469872,0.19194603434178248,0.1827589392959439,0.038415774650172624,-0.1150731923772142,0.2735539303233851
1.284,-0.012879609544469872,0.19194603434178248,0.1827589392959439,-0.014879141358285858,-0.37194814106347057,-0.10523353609567446
1.285,-0.012879609544469872,0.19194603434178248,-0.8172410607040561,-0.04872372938401887,-0.11480314209820507,-0.34486554290584825
1.286,-0.012879609544469872,0.19194603434178248,0.1827589392959439,-0.015202539724671438,0.30020809938246423,-0.10791856706225807
1.287,-0.012879609544469872,0.19194603434178248,0.1827589392959439,0.040094731320651326,0.29985582579549286,0.28454973583360776
1.288,-0.012879609544469872,0.19194603434178248,0.1827589392959439,0.04030848612040348,-0.11440195523764063,0.28774806068065717
1.289,-0.012879609544469872,-0.8080539656582175,0.1827589392959439,-0.015444282923023663,-0.3697822502026133,-0.11069739633881936
1.29,-1.0128796095444699,0.19194603434178248,-0.8172410607040561,-0.050033345629477685,-0.1141370579260849,-0.3626065981200342
1.291,-0.012879609544469872,0.19194603434178248,0.1827589392959439,-0.015445162661429765,0.29848047577461756,-0.1133880581349065
1.292,-0.012879609544469872,0.19194603434178248,0.1827589392959439,0.04030520002077258,0.2981454760392901,0.2989492309384403
1.293,-0.012879609544469872,0.19194603434178248,0.1827589392959439,0.04009203495280664,-0.11375955667561846,0.302064104987938
1.294,-0.012879609544469872,-0.8080539656582175,0.1827589392959439,-0.015199668303684879,-0.36772783086178273,-0.11619380359706612
1.295,-0.012879609544469872,0.19194603434178248,-0.8172410607040561,-0.048717795945834017,-0.11350944876730099,-0.38010756544041885
1.296,-0.012879609544469872,0.19194603434178248,0.1827589392959439,-0.014878312753903862,0.29687671696103446,-0.11868327101586641
1.297,-0.012879609544469872,0.19194603434178248,0.1827589392959439,0.03841056683692138,0.29656650795405287,0.3128234445374038
1.298,-0.012879609544469872,0.19194603434178248,0.1827589392959439,0.03779194641945657,-0.11317373562484534,0.31564525787070713
1.299,-0.012879609544469872,-0.8080539656582175,0.1827589392959439,-0.014170774699504871,-0.36585387672518815,-0.12137070692768749
1.3,-0.012879609544469872,0.19194603434178248,-0.8172410607040561,-0.04491048612602082,-0.11293601359987966,-0.3962892022977628
1.301,-0.012879609544469872,0.19194603434178248,0.1827589392959439,-0.013558768797814313,0.29542303960907407,-0.12349117792697449
1.302,-0.012879609544469872,0.19194603434178248,0.1827589392959439,0.034598905791814495,0.29513297083145124,0.3252954970805048
1.303,-0.012879609544469872,0.19194603434178248,0.1827589392959439,0.03363520981929955,-0.11264458440838793,0.32764795457151225
1.304,-0.012879609544469872,-0.8080539656582175,0.1827589392959439,-0.012458546451997196,-0.36415095481515575,-0.1258868754198004
1.305,-0.012879609544469872,0.19194603434178248,-0.8172410607040561,-0.038983391346708585,-0.11241176562645626,-0.4101288168525626
1.306,-0.012879609544469872,0.19194603434178248,0.1827589392959439,-0.011614927879117963,0.29409585821072654,-0.12752115221043214
1.307,-0.012879609544469872,0.19194603434178248,0.1827589392959439,0.029239187370621148,0.2938178045143285,0.3355682012797213
1.308,-0.012879609544469872,0.19194603434178248,0.1827589392959439,0.028022409785841713,-0.1121585311974926,0.3373211137402089
1.309,-0.012879609544469872,-0.8080539656582175,0.1827589392959439,-0.010227096643483643,-0.3625779117458692,-0.12944655662766594
1.31,-0.012879609544469872,0.19194603434178248,-0.8172410607040561,-0.03150196214113487,-0.11192568287927442,-0.4207579473359961
1.311,-0.012879609544469872,0.19194603434178248,0.1827589392959439,-0.009231308510053106,0.2928619404495411,-0.13053098502186014
1.312,-0.012879609544469872,0.19194603434178248,0.1827589392959439,0.0228369964124271,0.29259308927631683,0.3430007980669772
1.313,-0.012879609544469872,0.19194603434178248,0.1827589392959439,0.02147985579572318,-0.11170422177843696,0.34407646643518996
1.314,-0.012879609544469872,-0.8080539656582175,0.1827589392959439,-0.007684200477828876,-0.36111167811788364,-0.13182846772754286
1.315,-0.012879609544469872,0.19194603434178248,-0.8172410607040561,-0.0231581789731256,-0.11147540271870442,-0.427543669159574
1.316,-0.012879609544469872,0.19194603434178248,0.1827589392959439,-0.006626793935041061,0.2917172594532412,-0.13234865621938968
1.317,-0.012879609544469872,0.19194603434178248,0.1827589392959439,0.01597525285260578,0.2914668922703057,0.34716818472473765
1.318,-0.012879609544469872,0.19194603434178248,0.1827589392959439,0.014598168091712282,-0.11128651612086293,0.3475417752690518
1.319,-0.012879609544469872,-0.8080539656582175,0.1827589392959439,-0.005057196260993902,-0.359788344210507,-0.13290570684013708
1.32,-0.012879609544469872,0.19194603434178248,-0.8172410607040561,-0.01469069753373547,-0.11107847632022351,-0.4301441401539308
1.321,-0.012879609544469872,0.19194603434178248,0.1827589392959439,-0.004029510278511701,0.29071532685216633,-0.13288734319893394
1.322,-0.012879609544469872,0.19194603434178248,0.1827589392959439,0.009247775789143438,0.2905079502056514,0.3478959740977513
1.323,-0.012879609544469872,0.19194603434178248,0.1827589392959439,0.007965405811827796,-0.11093525900915933,0.34759095774753945
1.324,-0.012879609544469872,-0.8080539656582175,0.1827589392959439,-0.0025674474908542783,-0.35872563171341837,-0.13265452240310924
1.325,-0.012879609544469872,0.19194603434178248,-0.8172410607040561,-0.006802486971496352,-0.11077744680550088,-0.4285324386171243
1.326,-0.012879609544469872,0.19194603434178248,0.1827589392959439,-0.0016515961898692327,0.2899780369025128,-0.1321519313268979
1.327,-0.012879609544469872,0.19194603434178248,0.1827589392959439,0.0031942444956601108,0.2898519929504338,0.3452680120732502
1.328,-0.012879609544469872,0.19194603434178248,0.1827589392959439,0.0021032959839253915,-0.1107065777175147,0.34434812766269907
1.329,-0.012879609544469872,-0.8080539656582175,0.1827589392959439,-0.00040660993442085904,-0.3581207526176241,-0.13115145295489095
1.33,-0.012879609544469872,0.19194603434178248,-0.8172410607040561,-8.635441653672385e-05,-0.11063729107420801,-0.4229869333973801
1.331,-0.012879609544469872,0.19194603434178248,0.1827589392959439,0.0003329750775982085,0.2896856626746413,-0.13023632580315722
1.332,-0.012879609544469872,0.19194603434178248,0.1827589392959439,-0.0017553702104138459,0.2896872941870332,0.33960663328914753
1.333,-0.012879609544469872,0.19194603434178248,0.1827589392959439,-0.0025855920612046584,-0.11067600163370557,0.3381659325418701
1.334,-0.012879609544469872,-0.8080539656582175,0.1827589392959439,0.0012824083516727158,-0.3582227171664132,-0.12855991157572375
1.335,-0.012879609544469872,0.19194603434178248,-0.8172410607040561,0.005032680466708614,-0.11073533718138016,-0.4140507477118465
1.336,-0.012879609544469872,0.19194603434178248,0.1827589392959439,0.0018048849776548406,0.2900469568664572,-0.1273120146975763
1.337,-0.012879609544469872,0.19194603434178248,0.1827589392959439,-0.00532039627334549,0.29022133950827056,0.3314294248627986
1.338,-0.012879609544469872,0.19194603434178248,0.1827589392959439,-0.005853641228212776,-0.11092440422657177,0.32958181314282964
1.339,-0.012879609544469872,-0.8080539656582175,0.1827589392959439,0.0024176422902730094,-0.35928349579435137,-0.12510861368989593
1.34,-0.012879609544469872,0.19194603434178248,-0.8172410607040561,0.00833179387999504,-0.1111453486857733,-0.40246672147685525
1.341,-0.012879609544469872,0.19194603434178248,0.1827589392959439,0.002708497740905662,0.29125452677059294,-0.12360943066917773
1.342,-0.012879609544469872,0.19194603434178248,0.1827589392959439,-0.007388952819415797,0.2916345363282139,0.32138910130774284
1.343,-0.012879609544469872,0.19194603434178248,0.1827589392959439,-0.0076233792135484936,-0.1115193196984801,0.31925847968315996
1.344,-0.012879609544469872,0.19194603434178248,0.1827589392959439,0.0029822662412120455,-0.3614970654738204,-0.12106515393460023
1.345,-0.012879609544469872,0.19194603434178248,-0.8172410607040561,0.00979853242277484,-0.1119187633123473,-0.3890971010194391
1.346,-0.012879609544469872,0.19194603434178248,0.1827589392959439,0.003052720905622134,0.2934339887018938,-0.11939454151758555
1.347,-0.012879609544469872,0.19194603434178248,0.1827589392959439,-0.008016065281987369,0.2940299009125872,0.3102048844109065
1.348,-0.012879609544469872,0.19194603434178248,0.1827589392959439,-0.007981381651465336,-0.11249529205587522,0.30791661381533714
1.349,-0.012879609544469872,-0.8080539656582175,0.1827589392959439,0.0030207449397014062,-0.36493840677849676,-0.11670841726786504
1.35,-0.012879609544469872,0.19194603434178248,-0.8172410607040561,0.009613335283669797,-0.11306684143926189,-0.3748386094211315
1.351,-0.012879609544469872,0.19194603434178248,0.1827589392959439,0.002904101610194984,0.2965972240800227,-0.1149436338885869
1.352,-0.012879609544469872,0.19194603434178248,0.1827589392959439,-0.007401995360549282,0.2973890669751085,0.2985943070191382
1.353,-0.012879609544469872,0.19194603434178248,0.1827589392959439,-0.0071530276981380024,-0.11383735700413136,0.29626833603049746
1.354,-0.012879609544469872,-0.8080539656582175,0.1827589392959439,0.002627948596134246,-0.3695153658731262,-0.11230333506981398
1.355,-0.012879609544469872,0.19194603434178248,-0.8172410607040561,0.008110314315688238,-0.11454756694902044,-0.3605434102542027
1.356,-0.012879609544469872,0.19194603434178248,0.1827589392959439,0.0023735565802234476,0.30060998354298085,-0.11051935911256404
1.357,-0.012879609544469872,0.19194603434178248,0.1827589392959439,-0.0058548760899499635,0.30154446722184286,0.28721359146872094
1.358,-0.012879609544469872,0.19194603434178248,0.1827589392959439,-0.005462630361344866,-0.11547143728556261,0.28495927716969205
1.359,-0.012879609544469872,-0.8080539656582175,0.1827589392959439,0.0019331017392045994,-0.374944740017278,-0.10808082676404139
1.36,-0.012879609544469872,0.19194603434178248,-0.8172410607040561,0.005722808364682044,-0.11626051409436634,-0.34695484596079174
1.361,-0.012879609544469872,0.19194603434178248,0.1827589392959439,0.0015988799049937263,0.3051820765431779,-0.10635077108033131
1.362,-0.012879609544469872,0.19194603434178248,0.1827589392959439,-0.003743537021432016,0.30617517828642216,0.27661285951515735
1.363,-0.012879609544469872,0.19194603434178248,0.1827589392959439,-0.003285086421716967,-0.11726438582335562,0.274525300507992
1.364,-0.012879609544469872,-0.8080539656582175,0.1827589392959439,0.0010809893008877972,-0.3807601963522273,-0.10422473187854406
1.365,-0.012879609544469872,0.19194603434178248,-0.8172410607040561,0.0029217875156021707,-0.11805164062137447,-0.33466400882389247
1.366,-0.012879609544469872,0.19194603434178248,0.1827589392959439,0.0007255800914055428,0.30988474646841835,-0.10261935955429777
1.367,-0.012879609544469872,0.19194603434178248,0.1827589392959439,-0.0014472853693257527,0.31083005820079873,0.2672097454471087
1.368,-0.012879609544469872,0.19194603434178248,0.1827589392959439,-0.0009958729017022104,-0.11903480552128863,0.265367343965891
1.369,-0.012879609544469872,-0.8080539656582175,0.1827589392959439,0.00021303206593424197,-0.3863542967542073,-0.10086631661917314
1.37,-0.012879609544469872,0.19194603434178248,-0.8172410607040561,0.0001555404704264799,-0.11972829284305207,-0.3240896632817265
1.371,-0.012879609544469872,0.19194603434178248,0.1827589392959439,-0.0001113696538679759,0.31419516628529015,-0.09945208710377812
1.372,-0.012879609544469872,0.19194603434178248,0.1827589392959439,0.000690690607046111,0.31497708490379583,0.2592819541044341
1.373,-0.012879609544469872,0.19194603434178248,0.1827589392959439,0.001074077497294036,-0.12057388051234338,0.25774491410580763
1.374,-0.012879609544469872,-0.8080539656582175,0.1827589392959439,-0.0005493363240640722,-0.3910508757180373,-0.09808573331159251
1.375,-0.012879609544469872,0.19194603434178248,-0.8172410607040561,-0.002201738476194341,-0.12108289434948016,-0.3154803595807921
1.376,-0.012879609544469872,0.19194603434178248,0.1827589392959439,-0.000802606341558923,0.31756309301376634,-0.09692133635042315
1.377,-0.012879609544469872,0.19194603434178248,0.1827589392959439,0.0024006311917449947,0.3180730309600635,0.25297641805139787
1.378,-0.012879609544469872,0.19194603434178248,0.1827589392959439,0.0026732541938012315,-0.12167359904721561,0.25178593792207027
1.379,-0.012879609544469872,-0.8080539656582175,0.1827589392959439,-0.0011170572465772095,-0.39419834455061764,-0.09591880940871074
1.38,-0.012879609544469872,0.19194603434178248,0.1827589392959439,-0.0038866429414711272,-0.12192214906831905,-0.30893434540845205
1.381,-0.012879609544469872,0.19194603434178248,0.1827589392959439,-0.0012746231184120173,0.3194904460091924,-0.09505064603909168
1.382,-0.012879609544469872,0.19194603434178248,0.1827589392959439,0.0035102633596451995,0.31964361827447346,0.24833041418190016
1.383,-0.012879609544469872,0.19194603434178248,0.1827589392959439,0.0036506421263357665,-0.1221582616231951,0.24750841196461648
1.384,-0.012879609544469872,-0.8080539656582175,0.1827589392959439,-0.0014403913161844244,-0.39527017741090853,-0.09436689366537215
1.385,-0.012879609544469872,0.19194603434178248,0.1827589392959439,-0.004765162731917406,-0.12209741149158458,-0.304430594841981
1.386,-0.012879609544469872,0.19194603434178248,0.1827589392959439,-0.0014943183271786782,0.31961169031469416,-0.09382432662998423
1.387,-0.012879609544469872,0.19194603434178248,0.1827589392959439,0.003953752965148035,0.31936180586127916,0.24529864355839548
1.388,-0.012879609544469872,0.19194603434178248,0.1827589392959439,0.003961587154730261,-0.12191432111810059,0.2448479298547871
1.389,-0.012879609544469872,-0.8080539656582175,0.1827589392959439,-0.001510043486194563,-0.3939566654495642,-0.0934072766900091
1.39,-0.012879609544469872,0.19194603434178248,-0.8172410607040561,-0.004832559288049378,-0.12153137968514774,-0.30186326972283295
1.391,-0.012879609544469872,0.19194603434178248,0.1827589392959439,-0.0014678210210364209,0.317761955977039,-0.09319862487480728
1.392,-0.012879609544469872,0.19194603434178248,0.1827589392959439,0.003765888461115515,0.31711135115123773,0.24378004303520295
1.393,-0.012879609544469872,0.19194603434178248,0.1827589392959439,0.0036592186675341847,-0.12091356154022047,0.24368491321700406
1.394,-0.012879609544469872,-0.8080539656582175,0.1827589392959439,-0.001352909442079811,-0.39023244634486903,-0.09300194345596889
1.395,-0.012879609544469872,0.19194603434178248,-0.8172410607040561,-0.004196440072498822,-0.12023655729090074,-0.3010723278014297
1.396,-0.012879609544469872,0.19194603434178248,0.1827589392959439,-0.0012343395667263545,0.31402103173356766,-0.09311211594095449
1.397,-0.012879609544469872,0.19194603434178248,0.1827589392959439,0.0030637930759645888,0.31302440203920406,0.24363897913139998
1.398,-0.012879609544469872,0.19194603434178248,0.1827589392959439,0.002874071885467296,-0.11922542041789325,0.24386622621234047
1.399,-0.012879609544469872,-0.8080539656582175,0.1827589392959439,-0.0010235690047493853,-0.3843873387065994,-0.0931030445825358
1.4,-0.012879609544469872,0.19194603434178248,-0.8172410607040561,-0.0030470525580218208,-0.1183219859657598,-0.3018646803121749
1.401,-0.012879609544469872,0.19194603434178248,0.1827589392959439,-0.0008563820882164185,0.3087245995987661,-0.09349343092409983
1.402,-0.012879609544469872,0.19194603434178248,0.1827589392959439,0.0020199324158284714,0.3074854175868906,0.24471728445254795
1.403,-0.012879609544469872,0.19194603434178248,0.1827589392959439,0.0017858977952319242,-0.11701578653996189,0.24521764204982033
1.404,-0.012879609544469872,-0.8080539656582175,0.1827589392959439,-0.0005931212696704179,-0.377013206469774,-0.09365436707155103
1.405,-0.012879609544469872,0.19194603434178248,-0.8172410607040561,-0.001620163517429622,-0.11598641829379049,-0.3040229496752398
1.406,-0.012879609544469872,0.19194603434178248,0.1827589392959439,-0.0004080580468733021,0.30243884541469895,-0.09426519396805354
1.407,-0.012879609544469872,0.19194603434178248,0.1827589392959439,0.0008309992254328778,0.30109864851201357,0.24683599257479297
1.408,-0.012879609544469872,0.19194603434178248,0.1827589392959439,0.0005923179216111504,-0.1145316245147862,0.24754601541417115
1.409,-0.012879609544469872,-0.8080539656582175,0.1827589392959439,-0.00013716115805865675,-0.3689461485415314,-0.0945890784608126
1.41,-0.012879609544469872,0.19194603434178248,-0.8172410607040561,-0.00015836492894842787,-0.11349812742567898,-0.30730199623926097
1.411,-0.012879609544469872,0.19194603434178248,0.1827589392959439,3.6740508533510614e-05,0.2959001436552029,-0.09534400416332124
1.412,-0.012879609544469872,0.19194603434178248,0.1827589392959439,-0.00031264138006294206,0.2946219622963707,0.24978817056482863
1.413,-0.012879609544469872,0.19194603434178248,0.1827589392959439,-0.0005210607271212571,-0.11207296903841726,0.25063256012627955
1.414,-0.012879609544469872,-0.8080539656582175,0.1827589392959439,0.0002753678831970666,-0.3611702136618192,-0.0958249321295787
1.415,-0.012879609544469872,0.19194603434178248,-0.8172410607040561,0.0011237359248085768,-0.11116361468430477,-0.31141640280525673
1.416,-0.012879609544469872,0.19194603434178248,0.1827589392959439,0.00041464967724274036,0.28992698415533646,-0.09663727479946095
1.417,-0.012879609544469872,0.19194603434178248,0.1827589392959439,-0.001252824882936587,0.2888750859772278,0.2533264775781619
1.418,-0.012879609544469872,0.19194603434178248,0.1827589392959439,-0.0014051378326487736,-0.10995584077353734,0.25422087000861154
1.419,-0.012879609544469872,-0.8080539656582175,0.1827589392959439,0.0005910116342719867,-0.3546949703170986,-0.09725879241553659
1.42,-0.012879609544469872,0.19194603434178248,0.1827589392959439,0.0020660947528331323,-0.10928925019300798,-0.31602447411619705
1.421,-0.012879609544469872,0.19194603434178248,0.1827589392959439,0.0006803894971795575,0.2853157998061587,-0.09803855307224428
1.422,-0.012879609544469872,0.19194603434178248,0.1827589392959439,-0.001881741918993375,0.28463450867957096,0.25715058467366947
1.423,-0.012879609544469872,0.19194603434178248,0.1827589392959439,-0.0019636532733760853,-0.10847113471474647,0.25800483587551254
1.424,-0.012879609544469872,0.19194603434178248,0.1827589392959439,0.0007773730442424547,-0.35042362133564325,-0.09876264493133931
1.425,-0.012879609544469872,0.19194603434178248,-0.8172410607040561,0.002578840390812436,-0.1081410772979604,-0.32071558100714304
1.426,-0.012879609544469872,0.19194603434178248,0.1827589392959439,0.0008108362190461427,0.2827351344135533,-0.09942343032742217
1.427,-0.012879609544469872,0.19194603434178248,0.1827589392959439,-0.0021507417147003933,0.2825296550771773,0.26090008794036723
1.428,-0.012879609544469872,0.19194603434178248,0.1827589392959439,-0.0021600352813443088,-0.10784527429810757,0.26162210668092734
1.429,-0.012879609544469872,-0.8080539656582175,0.1827589392959439,0.0008250114425065295,-0.34903022586272087,-0.1001831402626382
1.43,-0.012879609544469872,0.19194603434178248,-0.8172410607040561,0.002646014362913285,-0.10790843228379417,-0.32500759538177654
1.431,-0.012879609544469872,0.19194603434178248,0.1827589392959439,0.0008054506344839607,0.2826331978768045,-0.10064821429943945
1.432,-0.012879609544469872,0.19194603434178248,0.1827589392959439,-0.002069643814574464,0.28295511485356073,0.26415791763224455
1.433,-0.012879609544469872,0.19194603434178248,0.1827589392959439,-0.00201491606340528,-0.10820828564402228,0.2646580951387589
1.434,-0.012879609544469872,-0.8080539656582175,0.1827589392959439,0.0007458349630903801,-0.35086365764718097,-0.10134618969024632
1.435,-0.012879609544469872,0.19194603434178248,-0.8172410607040561,0.0023183110138907527,-0.10867660201002308,-0.328359693551802
1.436,-0.012879609544469872,0.19194603434178248,0.1827589392959439,0.0006834338422563997,0.2851721783409462,-0.1015531423116013
1.437,-0.012879609544469872,0.19194603434178248,0.1827589392959439,-0.001697775662054985,0.2860116462772798,0.2664675659822373
1.438,-0.012879609544469872,0.19194603434178248,0.1827589392959439,-0.0015957718070282636,-0.10957394363225151,0.26666381206179574
1.439,-0.012879609544469872,-0.8080539656582175,0.1827589392959439,0.0005686281298305085,-0.355892316038571,-0.10206727103957404
1.44,-0.012879609544469872,0.19194603434178248,0.1827589392959439,0.0016971540495978597,-0.1104125233757832,-0.3302031629527442
1.441,-0.012879609544469872,0.19194603434178248,0.1827589392959439,0.00047840474174718856,0.2901989699303236,-0.10197112054766189
1.442,-0.012879609544469872,0.19194603434178248,0.1827589392959439,-0.0011289960714628087,0.2914846749232993,0.26736498449865553
1.443,-0.012879609544469872,0.19194603434178248,0.1827589392959439,-0.0010011029667911977,-0.1118349308463602,0.26718829313524606
1.444,-0.012879609544469872,-0.8080539656582175,0.1827589392959439,0.00033269462087695014,-0.36369786837847606,-0.10216704960581656
1.445,-0.012879609544469872,0.19194603434178248,-0.8172410607040561,0.0009134214501220127,-0.1129657041439505,-0.3299894521079688
1.446,-0.012879609544469872,0.19194603434178248,0.1827589392959439,0.00023165781585369493,0.29725680410079247,-0.10174190585299837
1.447,-0.012879609544469872,0.19194603434178248,0.1827589392959439,-0.0004735729462268033,0.2988636962576599,0.2664231403737366
1.448,-0.012879609544469872,0.19194603434178248,0.1827589392959439,-0.00034208134086542773,-0.11477379942034936,0.2658234704432913
1.449,-0.012879609544469872,-0.8080539656582175,0.1827589392959439,8.075673486628136e-05,-0.3735193261540427,-0.10149084700733857
1.45,-0.012879609544469872,0.19194603434178248,-0.8172410607040561,0.0001045269264848981,-0.11608439312934093,-0.32725112196823536
1.451,-0.012879609544469872,0.19194603434178248,0.1827589392959439,-1.48564032668419e-05,0.30563644300455317,-0.10073048415030847
1.452,-0.012879609544469872,0.19194603434178248,0.1827589392959439,0.00016008613655327475,0.30740018086129217,0.2633044540929275
1.453,-0.012879609544469872,0.19194603434178248,0.1827589392959439,0.0002753752953197511,-0.11808826906692746,0.26225653665845383
1.454,-0.012879609544469872,-0.8080539656582175,0.1827589392959439,-0.00014776758051349463,-0.3843416158606575,-0.09992958128290563
1.455,-0.012879609544469872,0.19194603434178248,-0.8172410607040561,-0.0006066157088730949,-0.11944487673413896,-0.32166820873413987
1.456,-0.012879609544469872,0.19194603434178248,0.1827589392959439,-0.00022477583378613822,0.31445999981182965,-0.09884734961713618
1.457,-0.012879609544469872,0.19194603434178248,0.1827589392959439,0.0006811696670820848,0.31619616048053906,0.2578141521917665
1.458,-0.012879609544469872,0.19194603434178248,0.1827589392959439,0.0007655382604173659,-0.12142737847117359,0.25632265356750167
1.459,-0.012879609544469872,-0.8080539656582175,0.1827589392959439,-0.00032217059581911365,-0.39501658480661134,-0.09743921500181216
1.46,-0.012879609544469872,0.19194603434178248,-0.8172410607040561,-0.0011278928053768391,-0.12268995250387829,-0.3131303673112117
1.461,-0.012879609544469872,0.19194603434178248,0.1827589392959439,-0.0003719766834753749,0.32278593871965977,-0.09606764795224533
1.462,-0.012879609544469872,0.19194603434178248,0.1827589392959439,0.0010276570129761624,0.32431145559526137,0.24994636940276585
1.463,-0.012879609544469872,0.19194603434178248,0.1827589392959439,0.0010729776617964188,-0.12443353396803203,0.24804968955218448
1.464,-0.012879609544469872,-0.8080539656582175,0.1827589392959439,-0.0004239031171788223,-0.40440000658060593,-0.09405559811753482
1.465,-0.012879609544469872,0.19194603434178248,0.1827589392959439,-0.0014077202243869735,-0.12547139825782325,-0.3017844610337971
1.466,-0.012879609544469872,0.19194603434178248,0.1827589392959439,-0.00044313560801489407,0.32972103712012446,-0.09244586855620286
1.467,-0.012879609544469872,0.19194603434178248,0.1827589392959439,0.0011718592105197942,0.3308751031524977,0.23991488664903407
1.468,-0.012879609544469872,0.19194603434178248,0.1827589392959439,0.001176928431524858,-0.12678477939874275,0.23768680111918433
1.469,-0.012879609544469872,-0.8080539656582175,0.1827589392959439,-0.0004477857668831569,-0.4114862398693485,-0.08990192660095289
1.47,-0.012879609544469872,0.19194603434178248,-0.8172410607040561,-0.0014375417786771233,-0.12749079059348692,-0.2880582096248413
1.471,-0.012879609544469872,0.19194603434178248,0.1827589392959439,-0.0004380741210795461,0.33452443939068294,-0.08812303626205663
1.472,-0.012879609544469872,0.19194603434178248,0.1827589392959439,0.0011201535025309013,0.33518627474493123,0.22816176647505565
1.473,-0.012879609544469872,0.19194603434178248,0.1827589392959439,0.0010899463567979675,-0.12823173164933263,0.2257101678566469
1.474,-0.012879609544469872,-0.8080539656582175,0.1827589392959439,-0.0004010670833496156,-0.4155229708266914,-0.08518682993206288
1.475,-0.012879609544469872,0.19194603434178248,-0.8172410607040561,-0.0012475818760819305,-0.12853338080857982,-0.2726530563604495
1.476,-0.012879609544469872,0.19194603434178248,0.1827589392959439,-0.0003680975208644788,0.33669043375824864,-0.08332415751763476
1.477,-0.012879609544469872,0.19194603434178248,0.1827589392959439,0.000907638612654247,0.33679182201962676,0.21533970689557103
1.478,-0.012879609544469872,0.19194603434178248,0.1827589392959439,0.0008517312026638332,-0.1286245417745922,0.21280189464905533
1.479,-0.012879609544469872,-0.8080539656582175,0.1827589392959439,-0.00030072407546852606,-0.4160917358098492,-0.08019225190966538
1.48,-0.012879609544469872,0.19194603434178248,0.1827589392959439,-0.0008972865505482598,-0.1284908344974914,-0.25650325949210373
1.481,-0.012879609544469872,0.19194603434178248,0.1827589392959439,-0.0002528141769268923,0.3359999451146813,-0.07834492244031228
1.482,-0.012879609544469872,0.19194603434178248,0.1827589392959439,0.0005891138914446947,0.33553120449187307,0.20226734574359595
1.483,-0.012879609544469872,0.19194603434178248,0.1827589392959439,0.0005196157893364436,-0.1279267846617952,0.19980165336771788
1.484,-0.012879609544469872,-0.8080539656582175,0.1827589392959439,-0.00016962008968825573,-0.4131451046235399,-0.07525164346713188
1.485,-0.012879609544469872,0.19194603434178248,-0.8172410607040561,-0.0004625199945738887,-0.12737029694179505,-0.24070282495885767
1.486,-0.012879609544469872,0.19194603434178248,0.1827589392959439,-0.00011609271773758959,0.3325353868843408,-0.07352817882911442
1.487,-0.012879609544469872,0.19194603434178248,0.1827589392959439,0.00022817921225026848,0.3315443428890448,0.18986053074690656
1.488,-0.012879609544469872,0.19194603434178248,0.1827589392959439,0.00015755085875628105,-0.12621509378321064,0.18763454011200584
1.489,-0.012879609544469872,-0.8080539656582175,0.1827589392959439,-3.223830015208506e-05,-0.40699765915135167,-0.07072035138877668
1.49,-0.012879609544469872,0.19194603434178248,-0.8172410607040561,-2.1839155364745228e-05,-0.1252891951030267,-0.22640660723669356
1.491,-0.012879609544469872,0.19194603434178248,0.1827589392959439,1.813029389067439e-05,0.32665870920162793,-0.06923225069691843
1.492,-0.012879609544469872,0.19194603434178248,0.1827589392959439,-0.0001136657455729491,0.3252431416056833,0.1790461698461909
1.493,-0.012879609544469872,0.19194603434178248,0.1827589392959439,-0.00017456342246268192,-0.12366533946915992,0.17722228876201263
1.494,-0.012879609544469872,-0.8080539656582175,0.1827589392959439,8.930687704968458e-05,-0.3982742555253085,-0.06694126403990547
1.495,-0.012879609544469872,0.19194603434178248,-0.8172410607040561,0.00035595232022923715,-0.12245712956561071,-0.21471600095342527
1.496,-0.012879609544469872,0.19194603434178248,0.1827589392959439,0.00012953726607613513,0.31895742492482315,-0.06579452864753317
1.497,-0.012879609544469872,0.19194603434178248,0.1827589392959439,-0.000386254659208208,0.3172522507624203,0.17066814368928304
1.498,-0.012879609544469872,0.19194603434178248,0.1827589392959439,-0.00042960866252410464,-0.12052790216789376,0.16938783627580786
1.499,-0.012879609544469872,-0.8080539656582175,0.1827589392959439,0.0001783990715749046,-0.3878245686190768,-0.06420958797626362
1.5,-0.012879609544469872,0.19194603434178248,0.1827589392959439,0.000621210731311801,-0.1191478613037198,-0.20656248375877592
1.501,-0.012879609544469872,0.19194603434178248,0.1827589392959439,0.00020410624250930592,0.3101673745520206,-0.06349469056185601
1.502,-0.012879609544469872,0.19194603434178248,0.1827589392959439,-0.0005570932440122127,0.3083284020012722,0.16539644217300029
1.503,-0.012879609544469872,0.19194603434178248,0.1827589392959439,-0.0005789250305411986,-0.11709587140101789,0.1647648126184009
1.504,-0.012879609544469872,-0.8080539656582175,0.1827589392959439,0.00022580551327948915,-0.376616823453867,-0.0627409500066361
1.505,-0.012879609544469872,0.19194603434178248,0.1827589392959439,0.0007487216106200065,-0.11566553202643058,-0.20260337629130465
1.506,-0.012879609544469872,0.19194603434178248,0.1827589392959439,0.0002354830805780746,0.30108347929363666,-0.06252225463351216
1.507,-0.012879609544469872,0.19194603434178248,0.1827589392959439,-0.0006141584306811438,0.29926986328863314,0.16365088768883929
1.508,-0.012879609544469872,0.19194603434178248,0.1827589392959439,-0.0006144102619256936,-0.11367064993970175,0.16372354024615265
1.509,-0.012879609544469872,-0.8080539656582175,0.1827589392959439,0.00023016974964854787,-0.3656254471406352,-0.06264678853338221
1.51,-0.012879609544469872,0.19194603434178248,-0.8172410607040561,0.0007384940611751467,-0.11230973756331487,-0.20314332940522892
1.511,-0.012879609544469872,0.19194603434178248,0.1827589392959439,0.00022498805212369747,0.29247046312809893,-0.06295284470538856
1.512,-0.012879609544469872,0.19194603434178248,0.1827589392959439,-0.000565132927147474,0.29082799452914043,0.16554944906293817
1.513,-0.012879609544469872,0.19194603434178248,0.1827589392959439,-0.0005471292141603296,-0.11052941241007436,0.16632351422981956
1.514,-0.012879609544469872,-0.8080539656582175,0.1827589392959439,0.00019719625979051428,-0.35572700392280526,-0.06392023379369285
1.515,-0.012879609544469872,0.19194603434178248,0.1827589392959439,0.000612475397928688,-0.10934387350716905,-0.20809228953451123
1.516,-0.012879609544469872,0.19194603434178248,0.1827589392959439,0.0001804138927638013,0.28498452221873277,-0.06473658253254301
1.517,-0.012879609544469872,0.19194603434178248,0.1827589392959439,-0.0004336092959150151,0.2836316124179104,0.17088837882306707
1.518,-0.012879609544469872,0.19194603434178248,0.1827589392959439,-0.0004030567029843219,-0.10789821796067492,0.17229927567833334
1.519,-0.012879609544469872,-0.8080539656582175,0.1827589392959439,0.00013780811150424784,-0.3476164282154512,-0.0664344722816653
1.52,-0.012879609544469872,0.19194603434178248,0.1827589392959439,0.000408176964163703,-0.10697036944300038,-0.21696636990066126
1.521,-0.012879609544469872,0.19194603434178248,0.1827589392959439,0.00011394362206408493,0.2791144718101216,-0.06770053487473246
1.522,-0.012879609544469872,0.19194603434178248,0.1827589392959439,-0.0002532160267494846,0.2781322128755501,0.17915757749703076
1.523,-0.012879609544469872,0.19194603434178248,0.1827589392959439,-0.0002169588538717435,-0.10593345887200557,0.18108248785592126
1.524,-0.012879609544469872,0.19194603434178248,0.1827589392959439,6.569092565834791e-05,-0.3417517579212285,-0.06995410168277195
1.525,-0.012879609544469872,0.19194603434178248,-0.8172410607040561,0.0001705817547634981,-0.10531518810925576,-0.2289327432513041
1.526,-0.012879609544469872,0.19194603434178248,0.1827589392959439,3.9619205289445336e-05,0.2751474957949135,-0.07156533944914696
1.527,-0.012879609544469872,0.19194603434178248,0.1827589392959439,-6.084428397351624e-05,0.27457456521065526,0.18959021525789038
1.528,-0.012879609544469872,0.19194603434178248,0.1827589392959439,-2.56042917399842e-05,-0.10471295194510237,0.1918584370715513
1.529,-0.012879609544469872,-0.8080539656582175,0.1827589392959439,-5.310258647193139e-06,-0.3383309900167813,-0.07415840481509327
1.53,-0.012879609544469872,0.19194603434178248,-0.8172410607040561,-5.61699276690168e-05,-0.10442250944824347,-0.2428940979966563
1.531,-0.012879609544469872,0.19194603434178248,0.1827589392959439,-2.9182969034985446e-05,0.2731608588268013,-0.07597426902500591
1.532,-0.012879609544469872,0.19194603434178248,0.1827589392959439,0.00010982893894427566,0.27299338973466686,0.20124132007072262
1.533,-0.012879609544469872,0.19194603434178248,0.1827589392959439,0.00013852413544555137,-0.10423657867248516,0.20365074826605772
1.534,-0.012879609544469872,-0.8080539656582175,0.1827589392959439,-6.350102191107764e-05,-0.33730008867861583,-0.07867401258553781
1.535,-0.012879609544469872,0.19194603434178248,-0.8172410607040561,-0.00023594475056818828,-0.10425908326158435,-0.2576031361807219
1.536,-0.012879609544469872,0.19194603434178248,0.1827589392959439,-8.18632919941581e-05,0.27303741332195364,-0.08053133660938976
1.537,-0.012879609544469872,0.19194603434178248,0.1827589392959439,0.0002335006352794739,0.2732333538579585,0.21308636576014164
1.538,-0.012879609544469872,0.19194603434178248,0.1827589392959439,0.00025205112985531817,-0.10443516595183902,0.21542445065009913
1.539,-0.012879609544469872,-0.8080539656582175,0.1827589392959439,-0.00010100879203217432,-0.3383872604819001,-0.08311327843797321
1.54,-0.012879609544469872,0.19194603434178248,0.1827589392959439,-0.0003455896477917771,-0.10472653105376012,-0.27179374205888285
1.541,-0.012879609544469872,0.19194603434178248,0.1827589392959439,-0.00011199950939357468,0.2744999460351948,-0.08484383762711432
1.542,-0.012879609544469872,0.19194603434178248,0.1827589392959439,0.00029638566872299216,0.2749869567783444,0.2241283663934649
1.543,-0.012879609544469872,0.19194603434178248,0.1827589392959439,0.00030343770661382137,-0.10518543137066892,0.22619516452450383
1.544,-0.012879609544469872,-0.8080539656582175,0.1827589392959439,-0.00011461072855519309,-0.34115588319675333,-0.087113998769373
1.545,-0.012879609544469872,0.19194603434178248,-0.8172410607040561,-0.00037713964983328784,-0.10567906407140303,-0.28431334524953655
1.546,-0.012879609544469872,0.19194603434178248,0.1827589392959439,-0.00011788559716719006,0.27715769289058423,-0.08856414245756523
1.547,-0.012879609544469872,0.19194603434178248,0.1827589392959439,0.00029704937574960734,0.2778433271919711,0.23350094581451497
1.548,-0.012879609544469872,0.19194603434178248,0.1827589392959439,0.0002933982886332948,-0.1063283817604301,0.23513143357428293
1.549,-0.012879609544469872,-0.8080539656582175,0.1827589392959439,-0.00010567459123906872,-0.34506720159714155,-0.09037597100638893
1.55,-0.012879609544469872,0.19194603434178248,-0.8172410607040561,-0.000337200537779229,-0.10694373934940468,-0.2942409242084754
1.551,-0.012879609544469872,0.19194603434178248,0.1827589392959439,-0.00010221454433376874,0.28055782863033263,-0.09142567723264625
1.552,-0.012879609544469872,0.19194603434178248,0.1827589392959439,0.0002450465533239228,0.2813406260307608,0.24055543337407023
1.553,-0.012879609544469872,0.19194603434178248,0.1827589392959439,0.00023319203062898672,-0.10768855580668149,0.24163819124581662
1.554,-0.012879609544469872,-0.8080539656582175,0.1827589392959439,-7.932152965613259e-05,-0.3495440867049509,-0.09269029564546713
1.555,-0.012879609544469872,0.19194603434178248,-0.8172410607040561,-0.00024392221022192576,-0.10834049358532548,-0.3009770374340545
1.556,-0.012879609544469872,0.19194603434178248,0.1827589392959439,-7.105168734022346e-05,0.28423532262339996,-0.09326883993989712
1.557,-0.012879609544469872,0.19194603434178248,0.1827589392959439,0.00015783899110048729,0.2850155123763385,0.24492214251622055
1.558,-0.012879609544469872,0.19194603434178248,0.1827589392959439,0.0001413101753315964,-0.1090918731311568,0.2454118740863589
1.559,-0.012879609544469872,-0.8080539656582175,0.1827589392959439,-4.303975574187995e-05,-0.354028555864948,-0.0939582391298119
1.56,-0.012879609544469872,0.19194603434178248,0.1827589392959439,-0.00012234087878788542,-0.10969969530400524,-0.30429594079548705
1.561,-0.012879609544469872,0.19194603434178248,0.1827589392959439,-3.234910727069174e-05,0.28775598451972706,-0.09405396923630509
1.562,-0.012879609544469872,0.19194603434178248,0.1827589392959439,5.670656653923901e-05,0.2884447128057261,0.24653931230038484
1.563,-0.012879609544469872,0.19194603434178248,0.1827589392959439,3.9299373331226865e-05,-0.11038047288524659,0.2464614085003011
1.564,-0.012879609544469872,0.19194603434178248,0.1827589392959439,-5.048426521593437e-06,-0.3580279588952126,-0.09419775603373474
1.565,-0.012879609544469872,0.19194603434178248,-0.8172410607040561,9.329401298034726e-07,-0.11087570415015931,-0.30435472222519405
1.566,-0.012879609544469872,0.19194603434178248,0.1827589392959439,5.695587477287918e-06,0.29074943591221497,-0.09386021069086894
1.567,-0.012879609544469872,0.19194603434178248,0.1827589392959439,-3.753262543028437e-05,0.29127574895395414,0.24564726623018135
1.568,-0.012879609544469872,0.19194603434178248,0.1827589392959439,-5.246493848907628e-05,-0.11142364908443256,0.2450936685599435
1.569,-0.012879609544469872,-0.8080539656582175,0.1827589392959439,2.7275794778159964e-05,-0.361147257669585,-0.09353725177444408
1.57,-0.012879609544469872,0.19194603434178248,-0.8172410607040561,0.00010268763795533858,-0.11175576206569843,-0.30165977675169836
1.571,-0.012879609544469872,0.19194603434178248,0.1827589392959439,3.613556956544863e-05,0.29293073903920214,-0.09287095678008399
1.572,-0.012879609544469872,0.19194603434178248,0.1827589392959439,-0.00010822458473855184,0.29324591981398085,0.24274961008848678
1.573,-0.012879609544469872,0.19194603434178248,0.1827589392959439,-0.00011831138774007403,-0.11212467695611553,0.24186642018191998
1.574,-0.012879609544469872,-0.8080539656582175,0.1827589392959439,4.8638584349380615e-05,-0.36310718660168617,-0.09219766022107598
1.575,-0.012879609544469872,0.19194603434178248,0.1827589392959439,0.00016690651343089944,-0.11226431027396298,-0.29699611965003203
1.576,-0.012879609544469872,0.19194603434178248,0.1827589392959439,5.437917743775591e-05,0.29411113881347395,-0.09134821144918961
1.577,-0.012879609544469872,0.19194603434178248,0.1827589392959439,-0.0001454101150339658,0.2941903533892857,0.23854718392791288
1.578,-0.012879609544469872,0.19194603434178248,0.1827589392959439,-0.0001495595325075834,-0.11242386415436469,0.2375156323338134
1.579,-0.012879609544469872,-0.8080539656582175,0.1827589392959439,5.654801479461066e-05,-0.3637499054298734,-0.09046522846579871
1.58,-0.012879609544469872,0.19194603434178248,-0.8172410607040561,0.00018683355437969844,-0.11236340751529676,-0.29132931239339893
1.581,-0.012879609544469872,0.19194603434178248,0.1827589392959439,5.8746621718519714e-05,0.2941995839737788,-0.08959951750411171
1.582,-0.012879609544469872,0.19194603434178248,0.1827589392959439,-0.0001468520503201654,0.2940410992462895,0.2338535074801763
1.583,-0.012879609544469872,0.19194603434178248,0.1827589392959439,-0.00014527909012596008,-0.11229849008193679,0.23286684977356403
1.584,-0.012879609544469872,-0.8080539656582175,0.1827589392959439,5.1438501005109806e-05,-0.3630348297094424,-0.08865838728215193
1.585,-0.012879609544469872,0.19194603434178248,-0.8172410607040561,0.00016511322205339435,-0.1120502503335699,-0.28569262509503124
1.586,-0.012879609544469872,0.19194603434178248,0.1827589392959439,5.043387715494925e-05,0.2931972807490741,-0.08794182139278796
1.587,-0.012879609544469872,0.19194603434178248,0.1827589392959439,-0.00011752506895579515,0.2928197370134792,0.2295022561985158
1.588,-0.012879609544469872,0.19194603434178248,0.1827589392959439,-0.00011153697521301135,-0.11176040663179473,0.22874175394986349
1.589,-0.012879609544469872,-0.8080539656582175,0.1827589392959439,3.6236291110653714e-05,-0.36102761707686315,-0.08709263243661766
1.59,-0.012879609544469872,0.19194603434178248,-0.8172410607040561,0.00011217030563055987,-0.11135285662577074,-0.28107317125919556
1.591,-0.012879609544469872,0.19194603434178248,0.1827589392959439,3.294815194451724e-05,0.291187535234947,-0.08666675963206769
1.592,-0.012879609544469872,0.19194603434178248,0.1827589392959439,-6.781340506341004e-05,0.2906258796196656,0.2262577029201898
1.593,-0.012879609544469872,0.19194603434178248,0.1827589392959439,-5.9417686208752056e-05,-0.1108520034786951,0.22587096906699827
1.594,-0.012879609544469872,-0.8080539656582175,0.1827589392959439,1.5501934182782535e-05,-0.35788493330585824,-0.0860474011511489
1.595,-0.012879609544469872,0.19194603434178248,-0.8172410607040561,4.3298876500262694e-05,-0.11032481523205735,-0.27831007220992726
1.596,-0.012879609544469872,0.19194603434178248,0.1827589392959439,1.1168811959487024e-05,0.28832271335873544,-0.08601135546657698
1.597,-0.012879609544469872,0.19194603434178248,0.1827589392959439,-1.0874657895695771e-05,0.2876234251537285,0.22473808201737067
1.598,-0.012879609544469872,0.19194603434178248,0.1827589392959439,-2.3002623903321805e-06,-0.10964106294925072,0.22482269652924933
1.599,-0.012879609544469872,-0.8080539656582175,0.1827589392959439,-5.6493913953994945e-06,-0.3538368736567742,-0.08573851494761135
1.6,-0.012879609544469872,0.19194603434178248,0.1827589392959439,-2.4875729856538763e-05,-0.10903971258906091,-0.2780154356447643
1.601,-0.012879609544469872,0.19194603434178248,0.1827589392959439,-9.757234750125312e-06,0.2848095143261956,-0.08613712337060854
1.602,-0.012879609544469872,0.19194603434178248,0.1827589392959439,4.0258551201811414e-05,0.2840256960402326,0.22535968724802918
1.603,-0.012879609544469872,0.19194603434178248,0.1827589392959439,4.702961568289951e-05,-0.10821482845164285,0.22595417214715652
1.604,-0.012879609544469872,-0.8080539656582175,0.1827589392959439,-2.2625049072684102e-05,-0.3491680730182487,-0.08629894796676219
1.605,-0.012879609544469872,0.19194603434178248,0.1827589392959439,-7.783829215123819e-05,-0.10758552502459218,-0.2805254687605252
1.606,-0.012879609544469872,0.19194603434178248,0.1827589392959439,-2.5463381091881183e-05,0.28089315064218157,-0.08711926975081731
1.607,-0.012879609544469872,0.19194603434178248,0.1827589392959439,7.526653523022938e-05,0.2800799441561698,0.22830655343920037
1.608,-0.012879609544469872,0.19194603434178248,0.1827589392959439,7.887087037636692e-05,-0.10667346243916193,0.2293896631929701
1.609,-0.012879609544469872,0.19194603434178248,0.1827589392959439,-3.222427684531558e-05,-0.34419787880378644,-0.08776958699550597
1.61,-0.012879609544469872,0.19194603434178248,-0.8172410607040561,-0.00010588192261781377,-0.10605900752469438,-0.2858849307994754
1.611,-0.012879609544469872,0.19194603434178248,0.1827589392959439,-3.3160254923202855e-05,0.2768406460037824,-0.08894626290565417
1.612,-0.012879609544469872,0.19194603434178248,0.1827589392959439,8.8352079086434e-05,0.27605129060108874,0.2335272326743854
1.613,-0.012879609544469872,0.19194603434178248,0.1827589392959439,8.825907724085977e-05,-0.10512302395910661,0.23502524856630122
1.614,-0.012879609544469872,-0.8080539656582175,0.1827589392959439,-3.3150249286068235e-05,-0.33925967132198903,-0.09010042181322014
1.615,-0.012879609544469872,0.19194603434178248,-0.8172410607040561,-0.00010560750402198492,-0.10455998363428552,-0.2938639510120409
1.616,-0.012879609544469872,0.19194603434178248,0.1827589392959439,-3.204956011604354e-05,0.2729234048536836,-0.09152873544831673
1.617,-0.012879609544469872,0.19194603434178248,0.1827589392959439,7.898738371842804e-05,0.2722061111531062,0.2407569124594804
1.618,-0.012879609544469872,0.19194603434178248,0.1827589392959439,7.552947502272401e-05,-0.10366816354251003,0.24255743457520415
1.619,-0.012879609544469872,-0.8080539656582175,0.1827589392959439,-2.609524425679384e-05,-0.3346795576013004,-0.09316139569721121
1.62,-0.012879609544469872,0.19194603434178248,-0.8172410607040561,-8.003121878448516e-05,-0.10318547106087249,-0.30400254447828906
1.621,-0.012879609544469872,0.19194603434178248,0.1827589392959439,-2.3305010034467233e-05,0.2693994697362112,-0.09471565497230143
1.622,-0.012879609544469872,0.19194603434178248,0.1827589392959439,5.153858778593256e-05,0.2687951627519204,0.24956034365436047
1.623,-0.012879609544469872,0.19194603434178248,0.1827589392959439,4.5767503475273826e-05,-0.10240488740387937,0.2515301480200451
1.624,-0.012879609544469872,-0.8080539656582175,0.1827589392959439,-1.3416661513037153e-05,-0.33075516071023114,-0.09676109780139969
1.625,-0.012879609544469872,0.19194603434178248,-0.8172410607040561,-3.738822410095746e-05,-0.10202374187205905,-0.31567538269475
1.626,-0.012879609544469872,0.19194603434178248,0.1827589392959439,-9.65694910386387e-06,0.2664963585164419,-0.09831507021708419
1.627,-0.012879609544469872,0.19194603434178248,0.1827589392959439,1.3928727245862179e-05,0.26603725737844175,0.25938905671754847
1.628,-0.012879609544469872,0.19194603434178248,0.1827589392959439,7.33953525975242e-06,-0.10141392606886077,0.2613930793798034
1.629,-0.012879609544469872,-0.8080539656582175,0.1827589392959439,1.5002427124427723e-06,-0.32773588960493677,-0.10067070507025869
1.63,-0.012879609544469872,0.19194603434178248,-0.8172410607040561,1.1033161309501451e-05,-0.10114865394899981,-0.3281677829688294
1.631,-0.012879609544469872,0.19194603434178248,0.1827589392959439,5.3085909724836805e-06,0.26439588463596536,-0.1021165524267449
1.632,-0.012879609544469872,0.19194603434178248,0.1827589392959439,-2.4324110062478638e-05,0.26410483890508735,0.26964531902106215
1.633,-0.012879609544469872,0.19194603434178248,0.1827589392959439,-3.0137633005058767e-05,-0.10075538211489245,0.27156382251922784
1.634,-0.012879609544469872,-0.8080539656582175,0.1827589392959439,1.5042368723592069e-05,-0.3258066544078028,-0.1046501547001204
1.635,-0.012879609544469872,0.19194603434178248,-0.8172410607040561,5.352530617588411e-05,-0.10061481719010323,-0.34075354519259393
1.636,-0.012879609544469872,0.19194603434178248,0.1827589392959439,1.797701981735711e-05,0.26322270629020317,-0.10591267250971348
1.637,-0.012879609544469872,0.19194603434178248,0.1827589392959439,-5.4256280948173095e-05,0.26311319294097146,0.27974525196689215
1.638,-0.012879609544469872,0.19194603434178248,0.1827589392959439,-5.794285052574573e-05,-0.10046535948677059,0.28148671424219524
1.639,-0.012879609544469872,0.19194603434178248,0.1827589392959439,2.41588250107524e-05,-0.3250772414110249,-0.10847347625513262
1.64,-0.012879609544469872,0.19194603434178248,0.1827589392959439,8.050121628771793e-05,-0.10045428739335636,-0.35276608086783123
1.641,-0.012879609544469872,0.19194603434178248,0.1827589392959439,2.5483900318827245e-05,0.2630383492177072,-0.10951739003345463
1.642,-0.012879609544469872,0.19194603434178248,0.1827589392959439,-6.934872228362477e-05,0.2631150372283182,0.28917437975043453
1.643,-0.012879609544469872,0.19194603434178248,0.1827589392959439,-7.007069237559452e-05,-0.10055514756121307,0.29068252553331314
1.644,-0.012879609544469872,-0.8080539656582175,0.1827589392959439,2.698109831555418e-05,-0.3255793016720601,-0.11195051689919501
1.645,-0.012879609544469872,0.19194603434178248,-0.8172410607040561,8.643078780690841e-05,-0.10067544642476614,-0.3636559980902121
1.646,-0.012879609544469872,0.19194603434178248,0.1827589392959439,2.6290107715888157e-05,0.2638420031960113,-0.11277994760342155
1.647,-0.012879609544469872,0.19194603434178248,0.1827589392959439,-6.6788607099394e-05,0.2641017985669948,0.2975304145321703
1.648,-0.012879609544469872,0.19194603434178248,0.1827589392959439,-6.437402609310962e-05,-0.10101323822215821,0.2987849185765135
1.649,-0.012879609544469872,-0.8080539656582175,0.1827589392959439,2.3156861995457316e-05,-0.327272076746787,-0.11494289510790641
1.65,-0.012879609544469872,0.19194603434178248,-0.8172410607040561,7.081270368226895e-05,-0.101264501054155,-0.3730305899973017
1.651,-0.012879609544469872,0.19194603434178248,0.1827589392959439,2.0447104088467174e-05,0.26557851255358533,-0.11559362108705244
1.652,-0.012879609544469872,0.19194603434178248,0.1827589392959439,-4.787967660540081e-05,0.2660119915295913,0.3045500274517142
1.653,-0.012879609544469872,0.19194603434178248,0.1827589392959439,-4.2831997203771615e-05,-0.1018100275474096,0.305561551015708
1.654,-0.012879609544469872,-0.8080539656582175,0.1827589392959439,1.3845051371535674e-05,-0.33005666946884404,-0.11737282859526835
1.655,-0.012879609544469872,0.19194603434178248,-0.8172410607040561,3.803396609828838e-05,-0.10218963470285974,-0.3806731596920996
1.656,-0.012879609544469872,0.19194603434178248,0.1827589392959439,9.513410423901554e-06,0.26815278993493946,-0.11789934712881742
1.657,-0.012879609544469872,0.19194603434178248,0.1827589392959439,-1.7561406426858036e-05,0.2687459040944281,0.3101184283314849
1.658,-0.012879609544469872,0.19194603434178248,0.1827589392959439,-1.0932320411608453e-05,-0.10290456773404805,0.31091959611213726
1.659,-0.012879609544469872,-0.8080539656582175,0.1827589392959439,1.3910879208323542e-06,-0.3337970890488661,-0.11922439410773802
1.66,-0.012879609544469872,0.19194603434178248,-0.8172410607040561,-3.7990874545090695e-06,-0.1034073437468926,-0.3865424714779154
1.661,-0.012879609544469872,0.19194603434178248,0.1827589392959439,-3.844515088544374e-06,0.2714486014271946,-0.11968474827242179
1.662,-0.012879609544469872,0.19194603434178248,0.1827589392959439,1.682053578569554e-05,0.2721844955600287,0.31426252267773463
1.663,-0.012879609544469872,0.19194603434178248,0.1827589392959439,2.366349313408531e-05,-0.10425228760480042,0.3148970352872294
1.664,-0.012879609544469872,-0.8080539656582175,0.1827589392959439,-1.123480191388047e-05,-0.33834477917111927,-0.12053767894869057
1.665,-0.012879609544469872,0.19194603434178248,-0.8172410607040561,-4.4769667672537244e-05,-0.10486998622285214,-0.39075459347415503
1.666,-0.012879609544469872,0.19194603434178248,0.1827589392959439,-1.6471252664273634e-05,0.2753485766926495,-0.12097936757985957
1.667,-0.012879609544469872,0.19194603434178248,0.1827589392959439,4.720431358929854e-05,0.2762093087506329,0.3171300340512256
1.668,-0.012879609544469872,0.19194603434178248,0.1827589392959439,5.286489616174727e-05,-0.10581229529222397,0.31764223985960965
1.669,-0.012879609544469872,0.19194603434178248,0.1827589392959439,-2.1108698783508093e-05,-0.3435622307705939,-0.12139707388755841
1.67,-0.012879609544469872,0.19194603434178248,-0.8172410607040561,-7.537229223908284e-05,-0.10653318430654007,-0.39355083928642554
1.671,-0.012879609544469872,0.19194603434178248,0.1827589392959439,-2.5424529443202298e-05,0.2797516647199768,-0.12184702484398674
1.672,-0.012879609544469872,0.19194603434178248,0.1827589392959439,6.65923043852885e-05,0.2807195740864472,0.31895814903664177
1.673,-0.012879609544469872,0.19194603434178248,0.1827589392959439,6.992860200752902e-05,-0.10755280166064835,0.3193850584170471
1.674,-0.012879609544469872,-0.8080539656582175,0.1827589392959439,-2.598909761131977e-05,-0.3493409009663782,-0.12191555121111051
1.675,-0.012879609544469872,0.19194603434178248,-0.8172410607040561,-8.857323603776244e-05,-0.10836156094330562,-0.3952563794145332
1.676,-0.012879609544469872,0.19194603434178248,0.1827589392959439,-2.8611666033245263e-05,0.2845842953840523,-0.1223761712892123
1.677,-0.012879609544469872,0.19194603434178248,0.1827589392959439,7.054754062941872e-05,0.28564275269862194,0.320035913387324
1.678,-0.012879609544469872,0.19194603434178248,0.1827589392959439,7.089540445374959e-05,-0.10945340743547424,0.32040291157524053
1.679,-0.012879609544469872,-0.8080539656582175,0.1827589392959439,-2.478648005712597e-05,-0.3556092029893909,-0.12221711420923853
1.68,-0.012879609544469872,0.19194603434178248,-0.8172410607040561,-8.128567353101204e-05,-0.11033142787940119,-0.39623441619935107
1.681,-0.012879609544469872,0.19194603434178248,0.1827589392959439,-2.5229854613693888e-05,0.28980231370815485,-0.12266902566718049
1.682,-0.012879609544469872,0.19194603434178248,0.1827589392959439,5.8103490203653646e-05,0.29093562247107707,0.3206647994668062
1.683,-0.012879609544469872,0.19194603434178248,0.1827589392959439,5.539859007244806e-05,-0.1115034786431428,0.3209853632231481
1.684,-0.012879609544469872,-0.8080539656582175,0.1827589392959439,-1.7773901093452968e-05,-0.3623278238215861,-0.122419671281365
1.685,-0.012879609544469872,0.19194603434178248,-0.8172410607040561,-5.496971569317992e-05,-0.11242949374781624,-0.3968406949127199
1.686,-0.012879609544469872,0.19194603434178248,0.1827589392959439,-1.5923836468795375e-05,0.2953822724918612,-0.12283019615229461
1.687,-0.012879609544469872,0.19194603434178248,0.1827589392959439,3.191491113938762e-05,0.29657459217198917,0.3211216408121089
1.688,-0.012879609544469872,0.19194603434178248,0.1827589392959439,2.6692928984939665e-05,-0.11369653468119378,0.3214003973612392
1.689,-0.012879609544469872,-0.8080539656582175,0.1827589392959439,-6.502619759577733e-06,-0.36947189563709815,-0.12262038755851933
1.69,-0.012879609544469872,0.19194603434178248,-0.8172410607040561,-1.5256184704409427e-05,-0.11464737795023018,-0.3973826738157065
1.691,-0.012879609544469872,0.19194603434178248,0.1827589392959439,-2.634848925784312e-06,0.30130269048576575,-0.12295548004270598
1.692,-0.012879609544469872,0.19194603434178248,0.1827589392959439,-2.361221582564312e-06,0.30253601264919655,0.3216275767851393
1.693,-0.012879609544469872,0.19194603434178248,0.1827589392959439,-9.082372610313998e-06,-0.11602138128097807,0.321865274075772
1.694,-0.012879609544469872,-0.8080539656582175,0.1827589392959439,6.5512679118564405e-06,-0.3770022412412947,-0.12288513765956922
1.695,-0.012879609544469872,0.19194603434178248,-0.8172410607040561,2.930349636812248e-05,-0.11697258750894457,-0.39808700163053246
1.696,-0.012879609544469872,0.19194603434178248,0.1827589392959439,1.1821294246902415e-05,0.30751807039895296,-0.12312159934250773
1.697,-0.012879609544469872,0.19194603434178248,0.1827589392959439,-3.730703157502934e-05,0.30876948730003745,0.3223258591280835
1.698,-0.012879609544469872,0.19194603434178248,0.1827589392959439,-4.423631351203e-05,-0.11845149305518758,0.32252441723450936
1.699,-0.012879609544469872,-0.8080539656582175,0.1827589392959439,1.8528535278576857e-05,-0.3848305504460624,-0.12324308707698146
1.7,-0.012879609544469872,0.19194603434178248,-0.8172410607040561,6.908191139584746e-05,-0.11937748223950248,-0.39907812323013264
1.701,-0.012879609544469872,0.19194603434178248,0.1827589392959439,2.435440267018424e-05,0.31393041308180764,-0.1233777446034602
1.702,-0.012879609544469872,0.19194603434178248,0.1827589392959439,-6.533543159206894e-05,0.315169140044752,0.3232704222171779
1.703,-0.012879609544469872,0.19194603434178248,0.1827589392959439,-7.116562078261829e-05,-0.12093473442968601,0.32343630141996893
1.704,-0.012879609544469872,-0.8080539656582175,0.1827589392959439,2.6799586073339106e-05,-0.39278539513419397,-0.12368674470638491
1.705,-0.012879609544469872,0.19194603434178248,-0.8172410607040561,9.541988801167968e-05,-0.12180844181396491,-0.4003698864057621
1.706,-0.012879609544469872,0.19194603434178248,0.1827589392959439,3.225115959550374e-05,0.3203642506794847,-0.12373989628215502
1.707,-0.012879609544469872,0.19194603434178248,0.1827589392959439,-8.029480257442208e-05,0.3215490549367194,0.3244260732851916
1.708,-0.012879609544469872,0.19194603434178248,0.1827589392959439,-8.395586308901488e-05,-0.1233857701742268,0.3245707182856243
1.709,-0.012879609544469872,-0.8080539656582175,0.1827589392959439,2.9519335480864697e-05,-0.4005869798412247,-0.12417713956257911
1.71,-0.012879609544469872,0.19194603434178248,-0.8172410607040561,0.000102443310031192,-0.12417779424565065,-0.4018709585678696
1.711,-0.012879609544469872,0.19194603434178248,0.1827589392959439,3.374216949372707e-05,0.32655152169201274,-0.12418888866270092
1.712,-0.012879609544469872,0.19194603434178248,0.1827589392959439,-7.87541641400689e-05,0.32762932153367297,0.3256800683809486
1.713,-0.012879609544469872,0.19194603434178248,0.1827589392959439,-7.961391642395079e-05,-0.1256833705318611,0.3258170588216439
1.714,-0.012879609544469872,-0.8080539656582175,0.1827589392959439,2.601028169233133e-05,-0.4078381264679369,-0.12465316167315918
1.715,-0.012879609544469872,0.19194603434178248,-0.8172410607040561,8.828104598735333e-05,-0.1263609548536654,-0.4034036791419774
1.716,-0.012879609544469872,0.19194603434178248,0.1827589392959439,2.8369201317078055e-05,0.3321317449424298,-0.12467299840242058
1.717,-0.012879609544469872,0.19194603434178248,0.1827589392959439,-6.070891391575517e-05,0.3330381292641057,0.32686375123643835
1.718,-0.012879609544469872,0.19194603434178248,0.1827589392959439,-5.868353436996714e-05,-0.12767424091148177,0.32700330916035814
1.719,-0.012879609544469872,-0.8080539656582175,0.1827589392959439,1.689774898763417e-05,-0.4140371079190714,-0.12504363881388939
1.72,-0.012879609544469872,0.19194603434178248,-0.8172410607040561,5.544259546051537e-05,-0.12820061917834083,-0.4047346875692006
1.721,-0.012879609544469872,0.19194603434178248,0.1827589392959439,1.707981390446434e-05,0.3366709369661993,-0.12511543132130756
1.722,-0.012879609544469872,0.19194603434178248,0.1827589392959439,-2.957115759524966e-05,0.3373331874135544,0.3277819000024474
1.723,-0.012879609544469872,0.19194603434178248,0.1827589392959439,-2.51266081288726e-05,-0.1291840582744996,0.3279243307876963
1.724,-0.012879609544469872,-0.8080539656582175,0.1827589392959439,3.973813377160159e-06,-0.4186147453824684,-0.1252804453812264
1.725,-0.012879609544469872,0.19194603434178248,-0.8172410607040561,1.0290540723558483e-05,-0.12951880464487012,-0.4056143375858985
1.726,-0.012879609544469872,0.19194603434178248,0.1827589392959439,2.033360643792671e-06,0.3396997920597772,-0.12542645178152537
1.727,-0.012879609544469872,0.19194603434178248,0.1827589392959439,8.542354789978335e-06,0.340042664068211,0.3282465218769186
1.728,-0.012879609544469872,0.19194603434178248,0.1827589392959439,1.4495190142741771e-05,-0.13003520419733902,0.32837675615991163
1.729,-0.012879609544469872,-0.8080539656582175,0.1827589392959439,-1.0177471222543027e-05,-0.42099409830436246,-0.12531088051969677
1.73,-0.012879609544469872,0.19194603434178248,-0.8172410607040561,-3.827101247938078e-05,-0.13013618595201534,-0.40582065129598494
1.731,-0.012879609544469872,0.19194603434178248,0.1827589392959439,-1.38385699744415e-05,0.3407682307218233,-0.1255191147652717
1.732,-0.012879609544469872,0.19194603434178248,0.1827589392959439,4.6068431633368425e-05,0.3407222933770635,0.32811114771143535
1.733,-0.012879609544469872,0.19194603434178248,0.1827589392959439,5.236160005656469e-05,-0.13006943201183122,0.3281966254298944
1.734,-0.012879609544469872,-0.8080539656582175,0.1827589392959439,-2.2712745739330407e-05,-0.4206667418133961,-0.12510770605872312
1.735,-0.012879609544469872,0.19194603434178248,-0.8172410607040561,-8.061309167972171e-05,-0.12989673215013844,-0.4052025498779276
1.736,-0.012879609544469872,0.19194603434178248,0.1827589392959439,-2.7424925243353566e-05,0.3395100757078388,-0.12532674502138919
1.737,-0.012879609544469872,0.19194603434178248,0.1827589392959439,7.553701166768939e-05,0.339021883237499,0.32730131003672935
1.738,-0.012879609544469872,0.19194603434178248,0.1827589392959439,8.097758864951797e-05,-0.12917260364575048,0.32729492527673776
1.739,-0.012879609544469872,-0.8080539656582175,0.1827589392959439,-3.1108480279101504e-05,-0.41727578943551014,-0.12467557202827555
1.74,-0.012879609544469872,0.19194603434178248,-0.8172410607040561,-0.00010832677833394591,-0.1286943821978612,-0.4037165218014453
1.741,-0.012879609544469872,0.19194603434178248,0.1827589392959439,-3.60591066970625e-05,0.335708932979,-0.12481962338975272
1.742,-0.012879609544469872,0.19194603434178248,0.1827589392959439,9.10748584204317e-05,0.33475178899995855,0.32583693836333844
1.743,-0.012879609544469872,0.19194603434178248,0.1827589392959439,9.46750301503236e-05,-0.12729788467336933,0.3256856974171295
1.744,-0.012879609544469872,-0.8080539656582175,0.1827589392959439,-3.366787534983e-05,-0.4106932101910664,-0.12405302913550333
1.745,-0.012879609544469872,0.19194603434178248,-0.8172410607040561,-0.00011590012198756107,-0.12649763957883517,-0.4014509494115145
1.746,-0.012879609544469872,0.19194603434178248,0.1827589392959439,-3.804752726633965e-05,0.32935487497222327,-0.12401796004137772
1.747,-0.012879609544469872,0.19194603434178248,0.1827589392959439,8.956918999584634e-05,0.32793855480920886,0.32384295066091506
1.748,-0.012879609544469872,0.19194603434178248,0.1827589392959439,9.072972670285755e-05,-0.1244835544996285,0.3235015702132977
1.749,-0.012879609544469872,-0.8080539656582175,0.1827589392959439,-2.9853904363129557e-05,-0.40107819303256015,-0.1233098709292766
1.75,-0.012879609544469872,0.19194603434178248,-0.8172410607040561,-0.00010179219699240414,-0.12336772473388279,-0.3986331550644478
1.751,-0.012879609544469872,0.19194603434178248,0.1827589392959439,-3.2997579615856555e-05,0.320681624077001,-0.12299830291339897
1.752,-0.012879609544469872,0.19194603434178248,0.1827589392959439,7.126164625388613e-05,0.31885923804466876,0.32154538707621083
1.753,-0.012879609544469872,0.19194603434178248,0.1827589392959439,6.987445294237312e-05,-0.12086195991681671,0.3209925648512769
1.754,-0.012879609544469872,-0.8080539656582175,0.1827589392959439,-2.0384243878804087e-05,-0.38890465144686287,-0.12254009628511982
1.755,-0.012879609544469872,0.19194603434178248,-0.8172410607040561,-6.869763310142454e-05,-0.11946640585879974,-0.3956158966745508
1.756,-0.012879609544469872,0.19194603434178248,0.1827589392959439,-2.188202871803139e-05,0.31017575559208127,-0.12189112834140713
1.757,-0.012879609544469872,0.19194603434178248,0.1827589392959439,3.9662688904014056e-05,0.3080460420878824,0.3192519799873826
1.758,-0.012879609544469872,0.19194603434178248,0.1827589392959439,3.6114803492306855e-05,-0.11665710855196804,0.3185058499722234
1.759,-0.012879609544469872,-0.8080539656582175,0.1827589392959439,-7.073448013119557e-06,-0.3749494220373517,-0.12185127265674786
1.76,-0.012879609544469872,0.19194603434178248,-0.8172410607040561,-2.2962518744203085e-05,-0.11505082574068203,-0.3928424565302061
1.761,-0.012879609544469872,0.19194603434178248,0.1827589392959439,-6.83110131267663e-06,0.29855284228650775,-0.1208684792745552
1.762,-0.012879609544469872,0.19194603434178248,0.1827589392959439,8.160698710388873e-07,0.2962566079262355,0.3173179617642388
1.763,-0.012879609544469872,0.19194603434178248,0.1827589392959439,-4.102837536404482e-06,-0.11216985940766923,0.3164466282344316
1.764,-0.012879609544469872,-0.8080539656582175,0.1827589392959439,7.5408037420110945e-06,-0.3602379161791267,-0.12135146203692933
1.765,-0.012879609544469872,0.19194603434178248,-0.8172410607040561,2.671530951953572e-05,-0.11045442053477902,-0.3907923983174449
1.766,-0.012879609544469872,0.19194603434178248,0.1827589392959439,9.301403116076037e-06,0.28670003030984376,-0.12012203937670864
1.767,-0.012879609544469872,0.19194603434178248,0.1827589392959439,-3.7926383722491006e-05,0.2844101848480377,0.31609997766047726
1.768,-0.012879609544469872,0.19194603434178248,0.1827589392959439,-4.31921779475554e-05,-0.10775142839953479,0.3152232461859538
1.769,-0.012879609544469872,-0.8080539656582175,0.1827589392959439,2.070773889788866e-05,-0.3459502317231178,-0.1211351125328414
1.77,-0.012879609544469872,0.19194603434178248,-0.8172410607040561,7.102697781438631e-05,-0.10605513895027495,-0.389913154514104
1.771,-0.012879609544469872,0.19194603434178248,0.1827589392959439,2.3507001630946253e-05,0.27558962495496037,-0.11983374593342624
1.772,-0.012879609544469872,0.19194603434178248,0.1827589392959439,-6.936409021744079e-05,0.2734952117133618,0.3159029339839108
1.773,-0.012879609544469872,0.19194603434178248,0.1827589392959439,-7.392693700130381e-05,-0.10376773313017496,0.3151825122045597
1.774,-0.012879609544469872,-0.8080539656582175,0.1827589392959439,3.0004509181747892e-05,-0.3332970908472214,-0.12126940709257508
1.775,-0.012879609544469872,0.19194603434178248,-0.8172410607040561,0.00010187672357184808,-0.10223429212733559,-0.3905453968742889
1.776,-0.012879609544469872,0.19194603434178248,0.1827589392959439,3.3210059841566126e-05,0.26617309592647564,-0.12014266774797926
1.777,-0.012879609544469872,0.19194603434178248,0.1827589392959439,-8.784413051866316e-05,0.26445876055668965,0.3169261791803668
1.778,-0.012879609544469872,0.19194603434178248,0.1827589392959439,-9.083577328196527e-05,-0.1005586740485425,0.3165436057227139
1.779,-0.012879609544469872,-0.8080539656582175,0.1827589392959439,3.3799228650861916e-05,-0.3233804197017012,-0.12178250478729573
1.78,-0.012879609544469872,0.19194603434178248,-0.8172410607040561,0.00011392322912158409,-0.09933114251591671,-0.39285215691825026
1.781,-0.012879609544469872,0.19194603434178248,0.1827589392959439,3.675629407432136e-05,0.25926869150855525,-0.12111309780237452
1.782,-0.012879609544469872,0.19194603434178248,0.1827589392959439,-9.031744845590156e-05,0.2580919928588519,0.31921630889551655
1.783,-0.012879609544469872,0.19194603434178248,0.1827589392959439,-9.121630462246293e-05,-0.0983975280692742,0.31934039411516724
1.784,-0.012879609544469872,0.19194603434178248,0.1827589392959439,3.154559212072061e-05,-0.31705697918373216,-0.12265493190269765
1.785,-0.012879609544469872,0.19194603434178248,-0.8172410607040561,0.00010553759481321474,-0.09759945201400193,-0.3967624744571855
1.786,-0.012879609544469872,0.19194603434178248,0.1827589392959439,3.3707117032178823e-05,0.2554579001278867,-0.12270935626139212
1.787,-0.012879609544469872,0.19194603434178248,0.1827589392959439,-7.685294610456766e-05,0.25492756575530395,0.3226338870072465
1.788,-0.012879609544469872,0.19194603434178248,0.1827589392959439,-7.557567777953842e-05,-0.09745601596461555,0.3233820673928691
1.789,-0.012879609544469872,-0.8080539656582175,0.1827589392959439,2.3855020660065236e-05,-0.3148244835164059,-0.12381511147022199
1.79,-0.012879609544469872,0.19194603434178248,-0.8172410607040561,7.900246401988984e-05,-0.09717242115542273,-0.40193966789346774
1.791,-0.012879609544469872,0.19194603434178248,0.1827589392959439,2.4886038227949898e-05,0.2550058696470716,-0.1247824757775919
1.792,-0.012879609544469872,0.19194603434178248,0.1827589392959439,-5.052207971757811e-05,0.2551643752794528,0.326840368774056
1.793,-0.012879609544469872,0.19194603434178248,0.1827589392959439,-4.742557444873905e-05,-0.09778019221978325,0.3282405570072429
1.794,-0.012879609544469872,-0.8080539656582175,0.1827589392959439,1.2338656375787726e-05,-0.31674776095472723,-0.1251396939473187
1.795,-0.012879609544469872,0.19194603434178248,-0.8172410607040561,3.993437445429903e-05,-0.09804166159028374,-0.4077820504373969
1.796,-0.012879609544469872,0.19194603434178248,0.1827589392959439,1.2174649611999096e-05,0.25781846157039745,-0.12707268921398424
1.797,-0.012879609544469872,0.19194603434178248,0.1827589392959439,-1.6695853214860934e-05,0.2586320622148416,0.33130952146516146
1.798,-0.012879609544469872,0.19194603434178248,0.1827589392959439,-1.2491631944512345e-05,-0.09928110813236009,0.3332702585047265
1.799,-0.012879609544469872,-0.8080539656582175,0.1827589392959439,-7.418331608541454e-07,-0.32243782061073173,-0.12645899695028953
1.8,-0.012879609544469872,0.19194603434178248,-0.8172410607040561,-3.931424287752167e-06,-0.10005411207542543,-0.4134602146269285
1.801,-0.012879609544469872,0.19194603434178248,0.1827589392959439,-1.8936533983634732e-06,0.2634441091476185,-0.12922956040005376
1.802,-0.012879609544469872,0.19194603434178248,0.1827589392959439,1.8086549109835648e-05,0.2648026432598121,0.33536483327560757
1.803,-0.012879609544469872,0.19194603434178248,0.1827589392959439,2.2486216434850356e-05,-0.10174234894021389,0.33766141833327096
1.804,-0.012879609544469872,0.19194603434178248,0.1827589392959439,-1.2938313466586778e-05,-0.3310897467735614,-0.12756749775049023
1.805,-0.012879609544469872,0.19194603434178248,-0.8172410607040561,-4.432975693375779e-05,-0.10292835149416249,-0.41799027288415286
1.806,-0.012879609544469872,0.19194603434178248,0.1827589392959439,-1.4654469582455581e-05,0.271122635460158,-0.13084895102272792
1.807,-0.012879609544469872,0.19194603434178248,0.1827589392959439,4.743652230617339e-05,0.2728501315254766,0.3382410936199459
1.808,-0.012879609544469872,0.19194603434178248,0.1827589392959439,5.1108450646657475e-05,-0.10484428283751815,0.34052369657865733
1.809,-0.012879609544469872,-0.8080539656582175,0.1827589392959439,-2.2098067501069825e-05,-0.3415770919972455,-0.12823895831455429
1.81,-0.012879609544469872,0.19194603434178248,-0.8172410607040561,-7.409645124634853e-05,-0.106288930962658,-0.42033728078072924
1.811,-0.012879609544469872,0.19194603434178248,0.1827589392959439,-2.3839244559911205e-05,0.2798765076195508,-0.13152319034168306
1.812,-0.012879609544469872,0.19194603434178248,0.1827589392959439,6.635091522728776e-05,0.28175200814482615,0.3391649337509374
1.813,-0.012879609544469872,0.19194603434178248,0.1827589392959439,6.854807118152599e-05,-0.10820249737279596,0.34099157325145774
1.814,-0.012879609544469872,-0.8080539656582175,0.1827589392959439,-2.676618565555339e-05,-0.35259208515725854,-0.12824540136811796
1.815,-0.012879609544469872,0.19194603434178248,-0.8172410607040561,-8.851194365820393e-05,-0.10971457195045015,-0.4195382180325631
1.816,-0.012879609544469872,0.19194603434178248,0.1827589392959439,-2.8001687682672737e-05,0.2886336417329954,-0.13089827148169705
1.817,-0.012879609544469872,0.19194603434178248,0.1827589392959439,7.211769942694782e-05,0.2904199629952154,0.33744610531212876
1.818,-0.012879609544469872,0.19194603434178248,0.1827589392959439,7.241621821165546e-05,-0.11141578045702717,0.33833918907319416
1.819,-0.012879609544469872,-0.8080539656582175,0.1827589392959439,-2.643074983267123e-05,-0.36281379152070115,-0.12737879786665665
1.82,-0.012879609544469872,0.19194603434178248,-0.8172410607040561,-8.609739052493414e-05,-0.1127938035857917,-0.4148301182769617
1.821,-0.012879609544469872,0.19194603434178248,0.1827589392959439,-2.6760988727039543e-05,0.2963658152602252,-0.12873009936091837
1.822,-0.012879609544469872,0.19194603434178248,0.1827589392959439,6.472248213406998e-05,0.29784246439442924,0.3325691011796418
1.823,-0.012879609544469872,0.19194603434178248,0.1827589392959439,6.31001510401859e-05,-0.11411745206285143,0.33208961416181776
1.824,-0.012879609544469872,-0.8080539656582175,0.1827589392959439,-2.1567978309497627e-05,-0.3710815177575699,-0.1254739772129996
1.825,-0.012879609544469872,0.19194603434178248,-0.8172410607040561,-6.872366254438574e-05,-0.11518022599878219,-0.40576688323530274
1.826,-0.012879609544469872,0.19194603434178248,0.1827589392959439,-2.081914611711534e-05,0.3022238184163137,-0.12493113854548554
1.827,-0.012879609544469872,0.19194603434178248,0.1827589392959439,4.6693820420203116e-05,0.3032192709934773,0.3242737594429884
1.828,-0.012879609544469872,0.19194603434178248,0.1827589392959439,4.352581827737781e-05,-0.1160231217921236,0.3221029569539538
1.829,-0.012879609544469872,-0.8080539656582175,0.1827589392959439,-1.3486996687902042e-05,-0.3765490938578864,-0.12243094938767327
1.83,-0.012879609544469872,0.19194603434178248,-0.8172410607040561,-4.103916753344406e-05,-0.11663934827509018,-0.39230843976918545
1.831,-0.012879609544469872,0.19194603434178248,0.1827589392959439,-1.1757478924521942e-05,0.3056502220589012,-0.11959947520606629
1.832,-0.012879609544469872,0.19194603434178248,0.1827589392959439,2.244256519203018e-05,0.30606844753396634,0.31261396389883406
1.833,-0.012879609544469872,0.19194603434178248,0.1827589392959439,1.8417057493544553e-05,-0.11696817940232183,0.308629420985989
1.834,-0.012879609544469872,-0.8080539656582175,0.1827589392959439,-4.015005506107675e-06,-0.3787975759165515,-0.11823456688423897
1.835,-0.012879609544469872,0.19194603434178248,-0.8172410607040561,-9.362267480752999e-06,-0.11707994595103621,-0.3748683508499357
1.836,-0.012879609544469872,0.19194603434178248,0.1827589392959439,-1.6627708475297003e-06,0.30645320589452346,-0.11302432734286176
1.837,-0.012879609544469872,0.19194603434178248,0.1827589392959439,-2.7474229034759037e-06,0.3062898394560919,0.29798550032910504
1.838,-0.012879609544469872,0.19194603434178248,0.1827589392959439,-6.7752725595193534e-06,-0.11692952659826325,0.2923173067775805
1.839,-0.012879609544469872,-0.8080539656582175,0.1827589392959439,4.9051442239961995e-06,-0.37788925020087827,-0.11296930416428949
1.84,-0.012879609544469872,0.19194603434178248,-0.8172410607040561,1.9710679955857802e-05,-0.11656500497211757,-0.35431058103181595
1.841,-0.012879609544469872,0.19194603434178248,0.1827589392959439,7.3328690328888866e-06,0.3048300013424291,-0.10566519402727342
1.842,-0.012879609544469872,0.19194603434178248,0.1827589392959439,-2.3853634254858744e-05,0.30417489038064377,0.28111737810953147
1.843,-0.012879609544469872,0.19194603434178248,0.1827589392959439,-2.7038720256661466e-05,-0.11602809319243754,0.27417160439161053
1.844,-0.012879609544469872,-0.8080539656582175,0.1827589392959439,1.1617760193982398e-05,-0.3743538956442564,-0.10682695425022651
1.845,-0.012879609544469872,0.19194603434178248,-0.8172410607040561,4.0680825821259354e-05,-0.1153002721047679,-0.33189231466791314
1.846,-0.012879609544469872,0.19194603434178248,0.1827589392959439,1.3499155750061867e-05,0.30133548208207095,-0.09810570004091003
1.847,-0.012879609544469872,0.19194603434178248,0.1827589392959439,-3.713323240088323e-05,0.3003603308385922,0.2630251188650578
1.848,-0.012879609544469872,0.19194603434178248,0.1827589392959439,-3.881246996309844e-05,-0.11451128599673914,0.2554654864217576
1.849,-0.012879609544469872,-0.8080539656582175,0.1827589392959439,1.5073803552538417e-05,-0.36910794678670533,-0.1001052971673615
1.85,-0.012879609544469872,0.19194603434178248,-0.8172410607040561,5.021954595937976e-05,-0.1136017770818217,-0.3091567272640625
1.851,-0.012879609544469872,0.19194603434178248,0.1827589392959439,1.584849250332629e-05,0.2967992971934813,-0.09098718648402931
1.852,-0.012879609544469872,0.19194603434178248,0.1827589392959439,-4.081757044593244e-05,0.2957315099902769,0.24492913454115736
1.853,-0.012879609544469872,0.19194603434178248,0.1827589392959439,-4.064228209891005e-05,-0.1127173381958749,0.23761374138624233
1.854,-0.012879609544469872,-0.8080539656582175,0.1827589392959439,1.500425776481432e-05,-0.3633170737792861,-0.09319632985531213
1.855,-0.012879609544469872,0.19194603434178248,-0.8172410607040561,4.7726007549838376e-05,-0.11184691281271729,-0.2877864480300735
1.856,-0.012879609544469872,0.19194603434178248,0.1827589392959439,1.4302631368428477e-05,0.29220253438859195,-0.08493057508386355
1.857,-0.012879609544469872,0.19194603434178248,0.1827589392959439,-3.5350958756842674e-05,0.29128873889387086,0.2281457690096608
1.858,-0.012879609544469872,0.19194603434178248,0.1827589392959439,-3.335373930993433e-05,-0.11102615999665313,0.22202296754284107
1.859,-0.012879609544469872,-0.8080539656582175,0.1827589392959439,1.1917898514004129e-05,-0.3582212677689282,-0.08656347800076884
1.86,-0.012879609544469872,0.19194603434178248,0.1827589392959439,3.527352357903786e-05,-0.11041624455640309,-0.26943413149653145
1.861,-0.012879609544469872,0.19194603434178248,0.1827589392959439,9.656199846086637e-06,0.28853107625252666,-0.08045738868655995
1.862,-0.012879609544469872,0.19194603434178248,0.1827589392959439,-2.3142915600984268e-05,0.2879957818717584,0.21396226086511702
1.863,-0.012879609544469872,0.19194603434178248,0.1827589392959439,-1.9726608454465625e-05,-0.10980335062848846,0.20993725362630697
1.864,-0.012879609544469872,0.19194603434178248,0.1827589392959439,6.932375423011257e-06,-0.3549474523278114,-0.08070830848004383
1.865,-0.012879609544469872,0.19194603434178248,0.1827589392959439,1.6981642209645884e-05,-0.10963474277974995,-0.2555502118593408
1.866,-0.012879609544469872,0.19194603434178248,0.1827589392959439,3.352231465636899e-06,0.28662660400272705,-0.07792158313981343
1.867,-0.012879609544469872,0.19194603434178248,0.1827589392959439,-7.907637060094014e-06,0.28663264092650365,0.2035092843368115
1.868,-0.012879609544469872,0.19194603434178248,0.1827589392959439,-3.759878137018658e-06,-0.10934520005701033,0.20229942796544356
1.869,-0.012879609544469872,-0.8080539656582175,0.1827589392959439,1.4826844840240376e-06,-0.3543369667721999,-0.0761285449787598
1.87,-0.012879609544469872,0.19194603434178248,-0.8172410607040561,-2.027875289786433e-06,-0.10972133297099111,-0.2472289445480139
1.871,-0.012879609544469872,0.19194603434178248,0.1827589392959439,-2.8754316935849365e-06,0.2870569791534759,-0.0774628099528404
1.872,-0.012879609544469872,0.19194603434178248,0.1827589392959439,6.249918490195517e-06,0.28767450117886817,0.19764548299084828
1.873,-0.012879609544469872,0.19194603434178248,0.1827589392959439,1.0298262240595386e-05,-0.10983258771722858,0.19964644818130448
1.874,-0.012879609544469872,-0.8080539656582175,0.1827589392959439,-3.0242920618142167e-06,-0.3568135464483284,-0.07327052384376265
1.875,-0.012879609544469872,0.19194603434178248,-0.8172410607040561,-1.6848979728309892e-05,-0.11075447147444957,-0.24509201137359235
1.876,-0.012879609544469872,0.19194603434178248,0.1827589392959439,-7.4109234041246174e-06,0.29002530251619807,-0.07898894426744779
1.877,-0.012879609544469872,0.19194603434178248,0.1827589392959439,1.5792779182807655e-05,0.29121511511828996,0.19686738305924173
1.878,-0.012879609544469872,0.19194603434178248,0.1827589392959439,1.8935989904133454e-05,-0.11130062858665982,0.20205324872571884
1.879,-0.012879609544469872,-0.8080539656582175,0.1827589392959439,-5.531391568631313e-06,-0.3623118301129559,-0.07248043444002797
1.88,-0.012879609544469872,0.19194603434178248,0.1827589392959439,-2.3910960561793812e-05,-0.11265905338872419,-0.24922445923318107
1.881,-0.012879609544469872,0.19194603434178248,0.1827589392959439,-9.125446194092946e-06,0.29533160238914025,-0.08219153158635856
1.882,-0.012879609544469872,0.19194603434178248,0.1827589392959439,1.854384564238508e-05,0.2969464863148646,0.20125535363046415
1.883,-0.012879609544469872,0.19194603434178248,0.1827589392959439,2.0162349177674067e-05,-0.1136288409334858,0.20913291127656627
1.884,-0.012879609544469872,-0.8080539656582175,0.1827589392959439,-5.559013537409195e-06,-0.370277725477922,-0.07395956847703257
1.885,-0.012879609544469872,0.19194603434178248,-0.8172410607040561,-2.1756715217409494e-05,-0.11521670011154572,-0.25917113777364315
1.886,-0.012879609544469872,0.19194603434178248,0.1827589392959439,-7.626528405576298e-06,0.30239357844626036,-0.08659283320444038
1.887,-0.012879609544469872,0.19194603434178248,0.1827589392959439,1.4141617391484285e-05,0.3041984041728286,0.2104621922086915
1.888,-0.012879609544469872,0.19194603434178248,0.1827589392959439,1.3923405258083199e-05,-0.11655378381927527,0.22009328062214972
1.889,-0.012879609544469872,-0.8080539656582175,0.1827589392959439,-3.29200279382993e-06,-0.37974142294063845,-0.07772916381127909
1.89,-0.012879609544469872,0.19194603434178248,-0.8172410607040561,-1.1317291994712043e-05,-0.11809786760738575,-0.2739939999656685
1.891,-0.012879609544469872,0.19194603434178248,0.1827589392959439,-3.3350400540889686e-06,0.3103242095451013,-0.09161815196464371
1.892,-0.012879609544469872,0.19194603434178248,0.1827589392959439,4.0682656189737585e-06,0.3120324261246385,0.22374596588975473
1.893,-0.012879609544469872,0.19194603434178248,0.1827589392959439,2.066999785484416e-06,-0.11970292220375998,0.23384225035398712
1.894,-0.012879609544469872,-0.8080539656582175,0.1827589392959439,4.89336907640106e-07,-0.38945303305385337,-0.08361011968470151
1.895,-0.012879609544469872,0.19194603434178248,-0.8172410607040561,4.365821759792283e-06,-0.12091083284027276,-0.2923827240266972
1.896,-0.012879609544469872,0.19194603434178248,0.1827589392959439,2.6239284439415753e-06,0.3180555949609465,-0.09668290848480779
1.897,-0.012879609544469872,0.19194603434178248,0.1827589392959439,-8.745696890144555e-06,0.3193766688417339,0.24004355841524916
1.898,-0.012879609544469872,0.19194603434178248,0.1827589392959439,-1.2126561250284377e-05,-0.12264537467837247,0.24912707692619468
1.899,-0.012879609544469872,-0.8080539656582175,0.1827589392959439,4.6143308297874975e-06,-0.3980613731257545,-0.09122180654537508
1.9,-0.012879609544469872,0.19194603434178248,0.1827589392959439,2.089728981175526e-05,-0.12325999697147291,-0.31280422781879136
1.901,-0.012879609544469872,0.19194603434178248,0.1827589392959439,8.689364781477688e-06,0.3244914091375155,-0.10128123581500506
1.902,-0.012879609544469872,0.19194603434178248,0.1827589392959439,-2.0643138506025776e-05,0.32518152990710003,0.258076622010704
1.903,-0.012879609544469872,0.19194603434178248,0.1827589392959439,-2.4735852986897416e-05,-0.12495263627610693,0.26468830339484106
1.904,-0.012879609544469872,-0.8080539656582175,0.1827589392959439,7.81381060380928e-06,-0.4043097968141706,-0.10000241952311166
1.905,-0.012879609544469872,0.19194603434178248,-0.8172410607040561,3.358637568103286e-05,-0.12480451343967577,-0.3336717601968734
1.906,-0.012879609544469872,0.19194603434178248,0.1827589392959439,1.3230440646376038e-05,0.32866588295097876,-0.10506217592494509
1.907,-0.012879609544469872,0.19194603434178248,0.1827589392959439,-2.812151697835307e-05,0.32857319641464033,0.2764779129769881
1.908,-0.012879609544469872,0.19194603434178248,0.1827589392959439,-3.213088083488612e-05,-0.12626073481506583,0.2794069383132341
1.909,-0.012879609544469872,-0.8080539656582175,0.1827589392959439,9.031318099859457e-06,-0.4072201903431488,-0.10925096896886544
1.91,-0.012879609544469872,0.19194603434178248,-0.8172410607040561,3.856678889865719e-05,-0.12530824105079344,-0.3535120606770099
1.911,-0.012879609544469872,0.19194603434178248,0.1827589392959439,1.492837829069112e-05,0.32988598876426517,-0.1078810939362324
1.912,-0.012879609544469872,0.19194603434178248,0.1827589392959439,-2.867424521206563e-05,0.3289820355676259,0.29392376514818586
1.913,-0.012879609544469872,0.19194603434178248,0.1827589392959439,-3.18374683749205e-05,-0.1263248390265106,0.2924247647064046
1.914,-0.012879609544469872,-0.8080539656582175,0.1827589392959439,7.683097872764305e-06,-0.40623781343880094,-0.11818831235009544
1.915,-0.012879609544469872,0.19194603434178248,-0.8172410607040561,3.372719263763223e-05,-0.12467344081879415,-0.37110987614138735
1.916,-0.012879609544469872,0.19194603434178248,0.1827589392959439,1.308934173351056e-05,0.32783573297736895,-0.10981751893876891
1.917,-0.012879609544469872,0.19194603434178248,0.1827589392959439,-2.140427450553956e-05,0.3262266924504459,0.30925798873870214
1.918,-0.012879609544469872,0.19194603434178248,0.1827589392959439,-2.314135881985326e-05,-0.12505818971796062,0.3032218840511017
1.919,-0.012879609544469872,-0.8080539656582175,0.1827589392959439,3.8087116366152813e-06,-0.4013153469432768,-0.12603194371744647
1.92,-0.012879609544469872,0.19194603434178248,-0.8172410607040561,1.924590145646962e-05,-0.1229532518669736,-0.385612766224065
1.921,-0.012879609544469872,0.19194603434178248,0.1827589392959439,7.819271980144069e-06,0.3226268581716142,-0.1111557712062268
1.922,-0.012879609544469872,0.19194603434178248,0.1827589392959439,-7.273995808775315e-06,0.3205413854541748,0.3215938038380456
1.923,-0.012879609544469872,0.19194603434178248,0.1827589392959439,-7.298560982710578e-06,-0.12254928526826908,0.3116421954195696
1.924,-0.012879609544469872,-0.8080539656582175,0.1827589392959439,-1.921028692726468e-06,-0.3929234907432571,-0.13207695015639967
1.925,-0.012879609544469872,0.19194603434178248,-0.8172410607040561,-2.3882155721285576e-06,-0.12034137090856306,-0.3965850532983678
1.926,-0.012879609544469872,0.19194603434178248,0.1827589392959439,2.2020652891423946e-08,0.3147880528774754,-0.11233066535375515
1.927,-0.012879609544469872,0.19194603434178248,0.1827589392959439,1.1063558771939443e-05,0.3125424727205608,0.3303833250144595
1.928,-0.012879609544469872,0.19194603434178248,0.1827589392959439,1.2694610890574579e-05,-0.1190542547710605,0.31786545874272804
1.929,-0.012879609544469872,-0.8080539656582175,0.1827589392959439,-8.34034292720762e-06,-0.38198638954207914,-0.13577399162122897
1.93,-0.012879609544469872,0.19194603434178248,-0.8172410607040561,-2.6873532655066476e-05,-0.11714096908691045,-0.40400708239831157
1.931,-0.012879609544469872,0.19194603434178248,0.1827589392959439,-8.77932912113398e-06,0.30519381349001484,-0.11384634907729647
1.932,-0.012879609544469872,0.19194603434178248,0.1827589392959439,2.9815316858158457e-05,0.30313954156754075,0.3354482027005052
1.933,-0.012879609544469872,0.19194603434178248,0.1827589392959439,3.2722191604245005e-05,-0.11496488522710768,0.3223326620275836
1.934,-0.012879609544469872,-0.8080539656582175,0.1827589392959439,-1.4038807527627884e-05,-0.36975139449547456,-0.13679466722081599
1.935,-0.012879609544469872,0.19194603434178248,-0.8172410607040561,-4.900401612548465e-05,-0.11371812073795001,-0.40822356137651306
1.936,-0.012879609544469872,0.19194603434178248,0.1827589392959439,-1.6759767599767172e-05,0.29494305085717715,-0.11618099914141698
1.937,-0.012879609544469872,0.19194603434178248,0.1827589392959439,4.486063304834988e-05,0.293404627939332,0.33696975325510536
1.938,-0.012879609544469872,0.19194603434178248,0.1827589392959439,4.842564241932402e-05,-0.11075633214890106,0.32563834824342797
1.939,-0.012879609544469872,-0.8080539656582175,0.1827589392959439,-1.7670751463541684e-05,-0.35761248470130197,-0.1350753815878149
1.94,-0.012879609544469872,0.19194603434178248,-0.8172410607040561,-6.379121790541656e-05,-0.11044736452442573,-0.40985153710745226
1.941,-0.012879609544469872,0.19194603434178248,0.1827589392959439,-2.218023827716389e-05,0.28520503612932907,-0.11969284809510519
1.942,-0.012879609544469872,0.19194603434178248,0.1827589392959439,5.264925671687794e-05,0.2844194117072442,0.33544166298303585
1.943,-0.012879609544469872,0.19194603434178248,0.1827589392959439,5.614795398042723e-05,-0.10692161497925629,0.32840827652875576
1.944,-0.012879609544469872,-0.8080539656582175,0.1827589392959439,-1.825610561441239e-05,-0.3469135727405123,-0.13083284014897592
1.945,-0.012879609544469872,0.19194603434178248,-0.8172410607040561,-6.755731952423842e-05,-0.10765809226349099,-0.40966355968870133
1.946,-0.012879609544469872,0.19194603434178248,0.1827589392959439,-2.3762928937109503e-05,0.27705519656001215,-0.12454333863254813
1.947,-0.012879609544469872,0.19194603434178248,0.1827589392959439,5.099041802624917e-05,0.27712339469842007,0.3315925402491016
1.948,-0.012879609544469872,0.19194603434178248,0.1827589392959439,5.3741293785357545e-05,-0.10390211532450498,0.33118256207746055
1.949,-0.012879609544469872,0.19194603434178248,0.1827589392959439,-1.5407159499889553e-05,-0.33876084597748335,-0.12454741901503139
1.95,-0.012879609544469872,0.19194603434178248,-0.8172410607040561,-5.8763350665777875e-05,-0.10559010201467044,-0.40846411482829054
1.951,-0.012879609544469872,0.19194603434178248,0.1827589392959439,-2.0973559892940188e-05,0.27132484557972864,-0.1306509587654579
1.952,-0.012879609544469872,0.19194603434178248,0.1827589392959439,3.956249079126145e-05,0.27218567436723334,0.32628871805572274
1.953,-0.012879609544469872,0.19194603434178248,0.1827589392959439,4.106429579313609e-05,-0.10202411907567463,0.33432299636014673
1.954,-0.012879609544469872,-0.8080539656582175,0.1827589392959439,-9.431837949134334e-06,-0.3338718037291913,-0.11691453410260494
1.955,-0.012879609544469872,0.19194603434178248,-0.8172410607040561,-3.8393871645380084e-05,-0.10436493774608682,-0.40697717667814753
1.956,-0.012879609544469872,0.19194603434178248,0.1827589392959439,-1.415014638441375e-05,0.2684869084127568,-0.13768477626904263
1.957,-0.012879609544469872,0.19194603434178248,0.1827589392959439,2.0032856939895608e-05,0.26991905971341573,0.32042943789952194
1.958,-0.012879609544469872,0.19194603434178248,0.1827589392959439,2.006161531821117e-05,-0.10145081520363426,0.33795884445998625
1.959,-0.012879609544469872,-0.8080539656582175,0.1827589392959439,-1.2907236218111232e-06,-0.3324829750403438,-0.10876829371860593
1.96,-0.012879609544469872,0.19194603434178248,-0.8172410607040561,-9.814334836622189e-06,-0.10397687336959253,-0.4057598877579262
1.961,-0.012879609544469872,0.19194603434178248,0.1827589392959439,-4.450382758962105e-06,0.26859437533379443,-0.14510052469187437
1.962,-0.012879609544469872,0.19194603434178248,0.1827589392959439,-4.239118089567538e-06,0.2702485661997746,0.3148467295584322
1.963,-0.012879609544469872,0.19194603434178248,0.1827589392959439,-5.592660847731549e-06,-0.10215713574359467,0.34197877416324884
1.964,-0.012879609544469872,-0.8080539656582175,0.1827589392959439,7.583694364903639e-06,-0.3343293241721671,-0.10098559687187943
1.965,-0.012879609544469872,0.19194603434178248,-0.8172410607040561,2.187055073033466e-05,-0.10430406394505734,-0.4051524434447906
1.966,-0.012879609544469872,0.19194603434178248,0.1827589392959439,6.371791415419875e-06,0.2712803736016817,-0.15221524229080574
1.967,-0.012879609544469872,0.19194603434178248,0.1827589392959439,-2.885465142892137e-05,0.27273784652039784,0.31022099961061667
1.968,-0.012879609544469872,0.19194603434178248,0.1827589392959439,-3.121386766764439e-05,-0.10393165274875772,0.34606877558736676
1.969,-0.012879609544469872,-0.8080539656582175,0.1827589392959439,1.5567888845902966e-05,-0.33869746148186725,-0.09438187083533232
1.97,-0.012879609544469872,0.19194603434178248,-0.8172410607040561,5.082382321305569e-05,-0.10513705330762223,-0.4052680828802532
1.971,-0.012879609544469872,0.19194603434178248,0.1827589392959439,1.6313921061594658e-05,0.27581957506148885,-0.15831001733945502
1.972,-0.012879609544469872,0.19194603434178248,0.1827589392959439,-4.9247548327879404e-05,0.27666820942211007,0.30702079818736855
1.973,-0.012879609544469872,0.19194603434178248,0.1827589392959439,-5.203799023146058e-05,-0.106405874458401,0.3497882479299175
1.974,-0.012879609544469872,-0.8080539656582175,0.1827589392959439,2.116970233229061e-05,-0.3445436580032928,-0.08961134258811648
1.975,-0.012879609544469872,0.19194603434178248,-0.8172410607040561,7.163877210069594e-05,-0.10621906082506054,-0.4060206675588856
1.976,-0.012879609544469872,0.19194603434178248,0.1827589392959439,2.352462340520774e-05,0.2812415339206056,-0.16274540376359958
1.977,-0.012879609544469872,0.19194603434178248,0.1827589392959439,-6.159416978899965e-05,0.281156950204572,0.3054718360260409
1.978,-0.012879609544469872,0.19194603434178248,0.1827589392959439,-6.417158985479959e-05,-0.10910725718206474,0.3526701073706267
1.979,-0.012879609544469872,-0.8080539656582175,0.1827589392959439,2.332538184877018e-05,-0.350658022505667,-0.087084786424413
1.98,-0.012879609544469872,0.19194603434178248,-0.8172410607040561,8.041572598544001e-05,-0.10729073224416032,-0.4071816676945898
1.981,-0.012879609544469872,0.19194603434178248,0.1827589392959439,2.6672122091508264e-05,0.2864788568586745,-0.1650713902697713
1.982,-0.012879609544469872,0.19194603434178248,0.1827589392959439,-6.357315245278938e-05,0.28529599576366116,0.30555654384234165
1.983,-0.012879609544469872,0.19194603434178248,0.1827589392959439,-6.536410058784202e-05,-0.11152866241201932,0.3543268297385013
1.984,-0.012879609544469872,0.19194603434178248,0.1827589392959439,2.1610173153610138e-05,-0.35584951008872334,-0.08691597998768164
1.985,-0.012879609544469872,0.19194603434178248,-0.8172410607040561,7.55315713815539e-05,-0.10813160924212555,-0.40845432379453206
1.986,-0.012879609544469872,0.19194603434178248,0.1827589392959439,2.520585554692582e-05,0.29052800653831146,-0.16511393571304608
1.987,-0.012879609544469872,0.19194603434178248,0.1827589392959439,-5.4819538584897856e-05,0.28828922048170497,0.30704179271889787
1.988,-0.012879609544469872,0.19194603434178248,0.1827589392959439,-5.544476572332237e-05,-0.11320438299806182,0.35454341633848524
1.989,-0.012879609544469872,-0.8080539656582175,0.1827589392959439,1.6319991803413358e-05,-0.35912369237117525,-0.08890477724116128
1.99,-0.012879609544469872,0.19194603434178248,-0.8172410607040561,5.7946375316865894e-05,-0.10859149724316518,-0.40955087095359016
1.991,-0.012879609544469872,0.19194603434178248,-0.8172410607040561,1.9458187017120644e-05,0.29259879490750446,-0.163023086413295
1.992,-0.012879609544469872,0.19194603434178248,0.1827589392959439,-3.698300841718696e-05,0.2895675818865839,0.3095292703476684
1.993,-0.012879609544469872,0.19194603434178248,0.1827589392959439,-3.63377113491478e-05,-0.11378164973508983,0.3533405025260239
1.994,-0.012879609544469872,-0.8080539656582175,0.1827589392959439,8.408902375574755e-06,-0.35982680846831677,-0.09256015446757045
1.995,-0.012879609544469872,0.19194603434178248,-0.8172410607040561,3.098920283936729e-05,-0.10860700127044472,-0.4102592048935718
1.996,-0.012879609544469872,0.19194603434178248,0.1827589392959439,1.0567013150605714e-05,0.2922304860875575,-0.15927317127965518
1.997,-0.012879609544469872,0.19194603434178248,0.1827589392959439,-1.3382981923349513e-05,0.28886526663680884,0.3125207759280205
1.998,-0.012879609544469872,0.19194603434178248,0.1827589392959439,-1.1657111992139378e-05,-0.11307692639546073,0.3509958433945152
1.999,-0.012879609544469872,-0.8080539656582175,0.1827589392959439,-7.028869494120038e-07,-0.3577352321823581,-0.09716138612221968
2.0,-0.012879609544469872,0.19194603434178248,-0.8172410607040561,-3.262519668350689e-07,-0.1082013617663918,-0.41048804481523726
2.001,-0.012879609544469872,0.19194603434178248,0.1827589392959439,2.374755071728419e-07,0.28935760015007583,-0.15461272614506444
2.002,-0.012879609544469872,0.19194603434178248,0.1827589392959439,1.166325434020481e-05,0.2862466197661232,0.3154895616579764
2.003,-0.012879609544469872,0.19194603434178248,0.1827589392959439,1.4028739735242003e-05,-0.11110828931970455,0.34801938412310035
2.004,-0.012879609544469872,-0.8080539656582175,0.1827589392959439,-9.409415055346958e-06,-0.35307820755218156,-0.10185036325755453
2.005,-0.012879609544469872,0.19194603434178248,-0.8172410607040561,-3.030922977629784e-05,-0.10746883031539836,-0.41028397871003347
2.006,-0.012879609544469872,0.19194603434178248,0.1827589392959439,-9.605891901404867e-06,0.2843161844775137,-0.14996954263534712
2.007,-0.012879609544469872,0.19194603434178248,0.1827589392959439,3.369705625863569e-05,0.282081648121716,0.317948863569824
2.008,-0.012879609544469872,0.19194603434178248,0.1827589392959439,3.610862172712424e-05,-0.10809851184172209,0.3450849119296739
2.009,-0.012879609544469872,-0.8080539656582175,0.1827589392959439,-1.6229306957153e-05,-0.3464921219899114,-0.10574370201590007
2.01,-0.012879609544469872,0.19194603434178248,-0.8172410607040561,-5.3711507253934496e-05,-0.1065476142077064,-0.4098189853306742
2.011,-0.012879609544469872,0.19194603434178248,0.1827589392959439,-1.7203313483626862e-05,0.2777903157664756,-0.1463233655969878
2.012,-0.012879609544469872,0.19194603434178248,0.1827589392959439,4.898185587283374e-05,0.27697602565577917,0.31950983408711486
2.013,-0.012879609544469872,0.19194603434178248,0.1827589392959439,5.0825574824341144e-05,-0.10444767302680014,0.34292861962256643
2.014,-0.012879609544469872,-0.8080539656582175,0.1827589392959439,-2.008279561286265e-05,-0.33891505623441687,-0.10805034269608735
2.015,-0.012879609544469872,0.19194603434178248,-0.8172410607040561,-6.672886368212619e-05,-0.10558738634992544,-0.40935222397268495
2.016,-0.012879609544469872,0.19194603434178248,0.1827589392959439,-2.1300684771896348e-05,0.2707075355969388,-0.14456414652203498
2.017,-0.012879609544469872,0.19194603434178248,0.1827589392959439,5.519812581346249e-05,0.27166847289499896,0.31992299516019557
2.018,-0.012879609544469872,0.19194603434178248,0.1827589392959439,5.5977513295704385e-05,-0.10067858142721915,0.34223059173736164
2.019,-0.012879609544469872,-0.8080539656582175,0.1827589392959439,-2.0480585651518963e-05,-0.33143924229379856,-0.10817926855305404
2.02,-0.012879609544469872,0.19194603434178248,-0.8172410607040561,-6.768358336564149e-05,-0.10471815330992633,-0.4091742138808959
2.021,-0.012879609544469872,0.19194603434178248,0.1827589392959439,-2.1378197813639036e-05,0.26409944758750914,-0.14535652306212551
2.022,-0.012879609544469872,0.19194603434178248,0.1827589392959439,5.183329422385878e-05,0.26691304528615317,0.3190997713533491
2.023,-0.012879609544469872,0.19194603434178248,0.1827589392959439,5.1283334328777374e-05,-0.09736238975633187,0.34349832816292464
2.024,-0.012879609544469872,-0.8080539656582175,0.1827589392959439,-1.7589329855326962e-05,-0.32514501848335225,-0.10582297967145946
2.025,-0.012879609544469872,0.19194603434178248,-0.8172410607040561,-5.7257811233014186e-05,-0.10402676516659931,-0.409544307419359
2.026,-0.012879609544469872,0.19194603434178248,0.1827589392959439,-1.7722415061332334e-05,0.25894868528577764,-0.14903085823262946
2.027,-0.012879609544469872,0.19194603434178248,0.1827589392959439,4.01964687191131e-05,0.2633655509757812,0.3171132949703183
2.028,-0.012879609544469872,0.19194603434178248,0.1827589392959439,3.8349196417691365e-05,-0.09503486001959739,0.3469714414785901
2.029,-0.012879609544469872,0.19194603434178248,0.1827589392959439,-1.2164906245607365e-05,-0.3209420254577849,-0.10100534986920619
2.03,-0.012879609544469872,0.19194603434178248,-0.8172410607040561,-3.824388253785611e-05,-0.10354564252501006,-0.41063319118227837
2.031,-0.012879609544469872,0.19194603434178248,0.1827589392959439,-1.1331158561377912e-05,0.2560451699764869,-0.15551773650776743
2.032,-0.012879609544469872,0.19194603434178248,0.1827589392959439,2.3067356339956567e-05,0.2614918373394357,0.31418016601370335
2.033,-0.012879609544469872,0.19194603434178248,0.1827589392959439,2.025434372399247e-05,-0.09411534134163223,0.3525635966648415
2.034,-0.012879609544469872,-0.8080539656582175,0.1827589392959439,-5.37218857105126e-06,-0.31944148762421687,-0.09408709516198353
2.035,-0.012879609544469872,0.19194603434178248,-0.8172410607040561,-1.48789246649895e-05,-0.10325571642477085,-0.41248095795846773
2.036,-0.012879609544469872,0.19194603434178248,0.1827589392959439,-3.6758119548590845e-06,0.2558728005785866,-0.16433675959216798
2.037,-0.012879609544469872,0.19194603434178248,0.1827589392959439,4.064368330407407e-06,0.26151137276526426,0.3106269131231517
2.038,-0.012879609544469872,0.19194603434178248,0.1827589392959439,8.545895665957103e-07,-0.09484037654279734,0.3598520965458503
2.039,-0.012879609544469872,-0.8080539656582175,0.1827589392959439,1.4672150531062497e-06,-0.32087786738354274,-0.08572767399437448
2.04,-0.012879609544469872,0.19194603434178248,-0.8172410607040561,8.084343003321061e-06,-0.10310261652265562,-0.4149783461191415
2.041,-0.012879609544469872,0.19194603434178248,0.1827589392959439,3.6250155663503052e-06,0.25854277731108716,-0.17464270502127596
2.042,-0.012879609544469872,0.19194603434178248,0.1827589392959439,-1.3127268948810098e-05,0.26338320191329256,0.30684633199641914
2.043,-0.012879609544469872,0.19194603434178248,0.1827589392959439,-1.604216289829491e-05,-0.09722194687545224,0.368118159353847
2.044,-0.012879609544469872,0.19194603434178248,0.1827589392959439,7.144390008444194e-06,-0.3250899353313912,-0.07680825287427735
2.045,-0.012879609544469872,0.19194603434178248,-0.8172410607040561,2.6368112634487128e-05,-0.1030223662586034,-0.4178745884615566
2.046,-0.012879609544469872,0.19194603434178248,0.1827589392959439,9.149160870270967e-06,0.2637824635017803,-0.1853237722125746
2.047,-0.012879609544469872,0.19194603434178248,0.1827589392959439,-2.550184185055077e-05,0.2668340838863789,0.30324956680043874
2.048,-0.012879609544469872,0.19194603434178248,0.1827589392959439,-2.7451624884172586e-05,-0.10103694901097532,0.37643305827608553
2.049,-0.012879609544469872,-0.8080539656582175,0.1827589392959439,1.079340514814558e-05,-0.3315617446099575,-0.06832559483446167
2.05,-0.012879609544469872,0.19194603434178248,-0.8172410607040561,3.7012221372847995e-05,-0.10297078563118901,-0.42081067845052844
2.051,-0.012879609544469872,0.19194603434178248,-0.8172410607040561,1.195873318509144e-05,0.2709801938878541,-0.19513900184083877
2.052,-0.012879609544469872,0.19194603434178248,0.1827589392959439,-3.1299221073046344e-05,0.2714216741720588,0.3002197399543241
2.053,-0.012879609544469872,0.19194603434178248,0.1827589392959439,-3.177888190511622e-05,-0.10585005654547405,0.38377814441264047
2.054,-0.012879609544469872,-0.8080539656582175,0.1827589392959439,1.203662983247273e-05,-0.33951468565856857,-0.061270627280136956
2.055,-0.012879609544469872,0.19194603434178248,-0.8172410607040561,3.889786517176368e-05,-0.10294986909528764,-0.4233725329360046
2.056,-0.012879609544469872,0.19194603434178248,0.1827589392959439,1.1772640741532848e-05,0.2792780670546087,-0.2028761704881679
2.057,-0.012879609544469872,0.19194603434178248,0.1827589392959439,-3.0279274446134983e-05,0.2766201379045179,0.29807220947398566
2.058,-0.012879609544469872,0.19194603434178248,0.1827589392959439,-2.9062420981066858e-05,-0.11106729378558436,0.38918147686236637
2.059,-0.012879609544469872,-0.8080539656582175,0.1827589392959439,1.1019045648606855e-05,-0.3480342043134859,-0.05650747010980808
2.06,-0.012879609544469872,0.19194603434178248,-0.8172410607040561,3.285421643845529e-05,-0.10302479891556558,-0.42515521684276075
2.061,-0.012879609544469872,0.19194603434178248,0.1827589392959439,8.990496325371339e-06,0.2876977948591976,-0.20750840533579998
2.062,-0.012879609544469872,0.19194603434178248,0.1827589392959439,-2.365894662187807e-05,0.28191245973093837,0.29702529460110566
2.063,-0.012879609544469872,0.19194603434178248,0.1827589392959439,-2.085658880619677e-05,-0.11601315315876348,0.3918511562456188
2.064,-0.012879609544469872,-0.8080539656582175,0.1827589392959439,8.33016036990479e-06,-0.3562100515021706,-0.05466857097722944
2.065,-0.012879609544469872,0.19194603434178248,-0.8172410607040561,2.1341990750238294e-05,-0.10332692813193622,-0.4258276179544236
2.066,-0.012879609544469872,0.19194603434178248,0.1827589392959439,4.567320048910789e-06,0.29528016009372865,-0.20832788757498022
2.067,-0.012879609544469872,0.19194603434178248,0.1827589392959439,-1.373993198681319e-05,0.2868733976883207,0.2971837575791234
2.068,-0.012879609544469872,0.19194603434178248,0.1827589392959439,-9.791323245317293e-06,-0.12002059041085492,0.39128589051992774
2.069,-0.012879609544469872,-0.8080539656582175,0.1827589392959439,4.836199644041658e-06,-0.3632677591131341,-0.05607932760269287
2.07,-0.012879609544469872,0.19194603434178248,-0.8172410607040561,7.798963971399996e-06,-0.10404073508740723,-0.4251869709314679
2.071,-0.012879609544469872,0.19194603434178248,-0.8172410607040561,-2.2932205536736373e-07,0.3012171907653793,-0.2050382868450582
2.072,-0.012879609544469872,0.19194603434178248,0.1827589392959439,-3.320407919404217e-06,0.29122947705172103,0.29853567518362634
2.073,-0.012879609544469872,0.19194603434178248,0.1827589392959439,1.0835808575378329e-06,-0.1225212630936499,0.38734671820506045
2.074,-0.012879609544469872,-0.8080539656582175,0.1827589392959439,1.4636062503504553e-06,-0.3686714722454318,-0.06072150772884139
2.075,-0.012879609544469872,0.19194603434178248,-0.8172410607040561,-4.197231612975242e-06,-0.10537593221069969,-0.42319437974024243
2.076,-0.012879609544469872,0.19194603434178248,0.1827589392959439,-4.1233155120030946e-06,0.30495793652012343,-0.19779348371683508
2.077,-0.012879609544469872,0.19194603434178248,0.1827589392959439,4.972088792941945e-06,0.29488712221054453,0.30096177876651514
2.078,-0.012879609544469872,0.19194603434178248,0.1827589392959439,9.01872781714635e-06,-0.12312324312399724,0.38027961479868105
2.079,-0.012879609544469872,-0.8080539656582175,0.1827589392959439,-1.0162599516632111e-06,-0.3721837900671588,-0.06823949200535251
2.08,-0.012879609544469872,0.19194603434178248,-0.8172410607040561,-1.1758662558848555e-05,-0.10752901487065418,-0.4199856436969812
2.081,-0.012879609544469872,0.19194603434178248,0.1827589392959439,-6.126562942487569e-06,0.306273364664536,-0.18717779018198338
2.082,-0.012879609544469872,0.19194603434178248,0.1827589392959439,9.276737763227424e-06,0.2979260902239979,0.30425505234436745
2.083,-0.012879609544469872,0.19194603434178248,0.1827589392959439,1.2188914913868273e-05,-0.1216651661923143,0.37068598740915615
2.084,-0.012879609544469872,-0.8080539656582175,0.1827589392959439,-2.153590219268588e-06,-0.37387586269464607,-0.07798761842169037
2.085,-0.012879609544469872,0.19194603434178248,-0.8172410607040561,-1.3325672573133365e-05,-0.11064096769925798,-0.4158557016468015
2.086,-0.012879609544469872,0.19194603434178248,0.1827589392959439,-5.76248806774601e-06,0.30527257672014885,-0.17413111591266833
2.087,-0.012879609544469872,0.19194603434178248,0.1827589392959439,8.894595191236511e-06,0.3005616930711786,0.30814747097317835
2.088,-0.012879609544469872,0.19194603434178248,0.1827589392959439,1.0084598691438214e-05,-0.11823913216331491,0.3594456813811758
2.089,-0.012879609544469872,-0.8080539656582175,0.1827589392959439,-1.902709746670196e-06,-0.37408933635326513,-0.08911150974914679
2.09,-0.012879609544469872,0.19194603434178248,-0.8172410607040561,-8.977892021762532e-06,-0.11475911764996777,-0.4112191970227182
2.091,-0.012879609544469872,0.19194603434178248,0.1827589392959439,-3.1680166370943896e-06,0.30237017757461576,-0.15983012756865408
2.092,-0.012879609544469872,0.19194603434178248,0.1827589392959439,4.400810213614546e-06,0.30308475187693246,0.31234029548135966
2.093,-0.012879609544469872,0.19194603434178248,0.1827589392959439,3.589367163143543e-06,-0.11317914936123254,0.34760391269878926
2.094,-0.012879609544469872,-0.8080539656582175,0.1827589392959439,-6.055935717152615e-07,-0.37335942793778687,-0.10065196547771826
2.095,-0.012879609544469872,0.19194603434178248,-0.8172410607040561,-3.566179629740788e-07,-0.1198109452463336,-0.4065533522658372
2.096,-0.012879609544469872,0.19194603434178248,0.1827589392959439,9.469347843140599e-07,0.2982119863283613,-0.1455423053874249
2.097,-0.012879609544469872,0.19194603434178248,0.1827589392959439,-2.543446732171807e-06,0.30579186875443004,0.31653431717121006
2.098,-0.012879609544469872,0.19194603434178248,0.1827589392959439,-5.26722384844004e-06,-0.10701685859697395,0.33623848836499554
2.099,-0.012879609544469872,-0.8080539656582175,0.1827589392959439,1.116228752071388e-06,-0.3723141921468312,-0.11165737296937292
2.1,-0.012879609544469872,0.19194603434178248,-0.8172410607040561,9.775097740602318e-06,-0.1255960049448742,-0.4023319477387625
2.101,-0.012879609544469872,0.19194603434178248,0.1827589392959439,5.471701676508295e-06,0.29357221934411865,-0.13247309694313156
2.102,-0.012879609544469872,0.19194603434178248,0.1827589392959439,-9.62955498707348e-06,0.30891982518363204,0.3204568205067757
2.103,-0.012879609544469872,0.19194603434178248,0.1827589392959439,-1.381993836340462e-05,-0.10041094597321784,0.3263260816042156
2.104,-0.012879609544469872,0.19194603434178248,0.1827589392959439,2.533544340816361e-06,-0.3715680296289998,-0.12128996227163738
2.105,-0.012879609544469872,0.19194603434178248,-0.8172410607040561,1.82282612417264e-05,-0.13179919995275957,-0.3989603466270978
2.106,-0.012879609544469872,0.19194603434178248,0.1827589392959439,9.159054746139135e-06,0.28923892137394935,-0.1216266877611447
2.107,-0.012879609544469872,0.19194603434178248,0.1827589392959439,-1.4485814026498824e-05,0.312596558236526,0.32388271868584734
2.108,-0.012879609544469872,0.19194603434178248,0.1827589392959439,-1.94221878373301e-05,-0.09406036388822907,0.3186258998874745
2.109,-0.012879609544469872,-0.8080539656582175,0.1827589392959439,3.0035635509521434e-06,-0.37162728456127725,-0.12891262395927575
2.11,-0.012879609544469872,0.19194603434178248,-0.8172410607040561,2.217786921791413e-05,-0.13802497993035012,-0.39672106272327273
2.111,-0.012879609544469872,0.19194603434178248,0.1827589392959439,1.0921481587992415e-05,0.285905285274609,-0.11369829516905886
2.112,-0.012879609544469872,0.19194603434178248,0.1827589392959439,-1.5271994684769498e-05,0.3168175316869588,0.32664820878533185
2.113,-0.012879609544469872,0.19194603434178248,0.1827589392959439,-2.0094659863069402e-05,-0.08861368115142078,0.3135959774567602
2.114,-0.012879609544469872,-0.8080539656582175,0.1827589392959439,2.140556678828293e-06,-0.37282256051320317,-0.1341461668169958
2.115,-0.012879609544469872,0.19194603434178248,-0.8172410607040561,1.9866168647347094e-05,-0.14384821361734826,-0.39573746410134236
2.116,-0.012879609544469872,0.19194603434178248,0.1827589392959439,1.0092934735502648e-05,0.2840825629649618,-0.10901082600576006
2.117,-0.012879609544469872,0.19194603434178248,0.1827589392959439,-1.1147906064808293e-05,0.3214511185718616,0.32865627391137436
2.118,-0.012879609544469872,0.19194603434178248,0.1827589392959439,-1.5021116397246812e-05,-0.0845872599243142,0.31135210339857505
2.119,-0.012879609544469872,-0.8080539656582175,0.1827589392959439,-7.65852094142362e-08,-0.375276821537926,-0.13689130477389197
2.12,-0.012879609544469872,0.19194603434178248,-0.8172410607040561,1.1059482409232351e-05,-0.1488742142210954,-0.3959602046980218
2.121,-0.012879609544469872,0.19194603434178248,0.1827589392959439,6.597257701682032e-06,0.28404596115307185,-0.10750205227793583
2.122,-0.012879609544469872,0.19194603434178248,0.1827589392959439,-2.5093250311672544e-06,0.3262708306584609,0.32987431842146286
2.123,-0.012879609544469872,0.19194603434178248,0.1827589392959439,-4.779157981462563e-06,-0.0823034715169205,0.31167292961195275
2.124,-0.012879609544469872,-0.8080539656582175,0.1827589392959439,-3.2846413625570645e-06,-0.3789115005364215,-0.1373146602739212
2.125,-0.012879609544469872,0.19194603434178248,-0.8172410607040561,-2.8451594136913342e-06,-0.15279827481667171,-0.3971774017560339
2.126,-0.012879609544469872,0.19194603434178248,0.1827589392959439,9.85174181307498e-07,0.28581903523379515,-0.10876119546162145
2.127,-0.012879609544469872,0.19194603434178248,0.1827589392959439,9.062631586645158e-06,0.33100695013705356,0.3303250632066813
2.128,-0.012879609544469872,0.19194603434178248,0.1827589392959439,8.746937553362591e-06,-0.0818570595635962,0.31404811632178253
2.129,-0.012879609544469872,-0.8080539656582175,0.1827589392959439,-6.80883396979143e-06,-0.38348595822688225,-0.13580292560337887
2.13,-0.012879609544469872,0.19194603434178248,-0.8172410607040561,-1.9088969051590258e-05,-0.15545453436026396,-0.3990460232327435
2.131,-0.012879609544469872,0.19194603434178248,0.1827589392959439,-5.669338388761394e-06,0.2891956703217527,-0.11210705881275224
2.132,-0.012879609544469872,0.19194603434178248,0.1827589392959439,2.112845032188664e-05,0.33540632226747297,0.3300724781639349
2.133,-0.012879609544469872,0.19194603434178248,0.1827589392959439,2.2753637072460575e-05,-0.08311352534943002,0.31776048298240606
2.134,-0.012879609544469872,-0.8080539656582175,0.1827589392959439,-9.811767098645743e-06,-0.3886599411034155,-0.13289335667246366
2.135,-0.012879609544469872,-0.8080539656582175,-0.8172410607040561,-3.413788130210285e-05,-0.15684520963606607,-0.40113897780760177
2.136,-0.012879609544469872,0.19194603434178248,0.1827589392959439,-1.1991596089725703e-05,0.29379284626808133,-0.11669457336022936
2.137,-0.012879609544469872,0.19194603434178248,0.1827589392959439,3.092177897005221e-05,0.3392874614726832,0.3292049413855596
2.138,-0.012879609544469872,0.19194603434178248,0.1827589392959439,3.412181868418174e-05,-0.0857386992911364,0.32198888781763796
2.139,-0.012879609544469872,-0.8080539656582175,0.1827589392959439,-1.1485093432407669e-05,-0.39406514977135965,-0.12919145590934297
2.14,-0.012879609544469872,0.19194603434178248,-0.8172410607040561,-4.445824010897779e-05,-0.15714406132810058,-0.4030004510992685
2.141,-0.012879609544469872,0.19194603434178248,0.1827589392959439,-1.6599876940334505e-05,0.2991229699698502,-0.12163352665643751
2.142,-0.012879609544469872,0.19194603434178248,0.1827589392959439,3.5968524463010264e-05,0.34257901143622427,0.3278179687966254
2.143,-0.012879609544469872,0.19194603434178248,0.1827589392959439,4.010492072331607e-05,-0.08925419101848933,0.3259165134077358
2.144,-0.012879609544469872,-0.8080539656582175,0.1827589392959439,-1.124088398685086e-05,-0.3993712149800606,-0.1252877229560584
2.145,-0.012879609544469872,0.19194603434178248,-0.8172410607040561,-4.7311449346952376e-05,-0.15667199349462332,-0.40420135617128383
2.146,-0.012879609544469872,0.19194603434178248,0.1827589392959439,-1.8406714151980343e-05,0.30467228525865836,-0.12610266155504504
2.147,-0.012879609544469872,0.19194603434178248,0.1827589392959439,3.4656879469707273e-05,0.3453328280486017,0.3259987580425124
2.148,-0.012879609544469872,0.19194603434178248,0.1827589392959439,3.895092455127149e-05,-0.09310984565425165,0.32882957352974357
2.149,-0.012879609544469872,-0.8080539656582175,0.1827589392959439,-8.859644902765373e-06,-0.40433335163755957,-0.12168466014279558
2.15,-0.012879609544469872,0.19194603434178248,-0.8172410607040561,-4.139269995114501e-05,-0.15584727261031947,-0.40438739382107997
2.151,-0.012879609544469872,0.19194603434178248,0.1827589392959439,-1.686239347656718e-05,0.3099720134574662,-0.12944420613656113
2.152,-0.012879609544469872,0.19194603434178248,0.1827589392959439,2.6632022422559925e-05,0.34770793702884617,0.32381446139986664
2.153,-0.012879609544469872,0.19194603434178248,0.1827589392959439,3.0321430544128696e-05,-0.09676219156269815,0.3301939823272035
2.154,-0.012879609544469872,-0.8080539656582175,0.1827589392959439,-4.561358995154371e-06,-0.4088132817559113,-0.11874301182039051
2.155,-0.012879609544469872,0.19194603434178248,-0.8172410607040561,-2.7172289296764916e-05,-0.15511723457465496,-0.4033139622399217
2.156,-0.012879609544469872,0.19194603434178248,0.1827589392959439,-1.2087459234941642e-05,0.31465129048477547,-0.13122779797534698
2.157,-0.012879609544469872,0.19194603434178248,0.1827589392959439,1.2927032828327776e-05,0.3499274423374275,0.3213055860655162
2.158,-0.012879609544469872,0.19194603434178248,0.1827589392959439,1.5414613679470635e-05,-0.0997474312568576,0.329701714676952
2.159,-0.012879609544469872,-0.8080539656582175,0.1827589392959439,1.0173193407142837e-06,-0.41277082886754723,-0.1166528991016216
2.16,-0.012879609544469872,0.19194603434178248,-0.8172410607040561,-6.86205508608359e-06,-0.1548817744850493,-0.4008646561696541
2.161,-0.012879609544469872,0.19194603434178248,0.1827589392959439,-4.864735373600013e-06,0.3184651199418871,-0.13127798545621538
2.162,-0.012879609544469872,0.19194603434178248,0.1827589392959439,-4.201555445867702e-06,0.3522160483425952,0.31848527038586316
2.163,-0.012879609544469872,0.19194603434178248,0.1827589392959439,-3.237548867302147e-06,-0.10173881836989793,0.327283680331063
2.164,-0.012879609544469872,-0.8080539656582175,0.1827589392959439,6.936226863404599e-06,-0.4162297733345532,-0.11543162833789797
2.165,-0.012879609544469872,0.19194603434178248,-0.8172410607040561,1.598993214144213e-05,-0.15542077129099943,-0.3970528876903427
2.166,-0.012879609544469872,0.19194603434178248,0.1827589392959439,3.508586274770369e-06,0.32129564554328205,-0.12966515701071912
2.167,-0.012879609544469872,0.19194603434178248,0.1827589392959439,-2.170157488262642e-05,0.3547301568087935,0.3153444636202546
2.168,-0.012879609544469872,0.19194603434178248,0.1827589392959439,-2.2257498436503087e-05,-0.10258102829419329,0.3230910812591352
2.169,-0.012879609544469872,-0.8080539656582175,0.1827589392959439,1.213219580434443e-05,-0.41922694840272606,-0.11494609550922014
2.17,-0.012879609544469872,0.19194603434178248,-0.8172410607040561,3.719349106870263e-05,-0.156837520229993,-0.3920087584228169
2.171,-0.012879609544469872,0.19194603434178248,0.1827589392959439,1.1478323224675628e-05,0.32313011696998956,-0.12666498302365004
2.172,-0.012879609544469872,0.19194603434178248,0.1827589392959439,-3.632790935675978e-05,0.35749467458033074,0.3118623112746662
2.173,-0.012879609544469872,0.19194603434178248,0.1827589392959439,-3.809436859309954e-05,-0.10229789488716896,0.31745161431588703
2.174,-0.012879609544469872,-0.8080539656582175,0.1827589392959439,1.5629396956437683e-05,-0.42175713405267645,-0.11495443026333708
2.175,-0.012879609544469872,0.19194603434178248,-0.8172410607040561,5.2754532468932875e-05,-0.15902817679312256,-0.38595529332402617
2.176,-0.012879609544469872,0.19194603434178248,0.1827589392959439,1.754631237412754e-05,0.32402307164048444,-0.12269549623412004
2.177,-0.012879609544469872,0.19194603434178248,0.1827589392959439,-4.529414728654899e-05,0.36036025388540305,0.3080203852604508
2.178,-0.012879609544469872,0.19194603434178248,0.1827589392959439,-4.773963678965005e-05,-0.10107403498999003,0.3108098859196834
2.179,-0.012879609544469872,-0.8080539656582175,0.1827589392959439,1.6735639158865152e-05,-0.4237273901547165,-0.11515925189276907
2.18,-0.012879609544469872,0.19194603434178248,-0.8172410607040561,5.968191869571871e-05,-0.16168343384501696,-0.3791792188660814
2.181,-0.012879609544469872,0.19194603434178248,0.1827589392959439,2.057338970797384e-05,0.324052764533094,-0.118243261876795
2.182,-0.012879609544469872,0.19194603434178248,0.1827589392959439,-4.6836929879434056e-05,0.3629916766540815,0.3038188625346931
2.183,-0.012879609544469872,0.19194603434178248,0.1827589392959439,-4.9336323611453833e-05,-0.09921475983011567,0.3036626541620389
2.184,-0.012879609544469872,-0.8080539656582175,0.1827589392959439,1.5183754000621322e-05,-0.42493284157858685,-0.11526389715835701
2.185,-0.012879609544469872,0.19194603434178248,-0.8172410607040561,5.659434521055407e-05,-0.16432372662526165,-0.37200151887233585
2.186,-0.012879609544469872,0.19194603434178248,0.1827589392959439,2.0008870408527875e-05,0.3232823468012055,-0.11379047894715383
2.187,-0.012879609544469872,0.19194603434178248,0.1827589392959439,-4.057536864440573e-05,0.36489294564748215,0.2992924047938701
2.188,-0.012879609544469872,0.19194603434178248,0.1827589392959439,-4.2554654187494865e-05,-0.0970916857096298,0.2964989498331443
2.189,-0.012879609544469872,-0.8080539656582175,0.1827589392959439,1.1188848107688394e-05,-0.4250618640942347,-0.11502327611053324
2.19,-0.012879609544469872,0.19194603434178248,-0.8172410607040561,4.400116689012744e-05,-0.1663639593726152,-0.36475210306943695
2.191,-0.012879609544469872,0.19194603434178248,0.1827589392959439,1.5998751351408206e-05,0.32173469801125193,-0.10975340764600638
2.192,-0.012879609544469872,0.19194603434178248,0.1827589392959439,-2.759136393477309e-05,0.36546821029340887,0.29452337083649904
2.193,-0.012879609544469872,0.19194603434178248,0.1827589392959439,-2.865668076797419e-05,-0.09508317121245836,0.2897529962317278
2.194,-0.012879609544469872,-0.8080539656582175,0.1827589392959439,5.409914002365226e-06,-0.4237328498347215,-0.11428247120572367
2.195,-0.012879609544469872,-0.8080539656582175,-0.8172410607040561,2.4200075429161596e-05,-0.16719892144695303,-0.35775131627401385
2.196,-0.012879609544469872,0.19194603434178248,0.1827589392959439,9.350633062398281e-06,0.31938650884128983,-0.10643961582525464
2.197,-0.012879609544469872,0.19194603434178248,0.1827589392959439,-1.0215455536043113e-05,0.36411103612839246,0.2896501312657087
2.198,-0.012879609544469872,0.19194603434178248,0.1827589392959439,-1.0238035578995954e-05,-0.0935189126239398,0.2837746366035538
2.199,-0.012879609544469872,-0.8080539656582175,0.1827589392959439,-1.1757868612709874e-06,-0.4205583054099667,-0.11299851255647783
2.2,-0.012879609544469872,0.19194603434178248,0.1827589392959439,8.150498339313549e-07,-0.1662969990741671,-0.3512990564785196
2.201,-0.012879609544469872,0.19194603434178248,0.1827589392959439,1.3636650411073958e-06,0.3161828504841954,-0.10402776163046284
2.202,-0.012879609544469872,0.19194603434178248,0.1827589392959439,8.435660275935985e-06,0.36030888813941575,0.28486865946855733
2.203,-0.012879609544469872,0.19194603434178248,0.1827589392959439,9.297355065114842e-06,-0.09263676142908976,0.27881832318332644
2.204,-0.012879609544469872,-0.8080539656582175,0.1827589392959439,-7.4592694550350415e-06,-0.41522614122515683,-0.11124353278513699
2.205,-0.012879609544469872,0.19194603434178248,-0.8172410607040561,-2.1927154064414016e-05,-0.16328808959814572,-0.34567036251470273
2.206,-0.012879609544469872,0.19194603434178248,0.1827589392959439,-6.439831756854135e-06,0.31206889816615924,-0.10256965750287139
2.207,-0.012879609544469872,0.19194603434178248,0.1827589392959439,2.5072672206639764e-05,0.3537460654826315,0.28042622466384576
2.208,-0.012879609544469872,0.19194603434178248,0.1827589392959439,2.6418500085492314e-05,-0.09255736141996813,0.2750482902757571
2.209,-0.012879609544469872,-0.8080539656582175,0.1827589392959439,-1.2408894209989892e-05,-0.4075837593631126,-0.10919029144397735
2.21,-0.012879609544469872,0.19194603434178248,-0.8172410607040561,-4.003034911806898e-05,-0.15803209595084575,-0.34111485436936
2.211,-0.012879609544469872,0.19194603434178248,0.1827589392959439,-1.2624048279730941e-05,0.30703157478363774,-0.10201084771050949
2.212,-0.012879609544469872,0.19194603434178248,0.1827589392959439,3.687090160259566e-05,0.34438740445271326,0.2766068654273047
2.213,-0.012879609544469872,0.19194603434178248,0.1827589392959439,3.816216058282358e-05,-0.09327899497023512,0.27255490933038407
2.214,-0.012879609544469872,-0.8080539656582175,0.1827589392959439,-1.5259676172524782e-05,-0.39770877827464635,-0.10708346031310048
2.215,-0.012879609544469872,0.19194603434178248,-0.8172410607040561,-5.04996543195975e-05,-0.15065698346545975,-0.3378566448018616
2.216,-0.012879609544469872,0.19194603434178248,0.1827589392959439,-1.6125565152788722e-05,0.30114139575562227,-0.10222340646910257
2.217,-0.012879609544469872,0.19194603434178248,0.1827589392959439,4.200097013189721e-05,0.33252711823562164,0.27370930079093186
2.218,-0.012879609544469872,0.19194603434178248,0.1827589392959439,4.269801357194614e-05,-0.09469163702169704,0.27137581165976865
2.219,-0.012879609544469872,-0.8080539656582175,0.1827589392959439,-1.5645549267785575e-05,-0.3859513583777986,-0.10520176909311847
2.22,-0.012879609544469872,0.19194603434178248,-0.8172410607040561,-5.18929070982393e-05,-0.1415597414716608,-0.33609142853777735
2.221,-0.012879609544469872,0.19194603434178248,0.1827589392959439,-1.6456116560958086e-05,0.29458421570786836,-0.10304345122721546
2.222,-0.012879609544469872,0.19194603434178248,0.1827589392959439,3.994703624847511e-05,0.3187919268662678,0.2720189420706178
2.223,-0.012879609544469872,0.19194603434178248,0.1827589392959439,3.965024286563345e-05,-0.09660620567125625,0.2715153306921253
2.224,-0.012879609544469872,-0.8080539656582175,0.1827589392959439,-1.3649929882340312e-05,-0.3729370212720565,-0.1038169485382366
2.225,-0.012879609544469872,0.19194603434178248,-0.8172410607040561,-4.454447556026359e-05,-0.13136904798244148,-0.33597836659102587
2.226,-0.012879609544469872,0.19194603434178248,0.1827589392959439,-1.3781276688005807e-05,0.2876740405139744,-0.10430604762852191
2.227,-0.012879609544469872,0.19194603434178248,0.1827589392959439,3.155295693458518e-05,0.3040944422728526,0.2717765870501274
2.228,-0.012879609544469872,0.19194603434178248,0.1827589392959439,3.0114561607599116e-05,-0.09879284607550003,0.27295707152965387
2.229,-0.012879609544469872,-0.8080539656582175,0.1827589392959439,-9.767346086609803e-06,-0.359524997171821,-0.10315534176123824
2.23,-0.012879609544469872,0.19194603434178248,-0.8172410607040561,-3.042361552643678e-05,-0.12087414887565617,-0.33762592973556604
2.231,-0.012879609544469872,0.19194603434178248,0.1827589392959439,-8.860962077914639e-06,0.2808413386244831,-0.10587160179895978
2.232,-0.012879609544469872,0.19194603434178248,0.1827589392959439,1.8794573337513286e-05,0.28954054787348277,0.2731470893034302
2.233,-0.012879609544469872,0.19194603434178248,0.1827589392959439,1.6374643658326734e-05,-0.10102110111577371,0.275666644888589
2.234,-0.012879609544469872,-0.8080539656582175,0.1827589392959439,-4.787325656985132e-06,-0.3467244977611584,-0.10336718580073433
2.235,-0.012879609544469872,0.19194603434178248,-0.8172410607040561,-1.266664665640718e-05,-0.1109295505208729,-0.34107273388679976
2.236,-0.012879609544469872,0.19194603434178248,0.1827589392959439,-2.8671919417227865e-06,0.2745957931705796,-0.10764013904958385
2.237,-0.012879609544469872,0.19194603434178248,0.1827589392959439,4.333346149057736e-06,0.2763020016209912,0.2761916890495176
2.238,-0.012879609544469872,0.19194603434178248,0.1827589392959439,1.384983282620086e-06,-0.10309510824300724,0.2795843275401675
2.239,-0.012879609544469872,-0.8080539656582175,0.1827589392959439,3.7274009703243434e-07,-0.3355786638076745,-0.10450710127800338
2.24,-0.012879609544469872,0.19194603434178248,0.1827589392959439,5.1104145486358465e-06,-0.10234880010612965,-0.34626621124368584
2.241,-0.012879609544469872,0.19194603434178248,0.1827589392959439,2.8795613220027177e-06,0.2694673757611998,-0.10955258046219586
2.242,-0.012879609544469872,0.19194603434178248,0.1827589392959439,-9.049287638641534e-06,0.265471467066283,0.280847682869775
2.243,-0.012879609544469872,0.19194603434178248,0.1827589392959439,-1.1865071524553408e-05,-0.10487839732733972,0.28461008394735526
2.244,-0.012879609544469872,0.19194603434178248,0.1827589392959439,4.84960845041979e-06,-0.32703201606221777,-0.10652753736188973
2.245,-0.012879609544469872,0.19194603434178248,-0.8172410607040561,1.956867539474646e-05,-0.09580232487157514,-0.35304333669930127
2.246,-0.012879609544469872,0.19194603434178248,0.1827589392959439,7.197380205471343e-06,0.26593409531548,-0.11158074117415806
2.247,-0.012879609544469872,0.19194603434178248,0.1827589392959439,-1.9015313138441328e-05,0.2579206329852476,0.2869186525849777
2.248,-0.012879609544469872,0.19194603434178248,0.1827589392959439,-2.0968892906244375e-05,-0.1063051379000328,0.290585484771787
2.249,-0.012879609544469872,-0.8080539656582175,0.1827589392959439,7.993393654255243e-06,-0.32180096522303575,-0.10928508659688305
2.25,-0.012879609544469872,0.19194603434178248,-0.8172410607040561,2.831183588681526e-05,-0.09173376294276918,-0.3611182623789449
2.251,-0.012879609544469872,0.19194603434178248,0.1827589392959439,9.291167513750102e-06,0.2643479467135905,-0.11370983270672354
2.252,-0.012879609544469872,0.19194603434178248,0.1827589392959439,-2.41138683856743e-05,0.25418240278320287,0.2940775747072023
2.253,-0.012879609544469872,0.19194603434178248,0.1827589392959439,-2.4571713271145285e-05,-0.10737735386112265,0.29727818821293683
2.254,-0.012879609544469872,-0.8080539656582175,0.1827589392959439,9.47273331100814e-06,-0.32026760253249376,-0.11255796443188028
2.255,-0.012879609544469872,0.19194603434178248,-0.8172410607040561,3.0323209424163017e-05,-0.09030653465595072,-0.37008142485727846
2.256,-0.012879609544469872,0.19194603434178248,0.1827589392959439,8.909431183695157e-06,0.26487183369212663,-0.11591843144502084
2.257,-0.012879609544469872,0.19194603434178248,0.1827589392959439,-2.4016812061278097e-05,0.2543751995188888,0.30188385479490154
2.258,-0.012879609544469872,0.19194603434178248,0.1827589392959439,-2.259611061990024e-05,-0.10815019814653518,0.3043745978101448
2.259,-0.012879609544469872,-0.8080539656582175,0.1827589392959439,9.307457004981056e-06,-0.3224143823972108,-0.11607173295933561
2.26,-0.012879609544469872,0.19194603434178248,-0.8172410607040561,2.608962821573356e-05,-0.09138799424600366,-0.37941346256685415
2.261,-0.012879609544469872,0.19194603434178248,0.1827589392959439,6.3774778478010316e-06,0.2674392728470229,-0.1181610274112751
2.262,-0.012879609544469872,0.19194603434178248,0.1827589392959439,-1.9504676696633222e-05,0.2581816392256857,0.30981379577835294
2.263,-0.012879609544469872,0.19194603434178248,0.1827589392959439,-1.6183169163217628e-05,-0.10870940577912458,0.3114850833435072
2.264,-0.012879609544469872,-0.8080539656582175,0.1827589392959439,7.826484462108873e-06,-0.32781174654851697,-0.11952964547230677
2.265,-0.012879609544469872,0.19194603434178248,-0.8172410607040561,1.7396948331530594e-05,-0.0945730479233239,-0.388515267354194
2.266,-0.012879609544469872,0.19194603434178248,0.1827589392959439,2.502235333469099e-06,0.2717455875763276,-0.12035743301204109
2.267,-0.012879609544469872,0.19194603434178248,0.1827589392959439,-1.2216251794230914e-05,0.2648860312746482,0.3173023830104924
2.268,-0.012879609544469872,0.19194603434178248,0.1827589392959439,-7.37088910577992e-06,-0.10914618439218185,0.3181639715064595
2.269,-0.012879609544469872,0.19194603434178248,0.1827589392959439,5.5646822546748935e-06,-0.33566304303419026,-0.12264381859771545
2.27,-0.012879609544469872,0.19194603434178248,-0.8172410607040561,6.8529874832230635e-06,-0.09924345674853967,-0.3967529935788865
2.271,-0.012879609544469872,0.19194603434178248,0.1827589392959439,-1.6280138693405345e-06,0.2772745324131941,-0.12239172283907843
2.272,-0.012879609544469872,0.19194603434178248,0.1827589392959439,-4.225479391821651e-06,0.27346655110545315,0.3237927484366964
2.273,-0.012879609544469872,0.19194603434178248,0.1827589392959439,1.4121723435890406e-06,-0.10953489198589295,0.3239437727712125
2.274,-0.012879609544469872,-0.8080539656582175,0.1827589392959439,3.1247950697557757e-06,-0.34490244534146963,-0.1251637456017599
2.275,-0.012879609544469872,0.19194603434178248,-0.8172410607040561,-2.7487616014314894e-06,-0.10465401152918612,-0.40351426000773893
2.276,-0.012879609544469872,0.19194603434178248,0.1827589392959439,-4.9030001735102145e-06,0.28335860988215666,-0.12412132918191505
2.277,-0.012879609544469872,0.19194603434178248,0.1827589392959439,2.455244276167448e-06,0.2827298166111583,0.32878846514571314
2.278,-0.012879609544469872,0.19194603434178248,0.1827589392959439,7.921562328653168e-06,-0.1099179234048048,0.3283803029395076
2.279,-0.012879609544469872,-0.8080539656582175,0.1827589392959439,1.0367923231948588e-06,-0.35433333605261463,-0.12689933570671083
2.28,-0.012879609544469872,0.19194603434178248,-0.8172410607040561,-9.079566627387674e-06,-0.11003310972699186,-0.4082695383652633
2.281,-0.012879609544469872,0.19194603434178248,0.1827589392959439,-6.4504835616222595e-06,0.2892656892697913,-0.12539482841353544
2.282,-0.012879609544469872,0.19194603434178248,0.1827589392959439,6.333212606563658e-06,0.2914692328921053,0.33190310396467004
2.283,-0.012879609544469872,0.19194603434178248,0.1827589392959439,1.0610929814185279e-05,-0.11030049502715458,0.3311029882271995
2.284,-0.012879609544469872,-0.8080539656582175,0.1827589392959439,-3.541014215532112e-07,-0.36278810173610604,-0.12773655831647038
2.285,-0.012879609544469872,0.19194603434178248,-0.8172410607040561,-1.0795424078662383e-05,-0.114683494745692,-0.41063122508908334
2.286,-0.012879609544469872,0.19194603434178248,0.1827589392959439,-5.838881568510824e-06,0.2942998638597776,-0.12607520230269903
2.287,-0.012879609544469872,0.19194603434178248,0.1827589392959439,6.754518072559789e-06,0.29862483201267903,0.33290138976274375
2.288,-0.012879609544469872,0.19194603434178248,0.1827589392959439,8.97221854064964e-06,-0.11065583673920837,0.33186314353559665
2.289,-0.012879609544469872,-0.8080539656582175,0.1827589392959439,-9.473077552202048e-07,-0.36928655153148204,-0.12764474371742518
2.29,-0.012879609544469872,0.19194603434178248,-0.8172410607040561,-7.813954044505233e-06,-0.11806925245223969,-0.41040243287474293
2.291,-0.012879609544469872,0.19194603434178248,0.1827589392959439,-3.1775907597263857e-06,0.2979016023706814,-0.12606424844251757
2.292,-0.012879609544469872,0.19194603434178248,0.1827589392959439,4.01701366906894e-06,0.3034219858944134,0.33172688939577233
2.293,-0.012879609544469872,0.19194603434178248,0.1827589392959439,3.6292456967186876e-06,-0.1109390987560139,0.3305726700628097
2.294,-0.012879609544469872,-0.8080539656582175,0.1827589392959439,-8.840829286780747e-07,-0.37316985313499257,-0.1266755183741621
2.295,-0.012879609544469872,0.19194603434178248,-0.8172410607040561,-1.291707508666112e-06,-0.11987749273580106,-0.40760825403930667
2.296,-0.012879609544469872,0.19194603434178248,0.1827589392959439,9.070202116514599e-07,0.2997316928963593,-0.12532352139962355
2.297,-0.012879609544469872,0.19194603434178248,0.1827589392959439,-7.426009878604804e-07,0.3054693672868711,0.3285124218428622
2.298,-0.012879609544469872,0.19194603434178248,0.1827589392959439,-3.832396702069067e-06,-0.11110647815218844,0.32732652168808823
2.299,-0.012879609544469872,-0.8080539656582175,0.1827589392959439,-4.859844660586337e-07,-0.37419007683817895,-0.12495414243793015
2.3,-0.012879609544469872,0.19194603434178248,-0.8172410607040561,6.687040478704149e-06,-0.12004707349538528,-0.4025040946175286
2.301,-0.012879609544469872,0.19194603434178248,0.1827589392959439,5.414336724094402e-06,0.29972540136706427,-0.12388773620753585
2.302,-0.012879609544469872,0.19194603434178248,0.1827589392959439,-5.856486184924319e-06,0.3048024209809928,0.3235711894579762
2.303,-0.012879609544469872,0.19194603434178248,0.1827589392959439,-1.1257355738151224e-05,-0.11113500214492456,0.3224043223920646
2.304,-0.012879609544469872,-0.8080539656582175,0.1827589392959439,-1.5184554593055112e-07,-0.3725417009479821,-0.12266461768722549
2.305,-0.012879609544469872,0.19194603434178248,-0.8172410607040561,1.3634776202307471e-05,-0.11876162361384503,-0.3955584324779151
2.306,-0.012879609544469872,0.19194603434178248,0.1827589392959439,9.199018769356367e-06,0.2981074243784503,-0.12186783618398869
2.307,-0.012879609544469872,0.19194603434178248,0.1827589392959439,-9.55401924537739e-06,0.30186649419564965,0.3173687907418974
2.308,-0.012879609544469872,0.19194603434178248,0.1827589392959439,-1.644366425401579e-05,-0.11103826464268418,0.3162493743504438
2.309,-0.012879609544469872,-0.8080539656582175,0.1827589392959439,-2.3943378926546743e-07,-0.3688298297491688,-0.12003033010046651
2.31,-0.012879609544469872,0.19194603434178248,-0.8172410607040561,1.7276530740472155e-05,-0.11640924117963687,-0.38741064151108545
2.311,-0.012879609544469872,0.19194603434178248,0.1827589392959439,1.1236137192178488e-05,0.2953639919346222,-0.11944267595951676
2.312,-0.012879609544469872,0.19194603434178248,0.1827589392959439,-1.0410672874790808e-05,0.29744247600918844,0.3104785321712305
2.313,-0.012879609544469872,0.19194603434178248,0.1827589392959439,-1.7677652414445876e-05,-0.1108742153642413,0.30942653656583363
2.314,-0.012879609544469872,-0.8080539656582175,0.1827589392959439,-9.607528316493535e-07,-0.3639791427189497,-0.11729219402372482
2.315,-0.012879609544469872,0.19194603434178248,-0.8172410607040561,1.6115693656005235e-05,-0.11351583043212075,-0.3788078797979619
2.316,-0.012879609544469872,0.19194603434178248,0.1827589392959439,1.0862749020641496e-05,0.29217498055603064,-0.11684018366088389
2.317,-0.012879609544469872,0.19194603434178248,0.1827589392959439,-7.713839154574367e-06,0.29252601587075794,0.3035245228128654
2.318,-0.012879609544469872,0.19194603434178248,0.1827589392959439,-1.4159199921031567e-05,-0.1107426863350333,0.3025635712511294
2.319,-0.012879609544469872,-0.8080539656582175,0.1827589392959439,-2.3160959995752617e-06,-0.3590963287526938,-0.11468630114219787
2.32,-0.012879609544469872,0.19194603434178248,-0.8172410607040561,9.820711838998497e-06,-0.11066245228613741,-0.3705279716495608
2.321,-0.012879609544469872,0.19194603434178248,0.1827589392959439,7.941731498129653e-06,0.28931511222779094,-0.11431061314709001
2.322,-0.012879609544469872,0.19194603434178248,0.1827589392959439,-1.6615985740361647e-06,0.2881779246175813,0.2971186332216072
2.323,-0.012879609544469872,0.19194603434178248,0.1827589392959439,-6.220647511821095e-06,-0.11077240333614095,0.2962830618364366
2.324,-0.012879609544469872,0.19194603434178248,0.1827589392959439,-4.082493279297595e-06,-0.3553056411362917,-0.11242297781096659
2.325,-0.012879609544469872,0.19194603434178248,-0.8172410607040561,-6.558706555803138e-07,-0.10839885691130803,-0.36329728205911443
2.326,-0.012879609544469872,0.19194603434178248,0.1827589392959439,2.9105922240294597e-06,0.2875382541802854,-0.1120957884837699
2.327,-0.012879609544469872,0.19194603434178248,0.1827589392959439,6.6515224402698756e-06,0.2853672719616854,0.29179830060329853
2.328,-0.012879609544469872,0.19194603434178248,0.1827589392959439,4.711339633650841e-06,-0.11109937730032593,0.2911335103917862
2.329,-0.012879609544469872,-0.8080539656582175,0.1827589392959439,-5.859338738412368e-06,-0.3535812029044365,-0.11066894504036164
2.33,-0.012879609544469872,0.19194603434178248,-0.8172410607040561,-1.3254612052266591e-05,-0.10716535874384896,-0.3577134674827022
2.331,-0.012879609544469872,0.19194603434178248,0.1827589392959439,-3.2969092439905503e-06,0.28746170521135506,-0.11039887640465249
2.332,-0.012879609544469872,0.19194603434178248,0.1827589392959439,1.5459784424521495e-05,0.2848294516285519,0.2879722201280486
2.333,-0.012879609544469872,0.19194603434178248,0.1827589392959439,1.6404617820679643e-05,-0.11184039573480108,0.28752848847708984
2.334,-0.012879609544469872,-0.8080539656582175,0.1827589392959439,-7.160682308865708e-06,-0.354600206042445,-0.10953397495851158
2.335,-0.012879609544469872,0.19194603434178248,-0.8172410607040561,-2.5245129603916327e-05,-0.10723349285984368,-0.3541825388137637
2.336,-0.012879609544469872,0.19194603434178248,0.1827589392959439,-9.440624249940832e-06,0.2894676831822342,-0.10935911358080118
2.337,-0.012879609544469872,0.19194603434178248,0.1827589392959439,2.2713145173153935e-05,0.28695903506221565,0.28588014067203954
2.338,-0.012879609544469872,0.19194603434178248,0.1827589392959439,2.629917964641917e-05,-0.1130664902767148,0.28570170143133017
2.339,-0.012879609544469872,-0.8080539656582175,0.1827589392959439,-7.532896955407832e-06,-0.35863811950177765,-0.1090630576481526
2.34,-0.012879609544469872,0.19194603434178248,0.1827589392959439,-3.3825671095762744e-05,-0.10867278975036732,-0.3528779351701998
2.341,-0.012879609544469872,0.19194603434178248,0.1827589392959439,-1.423510862133802e-05,0.29363693907123206,-0.10903510533966176
2.342,-0.012879609544469872,0.19194603434178248,0.1827589392959439,2.654030131735193e-05,0.29175199559653325,0.2855713639025715
2.343,-0.012879609544469872,0.19194603434178248,0.1827589392959439,3.206958522789969e-05,-0.1147815199755727,0.28568368616161055
2.344,-0.012879609544469872,-0.8080539656582175,0.1827589392959439,-6.670555605527615e-06,-0.3655209214766585,-0.10923464296006166
2.345,-0.012879609544469872,0.19194603434178248,-0.8172410607040561,-3.6754478196343486e-05,-0.11134703748978454,-0.35372651430766006
2.346,-0.012879609544469872,0.19194603434178248,0.1827589392959439,-1.662581614540978e-05,0.2997248483540394,-0.10939895562505969
2.347,-0.012879609544469872,0.19194603434178248,0.1827589392959439,2.5685016099316757e-05,0.2988046742030058,0.28690432234101615
2.348,-0.012879609544469872,0.19194603434178248,0.1827589392959439,3.2148976701679486e-05,-0.116910320737757,0.2873029209535795
2.349,-0.012879609544469872,-0.8080539656582175,0.1827589392959439,-4.503615991719333e-06,-0.3746411270554144,-0.10996501824032111
2.35,-0.012879609544469872,0.19194603434178248,-0.8172410607040561,-3.2873359899873773e-05,-0.11493917507324933,-0.3564229062719048
2.351,-0.012879609544469872,0.19194603434178248,0.1827589392959439,-1.6020532665477386e-05,0.30718415963314233,-0.11034182160473317
2.352,-0.012879609544469872,0.19194603434178248,0.1827589392959439,1.9818213910530753e-05,0.30736875832819927,0.28956706739418336
2.353,-0.012879609544469872,0.19194603434178248,0.1827589392959439,2.6099063838761485e-05,-0.11929934309767827,0.2902108243429761
2.354,-0.012879609544469872,-0.8080539656582175,0.1827589392959439,-1.235285858073728e-06,-0.3850352274006664,-0.11111835058553958
2.355,-0.012879609544469872,0.19194603434178248,-0.8172410607040561,-2.2406669778647145e-05,-0.11900008676888918,-0.36047003835020763
2.356,-0.012879609544469872,0.19194603434178248,0.1827589392959439,-1.242545579923319e-05,0.315231749556727,-0.11168978730309291
2.357,-0.012879609544469872,0.19194603434178248,0.1827589392959439,9.655013919848221e-06,0.3164537381958014,0.29311596614149
2.358,-0.012879609544469872,0.19194603434178248,0.1827589392959439,1.4743308504290569e-05,-0.12173059915544757,0.2939269475280964
2.359,-0.012879609544469872,-0.8080539656582175,0.1827589392959439,2.6792243932116307e-06,-0.39551144192288273,-0.11252140052048787
2.36,-0.012879609544469872,0.19194603434178248,-0.8172410607040561,-6.967164962912581e-06,-0.12301356394590277,-0.3652403338071031
2.361,-0.012879609544469872,0.19194603434178248,0.1827589392959439,-6.4556092384143595e-06,0.32295027773613516,-0.11322748848204252
2.362,-0.012879609544469872,0.19194603434178248,0.1827589392959439,-3.1519595875554013e-06,0.3249618933860945,0.2970277244841517
2.363,-0.012879609544469872,0.19194603434178248,0.1827589392959439,3.14466586323618e-08,-0.12394743530364956,0.29789808130405154
2.364,-0.012879609544469872,-0.8080539656582175,0.1827589392959439,6.609888675817395e-06,-0.40480967310277605,-0.11398145418353539
2.365,-0.012879609544469872,0.19194603434178248,-0.8172410607040561,1.0736518591819834e-05,-0.12646792912496505,-0.3700495754935819
2.366,-0.012879609544469872,0.19194603434178248,0.1827589392959439,7.837811338694294e-07,0.32941052850654984,-0.11472591440823737
2.367,-0.012879609544469872,0.19194603434178248,0.1827589392959439,-1.6323226377363682e-05,0.3318367132073001,0.3007583186742944
2.368,-0.012879609544469872,0.19194603434178248,0.1827589392959439,-1.533857683524562e-05,-0.12568854776510072,0.30156336563942826
2.369,-0.012879609544469872,-0.8080539656582175,0.1827589392959439,9.869581195274324e-06,-0.4117712321272631,-0.11530568048470698
2.37,-0.012879609544469872,0.19194603434178248,-0.8172410607040561,2.7431546796825394e-05,-0.12892443968048756,-0.3742340497429168
2.371,-0.012879609544469872,0.19194603434178248,0.1827589392959439,7.920544817555396e-06,0.33379722776725623,-0.11597039614313759
2.372,-0.012879609544469872,0.19194603434178248,0.1827589392959439,-2.740312082176716e-05,0.3362042804814304,0.30380173409552247
2.373,-0.012879609544469872,0.19194603434178248,0.1827589392959439,-2.8462763674074427e-05,-0.12672513489183676,0.3044170178160076
2.374,-0.012879609544469872,-0.8080539656582175,0.1827589392959439,1.1848059150759844e-05,-0.41549484395767533,-0.11631995184991246
2.375,-0.012879609544469872,0.19194603434178248,-0.8172410607040561,3.994071521497577e-05,-0.13007356224657227,-0.37722151775128016
2.376,-0.012879609544469872,0.19194603434178248,0.1827589392959439,1.3596445240021355e-05,0.33552066433622246,-0.11678499941305055
2.377,-0.012879609544469872,0.19194603434178248,0.1827589392959439,-3.425615359147131e-05,0.33748864919390215,0.3057416668487795
2.378,-0.012879609544469872,0.19194603434178248,0.1827589392959439,-3.682322485963755e-05,-0.1268954039411551,0.3060610136655027
2.379,-0.012879609544469872,-0.8080539656582175,0.1827589392959439,1.2134365653916923e-05,-0.4154577244224455,-0.11688521069734233
2.38,-0.012879609544469872,0.19194603434178248,-0.8172410607040561,4.5831493837322986e-05,-0.12977230683209667,-0.37858777872416005
2.381,-0.012879609544469872,0.19194603434178248,0.1827589392959439,1.6746128156119697e-05,0.3342985674895965,-0.1170503055152283
2.382,-0.012879609544469872,0.19194603434178248,0.1827589392959439,-3.5504622491700165e-05,0.3354863103470646,0.30629049365202954
2.383,-0.012879609544469872,0.19194603434178248,0.1827589392959439,-3.8805177778511285e-05,-0.1261309420179736,0.3062418163246903
2.384,-0.012879609544469872,-0.8080539656582175,0.1827589392959439,1.0602199747224777e-05,-0.411585742367854,-0.11690973204833197
2.385,-0.012879609544469872,0.19194603434178248,-0.8172410607040561,4.3917254120090456e-05,-0.12805866974736593,-0.3780928809551658
2.386,-0.012879609544469872,0.19194603434178248,0.1827589392959439,1.681485169544987e-05,0.33019704637412794,-0.11671273368075553
2.387,-0.012879609544469872,0.19194603434178248,0.1827589392959439,-3.0815287522850074e-05,0.33039080719364633,0.3053116838258126
2.388,-0.012879609544469872,0.19194603434178248,0.1827589392959439,-3.402937029724815e-05,-0.12447067308588998,0.30486774681643775
2.389,-0.012879609544469872,-0.8080539656582175,0.1827589392959439,7.4405790712197165e-06,-0.40426401554993274,-0.11635610693664457
2.39,-0.012879609544469872,0.19194603434178248,-0.8172410607040561,3.4504865443410973e-05,-0.1251424214993217,-0.37569403915480587
2.391,-0.012879609544469872,0.19194603434178248,0.1827589392959439,1.3868741804260753e-05,0.3236253036182278,-0.11578492466053975
2.392,-0.012879609544469872,0.19194603434178248,0.1827589392959439,-2.0974815177841854e-05,0.3227655320975706,0.3028241355725991
2.393,-0.012879609544469872,0.19194603434178248,0.1827589392959439,-2.3429713477437875e-05,-0.12206004796264534,0.3020064283680503
2.394,-0.012879609544469872,-0.8080539656582175,0.1827589392959439,3.123543858123293e-06,-0.3942876379913057,-0.11524239948278593
2.395,-0.012879609544469872,0.19194603434178248,-0.8172410607040561,1.9336600664927437e-05,-0.12137454835933771,-0.3715355677920343
2.396,-0.012879609544469872,0.19194603434178248,0.1827589392959439,8.574324626830194e-06,0.31528539617144535,-0.11433804070696563
2.397,-0.012879609544469872,0.19194603434178248,0.1827589392959439,-7.73828756547991e-06,0.3134697138898335,0.2989893275285361
2.398,-0.012879609544469872,0.19194603434178248,0.1827589392959439,-9.06005186227417e-06,-0.11913542313088563,0.29786447349710243
2.399,-0.012879609544469872,-0.8080539656582175,0.1827589392959439,-1.6747708903757378e-06,-0.3827603871767657,-0.11363763235704119
2.4,-0.012879609544469872,0.19194603434178248,0.1827589392959439,1.2389703638008505e-06,-0.11720022712682783,-0.3659191554569238
2.401,-0.012879609544469872,0.19194603434178248,0.1827589392959439,2.0521162426186505e-06,0.3060845551684226,-0.11248793288826228
2.402,-0.012879609544469872,0.19194603434178248,0.1827589392959439,6.517239873512007e-06,0.30354863363834333,0.29408433568772824
2.403,-0.012879609544469872,0.19194603434178248,0.1827589392959439,6.3285502601501885e-06,-0.11599588567520823,0.2927538143783535
2.404,-0.012879609544469872,-0.8080539656582175,0.1827589392959439,-6.2023196919926306e-06,-0.37095607047164353,-0.11165243348765282
2.405,-0.012879609544469872,0.19194603434178248,-0.8172410607040561,-1.6447174330152832e-05,-0.11310199489063638,-0.35926014925986455
2.406,-0.012879609544469872,0.19194603434178248,0.1827589392959439,-4.363947747639682e-06,0.29702259032551354,-0.11037782542737336
2.407,-0.012879609544469872,0.19194603434178248,0.1827589392959439,1.9261550688743135e-05,0.29410341168172116,0.2884653688354836
2.408,-0.012879609544469872,0.19194603434178248,0.1827589392959439,1.985020334473059e-05,-0.11296669114910927,0.2870504927801021
2.409,-0.012879609544469872,-0.8080539656582175,0.1827589392959439,-9.763990964362087e-06,-0.3601617337866162,-0.10942623224114334
2.41,-0.012879609544469872,0.19194603434178248,-0.8172410607040561,-3.053534201559714e-05,-0.10954060979591658,-0.35203687279737206
2.411,-0.012879609544469872,0.19194603434178248,0.1827589392959439,-9.40931960865525e-06,0.2890699977880899,-0.1081603851441583
2.412,-0.012879609544469872,0.19194603434178248,0.1827589392959439,2.8304943341996734e-05,0.2861577880882144,0.28252730702687573
2.413,-0.012879609544469872,0.19194603434178248,0.1827589392959439,2.906740588307648e-05,-0.11035968785533432,0.28115215645880687
2.414,-0.012879609544469872,-0.8080539656582175,0.1827589392959439,-1.1842547825459719e-05,-0.3515237194651445,-0.10711274223593993
2.415,-0.012879609544469872,0.19194603434178248,-0.8172410607040561,-3.862115183655472e-05,-0.10690095898860169,-0.3447402120888107
2.416,-0.012879609544469872,0.19194603434178248,0.1827589392959439,-1.2153039641612635e-05,0.2830531750430786,-0.1059817822586367
2.417,-0.012879609544469872,0.19194603434178248,0.1827589392959439,3.2215162616724146e-05,0.2805389999015136,0.27666469604345434
2.418,-0.012879609544469872,0.19194603434178248,0.1827589392959439,3.24726609905016e-05,-0.10843642055941127,0.2754399477141395
2.419,-0.012879609544469872,-0.8080539656582175,0.1827589392959439,-1.2182659254792881e-05,-0.3459163922392795,-0.10486555753982992
2.42,-0.012879609544469872,0.19194603434178248,-0.8172410607040561,-3.9539369525282696e-05,-0.10544935137698051,-0.33782980200836127
2.421,-0.012879609544469872,0.19194603434178248,0.1827589392959439,-1.2186719321550339e-05,0.27956158953837945,-0.10396968594038074
2.422,-0.012879609544469872,0.19194603434178248,0.1827589392959439,3.057335046045839e-05,0.27778730285790904,0.27123880264613
2.423,-0.012879609544469872,0.19194603434178248,0.1827589392959439,2.9768665134958206e-05,-0.10737901063174865,0.27024906898988155
2.424,-0.012879609544469872,0.19194603434178248,0.1827589392959439,-1.082318764069862e-05,-0.3438495396333855,-0.10282550780709432
2.425,-0.012879609544469872,0.19194603434178248,-0.8172410607040561,-3.3557894283367035e-05,-0.10530682605994957,-0.3317013383324308
2.426,-0.012879609544469872,0.19194603434178248,0.1827589392959439,-9.698176686863117e-06,0.27888816384534176,-0.10222621508846473
2.427,-0.012879609544469872,0.19194603434178248,0.1827589392959439,2.401968368264402e-05,0.27810434584764215,0.26655384670375615
2.428,-0.012879609544469872,0.19194603434178248,0.1827589392959439,2.189097390608288e-05,-0.10727252676125944,0.26585035159934306
2.429,-0.012879609544469872,-0.8080539656582175,0.1827589392959439,-8.073823016323597e-06,-0.3454246433201256,-0.1011109996458913
2.43,-0.012879609544469872,0.19194603434178248,-0.8172410607040561,-2.2273008097156343e-05,-0.10644096350282717,-0.3266671743183445
2.431,-0.012879609544469872,0.19194603434178248,0.1827589392959439,-5.414751066438124e-06,0.28100913140789724,-0.10082585839851871
2.432,-0.012879609544469872,0.19194603434178248,0.1827589392959439,1.4084160718904147e-05,0.2813451491259561,0.2628436726475576
2.433,-0.012879609544469872,0.19194603434178248,0.1827589392959439,1.0772429828536405e-05,-0.10810064994821086,0.26244299854731007
2.434,-0.012879609544469872,-0.8080539656582175,0.1827589392959439,-4.443445362538741e-06,-0.3503433066967792,-0.09981199062836602
2.435,-0.012879609544469872,0.19194603434178248,-0.8172410607040561,-8.23378134373089e-06,-0.10867638166577961,-0.3229498628804173
2.436,-0.012879609544469872,0.19194603434178248,0.1827589392959439,-4.297063743833149e-07,0.2856039695236198,-0.09981746880710572
2.437,-0.012879609544469872,0.19194603434178248,0.1827589392959439,2.843026864409e-06,0.2870526379684012,0.26026823366098284
2.438,-0.012879609544469872,0.19194603434178248,0.1827589392959439,-1.0963008893138504e-06,-0.10975433903979014,0.26015670133793084
2.439,-0.012879609544469872,-0.8080539656582175,0.1827589392959439,-5.368747457390144e-07,-0.3579641161383225,-0.09898760200610153
2.44,-0.012879609544469872,0.19194603434178248,0.1827589392959439,5.619613831585998e-06,-0.11172190064872463,-0.3206861117679569
2.441,-0.012879609544469872,0.19194603434178248,0.1827589392959439,4.049426063531692e-06,0.2921105745433318,-0.0992287809601024
2.442,-0.012879609544469872,0.19194603434178248,0.1827589392959439,-7.522997162530618e-06,0.2945283173683319,0.2589176655069103
2.443,-0.012879609544469872,0.19194603434178248,0.1827589392959439,-1.121282196992909e-05,-0.1120512780916134,0.25905987912763456
2.444,-0.012879609544469872,-0.8080539656582175,0.1827589392959439,3.057927705675681e-06,-0.36739807404994373,-0.09866679040403893
2.445,-0.012879609544469872,0.19194603434178248,-0.8172410607040561,1.658089503850103e-05,-0.11521049929993658,-0.3199371013595918
2.446,-0.012879609544469872,0.19194603434178248,0.1827589392959439,6.974752115849693e-06,0.29980638070784466,-0.09907160058554262
2.447,-0.012879609544469872,0.19194603434178248,0.1827589392959439,-1.5173650274666012e-05,0.3029284126819284,0.2588206938971382
2.448,-0.012879609544469872,0.19194603434178248,0.1827589392959439,-1.7596853932749408e-05,-0.11476244855005227,0.2591700921004198
2.449,-0.012879609544469872,-0.8080539656582175,0.1827589392959439,5.8695799083308765e-06,-0.37762826190430165,-0.09885107202548328
2.45,-0.012879609544469872,0.19194603434178248,-0.8172410607040561,2.2731910252293055e-05,-0.11874684455009611,-0.3207005182617769
2.451,-0.012879609544469872,0.19194603434178248,0.1827589392959439,7.693580687834905e-06,0.30790322597892233,-0.09934590907683516
2.452,-0.012879609544469872,0.19194603434178248,0.1827589392959439,-1.8963890030001334e-05,0.31137213360821614,0.2599538175030349
2.453,-0.012879609544469872,0.19194603434178248,0.1827589392959439,-1.919714671147185e-05,-0.11764143240934787,0.2604628367810237
2.454,-0.012879609544469872,-0.8080539656582175,0.1827589392959439,7.6114542869246714e-06,-0.38763708610901343,-0.09951810078300524
2.455,-0.012879609544469872,0.19194603434178248,-0.8172410607040561,2.3309689375797004e-05,-0.12195646425530475,-0.3229200611012978
2.456,-0.012879609544469872,0.19194603434178248,0.1827589392959439,6.093547429557241e-06,0.31564275907627043,-0.10004158180952086
2.457,-0.012879609544469872,0.19194603434178248,0.1827589392959439,-1.8636685247047428e-05,0.3190478968265074,0.26224817316490384
2.458,-0.012879609544469872,0.19194603434178248,0.1827589392959439,-1.608568216181713e-05,-0.12045209768912538,0.2628758831621591
2.459,-0.012879609544469872,-0.8080539656582175,0.1827589392959439,8.207613361648989e-06,-0.396524512279789,-0.10062497626668451
2.46,-0.012879609544469872,0.19194603434178248,0.1827589392959439,1.8812255972349828e-05,-0.12453060525744107,-0.3264894756387106
2.461,-0.012879609544469872,0.19194603434178248,0.1827589392959439,2.625114831059746e-06,0.3223800866552205,-0.10113713793369261
2.462,-0.012879609544469872,0.19194603434178248,0.1827589392959439,-1.4818500716691704e-05,0.325304366177866,0.2655921160032529
2.463,-0.012879609544469872,0.19194603434178248,0.1827589392959439,-9.40060591524131e-06,-0.12299108191941109,0.26630786324951666
2.464,-0.012879609544469872,-0.8080539656582175,0.1827589392959439,7.775343756193345e-06,-0.4036029508330059,-0.10211047990752616
2.465,-0.012879609544469872,0.19194603434178248,-0.8172410607040561,1.082689118699459e-05,-0.1262614528804922,-0.33125010935189153
2.466,-0.012879609544469872,0.19194603434178248,0.1827589392959439,-1.8036895479652015e-06,0.32764591800498405,-0.10259578022510453
2.467,-0.012879609544469872,0.19194603434178248,0.1827589392959439,-8.825395328016799e-06,0.3297158036135849,0.2698291075766278
2.468,-0.012879609544469872,0.19194603434178248,0.1827589392959439,-1.0545029069914626e-06,-0.12510278367737582,0.27061166078855114
2.469,-0.012879609544469872,-0.8080539656582175,0.1827589392959439,6.572283329405741e-06,-0.408458471406029,-0.10389594086155374
2.47,-0.012879609544469872,0.19194603434178248,-0.8172410607040561,1.6250007752237589e-06,-0.12706360830938335,-0.3369831575679902
2.471,-0.012879609544469872,0.19194603434178248,0.1827589392959439,-6.037160715464407e-06,0.33118118820224235,-0.10435978305862252
2.472,-0.012879609544469872,0.19194603434178248,0.1827589392959439,-2.3282987249723115e-06,0.33211504498200206,0.2747521881226115
2.473,-0.012879609544469872,0.19194603434178248,0.1827589392959439,6.724252559888938e-06,-0.12668612115741926,0.2755849197421142
2.474,-0.012879609544469872,-0.8080539656582175,0.1827589392959439,4.922959631171887e-06,-0.4109731360724374,-0.10588501242532393
2.475,-0.012879609544469872,0.19194603434178248,-0.8172410607040561,-6.382200028327464e-06,-0.12697939519430732,-0.343399768296849
2.476,-0.012879609544469872,0.19194603434178248,0.1827589392959439,-8.93997673470253e-06,0.33294240095114125,-0.10634488913631816
2.477,-0.012879609544469872,0.19194603434178248,0.1827589392959439,3.0446731541505932e-06,0.3325918743424548,0.2800977717961159
2.478,-0.012879609544469872,0.19194603434178248,0.1827589392959439,1.1913368486554284e-05,-0.12769381331791202,0.28096132864753065
2.479,-0.012879609544469872,-0.8080539656582175,0.1827589392959439,3.142697557018767e-06,-0.41130868643680607,-0.10796317175363483
2.48,-0.012879609544469872,0.19194603434178248,-0.8172410607040561,-1.120404725921205e-05,-0.1261675217363451,-0.35013356882143387
2.481,-0.012879609544469872,0.19194603434178248,0.1827589392959439,-9.663758892451485e-06,0.3330800663215864,-0.10843665968070237
2.482,-0.012879609544469872,0.19194603434178248,0.1827589392959439,6.079207629050668e-06,0.33145907387959556,0.2855424341045951
2.483,-0.012879609544469872,0.19194603434178248,0.1827589392959439,1.3164950671397416e-05,-0.12812610395120427,0.2864069625017817
2.484,-0.012879609544469872,-0.8080539656582175,0.1827589392959439,1.4758348983790414e-06,-0.40985684011625695,-0.10999812073625273
2.485,-0.012879609544469872,0.19194603434178248,-0.8172410607040561,-1.172199422994213e-05,-0.12487665341548349,-0.3567406583737306
2.486,-0.012879609544469872,0.19194603434178248,0.1827589392959439,-7.852299844718575e-06,0.33189602243154775,-0.11049062160829533
2.487,-0.012879609544469872,0.19194603434178248,0.1827589392959439,6.237413861869754e-06,0.32919240767988883,0.2907065327698842
2.488,-0.012879609544469872,0.19194603434178248,0.1827589392959439,1.0116062176964506e-05,-0.12802148251890724,0.29152570720899074
2.489,-0.012879609544469872,-0.8080539656582175,0.1827589392959439,6.047401878601391e-08,-0.4071654026907433,-0.11184237136345793
2.49,-0.012879609544469872,0.19194603434178248,-0.8172410607040561,-7.933179243666559e-06,-0.1234073325785959,-0.3627115179392167
2.491,-0.012879609544469872,0.19194603434178248,0.1827589392959439,-3.7386603052752605e-06,0.3297876855850729,-0.11233756855702617
2.492,-0.012879609544469872,0.19194603434178248,0.1827589392959439,3.756106494760502e-06,0.32635378690283007,0.29516782199035624
2.493,-0.012879609544469872,0.19194603434178248,0.1827589392959439,3.4727241708942512e-06,-0.12744697378498207,0.29587664081682696
2.494,-0.012879609544469872,-0.8080539656582175,0.1827589392959439,-1.0751386096944358e-06,-0.4038518298740133,-0.11333909776605675
2.495,-0.012879609544469872,0.19194603434178248,-0.8172410607040561,-9.33950737159189e-07,-0.12206719586944859,-0.36749764974144394
2.496,-0.012879609544469872,0.19194603434178248,0.1827589392959439,1.8891964078071454e-06,0.32718814406753494,-0.11379456794307448
2.497,-0.012879609544469872,0.19194603434178248,0.1827589392959439,-4.37634279023356e-07,0.32350853870650104,0.2984867437003228
2.498,-0.012879609544469872,0.19194603434178248,0.1827589392959439,-5.151022031330848e-06,-0.12649001542310434,0.29900434813090937
2.499,-0.012879609544469872,-0.8080539656582175,0.1827589392959439,-1.9873299335928588e-06,-0.4005165702457048,-0.11433183943807369
2.5,-0.012879609544469872,0.19194603434178248,-0.8172410607040561,7.350473851046307e-06,-0.12112539628139705,-0.370553296446643
2.501,-0.012879609544469872,0.19194603434178248,0.1827589392959439,7.8487162756841e-06,0.32451050105913987,-0.11468122836069071
2.502,-0.012879609544469872,0.19194603434178248,0.1827589392959439,-4.9709536059259625e-06,0.32114791649656194,0.3002430161986256
2.503,-0.012879609544469872,0.19194603434178248,0.1827589392959439,-1.3602979588432846e-05,-0.1252529789984034,0.30048078930423355
2.504,-0.012879609544469872,-0.8080539656582175,0.1827589392959439,-2.7722218970553176e-06,-0.3976675216302591,-0.11467791455646754
2.505,-0.012879609544469872,0.19194603434178248,0.1827589392959439,1.4627565195257391e-05,-0.12077239038380481,-0.3713896866906702
2.506,-0.012879609544469872,0.19194603434178248,0.1827589392959439,1.2815551376008882e-05,0.3221031980910928,-0.11483975349433753
2.507,-0.012879609544469872,0.19194603434178248,0.1827589392959439,-8.371584044144554e-06,0.3196267844143978,0.3000808197764654
2.508,-0.012879609544469872,0.19194603434178248,0.1827589392959439,-1.9689124623100282e-05,-0.12385025622340338,0.29995491478459335
2.509,-0.012879609544469872,-0.8080539656582175,0.1827589392959439,-3.5149391129545155e-06,-0.3956645105701396,-0.11426456684727208
2.51,-0.012879609544469872,0.19194603434178248,-0.8172410607040561,1.8785238868159665e-05,-0.12109073200375721,-0.3696363958079427
2.511,-0.012879609544469872,0.19194603434178248,0.1827589392959439,1.5614472903704064e-05,0.3202205887207603,-0.11415642523416637
2.512,-0.012879609544469872,0.19194603434178248,0.1827589392959439,-9.435677253543548e-06,0.3191239949781187,0.29775770014106845
2.513,-0.012879609544469872,0.19194603434178248,0.1827589392959439,-2.1685604714830425e-05,-0.12240680111621548,0.29720414127467
2.514,-0.012879609544469872,-0.8080539656582175,0.1827589392959439,-4.246941035298164e-06,-0.3946892925539037,-0.11302607313809247
2.515,-0.012879609544469872,0.19194603434178248,-0.8172410607040561,1.840176808476357e-05,-0.12204123968428768,-0.3651021108598038
2.516,-0.012879609544469872,0.19194603434178248,0.1827589392959439,1.54848211295917e-05,0.31901024643485404,-0.11258157860104483
2.517,-0.012879609544469872,0.19194603434178248,0.1827589392959439,-7.5325213766322295e-06,0.31962970384401446,0.2931906779764955
2.518,-0.012879609544469872,0.19194603434178248,0.1827589392959439,-1.8751632606167852e-05,-0.1210563363189277,0.29218046620788396
2.519,-0.012879609544469872,-0.8080539656582175,0.1827589392959439,-4.92286065331328e-06,-0.3947427070962249,-0.11095943668792817
2.52,-0.012879609544469872,0.19194603434178248,-0.8172410607040561,1.3102224673806616e-05,-0.12346699255894925,-0.3578257997569137
2.521,-0.012879609544469872,0.19194603434178248,0.1827589392959439,1.2261546210226397e-05,0.3185158504567811,-0.11014497070058042
2.522,-0.012879609544469872,0.19194603434178248,0.1827589392959439,-2.7761865686302943e-06,0.3209601691988733,0.28649230769772976
2.523,-0.012879609544469872,0.19194603434178248,0.1827589392959439,-1.114979392383235e-05,-0.11993726884948029,0.28504369289251
2.524,-0.012879609544469872,-0.8080539656582175,0.1827589392959439,-5.422852298447978e-06,-0.3956668599949605,-0.10813601752614212
2.525,-0.012879609544469872,0.19194603434178248,-0.8172410607040561,3.679782244560697e-06,-0.12511526741994172,-0.34810931954007057
2.526,-0.012879609544469872,0.19194603434178248,0.1827589392959439,6.430514517206756e-06,0.31869239655939335,-0.10696375915933846
2.527,-0.012879609544469872,0.19194603434178248,0.1827589392959439,3.9757735583118345e-06,0.32279694069740905,0.27798978638974803
2.528,-0.012879609544469872,0.19194603434178248,0.1827589392959439,-2.22265396729445e-07,-0.11918477532972174,0.2761751048157841
2.529,-0.012879609544469872,-0.8080539656582175,0.1827589392959439,-5.579811602870899e-06,-0.39718703947299605,-0.10470659314958917
2.53,-0.012879609544469872,0.19194603434178248,-0.8172410607040561,-8.047749406529836e-06,-0.1266750437216378,-0.33652397525945227
2.531,-0.012879609544469872,0.19194603434178248,0.1827589392959439,-9.563400625071414e-07,0.3194291960952817,-0.10324107340788059
2.532,-0.012879609544469872,0.19194603434178248,0.1827589392959439,1.129760056091639e-05,0.3247442083440414,0.2682217233774297
2.533,-0.012879609544469872,0.19194603434178248,0.1827589392959439,1.1875015514891884e-05,-0.11891844159193304,0.26616692437481115
2.534,-0.012879609544469872,-0.8080539656582175,0.1827589392959439,-5.224533845192578e-06,-0.39896587687768403,-0.10089792437147493
2.535,-0.012879609544469872,0.19194603434178248,-0.8172410607040561,-1.9617091948326095e-05,-0.12782540184207217,-0.3238863481574536
2.536,-0.012879609544469872,0.19194603434178248,0.1827589392959439,-8.490024593085323e-06,0.3205757621140057,-0.09925429374000472
2.537,-0.012879609544469872,0.19194603434178248,0.1827589392959439,1.750662069960562e-05,0.32639583538619443,0.257909705148444
2.538,-0.012879609544469872,0.19194603434178248,0.1827589392959439,2.2624749276938802e-05,-0.11922609377689819,0.25578579441692706
2.539,-0.012879609544469872,-0.8080539656582175,0.1827589392959439,-4.237389862260449e-06,-0.40066124873492914,-0.096999872566951
2.54,-0.012879609544469872,0.19194603434178248,-0.8172410607040561,-2.845280302594269e-05,-0.12828835339582134,-0.31120251947676375
2.541,-0.012879609544469872,0.19194603434178248,0.1827589392959439,-1.4694339020922931e-05,0.3219661785222922,-0.0953334972957692
2.542,-0.012879609544469872,0.19194603434178248,0.1827589392959439,2.10419776519916e-05,0.32740250380770997,0.24790501999307624
2.543,-0.012879609544469872,0.19194603434178248,0.1827589392959439,2.969012110194497e-05,-0.12014577377905435,0.24591195096652202
2.544,-0.012879609544469872,-0.8080539656582175,0.1827589392959439,-2.5934208251701813e-06,-0.4019796223137037,-0.09334335762988986
2.545,-0.012879609544469872,0.19194603434178248,0.1827589392959439,-3.2438366877390925e-05,-0.12787865494385572,-0.2995841154323209
2.546,-0.012879609544469872,0.19194603434178248,0.1827589392959439,-1.83350360845771e-05,0.32343870877738107,-0.09183189772565939
2.547,-0.012879609544469872,0.19194603434178248,0.1827589392959439,2.082675078669913e-05,0.32752957245209874,0.23911440021737626
2.548,-0.012879609544469872,0.19194603434178248,0.1827589392959439,3.142830856011012e-05,-0.12164889708085358,0.23745923061858076
2.549,-0.012879609544469872,-0.8080539656582175,0.1827589392959439,-3.8920335681659674e-07,-0.4027178432827547,-0.09027078847755589
2.55,-0.012879609544469872,0.19194603434178248,-0.8172410607040561,-3.0399309734567294e-05,-0.12654316037081345,-0.2901437748393081
2.551,-0.012879609544469872,0.19194603434178248,0.1827589392959439,-1.868172776157497e-05,0.32484893361253286,-0.08909129684798017
2.552,-0.012879609544469872,0.19194603434178248,0.1827589392959439,1.6532399739426402e-05,0.3266976436563943,0.2324118870624043
2.553,-0.012879609544469872,0.19194603434178248,0.1827589392959439,2.7262814035859883e-05,-0.1236282194612464,0.23128406310025534
2.554,-0.012879609544469872,-0.8080539656582175,0.1827589392959439,2.1559969133252093e-06,-0.4027884895659012,-0.08810183885679546
2.555,-0.012879609544469872,0.19194603434178248,-0.8172410607040561,-2.2390685870433667e-05,-0.12438332645954085,-0.28388106403352464
2.556,-0.012879609544469872,0.19194603434178248,0.1827589392959439,-1.5665404595493176e-05,0.3260762878990594,-0.08740640263447058
2.557,-0.012879609544469872,0.19194603434178248,0.1827589392959439,8.68529970505574e-06,0.32500026001722454,0.2285464227196742
2.558,-0.012879609544469872,0.19194603434178248,0.1827589392959439,1.783144453248801e-05,-0.12589414702953455,0.22809367176987083
2.559,-0.012879609544469872,-0.8080539656582175,0.1827589392959439,4.726405225456147e-06,-0.4022265207460599,-0.08709838130395771
2.56,-0.012879609544469872,0.19194603434178248,0.1827589392959439,-9.723058191344751e-06,-0.12165651629769893,-0.2815719865904589
2.561,-0.012879609544469872,0.19194603434178248,0.1827589392959439,-9.896436343292046e-06,0.32702519644482947,-0.08699221640462515
2.562,-0.012879609544469872,0.19194603434178248,0.1827589392959439,-1.4107644404958398e-06,0.3226962865245735,0.22805610978969593
2.563,-0.012879609544469872,0.19194603434178248,0.1827589392959439,4.874828363752889e-06,-0.12818209074741105,0.22836449507285053
2.564,-0.012879609544469872,-0.8080539656582175,0.1827589392959439,6.9586986420503145e-06,-0.4011776542568608,-0.08743286582436606
2.565,-0.012879609544469872,0.19194603434178248,-0.8172410607040561,5.282462905975783e-06,-0.11875451423113573,-0.2836756795020143
2.566,-0.012879609544469872,0.19194603434178248,0.1827589392959439,-2.537850282440369e-06,0.3276228661274594,-0.08795848940914078
2.567,-0.012879609544469872,0.19194603434178248,0.1827589392959439,-1.1922319928089502e-05,0.3201779651726285,0.2311999897639122
2.568,-0.012879609544469872,0.19194603434178248,0.1827589392959439,-9.11351102821606e-06,-0.13017207269336942,0.23228117863957948
2.569,-0.012879609544469872,-0.8080539656582175,0.1827589392959439,8.504114971888848e-06,-0.3998713345798991,-0.08916433304272027
2.57,-0.012879609544469872,0.19194603434178248,-0.8172410607040561,1.9760681101931223e-05,-0.1161608189052648,-0.29027050671072346
2.571,-0.012879609544469872,0.19194603434178248,0.1827589392959439,4.93990103291263e-06,0.3278160667614413,-0.09029450989687446
2.572,-0.012879609544469872,0.19194603434178248,0.1827589392959439,-2.0853195185572374e-05,0.3179189129793663,0.23791661659246155
2.573,-0.012879609544469872,0.19194603434178248,0.1827589392959439,-2.140247582379654e-05,-0.13151985123635712,0.2397044055190327
2.574,-0.012879609544469872,-0.8080539656582175,0.1827589392959439,9.091202606578478e-06,-0.3985830314549076,-0.09222556070422211
2.575,-0.012879609544469872,0.19194603434178248,-0.8172410607040561,3.089231279586258e-05,-0.11439138395125961,-0.30102867041684017
2.576,-0.012879609544469872,0.19194603434178248,0.1827589392959439,1.107041409138882e-05,0.3275689367988771,-0.09386629832588834
2.577,-0.012879609544469872,0.19194603434178248,0.1827589392959439,-2.645359931754558e-05,0.31640904314079,0.2478157926074794
2.578,-0.012879609544469872,0.19194603434178248,0.1827589392959439,-2.959449110998758e-05,-0.1318967613177935,0.2501725717352309
2.579,-0.012879609544469872,-0.8080539656582175,0.1827589392959439,8.5766127872992e-06,-0.39759170774601027,-0.09642362186744062
2.58,-0.012879609544469872,0.19194603434178248,0.1827589392959439,3.64919824030697e-05,-0.11392607758824431,-0.3152340268073547
2.581,-0.012879609544469872,0.19194603434178248,0.1827589392959439,1.4701849390397241e-05,0.32686310379521616,-0.09842681663070547
2.582,-0.012879609544469872,0.19194603434178248,0.1827589392959439,-2.758447317130933e-05,0.3160851695966218,0.26020594455621443
2.583,-0.012879609544469872,0.19194603434178248,0.1827589392959439,-3.2129722722345034e-05,-0.1310336274381837,0.26293829114869005
2.584,-0.012879609544469872,-0.8080539656582175,0.1827589392959439,6.973954369497342e-06,-0.39713855273123405,-0.10145452916464705
2.585,-0.012879609544469872,0.19194603434178248,-0.8172410607040561,3.546812631344156e-05,-0.11513983054255841,-0.33184258507603576
2.586,-0.012879609544469872,0.19194603434178248,0.1827589392959439,1.523888624931248e-05,0.3257004141898338,-0.10363823453266265
2.587,-0.012879609544469872,0.19194603434178248,0.1827589392959439,-2.3959334420868346e-05,0.31726667408446657,0.2741552518793913
2.588,-0.012879609544469872,0.19194603434178248,0.1827589392959439,-2.861426962822188e-05,-0.12876284815810454,0.2770364589361126
2.589,-0.012879609544469872,-0.8080539656582175,0.1827589392959439,4.455381799313929e-06,-0.3973925142917692,-0.10693086134723136
2.59,-0.012879609544469872,0.19194603434178248,-0.8172410607040561,2.8055447834955177e-05,-0.11824294669514078,-0.34957987913059224
2.591,-0.012879609544469872,0.19194603434178248,0.1827589392959439,1.2762927292294351e-05,0.32410755878419667,-0.10910385099871563
2.592,-0.012879609544469872,0.19194603434178248,0.1827589392959439,-1.6211621655972103e-05,0.3201049893555055,0.28858038351154947
2.593,-0.012879609544469872,0.19194603434178248,0.1827589392959439,-1.990051138924117e-05,-0.12505234029749568,0.2913766882974025
2.594,-0.012879609544469872,-0.8080539656582175,0.1827589392959439,1.3261671772493787e-06,-0.3984269182367464,-0.11241955915618858
2.595,-0.012879609544469872,0.19194603434178248,-0.8172410607040561,1.5768914051019572e-05,-0.12323923552009478,-0.3670647464044036
2.596,-0.012879609544469872,0.19194603434178248,0.1827589392959439,8.00362033833675e-06,0.3221410841158422,-0.11440613281893713
2.597,-0.012879609544469872,0.19194603434178248,0.1827589392959439,-5.772515628485427e-06,0.3245538634452447,0.30235313639671474
2.598,-0.012879609544469872,0.19194603434178248,0.1827589392959439,-7.90100656663576e-06,-0.1200256062903855,0.3048498891124723
2.599,-0.012879609544469872,-0.8080539656582175,0.1827589392959439,-2.0222390489244794e-06,-0.400209745853989,-0.11748567944759465
2.6,-0.012879609544469872,0.19194603434178248,-0.8172410607040561,1.0878902092218838e-06,-0.12990855160606246,-0.3829456641856927
2.601,-0.012879609544469872,0.19194603434178248,0.1827589392959439,2.167268243147805e-06,0.31989086622284507,-0.11914664967906083
2.602,-0.012879609544469872,0.19194603434178248,0.1827589392959439,5.415573344538254e-06,0.33036465277178134,0.3144128940929327
2.603,-0.012879609544469872,0.19194603434178248,0.1827589392959439,4.825000694443147e-06,-0.11396372624840423,0.3164369901801974
2.604,-0.012879609544469872,-0.8080539656582175,0.1827589392959439,-5.171341673326405e-06,-0.4026082062407036,-0.12173701468009288
2.605,-0.012879609544469872,0.19194603434178248,-0.8172410607040561,-1.3062971314051518e-05,-0.13781724425707118,-0.3960341454037781
2.606,-0.012879609544469872,0.19194603434178248,0.1827589392959439,-3.3406117070952663e-06,0.3174801779948654,-0.1229835349985434
2.607,-0.012879609544469872,0.19194603434178248,0.1827589392959439,1.528984890888902e-05,0.33710760582483795,0.3238719728172409
2.608,-0.012879609544469872,0.19194603434178248,0.1827589392959439,1.5623802915950224e-05,-0.1072873902491164,0.3253075510732179
2.609,-0.012879609544469872,-0.8080539656582175,0.1827589392959439,-7.735965107214975e-06,-0.40540635041193523,-0.1248642565678298
2.61,-0.012879609544469872,0.19194603434178248,-0.8172410607040561,-2.3925580920737992e-05,-0.14635633685895796,-0.4054200086346074
2.611,-0.012879609544469872,0.19194603434178248,0.1827589392959439,-7.237427087431168e-06,0.3150609926700591,-0.1256624877853222
2.612,-0.012879609544469872,0.19194603434178248,0.1827589392959439,2.2080338066663438e-05,0.3442166811515838,0.3301017214448049
2.613,-0.012879609544469872,0.19194603434178248,0.1827589392959439,2.23188227230013e-05,-0.10051985058759283,0.3308972891829303
2.614,-0.012879609544469872,-0.8080539656582175,0.1827589392959439,-9.415595100773908e-06,-0.4083328663702042,-0.12667185548927296
2.615,-0.012879609544469872,0.19194603434178248,-0.8172410607040561,-2.9482280019549506e-05,-0.1548034806232202,-0.4105555666676474
2.616,-0.012879609544469872,0.19194603434178248,0.1827589392959439,-8.658496418259778e-06,0.31280403035423227,-0.12703818326623487
2.617,-0.012879609544469872,0.19194603434178248,0.1827589392959439,2.465906491004765e-05,0.35105234918682376,0.3327895900075829
2.618,-0.012879609544469872,0.19194603434178248,0.1827589392959439,2.3677274813186974e-05,-0.09423447369293776,0.3329561762132561
2.619,-0.012879609544469872,-0.8080539656582175,0.1827589392959439,-1.0029154840966427e-05,-0.4110950519751281,-0.127095850221348
2.62,-0.012879609544469872,0.19194603434178248,-0.8172410607040561,-2.8868932099180282e-05,-0.16240139803568082,-0.4112996178108129
2.621,-0.012879609544469872,0.19194603434178248,0.1827589392959439,-7.358100489955117e-06,0.3108840986709076,-0.12708414956570388
2.622,-0.012879609544469872,0.19194603434178248,0.1827589392959439,2.275277268422299e-05,0.3569744705397015,0.3319609639075758
2.623,-0.012879609544469872,0.19194603434178248,0.1827589392959439,1.9669699479037304e-05,-0.08899296982129673,0.33156237074188005
2.624,-0.012879609544469872,-0.8080539656582175,0.1827589392959439,-9.529599707576636e-06,-0.41341439767613525,-0.12620657194248486
2.625,-0.012879609544469872,0.19194603434178248,-0.8172410607040561,-2.2538902947478635e-05,-0.16844313372265302,-0.40791705221958574
2.626,-0.012879609544469872,0.19194603434178248,0.1827589392959439,-3.769813759697752e-06,0.3094622951676892,-0.12589052646437504
2.627,-0.012879609544469872,0.19194603434178248,0.1827589392959439,1.6976123806427056e-05,0.3614160377070293,0.32796389692985617
2.628,-0.012879609544469872,0.19194603434178248,0.1827589392959439,1.1464756511744376e-05,-0.08528198691834021,0.3271013603097914
2.629,-0.012879609544469872,-0.8080539656582175,0.1827589392959439,-7.99886259454166e-06,-0.41505925612134686,-0.12419604484407928
2.63,-0.012879609544469872,0.19194603434178248,-0.8172410607040561,-1.2143246813553306e-05,-0.17235332462869352,-0.4010352415486348
2.631,-0.012879609544469872,0.19194603434178248,0.1827589392959439,1.0898943327405026e-06,0.3086674257282718,-0.12365047069771012
2.632,-0.012879609544469872,0.19194603434178248,0.1827589392959439,8.680665170762698e-06,0.3639484841848134,0.32141938610798115
2.633,-0.012879609544469872,0.19194603434178248,0.1827589392959439,1.1592277194372915e-06,-0.08345629812572336,0.32021374715048867
2.634,-0.012879609544469872,-0.8080539656582175,0.1827589392959439,-5.6270954203392865e-06,-0.41587068461269067,-0.1213518525293218
2.635,-0.012879609544469872,-0.8080539656582175,-0.8172410607040561,-1.537231334986775e-07,-0.1737550653610548,-0.3915634609315135
2.636,-0.012879609544469872,0.19194603434178248,0.1827589392959439,5.855848219176287e-06,0.30857939112243676,-0.12063714559560094
2.637,-0.012879609544469872,0.19194603434178248,0.1827589392959439,-3.46042031245433e-07,0.36433040930184457,0.313143921530822
2.638,-0.012879609544469872,0.19194603434178248,0.1827589392959439,-8.698718174447614e-06,-0.08369617577685567,0.3117186113011818
2.639,-0.012879609544469872,-0.8080539656582175,0.1827589392959439,-2.682150010572901e-06,-0.41577860706703423,-0.11802094792082331
2.64,-0.012879609544469872,0.19194603434178248,-0.8172410607040561,1.0689007974284309e-05,-0.17251374464634597,-0.3805857509737904
2.641,-0.012879609544469872,0.19194603434178248,0.1827589392959439,9.135739045288581e-06,0.30921721635725896,-0.1171741036740718
2.642,-0.012879609544469872,0.19194603434178248,0.1827589392959439,-8.2652478905063e-06,0.36253377616694377,0.30405418880270785
2.643,-0.012879609544469872,0.19194603434178248,0.1827589392959439,-1.568897196111667e-05,-0.08598479570753717,0.3025219049998891
2.644,-0.012879609544469872,-0.8080539656582175,0.1827589392959439,5.244378071966298e-07,-0.41480679420751915,-0.11456812004080148
2.645,-0.012879609544469872,0.19194603434178248,-0.8172410607040561,1.7981621184114285e-05,-0.16875222224714073,-0.3692403620243358
2.646,-0.012879609544469872,0.19194603434178248,0.1827589392959439,9.847746501424065e-06,0.3105338453054759,-0.1136023638280619
2.647,-0.012879609544469872,0.19194603434178248,0.1827589392959439,-1.3572773899380138e-05,0.35874460680560505,0.29506561599199205
2.648,-0.012879609544469872,0.19194603434178248,0.1827589392959439,-1.807395392918402e-05,-0.09010889520472161,0.2935206042379867
2.649,-0.012879609544469872,-0.8080539656582175,0.1827589392959439,3.6698584361143285e-06,-0.4130666185838138,-0.11133442521519028
2.65,-0.012879609544469872,0.19194603434178248,-0.8172410607040561,2.0186372018954728e-05,-0.16283548485646623,-0.35859994028075964
2.651,-0.012879609544469872,0.19194603434178248,0.1827589392959439,7.497369242246569e-06,0.31241888290082936,-0.11024758231852076
2.652,-0.012879609544469872,0.19194603434178248,0.1827589392959439,-1.540348202350121e-05,0.3533385146527578,0.2869967457397108
2.653,-0.012879609544469872,0.19194603434178248,0.1827589392959439,-1.5204504666501779e-05,-0.09568279391439279,0.28551327698276163
2.654,-0.012879609544469872,-0.8080539656582175,0.1827589392959439,6.447809002138875e-06,-0.4107409181943409,-0.1086007649670489
2.655,-0.012879609544469872,0.19194603434178248,-0.8172410607040561,1.6965654937709393e-05,-0.1553269334827499,-0.34956586262010286
2.656,-0.012879609544469872,0.19194603434178248,0.1827589392959439,2.3281378179908825e-06,0.31470929518492946,-0.1073904541642582
2.657,-0.012879609544469872,0.19194603434178248,0.1827589392959439,-1.3690679204745033e-05,0.3468346284095265,0.2804901934583355
2.658,-0.012879609544469872,0.19194603434178248,0.1827589392959439,-7.684878975410963e-06,-0.10219273578105492,0.27912641270398153
2.659,-0.012879609544469872,-0.8080539656582175,0.1827589392959439,8.590859212125057e-06,-0.40806043420037674,-0.10656097201363358
2.66,-0.012879609544469872,0.19194603434178248,0.1827589392959439,9.249171547485185e-06,-0.14692214811395335,-0.34278778797278037
2.661,-0.012879609544469872,0.19194603434178248,0.1827589392959439,-4.692701784543362e-06,0.31720687064596836,-0.10524293471353596
2.662,-0.012879609544469872,0.19194603434178248,0.1827589392959439,-9.148712379157108e-06,0.33983414139418544,0.27595844268433917
2.663,-0.012879609544469872,0.19194603434178248,0.1827589392959439,2.7434753756589415e-06,-0.10905578471205593,0.2747635393312589
2.664,-0.012879609544469872,-0.8080539656582175,0.1827589392959439,9.888293055082826e-06,-0.4052760500680318,-0.10530737174645237
2.665,-0.012879609544469872,0.19194603434178248,-0.8172410607040561,-9.817032516328578e-07,-0.1383688319097828,-0.3386159494335967
2.666,-0.012879609544469872,0.19194603434178248,0.1827589392959439,-1.205659086113244e-05,0.3197002071450958,-0.10393213873872827
2.667,-0.012879609544469872,0.19194603434178248,0.1827589392959439,-3.085625344708898e-06,0.3329515159733053,0.27355931065400513
2.668,-0.012879609544469872,0.19194603434178248,0.1827589392959439,1.3578051389180157e-05,-0.11568560483390077,0.2725811861935087
2.669,-0.012879609544469872,-0.8080539656582175,0.1827589392959439,1.0200942094580662e-05,-0.4026303799610676,-0.10483002234747192
2.67,-0.012879609544469872,0.19194603434178248,-0.8172410607040561,-1.114576605901587e-05,-0.13038326638098574,-0.33708947918705734
2.671,-0.012879609544469872,0.19194603434178248,0.1827589392959439,-1.8029589104819176e-05,0.321988289984785,-0.10349295872743253
2.672,-0.012879609544469872,0.19194603434178248,0.1827589392959439,2.910428681442536e-06,0.3267470612530389,0.27320207662595997
2.673,-0.012879609544469872,0.19194603434178248,0.1827589392959439,2.2112134915599063e-05,-0.12155664878429333,0.2724925414613508
2.674,-0.012879609544469872,-0.8080539656582175,0.1827589392959439,9.473988005031723e-06,-0.40033212024924303,-0.10502895619848684
2.675,-0.012879609544469872,0.19194603434178248,-0.8172410607040561,-1.865121139167424e-05,-0.12357380280049517,-0.33795970873301995
2.676,-0.012879609544469872,0.19194603434178248,0.1827589392959439,-2.1036174819155408e-05,0.32390248189578763,-0.1038696345608964
2.677,-0.012879609544469872,0.19194603434178248,0.1827589392959439,7.340257806291071e-06,0.32166911964456757,0.2745815195193871
2.678,-0.012879609544469872,0.19194603434178248,0.1827589392959439,2.605175609537812e-05,-0.12625866781067605,0.27419659888223
2.679,-0.012879609544469872,-0.8080539656582175,0.1827589392959439,7.747297537663856e-06,-0.3985360330658842,-0.10573701616866187
2.68,-0.012879609544469872,0.19194603434178248,-0.8172410607040561,-2.1492401816781122e-05,-0.11838067589237755,-0.34074346421273166
2.681,-0.012879609544469872,0.19194603434178248,0.1827589392959439,-2.0027731255073722e-05,0.3253239910523753,-0.10492576884081362
2.682,-0.012879609544469872,0.19194603434178248,0.1827589392959439,9.13593690696054e-06,0.31801254375454446,0.27723393583590183
2.683,-0.012879609544469872,0.19194603434178248,0.1827589392959439,2.405650602051195e-05,-0.12953496774073997,0.2772280293271666
2.684,-0.012879609544469872,-0.8080539656582175,0.1827589392959439,5.161160927101664e-06,-0.39733056644206843,-0.10674954504361206
2.685,-0.012879609544469872,0.19194603434178248,-0.8172410607040561,-1.8721512855221394e-05,-0.11503896275320154,-0.3447983269949645
2.686,-0.012879609544469872,0.19194603434178248,0.1827589392959439,-1.4752864279014368e-05,0.32619457300544275,-0.10646165313882533
2.687,-0.012879609544469872,0.19194603434178248,0.1827589392959439,7.900624471621054e-06,0.31589776490992205,0.28060697483169056
2.688,-0.012879609544469872,0.19194603434178248,0.1827589392959439,1.6082041616808693e-05,-0.13130022140947067,0.28102118740063237
2.689,-0.012879609544469872,-0.8080539656582175,0.1827589392959439,1.9540648150327497e-06,-0.39673405732723654,-0.10785642642685127
2.69,-0.012879609544469872,0.19194603434178248,-0.8172410607040561,-1.068861451592321e-05,-0.11356820352394638,-0.34940994933641567
2.691,-0.012879609544469872,0.19194603434178248,0.1827589392959439,-5.865347506198221e-06,0.3265192389570692,-0.10823726315551409
2.692,-0.012879609544469872,0.19194603434178248,0.1827589392959439,3.993228249750106e-06,0.3152719016048534,0.2841340576455904
2.693,-0.012879609544469872,0.19194603434178248,0.1827589392959439,3.443284088259017e-06,-0.1316365421483161,0.2849806941177507
2.694,-0.012879609544469872,-0.8080539656582175,0.1827589392959439,-1.5510201120160298e-06,-0.3966993543385597,-0.10887188561987286
2.695,-0.012879609544469872,0.19194603434178248,-0.8172410607040561,1.006385878621075e-06,-0.11378854211704574,-0.35388092462594856
2.696,-0.012879609544469872,0.19194603434178248,0.1827589392959439,5.161075935222054e-06,0.3263609181455518,-0.10999889230229397
2.697,-0.012879609544469872,0.19194603434178248,0.1827589392959439,-1.5602106931384747e-06,0.3159304375637946,0.2873042930270767
2.698,-0.012879609544469872,0.19194603434178248,0.1827589392959439,-1.1422887409739222e-05,-0.13076949041269692,0.28855092886341926
2.699,-0.012879609544469872,-0.8080539656582175,0.1827589392959439,-4.974081262803263e-06,-0.3971256773652345,-0.10965803385477876
2.7,-0.012879609544469872,0.19194603434178248,0.1827589392959439,1.384365075499635e-05,-0.11535976210003823,-0.35761135862524984
2.701,-0.012879609544469872,0.19194603434178248,0.1827589392959439,1.6300480187540406e-05,0.32582816765683476,-0.11150711681196522
2.702,-0.012879609544469872,0.19194603434178248,0.1827589392959439,-7.308093855779619e-06,0.3175554167076568,0.28972005217926194
2.703,-0.012879609544469872,0.19194603434178248,0.1827589392959439,-2.545096261523947e-05,-0.12902829546186584,0.2912774244105138
2.704,-0.012879609544469872,-0.8080539656582175,0.1827589392959439,-7.918872174303363e-06,-0.3978757232544055,-0.11013927506309083
2.705,-0.012879609544469872,0.19194603434178248,-0.8172410607040561,2.4926596592037163e-05,-0.11783676757042243,-0.3601629722624787
2.706,-0.012879609544469872,0.19194603434178248,0.1827589392959439,2.5374184513241296e-05,0.32505796145110033,-0.112563621605026
2.707,-0.012879609544469872,0.19194603434178248,0.1827589392959439,-1.1713510948707363e-05,0.31976419506317294,0.29113647009413557
2.708,-0.012879609544469872,0.19194603434178248,0.1827589392959439,-3.5594346077193546e-05,-0.12679646388637345,0.292854425687249
2.709,-0.012879609544469872,-0.8080539656582175,0.1827589392959439,-1.0023318602717327e-05,-0.398795519612363,-0.11030620559487221
2.71,-0.012879609544469872,0.19194603434178248,-0.8172410607040561,3.162169851498901e-05,-0.1207332605440425,-0.36130098512314546
2.711,-0.012879609544469872,0.19194603434178248,0.1827589392959439,3.0500301867233605e-05,0.32419618468331274,-0.11303437952810887
2.712,-0.012879609544469872,0.19194603434178248,0.1827589392959439,-1.3516814723555607e-05,0.3221617874909924,0.29147976034736683
2.713,-0.012879609544469872,0.19194603434178248,0.1827589392959439,-3.948907267761729e-05,-0.12445987598924531,0.2931545496773695
2.714,-0.012879609544469872,-0.8080539656582175,0.1827589392959439,-1.1012424737789379e-05,-0.3997343684862415,-0.1102092855056851
2.715,-0.012879609544469872,0.19194603434178248,-0.8172410607040561,3.215507459734585e-05,-0.1235847996834096,-0.36101082945205215
2.716,-0.012879609544469872,0.19194603434178248,0.1827589392959439,3.049814037871053e-05,0.3233786334230093,-0.11286679695143166
2.717,-0.012879609544469872,0.19194603434178248,0.1827589392959439,-1.2038904040735243e-05,0.3243898421526503,0.2908439876924613
2.718,-0.012879609544469872,0.19194603434178248,0.1827589392959439,-3.5988827026392785e-05,-0.12235935238388682,0.2922383712601065
2.719,-0.012879609544469872,-0.8080539656582175,0.1827589392959439,-1.074431032082953e-05,-0.4005624081268977,-0.10994409060080548
2.72,-0.012879609544469872,0.19194603434178248,-0.8172410607040561,2.6033148791648086e-05,-0.12600310672577883,-0.35948957813170984
2.721,-0.012879609544469872,0.19194603434178248,0.1827589392959439,2.5158804729621026e-05,0.32271506826732915,-0.11209875427683406
2.722,-0.012879609544469872,0.19194603434178248,0.1827589392959439,-7.356295414755402e-06,0.3261662147331,0.28946847939842807
2.723,-0.012879609544469872,0.19194603434178248,0.1827589392959439,-2.5451132759801942e-05,-0.12075357969286266,0.29034368071209393
2.724,-0.012879609544469872,-0.8080539656582175,0.1827589392959439,-9.239629683056466e-06,-0.4011838097336369,-0.10963113571483274
2.725,-0.012879609544469872,0.19194603434178248,-0.8172410607040561,1.4191048714753448e-05,-0.12771525107499646,-0.35711453504717355
2.726,-0.012879609544469872,0.19194603434178248,0.1827589392959439,1.531951192119312e-05,0.32227825579069197,-0.11085801474487376
2.727,-0.012879609544469872,0.19194603434178248,0.1827589392959439,-3.0704307729565994e-07,0.32731081328294065,0.28770007925386987
2.728,-0.012879609544469872,0.19194603434178248,0.1827589392959439,-9.706139459954806e-06,-0.1197964304992955,0.28785597090822096
2.729,-0.012879609544469872,-0.8080539656582175,0.1827589392959439,-6.6865653690049235e-06,-0.40154433611396984,-0.10939391848017647
2.73,-0.012879609544469872,0.19194603434178248,-0.8172410607040561,-1.169516720955243e-06,-0.12858387498412888,-0.3543935079456922
2.731,-0.012879609544469872,0.19194603434178248,0.1827589392959439,2.7197448818108643e-06,0.3220990711650997,-0.10935126290537303
2.732,-0.012879609544469872,0.19194603434178248,0.1827589392959439,7.67621948437847e-06,0.3277555605502475,0.28594576352854517
2.733,-0.012879609544469872,0.19194603434178248,0.1827589392959439,8.292843361382818e-06,-0.1195304149654614,0.28526331106112757
2.734,-0.012879609544469872,-0.8080539656582175,0.1827589392959439,-3.4177148099781906e-06,-0.40163281521164956,-0.10933888065635307
2.735,-0.012879609544469872,0.19194603434178248,-0.8172410607040561,-1.7023672344377834e-05,-0.1286075121926088,-0.3519027278353319
2.736,-0.012879609544469872,0.19194603434178248,0.1827589392959439,-1.0336010522962288e-05,0.32216777748051084,-0.1078430432883102
2.737,-0.012879609544469872,0.19194603434178248,0.1827589392959439,1.48714891109558e-05,0.3275386388472476,0.28462166629220864
2.738,-0.012879609544469872,0.19194603434178248,0.1827589392959439,2.5068463395396075e-05,-0.11989562387690883,0.28310007447935237
2.739,-0.012879609544469872,-0.8080539656582175,0.1827589392959439,1.3923349225120083e-07,-0.40147690847078843,-0.1095404304532836
2.74,-0.012879609544469872,0.19194603434178248,-0.8172410607040561,-3.0156567078165317e-05,-0.12790286391309524,-0.3502191475662474
2.741,-0.012879609544469872,0.19194603434178248,0.1827589392959439,-2.1441570764399326e-05,0.32244069687137106,-0.10662603162787412
2.742,-0.012879609544469872,0.19194603434178248,0.1827589392959439,1.9645123125742806e-05,0.3267853069562652,0.2841043342685393
2.743,-0.012879609544469872,0.19194603434178248,0.1827589392959439,3.7343442330052006e-05,-0.12075141871502433,0.2818849543160736
2.744,-0.012879609544469872,-0.8080539656582175,0.1827589392959439,3.5293065505828193e-06,-0.4011342728486387,-0.11003311947744604
2.745,-0.012879609544469872,0.19194603434178248,0.1827589392959439,-3.785142962852546e-05,-0.12667322847051635,-0.3498539695741008
2.746,-0.012879609544469872,0.19194603434178248,0.1827589392959439,-2.858183962951701e-05,0.32285078017100166,-0.10598526804931938
2.747,-0.012879609544469872,0.19194603434178248,0.1827589392959439,2.0819382702231825e-05,0.3256792216460889,0.2846891737713268
2.748,-0.012879609544469872,0.19194603434178248,0.1827589392959439,4.2734954734932166e-05,-0.12190658286177745,0.28205927511047363
2.749,-0.012879609544469872,-0.8080539656582175,0.1827589392959439,6.344127446883666e-06,-0.40068073679513416,-0.11081170583831387
2.75,-0.012879609544469872,0.19194603434178248,-0.8172410607040561,-3.848291587783832e-05,-0.1251688317647635,-0.3511937925369632
2.751,-0.012879609544469872,0.19194603434178248,0.1827589392959439,-3.0549566699184766e-05,0.3233201595552443,-0.1061600563022402
2.752,-0.012879609544469872,0.19194603434178248,0.1827589392959439,1.7948086724809905e-05,0.32442915800122135,0.28655975238666737
2.753,-0.012879609544469872,0.19194603434178248,0.1827589392959439,4.026760305869373e-05,-0.12315285369222306,0.2839317418600843
2.754,-0.012879609544469872,-0.8080539656582175,0.1827589392959439,8.287197890842893e-06,-0.40019737654490284,-0.11183839338033785
2.755,-0.012879609544469872,0.19194603434178248,-0.8172410607040561,-3.188399392612208e-05,-0.12364540810779372,-0.3544548294288428
2.756,-0.012879609544469872,0.19194603434178248,0.1827589392959439,-2.7194461308910295e-05,0.32377267355334916,-0.10730800723743643
2.757,-0.012879609544469872,0.19194603434178248,0.1827589392959439,1.1437634985119948e-05,0.3232362148127278,0.28977009230953643
2.758,-0.012879609544469872,0.19194603434178248,0.1827589392959439,3.058968386829529e-05,-0.12429676646617838,0.2876354182203226
2.759,-0.012879609544469872,-0.8080539656582175,0.1827589392959439,9.216860471433373e-06,-0.399758369035857,-0.11305526014574771
2.76,-0.012879609544469872,0.19194603434178248,-0.8172410607040561,-1.9401663349815862e-05,-0.12232702035594115,-0.3596543439836834
2.761,-0.012879609544469872,0.19194603434178248,0.1827589392959439,-1.944742916158976e-05,0.3241445712492472,-0.10947600801627198
2.762,-0.012879609544469872,0.19194603434178248,0.1827589392959439,2.48364554603587e-06,0.32226604367892664,0.29424055106168107
2.763,-0.012879609544469872,0.19194603434178248,0.1827589392959439,1.5839955870376512e-05,-0.1251854895497934,0.293101860329959
2.764,-0.012879609544469872,-0.8080539656582175,0.1827589392959439,9.157455411948e-06,-0.3994212299053208,-0.11439899304335192
2.765,-0.012879609544469872,0.19194603434178248,-0.8172410607040561,-3.6233979935052096e-06,-0.1213779145597063,-0.3666018850464108
2.766,-0.012879609544469872,0.19194603434178248,0.1827589392959439,-9.110670553980158e-06,0.3243920690277511,-0.11258260149617694
2.767,-0.012879609544469872,0.19194603434178248,0.1827589392959439,-7.1665639402609854e-06,0.32162948938684827,0.29976650514698966
2.768,-0.012879609544469872,0.19194603434178248,0.1827589392959439,-8.122446203426517e-07,-0.1257236418420192,0.3000559518019596
2.769,-0.012879609544469872,-0.8080539656582175,0.1827589392959439,8.275978153799718e-06,-0.39922057228098334,-0.11581468281065917
2.77,-0.012879609544469872,0.19194603434178248,-0.8172410607040561,1.2171815433370557e-05,-0.12088642226938869,-0.3749111693495919
2.771,-0.012879609544469872,0.19194603434178248,0.1827589392959439,1.5441902730974373e-06,0.3244950512075534,-0.11641530530778607
2.772,-0.012879609544469872,0.19194603434178248,0.1827589392959439,-1.55770659336473e-05,0.321373489871305,0.30603795706104026
2.773,-0.012879609544469872,0.19194603434178248,0.1827589392959439,-1.585819021811664e-05,-0.12587971109325555,0.3080331363969369
2.774,-0.012879609544469872,-0.8080539656582175,0.1827589392959439,6.8294572828616505e-06,-0.3991659234379982,-0.11726566729061141
2.775,-0.012879609544469872,0.19194603434178248,-0.8172410607040561,2.4722232833338755e-05,-0.12086186712280239,-0.3840316719955047
2.776,-0.012879609544469872,0.19194603434178248,0.1827589392959439,1.0284122169312456e-05,0.3244568627318243,-0.1206448249254607
2.777,-0.012879609544469872,0.19194603434178248,0.1827589392959439,-2.1035055205058482e-05,0.3214824135723876,0.31266744033307053
2.778,-0.012879609544469872,0.19194603434178248,0.1827589392959439,-2.6223536865672164e-05,-0.1256823622553134,0.3164185395015954
2.779,-0.012879609544469872,-0.8080539656582175,0.1827589392959439,5.0954677124791245e-06,-0.39924350468906805,-0.11873720510804218
2.78,-0.012879609544469872,0.19194603434178248,-0.8172410607040561,3.1498554166977764e-05,-0.12124343155503604,-0.39329723491299395
2.781,-0.012879609544469872,0.19194603434178248,0.1827589392959439,1.5417070681613958e-05,0.3243007302679023,-0.12485606173025264
2.782,-0.012879609544469872,0.19194603434178248,0.1827589392959439,-2.2422282827238964e-05,0.3218884676773201,0.31922320900043855
2.783,-0.012879609544469872,0.19194603434178248,0.1827589392959439,-2.9954023500748783e-05,-0.12520838169621362,0.3245050893631202
2.784,-0.012879609544469872,-0.8080539656582175,0.1827589392959439,3.3028458018569957e-06,-0.39942130814208854,-0.1202329838288034
2.785,-0.012879609544469872,0.19194603434178248,-0.8172410607040561,3.12673276164206e-05,-0.12191828892591033,-0.40198741284269945
2.786,-0.012879609544469872,0.19194603434178248,0.1827589392959439,1.6175039521401807e-05,0.3240637826687257,-0.12859352450919392
2.787,-0.012879609544469872,0.19194603434178248,0.1827589392959439,-1.946443550481724e-05,0.32248861145802565,0.3252646304253653
2.788,-0.012879609544469872,0.19194603434178248,0.1827589392959439,-2.6657650930093402e-05,-0.1245650457822281,0.33156543818360934
2.789,-0.012879609544469872,-0.8080539656582175,0.1827589392959439,1.580422834855368e-06,-0.3996563720344747,-0.12176490928024437
2.79,-0.012879609544469872,0.19194603434178248,-0.8172410607040561,2.4374153423590788e-05,-0.12274522242880383,-0.4093959724281081
2.791,-0.012879609544469872,0.19194603434178248,0.1827589392959439,1.2887673781457943e-05,0.3237898723255219,-0.13141653032629408
2.792,-0.012879609544469872,0.19194603434178248,0.1827589392959439,-1.2801830722166783e-05,0.32316470480802834,0.3303768886265337
2.793,-0.012879609544469872,0.19194603434178248,0.1827589392959439,-1.7598049403276463e-05,-0.12387021342675623,0.3369305257446963
2.794,-0.012879609544469872,-0.8080539656582175,0.1827589392959439,-6.207175578003703e-08,-0.39990291974881076,-0.12333803638595303
2.795,-0.012879609544469872,0.19194603434178248,-0.8172410607040561,1.2677218185571565e-05,-0.12357954592749648,-0.41490007685266883
2.796,-0.012879609544469872,0.19194603434178248,0.1827589392959439,6.900715169407591e-06,0.3235224143406446,-0.13295776613502241
2.797,-0.012879609544469872,0.19194603434178248,0.1827589392959439,-3.862708187276829e-06,0.3238034765823143,0.334202473287882
2.798,-0.012879609544469872,0.19194603434178248,0.1827589392959439,-5.408873489778571e-06,-0.12323339801787679,0.3400663121779432
2.799,-0.012879609544469872,-0.8080539656582175,0.1827589392959439,-1.7143302528192834e-06,-0.40012001022361077,-0.12493363539873927
2.8,-0.012879609544469872,0.19194603434178248,-0.8172410607040561,-8.624273193350958e-07,-0.12429541064622919,-0.41802335103861427
2.801,-0.012879609544469872,0.19194603434178248,0.1827589392959439,2.502494779489307e-07,0.3232982862905824,-0.13297769051805203
2.802,-0.012879609544469872,0.19194603434178248,0.1827589392959439,5.43691857607453e-06,0.32431328387047886,0.33646740529729174
2.803,-0.012879609544469872,0.19194603434178248,0.1827589392959439,6.516613664076069e-06,-0.12274053985634516,0.3406397787555391
2.804,-0.012879609544469872,-0.8080539656582175,0.1827589392959439,-3.5102791974577767e-06,-0.4002775391074034,-0.12649402951640396
2.805,-0.012879609544469872,0.19194603434178248,-0.8172410607040561,-1.2850787682796744e-05,-0.12480241886404614,-0.4184863252631792
2.806,-0.012879609544469872,0.19194603434178248,0.1827589392959439,-4.839944427179799e-06,0.32314352133014157,-0.13140712316702088
2.807,-0.012879609544469872,0.19194603434178248,0.1827589392959439,1.310460675496331e-05,0.3246354460139746,0.337000675256202
2.808,-0.012879609544469872,0.19194603434178248,0.1827589392959439,1.4831428158776231e-05,-0.12244431114650069,0.3385659157281551
2.809,-0.012879609544469872,-0.8080539656582175,0.1827589392959439,-5.550594358914187e-06,-0.40035978908332437,-0.1279128552885666
2.81,-0.012879609544469872,0.19194603434178248,-0.8172410607040561,-2.02473922162316e-05,-0.12505468660200206,-0.4162387390826542
2.811,-0.012879609544469872,0.19194603434178248,0.1827589392959439,-6.527036897153169e-06,0.3230711505985304,-0.1283713123238143
2.812,-0.012879609544469872,0.19194603434178248,0.1827589392959439,1.7506290664744276e-05,0.32474901308731413,0.33574590770510304
2.813,-0.012879609544469872,0.19194603434178248,0.1827589392959439,1.7057842881540662e-05,-0.12236071864261674,0.33402911749811093
2.814,-0.012879609544469872,-0.8080539656582175,0.1827589392959439,-7.823631028562199e-06,-0.4003661887228293,-0.12903375140069073
2.815,-0.012879609544469872,0.19194603434178248,-0.8172410607040561,-2.1093957982186274e-05,-0.12505187442614044,-0.4114698197898648
2.816,-0.012879609544469872,0.19194603434178248,0.1827589392959439,-3.8524194366511764e-06,0.3230811778461151,-0.12419074768150277
2.817,-0.012879609544469872,0.19194603434178248,0.1827589392959439,1.7729890576891444e-05,0.32466897726107025,0.33276478913871643
2.818,-0.012879609544469872,0.19194603434178248,0.1827589392959439,1.2238031260188455e-05,-0.12247171041610926,0.3274750713511505
2.819,-0.012879609544469872,-0.8080539656582175,0.1827589392959439,-1.0148408785237314e-05,-0.4003094233174448,-0.12965924938913798
2.82,-0.012879609544469872,0.19194603434178248,-0.8172410607040561,-1.5017792890048938e-05,-0.12483300866384679,-0.4045948118925671
2.821,-0.012879609544469872,0.19194603434178248,0.1827589392959439,2.9433771821819872e-06,0.32316235933057347,-0.11935679681618909
2.822,-0.012879609544469872,0.19194603434178248,0.1827589392959439,1.3796581411978832e-05,0.3244389707476345,0.32823230280983395
2.823,-0.012879609544469872,0.19194603434178248,0.1827589392959439,1.2538860747956969e-06,-0.12273260741493544,0.31957258931357185
2.824,-0.012879609544469872,-0.8080539656582175,0.1827589392959439,-1.2160417953071456e-05,-0.4002114693270538,-0.12956999763850643
2.825,-0.012879609544469872,0.19194603434178248,-0.8172410607040561,-3.386769047959591e-06,-0.12446494797948493,-0.3962185236774171
2.826,-0.012879609544469872,0.19194603434178248,0.1827589392959439,1.2380336346806902e-05,0.32329525474277926,-0.11448354214193585
2.827,-0.012879609544469872,0.19194603434178248,0.1827589392959439,6.670040203765721e-06,0.3241202627817169,0.3224242934515698
2.828,-0.012879609544469872,0.19194603434178248,0.1827589392959439,-1.3274672189718933e-05,-0.12308258627409345,0.31114849919514354
2.829,-0.012879609544469872,-0.8080539656582175,0.1827589392959439,-1.335242884216859e-05,-0.40009842951366914,-0.12855264949297474
2.83,-0.012879609544469872,0.19194603434178248,-0.8172410607040561,1.0934037895224662e-05,-0.12402797758385996,-0.3870792032667555
2.831,-0.012879609544469872,0.19194603434178248,0.1827589392959439,2.2001018728517023e-05,0.3234559255711799,-0.11024053701836367
2.832,-0.012879609544469872,0.19194603434178248,0.1827589392959439,-1.9430228202279985e-06,0.3237792718941462,0.31569833406594267
2.833,-0.012879609544469872,0.19194603434178248,0.1827589392959439,-2.751232291917223e-05,-0.12345619595098638,0.30310220669606824
2.834,-0.012879609544469872,-0.8080539656582175,0.1827589392959439,-1.3169681257392333e-05,-0.3999951842640562,-0.12643307697392167
2.835,-0.012879609544469872,0.19194603434178248,-0.8172410607040561,2.418672310518488e-05,-0.12360117807518484,-0.37797835184207845
2.836,-0.012879609544469872,0.19194603434178248,0.1827589392959439,2.88948004508538e-05,0.32361967823057974,-0.10727410001818184
2.837,-0.012879609544469872,0.19194603434178248,0.1827589392959439,-9.962277046986188e-06,0.32347581635503553,0.30846927177252115
2.838,-0.012879609544469872,0.19194603434178248,0.1827589392959439,-3.725577085272226e-05,-0.12379399312559515,0.2963093773481408
2.839,-0.012879609544469872,-0.8080539656582175,0.1827589392959439,-1.1144497729530524e-05,-0.39992083104709847,-0.1231103151936624
2.84,-0.012879609544469872,0.19194603434178248,-0.8172410607040561,3.256605628095697e-05,-0.12324994014732114,-0.3697038220549599
2.841,-0.012879609544469872,0.19194603434178248,0.1827589392959439,3.0380987202066747e-05,0.323764355052764,-0.10612677590318839
2.842,-0.012879609544469872,0.19194603434178248,0.1827589392959439,-1.5396186435956584e-05,0.32325396918203725,0.30118116907077264
2.843,-0.012879609544469872,0.19194603434178248,0.1827589392959439,-3.8930913791661224e-05,-0.12405077086148363,0.29152593566311463
2.844,-0.012879609544469872,-0.8080539656582175,0.1827589392959439,-7.042848620005566e-06,-0.39988567440677963,-0.11858602756117687
2.845,-0.012879609544469872,0.19194603434178248,-0.8172410607040561,3.312663924948904e-05,-0.12301737063317965,-0.3629544809516757
2.846,-0.012879609544469872,0.19194603434178248,0.1827589392959439,2.4703840412122727e-05,0.32387283163668595,-0.10716536719175995
2.847,-0.012879609544469872,0.19194603434178248,0.1827589392959439,-1.6798050591762612e-05,0.3231367545449248,0.2942776031905246
2.848,-0.012879609544469872,0.19194603434178248,0.1827589392959439,-3.052068555890215e-05,-0.12420043377565321,0.28930393842642993
2.849,-0.012879609544469872,-0.8080539656582175,0.1827589392959439,-9.879755472123959e-07,-0.39989019698114553,-0.11298444501386533
2.85,-0.012879609544469872,0.19194603434178248,-0.8172410607040561,2.4549652571635216e-05,-0.12292049734252324,-0.3582746770889792
2.851,-0.012879609544469872,0.19194603434178248,0.1827589392959439,1.1579187508827674e-05,0.3239345476807036,-0.11052730320959414
2.852,-0.012879609544469872,0.19194603434178248,0.1827589392959439,-1.361485141307045e-05,0.3231251470335917,0.2881724105694605
2.853,-0.012879609544469872,0.19194603434178248,0.1827589392959439,-1.2206878027179595e-05,-0.12423722465313748,0.2899297316513709
2.854,-0.012879609544469872,-0.8080539656582175,0.1827589392959439,6.4737366045258336e-06,-0.39992605103486656,-0.10655869366920366
2.855,-0.012879609544469872,0.19194603434178248,-0.8172410607040561,7.588085871911415e-06,-0.12295128816548044,-0.3560057027089523
2.856,-0.012879609544469872,0.19194603434178248,0.1827589392959439,-7.5459472160632405e-06,0.3239460501245077,-0.11609308731329103
2.857,-0.012879609544469872,0.19194603434178248,0.1827589392959439,-6.3485031351263726e-06,0.32320105526275056,0.2832229420348826
2.858,-0.012879609544469872,0.19194603434178248,0.1827589392959439,1.3440118014588922e-05,-0.1241736188056012,0.29339223974923445
2.859,-0.012879609544469872,-0.8080539656582175,0.1827589392959439,1.4390970698273206e-05,-0.39997873159969377,-0.09968108013637365
2.86,-0.012879609544469872,0.19194603434178248,-0.8172410607040561,-1.4928789265795881e-05,-0.12308170506287434,-0.35625948353428605
2.861,-0.012879609544469872,0.19194603434178248,0.1827589392959439,-2.9605000611584082e-05,0.32391064314566476,-0.12348937787872315
2.862,-0.012879609544469872,0.19194603434178248,0.1827589392959439,3.5124179006317754e-06,0.3233333176462322,0.279707714471368
2.863,-0.012879609544469872,0.19194603434178248,0.1827589392959439,4.1799382120830784e-05,-0.12403568143795052,0.2993855626318599
2.864,-0.012879609544469872,-0.8080539656582175,0.1827589392959439,2.152023008397603e-05,-0.4000312940742554,-0.09281703562759873
2.865,-0.012879609544469872,0.19194603434178248,0.1827589392959439,-3.855981349312766e-05,-0.12327143591227654,-0.3589170916487135
2.866,-0.012879609544469872,0.19194603434178248,0.1827589392959439,-5.0402332537229764e-05,0.32383731278420497,-0.13212332583746095
2.867,-0.012879609544469872,0.19194603434178248,0.1827589392959439,1.3783633070089496e-05,0.3234853108405907,0.2778100101593141
2.868,-0.012879609544469872,0.19194603434178248,0.1827589392959439,6.702871204557404e-05,-0.12385697134216977,0.30734574548447735
2.869,-0.012879609544469872,-0.8080539656582175,0.1827589392959439,2.6523170135247734e-05,-0.4000683126200338,-0.08648472988596335
2.87,-0.012879609544469872,0.19194603434178248,-0.8172410607040561,-5.8111405601831845e-05,-0.12347665910808008,-0.3636516948356137
2.871,-0.012879609544469872,0.19194603434178248,0.1827589392959439,-6.540617353693573e-05,0.3237391290632861,-0.14124464740223464
2.872,-0.012879609544469872,0.19194603434178248,0.1827589392959439,2.204315801119574e-05,0.32362262481933185,0.2776085070802136
2.873,-0.012879609544469872,0.19194603434178248,0.1827589392959439,8.323740926976022e-05,-0.12367215160367498,0.3165172180104464
2.874,-0.012879609544469872,-0.8080539656582175,0.1827589392959439,2.821779216839251e-05,-0.4000792675517228,-0.0812045158203222
2.875,-0.012879609544469872,0.19194603434178248,-0.8172410607040561,-6.872728458433901e-05,-0.12365821475598311,-0.3699726200321487
2.876,-0.012879609544469872,0.19194603434178248,0.1827589392959439,-7.069486282049227e-05,0.3236313365787741,-0.15002813957690633
2.877,-0.012879609544469872,0.19194603434178248,0.1827589392959439,2.616231199136008e-05,0.323719395757456,0.2790754605265133
2.878,-0.012879609544469872,0.19194603434178248,0.1827589392959439,8.576962332266799e-05,-0.12351135162224054,0.32604057988819124
2.879,-0.012879609544469872,-0.8080539656582175,0.1827589392959439,2.5836446820565842e-05,-0.4000606973390677,-0.0774440294612786
2.88,-0.012879609544469872,0.19194603434178248,-0.8172410607040561,-6.698379730926694e-05,-0.12378784714213627,-0.3772847118844614
2.881,-0.012879609544469872,0.19194603434178248,0.1827589392959439,-6.386197142159313e-05,0.3235293384824196,-0.15766649362001317
2.882,-0.012879609544469872,0.19194603434178248,0.1827589392959439,2.479639178284262e-05,0.32376226315167767,0.282082349066751
2.883,-0.012879609544469872,0.19194603434178248,0.1827589392959439,7.232566103706693e-05,-0.12339606037293217,0.33505067544973305
2.884,-0.012879609544469872,-0.8080539656582175,0.1827589392959439,1.9235914067226554e-05,-0.40001672226857726,-0.07556568330268823
2.885,-0.012879609544469872,0.19194603434178248,-0.8172410607040561,-5.1752070148573814e-05,-0.12385166904346911,-0.38495544557097383
2.886,-0.012879609544469872,0.19194603434178248,0.1827589392959439,-4.4680081698058304e-05,0.3234467684444094,-0.1634617512269266
2.887,-0.012879609544469872,0.19194603434178248,0.1827589392959439,1.7726167810484447e-05,0.32375144723658533,0.28641230327440914
2.888,-0.012879609544469872,0.19194603434178248,0.1827589392959439,4.3666008197859816e-05,-0.12333698140270481,0.34277264331660456
2.889,-0.012879609544469872,-0.8080539656582175,0.1827589392959439,9.008511442903855e-06,-0.3999578879285263,-0.07578329400492827
2.89,-0.012879609544469872,0.19194603434178248,-0.8172410607040561,-2.462513299976716e-05,-0.12385057746625475,-0.39238153448652424
2.891,-0.012879609544469872,0.19194603434178248,-0.8172410607040561,-1.5360434732565165e-05,0.3233938344340389,-0.166903814927569
2.892,-0.012879609544469872,0.19194603434178248,0.1827589392959439,5.9695353135823714e-06,0.3236990217759048,0.29177810969520507
2.893,-0.012879609544469872,0.19194603434178248,0.1827589392959439,3.7166381951068527e-06,-0.12333391287558876,0.3486040271623744
2.894,-0.012879609544469872,-0.8080539656582175,0.1827589392959439,-3.541362313554437e-06,-0.39989862050814007,-0.07813364821997489
2.895,-0.012879609544469872,0.19194603434178248,-0.8172410607040561,1.0209221859453806e-05,-0.12379791485489978,-0.39904714443368783
2.896,-0.012879609544469872,0.19194603434178248,0.1827589392959439,1.9678918336537874e-05,0.32337610428330504,-0.16772607655857277
2.897,-0.012879609544469872,0.19194603434178248,0.1827589392959439,-8.370730385691719e-06,0.32362497861503425,0.2978441737295024
2.898,-0.012879609544469872,0.19194603434178248,0.1827589392959439,-4.098820247083953e-05,-0.12337739108361737,0.35217303517578435
2.899,-0.012879609544469872,-0.8080539656582175,0.1827589392959439,-1.656582463282418e-05,-0.39985386537957096,-0.08246704141976169
2.9,-0.012879609544469872,0.19194603434178248,-0.8172410607040561,4.665625280821211e-05,-0.12371512469000719,-0.4045672182005379
2.901,-0.012879609544469872,0.19194603434178248,0.1827589392959439,5.4524273879963815e-05,0.3233938784852536,-0.16593124352994687
2.902,-0.012879609544469872,0.19194603434178248,0.1827589392959439,-2.250145357827838e-05,0.3235520534600157,0.304250568986878
2.903,-0.012879609544469872,0.19194603434178248,0.1827589392959439,-8.245099510261939e-05,-0.12345159742890711,0.3533663507858042
2.904,-0.012879609544469872,-0.8080539656582175,0.1827589392959439,-2.7967828082896743e-05,-0.3998356410977129,-0.08845845704987937
2.905,-0.012879609544469872,0.19194603434178248,-0.8172410607040561,7.784884478655778e-05,-0.12362642808753865,-0.40871161563586095
2.906,-0.012879609544469872,0.19194603434178248,0.1827589392959439,8.284084717780802e-05,0.3234422518436346,-0.16178440056323795
2.907,-0.012879609544469872,0.19194603434178248,0.1827589392959439,-3.350092105535039e-05,0.32350044822304436,0.31063721674756056
2.908,-0.012879609544469872,0.19194603434178248,0.1827589392959439,-0.00011273818348619547,-0.12353790077118094,0.35232405057626826
2.909,-0.012879609544469872,-0.8080539656582175,0.1827589392959439,-3.5772952622306636e-05,-0.39985025142474,-0.09563841188422045
2.91,-0.012879609544469872,0.19194603434178248,-0.8172410607040561,9.751263066119065e-05,-0.12355361720041987,-0.41140846181756213
2.911,-0.012879609544469872,0.19194603434178248,0.1827589392959439,9.910914975419406e-05,0.3235118969000898,-0.15577468602081831
2.912,-0.012879609544469872,0.19194603434178248,0.1827589392959439,-3.8934105922907866e-05,0.32348352538417396,0.31666633002758865
2.913,-0.012879609544469872,0.19194603434178248,0.1827589392959439,-0.00012558964534654688,-0.1236183922799634,0.34940358563865503
2.914,-0.012879609544469872,-0.8080539656582175,0.1827589392959439,-3.850924179570373e-05,-0.399896756211827,-0.1034399476139636
2.915,-0.012879609544469872,0.19194603434178248,-0.8172410607040561,0.00010128408356064784,-0.12351192897750159,-0.4127278860219851
2.916,-0.012879609544469872,0.19194603434178248,0.1827589392959439,9.977353970330553e-05,0.3235905098386855,-0.14855107423530892
2.917,-0.012879609544469872,0.19194603434178248,0.1827589392959439,-3.739101844143986e-05,0.3235052875220202,0.3220415090400127
2.918,-0.012879609544469872,0.19194603434178248,0.1827589392959439,-0.00011777480717449845,-0.12367885393384691,0.3451188111517118
2.919,-0.012879609544469872,-0.8080539656582175,0.1827589392959439,-3.551751774142228e-05,-0.3999670359824973,-0.11125615817941659
2.92,-0.012879609544469872,0.19194603434178248,-0.8172410607040561,8.769896764129939e-05,-0.1235076701612157,-0.41284984039981715
2.921,-0.012879609544469872,0.19194603434178248,0.1827589392959439,8.40558086044142e-05,0.32366475386694077,-0.1408410629974283
2.922,-0.012879609544469872,0.19194603434178248,0.1827589392959439,-2.8829085165357888e-05,0.32356004986638737,0.3265222615661353
2.923,-0.012879609544469872,0.19194603434178248,0.1827589392959439,-8.989420449675084e-05,-0.12371075772094775,0.34006315172365137
2.924,-0.012879609544469872,-0.8080539656582175,0.1827589392959439,-2.7122529828117732e-05,-0.4000474479474234,-0.11850130351910797
2.925,-0.012879609544469872,0.19194603434178248,-0.8172410607040561,5.8623936028698945e-05,-0.12353787654282716,-0.4120215768719051
2.926,-0.012879609544469872,0.19194603434178248,0.1827589392959439,5.424245864448074e-05,0.3237224340404125,-0.13336311553233263
2.927,-0.012879609544469872,0.19194603434178248,0.1827589392959439,-1.463767378978921e-05,0.3236342488419827,0.32993320513613034
2.928,-0.012879609544469872,0.19194603434178248,0.1827589392959439,-4.6426445604291997e-05,-0.12371208760951125,0.3348277583066351
2.929,-0.012879609544469872,-0.8080539656582175,0.1827589392959439,-1.4619003105722944e-05,-0.4001217310747485,-0.12466816187450085
2.93,-0.012879609544469872,0.19194603434178248,-0.8172410607040561,1.9011305756069743e-05,-0.12359188294856108,-0.41051140154454907
2.931,-0.012879609544469872,0.19194603434178248,0.1827589392959439,1.5354869593728588e-05,0.32375456405416136,-0.12674423388348455
2.932,-0.012879609544469872,0.19194603434178248,0.1827589392959439,2.600696615522717e-06,0.323709896599905,0.3321677424604599
2.933,-0.012879609544469872,0.19194603434178248,0.1827589392959439,5.02930798186645e-06,-0.12368697761939208,0.32992573966893923
2.934,-0.012879609544469872,-0.8080539656582175,0.1827589392959439,-6.237791277556672e-08,-0.4001745447291123,-0.12937486698464518
2.935,-0.012879609544469872,0.19194603434178248,-0.8172410607040561,-2.4004051073951515e-05,-0.12365432913444599,-0.4085654154844602
2.936,-0.012879609544469872,0.19194603434178248,0.1827589392959439,-2.576189269096128e-05,0.32375696204048576,-0.12145300490319198
2.937,-0.012879609544469872,0.19194603434178248,0.1827589392959439,1.961354945271314e-05,0.3237688730579799,0.3331865369207817
2.938,-0.012879609544469872,0.19194603434178248,0.1827589392959439,5.519543577563913e-05,-0.12364433850867577,0.32573225742286416
2.939,-0.012879609544469872,-0.8080539656582175,0.1827589392959439,1.4104999655770699e-05,-0.4001948771838915,-0.13239597176420997
2.94,-0.012879609544469872,0.19194603434178248,-0.8172410607040561,-6.250426417008745e-05,-0.12370888968695273,-0.4063731246485394
2.941,-0.012879609544469872,0.19194603434178248,0.1827589392959439,-6.176892327766436e-05,0.32373105457823137,-0.11775604617563565
2.942,-0.012879609544469872,0.19194603434178248,0.1827589392959439,3.310826261540678e-05,0.3237971016382073,0.3330115989283891
2.943,-0.012879609544469872,0.19194603434178248,0.1827589392959439,9.496856659343585e-05,-0.12359578170858836,0.3224476943473716
2.944,-0.012879609544469872,-0.8080539656582175,0.1827589392959439,2.552379905066965e-05,-0.40017857086857084,-0.13367465447663424
2.945,-0.012879609544469872,0.19194603434178248,-0.8172410607040561,-8.940740385527624e-05,-0.12374192811338512,-0.4040462209020086
2.946,-0.012879609544469872,0.19194603434178248,0.1827589392959439,-8.631934577418538e-05,0.3236836795411194,-0.11570236555364226
2.947,-0.012879609544469872,0.19194603434178248,0.1827589392959439,4.047021634435338e-05,0.3237877069628113,0.33171717591050753
2.948,-0.012879609544469872,0.19194603434178248,0.1827589392959439,0.00011730484351254569,-0.12355322960438476,0.3200876502270692
2.949,-0.012879609544469872,-0.8080539656582175,0.1827589392959439,3.2389482599111624e-05,-0.4001293827759603,-0.1333155184631357
2.95,-0.012879609544469872,0.19194603434178248,-0.8172410607040561,-9.996644621575362e-05,-0.12374534304975364,-0.4016127554134027
2.951,-0.012879609544469872,0.19194603434178248,0.1827589392959439,-9.538811336064078e-05,0.32362584744459927,-0.11513624510222395
2.952,-0.012879609544469872,0.19194603434178248,0.1827589392959439,4.033845148030587e-05,0.32374248809017414,0.3294188736134055
2.953,-0.012879609544469872,0.19194603434178248,0.1827589392959439,0.00011873119938255737,-0.12352662157175334,0.3184997027141855
2.954,-0.012879609544469872,-0.8080539656582175,0.1827589392959439,3.382443801977263e-05,-0.4000583001043313,-0.13155996524226116
2.955,-0.012879609544469872,0.19194603434178248,-0.8172410607040561,-9.281658388917896e-05,-0.12371807650203387,-0.39902665201534626
2.956,-0.012879609544469872,0.19194603434178248,0.1827589392959439,-8.814886987366153e-05,0.3235706208514742,-0.11573543148884977
2.957,-0.012879609544469872,0.19194603434178248,0.1827589392959439,3.292750962615046e-05,0.3236714099103557,0.32626249022519127
2.958,-0.012879609544469872,0.19194603434178248,0.1827589392959439,0.00010013427022154574,-0.12352208782492739,0.31740323417158406
2.959,-0.012879609544469872,-0.8080539656582175,0.1827589392959439,3.006350475674333e-05,-0.39998120393816333,-0.12874828335594563
2.96,-0.012879609544469872,0.19194603434178248,-0.8172410607040561,-7.031947740411249e-05,-0.12366604613886668,-0.3961903531468441
2.961,-0.012879609544469872,0.19194603434178248,0.1827589392959439,-6.718208881032274e-05,0.3235304641970029,-0.11706819179943039
2.962,-0.012879609544469872,0.19194603434178248,0.1827589392959439,2.001313153734429e-05,0.3235902427708729,0.32241390023540156
2.963,-0.012879609544469872,0.19194603434178248,0.1827589392959439,6.661654058917508e-05,-0.1235408762261539,0.31644565738746167
2.964,-0.012879609544469872,-0.8080539656582175,0.1827589392959439,2.240094196900486e-05,-0.3999153414162855,-0.1252740929003845
2.965,-0.012879609544469872,0.19194603434178248,-0.8172410607040561,-3.8093138200896605e-05,-0.12360058773485133,-0.39298662854559707
2.966,-0.012879609544469872,0.19194603434178248,0.1827589392959439,-3.793272285909092e-05,0.3235145599967244,-0.11866059936551375
2.967,-0.012879609544469872,0.19194603434178248,0.1827589392959439,4.569049617030554e-06,0.3235168795881375,0.31805098733087095
2.968,-0.012879609544469872,0.19194603434178248,0.1827589392959439,2.6402541641001872e-05,-0.12357919323129202,0.3152664420576874
2.969,-0.012879609544469872,-0.8080539656582175,0.1827589392959439,1.2896404024358186e-05,-0.3998753509767886,-0.12153742486290088
2.97,-0.012879609544469872,0.19194603434178248,-0.8172410607040561,-3.7895915191526768e-06,-0.1235357884443546,-0.3893144096674043
2.971,-0.012879609544469872,0.19194603434178248,0.1827589392959439,-7.497163468020339e-06,0.323526644606894,-0.1200645055857026
2.972,-0.012879609544469872,0.19194603434178248,0.1827589392959439,-9.881600187786624e-06,0.3234671491896709,0.31335812745641417
2.973,-0.012879609544469872,0.19194603434178248,0.1827589392959439,-1.1011765956926398e-05,-0.12362897492752474,0.31355965436474087
2.974,-0.012879609544469872,-0.8080539656582175,0.1827589392959439,3.891798712598205e-06,-0.39986972127369086,-0.11790243498200668
2.975,-0.012879609544469872,0.19194603434178248,-0.8172410607040561,2.464612101513565e-05,-0.12348530264379916,-0.3851230533431161
2.976,-0.012879609544469872,0.19194603434178248,0.1827589392959439,1.702483617806679e-05,0.323563864287226,-0.12091709243429671
2.977,-0.012879609544469872,0.19194603434178248,0.1827589392959439,-2.0069753357777688e-05,0.3234510640555862,0.3085231255049563
2.978,-0.012879609544469872,0.19194603434178248,0.1827589392959439,-3.709052162448455e-05,-0.1236794558698568,0.31112629685538634
2.979,-0.012879609544469872,-0.8080539656582175,0.1827589392959439,-2.561676316637103e-06,-0.3998985154289838,-0.11466463371783535
2.98,-0.012879609544469872,0.19194603434178248,-0.8172410607040561,4.087009866113538e-05,-0.12345933224149892,-0.38043970443259423
2.981,-0.012879609544469872,0.19194603434178248,0.1827589392959439,3.0262097613257676e-05,0.32361698801623207,-0.12098455337866208
2.982,-0.012879609544469872,0.19194603434178248,0.1827589392959439,-2.3765662455153782e-05,0.3234703627235296,0.3037358985722475
2.983,-0.012879609544469872,0.19194603434178248,0.1827589392959439,-4.638128849423029e-05,-0.12371927159591649,0.30790942750600553
2.984,-0.012879609544469872,-0.8080539656582175,0.1827589392959439,-5.23774793318994e-06,-0.399952958534612,-0.11203076204473163
2.985,-0.012879609544469872,0.19194603434178248,-0.8172410607040561,4.176055761287161e-05,-0.12346240803514393,-0.37538535177937576
2.986,-0.012879609544469872,0.19194603434178248,0.1827589392959439,2.999008428311134e-05,0.32367205917906156,-0.12018502044605418
2.987,-0.012879609544469872,0.19194603434178248,0.1827589392959439,-2.0365299928535708e-05,0.32351794371583836,0.2991876790544566
2.988,-0.012879609544469872,0.19194603434178248,0.1827589392959439,-3.802762784338489e-05,-0.1237387343573179,0.30400756145965097
2.989,-0.012879609544469872,-0.8080539656582175,0.1827589392959439,-4.099147096205831e-06,-0.4000171068362766,-0.11011235291668905
2.99,-0.012879609544469872,0.19194603434178248,-0.8172410607040561,2.8368242129430136e-05,-0.12349243827686791,-0.37017662034592885
2.991,-0.012879609544469872,0.19194603434178248,0.1827589392959439,1.787583454082273e-05,0.32371326793347255,-0.1185889335288187
2.992,-0.012879609544469872,0.19194603434178248,0.1827589392959439,-1.1128941115944155e-05,0.32357938849142354,0.295069189050271
2.993,-0.012879609544469872,0.19194603434178248,0.1827589392959439,-1.6265851996912834e-05,-0.12373187719251498,0.29966484663491655
2.994,-0.012879609544469872,-0.8080539656582175,0.1827589392959439,-3.8708114481275936e-07,-0.40007136404851207,-0.10893192873074892
2.995,-0.012879609544469872,0.19194603434178248,-0.8172410607040561,5.918486610669749e-06,-0.12354122833415633,-0.36511213714117524
2.996,-0.012879609544469872,0.19194603434178248,0.1827589392959439,-6.870557026367636e-07,0.3237265389661041,-0.11639818095957
2.997,-0.012879609544469872,0.19194603434178248,0.1827589392959439,1.0103128403273167e-06,0.32363631423257905,0.291566205700586
2.998,-0.012879609544469872,0.19194603434178248,0.1827589392959439,1.0302654777686163e-05,-0.12369788010242101,0.29523955655164175
2.999,-0.012879609544469872,-0.8080539656582175,0.1827589392959439,3.6147238420154962e-06,-0.40009717619551555,-0.10843902242751939
3.0,-0.012879609544469872,0.19194603434178248,-0.8172410607040561,-1.7221160914196064e-05,-0.1235963713588865,-0.3605442511247738
3.001,-0.012879609544469872,0.19194603434178248,0.1827589392959439,-1.7703104265956434e-05,0.32370311867870905,-0.11390809755497786
3.002,-0.012879609544469872,0.19194603434178248,0.1827589392959439,1.2060240404630801e-05,0.3236708763725269,0.28885125290638064
3.003,-0.012879609544469872,0.19194603434178248,0.1827589392959439,3.061095395640402e-05,-0.12364157684256424,0.2911551868059705
3.004,-0.012879609544469872,-0.8080539656582175,0.1827589392959439,5.1210622892774514e-06,-0.400081915963119,-0.10853203686436502
3.005,-0.012879609544469872,0.19194603434178248,0.1827589392959439,-3.146558784723923e-05,-0.12364412236894726,-0.3568387784923319
3.006,-0.012879609544469872,0.19194603434178248,0.1827589392959439,-2.449225756159554e-05,0.3236423655326577,-0.11145844062466596
3.007,-0.012879609544469872,0.19194603434178248,0.1827589392959439,1.7901763029423476e-05,0.32367044537987816,0.28707082368924897
3.008,-0.012879609544469872,0.19194603434178248,0.1827589392959439,3.38705525410696e-05,-0.12357288460979712,0.2878405708608309
3.009,-0.012879609544469872,-0.8080539656582175,0.1827589392959439,1.596384304550445e-06,-0.4000228382648125,-0.10908153193744895
3.01,-0.012879609544469872,0.19194603434178248,-0.8172410607040561,-2.8468444374909526e-05,-0.12367265297890143,-0.3543270987430586
3.011,-0.012879609544469872,0.19194603434178248,0.1827589392959439,-1.4031241375788203e-05,0.3235530293426147,-0.10938055486736863
3.012,-0.012879609544469872,0.19194603434178248,0.1827589392959439,1.5354616364590317e-05,0.32363138078801057,0.28632850055209996
3.013,-0.012879609544469872,0.19194603434178248,0.1827589392959439,1.2602927457274453e-05,-0.12350518363461101,0.28566673808624016
3.014,-0.012879609544469872,-0.8080539656582175,0.1827589392959439,-8.440733864540844e-06,-0.3999290935117479,-0.10995088145995886
3.015,-0.012879609544469872,0.19194603434178248,-0.8172410607040561,-3.5893263185921735e-06,-0.12367498467254642,-0.35325618025247124
3.016,-0.012879609544469872,0.19194603434178248,0.1827589392959439,1.6790405587423212e-05,0.3234525505587999,-0.1079480092592935
3.017,-0.012879609544469872,0.19194603434178248,0.1827589392959439,3.142847168445052e-06,0.32356095012559427,0.2866654734032814
3.018,-0.012879609544469872,0.19194603434178248,0.1827589392959439,-3.4728309458554156e-05,-0.12345287158743211,0.28488862193068065
3.019,-0.012879609544469872,-0.8080539656582175,0.1827589392959439,-2.4750163517958378e-05,-0.39982112091854505,-0.11101127107249592
3.02,-0.012879609544469872,0.19194603434178248,-0.8172410607040561,4.221067154446066e-05,-0.12365093793103113,-0.35374283149483954
3.021,-0.012879609544469872,0.19194603434178248,0.1827589392959439,6.555171588041025e-05,0.3233642850792424,-0.10733711234527543
3.022,-0.012879609544469872,0.19194603434178248,0.1827589392959439,-1.7475555690404385e-05,0.323476779270841,0.28804107414892016
3.023,-0.012879609544469872,0.19194603434178248,0.1827589392959439,-0.00010216329906686322,-0.12342849458845838,0.2855991920487445
3.024,-0.012879609544469872,-0.8080539656582175,0.1827589392959439,-4.50248425326406e-05,-0.399727259273676,-0.11214950173826531
3.025,-0.012879609544469872,0.19194603434178248,-0.8172410607040561,0.00010156739880388993,-0.12360761030994075,-0.35573855376687874
3.026,-0.012879609544469872,0.19194603434178248,0.1827589392959439,0.0001237960499650569,0.3233129987201877,-0.10760207625486527
3.027,-0.012879609544469872,0.19194603434178248,0.1827589392959439,-4.260167480017657e-05,0.3234037173861571,0.29031683795551666
3.028,-0.012879609544469872,0.19194603434178248,0.1827589392959439,-0.00017628943001622493,-0.12343997729382225,0.28770222305652704
3.029,-0.012879609544469872,-0.8080539656582175,0.1827589392959439,-6.500449122493833e-05,-0.39967801330121794,-0.11326873354918286
3.03,-0.012879609544469872,0.19194603434178248,-0.8172410607040561,0.00016134686819614994,-0.1235581804331376,-0.359010751785132
3.031,-0.012879609544469872,0.19194603434178248,0.1827589392959439,0.00017792834741874652,0.323319392237614,-0.10866747534687772
3.032,-0.012879609544469872,0.19194603434178248,0.1827589392959439,-6.62036921906125e-05,0.3233685617125896,0.29324804644384117
3.033,-0.012879609544469872,0.19194603434178248,0.1827589392959439,-0.0002381097727770439,-0.12348850944996233,0.2909078839738621
3.034,-0.012879609544469872,-0.8080539656582175,0.1827589392959439,-7.910020308189165e-05,-0.39969898051403624,-0.11428383977346813
3.035,-0.012879609544469872,0.19194603434178248,-0.8172410607040561,0.00020477688120761823,-0.12351917675685896,-0.36314472863700265
3.036,-0.012879609544469872,0.19194603434178248,0.1827589392959439,0.00021152437292823012,0.3233947220302085,-0.11033833945130862
3.037,-0.012879609544469872,0.19194603434178248,0.1827589392959439,-8.120785843869408e-05,0.32339360309031634,0.29648652932215275
3.038,-0.012879609544469872,0.19194603434178248,0.1827589392959439,-0.0002665862378013324,-0.12356757818111576,0.29475284207727076
3.039,-0.012879609544469872,-0.8080539656582175,0.1827589392959439,-8.147301043515385e-05,-0.3998038533739811,-0.11511415837749005
3.04,-0.012879609544469872,0.19194603434178248,-0.8172410607040561,0.00021481651671994564,-0.12350668606776229,-0.36756890245133755
3.041,-0.012879609544469872,0.19194603434178248,0.1827589392959439,0.00020874827072418564,0.32353669640422317,-0.11232603162162029
3.042,-0.012879609544469872,0.19194603434178248,0.1827589392959439,-8.100893312931308e-05,0.3234903113231956,0.2995975981717191
3.043,-0.012879609544469872,0.19194603434178248,0.1827589392959439,-0.0002433150376723276,-0.1236634643949468,0.2986438557998895
3.044,-0.012879609544469872,-0.8080539656582175,0.1827589392959439,-6.739804155412914e-05,-0.39998906319793665,-0.11567692250820336
3.045,-0.012879609544469872,0.19194603434178248,-0.8172410607040561,0.0001781950366088596,-0.12353224052370865,-0.3716031591719776
3.046,-0.012879609544469872,0.19194603434178248,0.1827589392959439,0.0001582854716607046,0.3237277068418127,-0.11428623647025522
3.047,-0.012879609544469872,0.19194603434178248,0.1827589392959439,-6.112495230415469e-05,0.3236545929492377,0.3020923699290989
3.048,-0.012879609544469872,0.19194603434178248,0.1827589392959439,-0.00015746641913173275,-0.12375726846943855,0.30192112904370266
3.049,-0.012879609544469872,-0.8080539656582175,0.1827589392959439,-3.465527591234458e-05,-0.400231468173943,-0.11588443111729423
3.05,-0.012879609544469872,0.19194603434178248,-0.8172410607040561,8.932665807573238e-05,-0.12359925656955763,-0.3745274054832063
3.051,-0.012879609544469872,0.19194603434178248,0.1827589392959439,5.699783322423349e-05,0.32393609638221454,-0.11586410540766134
3.052,-0.012879609544469872,0.19194603434178248,0.1827589392959439,-2.0654429175598782e-05,0.3238648775204067,0.3034745471447307
3.053,-0.012879609544469872,0.19194603434178248,0.1827589392959439,-9.937838891407435e-06,-0.12382823415624133,0.3039352608421233
3.054,-0.012879609544469872,-0.8080539656582175,0.1827589392959439,1.5359689808596623e-05,-0.4004900101704865,-0.11564712490708849
3.055,-0.012879609544469872,0.19194603434178248,-0.8172410607040561,-4.677814859472835e-05,-0.12370086784718186,-0.3756644932723604
3.056,-0.012879609544469872,0.19194603434178248,0.1827589392959439,-8.755027783591847e-05,0.32412062017371845,-0.11674096362002906
3.057,-0.012879609544469872,0.19194603434178248,0.1827589392959439,3.680918541901946e-05,0.3240838315556943,0.30329822223139913
3.058,-0.012879609544469872,0.19194603434178248,0.1827589392959439,0.0001843150523613568,-0.1238578534123303,0.30412968819303454
3.059,-0.012879609544469872,-0.8080539656582175,0.1827589392959439,7.710021441738709e-05,-0.40071154010135435,-0.11488332492286199
3.06,-0.012879609544469872,0.19194603434178248,0.1827589392959439,-0.0002133965829993296,-0.1238197897324063,-0.37446909903477626
3.061,-0.012879609544469872,0.19194603434178248,0.1827589392959439,-0.0002564328167925167,0.3242376078312581,-0.11667699304454908
3.062,-0.012879609544469872,0.19194603434178248,0.1827589392959439,0.00010308318310001058,0.32426382826729994,0.301230828759986
3.063,-0.012879609544469872,0.19194603434178248,0.1827589392959439,0.0003965713174070859,-0.1238340165407092,0.30211930406991616
3.064,-0.012879609544469872,-0.8080539656582175,0.1827589392959439,0.0001411283031344732,-0.4008401624039661,-0.11353473330781272
3.065,-0.012879609544469872,0.19194603434178248,-0.8172410607040561,-0.0003833008852100771,-0.1239305002964685,-0.37061223486148415
3.066,-0.012879609544469872,0.19194603434178248,0.1827589392959439,-0.00042102474301603974,0.32424971475521425,-0.11554490954784301
3.067,-0.012879609544469872,0.19194603434178248,0.1827589392959439,0.00016626587937118933,0.3243555308195354,0.2971133922888136
3.068,-0.012879609544469872,0.19194603434178248,0.1827589392959439,0.0005876318988507677,-0.12375437334523708,0.2977556184068546
3.069,-0.012879609544469872,-0.8080539656582175,0.1827589392959439,0.00019525641696668372,-0.4008286356449414,-0.1115852036812663
3.07,-0.012879609544469872,0.19194603434178248,-0.8172410607040561,-0.000522410609879601,-0.12400357663027413,-0.3640502008450644
3.071,-0.012879609544469872,0.19194603434178248,0.1827589392959439,-0.0005470258571225145,0.32413467964433934,-0.11335074410984043
3.072,-0.012879609544469872,0.19194603434178248,0.1827589392959439,0.0002125372988079696,0.3243182221383707,0.29100914291955066
3.073,-0.012879609544469872,0.19194603434178248,0.1827589392959439,0.0007139062240067251,-0.12362812641203297,0.29116954053543276
3.074,-0.012879609544469872,-0.8080539656582175,0.1827589392959439,0.0002264881426947135,-0.40064975673664704,-0.10907907735293079
3.075,-0.012879609544469872,0.19194603434178248,-0.8172410607040561,-0.0005955261856705999,-0.12401156452472337,-0.355067245565971
3.076,-0.012879609544469872,0.19194603434178248,0.1827589392959439,-0.0006004044924362216,0.3238923005675585,-0.11023927970057182
3.077,-0.012879609544469872,0.19194603434178248,0.1827589392959439,0.00022866216001668735,0.3241299843531201,0.28323166592103144
3.078,-0.012879609544469872,0.19194603434178248,0.1827589392959439,0.0007355018642494272,-0.12347569508771819,0.28278463769104034
3.079,-0.012879609544469872,-0.8080539656582175,0.1827589392959439,0.0002234965084258746,-0.40030539485126143,-0.1061348098638999
3.08,-0.012879609544469872,0.19194603434178248,-0.8172410607040561,-0.0005733044464708126,-0.12393537144774541,-0.3442831314424792
3.081,-0.012879609544469872,0.19194603434178248,0.1827589392959439,-0.0005543627138191074,0.3235479731695035,-0.10648333752615245
3.082,-0.012879609544469872,0.19194603434178248,0.1827589392959439,0.00020479450959076,0.3237956207979416,0.2743452598810856
3.083,-0.012879609544469872,0.19194603434178248,0.1827589392959439,0.00062499863184968,-0.1233260448470075,0.27329649959688335
3.084,-0.012879609544469872,-0.8080539656582175,0.1827589392959439,0.00017922805999043308,-0.39983101709905006,-0.10294983496380454
3.085,-0.012879609544469872,0.19194603434178248,-0.8172410607040561,-0.0004392660431197464,-0.1237699401189859,-0.33262017088985235
3.086,-0.012879609544469872,0.19194603434178248,0.1827589392959439,-0.0003960852457867734,0.3231516130985957,-0.10245779842662799
3.087,-0.012879609544469872,0.19194603434178248,0.1827589392959439,0.00013706842011746825,0.3233503976583946,0.26513301832277697
3.088,-0.012879609544469872,0.19194603434178248,0.1827589392959439,0.00037525874432250245,-0.1232119176502981,0.2636174234236979
3.089,-0.012879609544469872,-0.8080539656582175,0.1827589392959439,9.313123901338604e-05,-0.3992941732647282,-0.09979364977530288
3.09,-0.012879609544469872,0.19194603434178248,-0.8172410607040561,-0.00019544437847655857,-0.12352794395463264,-0.32122885962741293
3.091,-0.012879609544469872,0.19194603434178248,0.1827589392959439,-0.00013189427000755683,0.32277155389085194,-0.09860084551696432
3.092,-0.012879609544469872,0.19194603434178248,0.1827589392959439,2.9430750467659304e-05,0.3228582661649907,0.256532101818699
3.093,-0.012879609544469872,0.19194603434178248,0.1827589392959439,4.575714742828034e-06,-0.12316364733791674,0.2547897080002614
3.094,-0.012879609544469872,-0.8080539656582175,0.1827589392959439,-2.7495067062712968e-05,-0.398786406513736,-0.09698783090965223
3.095,-0.012879609544469872,0.19194603434178248,-0.8172410607040561,0.00013464596114571157,-0.1232404727257287,-0.31137652387798986
3.096,-0.012879609544469872,0.19194603434178248,0.1827589392959439,0.00021045629565144214,0.32248395136112573,-0.09536629268154477
3.097,-0.012879609544469872,0.19194603434178248,0.1827589392959439,-0.00010575459148467263,0.3224041387405438,0.24954026338849533
3.098,-0.012879609544469872,0.19194603434178248,0.1827589392959439,-0.0004422597558248361,-0.12320261213707295,0.24787497890889898
3.099,-0.012879609544469872,-0.8080539656582175,0.1827589392959439,-0.00016744084856788256,-0.3984092760496786,-0.09487385270569364
3.1,-0.012879609544469872,0.19194603434178248,0.1827589392959439,0.0005067097603428615,-0.12295413046536113,-0.3043087795660061
3.101,-0.012879609544469872,0.19194603434178248,0.1827589392959439,0.0005832409228176982,0.3223591703190279,-0.0931719042515036
3.102,-0.012879609544469872,0.19194603434178248,0.1827589392959439,-0.0002486285715472531,0.3220808931039705,0.2451023080142087
3.103,-0.012879609544469872,0.19194603434178248,0.1827589392959439,-0.0008978120996326714,-0.12333558157552392,0.24383064806953253
3.104,-0.012879609544469872,-0.8080539656582175,0.1827589392959439,-0.00030503133949723207,-0.3982564038189356,-0.09377182973256724
3.105,-0.012879609544469872,0.19194603434178248,-0.8172410607040561,0.0008604626678597779,-0.12272458737154313,-0.30109832798286756
3.106,-0.012879609544469872,0.19194603434178248,0.1827589392959439,0.0009242769159360913,0.32244739569711217,-0.09234921485936058
3.107,-0.012879609544469872,0.19194603434178248,0.1827589392959439,-0.0003743319707581966,0.32197287713304423,0.2439891043576099
3.108,-0.012879609544469872,0.19194603434178248,0.1827589392959439,-0.0012807837613808114,-0.12355119765740227,0.24338731429330598
3.109,-0.012879609544469872,-0.8080539656582175,0.1827589392959439,-0.00041504250558441566,-0.3983944561548909,-0.09393526291274443
3.11,-0.012879609544469872,0.19194603434178248,-0.8172410607040561,0.0011282159953181798,-0.12260731526350072,-0.3024989306350571
3.111,-0.012879609544469872,0.19194603434178248,0.1827589392959439,0.0011660638231372842,0.3227661307932843,-0.09310044802968157
3.112,-0.012879609544469872,0.19194603434178248,0.1827589392959439,-0.00045682962793974747,0.32213857635735743,0.24668434357502456
3.113,-0.012879609544469872,0.19194603434178248,0.1827589392959439,-0.001508809245758327,-0.12381956714981118,0.24694216038342678
3.114,-0.012879609544469872,-0.8080539656582175,0.1827589392959439,-0.00047276294887921543,-0.3988465290512226,-0.09550817414883468
3.115,-0.012879609544469872,0.19194603434178248,-0.8172410607040561,0.0012462019576419657,-0.12264687109201527,-0.3088236715795473
3.116,-0.012879609544469872,0.19194603434178248,0.1827589392959439,0.0012473752750281196,0.3232922032209534,-0.095467661521566
3.117,-0.012879609544469872,0.19194603434178248,0.1827589392959439,-0.0004735396522456527,0.3225955964907502,0.253294911898048
3.118,-0.012879609544469872,0.19194603434178248,0.1827589392959439,-0.0015134622957414482,-0.1240954559037477,0.25448285519783104
3.119,-0.012879609544469872,-0.8080539656582175,0.1827589392959439,-0.0004586175037419386,-0.399581371789696,-0.09849139681710774
3.12,-0.012879609544469872,0.19194603434178248,0.1827589392959439,0.0011669323743666708,-0.12286655090784565,-0.3198654067649857
3.121,-0.012879609544469872,0.19194603434178248,0.1827589392959439,0.0011255110087522338,0.3239603544261545,-0.09931821314845717
3.122,-0.012879609544469872,0.19194603434178248,0.1827589392959439,-0.0004100255284748441,0.32331107246158736,0.2634992018572694
3.123,-0.012879609544469872,0.19194603434178248,0.1827589392959439,-0.0012550223113212068,-0.12432493605988332,0.2655539868975233
3.124,-0.012879609544469872,-0.8080539656582175,0.1827589392959439,-0.0003625804988856517,-0.4005112039192703,-0.10272411357780853
3.125,-0.012879609544469872,0.19194603434178248,-0.8172410607040561,0.0008704635566831796,-0.12326041252379569,-0.33487351105715646
3.126,-0.012879609544469872,0.19194603434178248,0.1827589392959439,0.0007870501578076466,0.32466949310437987,-0.10434909288009839
3.127,-0.012879609544469872,0.19194603434178248,0.1827589392959439,-0.00026390101966800657,0.32419999527408144,0.2765439319033752
3.128,-0.012879609544469872,0.19194603434178248,0.1827589392959439,-0.0007342599436945246,-0.12445464921183345,0.2792737520455671
3.129,-0.012879609544469872,-0.8080539656582175,0.1827589392959439,-0.0001875379612719471,-0.4014996162998196,-0.10788502846479457
3.13,-0.012879609544469872,0.19194603434178248,-0.8172410607040561,0.0003723575160684827,-0.12378949401258615,-0.352594928964705
3.131,-0.012879609544469872,0.19194603434178248,0.1827589392959439,0.00025493020499841326,0.32529638839907365,-0.11011071734899112
3.132,-0.012879609544469872,0.19194603434178248,0.1827589392959439,-4.7131200824715486e-05,0.32513280253106547,0.29129441441811227
3.133,-0.012879609544469872,0.19194603434178248,0.1827589392959439,1.31984332784781e-06,-0.12444224053892805,0.2944028922242029
3.134,-0.012879609544469872,-0.8080539656582175,0.1827589392959439,4.9165223352184615e-05,-0.4023793729914219,-0.11351502553679384
3.135,-0.012879609544469872,0.19194603434178248,-0.8172410607040561,-0.000273561945173494,-0.12438352831294477,-0.37137974961984066
3.136,-0.012879609544469872,0.19194603434178248,0.1827589392959439,-0.00040994729059717845,0.3257151783718708,-0.11604860597874556
3.137,-0.012879609544469872,0.19194603434178248,0.1827589392959439,0.0002139027138369463,0.32595206187948816,0.3063363629005582
3.138,-0.012879609544469872,0.19194603434178248,0.1827589392959439,0.0008586755921775917,-0.12426611649620657,0.3094613426138479
3.139,-0.012879609544469872,-0.8080539656582175,0.1827589392959439,0.0003165318838613085,-0.40297811311731035,-0.1190601446495287
3.14,-0.012879609544469872,0.19194603434178248,-0.8172410607040561,-0.0009788720410480575,-0.12494862599847034,-0.3893430079754783
3.141,-0.012879609544469872,0.19194603434178248,0.1827589392959439,-0.0011136362665754023,0.3258198231389641,-0.12155918195589406
3.142,-0.012879609544469872,0.19194603434178248,0.1827589392959439,0.000480888423364088,0.32649642458046546,0.320120157768553
3.143,-0.012879609544469872,0.19194603434178248,0.1827589392959439,0.0017086828093954693,-0.12393258183108914,0.3228815564319082
3.144,-0.012879609544469872,-0.8080539656582175,0.1827589392959439,0.0005732612528157382,-0.40314830623875,-0.12393063596936882
3.145,-0.012879609544469872,0.19194603434178248,-0.8172410607040561,-0.0016308605145192781,-0.1253803830474511,-0.4045663089725564
3.146,-0.012879609544469872,0.19194603434178248,0.1827589392959439,-0.0017406184112438406,0.325545784225572,-0.12605402756002054
3.147,-0.012879609544469872,0.19194603434178248,0.1827589392959439,0.0007085201593343859,0.32662852029452094,0.3311320172028021
3.148,-0.012879609544469872,0.19194603434178248,0.1827589392959439,0.00240330050862689,-0.12347867265278323,0.333181897161985
3.149,-0.012879609544469872,-0.8080539656582175,0.1827589392959439,0.0007734013843038547,-0.4027966534883126,-0.12756920972054417
3.15,-0.012879609544469872,0.19194603434178248,-0.8172410607040561,-0.0021085674862790314,-0.1255808281418931,-0.41531636868312755
3.151,-0.012879609544469872,0.19194603434178248,0.1827589392959439,-0.002170704095566239,0.32488695403573103,-0.12902553596947958
3.152,-0.012879609544469872,0.19194603434178248,0.1827589392959439,0.0008513506027846241,0.3262623849470496,0.33807174073849194
3.153,-0.012879609544469872,0.19194603434178248,0.1827589392959439,0.002798487041519375,-0.12296961058788532,0.33913970283115696
3.154,-0.012879609544469872,-0.8080539656582175,0.1827589392959439,0.0008736309374472112,-0.4019077016797979,-0.1295198055926797
3.155,-0.012879609544469872,0.19194603434178248,-0.8172410607040561,-0.002302530653702987,-0.1254767362672288,-0.42025372048276616
3.156,-0.012879609544469872,0.19194603434178248,0.1827589392959439,-0.002299148691510163,0.32390429221763967,-0.1301062697961559
3.157,-0.012879609544469872,0.19194603434178248,0.1827589392959439,0.0008716214875079,0.3253855918182954,0.34001442558497075
3.158,-0.012879609544469872,0.19194603434178248,0.1827589392959439,0.002779658075901945,-0.12249068145819908,0.339942299320973
3.159,-0.012879609544469872,-0.8080539656582175,0.1827589392959439,0.0008411265031230519,-0.4005568906024056,-0.12948758563271948
3.16,-0.012879609544469872,0.19194603434178248,-0.8172410607040561,-0.0021353147034894235,-0.1250362756836829,-0.4186043933399908
3.161,-0.012879609544469872,0.19194603434178248,0.1827589392959439,-0.0020569403362865196,0.32272373230473433,-0.129114615951419
3.162,-0.012879609544469872,0.19194603434178248,0.1827589392959439,0.0007468565582258447,0.32407162743920387,0.3365342989182478
3.163,-0.012879609544469872,0.19194603434178248,0.1827589392959439,0.0022856484842463864,-0.12213435440739318,0.3352957508545127
3.164,-0.012879609544469872,-0.8080539656582175,0.1827589392959439,0.0006607402937461038,-0.3989095825901018,-0.12738155873090334
3.165,-0.012879609544469872,0.19194603434178248,-0.8172410607040561,-0.0015794169807613844,-0.12428085783841783,-0.41027063796735974
3.166,-0.012879609544469872,0.19194603434178248,0.1827589392959439,-0.0014278137908287074,0.3215225624253384,-0.12608056581331797
3.167,-0.012879609544469872,0.19194603434178248,0.1827589392959439,0.0004758962335102319,0.3224792279352687,0.32777264977701936
3.168,-0.012879609544469872,0.19194603434178248,0.1827589392959439,0.0013269064621960875,-0.1219844291781141,0.32547548253854525
3.169,-0.012879609544469872,-0.8080539656582175,0.1827589392959439,0.0003401742665480895,-0.3972046719660188,-0.12333323227594728
3.17,-0.012879609544469872,0.19194603434178248,-0.8172410607040561,-0.0006691784138772969,-0.1232894920882841,-0.39586353721119866
3.171,-0.012879609544469872,0.19194603434178248,0.1827589392959439,-0.00045868560829002264,0.32050541128570115,-0.12124756984356501
3.172,-0.012879609544469872,0.19194603434178248,0.1827589392959439,8.216058955993387e-05,0.320837240030712,0.31443841511423587
3.173,-0.012879609544469872,0.19194603434178248,0.1827589392959439,-5.887404119028109e-06,-0.12209974578394593,0.31130967788987485
3.174,-0.012879609544469872,-0.8080539656582175,0.1827589392959439,-8.798295997874482e-05,-0.3957238461360071,-0.11768771959145181
3.175,-0.012879609544469872,0.19194603434178248,-0.8172410607040561,0.0004960624094323745,-0.12219389223513255,-0.3766498465074752
3.176,-0.012879609544469872,0.19194603434178248,0.1827589392959439,0.0007390811500760145,0.3198728680612778,-0.11504920605119485
3.177,-0.012879609544469872,0.19194603434178248,0.1827589392959439,-0.0003867513128121824,0.31941584004147666,0.29773848568241196
3.178,-0.012879609544469872,0.19194603434178248,0.1827589392959439,-0.001545430589643249,-0.12250035141060858,0.29409474892716764
3.179,-0.012879609544469872,-0.8080539656582175,0.1827589392959439,-0.0005680993355541154,-0.39475008017338425,-0.11096740642693115
3.18,-0.012879609544469872,0.19194603434178248,-0.8172410607040561,0.0017591998145982319,-0.1211639333085645,-0.35441647774880275
3.181,-0.012879609544469872,0.19194603434178248,0.1827589392959439,0.0019989528395272954,0.31978729704102754,-0.10806253677033117
3.182,-0.012879609544469872,0.19194603434178248,0.1827589392959439,-0.0008635153473635316,0.3184872883204005,0.2792441306688721
3.183,-0.012879609544469872,0.19194603434178248,0.1827589392959439,-0.0030645783338000294,-0.12315888910935444,0.2754511147762365
3.184,-0.012879609544469872,-0.8080539656582175,0.1827589392959439,-0.001027409715623812,-0.3945210685008779,-0.10381208185351501
3.185,-0.012879609544469872,0.19194603434178248,-0.8172410607040561,0.0029230832372052805,-0.12038462868215151,-0.3312671789972118
3.186,-0.012879609544469872,0.19194603434178248,0.1827589392959439,0.003118836987009936,0.3203412799452188,-0.10094310548614248
3.187,-0.012879609544469872,0.19194603434178248,0.1827589392959439,-0.0012693618491577303,0.3182814309736372,0.260708800855965
3.188,-0.012879609544469872,0.19194603434178248,0.1827589392959439,-0.004305187269676629,-0.1239993270330425,0.25713577897842926
3.189,-0.012879609544469872,-0.8080539656582175,0.1827589392959439,-0.001385535947627533,-0.39518464327776126,-0.09690281847174545
3.19,-0.012879609544469872,0.19194603434178248,-0.8172410607040561,0.003777145877781576,-0.12002734832747912,-0.3093755970796292
3.191,-0.012879609544469872,0.19194603434178248,0.1827589392959439,0.0038891240901366285,0.3215341312317495,-0.09434911808085157
3.192,-0.012879609544469872,0.19194603434178248,0.1827589392959439,-0.0015253116969335108,0.3189425235347267,0.24385967338785358
3.193,-0.012879609544469872,0.19194603434178248,0.1827589392959439,-0.005015848322074353,-0.12490405282329906,0.24083456780905874
3.194,-0.012879609544469872,-0.8080539656582175,0.1827589392959439,-0.0015665249184495,-0.3967635175906644,-0.09087934010914994
3.195,-0.012879609544469872,0.19194603434178248,-0.8172410607040561,0.004129752634233152,-0.12021926847418274,-0.29072560563935634
3.196,-0.012879609544469872,0.19194603434178248,0.1827589392959439,0.004125693969819711,0.32326102160840897,-0.08886407182699008
3.197,-0.012879609544469872,0.19194603434178248,0.1827589392959439,-0.00156493630281835,0.3204943663460008,0.23018956374134675
3.198,-0.012879609544469872,0.19194603434178248,0.1827589392959439,-0.004993575772095666,-0.1257289701219089,0.2279603943545206
3.199,-0.012879609544469872,-0.8080539656582175,0.1827589392959439,-0.0015117929392729742,-0.39913580105651875,-0.08626176134893436
3.2,-0.012879609544469872,0.19194603434178248,0.1827589392959439,0.003841836025858374,-0.12101579371924255,-0.2768724655252748
3.201,-0.012879609544469872,0.19194603434178248,0.1827589392959439,0.0037032683620691416,0.32531750579110197,-0.08492765077245495
3.202,-0.012879609544469872,0.19194603434178248,0.1827589392959439,-0.0013468204824570052,0.32282006933863927,0.22077654074252387
3.203,-0.012879609544469872,0.19194603434178248,0.1827589392959439,-0.004123382761188456,-0.12632477486269333,0.21948392699944783
3.204,-0.012879609544469872,-0.8080539656582175,0.1827589392959439,-0.0011920538112917922,-0.4020357347037642,-0.08338722419296149
3.205,-0.012879609544469872,0.19194603434178248,0.1827589392959439,0.002856733072309227,-0.12238075169962088,-0.26875652352871415
3.206,-0.012879609544469872,0.19194603434178248,0.1827589392959439,0.0025839654813626877,0.32741992484362636,-0.0827839575661924
3.207,-0.012879609544469872,0.19194603434178248,0.1827589392959439,-0.000864770571141439,0.32566103395966334,0.21615551850841055
3.208,-0.012879609544469872,0.19194603434178248,0.1827589392959439,-0.002409392587754078,-0.1265613122887024,0.21581942596119663
3.209,-0.012879609544469872,-0.8080539656582175,0.1827589392959439,-0.0006162730978389983,-0.40507623877673804,-0.08237011086791754
3.21,-0.012879609544469872,0.19194603434178248,-0.8172410607040561,0.0012212214847675128,-0.12417845315406105,-0.26659485495328555
3.211,-0.012879609544469872,0.19194603434178248,0.1827589392959439,0.0008361483379619341,0.32923959910333295,-0.08245413947016776
3.212,-0.012879609544469872,0.19194603434178248,0.1827589392959439,-0.0001539671575230558,0.3286371550958419,0.2162595860667682
3.213,-0.012879609544469872,0.19194603434178248,0.1827589392959439,8.176699626339571e-06,-0.12635106520540818,0.216781647487035
3.214,-0.012879609544469872,-0.8080539656582175,0.1827589392959439,0.000164039754554312,-0.40779157474189054,-0.0830914135704685
3.215,-0.012879609544469872,0.19194603434178248,-0.8172410607040561,-0.000906374885598876,-0.12618028036323378,-0.26986626835338356
3.216,-0.012879609544469872,0.19194603434178248,0.1827589392959439,-0.0013603207824528882,0.33044636212628165,-0.0837374156682125
3.217,-0.012879609544469872,0.19194603434178248,0.1827589392959439,0.0007082894955386178,0.33128715916629525,0.220439702295963
3.218,-0.012879609544469872,0.19194603434178248,0.1827589392959439,0.002854193176920335,-0.12566758839385694,0.221620466768233
3.219,-0.012879609544469872,-0.8080539656582175,0.1827589392959439,0.0010563358425938435,-0.40969519865864323,-0.08521891327522856
3.22,-0.012879609544469872,0.19194603434178248,-0.8172410607040561,-0.003263560574120653,-0.12808647880214447,-0.2773927276576225
3.221,-0.012879609544469872,0.19194603434178248,0.1827589392959439,-0.0037246029540939593,0.33075521703641686,-0.08624081077390568
3.222,-0.012879609544469872,0.19194603434178248,0.1827589392959439,0.0016079010521268687,0.3331248600800969,0.22756086330636718
3.223,-0.012879609544469872,0.19194603434178248,0.1827589392959439,0.005739621089499615,-0.12455517889312906,0.2291294757620223
3.224,-0.012879609544469872,-0.8080539656582175,0.1827589392959439,0.0019346891211179467,-0.41034524852127285,-0.08825560864098299
3.225,-0.012879609544469872,0.19194603434178248,0.1827589392959439,-0.005506976388602657,-0.12956154728861247,-0.28750719898170296
3.226,-0.012879609544469872,0.19194603434178248,0.1827589392959439,-0.005901193384164285,0.3299690514828477,-0.08943404375962238
3.227,-0.012879609544469872,0.19194603434178248,0.1827589392959439,0.0024051732591299888,0.33370441893357716,0.23616240342030698
3.228,-0.012879609544469872,0.19194603434178248,0.1827589392959439,0.008201212020515034,-0.1231272353777614,0.23781471160188397
3.229,-0.012879609544469872,-0.8080539656582175,0.1827589392959439,0.0026530904311785376,-0.4094085125631321,-0.09160993808101882
3.23,-0.012879609544469872,0.19194603434178248,-0.8172410607040561,-0.00724977063022919,-0.13027938486056534,-0.2982860288199426
3.231,-0.012879609544469872,0.19194603434178248,0.1827589392959439,-0.007499694069206602,0.328010612953955,-0.09272255219287606
3.232,-0.012879609544469872,0.19194603434178248,0.1827589392959439,0.002950831256889835,0.3326858783947699,0.24466120043335585
3.233,-0.012879609544469872,0.19194603434178248,0.1827589392959439,0.00975588321538844,-0.12155246825529815,0.24610130087686422
3.234,-0.012879609544469872,-0.8080539656582175,0.1827589392959439,0.003062974111019267,-0.406713469176458,-0.09467830937353215
3.235,-0.012879609544469872,0.19194603434178248,-0.8172410607040561,-0.008108953089981058,-0.12997250998787266,-0.3078149130801953
3.236,-0.012879609544469872,0.19194603434178248,0.1827589392959439,-0.008143566673395821,0.3249383304754752,-0.09552905116320108
3.237,-0.012879609544469872,0.19194603434178248,0.1827589392959439,0.003104996659932078,0.32989163404632965,0.2515705032796126
3.238,-0.012879609544469872,0.19194603434178248,0.1827589392959439,0.009963340559490044,-0.12003012553960977,0.2525503833698759
3.239,-0.012879609544469872,-0.8080539656582175,0.1827589392959439,0.0030328539181855908,-0.40228416833648833,-0.09692872694585279
3.24,-0.012879609544469872,0.19194603434178248,-0.8172410607040561,-0.007756896212940492,-0.12847853457054367,-0.31445264881947976
3.241,-0.012879609544469872,0.19194603434178248,0.1827589392959439,-0.007521748914220721,0.32094289186403874,-0.09737272345446009
3.242,-0.012879609544469872,0.19194603434178248,0.1827589392959439,0.002756712224867845,0.3253452544498028,0.25570477798120095
3.243,-0.012879609544469872,0.19194603434178248,0.1827589392959439,0.008488846822357192,-0.1187573781006142,0.2560570226976433
3.244,-0.012879609544469872,-0.8080539656582175,0.1827589392959439,0.0024674882392611602,-0.3963492086530356,-0.09797413724938338
3.245,-0.012879609544469872,0.19194603434178248,0.1827589392959439,-0.005970139479959918,-0.1257768774170361,-0.31705691719279677
3.246,-0.012879609544469872,0.19194603434178248,0.1827589392959439,-0.005436179610590448,0.31632440300068465,-0.09793532608606721
3.247,-0.012879609544469872,0.19194603434178248,0.1827589392959439,0.0018413553517739037,0.3192861172006477,0.25634274219810854
3.248,-0.012879609544469872,0.19194603434178248,0.1827589392959439,0.0051574640705257515,-0.11789362214217193,0.25600220781774435
3.249,-0.012879609544469872,-0.8080539656582175,0.1827589392959439,0.0013238887626820452,-0.38932351011266497,-0.09762552549885162
3.25,-0.012879609544469872,0.19194603434178248,-0.8172410607040561,-0.002668583404997789,-0.12200953536287773,-0.31514137225048655
3.251,-0.012879609544469872,0.19194603434178248,0.1827589392959439,-0.0018384049566187535,0.31145300973131457,-0.09710518041400969
3.252,-0.012879609544469872,0.19194603434178248,0.1827589392959439,0.000353408840335194,0.31215643464320325,0.25332641090887204
3.253,-0.012879609544469872,0.19194603434178248,0.1827589392959439,-8.2448711739323e-06,-0.11752740502496288,0.25233820537971596
3.254,-0.012879609544469872,-0.8080539656582175,0.1827589392959439,-0.0003782341044372226,-0.3817644839795657,-0.09591759423762238
3.255,-0.012879609544469872,0.19194603434178248,-0.8172410607040561,0.0020609128664244424,-0.11748153812798533,-0.3089426366961378
3.256,-0.012879609544469872,0.19194603434178248,0.1827589392959439,0.003150438701068291,0.3067185575676246,-0.09499297388469465
3.257,-0.012879609544469872,0.19194603434178248,0.1827589392959439,-0.0016474439375252655,0.30456097565322154,0.24708272886908506
3.258,-0.012879609544469872,0.19194603434178248,0.1827589392959439,-0.006773224360019812,-0.11765175308442818,0.2455956005799759
3.259,-0.012879609544469872,-0.8080539656582175,0.1827589392959439,-0.0025533547556016896,-0.3743079669233572,-0.09310364016904976
3.26,-0.012879609544469872,0.19194603434178248,-0.8172410607040561,0.00796068104199671,-0.11263928658876661,-0.2993881406061453
3.261,-0.012879609544469872,0.19194603434178248,0.1827589392959439,0.009239971622712024,0.3024767464149143,-0.09191713756970468
3.262,-0.012879609544469872,0.19194603434178248,0.1827589392959439,-0.004038118039229322,0.2972036163336319,0.23856499490730101
3.263,-0.012879609544469872,0.19194603434178248,0.1827589392959439,-0.01470099231350862,-0.11815280073745621,0.23681109862372132
3.264,-0.012879609544469872,-0.8080539656582175,0.1827589392959439,-0.00505518608949107,-0.3675923335714694,-0.08962048542176494
3.265,-0.012879609544469872,0.19194603434178248,-0.8172410607040561,0.014619777386297439,-0.10802797690751666,-0.2879693524836051
3.266,-0.012879609544469872,0.19194603434178248,0.1827589392959439,0.01599233409776216,0.298999975400648,-0.08836073894553619
3.267,-0.012879609544469872,0.19194603434178248,0.1827589392959439,-0.006642014457192784,0.2908082117495887,0.2291222934231251
3.268,-0.012879609544469872,0.19194603434178248,0.1827589392959439,-0.02319069404200904,-0.11881486749854926,0.2273860403436546
3.269,-0.012879609544469872,-0.8080539656582175,0.1827589392959439,-0.0076896608353579044,-0.36218105027449743,-0.08602841621919448
3.27,-0.012879609544469872,0.19194603434178248,-0.8172410607040561,0.02151168547482125,-0.10423232639613507,-0.2765379266512152
3.271,-0.012879609544469872,0.19194603434178248,0.1827589392959439,0.022863572260712183,0.2964405154017292,-0.0849057537577291
3.272,-0.012879609544469872,0.19194603434178248,0.1827589392959439,-0.009246096786560383,0.2860336697565492,0.22031499055340242
3.273,-0.012879609544469872,0.19194603434178248,0.1827589392959439,-0.031536526674301825,-0.11934273275198111,0.21889507901511546
3.274,-0.012879609544469872,-0.8080539656582175,0.1827589392959439,-0.010234506727651794,-0.3584942841236997,-0.08293446373640352
3.275,-0.012879609544469872,0.19194603434178248,0.1827589392959439,0.028048183095291186,-0.10180740076040076,-0.26705280122708003
3.276,-0.012879609544469872,0.19194603434178248,0.1827589392959439,0.02926011667727245,0.29481185368149415,-0.0821536962498931
3.277,-0.012879609544469872,0.19194603434178248,0.1827589392959439,-0.011623250148191735,0.2833941592297378,0.21370164823633275
3.278,-0.012879609544469872,0.19194603434178248,0.1827589392959439,-0.03900275396122293,-0.11939916720615587,0.21287123463857915
3.279,-0.012879609544469872,-0.8080539656582175,0.1827589392959439,-0.012463140819711836,-0.3567589676455426,-0.08090956311250865
3.28,-0.012879609544469872,0.19194603434178248,-0.8172410607040561,0.033643045432047575,-0.10120810032734581,-0.2613128577084341
3.281,-0.012879609544469872,0.19194603434178248,0.1827589392959439,0.03460363359389465,0.2939912915398947,-0.08064345029929444
3.282,-0.012879609544469872,0.19194603434178248,0.1827589392959439,-0.013557241385397194,0.2831949250771579,0.210626450219813
3.283,-0.012879609544469872,0.19194603434178248,0.1827589392959439,-0.04490521648806715,-0.11865321372657754,0.21059664353167812
3.284,-0.012879609544469872,0.19194603434178248,0.1827589392959439,-0.014169957168109431,-0.3569841175666425,-0.08041085332812545
3.285,-0.012879609544469872,0.19194603434178248,0.1827589392959439,0.03777774665738618,-0.1027265046030308,-0.26071149544970845
3.286,-0.012879609544469872,0.19194603434178248,0.1827589392959439,0.03839621183779229,0.2937435731841,-0.0807774920428504
3.287,-0.012879609544469872,0.19194603434178248,0.1827589392959439,-0.01486717584441437,0.28549225984967175,0.21203592383323064
3.288,-0.012879609544469872,0.19194603434178248,0.1827589392959439,-0.04868912873986438,-0.11683269041984495,0.21292733990737522
3.289,-0.012879609544469872,-0.8080539656582175,0.1827589392959439,-0.015193821052768876,-0.3589646089620628,-0.08171955057381677
3.29,-0.012879609544469872,0.19194603434178248,0.1827589392959439,0.040060859794157945,-0.10644566274645093,-0.26604617547401266
3.291,-0.012879609544469872,0.19194603434178248,0.1827589392959439,0.04027761269201041,0.29376201001394675,-0.08276648304409591
3.292,-0.012879609544469872,0.19194603434178248,0.1827589392959439,-0.015428340884731166,0.2900830609943501,0.21834946313041226
3.293,-1.0128796095444699,0.19194603434178248,0.1827589392959439,-0.049993225890804405,-0.11377327044308196,0.22017551206260472
3.294,-0.012879609544469872,-0.8080539656582175,0.1827589392959439,-0.01543675665496243,-0.36231256172166226,-0.08490257834229105
3.295,-0.012879609544469872,0.19194603434178248,-0.8172410607040561,0.04027352631720486,-0.11221659345235607,-0.27740815936602775
3.296,-0.012879609544469872,0.19194603434178248,0.1827589392959439,0.040067208963660984,0.29372077710800687,-0.08659962193812955
3.297,-0.012879609544469872,0.19194603434178248,0.1827589392959439,-0.015186748029616264,0.2965255245515746,0.22940055632440506
3.298,-0.012879609544469872,0.19194603434178248,0.1827589392959439,-0.04869196437820212,-0.10945650283233907,0.23206459363004972
3.299,-0.012879609544469872,-0.8080539656582175,0.1827589392959439,-0.01487540568331046,-0.36651161898708845,-0.08980280284274973
3.3,-0.012879609544469872,0.19194603434178248,-0.8172410607040561,0.03839509461635777,-0.11966243984394664,-0.2941664575923949
3.301,-0.012879609544469872,0.19194603434178248,0.1827589392959439,0.03778516162545112,0.2933302560343594,-0.09204454833843514
3.302,-0.012879609544469872,0.19194603434178248,0.1827589392959439,-0.014165480781804721,0.30418844055867805,0.24445579717825755
3.303,-0.012879609544469872,0.19194603434178248,0.1827589392959439,-0.04491027647101717,-0.10403033243402497,0.24776244862734026
3.304,-0.012879609544469872,-0.8080539656582175,0.1827589392959439,-0.01356376289005674,-0.37098626969619664,-0.09605878200380369
3.305,-0.012879609544469872,0.19194603434178248,-0.8172410607040561,0.034605577943703635,-0.1282102811741252,-0.31504701683011266
3.306,-0.012879609544469872,0.19194603434178248,0.1827589392959439,0.033650066640888494,0.2923867809502003,-0.09867651192738705
3.307,-0.012879609544469872,0.19194603434178248,0.1827589392959439,-0.012462015275891962,0.3123228389378683,0.2623081152518757
3.308,-0.012879609544469872,0.19194603434178248,0.1827589392959439,-0.03900894568649398,-0.09780792331253109,0.26598722568509137
3.309,-0.012879609544469872,-0.8080539656582175,0.1827589392959439,-0.011626832129897754,-0.37517644795763033,-0.10315094456350281
3.31,-0.012879609544469872,0.19194603434178248,-0.8172410607040561,0.029264604279910515,-0.1371474995803404,-0.3382952512925045
3.311,-0.012879609544469872,0.19194603434178248,0.1827589392959439,0.028053377358035238,0.290809004743851,-0.10593253143689697
3.312,-0.012879609544469872,0.19194603434178248,0.1827589392959439,-0.010236858651331155,0.32014690319648004,0.28143068302908
3.313,-0.012879609544469872,0.19194603434178248,0.1827589392959439,-0.031542508779868465,-0.091243584174654,0.2851706883154291
3.314,-0.012879609544469872,-0.8080539656582175,0.1827589392959439,-0.009246034085536304,-0.37860719319280167,-0.11046762182518635
3.315,-0.012879609544469872,0.19194603434178248,-0.8172410607040561,0.02286959951365282,-0.14569633457208525,-0.36189895039363773
3.316,-0.012879609544469872,0.19194603434178248,0.1827589392959439,0.02151393816372019,0.28865520383918725,-0.11318293014226175
3.317,-0.012879609544469872,0.19194603434178248,0.1827589392959439,-0.007694980316684407,0.3269335024227812,0.30017001522753084
3.318,-0.012879609544469872,0.19194603434178248,0.1827589392959439,-0.02319516244199269,-0.08488790163663895,0.30365631427467077
3.319,-0.012879609544469872,-0.8080539656582175,0.1827589392959439,-0.006638267219782058,-0.38094420494698406,-0.11738182599874408
3.32,-0.012879609544469872,0.19194603434178248,-0.8172410607040561,0.015998631074999943,-0.15309778738016627,-0.3838408702621304
3.321,-0.012879609544469872,0.19194603434178248,0.1827589392959439,0.014618528124378565,0.28611884421253264,-0.11981040202764116
3.322,-0.012879609544469872,0.19194603434178248,0.1827589392959439,-0.005062435971913686,0.33208957921749704,0.31695191949937135
3.323,-0.012879609544469872,0.19194603434178248,0.1827589392959439,-0.014702959308478907,-0.07932730834191,0.31990519362308445
3.324,-0.012879609544469872,-0.8080539656582175,0.1827589392959439,-0.0040313274924184605,-0.3820284690714562,-0.12332842806705846
3.325,-0.012879609544469872,0.19194603434178248,-0.8172410607040561,0.009245267732958027,-0.15869471115994635,-0.4023469342876036
3.326,-0.012879609544469872,0.19194603434178248,0.1827589392959439,0.007956053254313844,0.2835031480915308,-0.12528592594435675
3.327,-0.012879609544469872,0.19194603434178248,0.1827589392959439,-0.002561175359032918,0.3352179481542233,0.33047278623912096
3.328,-0.012879609544469872,0.19194603434178248,0.1827589392959439,-0.0067722317743061245,-0.07511576245412518,0.33268226014396096
3.329,-0.012879609544469872,-0.8080539656582175,0.1827589392959439,-0.0016388198476003316,-0.38188636641974577,-0.12787157148608472
3.33,-0.012879609544469872,0.19194603434178248,-0.8172410607040561,0.0031537200442587543,-0.1620039317357858,-0.41609729370288256
3.331,-0.012879609544469872,0.19194603434178248,0.1827589392959439,0.0020537081167122852,0.2811786741971768,-0.12923149061497868
3.332,-0.012879609544469872,0.19194603434178248,0.1827589392959439,-0.0003852031166855334,0.33615457819354155,0.3398512900038189
3.333,-0.012879609544469872,0.19194603434178248,0.1827589392959439,-4.4659487963087455e-06,-0.072707598971454,0.34119864410201745
3.334,-0.012879609544469872,-0.8080539656582175,0.1827589392959439,0.0003623093204124253,-0.3807152748368545,-0.1307537033218029
3.335,-0.012879609544469872,-0.8080539656582175,-0.8172410607040561,-0.0018376984384226346,-0.16276859059434237,-0.4243732356257445
3.336,-0.012879609544469872,0.19194603434178248,0.1827589392959439,-0.0026770283450898926,0.27953052358884767,-0.13146159749963346
3.337,-0.012879609544469872,0.19194603434178248,0.1827589392959439,0.0013189911220521607,0.3349777623104822,0.34472146672376663
3.338,-0.012879609544469872,0.19194603434178248,0.1827589392959439,0.00516325597971837,-0.07240069431758668,0.34519239528524764
3.339,-0.012879609544469872,-0.8080539656582175,0.1827589392959439,0.0018489165687956104,-0.37884807730550896,-0.1319202650977375
3.34,-0.012879609544469872,0.19194603434178248,-0.8172410607040561,-0.005438055613126477,-0.16098440341267828,-0.4271221736306774
3.341,-0.012879609544469872,0.19194603434178248,0.1827589392959439,-0.00597820684776351,0.2789032923664974,-0.13199856059954362
3.342,-0.012879609544469872,0.19194603434178248,0.1827589392959439,0.0024654587943396394,0.33198922883586557,0.34525643777676845
3.343,-0.012879609544469872,0.19194603434178248,0.1827589392959439,0.00849543682003557,-0.07429782408625585,0.34493852458467805
3.344,-0.012879609544469872,0.19194603434178248,0.1827589392959439,0.002761562121594,-0.37670268707451693,-0.13151747105169198
3.345,-0.012879609544469872,0.19194603434178248,-0.8172410607040561,-0.007525680403015443,-0.15689683973734223,-0.4249343581766102
3.346,-0.012879609544469872,0.19194603434178248,0.1827589392959439,-0.00776300349823993,0.2795520801208305,-0.1310602741615652
3.347,-0.012879609544469872,0.19194603434178248,0.1827589392959439,0.0030339315678805413,0.3276707100980608,0.34212157848829644
3.348,-0.012879609544469872,0.19194603434178248,0.1827589392959439,0.009969325314172495,-0.07829165750173002,0.341189001356595
3.349,-0.012879609544469872,-0.8080539656582175,0.1827589392959439,0.003106264258237205,-0.37472432427939545,-0.12986423547600395
3.35,-0.012879609544469872,0.19194603434178248,-0.8172410607040561,-0.008148619229082728,-0.15096989916050305,-0.4189368910508723
3.351,-0.012879609544469872,0.19194603434178248,0.1827589392959439,-0.008111868426615458,0.28160671965423223,-0.12902285319519874
3.352,-0.012879609544469872,0.19194603434178248,0.1827589392959439,0.0030668141733280075,0.32262229801279557,0.3363653508102086
3.353,-0.012879609544469872,0.19194603434178248,0.1827589392959439,0.009759966032563948,-0.08407557310892981,0.33505267765177094
3.354,-0.012879609544469872,-0.8080539656582175,0.1827589392959439,0.0029483096213754863,-0.3733286489398626,-0.12740269949801034
3.355,-0.012879609544469872,0.19194603434178248,-0.8172410607040561,-0.007504734363196429,-0.14383068951434463,-0.4106214874767474
3.356,-0.012879609544469872,0.19194603434178248,0.1827589392959439,-0.007248863495663095,0.28505413157006415,-0.12636385525636967
3.357,-0.012879609544469872,0.19194603434178248,0.1827589392959439,0.002658850971588411,0.3174907455397263,0.3292640722332388
3.358,-0.012879609544469872,0.19194603434178248,0.1827589392959439,0.008202478302062456,-0.09117888127093207,0.32783283753859593
3.359,-0.012879609544469872,-0.8080539656582175,0.1827589392959439,0.0023993558499459558,-0.37285300487498746,-0.12463450708335658
3.36,-0.012879609544469872,0.19194603434178248,-0.8172410607040561,-0.005905134266193158,-0.13619693398124302,-0.40163077297227207
3.361,-0.012879609544469872,0.19194603434178248,0.1827589392959439,-0.005502351895045408,0.2897407230229481,-0.12359422917069868
3.362,-0.012879609544469872,0.19194603434178248,0.1827589392959439,0.0019412104456892922,0.31289654127379446,0.3221425387956644
3.363,-0.012879609544469872,0.19194603434178248,0.1827589392959439,0.005737736469191212,-0.09902163904341327,0.3208452004138421
3.364,-0.012879609544469872,-0.8080539656582175,0.1827589392959439,0.0015998837833369468,-0.37352118606494583,-0.12205165392624444
3.365,-0.012879609544469872,0.19194603434178248,-0.8172410607040561,-0.0037266339634545818,-0.1287964709991211,-0.39353269124678153
3.366,-0.012879609544469872,0.19194603434178248,0.1827589392959439,-0.003256048563412635,0.295393553741041,-0.12118840528851438
3.367,-0.012879609544469872,0.19194603434178248,0.1827589392959439,0.001062376608046944,0.3093680923831778,0.3161949833923193
3.368,-0.012879609544469872,0.19194603434178248,0.1827589392959439,0.002849482472334536,-0.10698155223954464,0.31524113813516236
3.369,-0.012879609544469872,-0.8080539656582175,0.1827589392959439,0.0006995571151727004,-0.37542467594101303,-0.1200711932421164
3.37,-0.012879609544469872,0.19194603434178248,-0.8172410607040561,-0.001360076643189023,-0.12228853232780734,-0.3876133117704937
3.371,-0.012879609544469872,0.19194603434178248,0.1827589392959439,-0.0008973742106710916,0.3016561207109204,-0.11952191051347144
3.372,-0.012879609544469872,0.19194603434178248,0.1827589392959439,0.00016852254142397412,0.30728986247926815,0.31233009246065246
3.373,-0.012879609544469872,0.19194603434178248,0.1827589392959439,1.5663720943394427e-06,-0.11446387947215798,0.31185944607861926
3.374,-0.012879609544469872,-0.8080539656582175,0.1827589392959439,-0.00016182875505131594,-0.37852068025242563,-0.1189823084428206
3.375,-0.012879609544469872,0.19194603434178248,-0.8172410607040561,0.0008385154414188076,-0.11719603258419191,-0.38471500287295807
3.376,-0.012879609544469872,0.19194603434178248,0.1827589392959439,0.0012300136289387926,0.3081325357077849,-0.11882460849135933
3.377,-0.012879609544469872,0.19194603434178248,0.1827589392959439,-0.0006140553585849629,0.3068691151939078,0.31105993591358033
3.378,-0.012879609544469872,0.19194603434178248,0.1827589392959439,-0.0024165576179767953,-0.12096501312497325,0.3111255400122552
3.379,-0.012879609544469872,-0.8080539656582175,0.1827589392959439,-0.000870379467191708,-0.38264491778998905,-0.11891239619073121
3.38,-0.012879609544469872,0.19194603434178248,-0.8172410607040561,0.0025878241079420957,-0.1138563956031741,-0.3851401542450435
3.381,-0.012879609544469872,0.19194603434178248,0.1827589392959439,0.002863653200532945,0.3144329112150413,-0.11915534579459286
3.382,-0.012879609544469872,0.19194603434178248,0.1827589392959439,-0.00119231116165568,0.3081233717299005,0.3124463008848541
3.383,-0.012879609544469872,0.19194603434178248,0.1827589392959439,-0.004129611153945301,-0.1261215343400648,0.31301012873962275
3.384,-0.012879609544469872,-0.8080539656582175,0.1827589392959439,-0.0013492607862892142,-0.38753540910957895,-0.11981612352072375
3.385,-0.012879609544469872,0.19194603434178248,-0.8172410607040561,0.0037076481503202884,-0.11239584965794885,-0.38863140131335505
3.386,-0.012879609544469872,0.19194603434178248,0.1827589392959439,0.003845581268192094,0.32021305478240564,-0.12040077296367377
3.387,-0.012879609544469872,0.19194603434178248,0.1827589392959439,-0.001514216086216506,0.31088817198020846,0.31610997703073845
3.388,-0.012879609544469872,0.19194603434178248,0.1827589392959439,-0.004997535470224095,-0.12973883494305363,0.3170512140640015
3.389,-0.012879609544469872,-0.8080539656582175,0.1827589392959439,-0.0015639249094452393,-0.39286262888426315,-0.12148830363846831
3.39,-0.012879609544469872,0.19194603434178248,-0.8172410607040561,0.004129498986166019,-0.11272902423606744,-0.3944289139495086
3.391,-0.012879609544469872,0.19194603434178248,0.1827589392959439,0.00412963654423133,0.32520300648549283,-0.12229782652752222
3.392,-0.012879609544469872,0.19194603434178248,0.1827589392959439,-0.0015703709745923378,0.31484255750117346,0.32130010713638013
3.393,-0.012879609544469872,0.19194603434178248,0.1827589392959439,-0.005016643622318506,-0.13179650169414514,0.3224348128741292
3.394,-0.012879609544469872,-0.8080539656582175,0.1827589392959439,-0.0015212365122097221,-0.3982614090523175,-0.12359829325470129
3.395,-0.012879609544469872,0.19194603434178248,-0.8172410607040561,0.003891375198945413,-0.11458250603650943,-0.4013951536944909
3.396,-0.012879609544469872,0.19194603434178248,0.1827589392959439,0.0037732313218533198,0.32922124834102096,-0.1244762441853115
3.397,-0.012879609544469872,0.19194603434178248,0.1827589392959439,-0.0013898040345218057,0.3195481032761187,0.3270128999581543
3.398,-0.012879609544469872,0.19194603434178248,0.1827589392959439,-0.00430255056636573,-0.13243108115378696,0.3281221877557763
3.399,-0.012879609544469872,-0.8080539656582175,0.1827589392959439,-0.0012631842623793317,-0.4033607760392894,-0.125740853968745
3.4,-0.012879609544469872,0.19194603434178248,-0.8172410607040561,0.003118893159988461,-0.11753817983929221,-0.4081888825089983
3.401,-0.012879609544469872,0.19194603434178248,0.1827589392959439,0.002916165413049023,0.33217413475286983,-0.12651493929736232
3.402,-0.012879609544469872,0.19194603434178248,0.1827589392959439,-0.0010310697344249368,0.3244964310268152,0.3321427886932231
3.403,-0.012879609544469872,0.19194603434178248,0.1827589392959439,-0.0030589369530699866,-0.1319000596585292,0.3330055656355508
3.404,-0.012879609544469872,-0.8080539656582175,0.1827589392959439,-0.0008565575725935682,-0.4078092205415673,-0.12749638221685805
3.405,-0.012879609544469872,0.19194603434178248,-0.8172410607040561,0.001996665157109331,-0.12109004022140211,-0.41346417937784175
3.406,-0.012879609544469872,0.19194603434178248,0.1827589392959439,0.001750642982321849,0.33404274169283804,-0.12800439176309458
3.407,-0.012879609544469872,0.19194603434178248,0.1827589392959439,-0.0005703257917900028,0.3291599390233309,0.33564525240496657
3.408,-0.012879609544469872,0.19194603434178248,0.1827589392959439,-0.0015378342299238587,-0.13053341823534967,0.33607100394501266
3.409,-0.012879609544469872,-0.8080539656582175,0.1827589392959439,-0.00038041316344211533,-0.41129440060004874,-0.1284923344681999
3.41,-0.012879609544469872,0.19194603434178248,-0.8172410607040561,0.0007348462473048017,-0.12470694797857339,-0.4160674760438471
3.411,-0.012879609544469872,0.19194603434178248,0.1827589392959439,0.0004875238230064445,0.33486143689604947,-0.12860660433874713
3.412,-0.012879609544469872,0.19194603434178248,0.1827589392959439,-8.834385110592858e-05,0.33304088070690585,0.3366894190215667
3.413,-0.012879609544469872,0.19194603434178248,0.1827589392959439,2.1903336870293187e-06,-0.12868059136112794,0.3365465746447174
3.414,-0.012879609544469872,-0.8080539656582175,0.1827589392959439,8.66959403988511e-05,-0.41355762864846357,-0.12845766623146015
3.415,-0.012879609544469872,0.19194603434178248,-0.8172410607040561,-0.00046398623877836205,-0.12789361598331864,-0.41520640789423885
3.416,-0.012879609544469872,0.19194603434178248,0.1827589392959439,-0.000676080825214693,0.3346936702242226,-0.12810466866970455
3.417,-0.012879609544469872,0.19194603434178248,0.1827589392959439,0.0003416151816227103,0.3357147480560024,0.3347802952341495
3.418,-0.012879609544469872,0.19194603434178248,0.1827589392959439,0.001333853777624532,-0.1266608802962177,0.33401635407521457
3.419,-0.012879609544469872,-0.8080539656582175,0.1827589392959439,0.00047790524185244745,-0.4144044121306871,-0.12726313814697182
3.42,-0.012879609544469872,0.19194603434178248,-0.8172410607040561,-0.0014329796625718893,-0.1302428946419281,-0.4105683892472715
3.421,-0.012879609544469872,0.19194603434178248,0.1827589392959439,-0.001583425230001047,0.3336105809546862,-0.12643548601626547
3.422,-0.012879609544469872,0.19194603434178248,0.1827589392959439,0.0006634323705704348,0.3368649691292716,0.3298347259540696
3.423,-0.012879609544469872,0.19194603434178248,0.1827589392959439,0.002290032239268467,-0.12472435619689531,0.3284854589448369
3.424,-0.012879609544469872,-0.8080539656582175,0.1827589392959439,0.0007462151809897458,-0.41371264033366195,-0.12494226537218588
3.425,-0.012879609544469872,0.19194603434178248,-0.8172410607040561,-0.0020606928562199593,-0.13147401171268272,-0.4023736579926896
3.426,-0.012879609544469872,0.19194603434178248,0.1827589392959439,-0.002135774373429756,0.3316770294519492,-0.12370147510403696
3.427,-0.012879609544469872,0.19194603434178248,0.1827589392959439,0.0008441539215588014,0.3363070283759905,0.3222013773162479
3.428,-0.012879609544469872,0.19194603434178248,0.1827589392959439,0.0027805095421882683,-0.12302823978141746,0.32038789685138
3.429,-0.012879609544469872,-0.8080539656582175,0.1827589392959439,0.000868811674171451,-0.41143971551307773,-0.12169023875330647
3.43,-0.012879609544469872,0.19194603434178248,-0.8172410607040561,-0.002300401203282,-0.13145353654220934,-0.3913561728963363
3.431,-0.012879609544469872,0.19194603434178248,0.1827589392959439,-0.002299508439478721,0.32894779578511524,-0.1201598664676233
3.432,-0.012879609544469872,0.19194603434178248,0.1827589392959439,0.0008759248377400538,0.33400112238621477,0.3126223482544043
3.433,-0.012879609544469872,0.19194603434178248,0.1827589392959439,0.00279550037810754,-0.1216310242845826,0.3105364494451299
3.434,-0.012879609544469872,-0.8080539656582175,0.1827589392959439,0.0008473316225694858,-0.4076291351943079,-0.11784099939653814
3.435,-0.012879609544469872,0.19194603434178248,-0.8172410607040561,-0.0021688079846652205,-0.1301981678929941,-0.37867507719288557
3.436,-0.012879609544469872,0.19194603434178248,0.1827589392959439,-0.002102819910565096,0.32547431703308854,-0.11619107425353456
3.437,-0.012879609544469872,0.19194603434178248,0.1827589392959439,0.0007739995499562826,0.3300532934187996,0.3021415198371436
3.438,-0.012879609544469872,0.19194603434178248,0.1827589392959439,0.002396904913870358,-0.12050367272938095,0.3000212380187661
3.439,-0.012879609544469872,-0.8080539656582175,0.1827589392959439,0.0007044924153344913,-0.4024159793951278,-0.11382544521613316
3.44,-0.012879609544469872,0.19194603434178248,-0.8172410607040561,-0.001735534955078483,-0.1278606702129319,-0.36576830161627216
3.441,-0.012879609544469872,0.19194603434178248,0.1827589392959439,-0.0016236620713026024,0.3213199176030183,-0.11225029441387172
3.442,-0.012879609544469872,0.19194603434178248,0.1827589392959439,0.0005715600007047126,0.32470562250792245,0.2919715231666347
3.443,-0.012879609544469872,0.19194603434178248,0.1827589392959439,0.0016999738845244134,-0.11955454371837787,0.29007012358554424
3.444,-0.012879609544469872,-0.8080539656582175,0.1827589392959439,0.0004780015000657965,-0.3960297380476308,-0.1101161461539919
3.445,-0.012879609544469872,0.19194603434178248,-0.8172410607040561,-0.0011059963783461653,-0.12470213174468098,-0.3541671920466109
3.446,-0.012879609544469872,0.19194603434178248,0.1827589392959439,-0.0009717401677317966,0.3165794875991375,-0.10880858282567993
3.447,-0.012879609544469872,0.19194603434178248,0.1827589392959439,0.00031247336076057795,0.31831654855243363,0.2833364290241901
3.448,-0.012879609544469872,0.19194603434178248,0.1827589392959439,0.0008492186461173053,-0.1186626980549233,0.28188888846907734
3.449,-0.012879609544469872,-0.8080539656582175,0.1827589392959439,0.00021297281011661623,-0.388792224562456,-0.1071656552812708
3.45,-0.012879609544469872,0.19194603434178248,-0.8172410607040561,-0.00040098136541927537,-0.12105499285469605,-0.3452959431374985
3.451,-0.012879609544469872,0.19194603434178248,0.1827589392959439,-0.00026793739773854706,0.31139836854704545,-0.10629097245551675
3.452,-0.012879609544469872,0.19194603434178248,0.1827589392959439,4.3313754216355884e-05,0.31133277307936036,0.2773103194586599
3.453,-0.012879609544469872,0.19194603434178248,0.1827589392959439,-7.1376509876771195e-06,-0.11771320364447216,0.2765016753463037
3.454,-0.012879609544469872,-0.8080539656582175,0.1827589392959439,-4.5829806142632714e-05,-0.3811081899160981,-0.10534632344288676
3.455,-0.012879609544469872,0.19194603434178248,-0.8172410607040561,0.000263585997370049,-0.11728189453014072,-0.3402815340279058
3.456,-0.012879609544469872,0.19194603434178248,0.1827589392959439,0.0003754075386882576,0.30598504979553015,-0.10501954934073528
3.457,-0.012879609544469872,0.19194603434178248,0.1827589392959439,-0.00019405594931428655,0.30425457668473266,0.274672443695527
3.458,-0.012879609544469872,0.19194603434178248,0.1827589392959439,-0.0007401124377582811,-0.11662811310316529,0.2746121413396948
3.459,-0.012879609544469872,-0.8080539656582175,0.1827589392959439,-0.00026072056579665517,-0.37344678988821056,-0.10489936125172696
3.46,-0.012879609544469872,0.19194603434178248,0.1827589392959439,0.0007936409142049332,-0.11373532531470996,-0.3397985906430791
3.461,-0.012879609544469872,0.19194603434178248,0.1827589392959439,0.000870457637014927,0.3006132068752034,-0.1051687904780216
3.462,-0.012879609544469872,0.19194603434178248,0.1827589392959439,-0.00036827084603465414,0.2975967524717833,0.27579764027145465
3.463,-0.012879609544469872,0.19194603434178248,0.1827589392959439,-0.0012571059507953714,-0.11538788015929953,0.27650324165838014
3.464,-0.012879609544469872,-0.8080539656582175,0.1827589392959439,-0.0004058817704356782,-0.36631323375639846,-0.10589976758260085
3.465,-0.012879609544469872,0.19194603434178248,-0.8172410607040561,0.0011284940390225424,-0.11072238883374731,-0.3439693140327615
3.466,-0.012879609544469872,0.19194603434178248,0.1827589392959439,0.0011640590092926613,0.29561046908565736,-0.10673895492207669
3.467,-0.012879609544469872,0.19194603434178248,0.1827589392959439,-0.0004619158330670642,0.2918477527625247,0.28059637922477876
3.468,-0.012879609544469872,0.19194603434178248,0.1827589392959439,-0.001511274534630632,-0.11403988380269577,0.2819888083886605
3.469,-0.012879609544469872,-0.8080539656582175,0.1827589392959439,-0.0004697099994513161,-0.3602115798762577,-0.10824179587460406
3.47,-0.012879609544469872,0.19194603434178248,-0.8172410607040561,0.0012457346791437977,-0.10847792801255536,-0.3523318420957112
3.471,-0.012879609544469872,0.19194603434178248,0.1827589392959439,0.0012412596831467282,0.2913337594634888,-0.10955109823692026
3.472,-0.012879609544469872,0.19194603434178248,0.1827589392959439,-0.00047237970429125166,0.2874300003858298,0.288512668676282
3.473,-0.012879609544469872,0.19194603434178248,0.1827589392959439,-0.0015026078994702491,-0.11269309591920001,0.29042371157482455
3.474,-0.012879609544469872,-0.8080539656582175,0.1827589392959439,-0.0004546528645411819,-0.355601452082823,-0.1116470940283679
3.475,-0.012879609544469872,0.19194603434178248,-0.8172410607040561,0.001159548261742122,-0.1071479166542371,-0.3638819705825593
3.476,-0.012879609544469872,0.19194603434178248,0.1827589392959439,0.0011224242998339657,0.28813366433133764,-0.11326461726064402
3.477,-0.012879609544469872,0.19194603434178248,0.1827589392959439,-0.0004102853578818515,0.2846645496245065,0.2985809154568246
3.478,-0.012879609544469872,0.19194603434178248,0.1827589392959439,-0.0012715478106022243,-0.11150034920694844,0.3007721487144018
3.479,-0.012879609544469872,-0.8080539656582175,0.1827589392959439,-0.00037487401398101646,-0.35285307965405227,-0.11569483676205194
3.48,-0.012879609544469872,0.19194603434178248,-0.8172410607040561,0.0009135111455153785,-0.1067836596020222,-0.37718406379844177
3.481,-0.012879609544469872,0.19194603434178248,0.1827589392959439,0.0008551858559147165,0.28631258544920013,-0.11741544556458322
3.482,-0.012879609544469872,0.19194603434178248,0.1827589392959439,-0.0002960339337583228,0.28374329131146514,0.30953549182337164
3.483,-0.012879609544469872,0.19194603434178248,0.1827589392959439,-0.0008870721612118231,-0.11063173523066441,0.3117263758592869
3.484,-0.012879609544469872,0.19194603434178248,0.1827589392959439,-0.0002523894722611656,-0.3522061671850422,-0.11987041281846673
3.485,-0.012879609544469872,0.19194603434178248,-0.8172410607040561,0.0005696823482316058,-0.10734610182495558,-0.3905383334266983
3.486,-0.012879609544469872,0.19194603434178248,0.1827589392959439,0.0005031541348354412,0.2860829793459019,-0.12147044409528741
3.487,-0.012879609544469872,0.19194603434178248,0.1827589392959439,-0.00015524079401253743,0.2847115877145206,0.31996012943061597
3.488,-0.012879609544469872,0.19194603434178248,0.1827589392959439,-0.0004318298208803453,-0.11024405866732816,0.32186184391411016
3.489,-0.012879609544469872,-0.8080539656582175,0.1827589392959439,-0.0001124865429138946,-0.3537384070046123,-0.12362687114690112
3.49,-0.012879609544469872,0.19194603434178248,-0.8172410607040561,0.0001961948437254993,-0.10871856377939193,-0.4021845091734919
3.491,-0.012879609544469872,0.19194603434178248,0.1827589392959439,0.0001335958980362485,0.2875324960763845,-0.12489147804489796
3.492,-0.012879609544469872,0.19194603434178248,0.1827589392959439,-1.3930956887789978e-05,0.28746353917071477,0.32845915167313355
3.493,-0.012879609544469872,0.19194603434178248,0.1827589392959439,1.2916213951373729e-05,-0.11045178922057784,0.3298100163558814
3.494,-0.012879609544469872,-0.8080539656582175,0.1827589392959439,2.0745768459649357e-05,-0.35734881300685367,-0.12645166383494488
3.495,-0.012879609544469872,0.19194603434178248,-0.8172410607040561,-0.00014446584132395804,-0.1107255705093453,-0.41051715446878134
3.496,-0.012879609544469872,0.19194603434178248,0.1827589392959439,-0.00019379474257492167,0.2906021738968958,-0.12720139344980053
3.497,-0.012879609544469872,0.19194603434178248,0.1827589392959439,0.00010569879746957492,0.29175102932922514,0.33382960816288443
3.498,-0.012879609544469872,0.19194603434178248,0.1827589392959439,0.0003800752603256883,-0.11130453729824866,0.33442770971543445
3.499,-0.012879609544469872,-0.8080539656582175,0.1827589392959439,0.00012806564540462445,-0.3627595012076957,-0.12793046304622263
3.5,-0.012879609544469872,0.19194603434178248,-0.8172410607040561,-0.0004046780813703531,-0.11315514506649471,-0.4142861072211421
3.501,-0.012879609544469872,0.19194603434178248,0.1827589392959439,-0.00043534975308770116,0.29508210967846643,-0.12804377009664591
3.502,-0.012879609544469872,0.19194603434178248,0.1827589392959439,0.00018832962170609502,0.2972063444448961,0.33521298076260914
3.503,-0.012879609544469872,0.19194603434178248,0.1827589392959439,0.0006254492086668143,-0.11277483947315786,0.33494194402794125
3.504,-0.012879609544469872,-0.8080539656582175,0.1827589392959439,0.00019742036016585956,-0.36953725648221747,-0.12780008122480008
3.505,-0.012879609544469872,0.19194603434178248,-0.8172410607040561,-0.0005572059423914022,-0.1157819649026583,-0.41275700983741975
3.506,-0.012879609544469872,0.19194603434178248,0.1827589392959439,-0.0005680800831201479,0.3006264783457596,-0.12722898571164828
3.507,-0.012879609544469872,0.19194603434178248,0.1827589392959439,0.0002270284763293852,0.3033766586436653,0.3322073754941343
3.508,-0.012879609544469872,0.19194603434178248,0.1827589392959439,0.000731479268355965,-0.1147582134479622,0.33105203800708477
3.509,-0.012879609544469872,-0.8080539656582175,0.1827589392959439,0.00022477253869373367,-0.3771335352795543,-0.1259837723478883
3.51,-0.012879609544469872,0.19194603434178248,-0.8172410607040561,-0.0005965916234735853,-0.11838907012849473,-0.4058115018375237
3.511,-0.012879609544469872,0.19194603434178248,0.1827589392959439,-0.0005902603905499466,0.3067868315055413,-0.12476071538361759
3.512,-0.012879609544469872,0.19194603434178248,0.1827589392959439,0.000223158041360406,0.30976721730239476,0.3249257627050254
3.513,-0.012879609544469872,0.19194603434178248,0.1827589392959439,0.0007060509681406765,-0.11708535561187501,0.32297573578435457
3.514,-0.012879609544469872,-0.8080539656582175,0.1827589392959439,0.00021348197037177792,-0.3849388774201257,-0.12260429715816953
3.515,-0.012879609544469872,0.19194603434178248,-0.8172410607040561,-0.0005367266279957907,-0.12078628337688856,-0.393973862474663
3.516,-0.012879609544469872,0.19194603434178248,0.1827589392959439,-0.000518392519054306,0.31305975032090155,-0.12083932983914204
3.517,-0.012879609544469872,0.19194603434178248,0.1827589392959439,0.00018490694837146858,0.315888852288331,0.31399234067982984
3.518,-0.012879609544469872,0.19194603434178248,0.1827589392959439,0.0005772157821363327,-0.11954436290083931,0.31143292054788646
3.519,-0.012879609544469872,-0.8080539656582175,0.1827589392959439,0.0001725484700263819,-0.39234547141350257,-0.11797284732079619
3.52,-0.012879609544469872,0.19194603434178248,-0.8172410607040561,-0.0004055165045436776,-0.12282406762507352,-0.3783598551305155
3.521,-0.012879609544469872,0.19194603434178248,0.1827589392959439,-0.000381550854232078,0.3189426336245763,-0.11584146984165815
3.522,-0.012879609544469872,0.19194603434178248,0.1827589392959439,0.00012486621288747044,0.3213047281276033,0.3004766925209369
3.523,-0.012879609544469872,0.19194603434178248,0.1827589392959439,0.0003852738228523078,-0.12190928949752525,0.2975681400293453
3.524,-0.012879609544469872,-0.8080539656582175,0.1827589392959439,0.00011417517053836481,-0.39881021545447126,-0.11255491091953299
3.525,-0.012879609544469872,0.19194603434178248,-0.8172410607040561,-0.00023793617315049257,-0.12440213511930247,-0.3605531467241386
3.526,-0.012879609544469872,0.19194603434178248,0.1827589392959439,-0.0002144327798569438,0.32399005026039734,-0.11027801913114696
3.527,-0.012879609544469872,0.19194603434178248,0.1827589392959439,5.71901528916697e-05,0.3256710967082152,0.2857731459966127
3.528,-0.012879609544469872,0.19194603434178248,0.1827589392959439,0.00017393327400092615,-0.12397043950061584,0.28282079199585325
3.529,-0.012879609544469872,-0.8080539656582175,0.1827589392959439,5.116758893015955e-05,-0.403910295362948,-0.10691705123560961
3.53,-0.012879609544469872,0.19194603434178248,-0.8172410607040561,-6.888889002532877e-05,-0.12547266906079443,-0.34242375263706726
3.531,-0.012879609544469872,0.19194603434178248,0.1827589392959439,-5.049211410406815e-05,0.3278628995904265,-0.10473540740132105
3.532,-0.012879609544469872,0.19194603434178248,0.1827589392959439,-5.1122040357514405e-06,0.3287673956926428,0.2714396549240511
3.533,-0.012879609544469872,0.19194603434178248,0.1827589392959439,-1.77941866980354e-05,-0.1255616706831422,0.26875843077304884
3.534,-0.012879609544469872,-0.8080539656582175,0.1827589392959439,-5.356721510999864e-06,-0.40738414646454724,-0.10166099354199906
3.535,-0.012879609544469872,0.19194603434178248,-0.8172410607040561,7.285990685595975e-05,-0.12603849153454635,-0.32591033100981454
3.536,-0.012879609544469872,0.19194603434178248,0.1827589392959439,8.365782813768187e-05,0.33036363788223416,-0.09980730104812847
3.537,-0.012879609544469872,0.19194603434178248,0.1827589392959439,-5.229688355414201e-05,0.3305122266788229,0.2590157066046577
3.538,-0.012879609544469872,0.19194603434178248,0.1827589392959439,-0.000161641628706002,-0.12658062861895733,0.25689340104676195
3.539,-0.012879609544469872,-0.8080539656582175,0.1827589392959439,-4.7591959805458194e-05,-0.40915257643378894,-0.0973530542793132
3.54,-0.012879609544469872,0.19194603434178248,0.1827589392959439,0.0001687501761523843,-0.12614688639128543,-0.3127928523740205
3.541,-0.012879609544469872,0.19194603434178248,0.1827589392959439,0.00017176160520228172,0.331452876037449,-0.09602500212532065
3.542,-0.012879609544469872,0.19194603434178248,0.1827589392959439,-7.911573066197473e-05,0.3309634550290134,0.24984153334527912
3.543,-0.012879609544469872,0.19194603434178248,0.1827589392959439,-0.00024328991850973875,-0.12699910501181108,0.2485052465229391
3.544,-0.012879609544469872,-0.8080539656582175,0.1827589392959439,-7.181238325020083e-05,-0.4093175246996481,-0.09445758213776885
3.545,-0.012879609544469872,0.19194603434178248,-0.8172410607040561,0.00021204302231599478,-0.1258800585361786,-0.30448355830045265
3.546,-0.012879609544469872,0.19194603434178248,0.1827589392959439,0.0002090248412328941,0.3312454038663332,-0.09379509921890083
3.547,-0.012879609544469872,0.19194603434178248,0.1827589392959439,-8.505193640279256e-05,0.3303026602801754,0.24490087620674944
3.548,-0.012879609544469872,0.19194603434178248,0.1827589392959439,-0.00026254609772903456,-0.12686238181930257,0.24449075332254255
3.549,-0.012879609544469872,-0.8080539656582175,0.1827589392959439,-7.82759977833343e-05,-0.408139015785134,-0.09328261667197538
3.55,-0.012879609544469872,0.19194603434178248,-0.8172410607040561,0.0002070284466517031,-0.12534338375099036,-0.30186197115866414
3.551,-0.012879609544469872,0.19194603434178248,0.1827589392959439,0.00020094715363646405,0.32998670611402303,-0.09335205320191667
3.552,-0.012879609544469872,0.19194603434178248,0.1827589392959439,-7.364598589764331e-05,0.32880615712573535,0.2447066833700858
3.553,-0.012879609544469872,0.19194603434178248,0.1827589392959439,-0.00023088789232020654,-0.12627819320074207,0.24526010924460578
3.554,-0.012879609544469872,-0.8080539656582175,0.1827589392959439,-7.041309289804507e-05,-0.4059938598817018,-0.09394445502114697
3.555,-0.012879609544469872,0.19194603434178248,-0.8172410607040561,0.00016630117289241349,-0.12465268132310608,-0.3051742610167421
3.556,-0.012879609544469872,0.19194603434178248,0.1827589392959439,0.0001604241789793061,0.3280138289925048,-0.09473155267030005
3.557,-0.012879609544469872,0.19194603434178248,0.1827589392959439,-5.115364532499318e-05,0.32680651483129786,0.2492437637905643
3.558,-0.012879609544469872,0.19194603434178248,0.1827589392959439,-0.0001671980659080666,-0.12539751750669953,0.25069189630257693
3.559,-0.012879609544469872,-0.8080539656582175,0.1827589392959439,-5.356006407360397e-05,-0.40332210806034036,-0.09635543843471031
3.56,-0.012879609544469872,0.19194603434178248,0.1827589392959439,0.00010687707446600019,-0.12392173068580631,-0.31400919026792984
3.561,-0.012879609544469872,0.19194603434178248,0.1827589392959439,0.00010390792261282774,0.32570660056669865,-0.09776786721018459
3.562,-0.012879609544469872,0.19194603434178248,0.1827589392959439,-2.487315945753246e-05,0.3246496761083585,0.2579752348915137
3.563,-0.012879609544469872,0.19194603434178248,0.1827589392959439,-9.274409787552196e-05,-0.12439055497480776,0.2601522141522495
3.564,-0.012879609544469872,-0.8080539656582175,0.1827589392959439,-3.3547516137504016e-05,-0.40056881321398985,-0.10023633219274418
3.565,-0.012879609544469872,0.19194603434178248,-0.8172410607040561,4.6043777839338925e-05,-0.12325115712715808,-0.3273531766901301
3.566,-0.012879609544469872,0.19194603434178248,0.1827589392959439,4.748916804362137e-05,0.3234363857177553,-0.10211539528174401
3.567,-0.012879609544469872,0.19194603434178248,0.1827589392959439,-1.502512494188044e-06,0.32265324044522614,0.2699115287476085
3.568,-0.012879609544469872,0.19194603434178248,0.1827589392959439,-2.646830447686852e-05,-0.12342179203004362,0.27257511674485096
3.569,-0.012879609544469872,-0.8080539656582175,0.1827589392959439,-1.5436090421498816e-05,-0.39812905925238373,-0.10515155799297364
3.57,-0.012879609544469872,0.19194603434178248,-0.8172410607040561,-2.2193620328020684e-06,-0.12271963470638986,-0.3437170033019566
3.571,-0.012879609544469872,0.19194603434178248,0.1827589392959439,3.670147122135676e-06,0.32151961177247373,-0.10729154308879384
3.572,-0.012879609544469872,0.19194603434178248,0.1827589392959439,1.415811458440926e-05,0.32107116349535564,0.28373281308459863
3.573,-0.012879609544469872,0.19194603434178248,0.1827589392959439,1.8537317298440332e-05,-0.12262794597906204,0.28659379968608967
3.574,-0.012879609544469872,-0.8080539656582175,0.1827589392959439,-2.624276492317958e-06,-0.3963034594390007,-0.11056265714775855
3.575,-0.012879609544469872,0.19194603434178248,-0.8172410607040561,-2.9625404005080894e-05,-0.12237810413897474,-0.36131767930489117
3.576,-0.012879609544469872,0.19194603434178248,0.1827589392959439,-2.063379973411195e-05,0.3201822636018657,-0.1127353859024629
3.577,-0.012879609544469872,0.19194603434178248,0.1827589392959439,1.9943844882975707e-05,0.3200690835030061,0.2979489879290395
3.578,-0.012879609544469872,0.19194603434178248,0.1827589392959439,3.683210856040581e-05,-0.12210188074409532,0.30070562808523665
3.579,-0.012879609544469872,-0.8080539656582175,0.1827589392959439,3.5509195477402835e-06,-0.39526953421068495,-0.11589309763908402
3.58,-0.012879609544469872,0.19194603434178248,-0.8172410607040561,-3.444654385210727e-05,-0.12224739304436973,-0.37829211913127264
3.581,-0.012879609544469872,0.19194603434178248,0.1827589392959439,-2.463085969820983e-05,0.31953961998080666,-0.11787461163047883
3.582,-0.012879609544469872,0.19194603434178248,0.1827589392959439,1.6419039755449614e-05,0.3197128790161068,0.31107682558475713
3.583,-0.012879609544469872,0.19194603434178248,0.1827589392959439,3.056537072855731e-05,-0.12188443619080362,0.313449988990177
3.584,-0.012879609544469872,-0.8080539656582175,0.1827589392959439,3.7133608043496946e-06,-0.3950718616226548,-0.12059618823138661
3.585,-0.012879609544469872,0.19194603434178248,-0.8172410607040561,-2.087628550851795e-05,-0.1223192774306577,-0.39291556462799554
3.586,-0.012879609544469872,0.19194603434178248,0.1827589392959439,-1.2811452304318256e-05,0.31959302367466635,-0.12219228831634998
3.587,-0.012879609544469872,0.19194603434178248,0.1827589392959439,6.3791899310814395e-06,0.3199711356925142,0.3218119382380227
3.588,-0.012879609544469872,0.19194603434178248,0.1827589392959439,7.79901694023412e-06,-0.1219647356928689,0.32357663184096
3.589,-0.012879609544469872,-0.8080539656582175,0.1827589392959439,-5.8921910030102844e-08,-0.39563105772271795,-0.12421760434409447
3.59,-0.012879609544469872,0.19194603434178248,-0.8172410607040561,2.802510279110977e-06,-0.1225606670883179,-0.4037975171395663
3.591,-0.012879609544469872,0.19194603434178248,0.1827589392959439,6.921900974066017e-06,0.32024285790452417,-0.12528515800451193
3.592,-0.012879609544469872,0.19194603434178248,0.1827589392959439,-6.074755068589744e-06,0.3207302458849219,0.32917432149378517
3.593,-0.012879609544469872,0.19194603434178248,0.1827589392959439,-2.0243061014725345e-05,-0.12228816823057138,0.3301837868399857
3.594,-0.012879609544469872,-0.8080539656582175,0.1827589392959439,-4.982792319395485e-06,-0.39676893480760184,-0.12644488957598035
3.595,-0.012879609544469872,0.19194603434178248,-0.8172410607040561,2.6726009177380333e-05,-0.12292027060505713,-0.4100313680715386
3.596,-0.012879609544469872,0.19194603434178248,0.1827589392959439,2.5636301674147014e-05,0.32131455759328736,-0.12690641029444688
3.597,-0.012879609544469872,0.19194603434178248,0.1827589392959439,-1.6653990627642564e-05,0.3218191736841581,0.3326100653587544
3.598,-0.012879609544469872,0.19194603434178248,0.1827589392959439,-4.229701322690615e-05,-0.12277010465579202,0.3328096803871522
3.599,-0.012879609544469872,-0.8080539656582175,0.1827589392959439,-8.369148590728552e-06,-0.3982450119889298,-0.12713814608195367
3.6,-0.012879609544469872,0.19194603434178248,-0.8172410607040561,4.2031304755541594e-05,-0.12333683688389575,-0.41128042049863
3.601,-0.012879609544469872,0.19194603434178248,0.1827589392959439,3.569668533640037e-05,0.3225927672880426,-0.12698805023923862
3.602,-0.012879609544469872,0.19194603434178248,0.1827589392959439,-2.1936851594057893e-05,0.32303973357813603,0.33203789485863816
3.603,-0.012879609544469872,0.19194603434178248,0.1827589392959439,-4.9846511389054106e-05,-0.12331267151498747,0.33146748089660816
3.604,-0.012879609544469872,-0.8080539656582175,0.1827589392959439,-8.29362913149096e-06,-0.3997982235035234,-0.12633870273833728
3.605,-0.012879609544469872,0.19194603434178248,-0.8172410607040561,4.295156175861532e-05,-0.12374791415089847,-0.4077916576890353
3.606,-0.012879609544469872,0.19194603434178248,0.1827589392959439,3.254561296680748e-05,0.3238579025772179,-0.1256407414272502
3.607,-0.012879609544469872,0.19194603434178248,0.1827589392959439,-2.0139804251176593e-05,0.32419771106002704,0.32783664323195494
3.608,-0.012879609544469872,0.19194603434178248,0.1827589392959439,-3.900764958578068e-05,-0.12382166055831943,0.3266213035589504
3.609,-0.012879609544469872,-0.8080539656582175,0.1827589392959439,-4.008984223979648e-06,-0.4011873477118149,-0.124255489996081
3.61,-0.012879609544469872,0.19194603434178248,-0.8172410607040561,2.80154657206824e-05,-0.12409803878462836,-0.40033822102544586
3.611,-0.012879609544469872,0.19194603434178248,0.1827589392959439,1.5603103274908563e-05,0.3249194609062313,-0.12313198832469267
3.612,-0.012879609544469872,0.19194603434178248,0.1827589392959439,-1.145820522951565e-05,0.3251303483911275,0.32077753147049093
3.613,-0.012879609544469872,0.19194603434178248,0.1827589392959439,-1.1183469725058821e-05,-0.12422090017676436,0.3191086190193172
3.614,-0.012879609544469872,-0.8080539656582175,0.1827589392959439,3.9610087643872125e-06,-0.40222435873954504,-0.12123174589513627
3.615,-0.012879609544469872,0.19194603434178248,-0.8172410607040561,1.6348741356747e-07,-0.12434537331709293,-0.3901007757573061
3.616,-0.012879609544469872,0.19194603434178248,0.1827589392959439,-1.1829407825879285e-05,0.3256413869145528,-0.11984630829067085
3.617,-0.012879609544469872,0.19194603434178248,0.1827589392959439,2.069668405481191e-06,0.32572656525842736,0.31191215633040564
3.618,-0.012879609544469872,0.19194603434178248,0.1827589392959439,2.755332106709476e-05,-0.12446207643033788,0.31002118572773574
3.619,-0.012879609544469872,-0.8080539656582175,0.1827589392959439,1.403179292097147e-05,-0.40279641940674954,-0.11769713277482306
3.62,-0.012879609544469872,0.19194603434178248,-0.8172410607040561,-3.4164248253311646e-05,-0.12446604511458055,-0.3785055092747492
3.621,-0.012879609544469872,0.19194603434178248,0.1827589392959439,-4.355667482214254e-05,0.325956416608964,-0.11623325300207811
3.622,-0.012879609544469872,0.19194603434178248,0.1827589392959439,1.7118641548750543e-05,0.3259376200496439,0.30243242461723224
3.623,-0.012879609544469872,0.19194603434178248,0.1827589392959439,6.811918923968943e-05,-0.12452892289644302,0.30056154687365316
3.624,-0.012879609544469872,-0.8080539656582175,0.1827589392959439,2.3994874941672205e-05,-0.40287429988861784,-0.11411203208092173
3.625,-0.012879609544469872,0.19194603434178248,-0.8172410607040561,-6.670033631879087e-05,-0.12445576512628863,-0.36704142049060234
3.626,-0.012879609544469872,0.19194603434178248,0.1827589392959439,-7.208432476839219e-05,0.32586829985797205,-0.11275048003148713
3.627,-0.012879609544469872,0.19194603434178248,0.1827589392959439,2.9910071391877493e-05,0.32577751121170706,0.29352162299744994
3.628,-0.012879609544469872,0.19194603434178248,0.1827589392959439,0.00010068621108600648,-0.12443572286925537,0.291894569876546
3.629,-0.012879609544469872,-0.8080539656582175,0.1827589392959439,3.156347151561802e-05,-0.40250726140494036,-0.11091149448441363
3.63,-0.012879609544469872,0.19194603434178248,-0.8172410607040561,-8.937077526573252e-05,-0.12432868486013886,-0.3570812167175607
3.631,-0.012879609544469872,0.19194603434178248,0.1827589392959439,-9.042907995481367e-05,0.3254427897393117,-0.10980938693183946
3.632,-0.012879609544469872,0.19194603434178248,0.1827589392959439,3.71275414616368e-05,0.32531400862480314,0.2862160439145211
3.633,-0.012879609544469872,0.19194603434178248,0.1827589392959439,0.00011702243013809542,-0.12422100554124947,0.28501319842678147
3.634,-0.012879609544469872,-0.8080539656582175,0.1827589392959439,3.489795728938369e-05,-0.40180651919491245,-0.10845598807474027
3.635,-0.012879609544469872,0.19194603434178248,-0.8172410607040561,-9.620216374054003e-05,-0.12411382562532414,-0.34972841323255593
3.636,-0.012879609544469872,0.19194603434178248,0.1827589392959439,-9.373508534360052e-05,0.32478996897667983,-0.10773009316294549
3.637,-0.012879609544469872,0.19194603434178248,0.1827589392959439,3.670964298993711e-05,0.3246525451881531,0.2812941621467007
3.638,-0.012879609544469872,0.19194603434178248,0.1827589392959439,0.0001123896597908019,-0.12393801988852204,0.28063467442796974
3.639,-0.012879609544469872,-0.8080539656582175,0.1827589392959439,3.299928166143533e-05,-0.4009209772507299,-0.1069947940086684
3.64,-0.012879609544469872,0.19194603434178248,0.1827589392959439,-8.470199907187935e-05,-0.1238497327099348,-0.34570849736901355
3.641,-0.012879609544469872,0.19194603434178248,0.1827589392959439,-8.035514893832962e-05,0.3240416097603789,-0.10671093064080364
3.642,-0.012879609544469872,0.19194603434178248,0.1827589392959439,2.834742701510821e-05,0.32391609543204886,0.27920571715592735
3.643,-0.012879609544469872,0.19194603434178248,0.1827589392959439,8.660524858804055e-05,-0.1236439387979308,0.2791384825309229
3.644,-0.012879609544469872,-0.8080539656582175,0.1827589392959439,2.5897574729306392e-05,-0.400009793090083,-0.10664586764824777
3.645,-0.012879609544469872,0.19194603434178248,-0.8172410607040561,-5.642997183805165e-05,-0.12357822243339449,-0.3453150649887739
3.646,-0.012879609544469872,0.19194603434178248,0.1827589392959439,-5.219007402894292e-05,0.3233276948614888,-0.10681534875421667
3.647,-0.012879609544469872,0.19194603434178248,0.1827589392959439,1.3581580858650374e-05,0.32322450977144784,0.28004695422904036
3.648,-0.012879609544469872,0.19194603434178248,0.1827589392959439,4.407165977382919e-05,-0.12338974938499928,0.28055097323019407
3.649,-0.012879609544469872,-0.8080539656582175,0.1827589392959439,1.461364905169308e-05,-0.3992163992271835,-0.10739353437928972
3.65,-0.012879609544469872,0.19194603434178248,-0.8172410607040561,-1.6661481327620175e-05,-0.1233381717511554,-0.3484137503901205
3.651,-0.012879609544469872,0.19194603434178248,0.1827589392959439,-1.4247873604732375e-05,0.3227559515971581,-0.10797660451346881
3.652,-0.012879609544469872,0.19194603434178248,0.1827589392959439,-4.518085824861968e-06,0.3226765448767687,0.28358164976017947
3.653,-0.012879609544469872,0.19194603434178248,0.1827589392959439,-7.194965317264064e-06,-0.12321245678551834,0.2845749918238181
3.654,-0.012879609544469872,-0.8080539656582175,0.1827589392959439,9.211761214855728e-07,-0.39864793042444324,-0.10910289242446539
3.655,-0.012879609544469872,0.19194603434178248,-0.8172410607040561,2.6759671096965524e-05,-0.1231602391397356,-0.35449876418672066
3.656,-0.012879609544469872,0.19194603434178248,0.1827589392959439,2.6449113481300305e-05,0.32239737111602046,-0.11001817124870764
3.657,-0.012879609544469872,0.19194603434178248,0.1827589392959439,-2.2018868048420546e-05,0.32233711056347986,0.28930137084654756
3.658,-0.012879609544469872,0.19194603434178248,0.1827589392959439,-5.729657763561361e-05,-0.12313065563207617,0.2906568511262612
3.659,-0.012879609544469872,-0.8080539656582175,0.1827589392959439,-1.3023632482077885e-05,-0.3983627527134793,-0.11154761160846427
3.66,-0.012879609544469872,0.19194603434178248,-0.8172410607040561,6.511450937913147e-05,-0.12306321526387408,-0.36279007925796325
3.661,-0.012879609544469872,0.19194603434178248,0.1827589392959439,6.235110540092377e-05,0.32227940130267785,-0.11268580811661048
3.662,-0.012879609544469872,0.19194603434178248,0.1827589392959439,-3.49920219502431e-05,0.3222311943740583,0.2965135665397352
3.663,-0.012879609544469872,0.19194603434178248,0.1827589392959439,-9.655456398719417e-05,-0.12314382819077249,0.2980784707215022
3.664,-0.012879609544469872,-0.8080539656582175,0.1827589392959439,-2.509719785114193e-05,-0.3983672144072457,-0.11444624655604566
3.665,-0.012879609544469872,0.19194603434178248,-0.8172410607040561,9.067585745788998e-05,-0.12305241606924042,-0.3723546805699517
3.666,-0.012879609544469872,0.19194603434178248,0.1827589392959439,8.693410417847813e-05,0.32238706207746226,-0.11568595376401464
3.667,-0.012879609544469872,0.19194603434178248,0.1827589392959439,-4.039292847058069e-05,0.32234472428220196,0.30444319104148393
3.668,-0.012879609544469872,0.19194603434178248,0.1827589392959439,-0.00011752686685361786,-0.12323504324701107,0.30606004127018643
3.669,-0.012879609544469872,-0.8080539656582175,0.1827589392959439,-3.358097301332389e-05,-0.39862112788342563,-0.11750141913386357
3.67,-0.012879609544469872,0.19194603434178248,-0.8172410607040561,9.834976237566754e-05,-0.12312019753261248,-0.38223337319118816
3.671,-0.012879609544469872,0.19194603434178248,0.1827589392959439,9.599348224321937e-05,0.3226708923138715,-0.11872468722072341
3.672,-0.012879609544469872,0.19194603434178248,0.1827589392959439,-3.676411912823667e-05,0.32263149440719247,0.31233292684594977
3.673,-0.012879609544469872,0.19194603434178248,0.1827589392959439,-0.00011651995372386506,-0.1233761739021276,0.31385839833255536
3.674,-0.012879609544469872,-0.8080539656582175,0.1827589392959439,-3.7422094247749235e-05,-0.39905011404313084,-0.12043633098329792
3.675,-0.012879609544469872,0.19194603434178248,-0.8172410607040561,8.674788992692005e-05,-0.12324834461581445,-0.3915555408281941
3.676,-0.012879609544469872,0.19194603434178248,0.1827589392959439,8.842055949925434e-05,0.32305961479774453,-0.12154194617601055
3.677,-0.012879609544469872,0.19194603434178248,0.1827589392959439,-2.4607105378374948e-05,0.32302438888636015,0.3195286582686164
3.678,-0.012879609544469872,0.19194603434178248,0.1827589392959439,-9.429277417795351e-05,-0.12353441041855288,0.3208482852742087
3.679,-0.012879609544469872,-0.8080539656582175,0.1827589392959439,-3.634455275287131e-05,-0.3995620079036253,-0.12302397031103485
3.68,-0.012879609544469872,0.19194603434178248,-0.8172410607040561,5.8472395585738413e-05,-0.12341181830407773,-0.3996276453528945
3.681,-0.012879609544469872,0.19194603434178248,0.1827589392959439,6.632281809188125e-05,0.3234748436283317,-0.12393688271493465
3.682,-0.012879609544469872,0.19194603434178248,0.1827589392959439,-6.337380860198004e-06,0.32344862100988464,0.3255402569521434
3.683,-0.012879609544469872,0.19194603434178248,0.1827589392959439,-5.582583029467069e-05,-0.12367875525553075,0.32657740192224405
3.684,-0.012879609544469872,-0.8080539656582175,0.1827589392959439,-3.080876078165576e-05,-0.4000641502830769,-0.12510588712444262
3.685,-0.012879609544469872,0.19194603434178248,-0.8172410607040561,1.9561790995987776e-05,-0.12358317377933775,-0.4059864698091699
3.686,-0.012879609544469872,0.19194603434178248,0.1827589392959439,3.4489269276709994e-05,0.3238451094412023,-0.1257819370218712
3.687,-0.012879609544469872,0.19194603434178248,0.1827589392959439,1.4176399247314726e-05,0.3238346121409045,0.3300723343492815
3.688,-0.012879609544469872,0.19194603434178248,0.1827589392959439,-9.224663839793403e-06,-0.12378534182479287,0.3307908864747898
3.689,-0.012879609544469872,-0.8080539656582175,0.1827589392959439,-2.1848982816570184e-05,-0.40047858831977257,-0.1265992543821588
3.69,-0.012879609544469872,0.19194603434178248,-0.8172410607040561,-2.1779332083092754e-05,-0.1237369118149354,-0.41041420508995385
3.691,-0.012879609544469872,0.19194603434178248,0.1827589392959439,-6.635552782022235e-07,0.32411690072353005,-0.1270251221283192
3.692,-0.012879609544469872,0.19194603434178248,0.1827589392959439,3.24007052759749e-05,0.3241284455676025,0.33302459933327655
3.693,-0.012879609544469872,0.19194603434178248,0.1827589392959439,3.59968888258132e-05,-0.12384076391198408,0.333425853863268
3.694,-0.012879609544469872,-0.8080539656582175,0.1827589392959439,-1.0839075185741689e-05,-0.40075288917311186,-0.12749280002112076
3.695,-0.012879609544469872,0.19194603434178248,-0.8172410607040561,-5.689749595111984e-05,-0.12385309557826826,-0.41291845296642726
3.696,-0.012879609544469872,0.19194603434178248,0.1827589392959439,-3.2429317234204296e-05,0.32426119485681565,-0.12768182390713104
3.697,-0.012879609544469872,0.19194603434178248,0.1827589392959439,4.409419105656001e-05,0.32429845546414837,0.3344660269013714
3.698,-0.012879609544469872,0.19194603434178248,0.1827589392959439,7.088726824620882e-05,-0.12384305736022483,0.3345810201387491
3.699,-0.012879609544469872,-0.8080539656582175,0.1827589392959439,7.561729332814814e-07,-0.40086527354565865,-0.1278337929900781
3.7,-0.012879609544469872,0.19194603434178248,-0.8172410607040561,-7.849580880938008e-05,-0.12391973722462572,-0.4136851381333824
3.701,-0.012879609544469872,0.19194603434178248,0.1827589392959439,-5.514990362938697e-05,0.32427491021134813,-0.1278188526910428
3.702,-0.012879609544469872,0.19194603434178248,0.1827589392959439,4.623599730662094e-05,0.32433731559498524,0.3345905090251537
3.703,-0.012879609544469872,0.19194603434178248,0.1827589392959439,8.887185530612472e-05,-0.12380044575138992,0.33446962749360676
3.704,-0.012879609544469872,-0.8080539656582175,0.1827589392959439,1.1593924709663529e-05,-0.40082389450129785,-0.1277093638281803
3.705,-0.012879609544469872,0.19194603434178248,-0.8172410607040561,-8.215371031511114e-05,-0.12393369797648787,-0.4130154916601754
3.706,-0.012879609544469872,0.19194603434178248,0.1827589392959439,-6.528241213997105e-05,0.32417766419694705,-0.1275343379700252
3.707,-0.012879609544469872,0.19194603434178248,0.1827589392959439,3.7728834505494555e-05,0.3242598220815942,0.33366355699123046
3.708,-0.012879609544469872,0.19194603434178248,0.1827589392959439,8.704293189220228e-05,-0.12372835993277617,0.33336543729323026
3.709,-0.012879609544469872,-0.8080539656582175,0.1827589392959439,2.0597870256662085e-05,-0.40066111650395586,-0.12722590209014115
3.71,-0.012879609544469872,0.19194603434178248,-0.8172410607040561,-6.724780596668098e-05,-0.12390010758778607,-0.4112593215674548
3.711,-0.012879609544469872,0.19194603434178248,0.1827589392959439,-6.199037696993477e-05,0.3240050034788292,-0.12693724514776542
3.712,-0.012879609544469872,0.19194603434178248,0.1827589392959439,1.972186365497278e-05,0.3240972744046082,0.33196977964637114
3.713,-0.012879609544469872,0.19194603434178248,0.1827589392959439,6.66709299841217e-05,-0.12364550151756289,0.331551363895866
3.714,-0.012879609544469872,-0.8080539656582175,0.1827589392959439,2.7024452537569054e-05,-0.400424418420288,-0.1264900777422437
3.715,-0.012879609544469872,0.19194603434178248,-0.8172410607040561,-3.708459545563801e-05,-0.12383054882878847,-0.40875573132068094
3.716,-0.012879609544469872,0.19194603434178248,0.1827589392959439,-4.715993601000224e-05,0.32379976014677325,-0.12612983973257674
3.717,-0.012879609544469872,0.19194603434178248,0.1827589392959439,-4.527243824236957e-06,0.3238898375668025,0.3297693987086782
3.718,-0.012879609544469872,0.19194603434178248,0.1827589392959439,3.28467570620652e-05,-0.12356980899266543,0.32927856388141785
3.719,-0.012879609544469872,-0.8080539656582175,0.1827589392959439,3.0461774877508904e-05,-0.40016594325828414,-0.1255942711819045
3.72,-0.012879609544469872,0.19194603434178248,-0.8172410607040561,1.7823363565642894e-06,-0.1237404312983001,-0.4057896443568971
3.721,-0.012879609544469872,0.19194603434178248,0.1827589392959439,-2.486284058425551e-05,0.3236033244266319,-0.12519546201238044
3.722,-0.012879609544469872,0.19194603434178248,0.1827589392959439,-3.0238741354054474e-05,0.32367845530559175,0.3272693693690139
3.723,-0.012879609544469872,0.19194603434178248,0.1827589392959439,-6.656178961975549e-06,-0.12351510308452884,0.3267409087885198
3.724,-0.012879609544469872,-0.8080539656582175,0.1827589392959439,3.0786537076572526e-05,-0.39993271364652055,-0.12460804612718535
3.725,-0.012879609544469872,0.19194603434178248,-0.8172410607040561,4.091123653792047e-05,-0.1236460709613737,-0.40256857470434615
3.726,-0.012879609544469872,0.19194603434178248,0.1827589392959439,-4.0002342157807735e-07,0.32344842241759464,-0.12419271422130093
3.727,-0.012879609544469872,0.19194603434178248,0.1827589392959439,-5.2040258375390564e-05,0.3234977758015706,0.32461132347304217
3.728,-0.012879609544469872,0.19194603434178248,0.1827589392959439,-4.305395143140484e-05,-0.12348896860130948,0.3240663529751386
3.729,-0.012879609544469872,-0.8080539656582175,0.1827589392959439,2.810884311498644e-05,-0.39975916784921567,-0.12357599478521232
3.73,-0.012879609544469872,0.19194603434178248,-0.8172410607040561,7.172932318070757e-05,-0.12356198854621014,-0.3992198310848947
3.731,-0.012879609544469872,0.19194603434178248,0.1827589392959439,2.086038343892235e-05,0.323354518710903,-0.1231558495953674
3.732,-0.012879609544469872,0.19194603434178248,0.1827589392959439,-6.505933695061873e-05,0.32337119670067377,0.32187518982335095
3.733,-0.012879609544469872,0.19194603434178248,0.1827589392959439,-6.840657326263152e-05,-0.12349212876116285,0.3213234109758355
3.734,-0.012879609544469872,-0.8080539656582175,0.1827589392959439,2.272923348844517e-05,-0.3996630497899187,-0.1225210697431404
3.735,-0.012879609544469872,0.19194603434178248,-0.8172410607040561,8.732797046793007e-05,-0.12349884974403276,-0.3958045400776956
3.736,-0.012879609544469872,0.19194603434178248,0.1827589392959439,3.460315608817056e-05,0.32332634270515437,-0.1221000277057736
3.737,-0.012879609544469872,0.19194603434178248,0.1827589392959439,-6.59590839816062e-05,0.32330862408640454,0.31909457544109826
3.738,-0.012879609544469872,0.19194603434178248,0.1827589392959439,-7.727089352587534e-05,-0.12351925075311228,0.3185383643287951
3.739,-0.012879609544469872,-0.8080539656582175,0.1827589392959439,1.5119443088307432e-05,-0.3996449481326197,-0.12145160364503807
3.74,-0.012879609544469872,0.19194603434178248,-0.8172410607040561,8.392624443647885e-05,-0.12346231604042407,-0.39234217470345856
3.741,-0.012879609544469872,0.19194603434178248,0.1827589392959439,3.841494477884877e-05,0.3233553949433234,-0.1210293524267992
3.742,-0.012879609544469872,0.19194603434178248,0.1827589392959439,-5.3700624477664435e-05,0.32330697888026666,0.3162782700113326
3.743,-0.012879609544469872,0.19194603434178248,0.1827589392959439,-6.781363982352218e-05,-0.12356085034159629,0.31571734423228554
3.744,-0.012879609544469872,-0.8080539656582175,0.1827589392959439,5.922756565682024e-06,-0.3996910716626892,-0.12036974914883299
3.745,-0.012879609544469872,0.19194603434178248,-0.8172410607040561,6.169853576835208e-05,-0.12345288943927694,-0.3888380869344425
3.746,-0.012879609544469872,0.19194603434178248,0.1827589392959439,3.219714159624253e-05,0.3234237478218835,-0.11994534612107516
3.747,-0.012879609544469872,0.19194603434178248,0.1827589392959439,-2.9864179687776137e-05,0.3233529810101052,0.31343179902520757
3.748,-0.012879609544469872,0.19194603434178248,0.1827589392959439,-4.216021619123837e-05,-0.12360578616965595,0.31286726914358426
3.749,-0.012879609544469872,-0.8080539656582175,0.1827589392959439,-4.043342598713512e-06,-0.3997782985128341,-0.11927910028235991
3.75,-0.012879609544469872,0.19194603434178248,-0.8172410607040561,2.478974434677032e-05,-0.12346665278307671,-0.38530697019079196
3.751,-0.012879609544469872,0.19194603434178248,0.1827589392959439,1.8073519975070205e-05,0.3235091045906461,-0.1188537476662412
3.752,-0.012879609544469872,0.19194603434178248,0.1827589392959439,1.5549531668702962e-06,0.3234273825359583,0.3105737818498678
3.753,-0.012879609544469872,0.19194603434178248,0.1827589392959439,-5.913387547620557e-06,-0.12364377582613183,0.31001068613664906
3.754,-0.012879609544469872,-0.8080539656582175,0.1827589392959439,-1.380584387595234e-05,-0.3998802306579516,-0.1181897383982954
3.755,-0.012879609544469872,0.19194603434178248,-0.8172410607040561,-1.9493725316860156e-05,-0.12349666167321116,-0.381787015349101
3.756,-0.012879609544469872,0.19194603434178248,0.1827589392959439,-1.696320247698865e-07,0.32358996753445957,-0.11776816999510499
3.757,-0.012879609544469872,0.19194603434178248,0.1827589392959439,3.4854308368747186e-05,0.3235096567538302,0.30774369299356297
3.758,-0.012879609544469872,0.19194603434178248,0.1827589392959439,3.305309107867141e-05,-0.12366742513136575,0.30719157124618535
3.759,-0.012879609544469872,-0.8080539656582175,0.1827589392959439,-2.2296906538900477e-05,-0.39997295391899895,-0.11711975385967975
3.76,-0.012879609544469872,0.19194603434178248,-0.8172410607040561,-6.215980476483179e-05,-0.1235346568863829,-0.37834230749259407
3.761,-0.012879609544469872,0.19194603434178248,0.1827589392959439,-1.797735330663842e-05,0.3236498868319444,-0.11671005709457041
3.762,-0.012879609544469872,0.19194603434178248,0.1827589392959439,6.371004768372425e-05,0.3235821908459449,0.3050000409548639
3.763,-0.012879609544469872,0.19194603434178248,0.1827589392959439,6.627200098524618e-05,-0.12367341592173178,0.30447162146004253
3.764,-0.012879609544469872,-0.8080539656582175,0.1827589392959439,-2.846554487772763e-05,-0.40003942384847563,-0.11609324403939798
3.765,-0.012879609544469872,0.19194603434178248,-0.8172410607040561,-9.43767744638651e-05,-0.12357274784509,-0.3750541156150122
3.766,-0.012879609544469872,0.19194603434178248,0.1827589392959439,-3.1054715524821e-05,0.3236800677585752,-0.11570534065914484
3.767,-0.012879609544469872,0.19194603434178248,0.1827589392959439,8.243148166853105e-05,0.3236332453515143,0.30241043983636434
3.768,-0.012879609544469872,0.19194603434178248,0.1827589392959439,8.648066506010571e-05,-0.12366270604682385,0.3019189821487903
3.769,-0.012879609544469872,-0.8080539656582175,0.1827589392959439,-3.143179523924251e-05,-0.4000718003012317,-0.11513567491729268
3.77,-0.012879609544469872,0.19194603434178248,-0.8172410607040561,-0.00010931189785275926,-0.12360476486679954,-0.37200449134727476
3.771,-0.012879609544469872,0.19194603434178248,0.1827589392959439,-3.630849685777716e-05,0.32368002662234346,-0.11477900954099442
3.772,-0.012879609544469872,0.19194603434178248,0.1827589392959439,8.713163694679506e-05,0.32365827491776566,0.3000370363712
3.773,-0.012879609544469872,0.19194603434178248,0.1827589392959439,8.91636195658376e-05,-0.12363981149114221,0.2995931941722027
3.774,-0.012879609544469872,-0.8080539656582175,0.1827589392959439,-3.065670397589208e-05,-0.40007154119417226,-0.11426813286867225
3.775,-0.012879609544469872,0.19194603434178248,-0.8172410607040561,-0.00010358012369210873,-0.1236270755552632,-0.36925744343026734
3.776,-0.012879609544469872,0.19194603434178248,0.1827589392959439,-3.250354852192003e-05,0.32365641323267863,-0.11394930351355079
3.777,-0.012879609544469872,0.19194603434178248,0.1827589392959439,7.656808447396469e-05,0.3236595757537855,0.29792186172225227
3.778,-0.012879609544469872,0.19194603434178248,0.1827589392959439,7.351596398042591e-05,-0.12361142049732465,0.29753103944327974
3.779,-0.012879609544469872,-0.8080539656582175,0.1827589392959439,-2.6088304699805776e-05,-0.40004753511509017,-0.11350225525544692
3.78,-0.012879609544469872,0.19194603434178248,-0.8172410607040561,-7.79937905144292e-05,-0.1236387857540438,-0.36684351870531906
3.781,-0.012879609544469872,0.19194603434178248,0.1827589392959439,-2.0499770575377078e-05,0.3236204741328421,-0.11322332696416411
3.782,-0.012879609544469872,0.19194603434178248,0.1827589392959439,5.2466503569168354e-05,0.3236445601497174,0.2960766831501491
3.783,-0.012879609544469872,0.19194603434178248,0.1827589392959439,4.2622141890089846e-05,-0.12358470061476667,0.2957377365605089
3.784,-0.012879609544469872,-0.8080539656582175,0.1827589392959439,-1.8240308995115242e-05,-0.4000129131494452,-0.11283746227321076
3.785,-0.012879609544469872,0.19194603434178248,0.1827589392959439,-3.7443128378984744e-05,-0.12364137185102125,-0.36475279247650044
3.786,-0.012879609544469872,0.19194603434178248,0.1827589392959439,-3.0264702536633167e-06,0.3235848529473712,-0.11259553418182518
3.787,-0.012879609544469872,0.19194603434178248,0.1827589392959439,1.9239529024993303e-05,0.3236231960194145,0.29448084281178777
3.788,-0.012879609544469872,0.19194603434178248,0.1827589392959439,2.8070423044145474e-06,-0.12356568586908288,0.29418664472766115
3.789,-0.012879609544469872,-0.8080539656582175,0.1827589392959439,-8.168947782336233e-06,-0.39998137275383455,-0.11226155543777248
3.79,-0.012879609544469872,0.19194603434178248,-0.8172410607040561,1.0085047828414548e-05,-0.12363789491432918,-0.3629392319882967
3.791,-0.012879609544469872,0.19194603434178248,0.1827589392959439,1.5950644119754382e-05,0.32356048143000615,-0.11204984003993197
3.792,-0.012879609544469872,0.19194603434178248,0.1827589392959439,-1.6863360437486984e-05,0.32360525335741236,0.2930886216574739
3.793,-0.012879609544469872,0.19194603434178248,0.1827589392959439,-3.771065113121325e-05,-0.12355807542578731,0.29282854925465446
3.794,-0.012879609544469872,-0.8080539656582175,0.1827589392959439,2.666470954048003e-06,-0.39996384994679596,-0.11175491792822763
3.795,-0.012879609544469872,0.19194603434178248,-0.8172410607040561,5.516197567433839e-05,-0.1236320106504459,-0.3613365772266288
3.796,-0.012879609544469872,0.19194603434178248,0.1827589392959439,3.212877115031548e-05,0.32355421237023096,-0.11156520545138127
3.797,-0.012879609544469872,0.19194603434178248,0.1827589392959439,-4.901728665110594e-05,0.32359796322161416,0.29184526701037605
3.798,-0.012879609544469872,0.19194603434178248,0.1827589392959439,-7.058415552353241e-05,-0.12356265628846667,0.2916091657874267
3.799,-0.012879609544469872,-0.8080539656582175,0.1827589392959439,1.264617584929801e-05,-0.3999662092764015,-0.111297624257338
3.8,-0.012879609544469872,0.19194603434178248,-0.8172410607040561,8.890898039721602e-05,-0.1236270042749717,-0.3598828805671738
3.801,-0.012879609544469872,0.19194603434178248,0.1827589392959439,4.183691192179672e-05,0.3235676201745757,-0.11112362803525422
3.802,-0.012879609544469872,0.19194603434178248,0.1827589392959439,-7.12421987535348e-05,0.32360454012414647,0.29070848405995664
3.803,-0.012879609544469872,0.19194603434178248,0.1827589392959439,-8.91510135005037e-05,-0.1235774109533773,0.29049123390184667
3.804,-0.012879609544469872,-0.8080539656582175,0.1827589392959439,2.0294131350041638e-05,-0.39998833492271824,-0.1108779407456961
3.805,-0.012879609544469872,0.19194603434178248,-0.8172410607040561,0.00010490876639747576,-0.12362504791391171,-0.358548309323012
3.806,-0.012879609544469872,0.19194603434178248,0.1827589392959439,4.286338136462776e-05,0.3235971047567745,-0.1107187345526675
3.807,-0.012879609544469872,0.19194603434178248,0.1827589392959439,-7.968286034191795e-05,0.3236237887180975,0.2896704261232671
3.808,-0.012879609544469872,0.19194603434178248,0.1827589392959439,-8.99019564600562e-05,-0.12359822082614624,0.28947597423812954
3.809,-0.012879609544469872,-0.8080539656582175,0.1827589392959439,2.4580348140739078e-05,-0.40002467096819655,-0.11050015847369452
3.81,-0.012879609544469872,0.19194603434178248,-0.8172410607040561,0.00010062042679991362,-0.12362681080036236,-0.35735931624607675
3.811,-0.012879609544469872,0.19194603434178248,0.1827589392959439,3.496091316653875e-05,0.3236351451544769,-0.11036279101012961
3.812,-0.012879609544469872,0.19194603434178248,0.1827589392959439,-7.346428137235775e-05,0.32365076448066965,0.2887744386611907
3.813,-0.012879609544469872,0.19194603434178248,0.1827589392959439,-7.327927328151204e-05,-0.12361995860114082,0.2886181386145035
3.814,-0.012879609544469872,-0.8080539656582175,0.1827589392959439,2.5149200840394113e-05,-0.4000659477023227,-0.11018957989560237
3.815,-0.012879609544469872,0.19194603434178248,-0.8172410607040561,7.797312437533206e-05,-0.12363146601282471,-0.35641220690723413
3.816,-0.012879609544469872,0.19194603434178248,0.1827589392959439,1.991637338466286e-05,0.3236723205653204,-0.11009002208675345
3.817,-0.012879609544469872,0.19194603434178248,0.1827589392959439,-5.491489168318526e-05,0.3236782388843506,0.2881212477402533
3.818,-0.012879609544469872,0.19194603434178248,0.1827589392959439,-4.361185252515112e-05,-0.12363769934911377,0.28802957488688513
3.819,-0.012879609544469872,-0.8080539656582175,0.1827589392959439,2.2410298911968796e-05,-0.4001016054019337,-0.1099928335065311
3.82,-0.012879609544469872,0.19194603434178248,-0.8172410607040561,4.297698860867252e-05,-0.1236370507756035,-0.355870594829216
3.821,-0.012879609544469872,0.19194603434178248,0.1827589392959439,1.1644129019702853e-06,0.3236995899339246,-0.10995467996429414
3.822,-0.012879609544469872,0.19194603434178248,0.1827589392959439,-2.907604322771542e-05,0.3236985739808033,0.2878609320298211
3.823,-0.012879609544469872,0.19194603434178248,0.1827589392959439,-8.17362980645581e-06,-0.12364777932383193,0.28786810441977057
3.824,-0.012879609544469872,-0.8080539656582175,0.1827589392959439,1.7454442422446635e-05,-0.40012232567283945,-0.10997248024880249
3.825,-0.012879609544469872,0.19194603434178248,-0.8172410607040561,4.395923330036352e-06,-0.12364106770017348,-0.35594404963055815
3.826,-0.012879609544469872,0.19194603434178248,0.1827589392959439,-1.697779043739954e-05,0.32371031365553693,-0.11002324682150777
3.827,-0.012879609544469872,0.19194603434178248,0.1827589392959439,-2.568845504565465e-06,0.32370556216667357,0.2881696346052716
3.828,-0.012879609544469872,0.19194603434178248,0.1827589392959439,2.4458250841672522e-05,-0.12364848825708143,0.2883112791835168
3.829,-0.012879609544469872,-0.8080539656582175,0.1827589392959439,1.1796162107708195e-05,-0.4001221124456559,-0.11019597471169218
3.83,-0.012879609544469872,0.19194603434178248,-0.8172410607040561,-2.826521743085112e-05,-0.12364117414743207,-0.35684894733489864
3.831,-0.012879609544469872,0.19194603434178248,0.1827589392959439,-3.0294266725742274e-05,0.3237016030477211,-0.11036133610350018
3.832,-0.012879609544469872,0.19194603434178248,0.1827589392959439,1.7962902514071745e-05,0.3236958350910494,0.28921310833960484
3.833,-0.012879609544469872,0.19194603434178248,0.1827589392959439,4.640860951757104e-05,-0.12364027831782254,0.2895177648937084
3.834,-0.012879609544469872,-0.8080539656582175,0.1827589392959439,6.9881342658981244e-06,-0.4000995109783519,-0.11072025928969441
3.835,-0.012879609544469872,0.19194603434178248,-0.8172410607040561,-4.70408819082902e-05,-0.12363580153648036,-0.358756460855811
3.836,-0.012879609544469872,0.19194603434178248,0.1827589392959439,-3.566066183022608e-05,0.32367476361408715,-0.11101706039313063
3.837,-0.012879609544469872,0.19194603434178248,0.1827589392959439,2.7503957275509123e-05,0.3236695720491149,0.29110226896088887
3.838,-0.012879609544469872,0.19194603434178248,0.1827589392959439,5.243890262246686e-05,-0.12362548692439028,0.2915820935766165
3.839,-0.012879609544469872,-0.8080539656582175,0.1827589392959439,4.191012143996771e-06,-0.40005777262168674,-0.11157437103980485
3.84,-0.012879609544469872,0.19194603434178248,0.1827589392959439,-4.75481893433192e-05,-0.12362457388502554,-0.36173603152379896
3.841,-0.012879609544469872,0.19194603434178248,0.1827589392959439,-3.1821310341742856e-05,0.32363481177187314,-0.11200362536119265
3.842,-0.012879609544469872,0.19194603434178248,0.1827589392959439,2.4036030293212944e-05,0.32363040925580633,0.2938483479823244
3.843,-0.012879609544469872,0.19194603434178248,0.1827589392959439,4.1368004727056414e-05,-0.12360767557962603,0.29449074605784664
3.844,-0.012879609544469872,-0.8080539656582175,0.1827589392959439,3.8046608439244083e-06,-0.40000401296673477,-0.11274320573483237
3.845,-0.012879609544469872,0.19194603434178248,-0.8172410607040561,-3.0306213740449474e-05,-0.12360844671993593,-0.3657048371087071
3.846,-0.012879609544469872,0.19194603434178248,0.1827589392959439,-1.977076687957354e-05,0.32358924352427687,-0.11328448098881844
3.847,-0.012879609544469872,0.19194603434178248,0.1827589392959439,9.278251776607402e-06,0.3235846273855964,0.29732647174379606
3.848,-0.012879609544469872,0.19194603434178248,0.1827589392959439,1.6620511521795577e-05,-0.12359076113632873,0.2980884698428265
3.849,-0.012879609544469872,-0.8080539656582175,0.1827589392959439,5.265770194039908e-06,-0.39994761903023957,-0.11415583568380382
3.85,-0.012879609544469872,0.19194603434178248,-0.8172410607040561,-9.681230018790796e-07,-0.12358955117062126,-0.3703941959276389
3.851,-0.012879609544469872,0.19194603434178248,0.1827589392959439,-2.6351019811659755e-06,0.3235463766779759,-0.11476436768597847
3.852,-0.012879609544469872,0.19194603434178248,0.1827589392959439,-1.1434190791119471e-05,0.32353983856941115,0.3012562035573139
3.853,-0.012879609544469872,0.19194603434178248,0.1827589392959439,-1.4288674941084162e-05,-0.12357814591606159,0.3020631187691514
3.854,-0.012879609544469872,-0.8080539656582175,0.1827589392959439,7.089465473404126e-06,-0.3998982963814022,-0.11568142339340078
3.855,-0.012879609544469872,0.19194603434178248,-0.8172410607040561,3.06838328333226e-05,-0.1235707897079899,-0.3753422825556566
3.856,-0.012879609544469872,0.19194603434178248,0.1827589392959439,1.4948907774131179e-05,0.323513650083122,-0.11628898387572055
3.857,-0.012879609544469872,0.19194603434178248,0.1827589392959439,-3.019346927427963e-05,0.32350347862983553,0.30520568811095466
3.858,-0.012879609544469872,0.19194603434178248,0.1827589392959439,-4.130420719949498e-05,-0.12357203591818752,0.3059550894774961
3.859,-0.012879609544469872,-0.8080539656582175,0.1827589392959439,7.18197307866684e-06,-0.3998641876065776,-0.11713482154958803
3.86,-0.012879609544469872,0.19194603434178248,-0.8172410607040561,5.286649423221755e-05,-0.12355527739579136,-0.37991908313463946
3.861,-0.012879609544469872,0.19194603434178248,0.1827589392959439,2.7850355693148244e-05,0.3234962379390593,-0.11765482838230838
3.862,-0.012879609544469872,0.19194603434178248,0.1827589392959439,-3.834034196000655e-05,0.32348142356251147,0.3086227285661917
3.863,-0.012879609544469872,0.19194603434178248,0.1827589392959439,-5.4153851811494e-05,-0.12357307936942774,0.30919388115918456
3.864,-0.012879609544469872,-0.8080539656582175,0.1827589392959439,3.386742817702921e-06,-0.39985043932838077,-0.11829251800136334
3.865,-0.012879609544469872,0.19194603434178248,-0.8172410607040561,5.4669805430487626e-05,-0.1235457473991363,-0.38338463487701824
3.866,-0.012879609544469872,0.19194603434178248,0.1827589392959439,3.165836164491643e-05,0.32349623761220964,-0.11862919445945423
3.867,-0.012879609544469872,0.19194603434178248,0.1827589392959439,-2.872485317486808e-05,0.32347699511476047,0.3108918686977286
3.868,-0.012879609544469872,0.19194603434178248,0.1827589392959439,-4.498998621965927e-05,-0.1235803765396287,0.3111599281065451
3.869,-0.012879609544469872,-0.8080539656582175,0.1827589392959439,-5.838662200147212e-06,-0.39985846640381706,-0.1189178822072093
3.87,-0.012879609544469872,0.19194603434178248,-0.8172410607040561,2.909251863229772e-05,-0.12354403882735972,-0.3849760060452967
3.871,-0.012879609544469872,0.19194603434178248,0.1827589392959439,2.383958202768746e-05,0.3235125436651218,-0.11897855296210522
3.872,-0.012879609544469872,0.19194603434178248,0.1827589392959439,2.0725063642441363e-06,0.323490516613723,0.3114120044524497
3.873,-0.012879609544469872,0.19194603434178248,0.1827589392959439,-1.0778297351719579e-05,-0.1235918257180775,0.3112653376722151
3.874,-0.012879609544469872,-0.8080539656582175,0.1827589392959439,-2.0767578011994936e-05,-0.3998859933290985,-0.11879296836884919
3.875,-0.012879609544469872,0.19194603434178248,-0.8172410607040561,-2.4445830892902083e-05,-0.12355076114939138,-0.38401308291262826
3.876,-0.012879609544469872,0.19194603434178248,0.1827589392959439,4.57790235336662e-06,0.32354136455044835,-0.11850194494315136
3.877,-0.012879609544469872,0.19194603434178248,0.1827589392959439,5.2089370277673197e-05,0.323519453628881,0.3096849661512009
3.878,-0.012879609544469872,0.19194603434178248,0.1827589392959439,4.514122089728869e-05,-0.12360469877053631,0.3090432686673997
3.879,-0.012879609544469872,-0.8080539656582175,0.1827589392959439,-3.994464626337089e-05,-0.3999277842260962,-0.11775272007891276
3.88,-0.012879609544469872,0.19194603434178248,-0.8172410607040561,-9.876607249234048e-05,-0.12356518919783076,-0.38000896976290965
3.881,-0.012879609544469872,0.19194603434178248,0.1827589392959439,-2.2918361560356104e-05,0.32357720662775014,-0.11706479209498998
3.882,-0.012879609544469872,0.19194603434178248,0.1827589392959439,0.00011337075708280794,0.32355905361553416,0.30540262074968044
3.883,-0.012879609544469872,0.19194603434178248,0.1827589392959439,0.00011277836634147705,-0.12361629750590045,0.304233112112079
3.884,-0.012879609544469872,-0.8080539656582175,0.1827589392959439,-6.007763589307612e-05,-0.3999768404313593,-0.11571656183798945
3.885,-0.012879609544469872,0.19194603434178248,-0.8172410607040561,-0.0001792332947658704,-0.12358539558280264,-0.3727684789453482
3.886,-0.012879609544469872,0.19194603434178248,0.1827589392959439,-5.276235018982616e-05,0.32361406946428845,-0.11462796064535523
3.887,-0.012879609544469872,0.19194603434178248,0.1827589392959439,0.00017270043062381774,0.3236033092297967,0.2985189174923541
3.888,-0.012879609544469872,0.19194603434178248,0.1827589392959439,0.00017673291328047157,-0.1236245364313162,0.296847917075337
3.889,-0.012879609544469872,-0.8080539656582175,0.1827589392959439,-7.637941286271935e-05,-0.40002577376085247,-0.11271223929227497
3.89,-0.012879609544469872,0.19194603434178248,-0.8172410607040561,-0.00024587206010046807,-0.12360858303649812,-0.3624583226076892
3.891,-0.012879609544469872,0.19194603434178248,0.1827589392959439,-7.738203203002352e-05,0.3236465799006476,-0.11126712309495079
3.892,-0.012879609544469872,0.19194603434178248,0.1827589392959439,0.0002137191462357203,0.3236460272106777,0.28929425836451556
3.893,-0.012879609544469872,0.19194603434178248,0.1827589392959439,0.0002188824281107167,-0.12362832703026673,0.28721189571633293
3.894,-0.012879609544469872,-0.8080539656582175,0.1827589392959439,-8.336905179596111e-05,-0.4000680632432913,-0.10888745779349
3.895,-0.012879609544469872,0.19194603434178248,-0.8172410607040561,-0.00027708873419836827,-0.12363154608200591,-0.3496353762319389
3.896,-0.012879609544469872,0.19194603434178248,0.1827589392959439,-8.901979097519818e-05,0.32367083779745437,-0.10717847572904755
3.897,-0.012879609544469872,0.19194603434178248,0.1827589392959439,0.00022017486456677783,0.323681792496962,0.27830261371500153
3.898,-0.012879609544469872,0.19194603434178248,0.1827589392959439,0.00022213062023885525,-0.12362769435203766,0.27595927111806434
3.899,-0.012879609544469872,-0.8080539656582175,0.1827589392959439,-7.60346032409158e-05,-0.4000989661743517,-0.10450631540995368
3.9,-0.012879609544469872,0.19194603434178248,0.1827589392959439,-0.0002544215151299663,-0.12365117463820931,-0.3352245096231953
3.901,-0.012879609544469872,0.19194603434178248,0.1827589392959439,-8.147782091641717e-05,0.32368483768274164,-0.1026685822245559
3.902,-0.012879609544469872,0.19194603434178248,0.1827589392959439,0.00017976513795831426,0.323706667946484,0.2663965827696436
3.903,-0.012879609544469872,0.19194603434178248,0.1827589392959439,0.00017455413513546195,-0.12362362405970909,0.2639907931150167
3.904,-0.012879609544469872,-0.8080539656582175,0.1827589392959439,-5.115840256849557e-05,-0.40011595984695625,-0.0999295537723681
3.905,-0.012879609544469872,0.19194603434178248,-0.8172410607040561,-0.00016743819605674317,-0.12366491309094657,-0.3204443208653904
3.906,-0.012879609544469872,0.19194603434178248,0.1827589392959439,-5.1770974099805315e-05,0.32368844253515694,-0.09812830080256536
3.907,-0.012879609544469872,0.19194603434178248,0.1827589392959439,8.782329187571961e-05,0.3237185472627386,0.25463147948588
3.908,-0.012879609544469872,0.19194603434178248,0.1827589392959439,7.311467665212278e-05,-0.12361770098899301,0.25239025109600155
3.909,-0.012879609544469872,-0.8080539656582175,0.1827589392959439,-8.532481957142043e-06,-0.40011870965819424,-0.09557997720743862
3.91,-0.012879609544469872,0.19194603434178248,-0.8172410607040561,-1.774609803556262e-05,-0.12367110467957607,-0.3066867007529483
3.911,-0.012879609544469872,0.19194603434178248,0.1827589392959439,-1.3306024394397796e-06,0.32368299080066093,-0.09399310240860229
3.912,-0.012879609544469872,0.19194603434178248,0.1827589392959439,-4.9979353488770946e-05,0.32371716191617245,0.24415565740777379
3.913,-0.012879609544469872,0.19194603434178248,0.1827589392959439,-7.391787531217999e-05,-0.12361164452864906,0.2423093821119381
3.914,-0.012879609544469872,-0.8080539656582175,0.1827589392959439,4.823295684186913e-05,-0.4001086633794066,-0.09189667391980956
3.915,-0.012879609544469872,0.19194603434178248,-0.8172410607040561,0.00017888319789990747,-0.12366917772903438,-0.2953633670735995
3.916,-0.012879609544469872,0.19194603434178248,0.1827589392959439,6.354659445816438e-05,0.323670691490378,-0.09069424646516457
3.917,-0.012879609544469872,0.19194603434178248,0.1827589392959439,-0.0002166604345479263,0.32370381232568035,0.23607973970895987
3.918,-0.012879609544469872,0.19194603434178248,0.1827589392959439,-0.0002465360930641583,-0.12360686262272096,0.23483477519046725
3.919,-0.012879609544469872,-0.8080539656582175,0.1827589392959439,0.000111568342277168,-0.40008843742298006,-0.08928355805208542
3.92,-0.012879609544469872,0.19194603434178248,-0.8172410607040561,0.00039302419104382725,-0.12365966091473361,-0.2877382093852537
3.921,-0.012879609544469872,0.19194603434178248,0.1827589392959439,0.00013219512593163043,0.3236539901142714,-0.08860690699617957
3.922,-0.012879609544469872,0.19194603434178248,0.1827589392959439,-0.0003851797031698227,0.3236809351511011,0.2313413187788845
3.923,-0.012879609544469872,0.19194603434178248,0.1827589392959439,-0.0004149539753454871,-0.12360413268476934,0.23085386503907626
3.924,-0.012879609544469872,-0.8080539656582175,0.1827589392959439,0.00017063201645071174,-0.4000611773866803,-0.08805892831278792
3.925,-0.012879609544469872,0.19194603434178248,0.1827589392959439,0.0005850602707519591,-0.12364404315926811,-0.28476752471434325
3.926,-0.012879609544469872,0.19194603434178248,0.1827589392959439,0.00019104838585178564,0.3236350676457042,-0.08800215967275056
3.927,-0.012879609544469872,0.19194603434178248,0.1827589392959439,-0.000522030834682425,0.3236516263920557,0.2305833587834147
3.928,-0.012879609544469872,0.19194603434178248,0.1827589392959439,-0.0005439208265419754,-0.12360347904957876,0.23093827128194858
3.929,-0.012879609544469872,-0.8080539656582175,0.1827589392959439,0.000212837716953573,-0.40003004360210553,-0.08841299238536257
3.93,-0.012879609544469872,0.19194603434178248,-0.8172410607040561,0.0007113625467569997,-0.12362451514852843,-0.2869703873201008
3.931,-0.012879609544469872,0.19194603434178248,0.1827589392959439,0.0002259158555059139,0.3236155750570827,-0.08900958558806155
3.932,-0.012879609544469872,0.19194603434178248,0.1827589392959439,-0.000592823316889478,0.3236192172521976,0.23406361183532828
3.933,-0.012879609544469872,0.19194603434178248,0.1827589392959439,-0.0005988807427998997,-0.12360426326069093,0.2352612835581783
3.934,-0.012879609544469872,-0.8080539656582175,0.1827589392959439,0.00022605835565281764,-0.3999979062973051,-0.09037955340265352
3.935,-0.012879609544469872,0.19194603434178248,-0.8172410607040561,0.0007323676844314975,-0.12360364127464335,-0.29434830948888213
3.936,-0.012879609544469872,0.19194603434178248,0.1827589392959439,0.00022473138258245108,0.32359662563884023,-0.0915960977003818
3.937,-0.012879609544469872,0.19194603434178248,0.1827589392959439,-0.0005690507531541046,0.323586957003536,0.2416088609250593
3.938,-0.012879609544469872,0.19194603434178248,0.1827589392959439,-0.0005530316426622136,-0.12360544898241059,0.24356231541524465
3.939,-0.012879609544469872,-0.8080539656582175,0.1827589392959439,0.00020117336064223804,-0.39996725547577383,-0.09382636207536206
3.94,-0.012879609544469872,0.19194603434178248,0.1827589392959439,0.0006212411129307367,-0.12358401291949314,-0.30636733005083566
3.941,-0.012879609544469872,0.19194603434178248,0.1827589392959439,0.0001803018062360577,0.32357898881366043,-0.09556457823136914
3.942,-0.012879609544469872,0.19194603434178248,0.1827589392959439,-0.0004348836905384842,0.32355780908443826,0.25262213886970086
3.943,-0.012879609544469872,0.19194603434178248,0.1827589392959439,-0.00039402904707763086,-0.12360596085116309,0.25516513377117506
3.944,-0.012879609544469872,-0.8080539656582175,0.1827589392959439,0.0001345006063864686,-0.39994026081888534,-0.09846621718465991
3.945,-0.012879609544469872,0.19194603434178248,-0.8172410607040561,0.00037150640019837543,-0.12356792822771621,-0.3220074832603567
3.946,-0.012879609544469872,0.19194603434178248,0.1827589392959439,9.25266347941514e-05,0.3235633733075145,-0.10057329292704947
3.947,-0.012879609544469872,0.19194603434178248,0.1827589392959439,-0.00019264654879251516,0.3235343280613871,0.2661439926602565
3.948,-0.012879609544469872,0.19194603434178248,0.1827589392959439,-0.00012897348187198662,-0.12360503601731909,0.26904942361310785
3.949,-0.012879609544469872,-0.8080539656582175,0.1827589392959439,2.9602049139436242e-05,-0.3999188758479072,-0.10388807715838629
3.95,-0.012879609544469872,0.19194603434178248,-0.8172410607040561,1.989685701343362e-06,-0.12355713288614414,-0.33987537645857047
3.951,-0.012879609544469872,0.19194603434178248,0.1827589392959439,-3.040690683274931e-05,0.3235506683345786,-0.1061741842002242
3.952,-0.012879609544469872,0.19194603434178248,0.1827589392959439,0.0001343029220413553,0.32351856658465056,0.2809613562864
3.953,-0.012879609544469872,0.19194603434178248,0.1827589392959439,0.00021353923643917578,-0.12360247278316326,0.28396779014299933
3.954,-0.012879609544469872,-0.8080539656582175,0.1827589392959439,-0.00010200461696188632,-0.3999048783763648,-0.10960462665408116
3.955,-0.012879609544469872,0.19194603434178248,-0.8172410607040561,-0.0004422903479293684,-0.12355264411292279,-0.35836665817931224
3.956,-0.012879609544469872,0.19194603434178248,0.1827589392959439,-0.00017221982930449447,0.3235420327366195,-0.11186545129756786
3.957,-0.012879609544469872,0.19194603434178248,0.1827589392959439,0.0005022582728337225,0.32351196708313207,0.2957507486371924
3.958,-0.012879609544469872,0.19194603434178248,0.1827589392959439,0.0005851355889805832,-0.12359871048503933,0.2985937182956566
3.959,-0.012879609544469872,-0.8080539656582175,0.1827589392959439,-0.00024155330332348448,-0.3998997748251955,-0.11511033761125622
3.96,-0.012879609544469872,0.19194603434178248,-0.8172410607040561,-0.000894076487998748,-0.12355466857068624,-0.37585780757236886
3.961,-0.012879609544469872,0.19194603434178248,0.1827589392959439,-0.00031028306046222275,0.32353877673476733,-0.11715170099552692
3.962,-0.012879609544469872,0.19194603434178248,0.1827589392959439,0.0008518367526133935,0.32351521912773046,0.3092373483766139
3.963,-0.012879609544469872,0.19194603434178248,0.1827589392959439,0.0009233843955351565,-0.12359472067426677,0.3116812912991088
3.964,-0.012879609544469872,-0.8080539656582175,0.1827589392959439,-0.0003652535687409079,-0.39990455742811865,-0.11994243821361748
3.965,-0.012879609544469872,0.19194603434178248,-0.8172410607040561,-0.0012726551264603291,-0.12356261555884399,-0.3909020423155508
3.966,-0.012879609544469872,0.19194603434178248,0.1827589392959439,-0.00041879508109204266,0.32354205313277357,-0.12160372357804682
3.967,-0.012879609544469872,0.19194603434178248,0.1827589392959439,0.0011163669291322296,0.3235281002285226,0.32034881721128877
3.968,-0.012879609544469872,0.19194603434178248,0.1827589392959439,0.0011610379459434312,-0.12359173999533037,0.32221535696648146
3.969,-0.012879609544469872,-0.8080539656582175,0.1827589392959439,-0.00044785032123136395,-0.3999193714809396,-0.12373661473510916
3.97,-0.012879609544469872,0.19194603434178248,-0.8172410607040561,-0.0014965433176786875,-0.12357519964105676,-0.4024029761199154
3.971,-0.012879609544469872,0.19194603434178248,0.1827589392959439,-0.0004730101983386408,0.32355244376709547,-0.124909819312021
3.972,-0.012879609544469872,0.19194603434178248,0.1827589392959439,0.0012329817234982936,0.3235493519394602,0.32834300388435667
3.973,-0.012879609544469872,0.19194603434178248,0.1827589392959439,0.0012375951914994046,-0.12359091726653121,0.3295316992332809
3.974,-0.012879609544469872,-0.8080539656582175,0.1827589392959439,-0.00046705524105174315,-0.39994320316436016,-0.12626983307865755
3.975,-0.012879609544469872,0.19194603434178248,-0.8172410607040561,-0.0014983045558123237,-0.12359062093905862,-0.4097422172366968
3.976,-0.012879609544469872,0.19194603434178248,0.1827589392959439,-0.0004538935640672112,0.3235695727039902,-0.12691161698031017
3.977,-0.012879609544469872,0.19194603434178248,0.1827589392959439,0.0011547614928610842,0.32357666155502723,0.332891898953853
3.978,-0.012879609544469872,0.19194603434178248,0.1827589392959439,0.001111399890235204,-0.12359297056824761,0.3333905701172846
3.979,-0.012879609544469872,-0.8080539656582175,0.1827589392959439,-0.0004081526006376597,-0.39997371933280657,-0.12748432509771493
3.98,-0.012879609544469872,0.19194603434178248,-0.8172410607040561,-0.0012390821283170385,-0.12360680551473434,-0.4128431030769627
3.981,-0.012879609544469872,0.19194603434178248,0.1827589392959439,-0.0003524237815939019,0.3235918860239837,-0.12761936774370713
3.982,-0.012879609544469872,0.19194603434178248,0.1827589392959439,0.0008618487139889637,0.3236068136657788,0.3341100238371691
3.983,-0.012879609544469872,0.19194603434178248,0.1827589392959439,0.0007701502284663957,-0.12359794871394907,0.33399317965186337
3.984,-0.012879609544469872,-0.8080539656582175,0.1827589392959439,-0.0002679488062367532,-0.4000073698907709,-0.12748932343632943
3.985,-0.012879609544469872,0.19194603434178248,-0.8172410607040561,-0.0007201639930714604,-0.1236216818493062,-0.41216141881264384
3.986,-0.012879609544469872,0.19194603434178248,0.1827589392959439,-0.00017272844508406574,0.3236167046399057,-0.12720449129359104
3.987,-0.012879609544469872,0.19194603434178248,0.1827589392959439,0.00036935963858934344,0.3236360436825979,0.3325230394778404
3.988,-0.012879609544469872,0.19194603434178248,0.1827589392959439,0.000237701692410277,-0.12360516548283991,0.33193857600219273
3.989,-0.012879609544469872,-0.8080539656582175,0.1827589392959439,-5.7239106114964565e-05,-0.4000398033421139,-0.126540198091707
3.99,-0.012879609544469872,0.19194603434178248,-0.8172410607040561,1.0929628595391965e-05,-0.12363346266869044,-0.4086040513591879
3.991,-0.012879609544469872,0.19194603434178248,0.1827589392959439,6.665849708888627e-05,0.32364058828642855,-0.1259703080829636
3.992,-0.012879609544469872,0.19194603434178248,0.1827589392959439,-0.0002697947749139549,0.3236605734177502,0.3289806859819813
3.993,-0.012879609544469872,0.19194603434178248,0.1827589392959439,-0.00042456982379303186,-0.12361333068472528,0.32812667323640665
3.994,-0.012879609544469872,-0.8080539656582175,0.1827589392959439,0.00019887755514988114,-0.40006656059394835,-0.12499781442478419
3.995,-0.012879609544469872,0.19194603434178248,-0.8172410607040561,0.0008616947946720933,-0.12364089566587967,-0.4033866518860989
3.996,-0.012879609544469872,0.19194603434178248,0.1827589392959439,0.0003338889387540725,0.32365996226216515,-0.12430496239045277
3.997,-0.012879609544469872,0.19194603434178248,0.1827589392959439,-0.0009684034332584406,0.3236772500129692,0.3245260255436065
3.998,-0.012879609544469872,0.19194603434178248,0.1827589392959439,-0.0011228377526017524,-0.12362085040911334,0.32362080740596616
3.999,-0.012879609544469872,-0.8080539656582175,0.1827589392959439,0.00046320433368834285,-0.40008392329675085,-0.12327374054549893
4.0,-0.012879609544469872,0.19194603434178248,-0.8172410607040561,0.001704026588435536,-0.12364344431956958,-0.39785006052638106
4.001,-0.012879609544469872,0.19194603434178248,0.1827589392959439,0.0005873644984771446,0.32367187632753974,-0.12262308211052919
4.002,-0.012879609544469872,0.19194603434178248,0.1827589392959439,-0.001615026623735212,0.3236841607248487,0.3202392163342886
4.003,-0.012879609544469872,0.19194603434178248,0.1827589392959439,-0.0017423164821146098,-0.12362622266330345,0.31948901333896906
4.004,-0.012879609544469872,-0.8080539656582175,0.1827589392959439,0.0006911369124837497,-0.40008972605529064,-0.12176897171784938
4.005,-0.012879609544469872,0.19194603434178248,-0.8172410607040561,0.0023912039669518265,-0.1236413634879822,-0.39326121457206714
4.006,-0.012879609544469872,0.19194603434178248,0.1827589392959439,0.0007814835547850415,0.32367471039971557,-0.12130435897091763
4.007,-0.012879609544469872,0.19194603434178248,0.1827589392959439,-0.002089779327974717,0.3236810734713818,0.3170777714457338
4.008,-0.012879609544469872,0.19194603434178248,0.1827589392959439,-0.0021640422538937803,-0.12362842598063131,0.31664635339918196
4.009,-0.012879609544469872,-0.8080539656582175,0.1827589392959439,0.0008373542865715662,-0.40008391838386576,-0.12081480677378748
4.01,-0.012879609544469872,0.19194603434178248,-0.8172410607040561,0.0027805487582846945,-0.12363564554539831,-0.39062662204351645
4.011,-0.012879609544469872,0.19194603434178248,0.1827589392959439,0.0008738742884350847,0.3236686318575572,-0.12063772024530849
4.012,-0.012879609544469872,0.19194603434178248,0.1827589392959439,-0.00228385171046215,0.32366956759510934,0.31573588720655776
4.013,-0.012879609544469872,0.19194603434178248,0.1827589392959439,-0.0022847533655425928,-0.12362719546712612,0.31572061186881584
4.014,-0.012879609544469872,-0.8080539656582175,0.1827589392959439,0.0008636093112350034,-0.4000686943990452,-0.12062425496851115
4.015,-0.012879609544469872,0.19194603434178248,-0.8172410607040561,0.0027586053844205535,-0.12362783171773137,-0.39054485592771804
4.016,-0.012879609544469872,0.19194603434178248,0.1827589392959439,0.0008330794679798618,0.32365565150088316,-0.12077901717625011
4.017,-0.012879609544469872,0.19194603434178248,0.1827589392959439,-0.002119895527098388,0.32365277325151065,0.3165428358972483
4.018,-0.012879609544469872,0.19194603434178248,0.1827589392959439,-0.002036875961312924,-0.12362310510048491,0.31696046463398236
4.019,-0.012879609544469872,-0.8080539656582175,0.1827589392959439,0.0007464113046674953,-0.4000480944768954,-0.12126089615868936
4.02,-0.012879609544469872,0.19194603434178248,-0.8172410607040561,0.0022648630175394657,-0.12361970799615143,-0.3931191062165032
4.021,-0.012879609544469872,0.19194603434178248,0.1827589392959439,0.000645457361437659,0.3236392136549509,-0.12172827186997111
4.022,-0.012879609544469872,0.19194603434178248,0.1827589392959439,-0.00156989961750081,0.3236347230659789,0.3194149526772335
4.023,-0.012879609544469872,0.19194603434178248,0.1827589392959439,-0.0014052359844428282,-0.12361742210232797,0.3201992765501948
4.024,-0.012879609544469872,-0.8080539656582175,0.1827589392959439,0.00048326070504452483,-0.4000271075218387,-0.12262966217976602
4.025,-0.012879609544469872,0.19194603434178248,-0.8172410607040561,0.0013098014499912567,-0.12361293139967801,-0.397942365890245
4.026,-0.012879609544469872,0.19194603434178248,0.1827589392959439,0.00032004537304828094,0.32362337222487236,-0.12332976522991125
4.027,-0.012879609544469872,0.19194603434178248,0.1827589392959439,-0.0006671911107581077,0.32361941862873067,0.32386817022616965
4.028,-0.012879609544469872,0.19194603434178248,0.1827589392959439,-0.0004372593393021727,-0.12361175820018296,0.324879805317801
4.029,-0.012879609544469872,-0.8080539656582175,0.1827589392959439,9.617957522877786e-05,-0.40001043737284403,-0.12449089935894632
4.03,-0.012879609544469872,0.19194603434178248,-0.8172410607040561,-1.6512467146693755e-05,-0.12360865465025174,-0.4041575203749392
4.031,-0.012879609544469872,0.19194603434178248,0.1827589392959439,-0.00010967938091065154,0.32361172141084005,-0.12529500479937022
4.032,-0.012879609544469872,0.19194603434178248,0.1827589392959439,0.0004902173514252226,0.32360980335617073,0.3290894447139236
4.033,-0.012879609544469872,0.19194603434178248,0.1827589392959439,0.0007558788078846143,-0.12360759932846682,0.33013642274097926
4.034,-0.012879609544469872,-0.8080539656582175,0.1827589392959439,-0.00036841080946530095,-0.4000012085132198,-0.12649575509930683
4.035,-0.012879609544469872,0.19194603434178248,-0.8172410607040561,-0.001547924793653642,-0.12360722931594922,-0.41058393149102496
4.036,-0.012879609544469872,0.19194603434178248,0.1827589392959439,-0.0005878254575455587,0.32360633712130316,-0.127245347514793
4.037,-0.012879609544469872,0.19194603434178248,0.1827589392959439,0.0017466013503059615,0.3236068878063373,0.3340570079056865
4.038,-0.012879609544469872,0.19194603434178248,0.1827589392959439,0.0020084991332943963,-0.12360583520851781,0.33492324617871894
4.039,-0.012879609544469872,-0.8080539656582175,0.1827589392959439,-0.0008439132529377767,-0.39999994282097995,-0.1282378822412817
4.04,-0.012879609544469872,0.19194603434178248,-0.8172410607040561,-0.003058751793648202,-0.12360806406361775,-0.4158925927493653
4.041,-0.012879609544469872,0.19194603434178248,0.1827589392959439,-0.0010420464213539633,0.32360701700388356,-0.12876823822635336
4.042,-0.012879609544469872,0.19194603434178248,0.1827589392959439,0.002905978894273199,0.32360927454683425,0.3376923843603312
4.043,-0.012879609544469872,0.19194603434178248,0.1827589392959439,0.0031198583418726835,-0.12360642188097042,0.3381699900591311
4.044,-0.012879609544469872,-0.8080539656582175,0.1827589392959439,-0.001251698608386303,-0.40000411874035846,-0.1293141135680818
4.045,-0.012879609544469872,0.19194603434178248,-0.8172410607040561,-0.004292334820287651,-0.12360969336812339,-0.4188049570917525
4.046,-0.012879609544469872,0.19194603434178248,0.1827589392959439,-0.0013929672828989076,0.3236110686571623,-0.12947906710060214
4.047,-0.012879609544469872,0.19194603434178248,0.1827589392959439,0.0037585147625091766,0.32361326870167323,0.33902254127580805
4.048,-0.012879609544469872,0.19194603434178248,0.1827589392959439,0.003881915163666047,-0.12360828832925513,0.338943351819421
4.049,-0.012879609544469872,-0.8080539656582175,0.1827589392959439,-0.001512327920062334,-0.40000852156352723,-0.12938546414634186
4.05,-0.012879609544469872,0.19194603434178248,-0.8172410607040561,-0.004998478473969084,-0.12361007416380665,-0.4182871107595535
4.051,-0.012879609544469872,0.19194603434178248,0.1827589392959439,-0.0015660080453622901,0.32361378794997675,-0.12907983131769846
4.052,-0.012879609544469872,0.19194603434178248,0.1827589392959439,0.004112733426942908,0.3236136430577288,0.3373290537717111
4.053,-0.012879609544469872,0.19194603434178248,0.1827589392959439,0.004112016169550552,-0.12360954531323107,0.3365909176092085
4.054,-0.012879609544469872,-0.8080539656582175,0.1827589392959439,-0.0015584204533214126,-0.40000642269003905,-0.12822975868302144
4.055,-0.012879609544469872,0.19194603434178248,-0.8172410607040561,-0.004974901038579576,-0.12360707900469967,-0.4137115846996589
4.056,-0.012879609544469872,0.19194603434178248,0.1827589392959439,-0.0015040406284644483,0.32360961053225556,-0.1274062274960415
4.057,-0.012879609544469872,0.19194603434178248,0.1827589392959439,0.0038291361283355053,0.32360497335949634,0.3322629853218027
4.058,-0.012879609544469872,0.19194603434178248,0.1827589392959439,0.003685952399201392,-0.12360798068181586,0.33084703067465643
4.059,-0.012879609544469872,-0.8080539656582175,0.1827589392959439,-0.0013473212072496541,-0.3999914194150546,-0.12577836321806024
4.06,-0.012879609544469872,0.19194603434178248,-0.8172410607040561,-0.0041066778820297,-0.12359910348619588,-0.404963667734239
4.061,-0.012879609544469872,0.19194603434178248,0.1827589392959439,-0.001179019613064258,0.32359374220884907,-0.12445643707016633
4.062,-0.012879609544469872,0.19194603434178248,0.1827589392959439,0.002850137638254671,0.32358330198453583,0.323909037486901
4.063,-0.012879609544469872,0.19194603434178248,0.1827589392959439,0.0025663062875494447,-0.12360174695793702,0.32188545259881807
4.064,-0.012879609544469872,-0.8080539656582175,0.1827589392959439,-0.0008715651099774542,-0.3999595704002995,-0.1221317533765294
4.065,-0.012879609544469872,0.19194603434178248,-0.8172410607040561,-0.0023973549007361202,-0.12358566426916932,-0.3924769495992068
4.066,-0.012879609544469872,0.19194603434178248,0.1827589392959439,-0.0006006935131388806,0.3235639188678048,-0.12039746010294129
4.067,-0.012879609544469872,0.19194603434178248,0.1827589392959439,0.0012212989603506185,0.3235477638758673,0.3127897103615062
4.068,-0.012879609544469872,0.19194603434178248,0.1827589392959439,0.0008212247612249724,-0.1235900827214136,0.3103111829014434
4.069,-0.012879609544469872,-0.8080539656582175,0.1827589392959439,-0.00016528239902567925,-0.3999113244690122,-0.11755164812797088
4.07,-0.012879609544469872,0.19194603434178248,-0.8172410607040561,1.393155023276858e-05,-0.12356784319601591,-0.37719283658894726
4.071,-0.012879609544469872,0.19194603434178248,0.1827589392959439,0.00017924069354532748,0.3235218547433687,-0.1155480279669859
4.072,-0.012879609544469872,0.19194603434178248,0.1827589392959439,-0.00090031602895457,0.3235017521429991,0.2998086938592276
4.073,-0.012879609544469872,0.19194603434178248,0.1827589392959439,-0.0013702543744734722,-0.12357387654750429,0.29709239477190047
4.074,-0.012879609544469872,-0.8080539656582175,0.1827589392959439,0.0006948593683553355,-0.39985270322300837,-0.11243074475460228
4.075,-0.012879609544469872,0.19194603434178248,-0.8172410607040561,0.002853396708289846,-0.12354844111214378,-0.3604494994521036
4.076,-0.012879609544469872,0.19194603434178248,0.1827589392959439,0.0010686472455267604,0.3234739397158804,-0.11034042314208645
4.077,-0.012879609544469872,0.19194603434178248,0.1827589392959439,-0.0032532620340710583,0.3234532358868033,0.28614125559607184
4.078,-0.012879609544469872,0.19194603434178248,0.1827589392959439,-0.003728523852144634,-0.12355589260067266,0.2834418541109555
4.079,-0.012879609544469872,-0.8080539656582175,0.1827589392959439,0.0015948755688649473,-0.39979528470812875,-0.10724423082981516
4.08,-0.012879609544469872,0.19194603434178248,-0.8172410607040561,0.005733327085691447,-0.12353174540291727,-0.3438155891541221
4.081,-0.012879609544469872,0.19194603434178248,0.1827589392959439,0.0019424896074340132,0.32343085479184824,-0.10526648071308999
4.082,-0.012879609544469872,0.19194603434178248,0.1827589392959439,-0.005494817725147613,0.3234139754577703,0.2730867763314695
4.083,-0.012879609544469872,0.19194603434178248,0.1827589392959439,-0.005899433429751437,-0.12354053317348357,0.2706642095826011
4.084,-0.012879609544469872,-0.8080539656582175,0.1827589392959439,0.0023946782690962517,-0.39975474391257443,-0.10248977299540113
4.085,-0.012879609544469872,0.19194603434178248,-0.8172410607040561,0.008191492663397734,-0.12352288453249029,-0.3288916800870795
4.086,-0.012879609544469872,0.19194603434178248,0.1827589392959439,0.00265590197244469,0.32340597952069416,-0.10081522088374562
4.087,-0.012879609544469872,0.19194603434178248,0.1827589392959439,-0.007238246097747203,0.32339759492224757,0.2619037586449364
4.088,-0.012879609544469872,0.19194603434178248,0.1827589392959439,-0.007493759439214479,-0.12353310790328646,0.2599901776599321
4.089,-0.012879609544469872,-0.8080539656582175,0.1827589392959439,0.0029442090941799253,-0.39974800604529126,-0.09862423377143444
4.09,-0.012879609544469872,0.19194603434178248,-0.8172410607040561,0.009745317843263393,-0.12352683064775029,-0.31710669970399785
4.091,-0.012879609544469872,0.19194603434178248,0.1827589392959439,0.0030614475365557383,0.3234127322024358,-0.09741066038234322
4.092,-0.012879609544469872,0.19194603434178248,0.1827589392959439,-0.008100150404060863,0.3234167316208767,0.25364987903140224
4.093,-0.012879609544469872,0.19194603434178248,0.1827589392959439,-0.008135703563864784,-0.12353869487411674,0.2524202587193121
4.094,-0.012879609544469872,-0.8080539656582175,0.1827589392959439,0.003102610334732605,-0.3997894052476979,-0.0960057347960879
4.095,-0.012879609544469872,0.19194603434178248,-0.8172410607040561,0.009954413026043156,-0.12354720143673817,-0.30953699936695966
4.096,-0.012879609544469872,0.19194603434178248,0.1827589392959439,0.0030285016742596545,0.32346126113442,-0.09535822791204679
4.097,-0.012879609544469872,0.19194603434178248,0.1827589392959439,-0.0077520870605287204,0.32347973665274826,0.2490486815583675
4.098,-0.012879609544469872,0.19194603434178248,0.1827589392959439,-0.007514360364301976,-0.1235607913695815,0.24859901462256037
4.099,-0.012879609544469872,-0.8080539656582175,0.1827589392959439,0.0027579751262540326,-0.399886543947833,-0.09484883055705927
4.1,-0.012879609544469872,0.19194603434178248,0.1827589392959439,0.008483386258518502,-0.12358508564649492,-0.30677220864390076
4.101,-0.012879609544469872,0.19194603434178248,0.1827589392959439,0.0024622364740419494,0.32355513156025334,-0.09480689901808347
4.102,-0.012879609544469872,0.19194603434178248,0.1827589392959439,-0.005969565375617611,0.3235875902964829,0.24840050762951862
4.103,-0.012879609544469872,0.19194603434178248,0.1827589392959439,-0.005431230796961218,-0.12360003563408141,0.24873639199259087
4.104,-0.012879609544469872,-0.8080539656582175,0.1827589392959439,0.001844967658521253,-0.40003674378780063,-0.09519862180194318
4.105,-0.012879609544469872,0.19194603434178248,0.1827589392959439,0.0051562530120163935,-0.12363815431829941,-0.30884515844078264
4.106,-0.012879609544469872,0.19194603434178248,0.1827589392959439,0.0013195597637543656,0.3236887704461928,-0.09573187550034386
4.107,-0.012879609544469872,0.19194603434178248,0.1827589392959439,-0.0026714769148159997,0.32373177108909906,0.25154884499142505
4.108,-0.012879609544469872,0.19194603434178248,0.1827589392959439,-0.0018369551161810107,-0.12365331297295286,0.2525857898960945
4.109,-0.012879609544469872,-0.8080539656582175,0.1827589392959439,0.00035773732325706083,-0.40022500886100054,-0.0969269186284411
4.11,-0.012879609544469872,0.19194603434178248,-0.8172410607040561,-5.609176682053915e-06,-0.12370030794596429,-0.3152340000531138
4.111,-0.012879609544469872,0.19194603434178248,0.1827589392959439,-0.0003803851614901421,0.32384639803376,-0.09793971015337584
4.112,-0.012879609544469872,0.19194603434178248,0.1827589392959439,0.0020560829905367614,0.32389374267174453,0.2579054247655777
4.113,-0.012879609544469872,0.19194603434178248,0.1827589392959439,0.0031484700908411566,-0.12371352589930272,0.259480562490817
4.114,-0.012879609544469872,-0.8080539656582175,0.1827589392959439,-0.0016439352305048112,-0.40042425481086263,-0.0997504654224339
4.115,-0.012879609544469872,0.19194603434178248,-0.8172410607040561,-0.006768186752591876,-0.12376204282605813,-0.32493454847580655
4.116,-0.012879609544469872,0.19194603434178248,0.1827589392959439,-0.0025529404052446257,0.324002976790934,-0.10109465215861906
4.117,-0.012879609544469872,0.19194603434178248,0.1827589392959439,0.007955800581690852,0.32404649207644526,0.2665292564593323
4.118,-0.012879609544469872,0.19194603434178248,0.1827589392959439,0.009235751710720407,-0.12377020742919415,0.26842259326385404
4.119,-0.012879609544469872,-0.8080539656582175,0.1827589392959439,-0.0040364866300706586,-0.40059820015481284,-0.10326821679876956
4.12,-0.012879609544469872,0.19194603434178248,-0.8172410607040561,-0.014695649418257234,-0.12381160300584211,-0.3365913120506896
4.121,-0.012879609544469872,0.19194603434178248,0.1827589392959439,-0.00505275639590921,0.3241273638589555,-0.10476211605263683
4.122,-0.012879609544469872,0.19194603434178248,0.1827589392959439,0.014616607832167307,0.32415819254995376,0.2762475450521278
4.123,-0.012879609544469872,0.19194603434178248,0.1827589392959439,0.015987790776009307,-0.12381100186556367,0.2782096379944203
4.124,-0.012879609544469872,-0.8080539656582175,0.1827589392959439,-0.0066425936832399815,-0.40070681720722223,-0.10701213878747823
4.125,-0.012879609544469872,0.19194603434178248,-0.8172410607040561,-0.0231872475559598,-0.12383683377568176,-0.3486680013056288
4.126,-0.012879609544469872,0.19194603434178248,0.1827589392959439,-0.00768652966302996,0.32418741471678875,-0.10846296543260601
4.127,-0.012879609544469872,0.19194603434178248,0.1827589392959439,0.021511424289321308,0.3241976298005104,0.28580110272112885
4.128,-0.012879609544469872,0.19194603434178248,0.1827589392959439,0.022860873439843856,-0.123823854342307,0.28758328006978606
4.129,-0.012879609544469872,-0.8080539656582175,0.1827589392959439,-0.009248438083056768,-0.4007136835025051,-0.11050435181999253
4.13,-0.012879609544469872,0.19194603434178248,-0.8172410607040561,-0.03153670682849193,-0.1238274942691067,-0.35963359301553366
4.131,-0.012879609544469872,0.19194603434178248,0.1827589392959439,-0.010232379386029899,0.32415633229424706,-0.11173105267694339
4.132,-0.012879609544469872,0.19194603434178248,0.1827589392959439,0.028051162068432837,0.32414060215531293,0.29399416687320534
4.133,-0.012879609544469872,0.19194603434178248,0.1827589392959439,0.02926107867127758,-0.12379957388196633,0.29537721618532736
4.134,-0.012879609544469872,-0.8080539656582175,0.1827589392959439,-0.011626261880518008,-0.40059406798309183,-0.1133128462647076
4.135,-0.012879609544469872,0.19194603434178248,-0.8172410607040561,-0.039007347555836555,-0.12377765144773954,-0.3681388562205134
4.136,-0.012879609544469872,0.19194603434178248,0.1827589392959439,-0.012463634822139727,0.32401917908734046,-0.1141663200800272
4.137,-0.012879609544469872,0.19194603434178248,0.1827589392959439,0.033648635074924126,0.3239761714063003,0.29982877662484647
4.138,-0.012879609544469872,0.19194603434178248,0.1827589392959439,0.03460920039419805,-0.1237343023837919,0.3006464161490684
4.139,-0.012879609544469872,-0.8080539656582175,0.1827589392959439,-0.013559487718316793,-0.4003422404779979,-0.11509853836455121
4.14,-0.012879609544469872,0.19194603434178248,-0.8172410607040561,-0.044913811680717966,-0.12368769634771606,-0.37316068107384615
4.141,-0.012879609544469872,0.19194603434178248,0.1827589392959439,-0.014174133134241956,0.3237782578231657,-0.11547672943770379
4.142,-0.012879609544469872,0.19194603434178248,0.1827589392959439,0.037784488869090936,0.323711483469495,0.30260690942228696
4.143,-0.012879609544469872,0.19194603434178248,0.1827589392959439,0.0384061324374757,-0.1236313668104598,0.3027612583126584
4.144,-0.012879609544469872,-0.8080539656582175,0.1827589392959439,-0.0148672631894679,-0.3999764008603138,-0.115647977945883
4.145,-0.012879609544469872,0.19194603434178248,-0.8172410607040561,-0.048700141165592126,-0.12356552027037171,-0.37409710975169624
4.146,-0.012879609544469872,0.19194603434178248,0.1827589392959439,-0.015201838847178987,0.32345608442272145,-0.11550416759119235
4.147,-0.012879609544469872,0.19194603434178248,0.1827589392959439,0.04006680055778766,0.32337395294988686,0.3019888931872346
4.148,-0.012879609544469872,0.19194603434178248,0.1827589392959439,0.04029039960256056,-0.12350203510071468,0.30145641390379974
4.149,-0.012879609544469872,-0.8080539656582175,0.1827589392959439,-0.01542530037593857,-0.39953983930395026,-0.11488830678065863
4.15,-1.0128796095444699,0.19194603434178248,-0.8172410607040561,-0.05000420797874091,-0.12342647577287046,-0.3708037221965762
4.151,-0.012879609544469872,0.19194603434178248,0.1827589392959439,-0.015447743205151823,0.32309495296155566,-0.11423196480766516
4.152,-0.012879609544469872,0.19194603434178248,0.1827589392959439,0.040276675788998205,0.3230099307970107,0.2980033221488254
4.153,-0.012879609544469872,0.19194603434178248,0.1827589392959439,0.04008039734567466,-0.12336484194759328,0.2968311254804336
4.154,-0.012879609544469872,-0.8080539656582175,0.1827589392959439,-0.015180324158419582,-0.39909746050196876,-0.11288373300833872
4.155,-0.012879609544469872,0.19194603434178248,-0.8172410607040561,-0.04870013559913479,-0.12329192089057832,-0.36357075134073685
4.156,-0.012879609544469872,0.19194603434178248,0.1827589392959439,-0.014887572135335175,0.3227526058390873,-0.11177437027181819
4.157,-0.012879609544469872,0.19194603434178248,0.1827589392959439,0.03839391319784898,0.32267951985451554,0.29101077055060764
4.158,-0.012879609544469872,0.19194603434178248,0.1827589392959439,0.037795819244121835,-0.1232433826374463,0.2893045337849489
4.159,-0.012879609544469872,-0.8080539656582175,0.1827589392959439,-0.014156258053823001,-0.3987275714115594,-0.1098154230748275
4.16,-0.012879609544469872,0.19194603434178248,-0.8172410607040561,-0.044913160855266115,-0.1231863836636702,-0.3530486622004626
4.161,-0.012879609544469872,0.19194603434178248,0.1827589392959439,-0.013574750972150575,0.3224942041693537,-0.10835084414474458
4.162,-0.012879609544469872,0.19194603434178248,0.1827589392959439,0.034599379954849345,0.32244789287076653,0.2816299549870807
4.163,-0.012879609544469872,0.19194603434178248,0.1827589392959439,0.033655445738674246,-0.12316275694744167,0.279535806874039
4.164,-0.012879609544469872,-0.8080539656582175,0.1827589392959439,-0.012451351427121771,-0.3985097276385282,-0.1059489277822701
4.165,-0.012879609544469872,0.19194603434178248,0.1827589392959439,-0.039004975815820096,-0.12313365102950191,-0.3401366983457972
4.166,-0.012879609544469872,0.19194603434178248,0.1827589392959439,-0.011634215965357854,0.32238153324253455,-0.1042499821207087
4.167,-0.012879609544469872,0.19194603434178248,0.1827589392959439,0.029253787223756482,0.3223741877596021,0.2706397262284849
4.168,-0.012879609544469872,0.19194603434178248,0.1827589392959439,0.02805156398913942,-0.12314513198586337,0.2683231448052208
4.169,-0.012879609544469872,-0.8080539656582175,0.1827589392959439,-0.010226636289191572,-0.3985103026505781,-0.10159474095688115
4.17,-0.012879609544469872,0.19194603434178248,-0.8172410607040561,-0.03153145893298608,-0.12315233459018649,-0.32585313608262784
4.171,-0.012879609544469872,0.19194603434178248,0.1827589392959439,-0.00924786644337005,0.3224610413489719,-0.09978901825524156
4.172,-0.012879609544469872,0.19194603434178248,0.1827589392959439,0.022855643227279336,0.32249967223962733,0.25887273987067794
4.173,-0.012879609544469872,0.19194603434178248,0.1827589392959439,0.021504350906076306,-0.12320512815266821,0.25649770571511693
4.174,-0.012879609544469872,-0.8080539656582175,0.1827589392959439,-0.007687229230545104,-0.39876811789534017,-0.09706814929443885
4.175,-0.012879609544469872,0.19194603434178248,-0.8172410607040561,-0.0231783074037245,-0.12325164634839238,-0.31120717230900463
4.176,-0.012879609544469872,0.19194603434178248,0.1827589392959439,-0.0066335468386810705,0.3227527618000287,-0.09527502386748889
4.177,-0.012879609544469872,0.19194603434178248,0.1827589392959439,0.01598385966127022,0.3228372546663357,0.24711659765677443
4.178,-0.012879609544469872,0.19194603434178248,0.1827589392959439,0.014602147685231976,-0.12334586522575863,0.24482794002614142
4.179,-0.012879609544469872,-0.8080539656582175,0.1827589392959439,-0.005058906996011518,-0.39928279906803993,-0.09265413034664266
4.18,-0.012879609544469872,0.19194603434178248,0.1827589392959439,-0.014682912655072548,-0.12342818751771258,-0.2970904769056754
4.181,-0.012879609544469872,0.19194603434178248,0.1827589392959439,-0.004020279576912955,0.3232422965770532,-0.09097315600456946
4.182,-0.012879609544469872,0.19194603434178248,0.1827589392959439,0.009232417820841707,0.32336446859481566,0.23603580329665366
4.183,-0.012879609544469872,0.19194603434178248,0.1827589392959439,0.007935321229879668,-0.12355649885726547,0.23394694208450592
4.184,-0.012879609544469872,-0.8080539656582175,0.1827589392959439,-0.002562957482815018,-0.4000084002303764,-0.0885818027468978
4.185,-0.012879609544469872,0.19194603434178248,-0.8172410607040561,-0.006752486134287589,-0.12366448564045389,-0.2842019131365103
4.186,-0.012879609544469872,0.19194603434178248,0.1827589392959439,-0.0016229217742133432,0.323877782469117,-0.0870857740532763
4.187,-0.012879609544469872,0.19194603434178248,0.1827589392959439,0.0031454009412781774,0.3240217245306169,0.22612353898623544
4.188,-0.012879609544469872,0.19194603434178248,0.1827589392959439,0.002032104853557235,-0.12381191647641651,0.2243107977429546
4.189,-0.012879609544469872,-0.8080539656582175,0.1827589392959439,-0.0003924664148349473,-0.40085423112733315,-0.08501106697424826
4.19,-0.012879609544469872,0.19194603434178248,-0.8172410607040561,1.1276921154155478e-05,-0.1239298043680918,-0.2730126102523223
4.191,-0.012879609544469872,0.19194603434178248,0.1827589392959439,0.0003805694778288655,0.3245731180510907,-0.0837442168704793
4.192,-0.012879609544469872,0.19194603434178248,0.1827589392959439,-0.0018395426564483436,0.32471691780653045,0.21768681730124848
4.193,-0.012879609544469872,0.19194603434178248,0.1827589392959439,-0.0026956458805827786,-0.12407495768884362,0.2161903384679713
4.194,-0.012879609544469872,-0.8080539656582175,0.1827589392959439,0.0013070709803490418,-0.4016937869867972,-0.08203192078900573
4.195,-0.012879609544469872,0.19194603434178248,-0.8172410607040561,0.0051718296871861415,-0.124183416842959,-0.26377154831113886
4.196,-0.012879609544469872,0.19194603434178248,0.1827589392959439,0.0018665022423790068,0.3252177743126231,-0.08101286026875072
4.197,-0.012879609544469872,0.19194603434178248,0.1827589392959439,-0.005432570324691547,0.3253364902154425,0.21086291667924126
4.198,-0.012879609544469872,0.19194603434178248,0.1827589392959439,-0.0059903717608852155,-0.12430111699718614,0.20969313764454983
4.199,-0.012879609544469872,-0.8080539656582175,0.1827589392959439,0.002450577176911365,-0.40238135146974213,-0.07967484758641388
4.2,-0.012879609544469872,0.19194603434178248,0.1827589392959439,0.008494874189284178,-0.12438012271629201,-0.25654523953220054
4.201,-0.012879609544469872,0.19194603434178248,0.1827589392959439,0.002775475724589542,0.3256923795722928,-0.07890310968491578
4.202,-0.012879609544469872,0.19194603434178248,0.1827589392959439,-0.007513320793766506,0.32576190962552243,0.205660079059952
4.203,-0.012879609544469872,0.19194603434178248,0.1827589392959439,-0.007766348964892665,-0.12444523800328765,0.20480789554272935
4.204,-0.012879609544469872,-0.8080539656582175,0.1827589392959439,0.003018357099212536,-0.40277442683885356,-0.07792898930216634
4.205,-0.012879609544469872,0.19194603434178248,-0.8172410607040561,0.009959299678962969,-0.12447736449423442,-0.2512799973886277
4.206,-0.012879609544469872,0.19194603434178248,0.1827589392959439,0.003114136236898196,0.32588814290532997,-0.07739353142742383
4.207,-0.012879609544469872,0.19194603434178248,0.1827589392959439,-0.00813111708634159,0.32588944191950897,0.20201199489362204
4.208,-0.012879609544469872,0.19194603434178248,0.1827589392959439,-0.008105628713539944,-0.12446929373328519,0.2014602698855912
4.209,-0.012879609544469872,-0.8080539656582175,0.1827589392959439,0.003052977017525895,-0.4027588824888444,-0.07676378152041197
4.21,-0.012879609544469872,0.19194603434178248,-0.8172410607040561,0.009741911904601198,-0.12444293458216149,-0.24787242756998945
4.211,-0.012879609544469872,0.19194603434178248,0.1827589392959439,0.0029488642260989493,0.3257272596951423,-0.07645159889425322
4.212,-0.012879609544469872,0.19194603434178248,0.1827589392959439,-0.007484812756970857,0.32565024046572766,0.19983411422088246
4.213,-0.012879609544469872,0.19194603434178248,0.1827589392959439,-0.007234055978041823,-0.12435004418998473,0.19956814583559915
4.214,-0.012879609544469872,-0.8080539656582175,0.1827589392959439,0.0026489004447536172,-0.40227284282174985,-0.07614948469886101
4.215,-0.012879609544469872,0.19194603434178248,-0.8172410607040561,0.008179358863622647,-0.12426203080435652,-0.24623351491350226
4.216,-0.012879609544469872,0.19194603434178248,0.1827589392959439,0.0023926549697388484,0.3251809117505369,-0.07605261244212119
4.217,-0.012879609544469872,0.19194603434178248,0.1827589392959439,-0.005886022832088672,0.32502734483359247,0.19907045440538054
4.218,-0.012879609544469872,0.19194603434178248,0.1827589392959439,-0.00548159678243659,-0.12408523430686666,0.19908538258574068
4.219,-0.012879609544469872,-0.8080539656582175,0.1827589392959439,0.0019366302346450494,-0.4013250519994758,-0.0760725954007371
4.22,-0.012879609544469872,0.19194603434178248,0.1827589392959439,0.005713498845645192,-0.12394237046987647,-0.2463339404617325
4.221,-0.012879609544469872,0.19194603434178248,0.1827589392959439,0.0015872979662245057,0.32428146614126446,-0.0761921924320505
4.222,-0.012879609544469872,0.19194603434178248,0.1827589392959439,-0.0037114783648918817,0.3240662822709237,0.1997221243173439
4.223,-0.012879609544469872,0.19194603434178248,0.1827589392959439,-0.0032330599731915243,-0.12369708317405542,0.2000259552997217
4.224,-0.012879609544469872,-0.8080539656582175,0.1827589392959439,0.001063732453045621,-0.40000386704100144,-0.07654333817038796
4.225,-0.012879609544469872,0.19194603434178248,0.1827589392959439,0.00282830769488738,-0.1235162396830553,-0.2482225545913742
4.226,-0.012879609544469872,0.19194603434178248,0.1827589392959439,0.000683471689254157,0.32312604693254005,-0.07689017061923965
4.227,-0.012879609544469872,0.19194603434178248,0.1827589392959439,-0.0013513578296758585,0.322876641115441,0.20185274160850805
4.228,-0.012879609544469872,0.19194603434178248,0.1827589392959439,-0.0008762266982033981,-0.12323212512526903,0.20246456890645298
4.229,-0.012879609544469872,-0.8080539656582175,0.1827589392959439,0.0001753886694956966,-0.398474142886373,-0.07759408964541654
4.23,-0.012879609544469872,0.19194603434178248,-0.8172410607040561,-1.2934777794077896e-05,-0.12303872986930005,-0.25201544844049034
4.231,-0.012879609544469872,0.19194603434178248,0.1827589392959439,-0.00017850771812067092,0.32186976349931273,-0.07818545093762878
4.232,-0.012879609544469872,0.19194603434178248,0.1827589392959439,0.000839437900025355,0.32162317848642574,0.20557055865136759
4.233,-0.012879609544469872,0.19194603434178248,0.1827589392959439,0.0012456903550010436,-0.12275696396089993,0.2065144995282796
4.234,-0.012879609544469872,-0.8080539656582175,0.1827589392959439,-0.0006029820884612495,-0.3969609649033869,-0.07926937476766949
4.235,-0.012879609544469872,0.19194603434178248,-0.8172410607040561,-0.0024220387441442628,-0.12258195550257228,-0.25785882251218806
4.236,-0.012879609544469872,0.19194603434178248,0.1827589392959439,-0.0008848122437805234,0.32070839378615706,-0.08012316763732444
4.237,-0.012879609544469872,0.19194603434178248,0.1827589392959439,0.002580954808244263,0.32050658571476914,0.21099161794207388
4.238,-0.012879609544469872,0.19194603434178248,0.1827589392959439,0.0028713826318328434,-0.12235012709562015,0.21228780244981701
4.239,-0.012879609544469872,-0.8080539656582175,0.1827589392959439,-0.0011789384611007754,-0.39572122841895746,-0.0816096900143846
4.24,-0.012879609544469872,0.19194603434178248,0.1827589392959439,-0.0041254317006270864,-0.12222568171056289,-0.2658738544647868
4.241,-0.012879609544469872,0.19194603434178248,0.1827589392959439,-0.0013592283974543226,0.3198520262390056,-0.08273693503648102
4.242,-0.012879609544469872,0.19194603434178248,0.1827589392959439,0.003694337609153779,0.31973573904306385,0.21819186029201534
4.243,-0.012879609544469872,0.19194603434178248,0.1827589392959439,0.0038445030742552885,-0.12209086408492714,0.2198463685739336
4.244,-0.012879609544469872,-0.8080539656582175,0.1827589392959439,-0.0015006846104675124,-0.3950061547702465,-0.08463257790589686
4.245,-0.012879609544469872,0.19194603434178248,-0.8172410607040561,-0.004984858532927901,-0.1220454214648242,-0.27609517854502014
4.246,-0.012879609544469872,0.19194603434178248,0.1827589392959439,-0.0015682340877845734,0.31949279549453424,-0.08602991447102425
4.247,-0.012879609544469872,0.19194603434178248,0.1827589392959439,0.004112169353480788,0.3194948418762146,0.22715821270745132
4.248,-0.012879609544469872,0.19194603434178248,0.1827589392959439,0.004120628165099612,-0.12204631824565333,0.2291540652141455
4.249,-0.012879609544469872,-0.8080539656582175,0.1827589392959439,-0.0015586610375014783,-0.39501962921056444,-0.08831491027763108
4.25,-0.012879609544469872,0.19194603434178248,-0.8172410607040561,-0.004998170388338581,-0.12209958531126261,-0.2884158574437764
4.251,-0.012879609544469872,0.19194603434178248,0.1827589392959439,-0.0015198929775781774,0.3197711301198457,-0.08995867227917263
4.252,-0.012879609544469872,0.19194603434178248,0.1827589392959439,0.0038730459653524537,0.3199100484454371,0.23774895846066488
4.253,-0.012879609544469872,0.19194603434178248,0.1827589392959439,0.003758665509650487,-0.12225890922528371,0.24004009387493203
4.254,-0.012879609544469872,-0.8080539656582175,0.1827589392959439,-0.0013813986582174311,-0.39587842885631236,-0.09258015624568577
4.255,-0.012879609544469872,0.19194603434178248,-0.8172410607040561,-0.004281947502025159,-0.12241758699874211,-0.3025506779629401
4.256,-0.012879609544469872,0.19194603434178248,0.1827589392959439,-0.001257304138613073,0.3207456271610809,-0.09442333830502221
4.257,-0.012879609544469872,0.19194603434178248,0.1827589392959439,0.003102602476464547,0.3210207206648861,0.24967212597391536
4.258,-0.012879609544469872,0.19194603434178248,0.1827589392959439,0.0028993594411178872,-0.12273591766676761,0.2521817883790721
4.259,-0.012879609544469872,-0.8080539656582175,0.1827589392959439,-0.001026736803098186,-0.3975807352931633,-0.09729355793542051
4.26,-0.012879609544469872,0.19194603434178248,0.1827589392959439,-0.0030400762535026317,-0.12299085643331877,-0.3180264536107793
4.261,-0.012879609544469872,0.19194603434178248,0.1827589392959439,-0.0008480447904867453,0.32237161697327116,-0.09926648866096781
4.262,-0.012879609544469872,0.19194603434178248,0.1827589392959439,0.0019849024979592495,0.32276026766341365,0.2624875229187028
4.263,-0.012879609544469872,0.19194603434178248,0.1827589392959439,0.0017351216049897292,-0.1234431155186265,0.2651117157179744
4.264,-0.012879609544469872,-0.8080539656582175,0.1827589392959439,-0.0005700546534332197,-0.3999886739482954,-0.10226676864296577
4.265,-0.012879609544469872,0.19194603434178248,-0.8172410607040561,-0.0015240072468257837,-0.12376845655437664,-0.3342033384042069
4.266,-0.012879609544469872,0.19194603434178248,0.1827589392959439,-0.0003714816929604892,0.3244926310556875,-0.10428166354864349
4.267,-0.012879609544469872,0.19194603434178248,0.1827589392959439,0.0007291087624610356,0.3249505215802272,0.27563393919986695
4.268,-0.012879609544469872,0.19194603434178248,0.1827589392959439,0.00047625788048292545,-0.12430383735672001,0.2782497218251158
4.269,-0.012879609544469872,-0.8080539656582175,0.1827589392959439,-9.14383361996461e-05,-0.4028290174210586,-0.1072718639797516
4.27,-0.012879609544469872,0.19194603434178248,-0.8172410607040561,8.921476713037055e-06,-0.12465845906976997,-0.3503257628721786
4.271,-0.012879609544469872,0.19194603434178248,0.1827589392959439,9.404348138619144e-05,0.32684740854718697,-0.10923075358856943
4.272,-0.012879609544469872,0.19194603434178248,0.1827589392959439,-0.0004634274624164569,0.3273119097589656,0.2884786568911655
4.273,-0.012879609544469872,0.19194603434178248,0.1827589392959439,-0.0006812938072441894,-0.1252041877039459,0.2909562124586636
4.274,-0.012879609544469872,-0.8080539656582175,0.1827589392959439,0.00033631744121061794,-0.40571381348413676,-0.11206299908098846
4.275,-0.012879609544469872,0.19194603434178248,-0.8172410607040561,0.0013330307798447363,-0.12553546869305515,-0.36559641898953543
4.276,-0.012879609544469872,0.19194603434178248,0.1827589392959439,0.00048232375612525876,0.3290929675496106,-0.11386793272216869
4.277,-0.012879609544469872,0.19194603434178248,0.1827589392959439,-0.0014270606974072142,0.3294895062499107,0.3003824832604915
4.278,-0.012879609544469872,0.19194603434178248,0.1827589392959439,-0.0015823041045376273,-0.12600421826895494,0.30259921434407483
4.279,-0.012879609544469872,-0.8080539656582175,0.1827589392959439,0.0006572685910359894,-0.4081798657803922,-0.11640263137020089
4.28,-0.012879609544469872,0.19194603434178248,-0.8172410607040561,0.0022828244557913796,-0.12625379966075492,-0.37926262097131547
4.281,-0.012879609544469872,0.19194603434178248,0.1827589392959439,0.0007472886763821486,0.3308419161705939,-0.1179666442944921
4.282,-0.012879609544469872,0.19194603434178248,0.1827589392959439,-0.0020512945960888644,0.3310926887207007,0.3107707236072292
4.283,-0.012879609544469872,0.19194603434178248,0.1827589392959439,-0.0021295483441543133,-0.12655400968118483,0.31262525111318096
4.284,-0.012879609544469872,-0.8080539656582175,0.1827589392959439,0.0008383386045661047,-0.4097431134586447,-0.1200883848418913
4.285,-0.012879609544469872,0.19194603434178248,-0.8172410607040561,0.002769385408734389,-0.12666493062454717,-0.39070203656444846
4.286,-0.012879609544469872,0.19194603434178248,0.1827589392959439,0.0008670925373592175,0.3317099314471002,-0.12134555394380257
4.287,-0.012879609544469872,0.19194603434178248,0.1827589392959439,-0.0022899025811300997,0.3317439415553103,0.3191992971418664
4.288,-0.012879609544469872,0.19194603434178248,0.1827589392959439,-0.0022905669242317237,-0.12671279016268797,0.32062320636013014
4.289,-0.012879609544469872,-0.8080539656582175,0.1827589392959439,0.0008713089770171184,-0.4099614641437697,-0.12297643686654987
4.29,-0.012879609544469872,0.19194603434178248,-0.8172410607040561,0.0027836207941237916,-0.12663712983685504,-0.3994945994202315
4.291,-0.012879609544469872,0.19194603434178248,0.1827589392959439,0.0008441440646560598,0.33136754213241687,-0.1238894644491538
4.292,-0.012879609544469872,0.19194603434178248,0.1827589392959439,-0.002159551186492877,0.33113067677184854,0.3254057660789859
4.293,-0.012879609544469872,0.19194603434178248,0.1827589392959439,-0.002094100110324302,-0.12636864646729484,0.32637126784446024
4.294,-0.012879609544469872,-0.8080539656582175,0.1827589392959439,0.0007709336937446421,-0.40849793578653143,-0.12499779149701282
4.295,-0.012879609544469872,0.19194603434178248,-0.8172410607040561,0.0023873733437685695,-0.12607467262885624,-0.40546939769246143
4.296,-0.012879609544469872,0.19194603434178248,0.1827589392959439,0.0007015510081970898,0.32958931230364036,-0.125561926968341
4.297,-0.012879609544469872,0.19194603434178248,0.1827589392959439,-0.0017293165308116883,0.3290530749249311,0.32933729325653716
4.298,-0.012879609544469872,0.19194603434178248,0.1827589392959439,-0.0016179149967569025,-0.1254561300557889,0.3298595916333997
4.299,-0.012879609544469872,-0.8080539656582175,0.1827589392959439,0.0005698833257673067,-0.4051753589572579,-0.1261648812347025
4.3,-0.012879609544469872,0.19194603434178248,-0.8172410607040561,0.0016951095841732887,-0.12493395388843734,-0.408719149487497
4.301,-0.012879609544469872,0.19194603434178248,0.1827589392959439,0.0004769380565690229,0.32629343478082906,-0.12640755513158397
4.302,-0.012879609544469872,0.19194603434178248,0.1827589392959439,-0.001103692024779142,0.3254610532811307,0.3311510894024544
4.303,-0.012879609544469872,0.19194603434178248,0.1827589392959439,-0.0009708437513525542,-0.12396918866927242,0.33128506659024726
4.304,-0.012879609544469872,-0.8080539656582175,0.1827589392959439,0.0003116226648748286,-0.4000145308135274,-0.1265674323470015
4.305,-0.012879609544469872,0.19194603434178248,-0.8172410607040561,0.0008500152189333452,-0.12323406638991745,-0.40957988746473495
4.306,-0.012879609544469872,0.19194603434178248,0.1827589392959439,0.00021488555262931606,0.32156566832648137,-0.1265436421981222
4.307,-0.012879609544469872,0.19194603434178248,0.1827589392959439,-0.00040238365475916526,0.32047458241899573,0.3311871710262323
4.308,-0.012879609544469872,0.19194603434178248,0.1827589392959439,-0.0002724157044450729,-0.1219673597346707,0.33101888058312057
4.309,-0.012879609544469872,-0.8080539656582175,0.1827589392959439,4.252082496159109e-05,-0.39324956127072985,-0.12635819131382933
4.31,-0.012879609544469872,0.19194603434178248,-0.8172410607040561,-1.2457091621028277e-06,-0.12106005073155701,-0.4085788595862232
4.311,-0.012879609544469872,0.19194603434178248,0.1827589392959439,-4.069640836648442e-05,0.3156634011897184,-0.12614233575357744
4.312,-0.012879609544469872,0.19194603434178248,0.1827589392959439,0.0002596827647618898,0.31438357730546446,0.32991752736469737
4.313,-0.012879609544469872,0.19194603434178248,0.1827589392959439,0.0003665453054555423,-0.11957398957217602,0.3295517852886899
4.314,-0.012879609544469872,-0.8080539656582175,0.1827589392959439,-0.00019552758066457304,-0.38531699206897907,-0.12573067127972595
4.315,-0.012879609544469872,0.19194603434178248,-0.8172410607040561,-0.0007311193270750325,-0.11855794702504822,-0.40635853657700977
4.316,-0.012879609544469872,0.19194603434178248,0.1827589392959439,-0.0002530873882964209,0.30899816330352164,-0.1254060713437947
4.317,-0.012879609544469872,0.19194603434178248,0.1827589392959439,0.0007891270388717151,0.3076262277014104,0.3278793989486461
4.318,-0.012879609544469872,0.19194603434178248,0.1827589392959439,0.0008595159613481701,-0.11696628287177414,0.3274253506912546
4.319,-0.012879609544469872,-0.8080539656582175,0.1827589392959439,-0.00037090496955593133,-0.3768187239369071,-0.12489228670216801
4.32,-0.012879609544469872,0.19194603434178248,-0.8172410607040561,-0.0012479643572240362,-0.11592186832055072,-0.4035882171375602
4.321,-0.012879609544469872,0.19194603434178248,0.1827589392959439,-0.0003973085681160546,0.30209779546668863,-0.12453997514432884
4.322,-0.012879609544469872,0.19194603434178248,0.1827589392959439,0.0011254693346730807,0.3007475435800326,0.3256027281591796
4.323,-0.012879609544469872,0.19194603434178248,0.1827589392959439,0.0011541321339024661,-0.1143580964938718,0.3251595559773411
4.324,-0.012879609544469872,-0.8080539656582175,0.1827589392959439,-0.0004657879223670599,-0.36846237413410626,-0.12403691112187
4.325,-0.012879609544469872,0.19194603434178248,-0.8172410607040561,-0.0015051856902068275,-0.11337441775327264,-0.4008764751594152
4.326,-0.012879609544469872,0.19194603434178248,0.1827589392959439,-0.0004622567215844677,0.29555230806623667,-0.1237253592881364
4.327,-0.012879609544469872,0.19194603434178248,0.1827589392959439,0.0012459748939405825,0.29434265959183226,0.323542589543819
4.328,-0.012879609544469872,0.19194603434178248,0.1827589392959439,0.0012354985400557228,-0.11197741173485509,0.3231874664801585
4.329,-0.012879609544469872,-0.8080539656582175,0.1827589392959439,-0.00047710021682059934,-0.3609858896874096,-0.12332091665225886
4.33,-0.012879609544469872,0.19194603434178248,-0.8172410607040561,-0.0015022275042965098,-0.11114272560545348,-0.398697340505627
4.331,-0.012879609544469872,0.19194603434178248,0.1827589392959439,-0.0004504042309329302,0.2899498133589257,-0.12309819292497913
4.332,-0.012879609544469872,0.19194603434178248,0.1827589392959439,0.0011640303696416473,0.2889916630081102,0.3220264449840795
4.333,-0.012879609544469872,0.19194603434178248,0.1827589392959439,0.001123257930942759,-0.11004120010361479,0.3218064529830819
4.334,-0.012879609544469872,-0.8080539656582175,0.1827589392959439,-0.00041505348322642125,-0.3550755867291822,-0.12284613875438816
4.335,-0.012879609544469872,0.19194603434178248,-0.8172410607040561,-0.0012782860394954876,-0.10943304647344612,-0.39734072986339625
4.336,-0.012879609544469872,0.19194603434178248,0.1827589392959439,-0.0003754354904807353,0.2858104424010992,-0.12273558447484752
4.337,-0.012879609544469872,0.19194603434178248,0.1827589392959439,0.0009221049084621525,0.2851940473398696,0.3212235723275974
4.338,-0.012879609544469872,0.19194603434178248,0.1827589392959439,0.0008636752918533447,-0.10873082139455456,0.3211526491483575
4.339,-0.012879609544469872,-0.8080539656582175,0.1827589392959439,-0.00029978975750258015,-0.35128791504856605,-0.12265206283390608
4.34,-0.012879609544469872,0.19194603434178248,-0.8172410607040561,-0.0009006501495791446,-0.10840712767591729,-0.39689365306448426
4.341,-0.012879609544469872,0.19194603434178248,0.1827589392959439,-0.00025847098324912655,0.2835266224610205,-0.12265199935318812
4.342,-0.012879609544469872,0.19194603434178248,0.1827589392959439,0.0005810828189136976,0.28331113717106915,0.32114040486279194
4.343,-0.012879609544469872,0.19194603434178248,0.1827589392959439,0.000518631571737831,-0.1081710914748714,0.32120157530335297
4.344,-0.012879609544469872,0.19194603434178248,0.1827589392959439,-0.0001568837546334315,-0.3499849726107313,-0.12271804026202694
4.345,-0.012879609544469872,0.19194603434178248,-0.8172410607040561,-0.00045020331918380383,-0.1081633910286431,-0.3972537711762192
4.346,-0.012879609544469872,0.19194603434178248,0.1827589392959439,-0.0001236720458581978,0.28331740680437706,-0.12280537789116759
4.347,-0.012879609544469872,0.19194603434178248,0.1827589392959439,0.00020812127153489515,0.283523923878319,0.32164138324637803
4.348,-0.012879609544469872,0.19194603434178248,0.1827589392959439,0.00015368226506809235,-0.10841572382372919,0.32179369564367377
4.349,-0.012879609544469872,-0.8080539656582175,0.1827589392959439,-1.2559678103193778e-05,-0.3512921333787178,-0.12297475209747
4.35,-0.012879609544469872,0.19194603434178248,-0.8172410607040561,-6.767422617439262e-06,-0.10872537816362275,-0.39817177546695487
4.351,-0.012879609544469872,0.19194603434178248,0.1827589392959439,5.985339733616747e-06,0.2852027965358787,-0.12311176141126381
4.352,-0.012879609544469872,0.19194603434178248,0.1827589392959439,-0.00013483515386908507,0.28581180957155017,0.3224909250477702
4.353,-0.012879609544469872,0.19194603434178248,0.1827589392959439,-0.00017278255243655948,-0.10944103943135701,0.322679786727849
4.354,-0.012879609544469872,-0.8080539656582175,0.1827589392959439,0.00011057360259930283,-0.35508332220638145,-0.12332270247141645
4.355,-0.012879609544469872,0.19194603434178248,-0.8172410607040561,0.00036333643621804234,-0.1100389739070588,-0.3993146023837006
4.356,-0.012879609544469872,0.19194603434178248,0.1827589392959439,0.00011211252028676201,0.2890014108374769,-0.12346572682853416
4.357,-0.012879609544469872,0.19194603434178248,0.1827589392959439,-0.0004001167155823536,0.28995504305033387,0.3234088902109134
4.358,-0.012879609544469872,0.19194603434178248,0.1827589392959439,-0.00041767700783707277,-0.1111487653080235,0.3235779888152444
4.359,-0.012879609544469872,-0.8080539656582175,0.1827589392959439,0.0001966413609301717,-0.3609958639794995,-0.12365446500487458
4.36,-0.012879609544469872,0.19194603434178248,-0.8172410607040561,0.0006157920989900826,-0.11197877299612093,-0.40033839245397473
4.361,-0.012879609544469872,0.19194603434178248,0.1827589392959439,0.00018305481571946229,0.2943518072473365,-0.12376307426218541
4.362,-0.012879609544469872,0.19194603434178248,0.1827589392959439,-0.0005598138565503323,0.2955605262194534,0.32412996064268884
4.363,-0.012879609544469872,0.19194603434178248,0.1827589392959439,-0.000557704590294707,-0.11337755270984388,0.3242327483533825
4.364,-0.012879609544469872,-0.8080539656582175,0.1827589392959439,0.00023810833685897415,-0.368472956703538,-0.12387688568821043
4.365,-0.012879609544469872,0.19194603434178248,-0.8172410607040561,0.0007320022346418612,-0.11436275452451031,-0.40095880860735245
4.366,-0.012879609544469872,0.19194603434178248,0.1827589392959439,0.00021461826325471953,0.3007546570977807,-0.12392193544104257
4.367,-0.012879609544469872,0.19194603434178248,0.1827589392959439,-0.0006072639008836618,0.3021076097546697,0.32445694689144006
4.368,-0.012879609544469872,0.19194603434178248,0.1827589392959439,-0.0005899634401153179,-0.11592170931024257,0.32446577955772693
4.369,-0.012879609544469872,-0.8080539656582175,0.1827589392959439,0.00023579595688456585,-0.37682821611453904,-0.12392953736179495
4.37,-0.012879609544469872,0.19194603434178248,-0.8172410607040561,0.0007180580453643645,-0.11697334557479262,-0.4010070251063656
4.371,-0.012879609544469872,0.19194603434178248,0.1827589392959439,0.0002094706666623559,0.3076302784936469,-0.12389880703173149
4.372,-0.012879609544469872,0.19194603434178248,0.1827589392959439,-0.0005548336863346675,0.30900791350363105,0.32429922232253827
4.373,-0.012879609544469872,0.19194603434178248,0.1827589392959439,-0.0005291199666620807,-0.11855471418257012,0.32421066174095675
4.374,-0.012879609544469872,-0.8080539656582175,0.1827589392959439,0.00019751034792739688,-0.3853239178805738,-0.12379639969280794
4.375,-0.012879609544469872,0.19194603434178248,-0.8172410607040561,0.0005997957321534388,-0.11958214256240514,-0.4004622395594358
4.376,-0.012879609544469872,0.19194603434178248,0.1827589392959439,0.0001755192395312668,0.31438409740624534,-0.12369689932263334
4.377,-0.012879609544469872,0.19194603434178248,0.1827589392959439,-0.00042887494742179145,0.31567146003034224,0.3236900523345493
4.378,-0.012879609544469872,0.19194603434178248,0.1827589392959439,-0.0004021139440063339,-0.12105449856471606,0.32352548704511497
4.379,-0.012879609544469872,-0.8080539656582175,0.1827589392959439,0.00013569025685078809,-0.39325291209730384,-0.1235088881096104
4.38,-0.012879609544469872,0.19194603434178248,-0.8172410607040561,0.00041531960220268977,-0.12197512781359919,-0.39945551822700304
4.381,-0.012879609544469872,0.19194603434178248,0.1827589392959439,0.00012369543445525056,0.32047170971562505,-0.12336547893297722
4.382,-0.012879609544469872,0.19194603434178248,0.1827589392959439,-0.0002630937946442547,0.321570735030508,0.32278010801340395
4.383,-0.012879609544469872,0.19194603434178248,0.1827589392959439,-0.00024164494652205006,-0.12322730692927748,0.3225816208067369
4.384,-0.012879609544469872,-0.8080539656582175,0.1827589392959439,6.460171430540954e-05,-0.4000139205034154,-0.12313978786457438
4.385,-0.012879609544469872,0.19194603434178248,-0.8172410607040561,0.00020661844654546588,-0.12397522532539823,-0.3982445167134759
4.386,-0.012879609544469872,0.19194603434178248,0.1827589392959439,6.561434373131737e-05,0.3254554645115778,-0.12299036642904797
4.387,-0.012879609544469872,0.19194603434178248,0.1827589392959439,-9.168466708658812e-05,0.3262947646356504,0.32180836429518916
4.388,-0.012879609544469872,0.19194603434178248,0.1827589392959439,-7.97265087267932e-05,-0.12492721886626354,0.32163055049722694
4.389,-0.012879609544469872,-0.8080539656582175,0.1827589392959439,-2.37919841886402e-06,-0.40517106366965844,-0.12278913699943378
4.39,-0.012879609544469872,0.19194603434178248,-0.8172410607040561,1.1839038399005527e-05,-0.12545947495446302,-0.39716337347150343
4.391,-0.012879609544469872,0.19194603434178248,0.1827589392959439,1.1527031476928047e-05,0.3290458261605376,-0.1226771917310792
4.392,-0.012879609544469872,0.19194603434178248,0.1827589392959439,5.655730711413605e-05,0.3295868381625344,0.32105526652199745
4.393,-0.012879609544469872,0.19194603434178248,0.1827589392959439,5.7595538797574455e-05,-0.12606906695795128,0.3209543652359979
4.394,-0.012879609544469872,-0.8080539656582175,0.1827589392959439,-5.4934812672766375e-05,-0.4084908151022339,-0.12256441198832332
4.395,-0.012879609544469872,0.19194603434178248,-0.8172410607040561,-0.00014054473132538042,-0.12636889802618823,-0.3965561120658659
4.396,-0.012879609544469872,0.19194603434178248,0.1827589392959439,-3.1130625389111525e-05,0.3311229880485676,-0.1225301884119083
4.397,-0.012879609544469872,0.19194603434178248,0.1827589392959439,0.00016226209113126894,0.3313618653329809,0.3207859371266768
4.398,-0.012879609544469872,0.19194603434178248,0.1827589392959439,0.0001536200289480634,-0.12663342845024086,0.32080807763910557
4.399,-0.012879609544469872,-0.8080539656582175,0.1827589392959439,-8.71170788480764e-05,-0.4099527824282724,-0.12255830147130217
4.4,-0.012879609544469872,0.19194603434178248,-0.8172410607040561,-0.00023492891605918236,-0.12671015877535802,-0.3967045938588756
4.401,-0.012879609544469872,0.19194603434178248,0.1827589392959439,-5.8440393906874725e-05,0.33173697102329336,-0.1226300436220109
4.402,-0.012879609544469872,0.19194603434178248,0.1827589392959439,0.00021720991464035412,0.331702185849446,0.32119284996041286
4.403,-0.012879609544469872,0.19194603434178248,0.1827589392959439,0.00020216142933687176,-0.1266634592509201,0.3213633724776269
4.404,-0.012879609544469872,-0.8080539656582175,0.1827589392959439,-9.768271551100594e-05,-0.409734298715883,-0.1228277677890905
4.405,-0.012879609544469872,0.19194603434178248,-0.8172410607040561,-0.00026897137689772056,-0.12654924296942652,-0.397763035366338
4.406,-0.012879609544469872,0.19194603434178248,0.1827589392959439,-6.995930681349673e-05,0.3310873407298397,-0.12301450566962513
4.407,-0.012879609544469872,0.19194603434178248,0.1827589392959439,0.00022378461412506733,0.330833534484329,0.3223475837960425
4.408,-0.012879609544469872,0.19194603434178248,0.1827589392959439,0.0002066482141558105,-0.1262544201206598,0.3226632469421121
4.409,-0.012879609544469872,-0.8080539656582175,0.1827589392959439,-8.952328286742065e-05,-0.4081722537860638,-0.1233779354751751
4.41,-0.012879609544469872,0.19194603434178248,-0.8172410607040561,-0.0002515319131528526,-0.12599841730821898,-0.39971021496217146
4.411,-0.012879609544469872,0.19194603434178248,0.1827589392959439,-6.806845934642022e-05,0.32948630781548083,-0.12366506413711349
4.412,-0.012879609544469872,0.19194603434178248,0.1827589392959439,0.00019258850912554524,0.3290853985487613,0.3241699670218695
4.413,-0.012879609544469872,0.19194603434178248,0.1827589392959439,0.0001776351964440006,-0.12553766540420788,0.3245954297738844
4.414,-0.012879609544469872,-0.8080539656582175,0.1827589392959439,-6.841709114713946e-05,-0.40570842590777645,-0.12415364105371644
4.415,-0.012879609544469872,0.19194603434178248,-0.8172410607040561,-0.00019890824262509843,-0.12519855646108638,-0.4023278967214745
4.416,-0.012879609544469872,0.19194603434178248,0.1827589392959439,-5.6936735583370404e-05,0.3273109733533713,-0.12450212250547041
4.417,-0.012879609544469872,0.19194603434178248,0.1827589392959439,0.0001389284949084771,0.3268418430979725,0.3264203544864318
4.418,-0.012879609544469872,0.19194603434178248,0.1827589392959439,0.0001294346542530867,-0.12466150103295555,0.3268896843258127
4.419,-0.012879609544469872,-0.8080539656582175,0.1827589392959439,-4.142718778802566e-05,-0.4028264139575907,-0.12504034122491672
4.42,-0.012879609544469872,0.19194603434178248,-0.8172410607040561,-0.00013032328939797393,-0.12429942150128165,-0.40521010292329357
4.421,-0.012879609544469872,0.19194603434178248,0.1827589392959439,-4.135692518324908e-05,0.3249515929449143,-0.12538982003388485
4.422,-0.012879609544469872,0.19194603434178248,0.1827589392959439,7.899570305048328e-05,0.3244897921277268,0.3287173328789883
4.423,-0.012879609544469872,0.19194603434178248,0.1827589392959439,7.663164404710108e-05,-0.12377159312773531,0.32914054182919444
4.424,-0.012879609544469872,-0.8080539656582175,0.1827589392959439,-1.5296525280032193e-05,-0.3999889021337171,-0.1258746808716267
4.425,-0.012879609544469872,0.19194603434178248,-0.8172410607040561,-6.362523189598851e-05,-0.1234405882520436,-0.4078032643388169
4.426,-0.012879609544469872,0.19194603434178248,0.1827589392959439,-2.5692956651375647e-05,0.322762839536985,-0.12615021948581154
4.427,-0.012879609544469872,0.19194603434178248,0.1827589392959439,2.6508183298147593e-05,0.3223716545312837,0.3305793526033127
4.428,-0.012879609544469872,0.19194603434178248,0.1827589392959439,3.1160282947571026e-05,-0.1229934991539123,0.3308532102743635
4.429,-0.012879609544469872,-0.8080539656582175,0.1827589392959439,4.850153354896809e-06,-0.3975833811438764,-0.12646357708493658
4.43,-0.012879609544469872,0.19194603434178248,-0.8172410607040561,-1.1988770002804364e-05,-0.12273545892251235,-0.40947265440709785
4.431,-0.012879609544469872,0.19194603434178248,0.1827589392959439,-1.3116884684436275e-05,0.32102418071720173,-0.12658517377223508
4.432,-0.012879609544469872,0.19194603434178248,0.1827589392959439,-9.603878247995283e-06,0.32074813604995484,0.3314851929666263
4.433,-0.012879609544469872,0.19194603434178248,0.1827589392959439,4.1488903940555645e-07,-0.12241943476783183,0.33150692048000424
4.434,-0.012879609544469872,-0.8080539656582175,0.1827589392959439,1.6283707773955716e-05,-0.3958827510162261,-0.12660939236136462
4.435,-0.012879609544469872,0.19194603434178248,-0.8172410607040561,1.7892688385785163e-05,-0.12226020301776647,-0.4095865441359797
4.436,-0.012879609544469872,0.19194603434178248,0.1827589392959439,-5.230092833905077e-06,0.31991382477800473,-0.12650302149192935
4.437,-0.012879609544469872,0.19194603434178248,0.1827589392959439,-2.616709680787146e-05,0.3197752826046532,0.3309453029253888
4.438,-0.012879609544469872,0.19194603434178248,0.1827589392959439,-1.3395379338483593e-05,-0.12210066509758878,0.33062730545954244
4.439,-0.012879609544469872,-0.8080539656582175,0.1827589392959439,1.8839584821682404e-05,-0.3950247431058489,-0.1261378330533207
4.44,-0.012879609544469872,0.19194603434178248,-0.8172410607040561,2.598812453190698e-05,-0.12204866587715069,-0.4076067645116417
4.441,-0.012879609544469872,0.19194603434178248,0.1827589392959439,-2.074287216784938e-06,0.3194985129331031,-0.1257465034118879
4.442,-0.012879609544469872,0.19194603434178248,0.1827589392959439,-2.538566189008012e-05,0.3194975556629958,0.32857432496744887
4.443,-0.012879609544469872,0.19194603434178248,0.1827589392959439,-1.270987035563719e-05,-0.12204603776810058,0.32785793486082715
4.444,-0.012879609544469872,-0.8080539656582175,0.1827589392959439,1.4520887679924925e-05,-0.3950112246130753,-0.12492474815747506
4.445,-0.012879609544469872,0.19194603434178248,-0.8172410607040561,1.768339478677276e-05,-0.12209338440765874,-0.40317321075914825
4.446,-0.012879609544469872,0.19194603434178248,0.1827589392959439,-2.4617977001298425e-06,0.31973908555294134,-0.12421804234166708
4.447,-0.012879609544469872,0.19194603434178248,0.1827589392959439,-1.3377623639643562e-05,0.3198563962961042,0.3241547381847136
4.448,-0.012879609544469872,0.19194603434178248,0.1827589392959439,-3.182537680537924e-06,-0.12222629043596864,0.32302103796956166
4.449,-0.012879609544469872,-0.8080539656582175,0.1827589392959439,6.6867358469197224e-06,-0.39572562542122763,-0.12291807814090891
4.45,-0.012879609544469872,0.19194603434178248,-0.8172410607040561,1.565316568162236e-06,-0.12235199504724377,-0.39617041141270576
4.451,-0.012879609544469872,0.19194603434178248,0.1827589392959439,-4.504064483491331e-06,0.3205095776668458,-0.12189881660406421
4.452,-0.012879609544469872,0.19194603434178248,0.1827589392959439,1.925682825704755e-06,0.32071163612048187,0.31768258376709874
4.453,-0.012879609544469872,0.19194603434178248,0.1827589392959439,8.224918990176674e-06,-0.12258299641393966,0.31615874188566556
4.454,-0.012879609544469872,-0.8080539656582175,0.1827589392959439,-9.547398429665267e-07,-0.3969643594749088,-0.1201517966599497
4.455,-0.012879609544469872,0.19194603434178248,-0.8172410607040561,-1.3172150601745825e-05,-0.12275762971739279,-0.3867665110452049
4.456,-0.012879609544469872,0.19194603434178248,0.1827589392959439,-6.197879286230488e-06,0.32162590650192513,-0.11885883564036968
4.457,-0.012879609544469872,0.19194603434178248,0.1827589392959439,1.2994288999290071e-05,0.3218715486700738,0.3093885017767442
4.458,-0.012879609544469872,0.19194603434178248,0.1827589392959439,1.5159588863693914e-05,-0.12304046209837924,0.3075486294249221
4.459,-0.012879609544469872,-0.8080539656582175,0.1827589392959439,-5.311597830522634e-06,-0.39847651474421675,-0.11674971112835705
4.46,-0.012879609544469872,0.19194603434178248,-0.8172410607040561,-1.9103601106070755e-05,-0.12323146057219307,-0.3754185509418981
4.461,-0.012879609544469872,0.19194603434178248,0.1827589392959439,-5.939976242433312e-06,0.3228792151539066,-0.11525638194448387
4.462,-0.012879609544469872,0.19194603434178248,0.1827589392959439,1.4542425398834755e-05,0.32312649511059366,0.29973048544360675
4.463,-0.012879609544469872,0.19194603434178248,0.1827589392959439,1.3397461421536993e-05,-0.12351862443556343,0.2976907298203661
4.464,-0.012879609544469872,-0.8080539656582175,0.1827589392959439,-4.626012335419584e-06,-0.4000054364760588,-0.11291829592947535
4.465,-0.012879609544469872,0.19194603434178248,-0.8172410607040561,-1.2249056746668612e-05,-0.1236954191570228,-0.36284227888485443
4.466,-0.012879609544469872,0.19194603434178248,0.1827589392959439,-2.875188428034538e-06,0.32406872834788214,-0.11132655480518022
4.467,-0.012879609544469872,0.19194603434178248,0.1827589392959439,4.643947015706847e-06,0.3242810742776022,0.28935840642489286
4.468,-0.012879609544469872,0.19194603434178248,0.1827589392959439,1.692021599391301e-06,-0.12394503408437248,0.2872667370830286
4.469,-0.012879609544469872,-0.8080539656582175,0.1827589392959439,1.1897144273528372e-06,-0.40132615379650166,-0.10892914487171057
4.47,-0.012879609544469872,0.19194603434178248,-0.8172410607040561,7.229875039769335e-06,-0.12408327763990518,-0.34994928369207307
4.471,-0.012879609544469872,0.19194603434178248,0.1827589392959439,2.9687485207359415e-06,0.32502953062392353,-0.10736005204308442
4.472,-0.012879609544469872,0.19194603434178248,0.1827589392959439,-1.5046480223771318e-05,0.3251803854060967,0.2790539889315105
4.473,-0.012879609544469872,0.19194603434178248,0.1827589392959439,-1.8153072740267464e-05,-0.12426432213853147,0.27707581164237854
4.474,-0.012879609544469872,-0.8080539656582175,0.1827589392959439,1.0641041786092676e-05,-0.4022737775034196,-0.1050929586442388
4.475,-0.012879609544469872,0.19194603434178248,-0.8172410607040561,3.536213823021145e-05,-0.12434869198440454,-0.33775842663905137
4.476,-0.012879609544469872,0.19194603434178248,0.1827589392959439,1.0756956740318775e-05,0.3256518533438646,-0.10367457139654747
4.477,-0.012879609544469872,0.19194603434178248,0.1827589392959439,-3.9929161159177715e-05,0.32572729109404114,0.2696530374109905
4.478,-0.012879609544469872,0.19194603434178248,0.1827589392959439,-4.191934796144255e-05,-0.124444067690148,0.2679542971317202
4.479,-0.012879609544469872,-0.8080539656582175,0.1827589392959439,2.1110863947016578e-05,-0.4027597847286744,-0.10172805667897285
4.48,-0.012879609544469872,0.19194603434178248,0.1827589392959439,6.555551380814962e-05,-0.12446938775979279,-0.32729179433232514
4.481,-0.012879609544469872,0.19194603434178248,0.1827589392959439,1.9089443975630392e-05,0.32589002985759896,-0.10058214482430494
4.482,-0.012879609544469872,0.19194603434178248,0.1827589392959439,-6.373758087887764e-05,0.3258891901970271,0.26195895659843893
4.483,-0.012879609544469872,0.19194603434178248,0.1827589392959439,-6.410940926574604e-05,-0.12447661602891871,0.26068870329638527
4.484,-0.012879609544469872,-0.8080539656582175,0.1827589392959439,2.9562526656180766e-05,-0.402775186853889,-0.09912708785694628
4.485,-0.012879609544469872,0.19194603434178248,-0.8172410607040561,9.030607828439638e-05,-0.12444731765293257,-0.3194673271691011
4.486,-0.012879609544469872,0.19194603434178248,0.1827589392959439,2.6338676169399095e-05,0.3257609794536251,-0.0983562239143268
4.487,-0.012879609544469872,0.19194603434178248,0.1827589392959439,-8.012720758275646e-05,0.3256945032694798,0.2566576775076422
4.488,-0.012879609544469872,0.19194603434178248,0.1827589392959439,-7.929312420315299e-05,-0.12437703850232079,0.2559321310379866
4.489,-0.012879609544469872,-0.8080539656582175,0.1827589392959439,3.33135879060954e-05,-0.40238161274799045,-0.09752583223738963
4.49,-0.012879609544469872,0.19194603434178248,-0.8172410607040561,0.00010301497020048386,-0.12430523206701205,-0.3150006684853347
4.491,-0.012879609544469872,0.19194603434178248,0.1827589392959439,3.100344497835529e-05,0.3253336426972468,-0.097202358391587
4.492,-0.012879609544469872,0.19194603434178248,0.1827589392959439,-8.420413821017369e-05,0.32522057486988004,0.25424390880079295
4.493,-0.012879609544469872,0.19194603434178248,0.1827589392959439,-8.335841981433221e-05,-0.12417797727686608,0.2541338698885714
4.494,-0.012879609544469872,-0.8080539656582175,0.1827589392959439,3.070270505641168e-05,-0.40169302546797975,-0.09707771990788813
4.495,-0.012879609544469872,0.19194603434178248,-0.8172410607040561,9.951156764480295e-05,-0.12408059068096264,-0.3143276188175887
4.496,-0.012879609544469872,0.19194603434178248,0.1827589392959439,3.2007964953715464e-05,0.32471198828116893,-0.09723586075712894
4.497,-0.012879609544469872,0.19194603434178248,0.1827589392959439,-7.366357836990316e-05,0.3245757959094112,0.25496722453187926
4.498,-0.012879609544469872,0.19194603434178248,0.1827589392959439,-7.440902630345191e-05,-0.12392250511595365,0.25549026790209917
4.499,-0.012879609544469872,-0.8080539656582175,0.1827589392959439,2.1504778970554662e-05,-0.4008519009013174,-0.0978369880696071
4.5,-0.012879609544469872,0.19194603434178248,-0.8172410607040561,7.89760021338824e-05,-0.12381804054891354,-0.31755604951696165
4.501,-0.012879609544469872,0.19194603434178248,0.1827589392959439,2.8895709391353633e-05,0.3240148940596412,-0.09846899561758386
4.502,-0.012879609544469872,0.19194603434178248,0.1827589392959439,-4.931384721139649e-05,0.3238793134073573,0.2588040808940744
4.503,-0.012879609544469872,0.19194603434178248,0.1827589392959439,-5.3146936585676e-05,-0.12365630731474346,0.25992238986476285
4.504,-0.012879609544469872,-0.8080539656582175,0.1827589392959439,7.011032416314527e-06,-0.4000041134052642,-0.09975235151328435
4.505,-0.012879609544469872,0.19194603434178248,0.1827589392959439,4.410255534168459e-05,-0.12356176696980038,-0.32445257594183574
4.506,-0.012879609544469872,0.19194603434178248,0.1827589392959439,2.1894388143551677e-05,0.32335631467868164,-0.10080908737514467
4.507,-0.012879609544469872,0.19194603434178248,0.1827589392959439,-1.4905741854910566e-05,0.32324168714016466,0.26545874827950044
4.508,-0.012879609544469872,0.19194603434178248,0.1827589392959439,-2.269646720452844e-05,-0.12342045202988006,0.26708278212045855
4.509,-0.012879609544469872,-0.8080539656582175,0.1827589392959439,-1.023329463806473e-05,-0.3992764966993026,-0.10267181112580706
4.51,-0.012879609544469872,0.19194603434178248,-0.8172410607040561,5.142626403618015e-07,-0.12334889509787164,-0.33446517179828533
4.511,-0.012879609544469872,0.19194603434178248,0.1827589392959439,1.1855401132235988e-05,0.3228287219677119,-0.10406765126998724
4.512,-0.012879609544469872,0.19194603434178248,0.1827589392959439,2.3662473502616807e-05,0.32274932829995556,0.27439274539616887
4.513,-0.012879609544469872,0.19194603434178248,0.1827589392959439,1.2056438799651573e-05,-0.1232457832316767,0.27639025432848674
4.514,-0.012879609544469872,-0.8080539656582175,0.1827589392959439,-2.6967018643166696e-05,-0.39876018744573666,-0.10635792650650071
4.515,-0.012879609544469872,0.19194603434178248,-0.8172410607040561,-4.440766429101039e-05,-0.12320482340975404,-0.34677873458288877
4.516,-0.012879609544469872,0.19194603434178248,0.1827589392959439,9.290063936421048e-08,0.32249196008516084,-0.10797937925626663
4.517,-0.012879609544469872,0.19194603434178248,0.1827589392959439,5.956846753994914e-05,0.3224546465640054,0.2848790858144205
4.518,-0.012879609544469872,0.19194603434178248,0.1827589392959439,4.544461183936322e-05,-0.12314960205757222,0.2870883846807127
4.519,-0.012879609544469872,-0.8080539656582175,0.1827589392959439,-3.9903650514039656e-05,-0.39850160611744906,-0.11051168903287642
4.52,-0.012879609544469872,0.19194603434178248,-0.8172410607040561,-8.300770501106878e-05,-0.1231409680552224,-0.3603968879400204
4.521,-0.012879609544469872,0.19194603434178248,0.1827589392959439,-1.1838916384399418e-05,0.32236856908450445,-0.11222870555360567
4.522,-0.012879609544469872,0.19194603434178248,0.1827589392959439,8.644439047033372e-05,0.3223727201332455,0.29607488157008444
4.523,-0.012879609544469872,0.19194603434178248,0.1827589392959439,7.210432959644718e-05,-0.12313486893965783,0.29832083157488504
4.524,-0.012879609544469872,-0.8080539656582175,0.1827589392959439,-4.6423109153354106e-05,-0.39850152183079096,-0.1148021893473343
4.525,-0.012879609544469872,0.19194603434178248,-0.8172410607040561,-0.00010883610617798248,-0.12315496404954478,-0.3742404603581002
4.526,-0.012879609544469872,0.19194603434178248,0.1827589392959439,-2.2387389002818914e-05,0.32244549492227864,-0.11648086375496308
4.527,-0.012879609544469872,0.19194603434178248,0.1827589392959439,9.96208591609645e-05,0.32248418522000416,0.3071039072512201
4.528,-0.012879609544469872,0.19194603434178248,0.1827589392959439,8.794555915308176e-05,-0.12319173586953411,0.3092147863490588
4.529,-0.012879609544469872,-0.8080539656582175,0.1827589392959439,-4.511767573552717e-05,-0.39872132454272,-0.11889868294867272
4.53,-0.012879609544469872,0.19194603434178248,-0.8172410607040561,-0.00011782999810469793,-0.12323297739013638,-0.3872514235398939
4.531,-0.012879609544469872,0.19194603434178248,0.1827589392959439,-3.0222767557169973e-05,0.32268110699119235,-0.12041391615788827
4.532,-0.012879609544469872,0.19194603434178248,0.1827589392959439,9.699020958123116e-05,0.3227430964206199,0.3171398180170242
4.533,-0.012879609544469872,0.19194603434178248,0.1827589392959439,9.082906294795229e-05,-0.12330087220450037,0.31896321094636104
4.534,-0.012879609544469872,-0.8080539656582175,0.1827589392959439,-3.608058931024663e-05,-0.39909459265749647,-0.12250147937847657
4.535,-0.012879609544469872,0.19194603434178248,-0.8172410607040561,-0.00010897973518044266,-0.12335349002460398,-0.39849077102069647
4.536,-0.012879609544469872,0.19194603434178248,0.1827589392959439,-3.440974087766389e-05,0.32301573185142857,-0.1237482270980589
4.537,-0.012879609544469872,0.19194603434178248,0.1827589392959439,7.933362602330938e-05,0.3230878713235309,0.3254809157583602
4.538,-0.012879609544469872,0.19194603434178248,0.1827589392959439,8.084298497534328e-05,-0.12343782632021347,0.3268969244719982
4.539,-0.012879609544469872,-0.8080539656582175,0.1827589392959439,-2.088293970439512e-05,-0.39954143345416415,-0.12536832440245013
4.54,-0.012879609544469872,0.19194603434178248,-0.8172410607040561,-8.438112014381663e-05,-0.12349176368231621,-0.40721986817933137
4.541,-0.012879609544469872,0.19194603434178248,0.1827589392959439,-3.45115294918461e-05,0.3233835692169314,-0.12627025555012988
4.542,-0.012879609544469872,0.19194603434178248,0.1827589392959439,5.007336081444194e-05,0.32345317224343945,0.3316086166297953
4.543,-0.012879609544469872,0.19194603434178248,0.1827589392959439,6.0157245019262394e-05,-0.12357759194272341,0.33253905550988055
4.544,-0.012879609544469872,-0.8080539656582175,0.1827589392959439,-2.2510396376364803e-06,-0.39998294161601233,-0.12733357107818222
4.545,-0.012879609544469872,0.19194603434178248,-0.8172410607040561,-4.8701720302453534e-05,-0.12362417943491288,-0.4129570507747765
4.546,-0.012879609544469872,0.19194603434178248,0.1827589392959439,-3.062090886726281e-05,0.3237238995527092,-0.12784830030723893
4.547,-0.012879609544469872,0.19194603434178248,0.1827589392959439,1.452851791321765e-05,0.3237806966683313,0.33522391589159867
4.548,-0.012879609544469872,0.19194603434178248,0.1827589392959439,3.2516098023743546e-05,-0.12369861835779494,0.33563666624164284
4.549,-0.012879609544469872,-0.8080539656582175,0.1827589392959439,1.6481897275446204e-05,-0.4003534370262805,-0.128318361508581
4.55,-0.012879609544469872,0.19194603434178248,-0.8172410607040561,-8.201938441254534e-06,-0.12373177270769728,-0.4155043969389515
4.551,-0.012879609544469872,0.19194603434178248,0.1827589392959439,-2.3322463426155555e-05,0.32398987254701106,-0.12843884579510864
4.552,-0.012879609544469872,0.19194603434178248,0.1827589392959439,-2.1152849706787574e-05,0.3240272844730933,0.3362588986428114
4.553,-0.012879609544469872,0.19194603434178248,0.1827589392959439,2.4920131390448656e-06,-0.12378569062573302,0.33616718997305595
4.554,-0.012879609544469872,-0.8080539656582175,0.1827589392959439,3.203177268101654e-05,-0.40060880512884317,-0.1283311500562049
4.555,-0.012879609544469872,0.19194603434178248,-0.8172410607040561,3.0472214079810545e-05,-0.1238025031600265,-0.4149432542125364
4.556,-0.012879609544469872,0.19194603434178248,0.1827589392959439,-1.3597428907514457e-05,0.3241537819207831,-0.1280833020665569
4.557,-0.012879609544469872,0.19194603434178248,0.1827589392959439,-5.115875604942665e-05,0.3241693961755626,0.3348633677475115
4.558,-0.012879609544469872,0.19194603434178248,0.1827589392959439,-2.5342640096605805e-05,-0.1238313654490447,0.3343203571014872
4.559,-0.012879609544469872,-0.8080539656582175,0.1827589392959439,4.179110974798869e-05,-0.40073012242507644,-0.127459055121334
4.56,-0.012879609544469872,0.19194603434178248,-0.8172410607040561,6.147979871363036e-05,-0.12383206773471625,-0.4116008227737437
4.561,-0.012879609544469872,0.19194603434178248,0.1827589392959439,-2.686720435171784e-06,0.32420845500004086,-0.1268960694850013
4.562,-0.012879609544469872,0.19194603434178248,0.1827589392959439,-7.104367162477002e-05,0.32420374059730306,0.3313695867449219
4.563,-0.012879609544469872,0.19194603434178248,0.1827589392959439,-4.716920006196227e-05,-0.12383592879689569,0.33045914919003544
4.564,-0.012879609544469872,-0.8080539656582175,0.1827589392959439,4.430241789843919e-05,-0.40072263947329717,-0.12585159088777959
4.565,-0.012879609544469872,0.19194603434178248,-0.8172410607040561,8.073638849024817e-05,-0.12382333241556132,-0.405993431018486
4.566,-0.012879609544469872,0.19194603434178248,0.1827589392959439,8.07019094395595e-06,0.32416508131482186,-0.12504585050416353
4.567,-0.012879609544469872,0.19194603434178248,0.1827589392959439,-7.843392564953468e-05,0.32414450125592076,0.32624061516263025
4.568,-0.012879609544469872,0.19194603434178248,0.1827589392959439,-6.047394039309753e-05,-0.12380609300432766,0.3250656739953121
4.569,-0.012879609544469872,-0.8080539656582175,0.1827589392959439,3.9487879766220245e-05,-0.4006109601071238,-0.12369917568235679
4.57,-0.012879609544469872,0.19194603434178248,-0.8172410607040561,8.646736879427417e-05,-0.12378467882258487,-0.39875469256457746
4.571,-0.012879609544469872,0.19194603434178248,0.1827589392959439,1.7402220309769987e-05,0.3240483582911266,-0.12273285970014179
4.572,-0.012879609544469872,0.19194603434178248,0.1827589392959439,-7.32943530863629e-05,0.32401812092744375,0.3200094518620726
4.573,-0.012879609544469872,0.19194603434178248,0.1827589392959439,-6.431942020199328e-05,-0.12375283429359003,0.31867941693976776
4.574,-0.012879609544469872,-0.8080539656582175,0.1827589392959439,2.8599019598070493e-05,-0.40043178237044824,-0.12120933978092496
4.575,-0.012879609544469872,0.19194603434178248,-0.8172410607040561,7.92937136643139e-05,-0.12372770367959729,-0.3905582031132199
4.576,-0.012879609544469872,0.19194603434178248,0.1827589392959439,2.426128989866809e-05,0.32389016585214975,-0.12016496295298852
4.577,-0.012879609544469872,0.19194603434178248,0.1827589392959439,-5.773654442287462e-05,0.32385688484130154,0.31321699484360244
4.578,-0.012879609544469872,0.19194603434178248,0.1827589392959439,-5.9317803275794414e-05,-0.12368886303269346,0.3118359139880862
4.579,-0.012879609544469872,-0.8080539656582175,0.1827589392959439,1.3908643774161983e-05,-0.4002257918739229,-0.11858370151726373
4.58,-0.012879609544469872,0.19194603434178248,-0.8172410607040561,6.18763380964018e-05,-0.12366475754878106,-0.38204465206231686
4.581,-0.012879609544469872,0.19194603434178248,0.1827589392959439,2.7947467517083066e-05,0.3237230641286054,-0.11753576414294985
4.582,-0.012879609544469872,0.19194603434178248,0.1827589392959439,-3.544065254680086e-05,0.3236925739833829,0.3063565847850198
4.583,-0.012879609544469872,0.19194603434178248,0.1827589392959439,-4.7344229113219505e-05,-0.12362621361965284,0.3050134435891186
4.584,-0.012879609544469872,-0.8080539656582175,0.1827589392959439,-1.780959248384222e-06,-0.4000302192861041,-0.11599853187538732
4.585,-0.012879609544469872,0.19194603434178248,-0.8172410607040561,3.82273103433094e-05,-0.12360676715358701,-0.3737621718908729
4.586,-0.012879609544469872,0.19194603434178248,0.1827589392959439,2.8189571898489673e-05,0.3235747555692346,-0.11500725799381523
4.587,-0.012879609544469872,0.19194603434178248,0.1827589392959439,-1.0833535645641167e-05,0.32355126612331575,0.2998316636805029
4.588,-0.012879609544469872,0.19194603434178248,0.1827589392959439,-3.107114936035897e-05,-0.12357435125014252,0.29859391623896203
4.589,-0.012879609544469872,-0.8080539656582175,0.1827589392959439,-1.5705290493650954e-05,-0.3998732415251964,-0.11359111893813513
4.59,-0.012879609544469872,0.19194603434178248,-0.8172410607040561,1.2850051132933481e-05,-0.12356167172999187,-0.3661265711916886
4.591,-0.012879609544469872,0.19194603434178248,0.1827589392959439,2.516998195549319e-05,0.32346432023745325,-0.11269893446289417
4.592,-0.012879609544469872,0.19194603434178248,0.1827589392959439,1.179678354603697e-05,0.32345000536476354,0.29393101397997057
4.593,-0.012879609544469872,0.19194603434178248,0.1827589392959439,-1.3427416408316127e-05,-0.12353904506833661,0.2928419375517234
4.594,-0.012879609544469872,-0.8080539656582175,0.1827589392959439,-2.5661716059537047e-05,-0.3997709109297276,-0.11145325512960565
4.595,-0.012879609544469872,0.19194603434178248,-0.8172410607040561,-1.0112001027928896e-05,-0.12353364732531383,-0.35940508240172486
4.596,-0.012879609544469872,0.19194603434178248,0.1827589392959439,1.948823895436546e-05,0.32340060221676425,-0.11068425019011904
4.597,-0.012879609544469872,0.19194603434178248,0.1827589392959439,2.9071982627566636e-05,0.3233956249895059,0.28882342047892995
4.598,-0.012879609544469872,0.19194603434178248,0.1827589392959439,2.9131365733137856e-06,-0.12352208481421258,0.2879033257591949
4.599,-0.012879609544469872,-0.8080539656582175,0.1827589392959439,-3.0386404063804893e-05,-0.3997267470060091,-0.10963211974260621
4.6,-0.012879609544469872,0.19194603434178248,-0.8172410607040561,-2.7558128317162915e-05,-0.12352312715072457,-0.35372380278266913
4.601,-0.012879609544469872,0.19194603434178248,0.1827589392959439,1.2065842674616928e-05,0.32338268531291625,-0.10899430500127949
4.602,-0.012879609544469872,0.19194603434178248,0.1827589392959439,3.903868777283953e-05,0.3233855813153919,0.2845707666457955
4.603,-0.012879609544469872,0.19194603434178248,0.1827589392959439,1.5927390017487875e-05,-0.1235217551677219,0.2838215377649119
4.604,-0.012879609544469872,-0.8080539656582175,0.1827589392959439,-2.971595289580702e-05,-0.3997336271350449,-0.10813775770534004
4.605,-0.012879609544469872,0.19194603434178248,0.1827589392959439,-3.783328790634121e-05,-0.12352748203964052,-0.34909558197655716
4.606,-0.012879609544469872,0.19194603434178248,0.1827589392959439,4.003615032419022e-06,0.3234020282879699,-0.10762752201345646
4.607,-0.012879609544469872,0.19194603434178248,0.1827589392959439,4.135026854619406e-05,0.32341031438147266,0.28115592332458145
4.608,-0.012879609544469872,0.19194603434178248,0.1827589392959439,2.4468759259049814e-05,-0.12353385699199616,0.2805678847156478
4.609,-0.012879609544469872,-0.8080539656582175,0.1827589392959439,-2.4514001243051512e-05,-0.3997772498987975,-0.10695540969007433
4.61,-0.012879609544469872,0.19194603434178248,-0.8172410607040561,-4.080623871170236e-05,-0.12354212612850876,-0.34546218316989935
4.611,-0.012879609544469872,0.19194603434178248,0.1827589392959439,-3.5883355030699647e-06,0.3234455917395856,-0.106563272458888
4.612,-0.012879609544469872,0.19194603434178248,0.1827589392959439,3.711144082537785e-05,0.3234564460487885,0.2785196804015371
4.613,-0.012879609544469872,0.19194603434178248,0.1827589392959439,2.8306935171660477e-05,-0.12355299576279728,0.2780794591937098
4.614,-0.012879609544469872,-0.8080539656582175,0.1827589392959439,-1.6393515128891607e-05,-0.3998402666181279,-0.10606026197267689
4.615,-0.012879609544469872,0.19194603434178248,-0.8172410607040561,-3.764639859222652e-05,-0.12356177129720528,-0.34274253365885576
4.616,-0.012879609544469872,0.19194603434178248,0.1827589392959439,-9.761548980545478e-06,0.3234992076653991,-0.10577683388130521
4.617,-0.012879609544469872,0.19194603434178248,0.1827589392959439,2.845105783415089e-05,0.32351007768406626,0.27659971605371664
4.618,-0.012879609544469872,0.19194603434178248,0.1827589392959439,2.8001278365025e-05,-0.12357385027955635,0.2762976380665437
4.619,-0.012879609544469872,-0.8080539656582175,0.1827589392959439,-7.307017311288824e-06,-0.3999061923169612,-0.10543185856703079
4.62,-0.012879609544469872,0.19194603434178248,-0.8172410607040561,-3.038010880720601e-05,-0.1235815697863151,-0.3408780864129201
4.621,-0.012879609544469872,0.19194603434178248,0.1827589392959439,-1.3872109659683105e-05,0.32355051344115054,-0.10525290725619843
4.622,-0.012879609544469872,0.19194603434178248,0.1827589392959439,1.7938712268911664e-05,0.32355954642796086,0.2753643896585343
4.623,-0.012879609544469872,0.19194603434178248,0.1827589392959439,2.4655101792169363e-05,-0.12359218270035463,0.2752000376589556
4.624,-0.012879609544469872,-0.8080539656582175,0.1827589392959439,8.987646222578098e-07,-0.39996238830654157,-0.10506550755179576
4.625,-0.012879609544469872,0.19194603434178248,-0.8172410607040561,-2.1342222157568197e-05,-0.12359794707388401,-0.33986687823269096
4.626,-0.012879609544469872,0.19194603434178248,0.1827589392959439,-1.5669409011612897e-05,0.3235909611884239,-0.10499517724563563
4.627,-0.012879609544469872,0.19194603434178248,0.1827589392959439,7.983059469329832e-06,0.3235972036340833,0.27483503821729777
4.628,-0.012879609544469872,0.19194603434178248,0.1827589392959439,1.9613153842234104e-05,-0.12360543779461092,0.2748199054239745
4.629,-0.012879609544469872,-0.8080539656582175,0.1827589392959439,6.8650252318011865e-06,-0.40000169873263297,-0.10497851560369517
4.63,-0.012879609544469872,0.19194603434178248,-0.8172410607040561,-1.2647233407257561e-05,-0.12360901833959317,-0.3397797450290811
4.631,-0.012879609544469872,0.19194603434178248,0.1827589392959439,-1.5313039213585115e-05,0.3236166695855402,-0.10503005353408323
4.632,-0.012879609544469872,0.19194603434178248,0.1827589392959439,3.41421539840755e-07,0.32362003797082345,0.27509235118253095
4.633,-0.012879609544469872,0.19194603434178248,0.1827589392959439,1.4166173801003508e-05,-0.12361288332507879,0.2752490023956167
4.634,-0.012879609544469872,-0.8080539656582175,0.1827589392959439,9.96019830447655e-06,-0.40002265252924535,-0.10520993738137735
4.635,-0.012879609544469872,0.19194603434178248,-0.8172410607040561,-5.786382166087917e-06,-0.1236145802686613,-0.34075510194586234
4.636,-0.012879609544469872,0.19194603434178248,0.1827589392959439,-1.3312902265338795e-05,0.3236281497939782,-0.1054036949588298
4.637,-0.012879609544469872,0.19194603434178248,0.1827589392959439,-4.164866410687467e-06,0.323629221585378,0.2762650441061128
4.638,-0.012879609544469872,0.19194603434178248,0.1827589392959439,9.316030141856235e-06,-0.12361534219670695,0.27662278526788553
4.639,-0.012879609544469872,-0.8080539656582175,0.1827589392959439,1.0332678990360646e-05,-0.40002844111246727,-0.10581361351435482
4.64,-0.012879609544469872,0.19194603434178248,-0.8172410607040561,-1.4193538089373797e-06,-0.12361575544302257,-0.34297230937725737
4.641,-0.012879609544469872,0.19194603434178248,0.1827589392959439,-1.0402656671984196e-05,0.32362915747769133,-0.10617255761881003
4.642,-0.012879609544469872,0.19194603434178248,0.1827589392959439,-5.687499837604105e-06,0.32362886095893534,0.27850207502749486
4.643,-0.012879609544469872,0.19194603434178248,0.1827589392959439,5.636261131949602e-06,-0.12361464170453659,0.2790897441415103
4.644,-0.012879609544469872,-0.8080539656582175,0.1827589392959439,8.777128724359628e-06,-0.4000250960396772,-0.10684543642890816
4.645,-0.012879609544469872,0.19194603434178248,0.1827589392959439,6.189984706013695e-07,-0.1236144240795986,-0.3466074014422423
4.646,-0.012879609544469872,0.19194603434178248,0.1827589392959439,-7.370811409312284e-06,0.32362506116765205,-0.10738885649406356
4.647,-0.012879609544469872,0.19194603434178248,0.1827589392959439,-5.156490500498496e-06,0.3236243514358557,0.2819326021845079
4.648,-0.012879609544469872,0.19194603434178248,0.1827589392959439,3.2404241555331213e-06,-0.12361294412103051,0.2827696371228394
4.649,-0.012879609544469872,-0.8080539656582175,0.1827589392959439,6.456718982529429e-06,-0.400019388470742,-0.108346851479546
4.65,-0.012879609544469872,0.19194603434178248,-0.8172410607040561,1.124191569160109e-06,-0.12361259977679939,-0.35177827949418305
4.651,-0.012879609544469872,0.19194603434178248,0.1827589392959439,-4.883886001073159e-06,0.32362115662735425,-0.10908331066523118
4.652,-0.012879609544469872,0.19194603434178248,0.1827589392959439,-3.919694989587428e-06,0.3236207538529978,0.2866203078415367
4.653,-0.012879609544469872,0.19194603434178248,0.1827589392959439,1.8491236628435197e-06,-0.1236121227743577,0.2877076319197731
4.654,-0.012879609544469872,-0.8080539656582175,0.1827589392959439,4.55478422819529e-06,-0.40001694937041626,-0.11032740156846903
4.655,-0.012879609544469872,0.19194603434178248,-0.8172410607040561,1.204562620093669e-06,-0.12361189267085386,-0.3584888322396312
4.656,-0.012879609544469872,0.19194603434178248,0.1827589392959439,-3.339453368955455e-06,0.32362130245157034,-0.11124819410513252
4.657,-0.012879609544469872,0.19194603434178248,0.1827589392959439,-3.314831294369617e-06,0.32362154235130297,0.2925202059323063
4.658,-0.012879609544469872,0.19194603434178248,0.1827589392959439,9.296602287024414e-07,-0.12361331372089941,0.29383263143312266
4.659,-0.012879609544469872,-0.8080539656582175,0.1827589392959439,3.9428010776242025e-06,-0.4000209866033375,-0.11274951738279006
4.66,-0.012879609544469872,0.19194603434178248,-0.8172410607040561,1.9254775035055256e-06,-0.1236131624819484,-0.3665824149653829
4.661,-0.012879609544469872,0.19194603434178248,0.1827589392959439,-2.78222690745664e-06,0.32362712734349913,-0.1138239171413659
4.662,-0.012879609544469872,0.19194603434178248,0.1827589392959439,-4.2806666591412646e-06,0.32362794035866393,0.2994463246739298
4.663,-0.012879609544469872,0.19194603434178248,0.1827589392959439,-1.2775497803596215e-07,-0.12361671647187374,0.30092806941360717
4.664,-0.012879609544469872,-0.8080539656582175,0.1827589392959439,4.944849171902018e-06,-0.4000317908839446,-0.11551865717393647
4.665,-0.012879609544469872,0.19194603434178248,-0.8172410607040561,4.0004631048838315e-06,-0.12361640755343163,-0.37571446914157514
4.666,-0.012879609544469872,0.19194603434178248,0.1827589392959439,-2.9040390193565037e-06,0.3236378994148306,-0.11669205937386445
4.667,-0.012879609544469872,0.19194603434178248,0.1827589392959439,-7.098236962570079e-06,0.3236389026204185,0.3070575924028331
4.668,-0.012879609544469872,0.19194603434178248,0.1827589392959439,-1.8356174549131507e-06,-0.12362165267454309,0.30862213478806844
4.669,-0.012879609544469872,-0.8080539656582175,0.1827589392959439,7.253738314233021e-06,-0.4000470234264831,-0.11848129437631504
4.67,-0.012879609544469872,0.19194603434178248,-0.8172410607040561,7.596532630159452e-06,-0.12362087802011405,-0.38535179022872845
4.671,-0.012879609544469872,0.19194603434178248,0.1827589392959439,-3.1307791236043783e-06,0.3236509905807985,-0.11967697850330587
4.672,-0.012879609544469872,0.19194603434178248,0.1827589392959439,-1.131768366671708e-05,0.3236516519852209,0.31486693623425865
4.673,-0.012879609544469872,0.19194603434178248,0.1827589392959439,-4.470371347603721e-06,-0.12362683377711049,0.3164018404758397
4.674,-0.012879609544469872,-0.8080539656582175,0.1827589392959439,1.0016821104143324e-05,-0.40006260804235844,-0.12143219989978689
4.675,-0.012879609544469872,0.19194603434178248,-0.8172410607040561,1.2290172834378856e-05,-0.1236253541373112,-0.39480230462397325
4.676,-0.012879609544469872,0.19194603434178248,0.1827589392959439,-2.779745500711556e-06,0.32366274764284,-0.1225569230611308
4.677,-0.012879609544469872,0.19194603434178248,0.1827589392959439,-1.5880349636199242e-05,0.3236625707891822,0.3222753071604988
4.678,-0.012879609544469872,0.19194603434178248,0.1827589392959439,-7.99327757563676e-06,-0.12363074901430264,0.32365190982985204
4.679,-0.012879609544469872,-0.8080539656582175,0.1827589392959439,1.2068787002820977e-05,-0.4000739418635749,-0.12413110257294681
4.68,-0.012879609544469872,0.19194603434178248,-0.8172410607040561,1.717431909333709e-05,-0.1236285031518132,-0.4032746717733333
4.681,-0.012879609544469872,0.19194603434178248,0.1827589392959439,-1.2537488888854834e-06,0.32366951739998173,-0.12508413959059644
4.682,-0.012879609544469872,0.19194603434178248,0.1827589392959439,-1.9399832947088427e-05,0.3236681962203633,0.32862851815177213
4.683,-0.012879609544469872,0.19194603434178248,0.1827589392959439,-1.204223465281855e-05,-0.12363206982750702,0.32971558503349907
4.684,-0.012879609544469872,-0.8080539656582175,0.1827589392959439,1.2253759669016441e-05,-0.40007710729642537,-0.1263273263981083
4.685,-0.012879609544469872,0.19194603434178248,-0.8172410607040561,2.1083219422983866e-05,-0.12362922324761946,-0.40996222842509905
4.686,-0.012879609544469872,0.19194603434178248,0.1827589392959439,1.7722388096723906e-06,0.32366857272376776,-0.12701199279795314
4.687,-0.012879609544469872,0.19194603434178248,0.1827589392959439,-2.0529935913429465e-05,0.323666080340648,0.33329098026049636
4.688,-0.012879609544469872,0.19194603434178248,0.1827589392959439,-1.599268455767629e-05,-0.12362997638122275,0.33397073659163296
4.689,-0.012879609544469872,-0.8080539656582175,0.1827589392959439,9.757698530910669e-06,-0.4000698102190678,-0.12778961837682068
4.69,-0.012879609544469872,0.19194603434178248,-0.8172410607040561,2.287822691049042e-05,-0.1236268990384099,-0.4141414632152207
4.691,-0.012879609544469872,0.19194603434178248,0.1827589392959439,6.217218915609405e-06,0.3236587419639206,-0.1281258355717421
4.692,-0.012879609544469872,0.19194603434178248,0.1827589392959439,-1.8329370325601873e-05,0.3236553380078169,0.3357272342087502
4.693,-0.012879609544469872,0.19194603434178248,0.1827589392959439,-1.9074068243655502e-05,-0.12362434103830616,0.33591165590984506
4.694,-0.012879609544469872,-0.8080539656582175,0.1827589392959439,4.369196657253615e-06,-0.4000518670211309,-0.1283373160079411
4.695,-0.012879609544469872,0.19194603434178248,-0.8172410607040561,2.1727566614638452e-05,-0.12362152347754858,-0.4152720502371962
4.696,-0.012879609544469872,0.19194603434178248,0.1827589392959439,1.1549228779754783e-05,0.32364063601573784,-0.12827348484179904
4.697,-0.012879609544469872,0.19194603434178248,0.1827589392959439,-1.2536010942871522e-05,0.3236367992679467,0.3355801337676798
4.698,-0.012879609544469872,0.19194603434178248,0.1827589392959439,-2.051965612436843e-05,-0.12361574365447973,0.3352251542921749
4.699,-0.012879609544469872,-0.8080539656582175,0.1827589392959439,-3.397147755325941e-06,-0.4000251870751564,-0.1278684445713468
4.7,-0.012879609544469872,0.19194603434178248,-0.8172410607040561,1.7318070528706498e-05,-0.12361367715831055,-0.413084044674618
4.701,-0.012879609544469872,0.19194603434178248,0.1827589392959439,1.6847414262477468e-05,0.32361647072917715,-0.12739084141165985
4.702,-0.012879609544469872,0.19194603434178248,0.1827589392959439,-3.6860151111986375e-06,0.32361278197235727,0.3327340332918846
4.703,-0.012879609544469872,0.19194603434178248,0.1827589392959439,-1.9722850799791803e-05,-0.12360533409471104,0.3318494250054703
4.704,-0.012879609544469872,-0.8080539656582175,0.1827589392959439,-1.2349224084325551e-05,-0.3999933163611465,-0.12638040087832292
4.705,-0.012879609544469872,0.19194603434178248,-0.8172410607040561,9.954636507348622e-06,-0.12360438882966683,-0.4076384874544889
4.706,-0.012879609544469872,0.19194603434178248,0.1827589392959439,2.096579519073636e-05,0.32358957231384206,-0.12551852377934242
4.707,-0.012879609544469872,0.19194603434178248,0.1827589392959439,6.950409131286357e-06,0.3235865821705805,0.32735254580197803
4.708,-0.012879609544469872,0.19194603434178248,0.1827589392959439,-1.6372540773655668e-05,-0.12359458924101621,0.32600568305387884
4.709,-0.012879609544469872,-0.8080539656582175,0.1827589392959439,-2.0832643713754626e-05,-0.3999606957719051,-0.12397960423684103
4.71,-0.012879609544469872,0.19194603434178248,-0.8172410607040561,5.291131838746248e-07,-0.12359492346433663,-0.3993504200070493
4.711,-0.012879609544469872,0.19194603434178248,0.1827589392959439,2.276966238521471e-05,0.3235637111732125,-0.12280636053241607
4.712,-0.012879609544469872,0.19194603434178248,0.1827589392959439,1.760291360277407e-05,0.32356182776435205,0.31988330016152494
4.713,-0.012879609544469872,0.19194603434178248,0.1827589392959439,-1.0543579887398456e-05,-0.1235850287465325,0.3181957581642807
4.714,-0.012879609544469872,-0.8080539656582175,0.1827589392959439,-2.7068810099251467e-05,-0.3999318279803542,-0.12087781073832041
4.715,-0.012879609544469872,0.19194603434178248,-0.8172410607040561,-9.631534705151472e-06,-0.12358655258822387,-0.38896789673539206
4.716,-0.012879609544469872,0.19194603434178248,0.1827589392959439,2.1396822655578326e-05,0.32354242600147165,-0.11950409795070326
4.717,-0.012879609544469872,0.19194603434178248,0.1827589392959439,2.635302608373575e-05,0.3235418483566189,0.3110263114779477
4.718,-0.012879609544469872,0.19194603434178248,0.1827589392959439,-2.7253870553059372e-06,-0.12357795382160658,0.3091632074324193
4.719,-0.012879609544469872,-0.8080539656582175,0.1827589392959439,-2.9542690441552204e-05,-0.3999105365250741,-0.11737453359934757
4.72,-0.012879609544469872,0.19194603434178248,-0.8172410607040561,-1.9003546958499123e-05,-0.12358035584771379,-0.3775064289877513
4.721,-0.012879609544469872,0.19194603434178248,0.1827589392959439,1.6486753946978838e-05,0.3235284766038389,-0.11593853593236923
4.722,-0.012879609544469872,0.19194603434178248,0.1827589392959439,3.1527029179469894e-05,0.3235291849616914,0.30166754316730554
4.723,-0.012879609544469872,0.19194603434178248,0.1827589392959439,6.218905103349752e-06,-0.12357425855107348,0.2998205538632124
4.724,-0.012879609544469872,-0.8080539656582175,0.1827589392959439,-2.7354132165917468e-05,-0.3998994492577061,-0.1138269554078944
4.725,-0.012879609544469872,0.19194603434178248,-0.8172410607040561,-2.614107908770811e-05,-0.12357708640771795,-0.36614460324308673
4.726,-0.012879609544469872,0.19194603434178248,0.1827589392959439,8.323785302842685e-06,0.323523511696147,-0.11247924989638095
4.727,-0.012879609544469872,0.19194603434178248,0.1827589392959439,3.204433024323402e-05,0.32352530946410873,0.29278428818191116
4.728,-0.012879609544469872,0.19194603434178248,0.1827589392959439,1.5159549877470797e-05,-0.12357433907522979,0.29115023292940845
4.729,-0.012879609544469872,-0.8080539656582175,0.1827589392959439,-2.0452788526321973e-05,-0.39989976374413044,-0.1106105798499981
4.73,-0.012879609544469872,0.19194603434178248,-0.8172410607040561,-2.9932492500687704e-05,-0.1235771114206845,-0.35609247584584536
4.731,-0.012879609544469872,0.19194603434178248,0.1827589392959439,-2.1442966717952617e-06,0.32352797363407193,-0.10949680479967448
4.732,-0.012879609544469872,0.19194603434178248,0.1827589392959439,2.764668098461584e-05,0.32353056227238675,0.28533338510875944
4.733,-0.012879609544469872,0.19194603434178248,0.1827589392959439,2.2859599277215785e-05,-0.12357809954387132,0.2840909985783661
4.734,-0.012879609544469872,-0.8080539656582175,0.1827589392959439,-9.700931544332813e-06,-0.3999112765096136,-0.10807536988079955
4.735,-0.012879609544469872,0.19194603434178248,-0.8172410607040561,-2.978998295755332e-05,-0.12358041875945806,-0.34844886266748576
4.736,-0.012879609544469872,0.19194603434178248,0.1827589392959439,-1.3426018523449466e-05,0.323541203493727,-0.10731864981186837
4.737,-0.012879609544469872,0.19194603434178248,0.1827589392959439,1.896035888821234e-05,0.32354426438019257,0.28013632583096615
4.738,-0.012879609544469872,0.19194603434178248,0.1827589392959439,2.8163506208501102e-05,-0.12358503198938653,0.2794242417134932
4.739,-0.012879609544469872,-0.8080539656582175,0.1827589392959439,3.2546316461448888e-06,-0.3999326009045917,-0.10650301495839448
4.74,-0.012879609544469872,0.19194603434178248,-0.8172410607040561,-2.5739993159204838e-05,-0.12358666767557218,-0.3440660750371511
4.741,-0.012879609544469872,0.19194603434178248,0.1827589392959439,-2.372887462607259e-05,0.3235616716155049,-0.10618848438563439
4.742,-0.012879609544469872,0.19194603434178248,0.1827589392959439,7.379952315489871e-06,0.3235649296325782,0.2777764855432945
4.743,-0.012879609544469872,0.19194603434178248,0.1827589392959439,3.018561823242536e-05,-0.12359433516356713,0.27767543324731836
4.744,-0.012879609544469872,-0.8080539656582175,0.1827589392959439,1.6278784395857995e-05,-0.3999614725843404,-0.10607109876344976
4.745,-0.012879609544469872,0.19194603434178248,0.1827589392959439,-1.8402812254207993e-05,-0.12359525690398224,-0.3434405387130738
4.746,-0.012879609544469872,0.19194603434178248,0.1827589392959439,-3.128184032254129e-05,0.32358724822836227,-0.10623468556021233
4.747,-0.012879609544469872,0.19194603434178248,0.1827589392959439,-5.199499306114349e-06,0.3235904998243021,0.2785227474330104
4.748,-0.012879609544469872,0.19194603434178248,0.1827589392959439,2.8467335570394582e-05,-0.1236050369120638,0.279044513174729
4.749,-0.012879609544469872,-0.8080539656582175,0.1827589392959439,2.7152754154680125e-05,-0.39999505011611675,-0.10682924455212665
4.75,-0.012879609544469872,0.19194603434178248,-0.8172410607040561,-8.871402703479047e-06,-0.12360538892910716,-0.34664496501399705
4.751,-0.012879609544469872,0.19194603434178248,0.1827589392959439,-3.467512825741206e-05,0.32361544537041687,-0.10745237374056116
4.752,-0.012879609544469872,0.19194603434178248,0.1827589392959439,-1.674387372057734e-05,0.32361854665226875,0.28229074401332976
4.753,-0.012879609544469872,0.19194603434178248,0.1827589392959439,2.3074758956584817e-05,-0.12361609446419934,0.283375611299647
4.754,-0.012879609544469872,-0.8080539656582175,0.1827589392959439,3.400330188568279e-05,-0.4000301541397624,-0.10869086214780123
4.755,-0.012879609544469872,0.19194603434178248,-0.8172410607040561,1.4825173601690628e-06,-0.12361612086891874,-0.3533126085998233
4.756,-0.012879609544469872,0.19194603434178248,0.1827589392959439,-3.3147623102031004e-05,0.32364359671304027,-0.10970198217911813
4.757,-0.012879609544469872,0.19194603434178248,0.1827589392959439,-2.545864593211837e-05,0.3236464209494891,0.28864814995867916
4.758,-0.012879609544469872,0.19194603434178248,0.1827589392959439,1.4616702244912433e-05,-0.1236264629854541,0.29017141887856673
4.759,-0.012879609544469872,-0.8080539656582175,0.1827589392959439,3.566655850602372e-05,-0.40006343747140294,-0.11144208891902456
4.76,-0.012879609544469872,0.19194603434178248,-0.8172410607040561,1.1235981071309217e-05,-0.12362640612261715,-0.3626772966730892
4.761,-0.012879609544469872,0.19194603434178248,0.1827589392959439,-2.676022026260098e-05,0.32366898287953033,-0.112725005438615
4.762,-0.012879609544469872,0.19194603434178248,0.1827589392959439,-3.010745622090535e-05,0.3236713675988323,0.29686456667655664
4.763,-0.012879609544469872,0.19194603434178248,0.1827589392959439,4.175132357987795e-06,-0.12363513927378418,0.29865150888441816
4.764,-0.012879609544469872,-0.8080539656582175,0.1827589392959439,3.191019865898911e-05,-0.4000915231071964,-0.11476718109999312
4.765,-0.012879609544469872,0.19194603434178248,-0.8172410607040561,1.9133986818621607e-05,-0.12363514152396794,-0.37366528417231554
4.766,-0.012879609544469872,0.19194603434178248,0.1827589392959439,-1.641474639594406e-05,0.3236889422077183,-0.11617523603067069
4.767,-0.012879609544469872,0.19194603434178248,0.1827589392959439,-3.0208486941103697e-05,0.3236906506634701,0.3060003566563338
4.768,-0.012879609544469872,0.19194603434178248,0.1827589392959439,-6.845301892924112e-06,-0.12364119909328702,0.3078477705951656
4.769,-0.012879609544469872,-0.8080539656582175,0.1827589392959439,2.346786355098315e-05,-0.40011117174000965,-0.11828730187486466
4.77,-0.012879609544469872,0.19194603434178248,-0.8172410607040561,2.4263923444845464e-05,-0.12364123824178282,-0.38502766630264273
4.771,-0.012879609544469872,0.19194603434178248,0.1827589392959439,-3.709109296936524e-06,0.32370101946675844,-0.11966159591128983
4.772,-0.012879609544469872,0.19194603434178248,0.1827589392959439,-2.60746225564938e-05,0.32370173808244473,0.31502320993707406
4.773,-0.012879609544469872,0.19194603434178248,0.1827589392959439,-1.692738501658469e-05,-0.12364384950097594,0.3167247748835509
4.774,-0.012879609544469872,-0.8080539656582175,0.1827589392959439,1.1879986840026345e-05,-0.40011953601071004,-0.12160770761195974
4.775,-0.012879609544469872,0.19194603434178248,-0.8172410607040561,2.616033666662669e-05,-0.12364372928553855,-0.3954961453507856
4.776,-0.012879609544469872,0.19194603434178248,0.1827589392959439,9.346594060282884e-06,0.3237031928746371,-0.1227969582978858
4.777,-0.012879609544469872,0.19194603434178248,0.1827589392959439,-1.869761329308894e-05,0.3237025759490983,0.3229370917861877
4.778,-0.012879609544469872,0.19194603434178248,0.1827589392959439,-2.4677919949637496e-05,-0.1236425105417963,0.3243091282596808
4.779,-0.012879609544469872,-0.8080539656582175,0.1827589392959439,-8.234090301204124e-07,-0.4001145252262909,-0.12436704990929895
4.78,-0.012879609544469872,0.19194603434178248,-0.8172410607040561,2.4830114524243128e-05,-0.12364191322634568,-0.4039413157581861
4.781,-0.012879609544469872,0.19194603434178248,0.1827589392959439,2.069841506026718e-05,0.3236941856963684,-0.12524640116268407
4.782,-0.012879609544469872,0.19194603434178248,0.1827589392959439,-9.509236793604225e-06,0.32369194375221605,0.3289061793421358
4.783,-0.012879609544469872,0.19194603434178248,0.1827589392959439,-2.9050897540322078e-05,-0.12363692584594504,0.3298103048482393
4.784,-0.012879609544469872,-0.8080539656582175,0.1827589392959439,-1.2528911977429932e-05,-0.4000952509721271,-0.12628209641464028
4.785,-0.012879609544469872,0.19194603434178248,-0.8172410607040561,2.070318488938824e-05,-0.12363551627885393,-0.40951189951472117
4.786,-0.012879609544469872,0.19194603434178248,0.1827589392959439,2.862773319742045e-05,0.3236738227110119,-0.12676829838035591
4.787,-0.012879609544469872,0.19194603434178248,0.1827589392959439,-7.666040075199546e-08,0.3236698353892649,0.33235680410852114
4.788,-0.012879609544469872,0.19194603434178248,0.1827589392959439,-2.9517594819650632e-05,-0.12362728352592536,0.33271635722001813
4.789,-0.012879609544469872,-0.8080539656582175,0.1827589392959439,-2.144772040621723e-05,-0.4000624672358009,-0.12718171241879955
4.79,-0.012879609544469872,0.19194603434178248,-0.8172410607040561,1.4526011777417294e-05,-0.12362483857583831,-0.41173571894499195
4.791,-0.012879609544469872,0.19194603434178248,0.1827589392959439,3.2063993969899776e-05,0.3236433484804546,-0.1272425675234369
4.792,-0.012879609544469872,0.19194603434178248,0.1827589392959439,8.200126325985931e-06,0.3236377712245963,0.33304328098551783
4.793,-0.012879609544469872,0.19194603434178248,0.1827589392959439,-2.6151655793239104e-05,-0.12361431327590156,0.33285122950186535
4.794,-0.012879609544469872,-0.8080539656582175,0.1827589392959439,-2.6439354469168053e-05,-0.40001887736156844,-0.12702538304860386
4.795,-0.012879609544469872,0.19194603434178248,-0.8172410607040561,7.2225770086033675e-06,-0.1236108409646474,-0.41056836711347516
4.796,-0.012879609544469872,0.19194603434178248,0.1827589392959439,3.07665866421466e-05,0.3236055988506726,-0.12668214389133756
4.797,-0.012879609544469872,0.19194603434178248,0.1827589392959439,1.4325629773128294e-05,0.3235989284505194,0.33106846148382596
4.798,-0.012879609544469872,0.19194603434178248,0.1827589392959439,-1.9611477211232318e-05,-0.12359931840273072,0.3303856984109405
4.799,-0.012879609544469872,-0.8080539656582175,0.1827589392959439,-2.7185026177198506e-05,-0.39996917081517686,-0.1259037021014283
4.8,-0.012879609544469872,0.19194603434178248,-0.8172410607040561,-2.506197524708664e-07,-0.12359513032207639,-0.4063828313352583
4.801,-0.012879609544469872,0.19194603434178248,0.1827589392959439,2.533845645372879e-05,0.32356492102600504,-0.1252260999374738
4.802,-0.012879609544469872,0.19194603434178248,0.1827589392959439,1.783613204295275e-05,0.323557990347353,0.3268562159233535
4.803,-0.012879609544469872,0.19194603434178248,0.1827589392959439,-1.1020711695649367e-05,-0.1235841064488862,0.32580051254040376
4.804,-0.012879609544469872,-0.8080539656582175,0.1827589392959439,-2.4179027607251785e-05,-0.39991968434267605,-0.12402080732299964
4.805,-0.012879609544469872,0.19194603434178248,-0.8172410607040561,-7.032256848961618e-06,-0.12357981592327508,-0.39990171284320536
4.806,-0.012879609544469872,0.19194603434178248,0.1827589392959439,1.7069611664072276e-05,0.3235267751921139,-0.12311544406386357
4.807,-0.012879609544469872,0.19194603434178248,0.1827589392959439,1.879956580903824e-05,0.32352066170253857,0.32107991700512106
4.808,-0.012879609544469872,0.19194603434178248,0.1827589392959439,-1.7670117313709471e-06,-0.12357079976168982,0.31980714727238935
4.809,-0.012879609544469872,-0.8080539656582175,0.1827589392959439,-1.8547507051256617e-05,-0.39987765294981503,-0.12166133456108671
4.81,-0.012879609544469872,0.19194603434178248,-0.8172410607040561,-1.2450214390820629e-05,-0.12356723510439437,-0.3920819490852913
4.811,-0.012879609544469872,0.19194603434178248,0.1827589392959439,7.645169531756086e-06,0.3234970171915125,-0.12065513190104699
4.812,-0.012879609544469872,0.19194603434178248,0.1827589392959439,1.77005233736685e-05,0.3234928704051059,0.314557360484305
4.813,-0.012879609544469872,0.19194603434178248,0.1827589392959439,6.7445649090905125e-06,-0.1235615348840598,0.3132377363420133
4.814,-0.012879609544469872,-0.8080539656582175,0.1827589392959439,-1.1742358248916825e-05,-0.39985011318821995,-0.11914671233847082
4.815,-0.012879609544469872,0.19194603434178248,-0.8172410607040561,-1.6074190089280185e-05,-0.12355957829745183,-0.38396886083010967
4.816,-0.012879609544469872,0.19194603434178248,0.1827589392959439,-1.2180427658166503e-06,0.3234809435757821,-0.11816783517447192
4.817,-0.012879609544469872,0.19194603434178248,0.1827589392959439,1.5248419799596297e-05,0.3234797586114695,0.3081274679596126
4.818,-0.012879609544469872,0.19194603434178248,0.1827589392959439,1.3337273160885273e-05,-0.12355809089923836,0.30692026053858534
4.819,-0.012879609544469872,-0.8080539656582175,0.1827589392959439,-5.184993153346195e-06,-0.39984262246340396,-0.11678718542529976
4.82,-0.012879609544469872,0.19194603434178248,-0.8172410607040561,-1.772752193254089e-05,-0.12355847409230762,-0.37654086854944346
4.821,-0.012879609544469872,0.19194603434178248,0.1827589392959439,-8.12669667045277e-06,0.3234822578053457,-0.11594623237552468
4.822,-0.012879609544469872,0.19194603434178248,0.1827589392959439,1.216219296257072e-05,0.32348464037707836,0.3025268220709685
4.823,-0.012879609544469872,0.19194603434178248,0.1827589392959439,1.7260380952601113e-05,-0.1235615139167927,0.3015572747334308
4.824,-0.012879609544469872,-0.8080539656582175,0.1827589392959439,5.559404433550801e-08,-0.3998580372403982,-0.11483659843065355
4.825,-0.012879609544469872,0.19194603434178248,-0.8172410607040561,-1.7465302891562763e-05,-0.12356461618493036,-0.3705676456816248
4.826,-0.012879609544469872,0.19194603434178248,0.1827589392959439,-1.2280204509451341e-05,0.3235021682213425,-0.11421081946547225
4.827,-0.012879609544469872,0.19194603434178248,0.1827589392959439,8.986959960177357e-06,0.32350814551021945,0.2982841532071133
4.828,-0.012879609544469872,0.19194603434178248,0.1827589392959439,1.8300304412227336e-05,-0.12357181984588299,0.2976259777500178
4.829,-0.012879609544469872,-0.8080539656582175,0.1827589392959439,3.4759819239828966e-06,-0.39989562603770545,-0.11345658042209907
4.83,-0.012879609544469872,0.19194603434178248,-0.8172410607040561,-1.55295517329916e-05,-0.12357751907347282,-0.36650254810788063
4.831,-0.012879609544469872,0.19194603434178248,0.1827589392959439,-1.359545955973245e-05,0.32353883722044047,-0.1130794402663406
4.832,-0.012879609544469872,0.19194603434178248,0.1827589392959439,5.986718910189883e-06,0.3235477659198819,0.29564828573773394
4.833,-0.012879609544469872,0.19194603434178248,0.1827589392959439,1.6783419374044916e-05,-0.12358785466838229,0.29531431347146603
4.834,-0.012879609544469872,-0.8080539656582175,0.1827589392959439,5.195364378222563e-06,-0.39995076445063177,-0.11269539474440494
4.835,-0.012879609544469872,0.19194603434178248,-0.8172410607040561,-1.2292961005316945e-05,-0.12359547448089715,-0.3644251271342347
4.836,-0.012879609544469872,0.19194603434178248,0.1827589392959439,-1.2661152865639908e-05,0.32358735800338473,-0.11255301208116802
4.837,-0.012879609544469872,0.19194603434178248,0.1827589392959439,3.1355663812860545e-06,0.32359796477648056,0.2945601197520762
4.838,-0.012879609544469872,0.19194603434178248,0.1827589392959439,1.3470629514811134e-05,-0.123607368612653,0.29450247152398024
4.839,-0.012879609544469872,-0.8080539656582175,0.1827589392959439,5.8472653471788295e-06,-0.40001536704588914,-0.11248454930518409
4.84,-0.012879609544469872,0.19194603434178248,-0.8172410607040561,-8.201128450199174e-06,-0.1236157464521798,-0.3640421156867541
4.841,-0.012879609544469872,0.19194603434178248,0.1827589392959439,-1.0534624621990823e-05,0.32364034334388403,-0.11251952028000235
4.842,-0.012879609544469872,0.19194603434178248,0.1827589392959439,2.0342954708405414e-07,0.32365090645703765,0.294672684588532
4.843,-0.012879609544469872,0.19194603434178248,0.1827589392959439,9.366264741009744e-06,-0.12362732068600067,0.29479240511082916
4.844,-0.012879609544469872,-0.8080539656582175,0.1827589392959439,6.33693690777343e-06,-0.40007906820262285,-0.1126536182514971
4.845,-0.012879609544469872,0.19194603434178248,0.1827589392959439,-3.7201742392774925e-06,-0.12363499537454466,-0.36474656117748155
4.846,-0.012879609544469872,0.19194603434178248,0.1827589392959439,-8.430655689784276e-06,0.3236890854446158,-0.1127756291852691
4.847,-0.012879609544469872,0.19194603434178248,0.1827589392959439,-3.0925128676059816e-06,0.3236977346596053,0.29541611751733593
4.848,-0.012879609544469872,0.19194603434178248,0.1827589392959439,5.482267205849127e-06,-0.12364438027567923,0.2955808004210298
4.849,-0.012879609544469872,-0.8080539656582175,0.1827589392959439,7.52837754088673e-06,-0.4001309981477499,-0.11296099826743333
4.85,-0.012879609544469872,0.19194603434178248,-0.8172410607040561,7.066484063088103e-07,-0.12364986923067638,-0.365726059029141
4.851,-0.012879609544469872,0.19194603434178248,0.1827589392959439,-7.377265899652463e-06,0.3237251125492791,-0.11306261170153123
4.852,-0.012879609544469872,0.19194603434178248,0.1827589392959439,-6.916693685675236e-06,0.3237301944285983,0.2960976670994545
4.853,-0.012879609544469872,0.19194603434178248,0.1827589392959439,2.608785144566832e-06,-0.12365554359257926,0.296164391044101
4.854,-0.012879609544469872,-0.8080539656582175,0.1827589392959439,9.942713646880544e-06,-0.40016184772316726,-0.11313592056056189
4.855,-0.012879609544469872,0.19194603434178248,-0.8172410607040561,4.692414789285724e-06,-0.12365765578512909,-0.36610362772485966
4.856,-0.012879609544469872,0.19194603434178248,0.1827589392959439,-7.92234641658132e-06,0.3237418570037413,-0.11311113474993476
4.857,-0.012879609544469872,0.19194603434178248,0.1827589392959439,-1.117559258623115e-05,0.3237422918311851,0.2960215142807779
4.858,-0.012879609544469872,0.19194603434178248,0.1827589392959439,1.1417147633563212e-06,-0.12365874631174754,0.2958616001026646
4.859,-0.012879609544469872,-0.8080539656582175,0.1827589392959439,1.354797116859541e-05,-0.40016581320426875,-0.11292532659356855
4.86,-0.012879609544469872,0.19194603434178248,-0.8172410607040561,7.930662472009782e-06,-0.12365686332973068,-0.36508978391760366
4.861,-0.012879609544469872,0.19194603434178248,0.1827589392959439,-9.964391447540672e-06,0.3237360896341403,-0.11268808085582045
4.862,-0.012879609544469872,0.19194603434178248,0.1827589392959439,-1.545321250946647e-05,0.3237316399851295,0.29461015376862243
4.863,-0.012879609544469872,0.19194603434178248,0.1827589392959439,1.006114104724433e-06,-0.12365333996770962,0.2941319625950666
4.864,-0.012879609544469872,-0.8080539656582175,0.1827589392959439,1.7699107855717797e-05,-0.4001419906244991,-0.11213845423024084
4.865,-0.012879609544469872,0.19194603434178248,-0.8172410607040561,1.0211146866900722e-05,-0.12364759825860797,-0.36212259065147445
4.866,-0.012879609544469872,0.19194603434178248,0.1827589392959439,-1.2752636098202846e-05,0.32370878668340175,-0.11163824768501197
4.867,-0.012879609544469872,0.19194603434178248,0.1827589392959439,-1.9045968035496914e-05,0.3237001692260643,0.2915087572169068
4.868,-0.012879609544469872,0.19194603434178248,0.1827589392959439,1.6938737948427478e-06,-0.12364031443772708,0.2906750263897651
4.869,-0.012879609544469872,-0.8080539656582175,0.1827589392959439,2.125120848545588e-05,-0.4000948620916892,-0.11068229155867845
4.87,-0.012879609544469872,0.19194603434178248,-0.8172410607040561,1.1427693739042294e-05,-0.12363163804792196,-0.35697415067230254
4.871,-0.012879609544469872,0.19194603434178248,0.1827589392959439,-1.5062516224234369e-05,0.323665183868375,-0.1099145037079111
4.872,-0.012879609544469872,0.19194603434178248,0.1827589392959439,-2.1095568061445756e-05,0.3236539843520294,0.2866564115575966
4.873,-0.012879609544469872,0.19194603434178248,0.1827589392959439,2.4087417106687903e-06,-0.1236221921408514,0.28549343015812917
4.874,-0.012879609544469872,-0.8080539656582175,0.1827589392959439,2.2826157859403112e-05,-0.4000336787279809,-0.10858239692697477
4.875,-0.012879609544469872,0.19194603434178248,-0.8172410607040561,1.1577916896256668e-05,-0.12361215464748483,-0.34980696145019846
4.876,-0.012879609544469872,0.19194603434178248,0.1827589392959439,-1.5510308627143226e-05,0.3236139259918496,-0.10759168369229238
4.877,-0.012879609544469872,0.19194603434178248,0.1827589392959439,-2.0792249822097996e-05,0.3236023177512273,0.28031303080156356
4.878,-0.012879609544469872,0.19194603434178248,0.1827589392959439,2.2871717932624963e-06,-0.12360258472382975,0.2789101703534962
4.879,-0.012879609544469872,-0.8080539656582175,0.1827589392959439,2.117383686411864e-05,-0.3999707692259874,-0.10598575786279481
4.88,-0.012879609544469872,0.19194603434178248,-0.8172410607040561,1.0754228452565875e-05,-0.1235931159811399,-0.34117100674084694
4.881,-0.012879609544469872,0.19194603434178248,0.1827589392959439,-1.2935742487641883e-05,0.32356541226137864,-0.10486192906422497
4.882,-0.012879609544469872,0.19194603434178248,0.1827589392959439,-1.7600514688152948e-05,0.32355572290318285,0.27303734730156815
4.883,-0.012879609544469872,0.19194603434178248,0.1827589392959439,6.450055596258393e-07,-0.12358547755650041,0.27153690412962767
4.884,-0.012879609544469872,-0.8080539656582175,0.1827589392959439,1.554235667154391e-05,-0.39991904554189905,-0.10314504348801655
4.885,-0.012879609544469872,0.19194603434178248,-0.8172410607040561,9.125987720274851e-06,-0.1235784675829329,-0.33194131459340676
4.886,-0.012879609544469872,0.19194603434178248,0.1827589392959439,-6.761668634320202e-06,0.32352962767011195,-0.10201195235262878
4.887,-0.012879609544469872,0.19194603434178248,0.1827589392959439,-1.1450458501455062e-05,0.3235238372248279,0.26561870710685115
4.888,-0.012879609544469872,0.19194603434178248,0.1827589392959439,-2.8079232470120677e-06,-0.12357437536924987,0.26419746407556766
4.889,-0.012879609544469872,-0.8080539656582175,0.1827589392959439,5.964766090530798e-06,-0.39988918501755333,-0.10038639152489381
4.89,-0.012879609544469872,0.19194603434178248,-0.8172410607040561,6.913868008526654e-06,-0.12357125582252058,-0.3232046313104442
4.891,-0.012879609544469872,0.19194603434178248,0.1827589392959439,2.7593314020045085e-06,0.32351389623312876,-0.09938541429029132
4.892,-0.012879609544469872,0.19194603434178248,0.1827589392959439,-2.842448868343467e-06,0.3235131736414431,0.2589723211750688
4.893,-0.012879609544469872,0.19194603434178248,0.1827589392959439,-7.838320328717172e-06,-0.12357148765340777,0.2578174793209755
4.894,-0.012879609544469872,-0.8080539656582175,0.1827589392959439,-6.615588908950499e-06,-0.3998870905251495,-0.09806534192144044
4.895,-0.012879609544469872,0.19194603434178248,-0.8172410607040561,4.3592621633037934e-06,-0.12357288375293322,-0.31611149988004433
4.896,-0.012879609544469872,0.19194603434178248,0.1827589392959439,1.4479601665806667e-05,0.3235210548061283,-0.09733583802694204
4.897,-0.012879609544469872,0.19194603434178248,0.1827589392959439,7.169371643440275e-06,0.323525441365303,0.25401311487311407
4.898,-0.012879609544469872,0.19194603434178248,0.1827589392959439,-1.3681065089838333e-05,-0.1235771422539436,0.2532960923845003
4.899,-0.012879609544469872,-0.8080539656582175,0.1827589392959439,-2.0424941750934647e-05,-0.39991223022740385,-0.09651731177123452
4.9,-0.012879609544469872,0.19194603434178248,0.1827589392959439,1.6932241325485652e-06,-0.12358268051699663,-0.3117152377154165
4.901,-0.012879609544469872,0.19194603434178248,0.1827589392959439,2.650170697456248e-05,0.3235485034874984,-0.09617691019717671
4.902,-0.012879609544469872,0.19194603434178248,0.1827589392959439,1.712226996908574e-05,0.3235568292643471,0.2515265449070226
4.903,-0.012879609544469872,0.19194603434178248,0.1827589392959439,-1.9161861688019605e-05,-0.12358958381156959,0.2513784647363845
4.904,-0.012879609544469872,-0.8080539656582175,0.1827589392959439,-3.3142170203033066e-05,-0.399957322981937,-0.09600983231264769
4.905,-0.012879609544469872,0.19194603434178248,0.1827589392959439,-8.896037771203711e-07,-0.12359791347318835,-0.31082129957530696
4.906,-0.012879609544469872,0.19194603434178248,0.1827589392959439,3.651622057916405e-05,0.3235884383430391,-0.09613741936135446
4.907,-0.012879609544469872,0.19194603434178248,0.1827589392959439,2.5396124026971692e-05,0.323598513233947,0.2520552323972185
4.908,-0.012879609544469872,0.19194603434178248,0.1827589392959439,-2.293124624445707e-05,-0.12360524297140726,0.25254767285667673
4.909,-0.012879609544469872,-0.8080539656582175,0.1827589392959439,-4.2335282184721194e-05,-0.400009579982574,-0.0967035156846407
4.91,-0.012879609544469872,0.19194603434178248,-0.8172410607040561,-3.246927203988828e-06,-0.12361428581555572,-0.31386899410707036
4.911,-0.012879609544469872,0.19194603434178248,0.1827589392959439,4.226818227176592e-05,0.3236293363982887,-0.09732740062768513
4.912,-0.012879609544469872,0.19194603434178248,0.1827589392959439,3.052165689050888e-05,0.32363839924829685,0.2558179282470534
4.913,-0.012879609544469872,0.19194603434178248,0.1827589392959439,-2.3763663199318324e-05,-0.1236194642075134,0.25695173239345065
4.914,-0.012879609544469872,-0.8080539656582175,0.1827589392959439,-4.5963048070916124e-05,-0.40005338204302054,-0.09862742834392729
4.915,-0.012879609544469872,0.19194603434178248,-0.8172410607040561,-5.291205002999086e-06,-0.12362685696631384,-0.32086273711078234
4.916,-0.012879609544469872,0.19194603434178248,0.1827589392959439,4.2055098370400966e-05,0.32365848496071037,-0.09972039771134439
4.917,-0.012879609544469872,0.19194603434178248,0.1827589392959439,3.1480639535627415e-05,0.3236638335626859,0.26267254468002665
4.918,-0.012879609544469872,0.19194603434178248,0.1827589392959439,-2.0857753512843718e-05,-0.12362757372107566,0.2643762939095526
4.919,-0.012879609544469872,-0.8080539656582175,0.1827589392959439,-4.283348323994404e-05,-0.40007393068844266,-0.10167241868249355
4.92,-0.012879609544469872,0.19194603434178248,-0.8172410607040561,-6.97812117502719e-06,-0.12363121979502355,-0.33136270756072195
4.921,-0.012879609544469872,0.19194603434178248,0.1827589392959439,3.514654224015996e-05,0.3236650848378889,-0.10315437478448554
4.922,-0.012879609544469872,0.19194603434178248,0.1827589392959439,2.7931323599085893e-05,0.3236647599960804,0.2721284879652172
4.923,-0.012879609544469872,0.19194603434178248,0.1827589392959439,-1.4069846873549115e-05,-0.12362607707085424,0.27426682473018926
4.924,-0.012879609544469872,-0.8080539656582175,0.1827589392959439,-3.291470912573068e-05,-0.40006113493487055,-0.10560330396279079
4.925,-0.012879609544469872,0.19194603434178248,-0.8172410607040561,-8.284314287076596e-06,-0.12362469093830171,-0.3445360408051168
4.926,-0.012879609544469872,0.19194603434178248,0.1827589392959439,2.2026887503153392e-05,0.3236432701928353,-0.10735107297059096
4.927,-0.012879609544469872,0.19194603434178248,0.1827589392959439,2.030603793905821e-05,0.32363664053357377,0.28340630175008574
4.928,-0.012879609544469872,0.19194603434178248,0.1827589392959439,-4.023487315125113e-06,-0.12361372116075317,0.2857968511856929
4.929,-0.012879609544469872,-0.8080539656582175,0.1827589392959439,-1.7421482375797358e-05,-0.40001285310607804,-0.11008806768592783
4.93,-0.012879609544469872,0.19194603434178248,-0.8172410607040561,-9.180834789094526e-06,-0.12360723824415235,-0.3592608720658004
4.931,-0.012879609544469872,0.19194603434178248,0.1827589392959439,4.396904962730337e-06,0.323594326774303,-0.1119509250283368
4.932,-0.012879609544469872,0.19194603434178248,0.1827589392959439,9.75429678527224e-06,0.32358242594277936,0.2955357713262743
4.933,-0.012879609544469872,0.19194603434178248,0.1827589392959439,7.938054060012115e-06,-0.12359215341952459,0.29797217782385577
4.934,-0.012879609544469872,-0.8080539656582175,0.1827589392959439,1.3530013129238704e-06,-0.3999366471593517,-0.11473976825056062
4.935,-0.012879609544469872,0.19194603434178248,-0.8172410607040561,-9.610800973069745e-06,-0.12358189494901535,-0.37426796022896625
4.936,-0.012879609544469872,0.19194603434178248,0.1827589392959439,-1.5079882052038592e-05,0.3235274830737077,-0.11655841944633331
4.937,-0.012879609544469872,0.19194603434178248,0.1827589392959439,-2.0617323091573494e-06,0.32351298965483577,0.3074781746042675
4.938,-0.012879609544469872,0.19194603434178248,0.1827589392959439,1.9956647107576298e-05,-0.12356596904002502,0.309755920276498
4.939,-0.012879609544469872,-0.8080539656582175,0.1827589392959439,2.0435360801282456e-05,-0.3998494382473376,-0.11916507849780163
4.94,-0.012879609544469872,0.19194603434178248,-0.8172410607040561,-9.479693617785182e-06,-0.12355449465525556,-0.38829940367611987
4.941,-0.012879609544469872,0.19194603434178248,0.1827589392959439,-3.324468619827091e-05,0.3234588930077798,-0.12079137079358557
4.942,-0.012879609544469872,0.19194603434178248,0.1827589392959439,-1.3279453567402562e-05,0.323445711118774,0.31825510083052155
4.943,-0.012879609544469872,0.19194603434178248,0.1827589392959439,2.998752867527056e-05,-0.1235420491994825,0.3201964310538426
4.944,-0.012879609544469872,-0.8080539656582175,0.1827589392959439,3.67240221455783e-05,-0.3997748483634176,-0.12301252288428388
4.945,-0.012879609544469872,0.19194603434178248,-0.8172410607040561,-8.664363070915484e-06,-0.12353269288182077,-0.400261860520071
4.946,-0.012879609544469872,0.19194603434178248,0.1827589392959439,-4.703478244449907e-05,0.3234087881695533,-0.12432711190402412
4.947,-0.012879609544469872,0.19194603434178248,0.1827589392959439,-2.2190758522402396e-05,0.3234012715846827,0.3270656537244188
4.948,-0.012879609544469872,0.19194603434178248,0.1827589392959439,3.618827938285623e-05,-0.12352824101868232,0.3285401442793272
4.949,-0.012879609544469872,-0.8080539656582175,0.1827589392959439,4.7582200937054985e-05,-0.39973850665606575,-0.1260136692341416
4.95,-0.012879609544469872,0.19194603434178248,-0.8172410607040561,-7.042401010927051e-06,-0.1235243967652286,-0.4093529738571419
4.951,-0.012879609544469872,0.19194603434178248,0.1827589392959439,-5.407809412690494e-05,0.32339718761935893,-0.1269392263228058
4.952,-0.012879609544469872,0.19194603434178248,0.1827589392959439,-2.7563647083444875e-05,0.32339913593739217,0.33337596024384014
4.953,-0.012879609544469872,0.19194603434178248,0.1827589392959439,3.72897173297454e-05,-0.1235315855616988,0.3343139799912918
4.954,-0.012879609544469872,-0.8080539656582175,0.1827589392959439,5.1346674163367634e-05,-0.3997620944041112,-0.12801171908689085
4.955,-0.012879609544469872,0.19194603434178248,-0.8172410607040561,-4.537915143429986e-06,-0.12353587345035313,-0.415144126058502
4.956,-0.012879609544469872,0.19194603434178248,0.1827589392959439,-5.3165422099653255e-05,0.3234389304230252,-0.12851997714086205
4.957,-0.012879609544469872,0.19194603434178248,0.1827589392959439,-2.8860627510006242e-05,0.3234525536859341,0.3369693533516602
4.958,-0.012879609544469872,0.19194603434178248,0.1827589392959439,3.2870097147423334e-05,-0.12355643048144184,0.3373667874744477
4.959,-0.012879609544469872,-0.8080539656582175,0.1827589392959439,4.764228269852134e-05,-0.399857292476365,-0.12897392661344492
4.96,-0.012879609544469872,0.19194603434178248,-0.8172410607040561,-1.174230081906157e-06,-0.12356991683719866,-0.4176094764515164
4.961,-0.012879609544469872,0.19194603434178248,0.1827589392959439,-4.4497226908041894e-05,0.32353905500944186,-0.12908581025704605
4.962,-0.012879609544469872,0.19194603434178248,0.1827589392959439,-2.6306182521836758e-05,0.323564136640072,0.33795166788894854
4.963,-0.012879609544469872,0.19194603434178248,0.1827589392959439,2.347129693917386e-05,-0.12360283766091679,0.337865593048383
4.964,-0.012879609544469872,-0.8080539656582175,0.1827589392959439,3.743230275184202e-05,-0.4000209823749441,-0.12898674383236985
4.965,-0.012879609544469872,0.19194603434178248,-0.8172410607040561,2.879937007555556e-06,-0.12362449335165612,-0.41709938909115374
4.966,-0.012879609544469872,0.19194603434178248,0.1827589392959439,-2.9647878023753617e-05,0.323689619635895,-0.12876586497237563
4.967,-0.012879609544469872,0.19194603434178248,0.1827589392959439,-2.0789295116619748e-05,0.3237230953974014,0.33671282738614383
4.968,-0.012879609544469872,0.19194603434178248,0.1827589392959439,1.0526922410587697e-05,-0.12366569051271278,0.3362491654160177
4.969,-0.012879609544469872,-0.8080539656582175,0.1827589392959439,2.2791759029599294e-05,-0.40023297155197735,-0.12823515408287442
4.97,-0.012879609544469872,0.19194603434178248,-0.8172410607040561,7.285465650945611e-06,-0.12369224315600717,-0.41426456356510705
4.971,-0.012879609544469872,0.19194603434178248,0.1827589392959439,-1.1250262949788582e-05,0.32386890142242025,-0.1277759167203663
4.972,-0.012879609544469872,0.19194603434178248,0.1827589392959439,-1.3624735899698828e-05,0.3239050115338116,0.33385226608645346
4.973,-0.012879609544469872,0.19194603434178248,0.1827589392959439,-3.888857413971418e-06,-0.1237348117922916,0.33314758344793255
4.974,-0.012879609544469872,-0.8080539656582175,0.1827589392959439,6.452018474264731e-06,-0.4004571494424119,-0.12696992369066634
4.975,-0.012879609544469872,0.19194603434178248,-0.8172410607040561,1.1541308816052725e-05,-0.12376108252882057,-0.40994419040089897
4.976,-0.012879609544469872,0.19194603434178248,0.1827589392959439,7.535364457848574e-06,0.3240435325449073,-0.1263822273264746
4.977,-0.012879609544469872,0.19194603434178248,0.1827589392959439,-6.229844976316482e-06,0.324074602179915,0.3300807627104803
4.978,-0.012879609544469872,0.19194603434178248,0.1827589392959439,-1.7444635322133326e-05,-0.12379622971773825,0.32928115953982023
4.979,-0.012879609544469872,-0.8080539656582175,0.1827589392959439,-8.783203157496433e-06,-0.40064637409315906,-0.12546813462954112
4.98,-0.012879609544469872,0.19194603434178248,-0.8172410607040561,1.5033002815918094e-05,-0.12381595276808531,-0.40503622323286725
4.981,-0.012879609544469872,0.19194603434178248,0.1827589392959439,2.3656049908699815e-05,0.3241735833361712,-0.1248610853031055
4.982,-0.012879609544469872,0.19194603434178248,0.1827589392959439,2.0599598312828235e-07,0.32419135994394993,0.3261142254866827
4.983,-0.012879609544469872,0.19194603434178248,0.1827589392959439,-2.7990835820903064e-05,-0.1238345043542575,0.3253545614472439
4.984,-0.012879609544469872,-0.8080539656582175,0.1827589392959439,-2.0620068160804284e-05,-0.40075063725364624,-0.1239931255793131
4.985,-0.012879609544469872,0.19194603434178248,-0.8172410607040561,1.711940524379037e-05,-0.12384152406210176,-0.40036972161130835
4.986,-0.012879609544469872,0.19194603434178248,0.1827589392959439,3.4767557522775824e-05,0.32421997673702285,-0.1234602021120748
4.987,-0.012879609544469872,0.19194603434178248,0.1827589392959439,4.979347354475533e-06,0.3242173243833001,0.32257546406954324
4.988,-0.012879609544469872,0.19194603434178248,0.1827589392959439,-3.396449064684583e-05,-0.12383578816630278,0.3219619651677029
4.989,-0.012879609544469872,-0.8080539656582175,0.1827589392959439,-2.772363896953076e-05,-0.40072729659734424,-0.12275977211780609
4.99,-0.012879609544469872,0.19194603434178248,-0.8172410607040561,1.7246542266055464e-05,-0.12382543387469057,-0.3965979678453292
4.991,-0.012879609544469872,0.19194603434178248,0.1827589392959439,3.9671333261523114e-05,0.3241530369806777,-0.12236755767009952
4.992,-0.012879609544469872,0.19194603434178248,0.1827589392959439,7.994693154354669e-06,0.3241256845499016,0.31991800868530135
4.993,-0.012879609544469872,0.19194603434178248,0.1827589392959439,-3.467520583650627e-05,-0.12379109218270572,0.31951663626215787
4.994,-0.012879609544469872,-0.8080539656582175,0.1827589392959439,-2.993144117944052e-05,-0.4005515532505105,-0.1219099378475429
4.995,-0.012879609544469872,0.19194603434178248,-0.8172410607040561,1.5069208834611588e-05,-0.1237614665899311,-0.3941269853158261
4.996,-0.012879609544469872,0.19194603434178248,0.1827589392959439,3.849103835776258e-05,0.3239605628609974,-0.12169187719272709
4.997,-0.012879609544469872,0.19194603434178248,0.1827589392959439,9.719222717479143e-06,0.32390854867134616,0.3183819716477149
4.998,-0.012879609544469872,0.19194603434178248,0.1827589392959439,-3.0411824145820064e-05,-0.12369910847959913,0.31821392924192654
4.999,-0.012879609544469872,-0.8080539656582175,0.1827589392959439,-2.8182963008886067e-05,-0.4002250347216757,-0.12150112563403952
5.0,-0.012879609544469872,0.19194603434178248,-0.8172410607040561,1.0555843643042881e-05,-0.12365200672397615,-0.39308790595962473
5.001,-0.012879609544469872,0.19194603434178248,0.1827589392959439,3.255045602280934e-05,0.32365367789842175,-0.12145691768115059
5.002,-0.012879609544469872,0.19194603434178248,0.1827589392959439,1.0980256910867326e-05,0.32358214500393867,0.31798649059147266
5.003,-0.012879609544469872,0.19194603434178248,0.1827589392959439,-2.234702858988733e-05,-0.1235679355494398,0.3180310644113193
5.004,-0.012879609544469872,-0.8080539656582175,0.1827589392959439,-2.418293293491306e-05,-0.39978041884500176,-0.12150915576875466
5.005,-0.012879609544469872,0.19194603434178248,-0.8172410607040561,4.0517701623486835e-06,-0.12350914925195497,-0.39335438470476763
5.006,-0.012879609544469872,0.19194603434178248,0.1827589392959439,2.3982387969996148e-05,0.32326890844352096,-0.12160947868765049
5.007,-0.012879609544469872,0.19194603434178248,0.1827589392959439,1.2655501010048298e-05,0.32318798818704564,0.3185573463376011
5.008,-0.012879609544469872,0.19194603434178248,0.1827589392959439,-1.2260640246824959e-05,-0.12341518100974415,0.31876111193017725
5.009,-0.012879609544469872,-0.8080539656582175,0.1827589392959439,-1.9880379308387087e-05,-0.3992805372642716,-0.12184345475241305
5.01,-0.012879609544469872,0.19194603434178248,-0.8172410607040561,-3.719139340651962e-06,-0.12335403281026185,-0.39459911379948137
5.011,-0.012879609544469872,0.19194603434178248,0.1827589392959439,1.5160774978364006e-05,0.32286547819494044,-0.12203889345590004
5.012,-0.012879609544469872,0.19194603434178248,0.1827589392959439,1.5336157237687867e-05,0.32278914632806943,0.31978286494947883
5.013,-0.012879609544469872,0.19194603434178248,0.1827589392959439,-2.1421541466116216e-06,-0.12326616678370138,0.3200733298433004
5.014,-0.012879609544469872,-0.8080539656582175,0.1827589392959439,-1.6892202176555628e-05,-0.39881127971823843,-0.12237161043410841
5.015,-0.012879609544469872,0.19194603434178248,-0.8172410607040561,-1.1724371523151316e-05,-0.12321425458392538,-0.39637757763000325
5.016,-0.012879609544469872,0.19194603434178248,0.1827589392959439,8.091116226454067e-06,0.322517618536708,-0.12260404175940534
5.017,-0.012879609544469872,0.19194603434178248,0.1827589392959439,1.9054500557922264e-05,0.32246159688001985,0.3212870481036439
5.018,-0.012879609544469872,0.19194603434178248,0.1827589392959439,6.239808693575789e-06,-0.1231503006760863,0.3215881845295114
5.019,-0.012879609544469872,-0.8080539656582175,0.1827589392959439,-1.601755671056084e-05,-0.3984687547326702,-0.1229485327695127
5.02,-0.012879609544469872,0.19194603434178248,-0.8172410607040561,-1.8760867483951046e-05,-0.12311958527667988,-0.3982234100716541
5.021,-0.012879609544469872,0.19194603434178248,0.1827589392959439,3.906750905442484e-06,0.3223026518526196,-0.12316291372320046
5.022,-0.012879609544469872,0.19194603434178248,0.1827589392959439,2.3156944182080278e-05,0.32228162687861484,0.3227066504804095
5.023,-0.012879609544469872,0.19194603434178248,0.1827589392959439,1.1705358161878418e-05,-0.12309604916862085,0.3229535912356265
5.024,-0.012879609544469872,-0.8080539656582175,0.1827589392959439,-1.6972335140382734e-05,-0.3983423560717641,-0.12344504534950923
5.025,-0.012879609544469872,0.19194603434178248,-0.8172410607040561,-2.364357786614356e-05,-0.12309656634539816,-0.39973860826019847
5.026,-0.012879609544469872,0.19194603434178248,0.1827589392959439,2.596716390049396e-06,0.32228653976438265,-0.12359958439418929
5.027,-0.012879609544469872,0.19194603434178248,0.1827589392959439,2.637208186379957e-05,0.322311140093655,0.3237589328051616
5.028,-0.012879609544469872,0.19194603434178248,0.1827589392959439,1.3885974457664955e-05,-0.12312528065136841,0.32390937245872076
5.029,-0.012879609544469872,-0.8080539656582175,0.1827589392959439,-1.842386346147826e-05,-0.3984964120024574,-0.12377107841918919
5.03,-0.012879609544469872,0.19194603434178248,-0.8172410607040561,-2.5414369090618177e-05,-0.12316286950324934,-0.40066351333220623
5.031,-0.012879609544469872,0.19194603434178248,0.1827589392959439,3.0384981288360433e-06,0.3225093156669716,-0.12384413278547873
5.032,-0.012879609544469872,0.19194603434178248,0.1827589392959439,2.707694577297372e-05,0.3225833970414798,0.32428899322662647
5.033,-0.012879609544469872,0.19194603434178248,0.1827589392959439,1.325157808083926e-05,-0.12324797696734026,0.32432949890775076
5.034,-0.012879609544469872,-0.8080539656582175,0.1827589392959439,-1.8334689731878577e-05,-0.3989537375776156,-0.12388975701009729
5.035,-0.012879609544469872,0.19194603434178248,-0.8172410607040561,-2.3533564987095225e-05,-0.12332246511565899,-0.40091553743823133
5.036,-0.012879609544469872,0.19194603434178248,0.1827589392959439,3.337062019989327e-06,0.3229731760881074,-0.12388242173241289
5.037,-0.012879609544469872,0.19194603434178248,0.1827589392959439,2.3713921894012102e-05,0.3230919770981808,0.32428949999989337
5.038,-0.012879609544469872,0.19194603434178248,0.1827589392959439,1.0936016087784505e-05,-0.12345837753075212,0.3242358717723619
5.039,-0.012879609544469872,-0.8080539656582175,0.1827589392959439,-1.454683185549385e-05,-0.39968449991103994,-0.12382037247382764
5.04,-0.012879609544469872,0.19194603434178248,-0.8172410607040561,-1.80156515598225e-05,-0.12356263421273224,-0.4005913642748918
5.041,-0.012879609544469872,0.19194603434178248,0.1827589392959439,1.3961559686632764e-06,0.32363587647481445,-0.12375450034769674
5.042,-0.012879609544469872,0.19194603434178248,0.1827589392959439,1.5267351381895983e-05,0.32378551788187687,0.32389062555349657
5.043,-0.012879609544469872,0.19194603434178248,0.1827589392959439,8.401718744714486e-06,-0.12373349263653298,0.3237824953300354
5.044,-0.012879609544469872,-0.8080539656582175,0.1827589392959439,-5.472214222824014e-06,-0.4006032609078648,-0.12363019926435216
5.045,-0.012879609544469872,0.19194603434178248,-0.8172410607040561,-9.477608251030805e-06,-0.12385364985311381,-0.39993379121391714
5.046,-0.012879609544469872,0.19194603434178248,0.1827589392959439,-4.413413836486801e-06,0.3244114319797472,-0.12354238451017033
5.047,-0.012879609544469872,0.19194603434178248,0.1827589392959439,1.683844749659379e-06,0.32457004207601087,0.32332317244836617
5.048,-0.012879609544469872,0.19194603434178248,0.1827589392959439,7.0228711827718994e-06,-0.12403460249342635,0.3232140175443659
5.049,-0.012879609544469872,-0.8080539656582175,0.1827589392959439,9.282350086344993e-06,-0.40157591044774804,-0.12341704036203222
5.05,-0.012879609544469872,0.19194603434178248,-0.8172410607040561,9.177232964430164e-07,-0.12415156406919046,-0.39927044016438634
5.051,-0.012879609544469872,0.19194603434178248,0.1827589392959439,-1.465580763671599e-05,0.3251790244674635,-0.12334978159572052
5.052,-0.012879609544469872,0.19194603434178248,0.1827589392959439,-1.5878762777292168e-05,0.3253195069980155,0.32286242766284695
5.053,-0.012879609544469872,0.19194603434178248,0.1827589392959439,7.687740419144542e-06,-0.12431188392179801,0.32280693959039847
5.054,-0.012879609544469872,-0.8080539656582175,0.1827589392959439,2.852563443684489e-05,-0.40243659164579815,-0.123285939693106
5.055,-0.012879609544469872,0.19194603434178248,-0.8172410607040561,1.162205262501727e-05,-0.12440401868061733,-0.39893625443638897
5.056,-0.012879609544469872,0.19194603434178248,0.1827589392959439,-2.8463302813328433e-05,0.3257996165471503,-0.12327766002136234
5.057,-0.012879609544469872,0.19194603434178248,0.1827589392959439,-3.506011525251321e-05,0.3258937772754903,0.3227634501631385
5.058,-0.012879609544469872,0.19194603434178248,0.1827589392959439,1.0519296127469833e-05,-0.12451174831136688,0.3228046202112696
5.059,-0.012879609544469872,-0.8080539656582175,0.1827589392959439,4.945500433271911e-05,-0.403012895453775,-0.123324440648924
5.06,-0.012879609544469872,0.19194603434178248,-0.8172410607040561,2.0944436511251954e-05,-0.12455843322562644,-0.3991942785240169
5.061,-0.012879609544469872,0.19194603434178248,0.1827589392959439,-4.351584188160972e-05,0.3261382970380313,-0.1234002128955105
5.062,-0.012879609544469872,0.19194603434178248,0.1827589392959439,-5.259776396360972e-05,0.3261617615390022,0.3231997959992353
5.063,-0.012879609544469872,0.19194603434178248,0.1827589392959439,1.4788462824303921e-05,-0.1245859259129261,0.3233580943143501
5.064,-0.012879609544469872,-0.8080539656582175,0.1827589392959439,6.804204143989567e-05,-0.4031558762062505,-0.12358095439696028
5.065,-0.012879609544469872,0.19194603434178248,-0.8172410607040561,2.7337343497267078e-05,-0.12457140949436533,-0.40016930599402645
5.066,-0.012879609544469872,0.19194603434178248,0.1827589392959439,-5.6405985723934714e-05,0.32608909200288455,-0.1237456353873964
5.067,-0.012879609544469872,0.19194603434178248,0.1827589392959439,-6.488790159955252e-05,0.32602623417987364,0.32421693911789157
5.068,-0.012879609544469872,0.19194603434178248,0.1827589392959439,1.9051055002920747e-05,-0.12450089413923496,0.32448357874237566
5.069,-0.012879609544469872,-0.8080539656582175,0.1827589392959439,7.978549419370184e-05,-0.4027701379609277,-0.12405021463375077
5.07,-0.012879609544469872,0.19194603434178248,-0.8172410607040561,2.9675432451919394e-05,-0.12441782857995928,-0.40180661156985303
5.071,-0.012879609544469872,0.19194603434178248,0.1827589392959439,-6.333732809861653e-05,0.325598125830035,-0.12428526367549492
5.072,-0.012879609544469872,0.19194603434178248,0.1827589392959439,-6.871036091853589e-05,0.3254461298421291,0.3257090163751845
5.073,-0.012879609544469872,0.19194603434178248,0.1827589392959439,2.1486925838719527e-05,-0.12424601243725959,0.3260445786914463
5.074,-0.012879609544469872,-0.8080539656582175,0.1827589392959439,8.069350388632753e-05,-0.4018386441079796,-0.12466854766144704
5.075,-0.012879609544469872,0.19194603434178248,-0.8172410607040561,2.7474123864703157e-05,-0.12409798447529975,-0.4038635918542347
5.076,-0.012879609544469872,0.19194603434178248,0.1827589392959439,-6.101917831088894e-05,0.3246808075302892,-0.1249331663624218
5.077,-0.012879609544469872,0.19194603434178248,0.1827589392959439,-6.19731150933608e-05,0.3244520345558346,0.3274234780719534
5.078,-0.012879609544469872,0.19194603434178248,0.1827589392959439,2.036987424173826e-05,-0.12383875697085764,0.3277622545198093
5.079,-0.012879609544469872,-0.8080539656582175,0.1827589392959439,6.828879445694573e-05,-0.40043719046551796,-0.1253199948476832
5.08,-0.012879609544469872,0.19194603434178248,-0.8172410607040561,2.1002930403684597e-05,-0.12364124572997659,-0.40593648174217917
5.081,-0.012879609544469872,0.19194603434178248,0.1827589392959439,-4.756110097834893e-05,0.3234292522658426,-0.12555648649698573
5.082,-0.012879609544469872,0.19194603434178248,0.1827589392959439,-4.431131373119891e-05,0.32315128378992525,0.3289934495717812
5.083,-0.012879609544469872,0.19194603434178248,0.1827589392959439,1.4561122690186701e-05,-0.12332576670020419,0.3292528810070857
5.084,-0.012879609544469872,-0.8080539656582175,0.1827589392959439,4.240453056819997e-05,-0.39873469440919407,-0.12585247377400044
5.085,-0.012879609544469872,0.19194603434178248,-0.8172410607040561,1.1265854871926958e-05,-0.12310516585138549,-0.40751833984567964
5.086,-0.012879609544469872,0.19194603434178248,0.1827589392959439,-2.3153311872065963e-05,0.3220074078821317,-0.12599500348960696
5.087,-0.012879609544469872,0.19194603434178248,0.1827589392959439,-1.7391332037353812e-05,0.3217204685808325,0.32999290037133283
5.088,-0.012879609544469872,0.19194603434178248,0.1827589392959439,3.90669478153146e-06,-0.12277899113318233,0.3300866304009723
5.089,-0.012879609544469872,-0.8080539656582175,0.1827589392959439,5.5641733467298295e-06,-0.3969774682800912,-0.1261014606176349
5.09,-0.012879609544469872,0.19194603434178248,-0.8172410607040561,-1.5481079489871227e-07,-0.12256962654364932,-0.40807919027060935
5.091,-0.012879609544469872,0.19194603434178248,0.1827589392959439,9.650026413579434e-06,0.3206331912963832,-0.12608681950458356
5.092,-0.012879609544469872,0.19194603434178248,0.1827589392959439,1.517899403130995e-05,0.3203850717630593,0.3300058447744681
5.093,-0.012879609544469872,0.19194603434178248,0.1827589392959439,-1.0566115766664045e-05,-0.1222869931660658,0.32985828684595
5.094,-0.012879609544469872,-0.8080539656582175,0.1827589392959439,-3.7185925835643994e-05,-0.39545819028978885,-0.12591739626055012
5.095,-0.012879609544469872,0.19194603434178248,-0.8172410607040561,-1.136856695010639e-05,-0.12212640252020054,-0.4071554283966796
5.096,-0.012879609544469872,0.19194603434178248,0.1827589392959439,4.615160000009384e-05,0.31954908563785483,-0.12569602653164816
5.097,-0.012879609544469872,0.19194603434178248,0.1827589392959439,4.835523184528628e-05,0.31938812384583065,0.3286983843545186
5.098,-0.012879609544469872,0.19194603434178248,0.1827589392959439,-2.671775035082172e-05,-0.12194229295221655,0.3282584316563983
5.099,-0.012879609544469872,-0.8080539656582175,0.1827589392959439,-7.90105866594738e-05,-0.3944729691433561,-0.12519236555445493
5.1,-0.012879609544469872,0.19194603434178248,-0.8172410607040561,-2.0514323629122203e-05,-0.12186535655141492,-0.40443394140975963
5.101,-0.012879609544469872,0.19194603434178248,0.1827589392959439,8.023619472618229e-05,0.31898476401110637,-0.12473784250063664
5.102,-0.012879609544469872,0.19194603434178248,0.1827589392959439,7.650835034297564e-05,0.3189518310169594,0.3258818212887889
5.103,-0.012879609544469872,0.19194603434178248,0.1827589392959439,-4.1637686780897304e-05,-0.12182640343108112,0.3251334434461141
5.104,-0.012879609544469872,-0.8080539656582175,0.1827589392959439,-0.00011248020087966595,-0.3942722704066966,-0.1238816715320012
5.105,-0.012879609544469872,0.19194603434178248,-0.8172410607040561,-2.6103277522964293e-05,-0.12185916913745565,-0.3998171035099809
5.106,-0.012879609544469872,0.19194603434178248,0.1827589392959439,0.00010548570426602778,0.3191170236731723,-0.12319706900852521
5.107,-0.012879609544469872,0.19194603434178248,0.1827589392959439,9.447391694250789e-05,0.3192377230088312,0.32155639582626316
5.108,-0.012879609544469872,0.19194603434178248,0.1827589392959439,-5.22019079029225e-05,-0.12199476790927188,0.32052434395576435
5.109,-0.012879609544469872,-0.8080539656582175,0.1827589392959439,-0.000131007032957841,-0.3950130998761077,-0.12201670398268759
5.11,-0.012879609544469872,0.19194603434178248,-0.8172410607040561,-2.730027326281479e-05,-0.12214894894928682,-0.3934577389705934
5.111,-0.012879609544469872,0.19194603434178248,0.1827589392959439,0.00011647135377568617,0.3200333071727982,-0.12113675225173746
5.112,-0.012879609544469872,0.19194603434178248,0.1827589392959439,9.859274855819314e-05,0.32031168336196275,0.31592819531574523
5.113,-0.012879609544469872,0.19194603434178248,0.1827589392959439,-5.573639448144428e-05,-0.122464051740531,0.31467779641968435
5.114,-0.012879609544469872,-0.8080539656582175,0.1827589392959439,-0.00013023282081741863,-0.39672038072676036,-0.1197068516362944
5.115,-0.012879609544469872,0.19194603434178248,-0.8172410607040561,-2.4085506064574653e-05,-0.12273316109291103,-0.3857578071016382
5.116,-0.012879609544469872,0.19194603434178248,0.1827589392959439,0.00010995346339774301,0.32170512404023743,-0.11869544993395002
5.117,-0.012879609544469872,0.19194603434178248,0.1827589392959439,8.752217134290215e-05,0.32212005438700486,0.30939594766052825
5.118,-0.012879609544469872,0.19194603434178248,0.1827589392959439,-5.064430021260591e-05,-0.12320409581128543,0.30802688614509677
5.119,-0.012879609544469872,-0.8080539656582175,0.1827589392959439,-0.00010906419946477373,-0.39926473383352856,-0.11712990699645907
5.12,-0.012879609544469872,0.19194603434178248,-0.8172410607040561,-1.725934749405484e-05,-0.12356200549225481,-0.3773301880322899
5.121,-0.012879609544469872,0.19194603434178248,0.1827589392959439,8.571851896324886e-05,0.32397668179524397,-0.11607327211942325
5.122,-0.012879609544469872,0.19194603434178248,0.1827589392959439,6.262928513971127e-05,0.3244818005438887,0.3025090723000867
5.123,-0.012879609544469872,0.19194603434178248,0.1827589392959439,-3.6852713116653224e-05,-0.12413630154468165,0.3011439834292276
5.124,-0.012879609544469872,-0.8080539656582175,0.1827589392959439,-7.010627575360426e-05,-0.4023618919708397,-0.1145121888216056
5.125,-0.012879609544469872,0.19194603434178248,-0.8172410607040561,-8.282897260744194e-06,-0.12453869587898403,-0.36892863439797124
5.126,-0.012879609544469872,0.19194603434178248,0.1827589392959439,4.6843495450762616e-05,0.32657207168030417,-0.11350859102076287
5.127,-0.012879609544469872,0.19194603434178248,0.1827589392959439,2.785384415980794e-05,0.3270995848399833,0.2959027747976935
5.128,-0.012879609544469872,0.19194603434178248,0.1827589392959439,-1.596580031810768e-05,-0.12513934361343315,0.29467226625817655
5.129,-0.012879609544469872,-0.8080539656582175,0.1827589392959439,-1.9358141233207302e-05,-0.4055959780741939,-0.11210117886003902
5.13,-0.012879609544469872,0.19194603434178248,-0.8172410607040561,1.0198770485834811e-06,-0.12552811436094236,-0.3613558071561246
5.131,-0.012879609544469872,0.19194603434178248,0.1827589392959439,-7.109765190345853e-07,0.3291216829639897,-0.1112487331079196
5.132,-0.012879609544469872,0.19194603434178248,0.1827589392959439,-1.0964843063957076e-05,0.32958984389285584,0.29021944910658587
5.133,-0.012879609544469872,0.19194603434178248,0.1827589392959439,8.930402037607559e-06,-0.12606201602509656,0.2892457011943485
5.134,-0.012879609544469872,-0.8080539656582175,0.1827589392959439,3.481370570834492e-05,-0.40846527219254525,-0.11013459437883846
5.135,-0.012879609544469872,0.19194603434178248,-0.8172410607040561,8.84242504367526e-06,-0.12637218562986993,-0.35536259004938975
5.136,-0.012879609544469872,0.19194603434178248,0.1827589392959439,-4.9135410253003515e-05,0.33120552607407405,-0.10951886078439044
5.137,-0.012879609544469872,0.19194603434178248,0.1827589392959439,-4.7186461164432324e-05,0.3315289454940729,0.28602766924450757
5.138,-0.012879609544469872,0.19194603434178248,0.1827589392959439,3.379185931196308e-05,-0.12674187260283057,0.2854089632888629
5.139,-0.012879609544469872,-0.8080539656582175,0.1827589392959439,8.324829770861897e-05,-0.4104454273361551,-0.10881032965989998
5.14,-0.012879609544469872,0.19194603434178248,-0.8172410607040561,1.378177999168838e-05,-0.12691020215733378,-0.3515530977097401
5.141,-0.012879609544469872,0.19194603434178248,0.1827589392959439,-9.024922636202154e-05,0.3324082950339648,-0.10849349167234232
5.142,-0.012879609544469872,0.19194603434178248,0.1827589392959439,-7.468266494456149e-05,0.33250975084912004,0.2837503255706351
5.143,-0.012879609544469872,0.19194603434178248,0.1827589392959439,5.437485405298137e-05,-0.1270273068527454,0.2835486903107261
5.144,-0.012879609544469872,-0.8080539656582175,0.1827589392959439,0.00011780158834468138,-0.4110619632389399,-0.10826153145071529
5.145,-0.012879609544469872,0.19194603434178248,0.1827589392959439,1.5148054495303338e-05,-0.12700141924253797,-0.3503088116544441
5.146,-0.012879609544469872,0.19194603434178248,0.1827589392959439,-0.00011712631871961189,0.33237876616959317,-0.1082746681203993
5.147,-0.012879609544469872,0.19194603434178248,0.1827589392959439,-8.909212431988783e-05,0.33220084620881696,0.2836119860476425
5.148,-0.012879609544469872,0.19194603434178248,0.1827589392959439,6.707674122804424e-05,-0.12680000203848393,0.2838456656231582
5.149,-0.012879609544469872,-0.8080539656582175,0.1827589392959439,0.00013301540053349024,-0.4099618112261895,-0.10854026663764801
5.15,-0.012879609544469872,0.19194603434178248,-0.8172410607040561,1.3125638954890542e-05,-0.12654668717720294,-0.3517422981381493
5.151,-0.012879609544469872,0.19194603434178248,0.1827589392959439,-0.00012552173487413766,0.33088491374085705,-0.10887976072603679
5.152,-0.012879609544469872,0.19194603434178248,0.1827589392959439,-8.873976354439639e-05,0.3303997328010387,0.2856126079915756
5.153,-0.012879609544469872,0.19194603434178248,0.1827589392959439,6.968010297528972e-05,-0.1259944044272285,0.2862543256326351
5.154,-0.012879609544469872,-0.8080539656582175,0.1827589392959439,0.00012726999072408865,-0.40697310220855015,-0.10961193453675683
5.155,-0.012879609544469872,0.19194603434178248,-0.8172410607040561,8.741428476808577e-06,-0.12550580852835913,-0.35568648852161117
5.156,-0.012879609544469872,0.19194603434178248,0.1827589392959439,-0.00011477559680813004,0.32785618292762236,-0.11024043999386399
5.157,-0.012879609544469872,0.19194603434178248,0.1827589392959439,-7.49982901197052e-05,0.327071593354122,0.2895307807615397
5.158,-0.012879609544469872,0.19194603434178248,0.1827589392959439,6.183290059576916e-05,-0.12461110239412994,0.29051191698048473
5.159,-0.012879609544469872,-0.8080539656582175,0.1827589392959439,0.00010313761084636498,-0.40214346596771466,-0.11136098364554936
5.16,-0.012879609544469872,0.19194603434178248,-0.8172410607040561,3.6340823869035922e-06,-0.12390774276148195,-0.3617202585459102
5.161,-0.012879609544469872,0.19194603434178248,0.1827589392959439,-8.79676666491067e-05,0.3234057629664566,-0.11221271198600109
5.162,-0.012879609544469872,0.19194603434178248,0.1827589392959439,-5.198002211745056e-05,0.32236691260705985,0.29495537205665656
5.163,-0.012879609544469872,0.19194603434178248,0.1827589392959439,4.514720161459219e-05,-0.12272172436755699,0.2961753285016429
5.164,-0.012879609544469872,-0.8080539656582175,0.1827589392959439,6.681604541451829e-05,-0.39574976791354866,-0.11360686326989299
5.165,-0.012879609544469872,0.19194603434178248,-0.8172410607040561,-3.383847013305241e-07,-0.1218516885489821,-0.3692258447401111
5.166,-0.012879609544469872,0.19194603434178248,0.1827589392959439,-5.1251099573591845e-05,0.31782830143161,-0.1145963404804003
5.167,-0.012879609544469872,0.19194603434178248,0.1827589392959439,-2.559073557421291e-05,0.3166140293231796,0.3013404419095759
5.168,-0.012879609544469872,0.19194603434178248,0.1827589392959439,2.2878390756336363e-05,-0.12046411137279936,0.302679749478289
5.169,-0.012879609544469872,-0.8080539656582175,0.1827589392959439,2.672202882130708e-05,-0.3882761152039349,-0.11612772085525992
5.17,-0.012879609544469872,0.19194603434178248,-0.8172410607040561,-1.5761877946765553e-06,-0.11949833825204437,-0.3774692650434173
5.171,-0.012879609544469872,0.19194603434178248,0.1827589392959439,-1.2476084270768205e-05,0.3115719481428307,-0.11716070411195352
5.172,-0.012879609544469872,0.19194603434178248,0.1827589392959439,-2.1254057549728804e-06,0.31028625692145895,0.3080751708404792
5.173,-0.012879609544469872,0.19194603434178248,0.1827589392959439,-7.607017631670805e-07,-0.11802791647846124,0.30941042503266275
5.174,-0.012879609544469872,-0.8080539656582175,0.1827589392959439,-8.477506589404757e-06,-0.38036156672895477,-0.11868835135636945
5.175,-0.012879609544469872,0.19194603434178248,-0.8172410607040561,8.023649717337421e-07,-0.11705203852946289,-0.3856919908493467
5.176,-0.012879609544469872,0.19194603434178248,0.1827589392959439,2.061598180206677e-05,0.30518741469353244,-0.11967334164308413
5.177,-0.012879609544469872,0.19194603434178248,0.1827589392959439,1.3294575213092767e-05,0.30394700762779636,0.31455875401213956
5.178,-0.012879609544469872,0.19194603434178248,0.1827589392959439,-2.151074016768753e-05,-0.11563222700813101,0.3157772832612144
5.179,-0.012879609544469872,-0.8080539656582175,0.1827589392959439,-3.1968243441361324e-05,-0.37272359313943176,-0.1210684490389013
5.18,-0.012879609544469872,0.19194603434178248,-0.8172410607040561,6.628371346488021e-06,-0.11473598877860243,-0.3932010258627213
5.181,-0.012879609544469872,0.19194603434178248,0.1827589392959439,4.2228893320689424e-05,0.29926030528057634,-0.12192722068629704
5.182,-0.012879609544469872,0.19194603434178248,0.1827589392959439,1.8081317534468112e-05,0.2981798082821783,0.3202699533930356
5.183,-0.012879609544469872,0.19194603434178248,0.1827589392959439,-3.600308775661084e-05,-0.11349807252619415,0.32128226046166375
5.184,-0.012879609544469872,-0.8080539656582175,0.1827589392959439,-4.053299956127015e-05,-0.3660672343234877,-0.12308734872080651
5.185,-0.012879609544469872,0.19194603434178248,-0.8172410607040561,1.457044955416396e-05,-0.11276374528845798,-0.399445364859228
5.186,-0.012879609544469872,0.19194603434178248,0.1827589392959439,4.9944148090748386e-05,0.29433574995995737,-0.12376313123706753
5.187,-0.012879609544469872,0.19194603434178248,0.1827589392959439,1.2991450583457257e-05,0.2935126518620379,0.32482224329460085
5.188,-0.012879609544469872,0.19194603434178248,0.1827589392959439,-4.250756568617304e-05,-0.1118195675903671,0.32557067087244324
5.189,-0.012879609544469872,-0.8080539656582175,0.1827589392959439,-3.548928748547182e-05,-0.36099245588767787,-0.12462212439747622
5.19,-0.012879609544469872,0.19194603434178248,-0.8172410607040561,2.2298187107299668e-05,-0.11131098615735492,-0.40406931974403604
5.191,-0.012879609544469872,0.19194603434178248,0.1827589392959439,4.537703800656356e-05,0.29084588918305754,-0.1250844725211063
5.192,-0.012879609544469872,0.19194603434178248,0.1827589392959439,2.138575672255129e-06,0.2903473546067862,0.3279979726008589
5.193,-0.012879609544469872,0.19194603434178248,0.1827589392959439,-4.13066677736761e-05,-0.11073779059580646,0.3284606568112526
5.194,-0.012879609544469872,-0.8080539656582175,0.1827589392959439,-2.2522628138622437e-05,-0.3579129648321984,-0.12561700992352953
5.195,-0.012879609544469872,0.19194603434178248,-0.8172410607040561,2.6920661402705482e-05,-0.11049160646399424,-0.4069369513544799
5.196,-0.012879609544469872,0.19194603434178248,0.1827589392959439,3.3837369435999745e-05,0.2890507359885946,-0.1258629153033368
5.197,-0.012879609544469872,0.19194603434178248,0.1827589392959439,-7.878860170960157e-06,0.2889042451445436,0.3297582653984252
5.198,-0.012879609544469872,0.19194603434178248,0.1827589392959439,-3.458839571223314e-05,-0.11032124473649628,0.32994815323880383
5.199,-0.012879609544469872,-0.8080539656582175,0.1827589392959439,-1.035303933462978e-05,-0.3569985257221117,-0.12608343413961207
5.2,-0.012879609544469872,0.19194603434178248,-0.8172410607040561,2.5638088666156215e-05,-0.11034171680966465,-0.4081262104749769
5.201,-0.012879609544469872,0.19194603434178248,0.1827589392959439,2.2994095647730608e-05,0.28900132924975686,-0.12613478320155178
5.202,-0.012879609544469872,0.19194603434178248,0.1827589392959439,-9.619411181481723e-06,0.2891905982430305,0.33022895739551816
5.203,-0.012879609544469872,0.19194603434178248,0.1827589392959439,-2.5856557845104936e-05,-0.11055590307430015,0.3301883651014514
5.204,-0.012879609544469872,0.19194603434178248,0.1827589392959439,-8.444866635205924e-06,-0.35814974431841395,-0.12609131212944763
5.205,-0.012879609544469872,0.19194603434178248,-0.8172410607040561,1.6488517568679892e-05,-0.11081406756618638,-0.40789569025500566
5.206,-0.012879609544469872,0.19194603434178248,0.1827589392959439,2.0782129303119575e-05,0.2905310850894897,-0.12598929605113487
5.207,-0.012879609544469872,0.19194603434178248,0.1827589392959439,3.1014367726283554e-06,0.29099798646157016,0.32966617447114754
5.208,-0.012879609544469872,0.19194603434178248,0.1827589392959439,-1.8972320715488208e-05,-0.11134651849423799,0.3294579507334087
5.209,-0.012879609544469872,-0.8080539656582175,0.1827589392959439,-2.4222800284026134e-05,-0.361009771621067,-0.12575340499979415
5.21,-0.012879609544469872,0.19194603434178248,-0.8172410607040561,-9.66600568778603e-07,-0.1117839606445798,-0.40663049554281006
5.211,-0.012879609544469872,0.19194603434178248,0.1827589392959439,3.299679286237953e-05,0.29327727442238016,-0.12555086854186556
5.212,-0.012879609544469872,0.19194603434178248,0.1827589392959439,3.3112882596523173e-05,0.2939296166166699,0.32840773192086753
5.213,-0.012879609544469872,0.19194603434178248,0.1827589392959439,-1.7038321724269416e-05,-0.11252927001674286,0.328104483964975
5.214,-0.012879609544469872,-0.8080539656582175,0.1827589392959439,-6.043016618595163e-05,-0.36501207914880207,-0.12520539219991703
5.215,-0.012879609544469872,0.19194603434178248,-0.8172410607040561,-2.5183886799424704e-05,-0.11306605274817624,-0.40477615894563496
5.216,-0.012879609544469872,0.19194603434178248,0.1827589392959439,6.114641197814642e-05,0.2967301855136795,-0.12495832062199996
5.217,-0.012879609544469872,0.19194603434178248,0.1827589392959439,7.831212331424734e-05,0.2974543498725322,0.3268180406578631
5.218,-0.012879609544469872,0.19194603434178248,0.1827589392959439,-2.139296505995043e-05,-0.11389415816153617,0.3264910381158857
5.219,-0.012879609544469872,-0.8080539656582175,0.1827589392959439,-0.00011331167054328346,-0.36945815616769884,-0.12458469445203849
5.22,-0.012879609544469872,0.19194603434178248,-0.8172410607040561,-5.2548206229590024e-05,-0.1144398471027714,-0.4027705060938734
5.221,-0.012879609544469872,0.19194603434178248,0.1827589392959439,0.00010113960626542005,0.30030342868394166,-0.12434406289127294
5.222,-0.012879609544469872,0.19194603434178248,0.1827589392959439,0.00013107887119993218,0.300980134286345,0.3252345056000354
5.223,-0.012879609544469872,0.19194603434178248,0.1827589392959439,-3.0981203503675954e-05,-0.11521410544455638,0.3249437916294598
5.224,-0.012879609544469872,-0.8080539656582175,0.1827589392959439,-0.00017219718534826968,-0.3736144886221744,-0.12401101646661027
5.225,-0.012879609544469872,0.19194603434178248,-0.8172410607040561,-7.773546734839616e-05,-0.11568036023137455,-0.40098285992444577
5.226,-0.012879609544469872,0.19194603434178248,0.1827589392959439,0.00014325685792630554,0.30341563531293364,-0.12381607477962642
5.227,-0.012879609544469872,0.19194603434178248,0.1827589392959439,0.00017898674292507742,0.30393661839569674,0.32392254075044463
5.228,-0.012879609544469872,0.19194603434178248,0.1827589392959439,-4.230429955806769e-05,-0.11627668891626622,0.3237094838266374
5.229,-0.012879609544469872,-0.8080539656582175,0.1827589392959439,-0.00022081216920698225,-0.37681519517735146,-0.12357109323683203
5.23,-0.012879609544469872,0.19194603434178248,-0.8172410607040561,-9.452827781236351e-05,-0.11658964088722892,-0.3996681690977294
5.231,-0.012879609544469872,0.19194603434178248,0.1827589392959439,0.00017360996652643538,0.3055719973581108,-0.12344486811018344
5.232,-0.012879609544469872,0.19194603434178248,0.1827589392959439,0.00020686249676147463,0.3058552303080414,0.32304452552095303
5.233,-0.012879609544469872,0.19194603434178248,0.1827589392959439,-5.0033484176653963e-05,-0.11691399298761769,0.32292759990777353
5.234,-0.012879609544469872,-0.8080539656582175,0.1827589392959439,-0.00024028276194765626,-0.37855569442080494,-0.12330932757540382
5.235,-0.012879609544469872,0.19194603434178248,-0.8172410607040561,-9.698869218833298e-05,-0.11702464017690899,-0.39894092197615716
5.236,-0.012879609544469872,0.19194603434178248,0.1827589392959439,0.00017696974713673775,0.3064339808609113,-0.12325674757243033
5.237,-0.012879609544469872,0.19194603434178248,0.1827589392959439,0.00019994309244881153,0.30643524444395753,0.3226456320165324
5.238,-0.012879609544469872,0.19194603434178248,0.1827589392959439,-4.822259529553605e-05,-0.11702629700500228,0.32261969870417
5.239,-0.012879609544469872,-0.8080539656582175,0.1827589392959439,-0.00021340582422640632,-0.3785639362775299,-0.12322504353241664
5.24,-0.012879609544469872,0.19194603434178248,-0.8172410607040561,-8.08019336614223e-05,-0.1169174200832901,-0.3987705453049769
5.241,-0.012879609544469872,0.19194603434178248,0.1827589392959439,0.0001405048864312332,0.30586716453957963,-0.12323369464373526
5.242,-0.012879609544469872,0.19194603434178248,0.1827589392959439,0.0001475929221491555,0.3055863012551532,0.32265686778374375
5.243,-0.012879609544469872,0.19194603434178248,0.1827589392959439,-3.190333255394606e-05,-0.11659617604278712,0.32269572295736376
5.244,-0.012879609544469872,-0.8080539656582175,0.1827589392959439,-0.00012939872254180294,-0.37683889707998586,-0.12327610679209516
5.245,-0.012879609544469872,0.19194603434178248,-0.8172410607040561,-4.4539379617346924e-05,-0.11628477482844514,-0.3989968895466538
5.246,-0.012879609544469872,0.19194603434178248,0.1827589392959439,5.769622823695716e-05,0.303960274076126,-0.12331926649155991
5.247,-0.012879609544469872,0.19194603434178248,0.1827589392959439,4.6833185526035354e-05,0.3034412152518722,0.3229132991819187
5.248,-0.012879609544469872,0.19194603434178248,0.1827589392959439,1.272394600539674e-06,-0.1156909698621232,0.32297483678128963
5.249,-0.012879609544469872,-0.8080539656582175,0.1827589392959439,1.1886719082753994e-05,-0.37365074885792976,-0.12338782241411972
5.25,-0.012879609544469872,0.19194603434178248,-0.8172410607040561,9.435059019472108e-06,-0.1152258660409103,-0.39936181681211663
5.251,-0.012879609544469872,0.19194603434178248,0.1827589392959439,-6.84608169270415e-05,0.3010126433299078,-0.12342914791408549
5.252,-0.012879609544469872,0.19194603434178248,0.1827589392959439,-9.514261579394609e-05,0.3003372039382941,0.3231835736818395
5.253,-0.012879609544469872,0.19194603434178248,0.1827589392959439,4.9735353598360604e-05,-0.1144532591919867,0.32321662494909476
5.254,-0.012879609544469872,-0.8080539656582175,0.1827589392959439,0.00019734136299695524,-0.36950266689084377,-0.12346542133603663
5.255,-0.012879609544469872,0.19194603434178248,-0.8172410607040561,7.466313382813087e-05,-0.11390821048124251,-0.39955115624323745
5.256,-0.012879609544469872,0.19194603434178248,0.1827589392959439,-0.00022382901121439453,0.29749191278872744,-0.12346451305562824
5.257,-0.012879609544469872,0.19194603434178248,0.1827589392959439,-0.00026020479040923263,0.2967682508007357,0.3232057572477758
5.258,-0.012879609544469872,0.19194603434178248,0.1827589392959439,0.00010741448485087917,-0.1130807277425062,0.323157549497606
5.259,-0.012879609544469872,-0.8080539656582175,0.1827589392959439,0.0004004384460575254,-0.36505980155335993,-0.12340815066225932
5.26,-0.012879609544469872,0.19194603434178248,-0.8172410607040561,0.0001410612882892941,-0.11254404704753627,-0.399240537865041
5.261,-0.012879609544469872,0.19194603434178248,0.1827589392959439,-0.00038372426512304244,0.29396808487422355,-0.12332618391850701
5.262,-0.012879609544469872,0.19194603434178248,0.1827589392959439,-0.00042075497805494694,0.2933154907367035,0.3227242212511035
5.263,-0.012879609544469872,0.19194603434178248,0.1827589392959439,0.0001641220551883018,-0.1117983212338432,0.32254743872103125
5.264,-0.012879609544469872,-0.8080539656582175,0.1827589392959439,0.0005840103084547503,-0.3610556750915325,-0.12312299681837899
5.265,-0.012879609544469872,0.19194603434178248,-0.8172410607040561,0.00019619983819612948,-0.11136049433443049,-0.3981388512630948
5.266,-0.012879609544469872,0.19194603434178248,0.1827589392959439,-0.0005159938280265113,0.29103344839641226,-0.12292770197710144
5.267,-0.012879609544469872,0.19194603434178248,0.1827589392959439,-0.0005435086949013774,0.2905656500707242,0.3215227937763309
5.268,-0.012879609544469872,0.19194603434178248,0.1827589392959439,0.00020698421099057097,-0.11082671166986581,0.3211813990638429
5.269,-0.012879609544469872,0.19194603434178248,0.1827589392959439,0.000705882586324526,-0.3581894631655666,-0.12253635460802778
5.27,-0.012879609544469872,0.19194603434178248,-0.8172410607040561,0.00022727798832677365,-0.1105677844580079,-0.3960241414119803
5.271,-0.012879609544469872,0.19194603434178248,0.1827589392959439,-0.0005863430365551784,0.28921985545406037,-0.12220580060163604
5.272,-0.012879609544469872,0.19194603434178248,0.1827589392959439,-0.0005952056068686434,0.28902921895861206,0.31945046467333105
5.273,-0.012879609544469872,0.19194603434178248,0.1827589392959439,0.00022277141151361322,-0.11035157400933819,0.3189237062097622
5.274,-0.012879609544469872,-0.8080539656582175,0.1827589392959439,0.0007266701860625462,-0.3570288142135931,-0.12160243215317726
5.275,-0.012879609544469872,0.19194603434178248,-0.8172410607040561,0.0002235262036518194,-0.1103300953392401,-0.3927683844931541
5.276,-0.012879609544469872,0.19194603434178248,0.1827589392959439,-0.0005651608580206211,0.28892509803866206,-0.1211272927144777
5.277,-0.012879609544469872,0.19194603434178248,0.1827589392959439,-0.0005494010416337027,0.2890699462585302,0.3164373646180319
5.278,-0.012879609544469872,0.19194603434178248,0.1827589392959439,0.00020076468961710667,-0.11049801347668704,0.3157217019179644
5.279,-0.012879609544469872,-0.8080539656582175,0.1827589392959439,0.000618480209018044,-0.3579318856336781,-0.12030775518001673
5.28,-0.012879609544469872,0.19194603434178248,-0.8172410607040561,0.0001786424568101628,-0.11074307257551988,-0.38834946428853057
5.281,-0.012879609544469872,0.19194603434178248,0.1827589392959439,-0.0004346642369270599,0.29035866577172864,-0.11969197122332921
5.282,-0.012879609544469872,0.19194603434178248,0.1827589392959439,-0.000393139316536392,0.29085545690065295,0.31250026591003954
5.283,-0.012879609544469872,0.19194603434178248,0.1827589392959439,0.00013562442596002684,-0.11131367764868817,0.31160923941556407
5.284,-0.012879609544469872,-0.8080539656582175,0.1827589392959439,0.00037288619410473425,-0.3609993051183953,-0.11867170643599803
5.285,-0.012879609544469872,0.19194603434178248,-0.8172410607040561,9.280106612555425e-05,-0.11182110591698532,-0.3828504848697227
5.286,-0.012879609544469872,0.19194603434178248,0.1827589392959439,-0.00019493481079398245,0.2935142117550116,-0.11793166613921888
5.287,-0.012879609544469872,0.19194603434178248,0.1827589392959439,-0.00013214747344399055,0.2943355896186918,0.3077382404718204
5.288,-0.012879609544469872,0.19194603434178248,0.1827589392959439,2.9649479165014385e-05,-0.11276277720650736,0.3067005557576988
5.289,-0.012879609544469872,-0.8080539656582175,0.1827589392959439,6.435290782168724e-06,-0.36606227110610756,-0.11674352459844142
5.29,-0.012879609544469872,0.19194603434178248,-0.8172410607040561,-2.6216980160396333e-05,-0.11349596648750804,-0.3764480558664261
5.291,-0.012879609544469872,0.19194603434178248,0.1827589392959439,0.00013256812368354066,0.2981720752736056,-0.11590603918709422
5.292,-0.012879609544469872,0.19194603434178248,0.1827589392959439,0.00020672603617908876,0.2992509400539734,0.3023201819598582
5.293,-0.012879609544469872,0.19194603434178248,0.1827589392959439,-0.00010614710199295766,-0.1147316271764048,0.3011764431048804
5.294,-0.012879609544469872,-0.8080539656582175,0.1827589392959439,-0.0004378188895351183,-0.3727076863609227,-0.11459653608545377
5.295,-0.012879609544469872,0.19194603434178248,-0.8172410607040561,-0.0001631263883849328,-0.11562674503784584,-0.36939221257258886
5.296,-0.012879609544469872,0.19194603434178248,0.1827589392959439,0.0005051376792514833,0.30393082156550805,-0.11369598118119277
5.297,-0.012879609544469872,0.19194603434178248,0.1827589392959439,0.0005767542224709339,0.30516970278380745,0.29646655827496926
5.298,-0.012879609544469872,0.19194603434178248,0.1827589392959439,-0.00025255825926643395,-0.11704465345675678,0.29526516380887646
5.299,-0.012879609544469872,-0.8080539656582175,0.1827589392959439,-0.0008937036581249528,-0.38033588503408855,-0.11232057918328651
5.3,-0.012879609544469872,0.19194603434178248,-0.8172410607040561,-0.0002966495156059026,-0.11801941203423483,-0.3619811296604913
5.301,-0.012879609544469872,0.19194603434178248,0.1827589392959439,0.0008631521897772788,0.31026262485157924,-0.11139559895232608
5.302,-0.012879609544469872,0.19194603434178248,0.1827589392959439,0.000916604929610817,0.3115468984382817,0.29042799678956965
5.303,-0.012879609544469872,0.19194603434178248,0.1827589392959439,-0.00038444579946157704,-0.11948833789158235,0.2892207111586735
5.304,-0.012879609544469872,-0.8080539656582175,0.1827589392959439,-0.0012803580206949725,-0.3882419640867764,-0.11001361043395314
5.305,-0.012879609544469872,0.19194603434178248,0.1827589392959439,-0.0004023794276914029,-0.12045298842682765,-0.35453379678381675
5.306,-0.012879609544469872,0.19194603434178248,0.1827589392959439,0.001138426244004909,0.3165840534687437,-0.10910375551068105
5.307,-0.012879609544469872,0.19194603434178248,0.1827589392959439,0.0011592700323466536,0.31779703878477755,0.2844631781147989
5.308,-0.012879609544469872,0.19194603434178248,0.1827589392959439,-0.0004745640192326142,-0.12183951427287265,0.2833008311676468
5.309,-0.012879609544469872,-0.8080539656582175,0.1827589392959439,-0.0015148731116630817,-0.39570862522264905,-0.10777339014638003
5.31,-0.012879609544469872,0.19194603434178248,-0.8172410607040561,-0.0004566778805796225,-0.12270846334581709,-0.3473634616600257
5.311,-0.012879609544469872,0.19194603434178248,0.1827589392959439,0.0012655892056210052,0.322331881023435,-0.1069159980248825
5.312,-0.012879609544469872,0.19194603434178248,0.1827589392959439,0.0012435261635754132,0.3233696509462065,0.27881813377172376
5.313,-0.012879609544469872,0.19194603434178248,0.1827589392959439,-0.0004984283004374411,-0.12389392475437991,0.2777468053244979
5.314,-0.012879609544469872,-0.8080539656582175,0.1827589392959439,-0.0015273849795650162,-0.4020971973465975,-0.10568997284824998
5.315,-0.012879609544469872,0.19194603434178248,-0.8172410607040561,-0.00044105650076965345,-0.12459633561708511,-0.3407540630441053
5.316,-0.012879609544469872,0.19194603434178248,0.1827589392959439,0.001194780280558957,0.3270331955056339,-0.10491752072949054
5.317,-0.012879609544469872,0.19194603434178248,0.1827589392959439,0.0011261658158985245,0.32781705422001345,0.2737085348191067
5.318,-0.012879609544469872,0.19194603434178248,0.1827589392959439,-0.0004394387669578235,-0.12549105950086462,0.2727664755965927
5.319,-0.012879609544469872,-0.8080539656582175,0.1827589392959439,-0.001276151750722607,-0.4069242692574711,-0.10383952719567878
5.32,-0.012879609544469872,0.19194603434178248,-0.8172410607040561,-0.0003463219591157485,-0.1259790100652476,-0.334941223362155
5.321,-0.012879609544469872,0.19194603434178248,0.1827589392959439,0.0009034624874283772,0.33036031119180037,-0.10317760926120707
5.322,-0.012879609544469872,0.19194603434178248,0.1827589392959439,0.0007928467735366078,0.3308453111201339,0.26930603669794156
5.323,-0.012879609544469872,0.19194603434178248,0.1827589392959439,-0.00029331431472205997,-0.1265319945100757,0.2685214800396272
5.324,-0.012879609544469872,-0.8080539656582175,0.1827589392959439,-0.0007598085746069267,-0.40991393662702846,-0.10227981768650518
5.325,-0.012879609544469872,0.19194603434178248,-0.8172410607040561,-0.0001757057024466233,-0.12678517300828301,-0.3300987671635003
5.326,-0.012879609544469872,0.19194603434178248,0.1827589392959439,0.0004050236152808233,0.3321635658660211,-0.10174583278165587
5.327,-0.012879609544469872,0.19194603434178248,0.1827589392959439,0.0002653651414898905,0.3323420740939687,0.2657292905237424
5.328,-0.012879609544469872,0.19194603434178248,0.1827589392959439,-7.089945852520779e-05,-0.1269880888180826,0.2651192316589988
5.329,-0.012879609544469872,-0.8080539656582175,0.1827589392959439,-2.4133858251608004e-05,-0.41101960394248466,-0.10104752150399586
5.33,-0.012879609544469872,0.19194603434178248,-0.8172410607040561,5.3729602661228424e-05,-0.12701455012485138,-0.326331243032613
5.331,-0.012879609544469872,0.19194603434178248,0.1827589392959439,-0.00024788431066796154,0.3324785710270079,-0.10065010733266296
5.332,-0.012879609544469872,0.19194603434178248,0.1827589392959439,-0.0003964881641633557,0.3323786521125327,0.26303987750546626
5.333,-0.012879609544469872,0.19194603434178248,0.1827589392959439,0.00020140862880033513,-0.12689981307974516,0.2626098399586092
5.334,-0.012879609544469872,-0.8080539656582175,0.1827589392959439,0.0008386915887946059,-0.4104139363866371,-0.1001574341426811
5.335,-0.012879609544469872,0.19194603434178248,-0.8172410607040561,0.00031190751122765146,-0.1267329065615491,-0.32367256196902355
5.336,-0.012879609544469872,0.19194603434178248,0.1827589392959439,-0.0009666200012027171,0.3315083151344128,-0.09989664758158863
5.337,-0.012879609544469872,0.19194603434178248,0.1827589392959439,-0.001099594124201619,0.3311874527424836,0.2612431613469354
5.338,-0.012879609544469872,0.19194603434178248,0.1827589392959439,0.0004840188241138154,-0.12636643382490548,0.260987926427454
5.339,-0.012879609544469872,-0.8080539656582175,0.1827589392959439,0.0016992557335512237,-0.40845019869930355,-0.09960352771790003
5.34,-0.012879609544469872,0.19194603434178248,-0.8172410607040561,0.0005589567320561179,-0.12605855706616978,-0.3220905860285094
5.341,-0.012879609544469872,0.19194603434178248,0.1827589392959439,-0.0016367696421490778,0.3295841081720647,-0.09947174038946685
5.342,-0.012879609544469872,0.19194603434178248,0.1827589392959439,-0.0017287790277959398,0.3291194289017201,0.26029384141862366
5.343,-0.012879609544469872,0.19194603434178248,0.1827589392959439,0.0007292356473528142,-0.1255285511785459,0.2601990759238744
5.344,-0.012879609544469872,-0.8080539656582175,0.1827589392959439,0.002408046504804795,-0.4056021496700223,-0.09936174703596665
5.345,-0.012879609544469872,0.19194603434178248,0.1827589392959439,0.0007506131804286879,-0.125142803247871,-0.32149724287039466
5.346,-0.012879609544469872,0.19194603434178248,0.1827589392959439,-0.002134427345149867,0.3271121706995022,-0.0993451920609845
5.347,-0.012879609544469872,0.19194603434178248,0.1827589392959439,-0.0021636159645537097,0.3265887685906407,0.2601057727051794
5.348,-0.012879609544469872,0.19194603434178248,0.1827589392959439,0.0008885229357260213,-0.1245463990809581,0.26015044135952203
5.349,-0.012879609544469872,-0.8080539656582175,0.1827589392959439,0.0028185981295842915,-0.4023923233246308,-0.09939434017989149
5.35,-0.012879609544469872,0.19194603434178248,-0.8172410607040561,0.0008451783407380169,-0.12414744491874788,-0.3217634414602283
5.351,-0.012879609544469872,0.19194603434178248,0.1827589392959439,-0.0023464734804130036,0.3245143254332475,-0.09947520333982841
5.352,-0.012879609544469872,0.19194603434178248,0.1827589392959439,-0.002298565641210935,0.3240134596157735,0.2605653521199765
5.353,-0.012879609544469872,0.19194603434178248,0.1827589392959439,0.0009209286322335146,-0.1235772467384554,0.26072473887333575
5.354,-0.012879609544469872,-0.8080539656582175,0.1827589392959439,0.0028134056006212183,-0.3993195835425124,-0.09965540889463444
5.355,-0.012879609544469872,0.19194603434178248,-0.8172410607040561,0.0008110557517916048,-0.12322273413397397,-0.3227376848928321
5.356,-0.012879609544469872,0.19194603434178248,0.1827589392959439,-0.0021918278741713936,0.32217155456286384,-0.09981430342764469
5.357,-0.012879609544469872,0.19194603434178248,0.1827589392959439,-0.002063410573679153,0.3217603929589718,0.2615474381999428
5.358,-0.012879609544469872,0.19194603434178248,0.1827589392959439,0.0008013334955580685,-0.12275514888814902,0.2617965257535469
5.359,-0.012879609544469872,-0.8080539656582175,0.1827589392959439,0.002328477731653373,-0.39679621467737375,-0.1000972287457441
5.36,-0.012879609544469872,0.19194603434178248,0.1827589392959439,0.0006336604229539156,-0.12248884815733484,-0.3242668261220612
5.361,-0.012879609544469872,0.19194603434178248,0.1827589392959439,-0.001640120127229162,0.32037816975040156,-0.1003158322213772
5.362,-0.012879609544469872,0.19194603434178248,0.1827589392959439,-0.0014405087365184268,0.32010240922980443,0.2629323952275384
5.363,-0.012879609544469872,0.19194603434178248,0.1827589392959439,0.0005270640545643672,-0.12217572371831636,0.2632492748568795
5.364,-0.012879609544469872,-0.8080539656582175,0.1827589392959439,0.0013721332760837643,-0.39510269737665954,-0.1006767447772537
5.365,-0.012879609544469872,0.19194603434178248,-0.8172410607040561,0.000320446500802641,-0.12202322520105467,-0.3262169496764193
5.366,-0.012879609544469872,0.19194603434178248,0.1827589392959439,-0.0007242421048511658,0.3193122356095714,-0.10094031962800717
5.367,-0.012879609544469872,0.19194603434178248,0.1827589392959439,-0.0004755125054700776,0.3191924101695129,0.26462249570902124
5.368,-0.012879609544469872,0.19194603434178248,0.1827589392959439,0.00012152920557608131,-0.12188770594360865,0.2649914163822335
5.369,-0.012879609544469872,-0.8080539656582175,0.1827589392959439,3.410284870989738e-05,-0.3943651276880967,-0.10136152402908312
5.37,-0.012879609544469872,0.19194603434178248,-0.8172410607040561,-9.70451150836191e-05,-0.12185507281285432,-0.32849198767404847
5.371,-0.012879609544469872,0.19194603434178248,0.1827589392959439,0.0004561220714865138,0.3190250795677366,-0.10166100521296867
5.372,-0.012879609544469872,0.19194603434178248,0.1827589392959439,0.0007210987361778667,0.31905676333290084,0.2665556675286429
5.373,-0.012879609544469872,0.19194603434178248,0.1827589392959439,-0.0003660988439939665,-0.12189189354455461,0.26696930471043345
5.374,-0.012879609544469872,-0.8080539656582175,0.1827589392959439,-0.001517825690840392,-0.3945565247386588,-0.10213437878447988
5.375,-0.012879609544469872,0.19194603434178248,-0.8172410607040561,-0.0005648590303749319,-0.12196720071636019,-0.33104751331763094
5.376,-0.012879609544469872,0.19194603434178248,0.1827589392959439,0.0017417059110573915,0.31944968659194345,-0.10246770839171622
5.377,-0.012879609544469872,0.19194603434178248,0.1827589392959439,0.001983100131144802,0.3196072062190805,0.2687145329572779
5.378,-0.012879609544469872,0.19194603434178248,0.1827589392959439,-0.0008655763024495322,-0.1221469661746102,0.26917508220429764
5.379,-0.012879609544469872,-0.8080539656582175,0.1827589392959439,-0.003054619970212217,-0.39551964245045657,-0.10299590030784661
5.38,-0.012879609544469872,0.19194603434178248,-0.8172410607040561,-0.0010122350766915973,-0.12230423409230655,-0.3338973132338589
5.381,-0.012879609544469872,0.19194603434178248,0.1827589392959439,0.0029317332331094616,0.3204249983848761,-0.103368332227575
5.382,-0.012879609544469872,0.19194603434178248,0.1827589392959439,0.003108055146033541,0.32066778034902643,0.2711289382926638
5.383,-0.012879609544469872,0.19194603434178248,0.1827589392959439,-0.0012943847321283438,-0.12258067776142224,0.2716477291015245
5.384,-0.012879609544469872,-0.8080539656582175,0.1827589392959439,-0.0043151701173280346,-0.39700590829434573,-0.10396428838440104
5.385,-0.012879609544469872,0.19194603434178248,-0.8172410607040561,-0.0013607567445683988,-0.12278539470200618,-0.33711089591632387
5.386,-0.012879609544469872,0.19194603434178248,0.1827589392959439,0.0038112057462186552,0.3217310250411111,-0.10438748200858572
5.387,-0.012879609544469872,0.19194603434178248,0.1827589392959439,0.0038854146542592494,0.3220113858242143,0.27387075643397124
5.388,-0.012879609544469872,0.19194603434178248,0.1827589392959439,-0.0015696641936250703,-0.1231042547202711,0.2744662392425889
5.389,-0.012879609544469872,-0.8080539656582175,0.1827589392959439,-0.005044575065322462,-0.39872317539033886,-0.10507213460629442
5.39,-0.012879609544469872,0.19194603434178248,-0.8172410607040561,-0.001536021196914242,-0.12331951438858474,-0.3408010559103591
5.391,-0.012879609544469872,0.19194603434178248,0.1827589392959439,0.0041840889118277755,0.3231285124150999,-0.10556200095771398
5.392,-0.012879609544469872,0.19194603434178248,0.1827589392959439,0.004129706100685215,0.32339959068695684,0.2770406420335743
5.393,-0.012879609544469872,0.19194603434178248,0.1827589392959439,-0.0016217101338647439,-0.12362754648710166,0.2777348139193709
5.394,-0.012879609544469872,-0.8080539656582175,0.1827589392959439,-0.005036504762824358,-0.40038431686557635,-0.1063602001108889
5.395,-0.012879609544469872,0.19194603434178248,-0.8172410607040561,-0.0014802943075485134,-0.12381982412411648,-0.34510191033190246
5.396,-0.012879609544469872,0.19194603434178248,0.1827589392959439,0.0039077952271003805,0.32439680125519815,-0.1069336422149295
5.397,-0.012879609544469872,0.19194603434178248,0.1827589392959439,0.0037141578606750105,0.32461943194014825,0.28074754513187294
5.398,-0.012879609544469872,0.19194603434178248,0.1827589392959439,-0.0014070625354161697,-0.1240725918430253,0.2815611225026923
5.399,-0.012879609544469872,-0.8080539656582175,0.1827589392959439,-0.004173431130821964,-0.40174931805766306,-0.10786867912408285
5.4,-0.012879609544469872,0.19194603434178248,0.1827589392959439,-0.0011642875536179212,-0.12421632991421729,-0.35013930368710167
5.401,-0.012879609544469872,0.19194603434178248,0.1827589392959439,0.002923703771936515,0.3253643990518092,-0.10853955706215881
5.402,-0.012879609544469872,0.19194603434178248,0.1827589392959439,0.0025995585251232323,0.3255120073356572,0.2850829985048652
5.403,-0.012879609544469872,0.19194603434178248,0.1827589392959439,-0.0009191005270846802,-0.1243837327255599,0.2860298825121993
5.404,-0.012879609544469872,-0.8080539656582175,0.1827589392959439,-0.0024582414699349103,-0.4026552323008782,-0.10962689495668666
5.405,-0.012879609544469872,0.19194603434178248,-0.8172410607040561,-0.0005961303102772486,-0.12446417111894915,-0.35599692360878316
5.406,-0.012879609544469872,0.19194603434178248,0.1827589392959439,0.0012785727443129303,0.32592844310411345,-0.11040171494203982
5.407,-0.012879609544469872,0.19194603434178248,0.1827589392959439,0.000853379143235446,0.32598943347222215,0.29009329857595656
5.408,-0.012879609544469872,0.19194603434178248,0.1827589392959439,-0.00019426169202286015,-0.12453312423464605,0.2911750706298303
5.409,-0.012879609544469872,-0.8080539656582175,0.1827589392959439,-3.146682591146615e-05,-0.4030307999934117,-0.11164275988155137
5.41,-0.012879609544469872,0.19194603434178248,-0.8172410607040561,0.0001741551571251916,-0.12454713835064415,-0.3626826379100332
5.411,-0.012879609544469872,0.19194603434178248,0.1827589392959439,-0.0008673637778472153,0.3260613362786574,-0.11251670473676542
5.412,-0.012879609544469872,0.19194603434178248,0.1827589392959439,-0.0013447871927925424,0.3260388943342361,0.2957534996284451
5.413,-0.012879609544469872,0.19194603434178248,0.1827589392959439,0.000687479488781432,-0.12452132037948244,0.2969547916219216
5.414,-0.012879609544469872,-0.8080539656582175,0.1827589392959439,0.002829965210941159,-0.40289523942412747,-0.11389356994396338
5.415,-0.012879609544469872,0.19194603434178248,-0.8172410607040561,0.0010558494576618106,-0.12447636554858131,-0.3701002167939908
5.416,-0.012879609544469872,0.19194603434178248,0.1827589392959439,-0.0032481626580916287,0.32580501134401624,-0.11484752869910432
5.417,-0.012879609544469872,0.19194603434178248,0.1827589392959439,-0.003713691581328568,0.3257146494846094,0.30194745914980897
5.418,-0.012879609544469872,0.19194603434178248,0.1827589392959439,0.001608477589492922,-0.1243734169354015,0.3032330362328565
5.419,-0.012879609544469872,-0.8080539656582175,0.1827589392959439,0.005734104121067532,-0.40234324321945913,-0.11631973979599217
5.42,-0.012879609544469872,0.19194603434178248,-0.8172410607040561,0.0019248295177463261,-0.12428496473212279,-0.3780315623738983
5.421,-0.012879609544469872,0.19194603434178248,0.1827589392959439,-0.005516173809535779,0.3252551698505604,-0.11731893955501921
5.422,-0.012879609544469872,0.19194603434178248,0.1827589392959439,-0.005896825435871687,0.3251206677414691,0.3084578889508589
5.423,-0.012879609544469872,0.19194603434178248,0.1827589392959439,0.0024253258467103744,-0.12413187900575977,0.3097721476795215
5.424,-0.012879609544469872,-0.8080539656582175,0.1827589392959439,0.008214253336426648,-0.40152016518397227,-0.11882287729480434
5.425,-0.012879609544469872,0.19194603434178248,-0.8172410607040561,0.0026365116055101848,-0.12401992796871296,-0.386133743082483
5.426,-0.012879609544469872,0.19194603434178248,0.1827589392959439,-0.0072802627252110865,0.3245391672772617,-0.11981756749450531
5.427,-0.012879609544469872,0.19194603434178248,0.1827589392959439,-0.007502403390030021,0.3243877409866922,0.3149694476997412
5.428,-0.012879609544469872,0.19194603434178248,0.1827589392959439,0.002985593953789261,-0.12384758097380344,0.3162387742821216
5.429,-0.012879609544469872,-0.8080539656582175,0.1827589392959439,0.009784034754346872,-0.4005924947731864,-0.12126915446149737
5.43,-0.012879609544469872,0.19194603434178248,-0.8172410607040561,0.0030431185202934624,-0.1237329071170477,-0.3939535534481895
5.431,-0.012879609544469872,0.19194603434178248,0.1827589392959439,-0.0081539956140876,0.3237918142333363,-0.12219755426746666
5.432,-0.012879609544469872,0.19194603434178248,0.1827589392959439,-0.00815240782108974,0.3236493767881593,0.3210864208392667
5.433,-0.012879609544469872,0.19194603434178248,0.1827589392959439,0.0031473925005929253,-0.12357069833733061,0.32222449857458124
5.434,-0.012879609544469872,-0.8080539656582175,0.1827589392959439,0.010000655865234754,-0.39971888790462357,-0.12349829073697598
5.435,-0.012879609544469872,0.19194603434178248,-0.8172410607040561,0.003013200992288195,-0.12347147677281389,-0.4009601451011205
5.436,-0.012879609544469872,0.19194603434178248,0.1827589392959439,-0.007807779665116464,0.3231332054670802,-0.12429171172624574
5.437,-0.012879609544469872,0.19194603434178248,0.1827589392959439,-0.007534517102092014,0.32302046653975086,0.3263646369339086
5.438,-0.012879609544469872,0.19194603434178248,0.1827589392959439,0.0027992298731933547,-0.12334292396044623,0.32728038236466284
5.439,-0.012879609544469872,-0.8080539656582175,0.1827589392959439,0.00852814699226991,-0.3990263166443467,-0.12533770212290854
5.44,-0.012879609544469872,0.19194603434178248,-0.8172410607040561,0.002450854521646973,-0.12327221891499072,-0.406593768047544
5.441,-0.012879609544469872,0.19194603434178248,0.1827589392959439,-0.006017984718144633,0.32265187482937574,-0.12592743959138522
5.442,-0.012879609544469872,0.19194603434178248,0.1827589392959439,-0.005449896714884058,0.3225818016623666,0.3303552087746354
5.443,-0.012879609544469872,0.19194603434178248,0.1827589392959439,0.001877438768759611,-0.12319209094793102,0.3309626085073802
5.444,-0.012879609544469872,-0.8080539656582175,0.1827589392959439,0.005191802133596538,-0.39859452157052394,-0.12662058778218557
5.445,-0.012879609544469872,0.19194603434178248,-0.8172410607040561,0.0013119303422894544,-0.12315650978638511,-0.41032616390233984
5.446,-0.012879609544469872,0.19194603434178248,0.1827589392959439,-0.0027060727257135217,0.32239530698972274,-0.12694588047732006
5.447,-0.012879609544469872,0.19194603434178248,0.1827589392959439,-0.0018499689145027697,0.3223721815710303,0.3326557537262065
5.448,-0.012879609544469872,0.19194603434178248,0.1827589392959439,0.00037864618047922776,-0.1231297586896711,0.33288452867893814
5.449,-0.012879609544469872,-0.8080539656582175,0.1827589392959439,1.5770832075071126e-05,-0.39845019929406816,-0.12720603790861212
5.45,-0.012879609544469872,0.19194603434178248,-0.8172410607040561,-0.00038521502024897026,-0.12312933714076572,-0.4117260342926804
5.451,-0.012879609544469872,0.19194603434178248,0.1827589392959439,0.002038228696922511,0.32236837566191934,-0.12722217297127825
5.452,-0.012879609544469872,0.19194603434178248,0.1827589392959439,0.003143579301698623,0.32238838956516697,0.33296323616531215
5.453,-0.012879609544469872,0.19194603434178248,0.1827589392959439,-0.0016346725904877251,-0.12315176043624919,0.33276903276246433
5.454,-0.012879609544469872,-0.8080539656582175,0.1827589392959439,-0.00676233905710422,-0.39857056890055265,-0.1269987618903705
5.455,-0.012879609544469872,0.19194603434178248,-0.8172410607040561,-0.0025562685546013284,-0.12318093271656948,-0.4105216092270625
5.456,-0.012879609544469872,0.19194603434178248,0.1827589392959439,0.007953759968525164,0.3225388917497063,-0.12668428726201414
5.457,-0.012879609544469872,0.19194603434178248,0.1827589392959439,0.009239262350326917,0.3225919707837746,0.33112173980139614
5.458,-0.012879609544469872,0.19194603434178248,0.1827589392959439,-0.0040366495867168225,-0.12324121853238593,0.33049448034445256
5.459,-0.012879609544469872,-0.8080539656582175,0.1827589392959439,-0.014703108970775427,-0.3988944441278861,-0.12596584040050848
5.46,-0.012879609544469872,0.19194603434178248,-0.8172410607040561,-0.005055726964116294,-0.12329056256220523,-0.40665192056008226
5.461,-0.012879609544469872,0.19194603434178248,0.1827589392959439,0.01462625326829621,0.32284836241091186,-0.12532786539815954
5.462,-0.012879609544469872,0.19194603434178248,0.1827589392959439,0.01599779905660958,0.3229207464354796,0.3271584912700287
5.463,-0.012879609544469872,0.19194603434178248,0.1827589392959439,-0.006648535224630841,-0.12337318448481586,0.32612762964426517
5.464,-0.012879609544469872,-0.8080539656582175,0.1827589392959439,-0.023203008555730164,-0.3993379241981205,-0.1241480487431984
5.465,-0.012879609544469872,0.19194603434178248,-0.8172410607040561,-0.007689704415453729,-0.1234315417927925,-0.4002990772332491
5.466,-0.012879609544469872,0.19194603434178248,0.1827589392959439,0.02152675577104791,0.32322543685711785,-0.12322477158673203
5.467,-0.012879609544469872,0.19194603434178248,0.1827589392959439,0.022873807872428615,0.323302475650521,0.32130237816097346
5.468,-0.012879609544469872,0.19194603434178248,0.1827589392959439,-0.009256226070697898,-0.1235198998213977,0.31993809861338646
5.469,-0.012879609544469872,-0.8080539656582175,0.1827589392959439,-0.0315543884814093,-0.39981142492507155,-0.1216637852474886
5.47,-0.012879609544469872,0.19194603434178248,-0.8172410607040561,-0.010235488452702711,-0.12357645977316148,-0.39189562198945965
5.471,-0.012879609544469872,0.19194603434178248,0.1827589392959439,0.028065989695838497,0.32359940379542035,-0.12052367111853579
5.472,-0.012879609544469872,0.19194603434178248,0.1827589392959439,0.02927259886545511,0.3236680673507231,0.31398096746225723
5.473,-0.012879609544469872,0.19194603434178248,0.1827589392959439,-0.011632803498906765,-0.12365570685885358,0.3123908044397365
5.474,-0.012879609544469872,-0.8080539656582175,0.1827589392959439,-0.03902086439988998,-0.40023499973087956,-0.11870442281001366
5.475,-0.012879609544469872,0.19194603434178248,-0.8172410607040561,-0.012465573927914439,-0.12370170804833396,-0.38210374810152525
5.476,-0.012879609544469872,0.19194603434178248,0.1827589392959439,0.03365821574611691,0.3239114682281473,-0.11744183617023182
5.477,-0.012879609544469872,0.19194603434178248,0.1827589392959439,0.03461527492881534,0.32396219066669457,0.3057944450964249
5.478,-0.012879609544469872,0.19194603434178248,0.1827589392959439,-0.013563365713698252,-0.12376083720734671,0.3041153399918999
5.479,-0.012879609544469872,-0.8080539656582175,0.1827589392959439,-0.04491891915228259,-0.40054963344180344,-0.115520894957924
5.48,-0.012879609544469872,0.19194603434178248,-0.8172410607040561,-0.014173216407794759,-0.12379065529632853,-0.37176645731273583
5.481,-0.012879609544469872,0.19194603434178248,0.1827589392959439,0.037786731905267316,0.32412225021497865,-0.11424841946027582
5.482,-0.012879609544469872,0.19194603434178248,0.1827589392959439,0.0384040505224197,0.32414989883936063,0.29746767544238223
5.483,-0.012879609544469872,0.19194603434178248,0.1827589392959439,-0.014869082552554131,-0.12382361438464955,0.29585405495975586
5.484,-0.012879609544469872,-0.8080539656582175,0.1827589392959439,-0.04869549820559769,-0.40072323662654996,-0.1124024084193174
5.485,-0.012879609544469872,0.19194603434178248,-0.8172410607040561,-0.015196255085020684,-0.12383514780216849,-0.3618342383069211
5.486,-0.012879609544469872,0.19194603434178248,0.1827589392959439,0.040062759209812636,0.3242148424577468,-0.11124051246102688
5.487,-0.012879609544469872,0.19194603434178248,0.1827589392959439,0.040279485206762826,0.32421878946600724,0.2897843717564588
5.488,-0.012879609544469872,0.19194603434178248,0.1827589392959439,-0.015427460374446424,-0.1238409555205161,0.2883933592756117
5.489,-1.0128796095444699,-0.8080539656582175,0.1827589392959439,-0.04999170967963298,-0.40075119511138657,-0.10964920400178664
5.49,-0.012879609544469872,0.19194603434178248,-0.8172410607040561,-0.015436112642346391,-0.1238353588788974,-0.3532740885359804
5.491,-0.012879609544469872,0.19194603434178248,0.1827589392959439,0.040270208022406696,0.32419365039170084,-0.1087142743449877
5.492,-0.012879609544469872,0.19194603434178248,0.1827589392959439,0.040062259494696946,0.32417708820638763,0.2835098103142383
5.493,-0.012879609544469872,0.19194603434178248,0.1827589392959439,-0.015186267352182458,-0.12381737635361173,0.2824850962674084
5.494,-0.012879609544469872,-0.8080539656582175,0.1827589392959439,-0.0486844357537354,-0.40065231885654357,-0.1075421306499121
5.495,-0.012879609544469872,0.19194603434178248,-0.8172410607040561,-0.014869471808238202,-0.12379830074998281,-0.34697026048276947
5.496,-0.012879609544469872,0.19194603434178248,0.1827589392959439,0.03839058900198579,0.3240799534911376,-0.1069341515711978
5.497,-0.012879609544469872,0.19194603434178248,0.1827589392959439,0.03777407425097216,0.32404870762511717,0.2793102843432229
5.498,-0.012879609544469872,0.19194603434178248,0.1827589392959439,-0.014169374565052933,-0.12376293753522863,0.2787664272123052
5.499,-0.012879609544469872,-0.8080539656582175,0.1827589392959439,-0.04490049003236866,-0.400461718299402,-0.10631233869088338
5.5,-0.012879609544469872,0.19194603434178248,0.1827589392959439,-0.013551076612426279,-0.12373550003827245,-0.3436276339026998
5.501,-0.012879609544469872,0.19194603434178248,0.1827589392959439,0.03460489050596122,0.3239055569685628,-0.10610360388822423
5.502,-0.012879609544469872,0.19194603434178248,0.1827589392959439,0.033634964100081745,0.32386669786873773,0.2776783299930886
5.503,-0.012879609544469872,0.19194603434178248,0.1827589392959439,-0.012473804547040095,-0.12369068549473453,0.27768729968386796
5.504,-0.012879609544469872,-0.8080539656582175,0.1827589392959439,-0.039001524119935474,-0.40022242466808744,-0.10611455872410384
5.505,-0.012879609544469872,0.19194603434178248,-0.8172410607040561,-0.011607277913516406,-0.12366040093285321,-0.34368887177365126
5.506,-0.012879609544469872,0.19194603434178248,0.1827589392959439,0.029272233447559144,0.32370600461272747,-0.10634074967211056
5.507,-0.012879609544469872,0.19194603434178248,0.1827589392959439,0.02803740111758746,0.32366654160293334,0.2788725310865286
5.508,-0.012879609544469872,0.19194603434178248,0.1827589392959439,-0.01025840390607557,-0.12361413171166728,0.27945413015531806
5.509,-0.012879609544469872,-0.8080539656582175,0.1827589392959439,-0.03154169736434986,-0.39997746206104456,-0.1070071806778358
5.51,-0.012879609544469872,0.19194603434178248,-0.8172410607040561,-0.009221170797404376,-0.12358600333514863,-0.34727543967048735
5.511,-0.012879609544469872,0.19194603434178248,0.1827589392959439,0.02288811945958881,0.3235146222443451,-0.10766193049337641
5.512,-0.012879609544469872,0.19194603434178248,0.1827589392959439,0.021500593506948978,0.32348049140832796,0.2828794194959782
5.513,-0.012879609544469872,0.19194603434178248,0.1827589392959439,-0.007725616819869684,-0.12354519972887601,0.28399684090023114
5.514,-0.012879609544469872,-0.8080539656582175,0.1827589392959439,-0.02320364379588507,-0.3997636516659936,-0.10894170287435946
5.515,-0.012879609544469872,0.19194603434178248,-0.8172410607040561,-0.006611280093463888,-0.12352309541695514,-0.3541602521071648
5.516,-0.012879609544469872,0.19194603434178248,0.1827589392959439,0.016027692244114804,0.32335824155406884,-0.10997541116510401
5.517,-0.012879609544469872,0.19194603434178248,0.1827589392959439,0.01461093035650975,0.32333369742866663,0.28940276332620507
5.518,-0.012879609544469872,0.19194603434178248,0.1827589392959439,-0.005098689035892896,-0.12349288836331869,0.2909640067381392
5.519,-0.012879609544469872,-0.8080539656582175,0.1827589392959439,-0.01472101156001115,-0.3996078170465868,-0.11176315192031544
5.52,-0.012879609544469872,0.19194603434178248,-0.8172410607040561,-0.0040065813410539945,-0.12347924512984848,-0.3637764046460913
5.521,-0.012879609544469872,0.19194603434178248,0.1827589392959439,0.009281279303035038,0.32325493573033315,-0.11308636270804338
5.522,-0.012879609544469872,0.19194603434178248,0.1827589392959439,0.007956235372215592,0.3232423501927622,0.29788262092959494
5.523,-0.012879609544469872,0.19194603434178248,0.1827589392959439,-0.002597165655741887,-0.12346270041680987,0.29974785347923816
5.524,-0.012879609544469872,-0.8080539656582175,0.1827589392959439,-0.00679744019599049,-0.3995254216743405,-0.11522188929663846
5.525,-0.012879609544469872,0.19194603434178248,-0.8172410607040561,-0.0016210814977390135,-0.12345852219552574,-0.3752625286347514
5.526,-0.012879609544469872,0.19194603434178248,0.1827589392959439,0.0031903273739123466,0.3232136081350423,-0.11671304220353515
5.527,-0.012879609544469872,0.19194603434178248,0.1827589392959439,0.0020621407325460152,0.3232135930588696,0.3075432651150024
5.528,-0.012879609544469872,0.19194603434178248,0.1827589392959439,-0.00041369459697652495,-0.12345671520135117,0.30953754910329395
5.529,-0.012879609544469872,-0.8080539656582175,0.1827589392959439,-3.207650512746839e-05,-0.39952115104123576,-0.11899595454147065
5.53,-0.012879609544469872,0.19194603434178248,-0.8172410607040561,0.0003688309814394756,-0.12346177386845125,-0.3875412132683443
5.531,-0.012879609544469872,0.19194603434178248,0.1827589392959439,-0.001808409291411775,0.32323491949262806,-0.12051282610239678
5.532,-0.012879609544469872,0.19194603434178248,0.1827589392959439,-0.002661596033709501,0.3232466397661906,0.31746582279152846
5.533,-0.012879609544469872,0.19194603434178248,0.1827589392959439,0.0013051004632886963,-0.12347407530474487,0.31939601818861446
5.534,-0.012879609544469872,-0.8080539656582175,0.1827589392959439,0.005139396575403843,-0.3995906541008957,-0.12272189280792288
5.535,-0.012879609544469872,0.19194603434178248,-0.8172410607040561,0.0018415135910413824,-0.12348720234417704,-0.39942314581186755
5.536,-0.012879609544469872,0.19194603434178248,0.1827589392959439,-0.005423865007192219,0.32331288163801075,-0.12411561621395513
5.537,-0.012879609544469872,0.19194603434178248,0.1827589392959439,-0.005958542399708995,0.32333441887239817,0.3266786041702742
5.538,-0.012879609544469872,0.19194603434178248,0.1827589392959439,0.002471515698645059,-0.12351162990893705,0.3283527578799996
5.539,-0.012879609544469872,-0.8080539656582175,0.1827589392959439,0.00848154467269451,-0.3997226227513423,-0.12603101418242968
5.54,-0.012879609544469872,0.19194603434178248,-0.8172410607040561,0.0027397453653008556,-0.12353099723787411,-0.40972656045446876
5.541,-0.012879609544469872,0.19194603434178248,0.1827589392959439,-0.007532414759101511,0.323436497715449,-0.12716125086269137
5.542,-0.012879609544469872,0.19194603434178248,0.1827589392959439,-0.007742856980753767,0.3234651582308242,0.334255942282921
5.543,-0.012879609544469872,0.19194603434178248,0.1827589392959439,0.0030621346801915227,-0.12356452468711115,0.3355031561683929
5.544,-0.012879609544469872,-0.8080539656582175,0.1827589392959439,0.009970232457703787,-0.3999005873134234,-0.12858734858809384
5.545,-0.012879609544469872,0.19194603434178248,-0.8172410607040561,0.0030720849346806793,-0.12358785090944727,-0.41739961226426525
5.546,-0.012879609544469872,0.19194603434178248,0.1827589392959439,-0.00817860935473656,0.32359104888286583,-0.12933702008076126
5.547,-0.012879609544469872,0.19194603434178248,0.1827589392959439,-0.008095213918837486,0.3236235687727508,0.339415177493365
5.548,-0.012879609544469872,0.19194603434178248,0.1827589392959439,0.0031153763460832875,-0.12362662957470613,0.3401038405647806
5.549,-0.012879609544469872,-0.8080539656582175,0.1827589392959439,0.009777884083618604,-0.40010415805920524,-0.13012327325881698
5.55,-0.012879609544469872,0.19194603434178248,-0.8172410607040561,0.0029061896703446903,-0.12365129918974295,-0.42163263760044606
5.551,-0.012879609544469872,0.19194603434178248,0.1827589392959439,-0.007555914995223414,0.3237589360085115,-0.13041126675812875
5.552,-0.012879609544469872,0.19194603434178248,0.1827589392959439,-0.00723907217778373,0.32379160197651435,0.34160134595136105
5.553,-0.012879609544469872,0.19194603434178248,0.1827589392959439,0.002721937593242516,-0.12369081623761854,0.3416537373074597
5.554,-0.012879609544469872,-0.8080539656582175,0.1827589392959439,0.008236259125730297,-0.40030983181987617,-0.13046893615344687
5.555,-0.012879609544469872,0.19194603434178248,-0.8172410607040561,0.0023554327805740366,-0.12371394827266818,-0.421948014944436
5.556,-0.012879609544469872,0.19194603434178248,0.1827589392959439,-0.005971022287472667,0.32392028345958945,-0.13025937370740526
5.557,-0.012879609544469872,0.19194603434178248,0.1827589392959439,-0.005501471101443809,0.3239490406190826,0.3405501884086009
5.558,-0.012879609544469872,0.19194603434178248,0.1827589392959439,0.0020097162156029686,-0.12374919931747579,0.3399517965559443
5.559,-0.012879609544469872,-0.8080539656582175,0.1827589392959439,0.005782818213937252,-0.40049178842389993,-0.12957216815612282
5.56,-0.012879609544469872,0.19194603434178248,-0.8172410607040561,0.0015609790037150555,-0.12376773387110446,-0.4182574381700169
5.561,-0.012879609544469872,0.19194603434178248,0.1827589392959439,-0.0037972415257859424,0.3240537092710814,-0.12887916135780786
5.562,-0.012879609544469872,0.19194603434178248,0.1827589392959439,-0.003264343081382749,0.3240743502313138,0.33632218833683997
5.563,-0.012879609544469872,0.19194603434178248,0.1827589392959439,0.001125425341317956,-0.12379350805298814,0.3351246164285524
5.564,-0.012879609544469872,-0.8080539656582175,0.1827589392959439,0.002898567491211025,-0.4006232295634118,-0.12750651438500207
5.565,-0.012879609544469872,0.19194603434178248,-0.8172410607040561,0.00067196066222723,-0.12380438450600581,-0.41087965271394156
5.566,-0.012879609544469872,0.19194603434178248,0.1827589392959439,-0.0014236161152610888,0.32413769916096613,-0.1263937808772084
5.567,-0.012879609544469872,0.19194603434178248,0.1827589392959439,-0.0009132343066036268,0.3241462145615694,0.32930326812805727
5.568,-0.012879609544469872,0.19194603434178248,0.1827589392959439,0.00021541559387573163,-0.12381574000021274,0.3276202510053068
5.569,-0.012879609544469872,-0.8080539656582175,0.1827589392959439,4.592156129687686e-05,-0.40067871688062384,-0.12446622640817695
5.57,-0.012879609544469872,0.19194603434178248,-0.8172410607040561,-0.00017351865071080132,-0.12381621655247244,-0.40051575813669765
5.571,-0.012879609544469872,0.19194603434178248,0.1827589392959439,0.0007934525025822876,0.3241528730300529,-0.12304147595662072
5.572,-0.012879609544469872,0.19194603434178248,0.1827589392959439,0.0012097683532386137,0.32414599436318386,0.3201712237428131
5.573,-0.012879609544469872,0.19194603434178248,0.1827589392959439,-0.0005918216693808216,-0.1238091669385592,0.3181680047309317
5.574,-0.012879609544469872,-0.8080539656582175,0.1827589392959439,-0.0023854245561226524,-0.40063766153837826,-0.12074841936437664
5.575,-0.012879609544469872,0.19194603434178248,-0.8172410607040561,-0.0008641273856508999,-0.12379728298902298,-0.38818363467948
5.576,-0.012879609544469872,0.19194603434178248,0.1827589392959439,0.002570043752120111,0.3240851335223175,-0.1191529714717081
5.577,-0.012879609544469872,0.19194603434178248,0.1827589392959439,0.0028431286277334875,0.32406102649155133,0.3098306075907726
5.578,-0.012879609544469872,0.19194603434178248,0.1827589392959439,-0.0011993662297675128,-0.12376963381108752,0.30770763635054177
5.579,-0.012879609544469872,-0.8080539656582175,0.1827589392959439,-0.004118234463012649,-0.40048867768385443,-0.11672397050756068
5.58,-0.012879609544469872,0.19194603434178248,-0.8172410607040561,-0.0013259948209063315,-0.12374475669368952,-0.37511744601614233
5.581,-0.012879609544469872,0.19194603434178248,0.1827589392959439,0.0037215403316776035,0.3239293120365157,-0.11511858501405263
5.582,-0.012879609544469872,0.19194603434178248,0.1827589392959439,0.0038289511257109644,0.3238883019037898,0.2993221988921292
5.583,-0.012879609544469872,0.19194603434178248,0.1827589392959439,-0.0015503229868199875,-0.12369694827295939,0.29729474121300015
5.584,-0.012879609544469872,-0.8080539656582175,0.1827589392959439,-0.005009088128103705,-0.4002340528786358,-0.11279997461670058
5.585,-0.012879609544469872,0.19194603434178248,-0.8172410607040561,-0.001527379473822517,-0.12366029029182642,-0.36264204233220315
5.586,-0.012879609544469872,0.19194603434178248,0.1827589392959439,0.004174016128266877,0.3236925799746802,-0.11134830609520377
5.587,-0.012879609544469872,0.19194603434178248,0.1827589392959439,0.004120250275158064,0.3236377312196042,0.2897160651749286
5.588,-0.012879609544469872,0.19194603434178248,0.1827589392959439,-0.0016303383460409013,-0.1235960414745327,0.2879917930536135
5.589,-0.012879609544469872,-0.8080539656582175,0.1827589392959439,-0.005050149253399495,-0.39989324160095274,-0.10937754354090563
5.59,-0.012879609544469872,0.19194603434178248,-0.8172410607040561,-0.0014772632981968053,-0.12355099869215919,-0.3520350165548541
5.591,-0.012879609544469872,0.19194603434178248,0.1827589392959439,0.003960033159431083,0.32339667671868927,-0.10822892175472626
5.592,-0.012879609544469872,0.19194603434178248,0.1827589392959439,0.0037728781608497948,0.3233340273969702,0.28199920131220013
5.593,-0.012879609544469872,0.19194603434178248,0.1827589392959439,-0.0014643380849044382,-0.12347752774669388,0.28075610214343705
5.594,-0.012879609544469872,-0.8080539656582175,0.1827589392959439,-0.004352893454908488,-0.3995041698912555,-0.10680933207209058
5.595,-0.012879609544469872,0.19194603434178248,-0.8172410607040561,-0.001218667354516654,-0.12342969152755995,-0.34439081615097444
5.596,-0.012879609544469872,0.19194603434178248,0.1827589392959439,0.003200821203584929,0.323078003253783,-0.10608268905686986
5.597,-0.012879609544469872,0.19194603434178248,0.1827589392959439,0.0029246579047231126,0.32301628195911675,0.27696959790738424
5.598,-0.012879609544469872,0.19194603434178248,0.1827589392959439,-0.0011084118583647813,-0.123357327497225,0.2763365697000117
5.599,-0.012879609544469872,-0.8080539656582175,0.1827589392959439,-0.003117694283335592,-0.39912132202269107,-0.10536131576514274
5.6,-0.012879609544469872,0.19194603434178248,-0.8172410607040561,-0.0008181512643893885,-0.12331405928069064,-0.34050146826277305
5.601,-0.012879609544469872,0.19194603434178248,0.1827589392959439,0.0020785190351507105,0.3227848799931517,-0.10513200652389657
5.602,-0.012879609544469872,0.19194603434178248,0.1827589392959439,0.0017658200746599293,0.32273461179169066,0.27514821049876365
5.603,-0.012879609544469872,0.19194603434178248,0.1827589392959439,-0.000638360390127802,-0.12325515029894948,0.2751904841395662
5.604,-0.012879609544469872,-0.8080539656582175,0.1827589392959439,-0.0015947873476395622,-0.39881007007319463,-0.10518300776108551
5.605,-0.012879609544469872,0.19194603434178248,0.1827589392959439,-0.00035335792672942475,-0.12322468628562366,-0.34076706929760275
5.606,-0.012879609544469872,0.19194603434178248,0.1827589392959439,0.0008032212165705492,0.3225717507852163,-0.10547400676052995
5.607,-0.012879609544469872,0.19194603434178248,0.1827589392959439,0.0005056870772942553,0.32254377730092665,0.2767186717228966
5.608,-0.012879609544469872,0.19194603434178248,0.1827589392959439,-0.00013676407637938068,-0.12319184784350581,0.277429736161799
5.609,-0.012879609544469872,-0.8080539656582175,0.1827589392959439,-4.284979326366206e-05,-0.3986374376920263,-0.10628949996656743
5.61,-0.012879609544469872,0.19194603434178248,-0.8172410607040561,9.94411896952596e-05,-0.12318200088693866,-0.3451463154317336
5.611,-0.012879609544469872,0.19194603434178248,0.1827589392959439,-0.000420110436795635,0.3224907558749296,-0.10706802064705777
5.612,-0.012879609544469872,0.19194603434178248,0.1827589392959439,-0.0006593769576982612,0.322494332435308,0.2815018392283385
5.613,-0.012879609544469872,0.19194603434178248,0.1827589392959439,0.00031950805824748787,-0.12318590220993382,0.2828028821255277
5.614,-0.012879609544469872,-0.8080539656582175,0.1827589392959439,0.0013087958458723758,-0.39866032848903976,-0.10855751816745515
5.615,-0.012879609544469872,0.19194603434178248,-0.8172410607040561,0.00047604482492266426,-0.12320253363634932,-0.353153263222218
5.616,-0.012879609544469872,0.19194603434178248,0.1827589392959439,-0.0014202399146478703,0.3225817719088981,-0.10973753811498042
5.617,-0.012879609544469872,0.19194603434178248,0.1827589392959439,-0.0015723873689056033,0.32262253280921094,0.2889686584675733
5.618,-0.012879609544469872,0.19194603434178248,0.1827589392959439,0.0006696445841304733,-0.1232495621043361,0.29071573811674156
5.619,-0.012879609544469872,-0.8080539656582175,0.1827589392959439,0.002289414971051145,-0.39891302367140874,-0.11173620595150877
5.62,-0.012879609544469872,0.19194603434178248,-0.8172410607040561,0.0007319476065366017,-0.12329508327479853,-0.3639016096226245
5.621,-0.012879609544469872,0.19194603434178248,0.1827589392959439,-0.0020801806720004124,0.32286258027143017,-0.11318674331588538
5.622,-0.012879609544469872,0.19194603434178248,0.1827589392959439,-0.0021333954056894492,0.32294075174858605,0.2982907048948913
5.623,-0.012879609544469872,0.19194603434178248,0.1827589392959439,0.0008758308230208082,-0.1233853218846814,0.30028902221087783
5.624,-0.012879609544469872,-0.8080539656582175,0.1827589392959439,0.0028042853384677,-0.39939628100563146,-0.11547175058750941
5.625,-0.012879609544469872,0.19194603434178248,-0.8172410607040561,0.0008461642739294983,-0.12345753201093694,-0.3761925791106218
5.626,-0.012879609544469872,0.19194603434178248,0.1827589392959439,-0.002347561467320846,0.323321135117776,-0.1170300962140867
5.627,-0.012879609544469872,0.19194603434178248,0.1827589392959439,-0.0023068176182415904,0.3234303992966189,0.30842359323565355
5.628,-0.012879609544469872,0.19194603434178248,0.1827589392959439,0.00092611107685299,-0.12358350568095236,0.3104474286960504
5.629,-0.012879609544469872,-0.8080539656582175,0.1827589392959439,0.002839083225701249,-0.4000704961867892,-0.11934340969978828
5.63,-0.012879609544469872,0.19194603434178248,-0.8172410607040561,0.0008211602896629895,-0.12367506259149329,-0.38863757526360515
5.631,-0.012879609544469872,0.19194603434178248,0.1827589392959439,-0.002234410062850736,0.32391185474423234,-0.1208319471274544
5.632,-0.012879609544469872,0.19194603434178248,0.1827589392959439,-0.002118533049378382,0.3240392119939515,0.3182146724371521
5.633,-0.012879609544469872,0.19194603434178248,0.1827589392959439,0.0008331510813884317,-0.12382164022362027,0.32003088590209827
5.634,-0.012879609544469872,-0.8080539656582175,0.1827589392959439,0.002452018792667683,-0.40085503171455616,-0.12290716951471822
5.635,-0.012879609544469872,0.19194603434178248,-0.8172410607040561,0.0006793789638147158,-0.12392038825536494,-0.3998026689619988
5.636,-0.012879609544469872,0.19194603434178248,0.1827589392959439,-0.00180751380074709,0.32455741164773755,-0.1241519805630814
5.637,-0.012879609544469872,0.19194603434178248,0.1827589392959439,-0.0016443295830540932,0.3246842535464866,0.32652351325930995
5.638,-0.012879609544469872,0.19194603434178248,0.1827589392959439,0.0006294808959114691,-0.12406607005289602,0.32791605774779914
5.639,-0.012879609544469872,-0.8080539656582175,0.1827589392959439,0.001756224894744123,-0.4016349805749755,-0.1257423263676634
5.64,-0.012879609544469872,0.19194603434178248,-0.8172410607040561,0.00045730019348312823,-0.12415632001149178,-0.4083592635125955
5.641,-0.012879609544469872,0.19194603434178248,0.1827589392959439,-0.0011717895980527385,0.3251566820214861,-0.12659154025281474
5.642,-0.012879609544469872,0.19194603434178248,0.1827589392959439,-0.0009923888308561854,0.32526108872425186,0.33234201575355293
5.643,-0.012879609544469872,0.19194603434178248,0.1827589392959439,0.00036027075392625014,-0.12427591273703252,0.33313475129409825
5.644,-0.012879609544469872,-0.8080539656582175,0.1827589392959439,0.0008960887186922131,-0.4022754136534397,-0.12749585909385916
5.645,-0.012879609544469872,0.19194603434178248,-0.8172410607040561,0.0001982197942612364,-0.12434060109628192,-0.4132242747988958
5.646,-0.012879609544469872,0.19194603434178248,0.1827589392959439,-0.00044989378634526905,0.32559844652707365,-0.1278356944560912
5.647,-0.012879609544469872,0.19194603434178248,0.1827589392959439,-0.000283095681496548,0.3256584915159167,0.3349007648262105
5.648,-0.012879609544469872,0.19194603434178248,0.1827589392959439,7.497149791355115e-05,-0.12440902287054018,0.3349760065970749
5.649,-0.012879609544469872,-0.8080539656582175,0.1827589392959439,2.173630672247181e-05,-0.40264174963828697,-0.12791962219336409
5.65,-0.012879609544469872,0.19194603434178248,-0.8172410607040561,-5.5017156669969856e-05,-0.1244324989719119,-0.41367408119991567
5.651,-0.012879609544469872,0.19194603434178248,0.1827589392959439,0.0002384570687402276,0.3257792861668612,-0.12768630444732337
5.652,-0.012879609544469872,0.19194603434178248,0.1827589392959439,0.00037049899784473184,0.325776908715982,0.3337496267226502
5.653,-0.012879609544469872,0.19194603434178248,0.1827589392959439,-0.00018079265624553736,-0.12442920562533792,0.33306031730611446
5.654,-0.012879609544469872,-0.8080539656582175,0.1827589392959439,-0.0007342842185967815,-0.4026235318910028,-0.1268961419781788
5.655,-0.012879609544469872,0.19194603434178248,-0.8172410607040561,-0.0002662438930726263,-0.1244002396736024,-0.40941929815718725
5.656,-0.012879609544469872,0.19194603434178248,0.1827589392959439,0.000794290063679568,0.3256231001457172,-0.12608233394436869
5.657,-0.012879609544469872,0.19194603434178248,0.1827589392959439,0.0008786999471684222,0.32554793481512084,0.32880340264050506
5.658,-0.012879609544469872,0.19194603434178248,0.1827589392959439,-0.0003718521051969829,-0.12431357517698133,0.3273775171861373
5.659,-0.012879609544469872,-0.8080539656582175,0.1827589392959439,-0.0012748376770529493,-0.40215786254681124,-0.12445007112569349
5.66,-0.012879609544469872,0.19194603434178248,-0.8172410607040561,-0.00041037111849194486,-0.1242280786514665,-0.40063184481898645
5.661,-0.012879609544469872,0.19194603434178248,0.1827589392959439,0.0011519015774271375,0.3250989947788862,-0.12310508491591
5.662,-0.012879609544469872,0.19194603434178248,0.1827589392959439,0.0011856643626683384,0.32495146614251524,0.3203473451370444
5.663,-0.012879609544469872,0.19194603434178248,0.1827589392959439,-0.0004777522030905223,-0.12405876523545929,0.31828404089103013
5.664,-0.012879609544469872,-0.8080539656582175,0.1827589392959439,-0.0015484615552496723,-0.40124826178323303,-0.120744013018405
5.665,-0.012879609544469872,0.19194603434178248,-0.8172410607040561,-0.00047554780874328436,-0.12392169432191796,-0.3879213071687143
5.666,-0.012879609544469872,0.19194603434178248,0.1827589392959439,0.0012847612128932344,0.32423411994715984,-0.11896780294236017
5.667,-0.012879609544469872,0.19194603434178248,0.1827589392959439,0.0012734361540699787,0.32402714498259444,0.30900204356549804
5.668,-0.012879609544469872,0.19194603434178248,0.1827589392959439,-0.0004942090056208812,-0.12368472136678248,0.30646004453475667
5.669,-0.012879609544469872,-0.8080539656582175,0.1827589392959439,-0.001551349595365842,-0.39997494266140726,-0.11605927224741312
5.67,-0.012879609544469872,0.19194603434178248,-0.8172410607040561,-0.00046306704036465146,-0.12351070618124284,-0.37226360826156485
5.671,-0.012879609544469872,0.19194603434178248,0.1827589392959439,0.0012046180635937544,0.32311845182353205,-0.11399095285717746
5.672,-0.012879609544469872,0.19194603434178248,0.1827589392959439,0.0011596804040474033,0.3228772486419702,0.2956520286203798
5.673,-0.012879609544469872,0.19194603434178248,0.1827589392959439,-0.00043180884179869417,-0.1232350575566062,0.2928316702370401
5.674,-0.012879609544469872,-0.8080539656582175,0.1827589392959439,-0.0013217183064028726,-0.39849345791665847,-0.1107638945934526
5.675,-0.012879609544469872,0.19194603434178248,-0.8172410607040561,-0.00038534394421588166,-0.12304746247108464,-0.3548907257753453
5.676,-0.012879609544469872,0.19194603434178248,0.1827589392959439,0.0009547162678688533,0.3218995272648573,-0.10856619011497404
5.677,-0.012879609544469872,0.19194603434178248,0.1827589392959439,0.0008902360998611102,0.32165929231314117,0.2813468213510666
5.678,-0.012879609544469872,0.19194603434178248,0.1827589392959439,-0.0003124396379860795,-0.1227734223734122,0.27846794775503364
5.679,-0.012879609544469872,-0.8080539656582175,0.1827589392959439,-0.0009283324182032168,-0.39702029228471375,-0.10527189662873518
5.68,-0.012879609544469872,0.19194603434178248,-0.8172410607040561,-0.00026253936057449225,-0.12260177622934403,-0.3371549083800669
5.681,-0.012879609544469872,0.19194603434178248,0.1827589392959439,0.0005988618427156231,0.32076660972911486,-0.10311342019949941
5.682,-0.012879609544469872,0.19194603434178248,0.1827589392959439,0.0005282802318611979,0.32056816082221484,0.26718648299945297
5.683,-0.012879609544469872,0.19194603434178248,0.1827589392959439,-0.00016426765817890686,-0.12237593339333963,0.2644648871340611
5.684,-0.012879609544469872,-0.8080539656582175,0.1827589392959439,-0.00045568642184142,-0.3958060251024633,-0.09999864605669334
5.685,-0.012879609544469872,0.19194603434178248,-0.8172410607040561,-0.0001185262498980651,-0.12225193892450416,-0.3203838991986429
5.686,-0.012879609544469872,0.19194603434178248,0.1827589392959439,0.00020855915984702617,0.3199254982758318,-0.09803616110988249
5.687,-0.012879609544469872,0.19194603434178248,0.1827589392959439,0.00014221413066152039,0.31980933651847754,0.2542055498430395
5.688,-0.012879609544469872,0.19194603434178248,0.1827589392959439,-1.623988949778167e-05,-0.12212041047556783,0.25183080265562907
5.689,-0.012879609544469872,-0.8080539656582175,0.1827589392959439,1.1411360658765434e-05,-0.39509885964213104,-0.09531778925321267
5.69,-0.012879609544469872,0.19194603434178248,0.1827589392959439,2.3105967728729585e-05,-0.12207300647747456,-0.30574463916049005
5.691,-0.012879609544469872,0.19194603434178248,0.1827589392959439,-0.00014949098162601998,0.31956690578948305,-0.09368058268926927
5.692,-0.012879609544469872,0.19194603434178248,0.1827589392959439,-0.00020566873436202033,0.3195664663335713,0.243269289283531
5.693,-0.012879609544469872,0.19194603434178248,0.1827589392959439,0.00010691689977862557,-0.12207375901010702,0.24138659168748328
5.694,-0.012879609544469872,-0.8080539656582175,0.1827589392959439,0.000401321602998078,-0.3951032465341958,-0.09152486201749879
5.695,-0.012879609544469872,0.19194603434178248,-0.8172410607040561,0.00014242284473698483,-0.12212392076374715,-0.2941316268997122
5.696,-0.012879609544469872,0.19194603434178248,0.1827589392959439,-0.00042354429870719736,0.3198327353996934,-0.09030305779617759
5.697,-0.012879609544469872,0.19194603434178248,0.1827589392959439,-0.00046804697500344084,0.3199678175968755,0.23499445048138054
5.698,-0.012879609544469872,0.19194603434178248,0.1827589392959439,0.00018840077619395264,-0.12227931307110866,0.23369258301722476
5.699,-0.012879609544469872,-0.8080539656582175,0.1827589392959439,0.0006651930364218674,-0.39593966896289445,-0.08881178629766043
5.7,-0.012879609544469872,0.19194603434178248,0.1827589392959439,0.0002254884954086822,-0.1224353956354867,-0.28609269197496257
5.701,-0.012879609544469872,0.19194603434178248,0.1827589392959439,-0.0005832281892447703,0.3207854100664477,-0.08804988558668929
5.702,-0.012879609544469872,0.19194603434178248,0.1827589392959439,-0.0006178796261282082,0.32105685636664866,0.2297033150718232
5.703,-0.012879609544469872,0.19194603434178248,0.1827589392959439,0.0002212367843198383,-0.12274615396769019,0.2290099268508237
5.704,-0.012879609544469872,-0.8080539656582175,0.1827589392959439,0.0007816351436973565,-0.39761213030562165,-0.08725496665221574
5.705,-0.012879609544469872,0.19194603434178248,-0.8172410607040561,0.00026549393826701275,-0.12300058126930807,-0.28179983066304876
5.706,-0.012879609544469872,0.19194603434178248,0.1827589392959439,-0.0006215976459639692,0.32238547162379205,-0.086951188287702
5.707,-0.012879609544469872,0.19194603434178248,0.1827589392959439,-0.0006497735624121192,0.3227720765281662,0.227415320984246
5.708,-0.012879609544469872,0.19194603434178248,0.1827589392959439,0.00020822768806688085,-0.1234423162489919,0.227299803430527
5.709,-0.012879609544469872,-0.8080539656582175,0.1827589392959439,0.000756294500837065,-0.39998933904461514,-0.08681785357003459
5.71,-0.012879609544469872,0.19194603434178248,-0.8172410607040561,0.00026269301565528803,-0.12377028679067055,-0.28106664309340623
5.711,-0.012879609544469872,0.19194603434178248,0.1827589392959439,-0.0005530039182696114,0.3244818888184403,-0.0869290636732732
5.712,-0.012879609544469872,0.19194603434178248,0.1827589392959439,-0.0005777064110557164,0.3249402654056903,0.22787545074903282
5.713,-0.012879609544469872,0.19194603434178248,0.1827589392959439,0.00016015938649657172,-0.12429337264181155,0.2282586205500105
5.714,-0.012879609544469872,-0.8080539656582175,0.1827589392959439,0.0006170401146605522,-0.4028040286456648,-0.08736689017761937
5.715,-0.012879609544469872,0.19194603434178248,-0.8172410607040561,0.00022334084632598232,-0.12465400157164398,-0.2834076405769313
5.716,-0.012879609544469872,0.19194603434178248,0.1827589392959439,-0.0004076327269036365,0.32681795966799326,-0.0878181621577361
5.717,-0.012879609544469872,0.19194603434178248,0.1827589392959439,-0.0004299530430332128,0.3272857002657246,0.23061365305945974
5.718,-0.012879609544469872,0.19194603434178248,0.1827589392959439,9.275819118514921e-05,-0.12518719544646514,0.23138256678204383
5.719,-0.012879609544469872,-0.8080539656582175,0.1827589392959439,0.00040610771002095274,-0.4056724567119138,-0.08869797852685131
5.72,-0.012879609544469872,0.19194603434178248,-0.8172410607040561,0.00015794337861647253,-0.12552717450432804,-0.28812914739111206
5.721,-0.012879609544469872,0.19194603434178248,0.1827589392959439,-0.00022403991747015005,0.3290535543638714,-0.0893952209561785
5.722,-0.012879609544469872,0.19194603434178248,0.1827589392959439,-0.00024241046216091629,0.32945554674187805,0.2350255028018341
5.723,-0.012879609544469872,0.19194603434178248,0.1827589392959439,2.30774623785123e-05,-0.12598481603431513,0.23605107250947321
5.724,-0.012879609544469872,-0.8080539656582175,0.1827589392959439,0.0001709014187834382,-0.40813322121249185,-0.09056924667222224
5.725,-0.012879609544469872,0.19194603434178248,-0.8172410607040561,7.917449009436828e-05,-0.12624429559089878,-0.29443749903468136
5.726,-0.012879609544469872,0.19194603434178248,0.1827589392959439,-4.120986540658947e-05,0.3308020210257446,-0.09141296411686181
5.727,-0.012879609544469872,0.19194603434178248,0.1827589392959439,-5.162482607635321e-05,0.33105929185351557,0.24046168851186947
5.728,-0.012879609544469872,0.19194603434178248,0.1827589392959439,-3.396399552955876e-05,-0.12653637293992678,0.24161645889341857
5.729,-0.012879609544469872,-0.8080539656582175,0.1827589392959439,-4.482372033962081e-05,-0.4097015380013746,-0.09273516566936461
5.73,-0.012879609544469872,0.19194603434178248,0.1827589392959439,-1.9590953458189624e-07,-0.12665641117559676,-0.3015483273444223
5.731,-0.012879609544469872,0.19194603434178248,0.1827589392959439,0.00010842246746308731,0.3316777318791307,-0.0936333312718738
5.732,-0.012879609544469872,0.19194603434178248,0.1827589392959439,0.00011129435939430855,0.33171776124265784,0.24631313275576974
5.733,-0.012879609544469872,0.19194603434178248,0.1827589392959439,-6.825891778958074e-05,-0.12670029558850385,0.2474866617734227
5.734,-0.012879609544469872,-0.8080539656582175,0.1827589392959439,-0.0002079438777158063,-0.409932507765151,-0.09497706528255936
5.735,-0.012879609544469872,0.19194603434178248,-0.8172410607040561,-6.907937432553755e-05,-0.12663093628237226,-0.3087812074477283
5.736,-0.012879609544469872,0.19194603434178248,0.1827589392959439,0.00020387033064739687,0.331348353680244,-0.09585529674447155
5.737,-0.012879609544469872,0.19194603434178248,0.1827589392959439,0.00022498728461979592,0.33111550856549865,0.2520797195312262
5.738,-0.012879609544469872,0.19194603434178248,0.1827589392959439,-7.59699539835909e-05,-0.12636325177781715,0.2531894647596593
5.739,-0.012879609544469872,-0.8080539656582175,0.1827589392959439,-0.00030014469901260883,-0.4084850915724629,-0.0971258298822708
5.74,-0.012879609544469872,0.19194603434178248,0.1827589392959439,-0.00011935723940925687,-0.12607113257697597,-0.3156267540219981
5.741,-0.012879609544469872,0.19194603434178248,0.1827589392959439,0.0002377868175564248,0.32958480328238665,-0.09793354074602453
5.742,-0.012879609544469872,0.19194603434178248,0.1827589392959439,0.00027990725511698616,0.32904942711195045,0.25741355148118233
5.743,-0.012879609544469872,0.19194603434178248,0.1827589392959439,-5.960011729440485e-05,-0.12545810098906213,0.25840993417281466
5.744,-0.012879609544469872,-0.8080539656582175,0.1827589392959439,-0.0003189248111591096,-0.40517783621750764,-0.09907391259016606
5.745,-0.012879609544469872,0.19194603434178248,-0.8172410607040561,-0.00014658321818036306,-0.124932489543127,-0.3217779740646182
5.746,-0.012879609544469872,0.19194603434178248,0.1827589392959439,0.00021587059066283747,0.32630171135895614,-0.099785785688732
5.747,-0.012879609544469872,0.19194603434178248,0.1827589392959439,0.00027809433621216553,0.32546650735168703,0.26213194436389303
5.748,-0.012879609544469872,0.19194603434178248,0.1827589392959439,-2.6783332981960924e-05,-0.12397720373021574,0.26299722576097956
5.749,-0.012879609544469872,-0.8080539656582175,0.1827589392959439,-0.00027564844747282754,-0.40002800551754086,-0.10077558059138302
5.75,-0.012879609544469872,0.19194603434178248,-0.8172410607040561,-0.00015009565059473452,-0.12323351794748696,-0.32712359320559997
5.751,-0.012879609544469872,0.19194603434178248,0.1827589392959439,0.00015391564376083055,0.32158213468070135,-0.1013884768362308
5.752,-0.012879609544469872,0.19194603434178248,0.1827589392959439,0.0002310075697859516,0.32048478764760135,0.2662003322449021
5.753,-0.012879609544469872,0.19194603434178248,0.1827589392959439,1.1859377875703622e-05,-0.12197894207262314,0.266941943544367
5.754,-0.012879609544469872,-0.8080539656582175,0.1827589392959439,-0.00019136094768470308,-0.3932676497525377,-0.10223622505681809
5.755,-0.012879609544469872,0.19194603434178248,-0.8172410607040561,-0.00013260949384174712,-0.12105911619605574,-0.3317072626038367
5.756,-0.012879609544469872,0.19194603434178248,0.1827589392959439,7.331677383578251e-05,0.3156821397067172,-0.10276237959995053
5.757,-0.012879609544469872,0.19194603434178248,0.1827589392959439,0.00015604551729395545,0.3143935965168893,0.2696901356134623
5.758,-0.012879609544469872,0.19194603434178248,0.1827589392959439,4.529703654052988e-05,-0.11958614980764465,0.2703299971988783
5.759,-0.012879609544469872,-0.8080539656582175,0.1827589392959439,-9.139222889230682e-05,-0.38533305499431975,-0.10349333638438488
5.76,-0.012879609544469872,0.19194603434178248,-0.8172410607040561,-9.941038485898618e-05,-0.11855562004659242,-0.33566205776745695
5.761,-0.012879609544469872,0.19194603434178248,0.1827589392959439,-3.959183665524965e-06,0.3090134855722592,-0.10395128958811267
5.762,-0.012879609544469872,0.19194603434178248,0.1827589392959439,7.252553725241466e-05,0.3076318943641271,0.27272067031606356
5.763,-0.012879609544469872,0.19194603434178248,0.1827589392959439,6.45490998044859e-05,-0.11697621971582156,0.2732826757698739
5.764,-0.012879609544469872,-0.8080539656582175,0.1827589392959439,1.2901731005582194e-07,-0.3768275633995748,-0.10459308027712598
5.765,-0.012879609544469872,0.19194603434178248,-0.8172410607040561,-5.7302335617381205e-05,-0.11591776422851163,-0.3391336267936164
5.766,-0.012879609544469872,0.19194603434178248,0.1827589392959439,-5.9930101551411523e-05,0.30210560227263217,-0.10499814774046358
5.767,-0.012879609544469872,0.19194603434178248,0.1827589392959439,-2.1137811022331143e-06,0.30074651212463227,0.2753967047422215
5.768,-0.012879609544469872,0.19194603434178248,0.1827589392959439,6.453952562201343e-05,-0.1143637997670412,0.27589482706313223
5.769,-0.012879609544469872,-0.8080539656582175,0.1827589392959439,6.483805784828408e-05,-0.36846144120431273,-0.10556709721283242
5.77,-0.012879609544469872,0.19194603434178248,-0.8172410607040561,-1.3469440189720685e-05,-0.11336891120813265,-0.3422070933502233
5.771,-0.012879609544469872,0.19194603434178248,0.1827589392959439,-8.386400472689706e-05,0.2955509636144018,-0.1059232424788697
5.772,-0.012879609544469872,0.19194603434178248,0.1827589392959439,-5.5255857171755517e-05,0.29433492187650284,0.27775388931143286
5.773,-0.012879609544469872,0.19194603434178248,0.1827589392959439,4.500694046541593e-05,-0.11197804343671802,0.27818324207324874
5.774,-0.012879609544469872,-0.8080539656582175,0.1827589392959439,9.303864440752625e-05,-0.3609757552219157,-0.10641407095285856
5.775,-0.012879609544469872,0.19194603434178248,-0.8172410607040561,2.5595763210315284e-05,-0.11113687243413782,-0.3448520670921833
5.776,-0.012879609544469872,0.19194603434178248,0.1827589392959439,-7.375373925455205e-05,0.2899403665102035,-0.1067087938620681
5.777,-0.012879609544469872,0.19194603434178248,0.1827589392959439,-8.078627564973445e-05,0.2889794402974364,0.279722866127445
5.778,-0.012879609544469872,0.19194603434178248,0.1827589392959439,1.0342307827082774e-05,-0.11003718509987795,0.2800555363047626
5.779,-0.012879609544469872,-0.8080539656582175,0.1827589392959439,8.459211862779353e-05,-0.35505961073158954,-0.10708977433409009
5.78,-0.012879609544469872,0.19194603434178248,0.1827589392959439,5.4965282678873175e-05,-0.10942831542804958,-0.3468969520452851
5.781,-0.012879609544469872,0.19194603434178248,0.1827589392959439,-3.58840716168958e-05,0.285796184815697,-0.10729310388968843
5.782,-0.012879609544469872,0.19194603434178248,0.1827589392959439,-7.936474951295663e-05,0.28518111656870104,0.2811196200648842
5.783,-0.012879609544469872,0.19194603434178248,0.1827589392959439,-3.155232641004802e-05,-0.10872364681443537,0.28130626000553455
5.784,-0.012879609544469872,-0.8080539656582175,0.1827589392959439,4.783578001101053e-05,-0.3512712368883349,-0.10750782776337367
5.785,-0.012879609544469872,0.19194603434178248,-0.8172410607040561,7.184891126354431e-05,-0.10840501287428864,-0.34803864979406157
5.786,-0.012879609544469872,0.19194603434178248,0.1827589392959439,1.7255363205283384e-05,0.2835121244068672,-0.10757579182666212
5.787,-0.012879609544469872,0.19194603434178248,0.1827589392959439,-5.7400240739163216e-05,0.2833017789496113,0.2816650549370094
5.788,-0.012879609544469872,0.19194603434178248,0.1827589392959439,-7.109912418202139e-05,-0.1081628779572435,0.2816422082952613
5.789,-0.012879609544469872,0.19194603434178248,0.1827589392959439,-3.07175876725634e-06,-0.34997309459905135,-0.10755152701609226
5.79,-0.012879609544469872,0.19194603434178248,-0.8172410607040561,7.580591579119443e-05,-0.1081650028442208,-0.3478875264523073
5.791,-0.012879609544469872,0.19194603434178248,0.1827589392959439,7.016664338700848e-05,0.283307283274695,-0.10743367558620882
5.792,-0.012879609544469872,0.19194603434178248,0.1827589392959439,-2.504908236973656e-05,0.2835217600619439,0.28103159309821035
5.793,-0.012879609544469872,0.19194603434178248,0.1827589392959439,-9.916427936570788e-05,-0.10840867867819903,0.2807336954295506
5.794,-0.012879609544469872,-0.8080539656582175,0.1827589392959439,-5.173290841663234e-05,-0.35128945210285256,-0.10709511160304429
5.795,-0.012879609544469872,0.19194603434178248,-0.8172410607040561,6.857937259876747e-05,-0.10873111386987482,-0.34604114697709193
5.796,-0.012879609544469872,0.19194603434178248,0.1827589392959439,0.0001079392592849421,0.28520050644056233,-0.10674492435987121
5.797,-0.012879609544469872,0.19194603434178248,0.1827589392959439,6.3111003132652604e-06,0.28581881445384555,0.2789096406247775
5.798,-0.012879609544469872,0.19194603434178248,0.1827589392959439,-0.00010901596040416575,-0.10943692224048697,0.2782837487770881
5.799,-0.012879609544469872,-0.8080539656582175,0.1827589392959439,-8.326588739451404e-05,-0.3550919604518747,-0.10603107635110685
5.8,-0.012879609544469872,0.19194603434178248,-0.8172410607040561,5.358735399346727e-05,-0.11004834940135017,-0.3421748184912342
5.801,-0.012879609544469872,0.19194603434178248,0.1827589392959439,0.00011951367122674466,0.2890083720189917,-0.1054175119677221
5.802,-0.012879609544469872,0.19194603434178248,0.1827589392959439,2.6633318977233675e-05,0.2899709632433908,0.2750828521141931
5.803,-0.012879609544469872,0.19194603434178248,0.1827589392959439,-9.77275015631122e-05,-0.11114848724380577,0.27410356672332387
5.804,-0.012879609544469872,-0.8080539656582175,0.1827589392959439,-8.750944148715841e-05,-0.36101507471262007,-0.10429887280918525
5.805,-0.012879609544469872,0.19194603434178248,0.1827589392959439,3.515474360674466e-05,-0.11199045860738464,-0.33613334605710765
5.806,-0.012879609544469872,0.19194603434178248,0.1827589392959439,9.999702743577847e-05,0.29436702719468,-0.10341701580998867
5.807,-0.012879609544469872,0.19194603434178248,0.1827589392959439,2.931921253501495e-05,0.2955828433465644,0.269498939081416
5.808,-0.012879609544469872,0.19194603434178248,0.1827589392959439,-6.676181261321464e-05,-0.11338099517810246,0.26818079651427135
5.809,-0.012879609544469872,-0.8080539656582175,0.1827589392959439,-6.111038361400237e-05,-0.36849923048540667,-0.10190982420381298
5.81,-0.012879609544469872,0.19194603434178248,-0.8172410607040561,1.7612198773147525e-05,-0.11437481034154694,-0.3280072391428019
5.811,-0.012879609544469872,0.19194603434178248,0.1827589392959439,5.163478217632705e-05,0.3007749542296264,-0.10078861225747411
5.812,-0.012879609544469872,0.19194603434178248,0.1827589392959439,1.2550503233167387e-05,0.3021320514503393,0.262322704238088
5.813,-0.012879609544469872,0.19194603434178248,0.1827589392959439,-2.164786693674882e-05,-0.1159277943672003,0.26072757149659304
5.814,-0.012879609544469872,-0.8080539656582175,0.1827589392959439,-8.166353843736351e-06,-0.3768560576653606,-0.09896339620073782
5.815,-0.012879609544469872,0.19194603434178248,-0.8172410607040561,4.417005020543528e-06,-0.11698360580931313,-0.31817818335090553
5.816,-0.012879609544469872,0.19194603434178248,0.1827589392959439,-1.668309752562104e-05,0.30765103097763735,-0.09766877288667354
5.817,-0.012879609544469872,0.19194603434178248,0.1827589392959439,-2.0366150763567793e-05,0.3090293914585656,0.253960129766702
5.818,-0.012879609544469872,0.19194603434178248,0.1827589392959439,2.915578529726061e-05,-0.11856170085234524,0.25219781127276186
5.819,-0.012879609544469872,-0.8080539656582175,0.1827589392959439,6.0628414794476723e-05,-0.3853471040192975,-0.0956511017672023
5.82,-0.012879609544469872,0.19194603434178248,-0.8172410607040561,-2.5431669025332166e-06,-0.11958866443675702,-0.3073227457656861
5.821,-0.012879609544469872,0.19194603434178248,0.1827589392959439,-9.122608765408539e-05,0.31440033675164253,-0.09428358987304036
5.822,-0.012879609544469872,0.19194603434178248,0.1827589392959439,-6.166951856487498e-05,0.3156852171973944,0.24504642864836662
5.823,-0.012879609544469872,0.19194603434178248,0.1827589392959439,7.595902320970436e-05,-0.12106042876592657,0.24326769305599902
5.824,-0.012879609544469872,-0.8080539656582175,0.1827589392959439,0.00013012385836892504,-0.39326593582762703,-0.09224611660281562
5.825,-0.012879609544469872,0.19194603434178248,-0.8172410607040561,-3.3234873950783884e-06,-0.12197660572609872,-0.29636943284924955
5.826,-0.012879609544469872,0.19194603434178248,0.1827589392959439,-0.00015615290412806734,0.32047930093457466,-0.09093265063035985
5.827,-0.012879609544469872,0.19194603434178248,0.1827589392959439,-0.00010069295718496688,0.3215734384562803,0.23639639534455215
5.828,-0.012879609544469872,0.19194603434178248,0.1827589392959439,0.00010974867242132024,-0.12323049306668818,0.23477880505471238
5.829,-0.012879609544469872,-0.8080539656582175,0.1827589392959439,0.0001837217461140168,-0.4000132873800139,-0.0890788767244809
5.83,-0.012879609544469872,0.19194603434178248,-0.8172410607040561,1.1893210621382829e-07,-0.1239712785760502,-0.2864114524493503
5.831,-0.012879609544469872,0.19194603434178248,0.1827589392959439,-0.0001966371697118454,0.32545209910541983,-0.08795964297129973
5.832,-0.012879609544469872,0.19194603434178248,0.1827589392959439,-0.00012601867838197992,0.3262852947682455,0.22892134650866539
5.833,-0.012879609544469872,0.19194603434178248,0.1827589392959439,0.0001239304374616873,-0.12492665867627965,0.22764944203418877
5.834,-0.012879609544469872,-0.8080539656582175,0.1827589392959439,0.00020670252718202626,-0.40515614378068726,-0.08650118634784165
5.835,-0.012879609544469872,0.19194603434178248,-0.8172410607040561,4.3987601364977356e-06,-0.12545074513231896,-0.27858473455764826
5.836,-0.012879609544469872,0.19194603434178248,0.1827589392959439,-0.00020181450673241113,0.32903160056164815,-0.08571305325208589
5.837,-0.012879609544469872,0.19194603434178248,0.1827589392959439,-0.00012786958409141878,0.3295665955320714,0.22352249872726393
5.838,-0.012879609544469872,0.19194603434178248,0.1827589392959439,0.0001155755640168429,-0.12606469061379955,0.22276486998107478
5.839,-0.012879609544469872,-0.8080539656582175,0.1827589392959439,0.00018928854344648824,-0.40846405718909445,-0.08484332779649971
5.84,-0.012879609544469872,0.19194603434178248,0.1827589392959439,5.542444307200836e-06,-0.12635693386850017,-0.27392680151234994
5.841,-0.012879609544469872,0.19194603434178248,0.1827589392959439,-0.00016703182772872553,0.33110043675842743,-0.08450207475047418
5.842,-0.012879609544469872,0.19194603434178248,0.1827589392959439,-0.00010033024468037746,0.3313345246659463,0.22097490082632354
5.843,-0.012879609544469872,0.19194603434178248,0.1827589392959439,8.59526845942771e-05,-0.12662612322439198,0.22086130805419923
5.844,-0.012879609544469872,-0.8080539656582175,0.1827589392959439,0.00012891569634523978,-0.40991924165847565,-0.08437001784921726
5.845,-0.012879609544469872,0.19194603434178248,0.1827589392959439,4.518979229967748e-08,-0.12669711257231042,-0.2732359623950994
5.846,-0.012879609544469872,0.19194603434178248,0.1827589392959439,-9.501640546075866e-05,0.3317105480557223,-0.08455388302751876
5.847,-0.012879609544469872,0.19194603434178248,0.1827589392959439,-4.300432272985878e-05,0.33167295113669304,0.22181831296303237
5.848,-0.012879609544469872,0.19194603434178248,0.1827589392959439,4.027024574303362e-05,-0.12665486872431747,0.22242019195184742
5.849,-0.012879609544469872,-0.8080539656582175,0.1827589392959439,3.1315631277031e-05,-0.4097005835428106,-0.08524156585650444
5.85,-0.012879609544469872,0.19194603434178248,-0.8172410607040561,-1.4067203631043164e-05,-0.12653744322021304,-0.27695136349660887
5.851,-0.012879609544469872,0.19194603434178248,0.1827589392959439,4.228653493601924e-06,0.33106246697217173,-0.0859785743206538
5.852,-0.012879609544469872,0.19194603434178248,0.1827589392959439,3.821361032013732e-05,0.33080805876125297,0.2262712859451844
5.853,-0.012879609544469872,0.19194603434178248,0.1827589392959439,-1.3294683530007995e-05,-0.12624656626159778,0.22758864419235
5.854,-0.012879609544469872,-0.8080539656582175,0.1827589392959439,-8.980711557026847e-05,-0.4081451259380643,-0.08748615219234797
5.855,-0.012879609544469872,0.19194603434178248,-0.8172410607040561,-3.641059690992611e-05,-0.12598990852739433,-0.2850724036472445
5.856,-0.012879609544469872,0.19194603434178248,0.1827589392959439,0.0001147886242291403,0.3294681980611723,-0.08874725208862856
5.857,-0.012879609544469872,0.19194603434178248,0.1827589392959439,0.00013145502535261795,0.3290686050201554,0.23418208768299864
5.858,-0.012879609544469872,0.19194603434178248,0.1827589392959439,-6.507883930897534e-05,-0.1255324813957593,0.23613900533600737
5.859,-0.012879609544469872,-0.8080539656582175,0.1827589392959439,-0.000214509880898554,-0.4056933627783886,-0.0909877990350155
5.86,-0.012879609544469872,0.19194603434178248,-0.8172410607040561,-6.386780067875773e-05,-0.12519470325168178,-0.29713113579185685
5.861,-0.012879609544469872,0.19194603434178248,0.1827589392959439,0.00021725387246816826,0.3273035041653645,-0.09268708090826848
5.862,-0.012879609544469872,0.19194603434178248,0.1827589392959439,0.00022033067987741524,0.32683690418718186,0.24502537364634747
5.863,-0.012879609544469872,0.19194603434178248,0.1827589392959439,-0.00010564361894515852,-0.12466038192241174,0.24747517215631104
5.864,-0.012879609544469872,-0.8080539656582175,0.1827589392959439,-0.00031955647961127515,-0.40282644863838724,-0.09549252753493707
5.865,-0.012879609544469872,0.19194603434178248,0.1827589392959439,-9.081657465310093e-05,-0.12430065913914645,-0.3122241845128841
5.866,-0.012879609544469872,0.19194603434178248,0.1827589392959439,0.0002918281574891546,0.3249564613841513,-0.09749483437276768
5.867,-0.012879609544469872,0.19194603434178248,0.1827589392959439,0.00028639161578904225,0.3244974863290017,0.2579472640535643
5.868,-0.012879609544469872,0.19194603434178248,0.1827589392959439,-0.00012740868403597497,-0.12377506628072436,0.2606870603574036
5.869,-0.012879609544469872,-0.8080539656582175,0.1827589392959439,-0.00038218409344601735,-0.4000039926231966,-0.10063267999842689
5.87,-0.012879609544469872,0.19194603434178248,-0.8172410607040561,-0.00010999930439746053,-0.12344636955200412,-0.3291024233302121
5.871,-0.012879609544469872,0.19194603434178248,0.1827589392959439,0.00032166981895129514,0.3227791963763307,-0.10276787301725444
5.872,-0.012879609544469872,0.19194603434178248,0.1827589392959439,0.0003122937021548957,0.3223902363508027,0.2718546707755139
5.873,-0.012879609544469872,0.19194603434178248,0.1827589392959439,-0.00012593633119117276,-0.12300108863217653,0.2746476917316372
5.874,-0.012879609544469872,-0.8080539656582175,0.1827589392959439,-0.00038416316027271424,-0.39761044178238647,-0.10596679877596665
5.875,-0.012879609544469872,0.19194603434178248,-0.8172410607040561,-0.00011393895889869751,-0.12274440435280656,-0.34630838601107394
5.876,-0.012879609544469872,0.19194603434178248,0.1827589392959439,0.00029597197302528395,0.3210488154287504,-0.10804897950946947
5.877,-0.012879609544469872,0.19194603434178248,0.1827589392959439,0.000285210535011148,0.3207737409815676,0.28553831520482786
5.878,-0.012879609544469872,0.19194603434178248,0.1827589392959439,-0.00010067292488416546,-0.12242974963798077,0.2881412053547167
5.879,-0.012879609544469872,-0.8080539656582175,0.1827589392959439,-0.00031553961028718016,-0.3959163326885767,-0.11103017826435096
5.88,-0.012879609544469872,0.19194603434178248,-0.8172410607040561,-9.66732055227349e-05,-0.12227041732581921,-0.3623443616147948
5.881,-0.012879609544469872,0.19194603434178248,0.1827589392959439,0.00021231411450961147,0.31994185729463587,-0.11287942537487054
5.882,-0.012879609544469872,0.19194603434178248,0.1827589392959439,0.0001999387994178356,0.31980277222470493,0.2978138516830709
5.883,-0.012879609544469872,0.19194603434178248,0.1827589392959439,-5.505709227169706e-05,-0.12211169134361295,0.3000054394420903
5.884,-0.012879609544469872,-0.8080539656582175,0.1827589392959439,-0.00017744040368200163,-0.39505820681317566,-0.1153895850777523
5.885,-0.012879609544469872,0.19194603434178248,-0.8172410607040561,-5.547581012496135e-05,-0.12205814940601285,-0.3758494040634451
5.886,-0.012879609544469872,0.19194603434178248,0.1827589392959439,7.789861655227132e-05,0.3195244361353224,-0.11685335752706884
5.887,-0.012879609544469872,0.19194603434178248,0.1827589392959439,6.111321788021438e-05,0.3195216132616217,0.30766262420145
5.888,-0.012879609544469872,0.19194603434178248,0.1827589392959439,3.989037649671877e-06,-0.12205556819250839,0.3092703360454437
5.889,-0.012879609544469872,-0.8080539656582175,0.1827589392959439,1.6604178238295904e-05,-0.39503814687362754,-0.11869492306772118
5.89,-0.012879609544469872,0.19194603434178248,-0.8172410607040561,7.812593179601547e-06,-0.12210044835715211,-0.3857618034747832
5.891,-0.012879609544469872,0.19194603434178248,0.1827589392959439,-9.058797212025663e-05,0.3197579270363792,-0.11966627442888778
5.892,-0.012879609544469872,0.19194603434178248,0.1827589392959439,-0.00011598811206217868,0.31987263156994955,0.3143532918447184
5.893,-0.012879609544469872,0.19194603434178248,0.1827589392959439,6.707896973469587e-05,-0.12223239670842044,0.3152736678356318
5.894,-0.012879609544469872,-0.8080539656582175,0.1827589392959439,0.00024121303817320822,-0.3957411266511387,-0.12072092189974573
5.895,-0.012879609544469872,0.19194603434178248,-0.8172410607040561,8.619628936843376e-05,-0.12235559110598743,-0.39144520448888787
5.896,-0.012879609544469872,0.19194603434178248,0.1827589392959439,-0.000268588016996121,0.3205179259117781,-0.12115106966147285
5.897,-0.012879609544469872,0.19194603434178248,0.1827589392959439,-0.0003064070864308731,0.32071745931858653,0.3175279348833333
5.898,-0.012879609544469872,0.19194603434178248,0.1827589392959439,0.00012372379220414962,-0.12258443882938629,0.3177384694299433
5.899,-0.012879609544469872,-0.8080539656582175,0.1827589392959439,0.0004617425597248946,-0.3969660678854457,-0.1213932175329952
5.9,-0.012879609544469872,0.19194603434178248,-0.8172410607040561,0.000167927483727433,-0.12275752527347011,-0.3927613128809713
5.901,-0.012879609544469872,0.19194603434178248,0.1827589392959439,-0.00042667585303338666,0.32162257978032793,-0.12129676237161682
5.902,-0.012879609544469872,0.19194603434178248,0.1827589392959439,-0.0004783495384863238,0.3218666292703649,0.3172409783835064
5.903,-0.012879609544469872,0.19194603434178248,0.1827589392959439,0.0001638423347504082,-0.1230369473438886,0.3168016799548047
5.904,-0.012879609544469872,-0.8080539656582175,0.1827589392959439,0.0006387833941430954,-0.3984649629966415,-0.12079529133060479
5.905,-0.012879609544469872,0.19194603434178248,-0.8172410607040561,0.0002379798974839333,-0.12322822632420359,-0.3900793408179136
5.906,-0.012879609544469872,0.19194603434178248,0.1827589392959439,-0.00053467381056414,0.32286543349701197,-0.12024737851166083
5.907,-0.012879609544469872,0.19194603434178248,0.1827589392959439,-0.000597713614292705,0.3231127150320446,0.3139456756047794
5.908,-0.012879609544469872,0.19194603434178248,0.1827589392959439,0.00017922832669468953,-0.1235108562461808,0.3129901415034126
5.909,-0.012879609544469872,-0.8080539656582175,0.1827589392959439,0.0007341224544827247,-0.3999838170325073,-0.11915534293710238
5.91,-0.012879609544469872,0.19194603434178248,-0.8172410607040561,0.0002804633262328269,-0.1236902383948112,-0.3842209744479983
5.911,-0.012879609544469872,0.19194603434178248,0.1827589392959439,-0.0005664197318664057,0.32404776104029903,-0.11828115875769896
5.912,-0.012879609544469872,0.19194603434178248,0.1827589392959439,-0.0006337800867436989,0.32426199941801576,0.30843006209827883
5.913,-0.012879609544469872,0.19194603434178248,0.1827589392959439,0.00016480793758238122,-0.12393454822124854,0.30714729816627245
5.914,-0.012879609544469872,-0.8080539656582175,0.1827589392959439,0.0007174248600216715,-0.4012995026494113,-0.11681491625249242
5.915,-0.012879609544469872,0.19194603434178248,-0.8172410607040561,0.0002816383495402435,-0.12407762628718119,-0.37634846543294737
5.916,-0.012879609544469872,0.19194603434178248,0.1827589392959439,-0.000504569467140516,0.32500590879478886,-0.11577295883240406
5.917,-0.012879609544469872,0.19194603434178248,0.1827589392959439,-0.000565251582276185,0.32516038648972484,0.30171119330626817
5.918,-0.012879609544469872,0.19194603434178248,0.1827589392959439,0.00011955553417458834,-0.12425314516546047,0.3003206677437261
5.919,-0.012879609544469872,-0.8080539656582175,0.1827589392959439,0.0005726524737367625,-0.4022477826168433,-0.11418358364307574
5.92,-0.012879609544469872,0.19194603434178248,-0.8172410607040561,0.00023301949043514326,-0.12434396685160512,-0.36781118412801905
5.921,-0.012879609544469872,0.19194603434178248,0.1827589392959439,-0.0003447174706059018,0.3256303331160214,-0.11314498947390901
5.922,-0.012879609544469872,0.19194603434178248,0.1827589392959439,-0.0003856310912733981,0.3257105215288047,0.2949021237178269
5.923,-0.012879609544469872,0.19194603434178248,0.1827589392959439,4.6970269630311194e-05,-0.12443427780572157,0.29362544905325405
5.924,-0.012879609544469872,-0.8080539656582175,0.1827589392959439,0.00030311295797930224,-0.40273949685976895,-0.11168586530557295
5.925,-0.012879609544469872,0.19194603434178248,-0.8172410607040561,0.00013396381105939832,-0.12446657105864525,-0.35997152089027146
5.926,-0.012879609544469872,0.19194603434178248,0.1827589392959439,-9.809936781764728e-05,0.3258745448358627,-0.11081259093475647
5.927,-0.012879609544469872,0.19194603434178248,0.1827589392959439,-0.00010687931467212538,0.32587865782614756,0.2890696708425012
5.928,-0.012879609544469872,0.19194603434178248,0.1827589392959439,-4.495350300763263e-05,-0.12446990509868973,0.28810273083324034
5.929,-0.012879609544469872,-0.8080539656582175,0.1827589392959439,-6.59300249887495e-05,-0.40276392838328207,-0.10970755371644746
5.93,-0.012879609544469872,0.19194603434178248,0.1827589392959439,-6.841913992843807e-06,-0.12444675632874991,-0.3540336015460215
5.931,-0.012879609544469872,0.19194603434178248,0.1827589392959439,0.0002077748830713971,0.32575382027929944,-0.10913233359627741
5.932,-0.012879609544469872,0.19194603434178248,0.1827589392959439,0.00023958008112996275,0.3256914481210981,0.28510203316237104
5.933,-0.012879609544469872,0.19194603434178248,0.1827589392959439,-0.00014430175751047606,-0.12437437283214056,0.284591255221374
5.934,-0.012879609544469872,-0.8080539656582175,0.1827589392959439,-0.00048793246955063205,-0.4023803308534171,-0.10854859207043763
5.935,-0.012879609544469872,0.19194603434178248,-0.8172410607040561,-0.00017144893067454434,-0.1243065830353539,-0.35089754843704485
5.936,-0.012879609544469872,0.19194603434178248,0.1827589392959439,0.0005310069365341184,0.32533504634900257,-0.10835930478187918
5.937,-0.012879609544469872,0.19194603434178248,0.1827589392959439,0.0006051208879471584,0.3252242918954171,0.28360367422216415
5.938,-0.012879609544469872,0.19194603434178248,0.1827589392959439,-0.00023637159272772072,-0.1241794310336908,0.2836295147780968
5.939,-0.012879609544469872,-0.8080539656582175,0.1827589392959439,-0.0008994715171365425,-0.4017002306244422,-0.10838863364892021
5.94,-0.012879609544469872,0.19194603434178248,-0.8172410607040561,-0.00033448420242959025,-0.12408294376179387,-0.35105810909684476
5.941,-0.012879609544469872,0.19194603434178248,0.1827589392959439,0.0008198498509767861,0.32472022327345534,-0.10861905494035744
5.942,-0.012879609544469872,0.19194603434178248,0.1827589392959439,0.000929574728045246,0.3245839367644212,0.2848308121908962
5.943,-0.012879609544469872,0.19194603434178248,0.1827589392959439,-0.00030532455871618773,-0.12392730004904082,0.28540046891394777
5.944,-0.012879609544469872,-0.8080539656582175,0.1827589392959439,-0.0012282556530619677,-0.4008641941324154,-0.10926954436388481
5.945,-0.012879609544469872,0.19194603434178248,-0.8172410607040561,-0.00046666354833321317,-0.12382018862069302,-0.3545599891436657
5.946,-0.012879609544469872,0.19194603434178248,0.1827589392959439,0.0010196334537043183,0.3240268115810464,-0.10989754472630389
5.947,-0.012879609544469872,0.19194603434178248,0.1827589392959439,0.0011498443950714444,0.3238885883429047,0.28867498010359177
5.948,-0.012879609544469872,0.19194603434178248,0.1827589392959439,-0.0003362695620711262,-0.12366304472310495,0.2897250277172833
5.949,-0.012879609544469872,-0.8080539656582175,0.1827589392959439,-0.0014039883763811126,-0.40001716720450353,-0.11109668179407779
5.95,-0.012879609544469872,0.19194603434178248,-0.8172410607040561,-0.0005395561462950402,-0.12356255723084848,-0.3610141293050701
5.951,-0.012879609544469872,0.19194603434178248,0.1827589392959439,0.0010813643690632748,0.32336822647789476,-0.11204987417634527
5.952,-0.012879609544469872,0.19194603434178248,0.1827589392959439,0.0012104286374393953,0.32324879284081204,0.29469531425145506
5.953,-0.012879609544469872,0.19194603434178248,0.1827589392959439,-0.0003176036234812487,-0.12342747863522524,0.2961035723897456
5.954,-0.012879609544469872,-0.8080539656582175,0.1827589392959439,-0.0013707087571291333,-0.39928624683038455,-0.11365814730678282
5.955,-0.012879609544469872,0.19194603434178248,-0.8172410607040561,-0.0005308870774567977,-0.12334757457983397,-0.3696706434940128
5.956,-0.012879609544469872,0.19194603434178248,0.1827589392959439,0.0009708759228154963,0.3228373885481125,-0.11482595982837432
5.957,-0.012879609544469872,0.19194603434178248,0.1827589392959439,0.0010743142357195513,0.3227518721093732,0.30219347702484733
5.958,-0.012879609544469872,0.19194603434178248,0.1827589392959439,-0.00024334977906152107,-0.12325160189736538,0.3037981593634052
5.959,-0.012879609544469872,-0.8080539656582175,0.1827589392959439,-0.0010987413314746874,-0.3987639410338201,-0.11665874437989994
5.96,-0.012879609544469872,0.19194603434178248,-0.8172410607040561,-0.0004294743906971199,-0.12320129108512781,-0.3795364135128978
5.961,-0.012879609544469872,0.19194603434178248,0.1827589392959439,0.0006770977935997478,0.3224954456288601,-0.11790903087497298
5.962,-0.012879609544469872,0.19194603434178248,0.1827589392959439,0.0007323852820985932,0.32245183534710703,0.3103193916148533
5.963,-0.012879609544469872,0.19194603434178248,0.1827589392959439,-0.00011514980859175992,-0.12315322827180793,0.31194263331618544
5.964,-0.012879609544469872,-0.8080539656582175,0.1827589392959439,-0.0005941382137456684,-0.39849878831819824,-0.11976343540712527
5.965,-0.012879609544469872,0.19194603434178248,-0.8172410607040561,-0.00023885200565665693,-0.123135865674118,-0.3895195065788575
5.966,-0.012879609544469872,0.19194603434178248,0.1827589392959439,0.00021789638280077372,0.32236674944323146,-0.12096116371811248
5.967,-0.012879609544469872,0.19194603434178248,0.1827589392959439,0.00020947506992609327,0.3223656345409993,0.31819205931205286
5.968,-0.012879609544469872,0.19194603434178248,0.1827589392959439,5.64804940722963e-05,-0.1231360471252143,0.31966440484787867
5.969,-0.012879609544469872,-0.8080539656582175,0.1827589392959439,9.642500399519414e-05,-0.3984938662398842,-0.12264393814744788
5.97,-0.012879609544469872,0.19194603434178248,-0.8172410607040561,2.124685023154383e-05,-0.12314957425614345,-0.3985794394617731
5.971,-0.012879609544469872,0.19194603434178248,0.1827589392959439,-0.00035793553652475256,0.3224400860219117,-0.12366928843808976
5.972,-0.012879609544469872,0.19194603434178248,0.1827589392959439,-0.0004345108668441378,0.3224755564281258,0.325018165453001
5.973,-0.012879609544469872,0.19194603434178248,0.1827589392959439,0.00025201838137930364,-0.1231909630885247,0.3262005851366272
5.974,-0.012879609544469872,-0.8080539656582175,0.1827589392959439,0.0008868889761602067,-0.3987124435900187,-0.12502188857424135
5.975,-0.012879609544469872,0.19194603434178248,-0.8172410607040561,0.0003160843322918817,-0.12322894287278283,-0.4058622459399881
5.976,-0.012879609544469872,0.19194603434178248,0.1827589392959439,-0.0009735608712191544,0.3226751953238174,-0.1257852730245949
5.977,-0.012879609544469872,0.19194603434178248,0.1827589392959439,-0.0011093476128123032,0.32273662133463543,0.33019212570997253
5.978,-0.012879609544469872,0.19194603434178248,0.1827589392959439,0.0004442233760668471,-0.12329922317556334,0.33099260645759265
5.979,-0.012879609544469872,-0.8080539656582175,0.1827589392959439,0.0016599743282367013,-0.39908901427524096,-0.12670272679233818
5.98,-0.012879609544469872,0.19194603434178248,-0.8172410607040561,0.0005999150289594035,-0.12335241138679348,-0.41080224476461286
5.981,-0.012879609544469872,0.19194603434178248,0.1827589392959439,-0.0015322190401013398,0.3230129105482734,-0.1271547724533627
5.982,-0.012879609544469872,0.19194603434178248,0.1827589392959439,-0.0017051859549624985,0.32308721686036085,0.33336447934523034
5.983,-0.012879609544469872,0.19194603434178248,0.1827589392959439,0.0006009782037367649,-0.1234366222489529,0.33374712151043184
5.984,-0.012879609544469872,-0.8080539656582175,0.1827589392959439,0.002281989922743114,-0.3995433249372063,-0.12759600671243226
5.985,-0.012879609544469872,0.19194603434178248,-0.8172410607040561,0.0008224290696120338,-0.12349476626757788,-0.4131778484468718
5.986,-0.012879609544469872,0.19194603434178248,0.1827589392959439,-0.001930115781877744,0.32338688427408313,-0.1277313389775848
5.987,-0.012879609544469872,0.19194603434178248,0.1827589392959439,-0.0021082386045596915,0.32346090283578427,0.33447056668683034
5.988,-0.012879609544469872,0.19194603434178248,0.1827589392959439,0.0006895659239618452,-0.12357799513892141,0.33445627448068654
5.989,-0.012879609544469872,-0.8080539656582175,0.1827589392959439,0.0026228185050205777,-0.39999482889624827,-0.12771994218555735
5.99,-0.012879609544469872,0.19194603434178248,-0.8172410607040561,0.0009368171725940665,-0.12363155256085388,-0.4131158399477916
5.991,-0.012879609544469872,0.19194603434178248,0.1827589392959439,-0.0020727096714858607,0.3237348667969773,-0.1275745442327865
5.992,-0.012879609544469872,0.19194603434178248,0.1827589392959439,-0.002219512129564348,0.32379739097729104,0.33371745366354816
5.993,-0.012879609544469872,0.19194603434178248,0.1827589392959439,0.0006819786078042917,-0.12370125545873169,0.33337655563892693
5.994,-0.012879609544469872,-0.8080539656582175,0.1827589392959439,0.002578495996510076,-0.4003752453954899,-0.12719035890083072
5.995,-0.012879609544469872,0.19194603434178248,-0.8172410607040561,0.0009082616178576311,-0.1237427747415278,-0.41104619556220057
5.996,-0.012879609544469872,0.19194603434178248,0.1827589392959439,-0.001892205280775261,0.3240078220882275,-0.12683322142549494
5.997,-0.012879609544469872,0.19194603434178248,0.1827589392959439,-0.0019738441858175634,0.3240510778179286,0.33153317900889406
5.998,-0.012879609544469872,0.19194603434178248,0.1827589392959439,0.0005605681645310432,-0.12379040399215636,0.33097147179142317
5.999,-0.012879609544469872,-0.8080539656582175,0.1827589392959439,0.002092961824009789,-0.40063748865479026,-0.12619647112510915
6.0,-0.012879609544469872,0.19194603434178248,-0.8172410607040561,0.0007214543216505358,-0.12381539370957835,-0.4076166123542517
6.001,-0.012879609544469872,0.19194603434178248,0.1827589392959439,-0.001363489931230348,0.32417572153142327,-0.12571704872534437
6.002,-0.012879609544469872,0.19194603434178248,0.1827589392959439,-0.0013560733941923337,0.3241960983297913,0.32848770157919155
6.003,-0.012879609544469872,0.19194603434178248,0.1827589392959439,0.0003231287617641624,-0.12383716488373273,0.32782830702664945
6.004,-0.012879609544469872,-0.8080539656582175,0.1827589392959439,0.0011751832098622595,-0.40076002400580585,-0.12496771834374575
6.005,-0.012879609544469872,0.19194603434178248,-0.8172410607040561,0.0003857590950315359,-0.12384438003333201,-0.4035813842962397
6.006,-0.012879609544469872,0.19194603434178248,0.1827589392959439,-0.0005155643088280487,0.3242295295042905,-0.12446125957698345
6.007,-0.012879609544469872,0.19194603434178248,0.1827589392959439,-0.000411219720700205,0.3242275514856115,0.32519866007650333
6.008,-0.012879609544469872,0.19194603434178248,0.1827589392959439,-1.3598319236140578e-05,-0.12384116968054276,0.32456259843610724
6.009,-0.012879609544469872,-0.8080539656582175,0.1827589392959439,-9.192330488304945e-05,-0.40074655735113546,-0.12373702430167435
6.01,-0.012879609544469872,0.19194603434178248,-0.8172410607040561,-6.311436974717014e-05,-0.12383234470260417,-0.39968240095473645
6.011,-0.012879609544469872,0.19194603434178248,0.1827589392959439,0.0005641896092638869,0.3241795658247385,-0.1232900673048473
6.012,-0.012879609544469872,0.19194603434178248,0.1827589392959439,0.0007538629969488448,0.3241592067569492,0.32223672009079635
6.013,-0.012879609544469872,0.19194603434178248,0.1827589392959439,-0.0004129367159914343,-0.12380885229714708,0.32172516475578494
6.014,-0.012879609544469872,-0.8080539656582175,0.1827589392959439,-0.0015534914721703143,-0.4006217258786223,-0.12270613344734353
6.015,-0.012879609544469872,0.19194603434178248,-0.8172410607040561,-0.0005655950856324487,-0.12378799496636977,-0.39654042270420703
6.016,-0.012879609544469872,0.19194603434178248,0.1827589392959439,0.001734765690518257,0.3240509899601446,-0.12238433401105352
6.017,-0.012879609544469872,0.19194603434178248,0.1827589392959439,0.0019788191734956416,0.3240185287975245,0.3200446887245062
6.018,-0.012879609544469872,0.19194603434178248,0.1827589392959439,-0.0008204843815875333,-0.12375140506241022,0.3197254856284605
6.019,-0.012879609544469872,-0.8080539656582175,0.1827589392959439,-0.0029969108565634527,-0.40042401907687347,-0.12201811863614474
6.02,-0.012879609544469872,0.19194603434178248,-0.8172410607040561,-0.0010449504962633147,-0.12372382161037011,-0.39457244222197896
6.021,-0.012879609544469872,0.19194603434178248,0.1827589392959439,0.002815948496105976,0.3238775228191382,-0.12185813151495589
6.022,-0.012879609544469872,0.19194603434178248,0.1827589392959439,0.0030681103071729457,0.323840185614198,0.3188818807080977
6.023,-0.012879609544469872,0.19194603434178248,0.1827589392959439,-0.0011697664890034979,-0.12368225334689048,0.31878215748442973
6.024,-0.012879609544469872,-0.8080539656582175,0.1827589392959439,-0.004177684783451305,-0.4001974518864406,-0.12174084811915334
6.025,-0.012879609544469872,0.19194603434178248,-0.8172410607040561,-0.0014175820547678857,-0.12365349730913285,-0.3939463043397462
6.026,-0.012879609544469872,0.19194603434178248,0.1827589392959439,0.0036115051050196285,0.3236946657552372,-0.12174729139010088
6.027,-0.012879609544469872,0.19194603434178248,0.1827589392959439,0.0038176960431842467,0.3236593034692491,0.3188008874625934
6.028,-0.012879609544469872,0.19194603434178248,0.1827589392959439,-0.0013910187418446998,-0.12361452582965778,0.31890656907337867
6.029,-0.012879609544469872,-0.8080539656582175,0.1827589392959439,-0.0048544053099284865,-0.3999835202256242,-0.12186336697773964
6.03,-0.012879609544469872,0.19194603434178248,-0.8172410607040561,-0.0016056649433029155,-0.12358945156243935,-0.3945775887848135
6.031,-0.012879609544469872,0.19194603434178248,0.1827589392959439,0.003938698199166788,0.3235335965939245,-0.12201107474525824
6.032,-0.012879609544469872,0.19194603434178248,0.1827589392959439,0.004046905984791634,0.3235056108812946,0.31965863150854007
6.033,-0.012879609544469872,0.19194603434178248,0.1827589392959439,-0.0014221871596937267,-0.12355893655179498,0.31992057970427257
6.034,-0.012879609544469872,-0.8080539656582175,0.1827589392959439,-0.004828500107552719,-0.39981472568575427,-0.12230507978990351
6.035,-0.012879609544469872,0.19194603434178248,-0.8172410607040561,-0.0015503962548382153,-0.12354099889782073,-0.3961670380031801
6.036,-0.012879609544469872,0.19194603434178248,0.1827589392959439,0.003660289242878231,0.3234166589196213,-0.12254601942876742
6.037,-0.012879609544469872,0.19194603434178248,0.1827589392959439,0.00363112645952617,0.3233993204174036,0.3211582067726791
6.038,-0.012879609544469872,0.19194603434178248,0.1827589392959439,-0.0012206924415599086,-0.12352237322034543,0.3215036801567105
6.039,-0.012879609544469872,-0.8080539656582175,0.1827589392959439,-0.003983090450250855,-0.3997105311535518,-0.12293563764584936
6.04,-0.012879609544469872,0.19194603434178248,-0.8172410607040561,-0.001223867737886343,-0.12351325704379618,-0.39827057115185227
6.041,-0.012879609544469872,0.19194603434178248,0.1827589392959439,0.0027142828670829546,0.3233549790410789,-0.12320916086599998
6.042,-0.012879609544469872,0.19194603434178248,0.1827589392959439,0.0025302964007519768,0.32334919966270126,0.32291333270874173
6.043,-0.012879609544469872,0.19194603434178248,0.1827589392959439,-0.0007741400373598566,-0.12350733117211703,0.32326067634531447
6.044,-0.012879609544469872,-0.8080539656582175,0.1827589392959439,-0.0023147504507201326,-0.3996760944897614,-0.12360183391418368
6.045,-0.012879609544469872,0.19194603434178248,-0.8172410607040561,-0.0006376212224389157,-0.12350692991672478,-0.40038910557378915
6.046,-0.012879609544469872,0.19194603434178248,0.1827589392959439,0.0011364128006783976,0.32334832231841526,-0.12384645171530038
6.047,-0.012879609544469872,0.19194603434178248,0.1827589392959439,0.0008083088404217724,0.3233528599749314,0.3245239832945402
6.048,-0.012879609544469872,0.19194603434178248,0.1827589392959439,-0.00010805244568329416,-0.12351217363567799,0.3247980170684014
6.049,-0.012879609544469872,-0.8080539656582175,0.1827589392959439,4.765298926892808e-05,-0.39970361910821306,-0.12415683483501336
6.05,-0.012879609544469872,0.19194603434178248,-0.8172410607040561,0.0001537114708688955,-0.12351887596159207,-0.40206271293416224
6.051,-0.012879609544469872,0.19194603434178248,0.1827589392959439,-0.0009290960024155617,0.32338691178204193,-0.12432152346656594
6.052,-0.012879609544469872,0.19194603434178248,0.1827589392959439,-0.0013606988197496987,0.32339891647845836,0.3256503592695733
6.053,-0.012879609544469872,0.19194603434178248,0.1827589392959439,0.0007110870007504969,-0.12353206315307215,0.3257959024928299
6.054,-0.012879609544469872,-0.8080539656582175,0.1827589392959439,0.0028415004942832266,-0.3997757417984353,-0.1244868493255512
6.055,-0.012879609544469872,0.19194603434178248,-0.8172410607040561,0.0010546723062639205,-0.12354326034291306,-0.40295343503768427
6.056,-0.012879609544469872,0.19194603434178248,0.1827589392959439,-0.0032336380675725947,0.3234546374979767,-0.12454002952736136
6.057,-0.012879609544469872,0.19194603434178248,0.1827589392959439,-0.003701583117169221,0.3234704016881649,0.3260730267598528
6.058,-0.012879609544469872,0.19194603434178248,0.1827589392959439,0.0015786557050712314,-0.1235603159169471,0.32606436912896286
6.059,-0.012879609544469872,-0.8080539656582175,0.1827589392959439,0.005688598124759448,-0.399870107956566,-0.12453089541759704
6.06,-0.012879609544469872,0.19194603434178248,-0.8172410607040561,0.0019373346663879808,-0.12357301609396007,-0.4029033527113747
6.061,-0.012879609544469872,0.19194603434178248,0.1827589392959439,-0.005444397239098862,0.323532922337702,-0.12446565302270918
6.062,-0.012879609544469872,0.19194603434178248,0.1827589392959439,-0.005863259320421009,0.32354868059123226,0.3257296044894397
6.063,-0.012879609544469872,0.19194603434178248,0.1827589392959439,0.0023609545142292635,-0.12358989056685935,0.3255744446568485
6.064,-0.012879609544469872,-0.8080539656582175,0.1827589392959439,0.008132478993196277,-0.3999641894227701,-0.12429054754002598
6.065,-0.012879609544469872,0.19194603434178248,-0.8172410607040561,0.002655069865447632,-0.1236013209567026,-0.40195884007728017
6.066,-0.012879609544469872,0.19194603434178248,0.1827589392959439,-0.0071794100115094815,0.32360448975521894,-0.12412530813088998
6.067,-0.012879609544469872,0.19194603434178248,0.1827589392959439,-0.007457542593436299,0.32361712283030303,0.32472241187323797
6.068,-0.012879609544469872,0.19194603434178248,0.1827589392959439,0.0029099271538663802,-0.12361473590088191,0.32445971770340976
6.069,-0.012879609544469872,-0.8080539656582175,0.1827589392959439,0.009691368820879172,-0.40003947499122694,-0.12382824646096212
6.07,-0.012879609544469872,0.19194603434178248,-0.8172410607040561,0.003060212450665415,-0.12362282975098678,-0.40035763388480666
6.071,-0.012879609544469872,0.19194603434178248,0.1827589392959439,-0.008053960938046055,0.32365638797264157,-0.12360287557053193
6.072,-0.012879609544469872,0.19194603434178248,0.1827589392959439,-0.008107488194498658,0.3236639194346274,0.323296338145303
6.073,-0.012879609544469872,0.19194603434178248,0.1827589392959439,0.0030819804166835134,-0.12363077943576085,0.3229885876610233
6.074,-0.012879609544469872,-0.8080539656582175,0.1827589392959439,0.009920687922151183,-0.4000843755824734,-0.1232546494468125
6.075,-0.012879609544469872,0.19194603434178248,-0.8172410607040561,0.0030234637145044826,-0.12363447507728058,-0.3984814915974902
6.076,-0.012879609544469872,0.19194603434178248,0.1827589392959439,-0.007732691268524056,0.32368182918687327,-0.12302270188113709
6.077,-0.012879609544469872,0.19194603434178248,0.1827589392959439,-0.007499201297997986,0.3236836507259398,0.32179108742419904
6.078,-0.012879609544469872,0.19194603434178248,0.1827589392959439,0.0027585306214065355,-0.12363642595779493,0.3215122676936808
6.079,-0.012879609544469872,-0.8080539656582175,0.1827589392959439,0.008477014465135506,-0.4000954836971767,-0.12270729217614479
6.08,-0.012879609544469872,0.19194603434178248,-0.8172410607040561,0.002452499935820237,-0.123635745190192,-0.3967828330212447
6.081,-0.012879609544469872,0.19194603434178248,0.1827589392959439,-0.005980439965926165,0.3236806570023007,-0.12252576098243796
6.082,-0.012879609544469872,0.19194603434178248,0.1827589392959439,-0.005430112528229318,0.3236774720656486,0.3205761269948534
6.083,-0.012879609544469872,0.19194603434178248,0.1827589392959439,0.0018653893041848844,-0.12363253427367292,0.32039755611138243
6.084,-0.012879609544469872,-0.8080539656582175,0.1827589392959439,0.0051745638147899795,-0.4000771509620215,-0.12232424523036067
6.085,-0.012879609544469872,0.19194603434178248,-0.8172410607040561,0.0013072217773050592,-0.12362844842584006,-0.3956979800106333
6.086,-0.012879609544469872,0.19194603434178248,0.1827589392959439,-0.0027044397290251626,0.32365851249459654,-0.12224256492879777
6.087,-0.012879609544469872,0.19194603434178248,0.1827589392959439,-0.0018467171767272722,0.32365203745734866,0.3199794663576823
6.088,-0.012879609544469872,0.19194603434178248,0.1827589392959439,0.0003880075290433976,-0.12362193368549713,0.31995585469532756
6.089,-0.012879609544469872,-0.8080539656582175,0.1827589392959439,2.5655160003201055e-05,-0.400039642040485,-0.12221725754004269
6.09,-0.012879609544469872,0.19194603434178248,-0.8172410607040561,-0.0003905891469422467,-0.12361606156315426,-0.3955617739832724
6.091,-0.012879609544469872,0.19194603434178248,0.1827589392959439,0.0020188086108364383,0.32362498671894824,-0.12226743536593823
6.092,-0.012879609544469872,0.19194603434178248,0.1827589392959439,0.00313418798395711,0.32361748694429726,0.32022239135382763
6.093,-0.012879609544469872,0.19194603434178248,0.1827589392959439,-0.0016200264648280397,-0.12360861474004974,0.32038051916878263
6.094,-0.012879609544469872,-0.8080539656582175,0.1827589392959439,-0.006741643423648761,-0.3999963432083496,-0.12244896308239783
6.095,-0.012879609544469872,0.19194603434178248,-0.8172410607040561,-0.00255478628362964,-0.12360282195005678,-0.39653813236530305
6.096,-0.012879609544469872,0.19194603434178248,0.1827589392959439,0.007936899247166309,0.32359119419023846,-0.12263852896715803
6.097,-0.012879609544469872,0.19194603434178248,0.1827589392959439,0.009224766227673374,0.32358495400565773,0.32137132275823527
6.098,-0.012879609544469872,0.19194603434178248,0.1827589392959439,-0.004037023902148176,-0.12359677199161564,0.3217032898000006
6.099,-0.012879609544469872,-0.8080539656582175,0.1827589392959439,-0.014692664952285986,-0.39996062200632665,-0.12301807512291686
6.1,-0.012879609544469872,0.19194603434178248,-0.8172410607040561,-0.0050402303373434905,-0.12359275275538338,-0.3985785462180993
6.101,-0.012879609544469872,0.19194603434178248,0.1827589392959439,0.014637427592031724,0.3235672618819169,-0.12332708610276745
6.102,-0.012879609544469872,0.19194603434178248,0.1827589392959439,0.015987241329746184,0.3235640908623976,0.32331521858606627
6.103,-0.012879609544469872,0.19194603434178248,0.1827589392959439,-0.006682397584044415,-0.12358988615333821,0.3237774851537277
6.104,-0.012879609544469872,-0.8080539656582175,0.1827589392959439,-0.02322248476668383,-0.3999429423988807,-0.12385520881082414
6.105,-0.012879609544469872,0.19194603434178248,-0.8172410607040561,-0.007655682375760915,-0.12358880599912885,-0.40141603014745497
6.106,-0.012879609544469872,0.19194603434178248,0.1827589392959439,0.021585642667695647,0.3235602010529281,-0.12423788901922243
6.107,-0.012879609544469872,0.19194603434178248,0.1827589392959439,0.022875202332570427,0.3235610652044032,0.3257728297759743
6.108,-0.012879609544469872,0.19194603434178248,0.1827589392959439,-0.009334332637923826,-0.12359001100481395,0.32629133403674027
6.109,-0.012879609544469872,-0.8080539656582175,0.1827589392959439,-0.03161603757606461,-0.39994874763142185,-0.12483026066175422
6.11,-0.012879609544469872,0.19194603434178248,-0.8172410607040561,-0.01018287982456078,-0.12359227322371641,-0.4045963205965633
6.111,-0.012879609544469872,0.19194603434178248,0.1827589392959439,0.0281799087205798,0.32357252764110583,-0.12522110756270138
6.112,-0.012879609544469872,0.19194603434178248,0.1827589392959439,0.02929061184059271,0.32357736674950016,0.3283292971113052
6.113,-0.012879609544469872,0.19194603434178248,0.1827589392959439,-0.01175393483790082,-0.12359738327221059,0.32880994776630446
6.114,-0.012879609544469872,-0.8080539656582175,0.1827589392959439,-0.039125114584775966,-0.3999774544877898,-0.12577040185835356
6.115,-0.012879609544469872,0.19194603434178248,-0.8172410607040561,-0.01239960961489254,-0.12360255708471679,-0.40754207876545545
6.116,-0.012879609544469872,0.19194603434178248,0.1827589392959439,0.0338183414012672,0.32360184375150386,-0.12609386131275338
6.117,-0.012879609544469872,0.19194603434178248,0.1827589392959439,0.03464968753257517,0.32360960060264726,0.33049680166040507
6.118,-0.012879609544469872,0.19194603434178248,0.1827589392959439,-0.013712815022812894,-0.12361041092368406,0.330839763488454
6.119,-0.012879609544469872,-0.8080539656582175,0.1827589392959439,-0.04505273189945756,-0.4000226906722614,-0.12648600593732154
6.12,-0.012879609544469872,0.19194603434178248,-0.8172410607040561,-0.01410401915339344,-0.12361732941997661,-0.4096404402896476
6.121,-0.012879609544469872,0.19194603434178248,0.1827589392959439,0.03796815788993755,0.3236414158106254,-0.1266682279588256
6.122,-0.012879609544469872,0.19194603434178248,0.1827589392959439,0.038449393299145436,0.32365026522178286,0.3317900041468459
6.123,-0.012879609544469872,0.19194603434178248,0.1827589392959439,-0.015020440344311641,-0.12362602772230051,0.3319055558605472
6.124,-0.012879609544469872,-0.8080539656582175,0.1827589392959439,-0.04883403509388611,-0.40007368729993986,-0.12680050445398178
6.125,-0.012879609544469872,0.19194603434178248,-0.8172410607040561,-0.015137188640718361,-0.12363303370537708,-0.41034032081706767
6.126,-0.012879609544469872,0.19194603434178248,0.1827589392959439,0.04022863282024476,0.3236816127635634,-0.1267813316982963
6.127,-0.012879609544469872,0.19194603434178248,0.1827589392959439,0.040325973318696764,0.32368934425591245,0.3318044607230333
6.128,-0.012879609544469872,0.19194603434178248,0.1827589392959439,-0.015547493580272225,-0.12364033988070366,0.33162791164334016
6.129,-1.0128796095444699,-0.8080539656582175,0.1827589392959439,-0.050103098456892765,-0.4001175443869353,-0.1265794579203345
6.13,-0.012879609544469872,0.19194603434178248,-0.8172410607040561,-0.015401161335411761,-0.12364563236214267,-0.4092440625213002
6.131,-0.012879609544469872,0.19194603434178248,0.1827589392959439,0.040379213540500856,0.32371192548274463,-0.1263227278611138
6.132,-0.012879609544469872,0.19194603434178248,0.1827589392959439,0.04009785857439794,0.32371640789664463,0.3302854939128614
6.133,-0.012879609544469872,0.19194603434178248,0.1827589392959439,-0.01524196122099019,-0.1236494430141036,0.32978874656195223
6.134,-0.012879609544469872,-0.8080539656582175,0.1827589392959439,-0.04873669636229134,-0.40014194578265505,-0.12575415931955775
6.135,-0.012879609544469872,0.19194603434178248,-0.8172410607040561,-0.014870171954901456,-0.12365146001028629,-0.40617859397065814
6.136,-0.012879609544469872,0.19194603434178248,0.1827589392959439,0.038406248314183704,0.3237231954234222,-0.12525463172972812
6.137,-0.012879609544469872,0.19194603434178248,0.1827589392959439,0.037787261198202256,0.32372283829426224,0.32717625433231473
6.138,-0.012879609544469872,0.19194603434178248,0.1827589392959439,-0.014135657438944663,-0.12365026046319356,0.3263740815670471
6.139,-0.012879609544469872,-0.8080539656582175,0.1827589392959439,-0.04486914021148327,-0.4001378291166905,-0.12433585556264182
6.14,-0.012879609544469872,0.19194603434178248,-0.8172410607040561,-0.013593657004477223,-0.12364802732435642,-0.40123420421354034
6.141,-0.012879609544469872,0.19194603434178248,0.1827589392959439,0.03450465420268457,0.3237096477984587,-0.12362157554500297
6.142,-0.012879609544469872,0.19194603434178248,0.1827589392959439,0.033617573447839,0.3237037745444786,0.32263675300010386
6.143,-0.012879609544469872,0.19194603434178248,0.1827589392959439,-0.012340237943373075,-0.12364125058939986,0.3215866489983345
6.144,-0.012879609544469872,-0.8080539656582175,0.1827589392959439,-0.03887615801364679,-0.40010152370513496,-0.12241806554278774
6.145,-0.012879609544469872,0.19194603434178248,-0.8172410607040561,-0.011690662809661252,-0.123634628213074,-0.3947638674167075
6.146,-0.012879609544469872,0.19194603434178248,0.1827589392959439,0.029054277255088082,0.3236703550807249,-0.12154766345448043
6.147,-0.012879609544469872,0.19194603434178248,0.1827589392959439,0.027986906589146477,0.32365941679943133,0.317030019162927
6.148,-0.012879609544469872,0.19194603434178248,0.1827589392959439,-0.010033257454527348,-0.12362285082953121,0.3158254633951707
6.149,-0.012879609544469872,-0.8080539656582175,0.1827589392959439,-0.03132997916332257,-0.4000359523536615,-0.12016628147501948
6.15,-0.012879609544469872,0.19194603434178248,-0.8172410607040561,-0.00933635009535992,-0.12361263398993383,-0.3873420646705336
6.151,-0.012879609544469872,0.19194603434178248,0.1827589392959439,0.022574166455405217,0.3236098453238836,-0.11922148906627668
6.152,-0.012879609544469872,0.19194603434178248,0.1827589392959439,0.02142127778976608,0.3235954292592484,0.3108765790465891
6.153,-0.012879609544469872,0.19194603434178248,0.1827589392959439,-0.0074362425155354885,-0.12359756718496889,0.3096345713491909
6.154,-0.012879609544469872,-0.8080539656582175,0.1827589392959439,-0.022931660111592665,-0.3999506395901008,-0.11779628686894442
6.155,-0.012879609544469872,0.19194603434178248,-0.8172410607040561,-0.006742284028216118,-0.1235854075715991,-0.3796883157394424
6.156,-0.012879609544469872,0.19194603434178248,0.1827589392959439,0.01566097635781748,0.3235377043117142,-0.11687069430317093
6.157,-0.012879609544469872,0.19194603434178248,0.1827589392959439,0.014513624009263995,0.32352232431844324,0.3047833838089877
6.158,-0.012879609544469872,0.19194603434178248,0.1827589392959439,-0.0047878653976858275,-0.1235696739060423,0.30362800992344785
6.159,-0.012879609544469872,-0.8080539656582175,0.1827589392959439,-0.014429680672434997,-0.39986045917907054,-0.11554411029379032
6.16,-0.012879609544469872,0.19194603434178248,-0.8172410607040561,-0.0041329646119232675,-0.12355783180033315,-0.3725661906856633
6.161,-0.012879609544469872,0.19194603434178248,0.1827589392959439,0.008919787508466597,0.3234671828174526,-0.11472978638975015
6.162,-0.012879609544469872,0.19194603434178248,0.1827589392959439,0.00785661049905178,0.32345387574838985,0.2993573783216436
6.163,-0.012879609544469872,0.19194603434178248,0.1827589392959439,-0.002315942634409519,-0.12354455190961044,0.29840180906492847
6.164,-0.012879609544469872,-0.8080539656582175,0.1827589392959439,-0.00653552497431881,-0.39978326210674203,-0.11363198224274573
6.165,-0.012879609544469872,0.19194603434178248,-0.8172410607040561,-0.0017214939269065645,-0.12353551041697072,-0.36667255686203537
6.166,-0.012879609544469872,0.19194603434178248,0.1827589392959439,0.002896489654006757,0.32341298818709474,-0.11300593738643755
6.167,-0.012879609544469872,0.19194603434178248,0.1827589392959439,0.001977861262975205,0.3234047747676675,0.29511646276726894
6.168,-0.012879609544469872,0.19194603434178248,0.1827589392959439,-0.00021204972547162338,-0.12352775714341022,0.29444607535061545
6.169,-0.012879609544469872,-0.8080539656582175,0.1827589392959439,0.00015289261904197286,-0.39973672352754835,-0.11223536145161013
6.17,-0.012879609544469872,0.19194603434178248,-0.8172410607040561,0.0003126619792642313,-0.12352375893056838,-0.36253360364755904
6.171,-0.012879609544469872,0.19194603434178248,0.1827589392959439,-0.001979596936169126,0.3233885891141722,-0.11184789271272678
6.172,-0.012879609544469872,0.19194603434178248,0.1827589392959439,-0.0027143069037897866,0.32338788521551814,0.2924112493295951
6.173,-0.012879609544469872,0.19194603434178248,0.1827589392959439,0.0013879577589374099,-0.12352396247927465,0.2920704395803369
6.174,-0.012879609544469872,-0.8080539656582175,0.1827589392959439,0.005210480096542628,-0.39973490401684836,-0.11145603371222279
6.175,-0.012879609544469872,0.19194603434178248,-0.8172410607040561,0.0018411819127829255,-0.12352654674360093,-0.3604234811993744
6.176,-0.012879609544469872,0.19194603434178248,0.1827589392959439,-0.0054358828222953945,0.3234034706126808,-0.11132274345285584
6.177,-0.012879609544469872,0.19194603434178248,0.1827589392959439,-0.005968213408498006,0.3234115502054521,0.2913696392411439
6.178,-0.012879609544469872,0.19194603434178248,0.1827589392959439,0.0024152039085954887,-0.12353595020319334,0.29135438355784765
6.179,-0.012879609544469872,-0.8080539656582175,0.1827589392959439,0.008420097163071372,-0.3997851104961139,-0.1113054632386049
6.18,-0.012879609544469872,0.19194603434178248,-0.8172410607040561,0.0027976943329759145,-0.12354557374471148,-0.36031827539947064
6.181,-0.012879609544469872,0.19194603434178248,0.1827589392959439,-0.0073751104837708956,0.32346082317957486,-0.11140422150889737
6.182,-0.012879609544469872,0.19194603434178248,0.1827589392959439,-0.007705259354705283,0.32347743428314846,0.29187303281624083
6.183,-0.012879609544469872,0.19194603434178248,0.1827589392959439,0.0028698053825247597,-0.12356383998839239,0.29213043301228603
6.184,-0.012879609544469872,-0.8080539656582175,0.1827589392959439,0.009780296773826488,-0.3998856457432994,-0.11170111262371553
6.185,-0.012879609544469872,0.19194603434178248,0.1827589392959439,0.0031808072546698055,-0.12357965887402386,-0.36189297156860817
6.186,-0.012879609544469872,0.19194603434178248,0.1827589392959439,-0.007871204935121378,0.32355612294816305,-0.1119745169676014
6.187,-0.012879609544469872,0.19194603434178248,0.1827589392959439,-0.008014487188537601,0.32357934117309495,0.2935684089714496
6.188,-0.012879609544469872,0.19194603434178248,0.1827589392959439,0.002813988963483634,-0.12360471556612719,0.2940034343080438
6.189,-0.012879609544469872,-0.8080539656582175,0.1827589392959439,0.009486266920021736,-0.40002494314745474,-0.11247655907161574
6.19,-0.012879609544469872,0.19194603434178248,-0.8172410607040561,0.0030493154261839717,-0.12362458298827204,-0.36456278609218895
6.191,-0.012879609544469872,0.19194603434178248,0.1827589392959439,-0.0071443629860164825,0.3236769546489777,-0.11283963979287924
6.192,-0.012879609544469872,0.19194603434178248,0.1827589392959439,-0.007127215825705567,0.3237033264546111,0.29591525213611775
6.193,-0.012879609544469872,0.19194603434178248,0.1827589392959439,0.002357917056664317,-0.12365276229633954,0.2964038328697895
6.194,-0.012879609544469872,-0.8080539656582175,0.1827589392959439,0.007888152762734503,-0.4001823992321393,-0.11340420371446176
6.195,-0.012879609544469872,0.19194603434178248,-0.8172410607040561,0.0025105398549304216,-0.1236734659725343,-0.36756370439175523
6.196,-0.012879609544469872,0.19194603434178248,0.1827589392959439,-0.005520100555658368,0.3238042542106921,-0.11375634838510915
6.197,-0.012879609544469872,0.19194603434178248,0.1827589392959439,-0.0053762696238866025,0.32382923733622165,0.2982611495235223
6.198,-0.012879609544469872,0.19194603434178248,0.1827589392959439,0.001640757853645858,-0.1236999522276983,0.2986678335698672
6.199,-0.012879609544469872,-0.8080539656582175,0.1827589392959439,0.005433755881362365,-0.4003309591655587,-0.11422750136345301
6.2,-0.012879609544469872,0.19194603434178248,-0.8172410607040561,0.0017036029155545309,-0.12371767524078629,-0.37006123432216886
6.201,-0.012879609544469872,0.19194603434178248,0.1827589392959439,-0.003378872899230724,0.3239149227327207,-0.11446694475497536
6.202,-0.012879609544469872,0.19194603434178248,0.1827589392959439,-0.003146120047074924,0.32393358036938136,0.2999356018994214
6.203,-0.012879609544469872,0.19194603434178248,0.1827589392959439,0.0008100223605426707,-0.12373722237106241,0.3001333013624714
6.204,-0.012879609544469872,-0.8080539656582175,0.1827589392959439,0.0026042738120235537,-0.4004412130043011,-0.11469820972810131
6.205,-0.012879609544469872,0.19194603434178248,-0.8172410607040561,0.0007800244438226836,-0.12374817051255042,-0.37127213777960405
6.206,-0.012879609544469872,0.19194603434178248,0.1827589392959439,-0.001103705409779465,0.3239855191453173,-0.11473704748779158
6.207,-0.012879609544469872,0.19194603434178248,0.1827589392959439,-0.0008210796604506737,0.3239933750385732,0.3003488255995312
6.208,-0.012879609544469872,0.19194603434178248,0.1827589392959439,2.179539372965505e-06,-0.12375599898810014,0.3002378545363096
6.209,-0.012879609544469872,-0.8080539656582175,0.1827589392959439,-0.00014792304218457758,-0.4004864671045185,-0.11461338298870238
6.21,-0.012879609544469872,0.19194603434178248,-0.8172410607040561,-0.00011573229984086272,-0.12375710213802889,-0.37058187258066183
6.211,-0.012879609544469872,0.19194603434178248,0.1827589392959439,0.000967035526453416,0.32399651360278925,-0.11439097612484536
6.212,-0.012879609544469872,0.19194603434178248,0.1827589392959439,0.0012615382105501682,0.32399043591017734,0.29908148314849714
6.213,-0.012879609544469872,0.19194603434178248,0.1827589392959439,-0.0006729096504466899,-0.12374984118607206,0.29860516943972554
6.214,-0.012879609544469872,-0.8080539656582175,0.1827589392959439,-0.0024514484945706446,-0.40044801608201713,-0.1138468288340278
6.215,-0.012879609544469872,0.19194603434178248,-0.8172410607040561,-0.0008632554957366938,-0.12373941264596712,-0.36764095981388306
6.216,-0.012879609544469872,0.19194603434178248,0.1827589392959439,0.0025759199175060467,0.3239364184080443,-0.11333968374845155
6.217,-0.012879609544469872,0.19194603434178248,0.1827589392959439,0.002847562464386563,0.3239153787433658,0.2959524849705799
6.218,-0.012879609544469872,0.19194603434178248,0.1827589392959439,-0.001142017217714454,-0.1237159264689925,0.29510711398108946
6.219,-0.012879609544469872,-0.8080539656582175,0.1827589392959439,-0.0040520067558051315,-0.4003197041717473,-0.11237050932370209
6.22,-0.012879609544469872,0.19194603434178248,-0.8172410607040561,-0.0013786669848818254,-0.12369415785970324,-0.362426409713565
6.221,-0.012879609544469872,0.19194603434178248,0.1827589392959439,0.0035680239136845486,0.32380504467145954,-0.11159721109896019
6.222,-0.012879609544469872,0.19194603434178248,0.1827589392959439,0.0037875858740557514,0.3237706013023962,0.2910550696022053
6.223,-0.012879609544469872,0.19194603434178248,0.1827589392959439,-0.0013723151048126655,-0.12365609187052083,0.2898927134804632
6.224,-0.012879609544469872,-0.8080539656582175,0.1827589392959439,-0.0048292044806475505,-0.40011086854151245,-0.11026277836774429
6.225,-0.012879609544469872,0.19194603434178248,-0.8172410607040561,-0.0016212568572778804,-0.12362527533816405,-0.35525924999383507
6.226,-0.012879609544469872,0.19194603434178248,0.1827589392959439,0.003896461332547932,0.3236151862357762,-0.10928324923188597
6.227,-0.012879609544469872,0.19194603434178248,0.1827589392959439,0.004042550717354602,0.3235715695226974,0.2847558332318658
6.228,-0.012879609544469872,0.19194603434178248,0.1827589392959439,-0.0013691778641809818,-0.12357718423058886,0.2833796183524078
6.229,-0.012879609544469872,-0.8080539656582175,0.1827589392959439,-0.004793805923160414,-0.39984691988197996,-0.1077022005544505
6.23,-0.012879609544469872,0.19194603434178248,-0.8172410607040561,-0.001593807347544109,-0.12354158829094672,-0.34677537069040515
6.231,-0.012879609544469872,0.19194603434178248,0.1827589392959439,0.0036129418793281534,0.32339221528501816,-0.10661134808937489
6.232,-0.012879609544469872,0.19194603434178248,0.1827589392959439,0.003674129966846753,0.3233459475571285,0.27765657717097786
6.233,-0.012879609544469872,0.19194603434178248,0.1827589392959439,-0.0011691646810964118,-0.12349056186611919,0.27620899609325633
6.234,-0.012879609544469872,-0.8080539656582175,0.1827589392959439,-0.004067924807893711,-0.39956713105637465,-0.10494771309544568
6.235,-0.012879609544469872,0.19194603434178248,-0.8172410607040561,-0.0013370397125818112,-0.12345593876970964,-0.3378534172468869
6.236,-0.012879609544469872,0.19194603434178248,0.1827589392959439,0.0028464240843585563,0.32317137239840255,-0.10386430806918172
6.237,-0.012879609544469872,0.19194603434178248,0.1827589392959439,0.002822772691614965,0.32313042739185444,0.2705240098999781
6.238,-0.012879609544469872,0.19194603434178248,0.1827589392959439,-0.0008298899623785612,-0.12341071844648976,0.2691698401848938
6.239,-0.012879609544469872,-0.8080539656582175,0.1827589392959439,-0.0028527858338522685,-0.3993196384712689,-0.10230777995123232
6.24,-0.012879609544469872,0.19194603434178248,0.1827589392959439,-0.0009194102717546241,-0.12338348261438548,-0.32950937941240876
6.241,-0.012879609544469872,0.19194603434178248,0.1827589392959439,0.0017742724331834597,0.32299291102392974,-0.10136005047983414
6.242,-0.012879609544469872,0.19194603434178248,0.1827589392959439,0.0016777347278694908,0.32296549947013553,0.26419673127501
6.243,-0.012879609544469872,0.19194603434178248,0.1827589392959439,-0.00041871102283035555,-0.12335315108040297,0.26310284568084796
6.244,-0.012879609544469872,-0.8080539656582175,0.1827589392959439,-0.0013899454693481349,-0.3991541529493026,-0.10010267423711473
6.245,-0.012879609544469872,0.19194603434178248,-0.8172410607040561,-0.0004240595625565443,-0.12333933050188466,-0.3227719938523982
6.246,-0.012879609544469872,0.19194603434178248,0.1827589392959439,0.0005908688327589276,0.32289565664960157,-0.09941253125258402
6.247,-0.012879609544469872,0.19194603434178248,0.1827589392959439,0.00044411655308091504,0.32288880146050897,0.25948192187392916
6.248,-0.012879609544469872,0.19194603434178248,0.1827589392959439,-2.040020348904019e-06,-0.12333174476940825,0.25879666419727926
6.249,-0.012879609544469872,-0.8080539656582175,0.1827589392959439,7.786974162767337e-05,-0.3991133482777166,-0.09862490582698062
6.25,-0.012879609544469872,0.19194603434178248,-0.8172410607040561,6.499428897029325e-05,-0.12333585955124372,-0.31855549015540474
6.251,-0.012879609544469872,0.19194603434178248,0.1827589392959439,-0.0005216288673801705,0.3229098967008239,-0.09829286851434403
6.252,-0.012879609544469872,0.19194603434178248,0.1827589392959439,-0.0006881603666892777,0.32292801941052857,0.2570553610247104
6.253,-0.012879609544469872,0.19194603434178248,0.1827589392959439,0.0003633089792989045,-0.12335606773835572,0.2568901716342043
6.254,-0.012879609544469872,-0.8080539656582175,0.1827589392959439,0.0013408108183192314,-0.39922426014020507,-0.09810297376526947
6.255,-0.012879609544469872,0.19194603434178248,-0.8172410607040561,0.0004753608865285543,-0.12338012197951993,-0.31754626749918535
6.256,-0.012879609544469872,0.19194603434178248,0.1827589392959439,-0.001416613189594086,0.323050759477773,-0.09819572820662163
6.257,-0.012879609544469872,0.19194603434178248,0.1827589392959439,-0.0015693060607008973,0.3230945266064998,0.2573776773548452
6.258,-0.012879609544469872,0.19194603434178248,0.1827589392959439,0.000635890277405165,-0.12342904133511134,0.2577932916329732
6.259,-0.012879609544469872,-0.8080539656582175,0.1827589392959439,0.0022467375630674823,-0.39949120711855673,-0.09867306420597041
6.26,-0.012879609544469872,0.19194603434178248,0.1827589392959439,0.0007557609965181924,-0.12347181819262228,-0.32011785051444736
6.261,-0.012879609544469872,0.19194603434178248,0.1827589392959439,-0.001998037368287163,0.3233133113876139,-0.09921519187114455
6.262,-0.012879609544469872,0.19194603434178248,0.1827589392959439,-0.00210573258348375,0.3233789765416748,0.2606372554555388
6.263,-0.012879609544469872,0.19194603434178248,0.1827589392959439,0.00079227208797749,-0.12354544497102103,0.2616361300427607
6.264,-0.012879609544469872,-0.8080539656582175,0.1827589392959439,0.002714565165383094,-0.3998916828523181,-0.10036213648455154
6.265,-0.012879609544469872,0.19194603434178248,-0.8172410607040561,0.0008813425835898359,-0.1236022661704993,-0.32628433023237746
6.266,-0.012879609544469872,0.19194603434178248,0.1827589392959439,-0.002226248564962736,0.3236704664103326,-0.10133295633205225
6.267,-0.012879609544469872,0.19194603434178248,0.1827589392959439,-0.002266028708039518,0.3237498885022011,0.26672639361741196
6.268,-0.012879609544469872,0.19194603434178248,0.1827589392959439,0.0008268467883436979,-0.12369163215012063,0.26825214523230834
6.269,-0.012879609544469872,-0.8080539656582175,0.1827589392959439,0.002735801733698568,-0.4003763440006671,-0.10308423198482843
6.27,-0.012879609544469872,0.19194603434178248,-0.8172410607040561,0.0008543990159154342,-0.1237546833999998,-0.3356971064276402
6.271,-0.012879609544469872,0.19194603434178248,0.1827589392959439,-0.002115229805650926,0.3240744574802501,-0.10442000168332082
6.272,-0.012879609544469872,0.19194603434178248,0.1827589392959439,-0.002077229163778853,0.32415588187119126,0.2752527246164336
6.273,-0.012879609544469872,0.19194603434178248,0.1827589392959439,0.0007494676051460259,-0.12384667254944463,0.277196425201469
6.274,-0.012879609544469872,-0.8080539656582175,0.1827589392959439,0.0023656951829358346,-0.40087365604100283,-0.10665004754167451
6.275,-0.012879609544469872,0.19194603434178248,-0.8172410607040561,0.0007007971623957278,-0.12390591198889757,-0.34768392454602004
6.276,-0.012879609544469872,0.19194603434178248,0.1827589392959439,-0.001722976022695855,0.3244621003374314,-0.10825106807790194
6.277,-0.012879609544469872,0.19194603434178248,0.1827589392959439,-0.0016131374355385457,0.3245316696048399,0.28558325406283286
6.278,-0.012879609544469872,0.19194603434178248,0.1827589392959439,0.0005817457127028263,-0.1239849160708925,0.2877955495917572
6.279,-0.012879609544469872,-0.8080539656582175,0.1827589392959439,0.001706708251502205,-0.4012990269609918,-0.11078809855979511
6.28,-0.012879609544469872,0.19194603434178248,-0.8172410607040561,0.00046306784464409203,-0.12402948565598759,-0.36132378502159307
6.281,-0.012879609544469872,0.19194603434178248,0.1827589392959439,-0.001137428053073625,0.32476345558435327,-0.11252966042198848
6.282,-0.012879609544469872,0.19194603434178248,0.1827589392959439,-0.0009774119473032659,0.32480728761806477,0.2969142987821962
6.283,-0.012879609544469872,0.19194603434178248,0.1827589392959439,0.00035282050963725736,-0.12407972899568193,0.29922162691144655
6.284,-0.012879609544469872,-0.8080539656582175,0.1827589392959439,0.0008877572305200353,-0.4015674645516386,-0.11517439464445667
6.285,-0.012879609544469872,0.19194603434178248,-0.8172410607040561,0.0001915649669827396,-0.12409969375508263,-0.37554703660748406
6.286,-0.012879609544469872,0.19194603434178248,0.1827589392959439,-0.0004606061125242582,0.3249128602347484,-0.1169200723764151
6.287,-0.012879609544469872,0.19194603434178248,0.1827589392959439,-0.00028456006300952734,0.32491941464816165,0.3083576626738562
6.288,-0.012879609544469872,0.19194603434178248,0.1827589392959439,9.524781221838111e-05,-0.12410791941862422,0.3105804231432776
6.289,-0.012879609544469872,-0.8080539656582175,0.1827589392959439,4.275410334467931e-05,-0.40160806682514094,-0.11946664194830091
6.29,-0.012879609544469872,0.19194603434178248,-0.8172410607040561,-6.470056129514429e-05,-0.12409608319593196,-0.38924738314831536
6.291,-0.012879609544469872,0.19194603434178248,0.1827589392959439,0.0002066309048757755,0.3248607648621402,-0.12108223711028475
6.292,-0.012879609544469872,0.19194603434178248,0.1827589392959439,0.00035810457772567203,0.32482313566589627,0.31903191704474765
6.293,-0.012879609544469872,0.19194603434178248,0.1827589392959439,-0.0001585928822282967,-0.1240541908717701,0.3210023406344876
6.294,-0.012879609544469872,-0.8080539656582175,0.1827589392959439,-0.0007084435663697626,-0.4013781305776248,-0.12333866898278056
6.295,-0.012879609544469872,0.19194603434178248,-0.8172410607040561,-0.00026601976219821236,-0.12400769447103512,-0.4013918932081939
6.296,-0.012879609544469872,0.19194603434178248,0.1827589392959439,0.0007773080403962025,0.32458448036768067,-0.12470513395606524
6.297,-0.012879609544469872,0.19194603434178248,0.1827589392959439,0.0008650229585882405,0.32450222139568835,0.3281477680569002
6.298,-0.012879609544469872,0.19194603434178248,0.1827589392959439,-0.0003794136641868802,-0.12391487640752293,0.32972542910256014
6.299,-0.012879609544469872,-0.8080539656582175,0.1827589392959439,-0.0012743960314403908,-0.4008744534597617,-0.12651105129263948
6.3,-0.012879609544469872,0.19194603434178248,-0.8172410607040561,-0.0003875260896587003,-0.12383628574404723,-0.41111636231811727
6.301,-0.012879609544469872,0.19194603434178248,0.1827589392959439,0.001187351021811729,0.32409588922659005,-0.12753497690573856
6.302,-0.012879609544469872,0.19194603434178248,0.1827589392959439,0.0011817997109756582,0.3239760098384153,0.3350780680020639
6.303,-0.012879609544469872,0.19194603434178248,0.1827589392959439,-0.0005432769011198027,-0.12370023538988631,0.3361614416924529
6.304,-0.012879609544469872,-0.8080539656582175,0.1827589392959439,-0.0016005049071174204,-0.40013958080701506,-0.12877470257307766
6.305,-0.012879609544469872,0.19194603434178248,-0.8172410607040561,-0.0004216081642245721,-0.12359787764204014,-0.4177962211025357
6.306,-0.012879609544469872,0.19194603434178248,0.1827589392959439,0.0014004347299230798,0.3234444491262071,-0.12939537001378384
6.307,-0.012879609544469872,0.19194603434178248,0.1827589392959439,0.0012887801791143549,0.32330131256219613,0.33940572722354356
6.308,-0.012879609544469872,0.19194603434178248,0.1827589392959439,-0.0006332991203598712,-0.12343474925926287,0.33993882199763714
6.309,-0.012879609544469872,-0.8080539656582175,0.1827589392959439,-0.0016712787236635696,-0.3992613213798218,-0.13000535364963942
6.31,-0.012879609544469872,0.19194603434178248,-0.8172410607040561,-0.0003770741160279592,-0.12332215062705976,-0.4210870828759788
6.311,-0.012879609544469872,0.19194603434178248,0.1827589392959439,0.0014088254121806016,0.3227143999346512,-0.13019786390523472
6.312,-0.012879609544469872,0.19194603434178248,0.1827589392959439,0.001199076242014522,0.322568405949182,0.3409461369607654
6.313,-0.012879609544469872,0.19194603434178248,0.1827589392959439,-0.00064088320375422,-0.12315511740535498,0.34091993137767124
6.314,-0.012879609544469872,-0.8080539656582175,0.1827589392959439,-0.0015071065967300764,-0.398364770432482,-0.1301681630804205
6.315,-0.012879609544469872,0.19194603434178248,-0.8172410607040561,-0.00027551725974118204,-0.1230495254694962,-0.4209333411631146
6.316,-0.012879609544469872,0.19194603434178248,0.1827589392959439,0.0012308268151782163,0.3220159112841174,-0.12994268539262116
6.317,-0.012879609544469872,0.19194603434178248,0.1827589392959439,0.0009521087134914304,0.3218910287745355,0.33974418971829035
6.318,-0.012879609544469872,0.19194603434178248,0.1827589392959439,-0.0005664736360100935,-0.12290599654318736,0.3391932676374048
6.319,-0.012879609544469872,-0.8080539656582175,0.1827589392959439,-0.0011568335238651027,-0.39759721470058274,-0.12931299222158554
6.32,-0.012879609544469872,0.19194603434178248,-0.8172410607040561,-0.00014578723521266863,-0.12282611522751066,-0.4175473135427695
6.321,-0.012879609544469872,0.19194603434178248,0.1827589392959439,0.0009056889607062425,0.3214708631227108,-0.12871064149033842
6.322,-0.012879609544469872,0.19194603434178248,0.1827589392959439,0.0006042496592084635,0.3213912701609846,0.33604908073616974
6.323,-0.012879609544469872,0.19194603434178248,0.1827589392959439,-0.0004197215983190111,-0.1227338968418497,0.335044398466039
6.324,-0.012879609544469872,-0.8080539656582175,0.1827589392959439,-0.0006877578743051772,-0.3971074835048289,-0.12756195483668936
6.325,-0.012879609544469872,0.19194603434178248,-0.8172410607040561,-1.7735921664361827e-05,-0.12269710023060985,-0.41136472914690875
6.326,-0.012879609544469872,0.19194603434178248,0.1827589392959439,0.00048690953409100173,0.32119488833522025,-0.12664815697184045
6.327,-0.012879609544469872,0.19194603434178248,0.1827589392959439,0.00021835042666550143,0.32118114534712894,0.33027239314415296
6.328,-0.012879609544469872,0.19194603434178248,0.1827589392959439,-0.00021887412909940234,-0.12267998652373104,0.3289114645231455
6.329,-0.012879609544469872,-0.8080539656582175,0.1827589392959439,-0.00017471308347627153,-0.3970223604788787,-0.12509158702613957
6.33,-0.012879609544469872,0.19194603434178248,-0.8172410607040561,8.355346850524573e-05,-0.12269938609310914,-0.4029844903564195
6.331,-0.012879609544469872,0.19194603434178248,0.1827589392959439,3.480379920771067e-05,0.32127806795821595,-0.12394798481691406
6.332,-0.012879609544469872,0.19194603434178248,0.1827589392959439,-0.0001461553815600836,0.32134336509149775,0.3229362683568446
6.333,-0.012879609544469872,0.19194603434178248,0.1827589392959439,1.0792229371450404e-05,-0.12277280492955762,0.3213321901372168
6.334,-0.012879609544469872,-0.8080539656582175,0.1827589392959439,0.0003102904674229785,-0.397423395482371,-0.12211231240107882
6.335,-0.012879609544469872,0.19194603434178248,-0.8172410607040561,0.00014202763931442445,-0.12285460298345847,-0.39310143766425565
6.336,-0.012879609544469872,0.19194603434178248,0.1827589392959439,-0.00039089876852402874,0.3217671147655076,-0.12082829335332831
6.337,-0.012879609544469872,0.19194603434178248,0.1827589392959439,-0.0004412209430364405,0.3219141734563808,0.31461868004133037
6.338,-0.012879609544469872,0.19194603434178248,0.1827589392959439,0.00023956917288013154,-0.1230219935852534,0.31288934772618593
6.339,-0.012879609544469872,-0.8080539656582175,0.1827589392959439,0.0007067198205308884,-0.3983277092449542,-0.11884780371721863
6.34,-0.012879609544469872,0.19194603434178248,-0.8172410607040561,0.00015274655476876057,-0.12316355036509379,-0.38244036437085227
6.341,-0.012879609544469872,0.19194603434178248,0.1827589392959439,-0.0007378020298217719,0.32265191071893873,-0.11751261204582414
6.342,-0.012879609544469872,0.19194603434178248,0.1827589392959439,-0.0006353616343748377,0.3228710696555868,0.3059020742603361
6.343,-0.012879609544469872,0.19194603434178248,0.1827589392959439,0.0004368327748651068,-0.12341409640177416,0.30416069584559113
6.344,-0.012879609544469872,-0.8080539656582175,0.1827589392959439,0.0009717221215433796,-0.39967608460963605,-0.1155164303989827
6.345,-0.012879609544469872,0.19194603434178248,-0.8172410607040561,0.00012158011056559064,-0.12360306541460728,-0.37169800857420426
6.346,-0.012879609544469872,0.19194603434178248,0.1827589392959439,-0.0009664164051773603,0.3238588401856825,-0.11421259501505919
6.347,-0.012879609544469872,0.19194603434178248,0.1827589392959439,-0.0007157114499340971,0.3241277185681013,0.2973301560887269
6.348,-0.012879609544469872,0.19194603434178248,0.1827589392959439,0.0005751325962988999,-0.12391125032322323,0.2956778176338134
6.349,-0.012879609544469872,-0.8080539656582175,0.1827589392959439,0.0010835179438138827,-0.40133079405954947,-0.11231634037868246
6.35,-0.012879609544469872,0.19194603434178248,-0.8172410607040561,6.277947496220673e-05,-0.12412600262365826,-0.36149756753099527
6.351,-0.012879609544469872,0.19194603434178248,0.1827589392959439,-0.0010541284182490973,0.3252525186188942,-0.11111485873806809
6.352,-0.012879609544469872,0.19194603434178248,0.1827589392959439,-0.0006871373583898175,0.32553744061537415,0.2893757213042136
6.353,-0.012879609544469872,0.19194603434178248,0.1827589392959439,0.0006342933328833704,-0.12445321121167009,0.28789636295852633
6.354,-0.012879609544469872,-0.8080539656582175,0.1827589392959439,0.0010419679772307885,-0.40308432049011117,-0.10941498464191574
6.355,-0.012879609544469872,0.19194603434178248,-0.8172410607040561,-4.923757724249843e-06,-0.12466459180220632,-0.3523578615951079
6.356,-0.012879609544469872,0.19194603434178248,0.1827589392959439,-0.0009972242759581813,0.32664636196000646,-0.10837240121371165
6.357,-0.012879609544469872,0.19194603434178248,0.1827589392959439,-0.0005689834657000249,0.32690547418439425,0.2824204958900922
6.358,-0.012879609544469872,0.19194603434178248,0.1827589392959439,0.0006048359374279278,-0.12496268713190484,0.2811782859774306
6.359,-0.012879609544469872,-0.8080539656582175,0.1827589392959439,0.0008665671698649341,-0.40467856452072903,-0.10694318129785478
6.36,-0.012879609544469872,0.19194603434178248,-0.8172410607040561,-6.279457309001771e-05,-0.12513695067799557,-0.3446770259361788
6.361,-0.012879609544469872,0.19194603434178248,0.1827589392959439,-0.0008107402827329122,0.3278211402428392,-0.10610043576434695
6.362,-0.012879609544469872,0.19194603434178248,0.1827589392959439,-0.00039026382294140574,0.32800889642622305,0.2767462595966036
6.363,-0.012879609544469872,0.19194603434178248,0.1827589392959439,0.0004900264200221416,-0.12535345216576224,0.2757850600108707
6.364,-0.012879609544469872,-0.8080539656582175,0.1827589392959439,0.0005923234285591026,-0.40583253059073304,-0.10499323665263588
6.365,-0.012879609544469872,0.19194603434178248,0.1827589392959439,-9.619719972250056e-05,-0.12545604078053024,-0.3387288440425453
6.366,-0.012879609544469872,0.19194603434178248,0.1827589392959439,-0.0005260819009186292,0.32854940918221043,-0.10437596448473167
6.367,-0.012879609544469872,0.19194603434178248,0.1827589392959439,-0.0001842113687310531,0.32862187366532825,0.27253530853729724
6.368,-0.012879609544469872,0.19194603434178248,0.1827589392959439,0.0003060188154520257,-0.1255402666981625,0.27187973871285664
6.369,-0.012879609544469872,-0.8080539656582175,0.1827589392959439,0.00026412345251483095,-0.40627509946723966,-0.10362025917485829
6.37,-0.012879609544469872,0.19194603434178248,-0.8172410607040561,-9.750860909913542e-05,-0.12553994944806593,-0.3346687428212019
6.371,-0.012879609544469872,0.19194603434178248,0.1827589392959439,-0.0001865844291322856,0.3286227185373204,-0.1032401227969868
6.372,-0.012879609544469872,0.19194603434178248,0.1827589392959439,1.696347068337999e-05,0.32854299004047793,0.2698776585953457
6.373,-0.012879609544469872,0.19194603434178248,0.1827589392959439,7.986015851231281e-05,-0.12544930900929954,0.269535196026449
6.374,-0.012879609544469872,-0.8080539656582175,0.1827589392959439,-6.971313735018106e-05,-0.40577855941762,-0.10284563961865682
6.375,-0.012879609544469872,0.19194603434178248,-0.8172410607040561,-6.731862203791775e-05,-0.125322125799414,-0.33254608528909174
6.376,-0.012879609544469872,0.19194603434178248,0.1827589392959439,0.00015853605439747966,0.3278779279286569,-0.10270225140335298
6.377,-0.012879609544469872,0.19194603434178248,0.1827589392959439,0.00018641365629946998,0.3276209347656249,0.268782294114382
6.378,-0.012879609544469872,0.19194603434178248,0.1827589392959439,-0.00015448128782685156,-0.12502768559240285,0.26874588369255115
6.379,-0.012879609544469872,-0.8080539656582175,0.1827589392959439,-0.0003639354758402776,-0.40418825399840713,-0.10266170652483939
6.38,-0.012879609544469872,0.19194603434178248,-0.8172410607040561,-1.3773534586512671e-05,-0.1247601425924437,-0.3323196328965857
6.381,-0.012879609544469872,0.19194603434178248,0.1827589392959439,0.00046111617455392234,0.32621893097699395,-0.10274475992898484
6.382,-0.012879609544469872,0.19194603434178248,0.1827589392959439,0.00030563352686588857,0.3257749111352883,0.2691901171100363
6.383,-0.012879609544469872,0.19194603434178248,0.1827589392959439,-0.00036149670411068837,-0.1242506644409019,0.26944087043512116
6.384,-0.012879609544469872,-0.8080539656582175,0.1827589392959439,-0.0005821593525365295,-0.4014440903065971,-0.10303674893404946
6.385,-0.012879609544469872,0.19194603434178248,-0.8172410607040561,4.96881778847672e-05,-0.12384171719774395,-0.3338737206283625
6.386,-0.012879609544469872,0.19194603434178248,0.1827589392959439,0.0006809211828905812,0.323630626219207,-0.10332807595155524
6.387,-0.012879609544469872,0.19194603434178248,0.1827589392959439,0.0003658628894180596,0.32300677554508817,0.27098688242764524
6.388,-0.012879609544469872,0.19194603434178248,0.1827589392959439,-0.0005100286891941047,-0.12312556370671107,0.271496594718108
6.389,-0.012879609544469872,-0.8080539656582175,0.1827589392959439,-0.0007012635631598797,-0.3975907064123714,-0.10391985872090885
6.39,-0.012879609544469872,0.19194603434178248,-0.8172410607040561,0.00010763687389602271,-0.12258708706036273,-0.33703356496659953
6.391,-0.012879609544469872,0.19194603434178248,0.1827589392959439,0.0007914279751061538,0.32018301630868495,-0.10439525156823573
6.392,-0.012879609544469872,0.19194603434178248,0.1827589392959439,0.00036794376516836793,0.31940304278524745,0.2740151265366071
6.393,-0.012879609544469872,0.19194603434178248,0.1827589392959439,-0.0005786047966690929,-0.12169169022588446,0.27474848616553316
6.394,-0.012879609544469872,-0.8080539656582175,0.1827589392959439,-0.0007138286472481356,-0.39277467917511466,-0.10524531410216763
6.395,-0.012879609544469872,0.19194603434178248,-0.8172410607040561,0.00014622773861376015,-0.12104734823982721,-0.3415789859989514
6.396,-0.012879609544469872,0.19194603434178248,0.1827589392959439,0.0007835575514195382,0.31602471883955086,-0.10587606017802462
6.397,-0.012879609544469872,0.19194603434178248,0.1827589392959439,0.0003208536231305966,0.3151263433400873,0.27808474615252166
6.398,-0.012879609544469872,0.19194603434178248,0.1827589392959439,-0.000559180130263025,-0.12001629128184742,0.2790012310650389
6.399,-0.012879609544469872,-0.8080539656582175,0.1827589392959439,-0.0006282886362671063,-0.3872290309827485,-0.10693644756241522
6.4,-0.012879609544469872,0.19194603434178248,0.1827589392959439,0.00015626601780076692,-0.11929895361147728,-0.3472565000790344
6.401,-0.012879609544469872,0.19194603434178248,0.1827589392959439,0.0006666641288744462,0.3113667221154321,-0.10769060993889303
6.402,-0.012879609544469872,0.19194603434178248,0.1827589392959439,0.0002392802993062619,0.31039746965796544,0.28298234373970227
6.403,-0.012879609544469872,0.19194603434178248,0.1827589392959439,-0.00045851176117865774,-0.11818707165019894,0.28403787319320145
6.404,-0.012879609544469872,-0.8080539656582175,0.1827589392959439,-0.0004667659959235519,-0.38124717694966964,-0.10890908241739046
6.405,-0.012879609544469872,0.19194603434178248,-0.8172410607040561,0.00013511767811076183,-0.11743513885017519,-0.353790136507733
6.406,-0.012879609544469872,0.19194603434178248,0.1827589392959439,0.00046651498740918665,0.3064586751725678,-0.10975260401432832
6.407,-0.012879609544469872,0.19194603434178248,0.1827589392959439,0.0001406831899783368,0.3054705574070837,0.2884796836480971
6.408,-0.012879609544469872,0.19194603434178248,0.1827589392959439,-0.0002968215023437338,-0.11630234330202097,0.2896281196849965
6.409,-0.012879609544469872,-0.8080539656582175,0.1827589392959439,-0.0002608993048556981,-0.3751500429242935,-0.11107467524006795
6.41,-0.012879609544469872,0.19194603434178248,-0.8172410607040561,8.709473774644192e-05,-0.11555550780338338,-0.3608914436247755
6.411,-0.012879609544469872,0.19194603434178248,0.1827589392959439,0.00022051757352138215,0.3015611286664035,-0.11197239411679913
6.412,-0.012879609544469872,0.19194603434178248,0.1827589392959439,4.2303756185177055e-05,0.300604985998003,0.294341614605652
6.413,-0.012879609544469872,0.19194603434178248,0.1827589392959439,-0.00010393394336877495,-0.1144602330321014,0.2955361942151642
6.414,-0.012879609544469872,-0.8080539656582175,0.1827589392959439,-4.630064901321637e-05,-0.3692511180954907,-0.11334328217469584
6.415,-0.012879609544469872,0.19194603434178248,-0.8172410607040561,2.228753891842159e-05,-0.11375528749246203,-0.36826904102645136
6.416,-0.012879609544469872,0.19194603434178248,0.1827589392959439,-2.902887243126333e-05,0.29691775368929124,-0.11425992688599267
6.417,-0.012879609544469872,0.19194603434178248,0.1827589392959439,-4.144849056472701e-05,0.29603807522206504,0.30033368065937566
6.418,-0.012879609544469872,0.19194603434178248,0.1827589392959439,8.64048573201108e-05,-0.11274851286695599,0.30152842324940243
6.419,-0.012879609544469872,-0.8080539656582175,0.1827589392959439,0.00014346658462976262,-0.3638245059750874,-0.11562640662003498
6.42,-0.012879609544469872,0.19194603434178248,-0.8172410607040561,-4.5845200425733165e-05,-0.1121158079496081,-0.3756378532143422
6.421,-0.012879609544469872,0.19194603434178248,0.1827589392959439,-0.00024246966117759644,0.29273155019603836,-0.11652760774547939
6.422,-0.012879609544469872,0.19194603434178248,0.1827589392959439,-0.00010089207996514477,0.2919625111300889,0.30622945628575343
6.423,-0.012879609544469872,0.19194603434178248,0.1827589392959439,0.00024292827167148192,-0.11123651254982377,0.3073805506204048
6.424,-0.012879609544469872,-0.8080539656582175,0.1827589392959439,0.0002823775211716378,-0.3590805410943669,-0.11783971922301084
6.425,-0.012879609544469872,0.19194603434178248,-0.8172410607040561,-0.0001035556011823817,-0.11069756150846886,-0.3827279415268522
6.426,-0.012879609544469872,0.19194603434178248,0.1827589392959439,-0.00038972795793216586,0.28914840594973734,-0.11869303981608785
6.427,-0.012879609544469872,0.19194603434178248,0.1827589392959439,-0.00013202934765046712,0.28851166540306217,0.31181748995026193
6.428,-0.012879609544469872,0.19194603434178248,0.1827589392959439,0.0003426907893374293,-0.10997023525553931,0.3128846356421981
6.429,-0.012879609544469872,0.19194603434178248,0.1827589392959439,0.0003559429313782763,-0.3551523116387952,-0.119905597860677
6.43,-0.012879609544469872,0.19194603434178248,-0.8172410607040561,-0.00013985098175837055,-0.10953677803472432,-0.3892927255759266
6.431,-0.012879609544469872,0.19194603434178248,0.1827589392959439,-0.0004553074226300099,0.28625017498341254,-0.12068156214557421
6.432,-0.012879609544469872,0.19194603434178248,0.1827589392959439,-0.00013648304700326897,0.28575469220666194,0.3169076817715908
6.433,-0.012879609544469872,0.19194603434178248,0.1827589392959439,0.00037515656553842634,-0.10897127786594145,0.31785535102263396
6.434,-0.012879609544469872,-0.8080539656582175,0.1827589392959439,0.0003629879734634737,-0.3520946573818449,-0.1217554305500541
6.435,-0.012879609544469872,0.19194603434178248,-0.8172410607040561,-0.0001488247626745649,-0.1086458812213569,-0.3951163928669577
6.436,-0.012879609544469872,0.19194603434178248,0.1827589392959439,-0.0004403738563876137,0.28405789646694757,-0.12242852135768187
6.437,-0.012879609544469872,0.19194603434178248,0.1827589392959439,-0.00012048673911224299,0.28370169495314557,0.3213369686854955
6.438,-0.012879609544469872,0.19194603434178248,0.1827589392959439,0.0003436828011775872,-0.1082395373926343,0.3221355635312767
6.439,-0.012879609544469872,-0.8080539656582175,0.1827589392959439,0.0003148763699648062,-0.3498951777142551,-0.12333165573665597
6.44,-0.012879609544469872,0.19194603434178248,-0.8172410607040561,-0.0001307693630656755,-0.10801755730121812,-0.4000204180184368
6.441,-0.012879609544469872,0.19194603434178248,0.1827589392959439,-0.00036148432573854743,0.2825441177580579,-0.12388125505696493
6.442,-0.012879609544469872,0.19194603434178248,0.1827589392959439,-9.314393786943256e-05,0.28231760775662856,0.32497431254527015
6.443,-0.012879609544469872,0.19194603434178248,0.1827589392959439,0.00026408122902636677,-0.10775906522904775,0.32560121260186387
6.444,-0.012879609544469872,-0.8080539656582175,0.1827589392959439,0.0002323239674391771,-0.34849481515802827,-0.12458956404199396
6.445,-0.012879609544469872,0.19194603434178248,-0.8172410607040561,-9.184903765998987e-05,-0.10763157420667856,-0.40386928361498686
6.446,-0.012879609544469872,0.19194603434178248,0.1827589392959439,-0.0002462077750626282,0.2816517891081677,-0.12500082055041992
6.447,-0.012879609544469872,0.19194603434178248,0.1827589392959439,-6.428401092400101e-05,0.2815420019497185,0.32772511721781716
6.448,-0.012879609544469872,0.19194603434178248,0.1827589392959439,0.00016056077480976026,-0.10750591247206329,0.32816562925525955
6.449,-0.012879609544469872,-0.8080539656582175,0.1827589392959439,0.0001404256043383797,-0.3478139997042896,-0.1254989255983371
6.45,-0.012879609544469872,0.19194603434178248,-0.8172410607040561,-4.2438392137623414e-05,-0.10746303442908567,-0.40657561908238565
6.451,-0.012879609544469872,0.19194603434178248,0.1827589392959439,-0.00012653578501692876,0.2813161101836931,-0.1257635384420333
6.452,-0.012879609544469872,0.19194603434178248,0.1827589392959439,-4.23084782930008e-05,0.28131104583023536,0.3295352624380936
6.453,-0.012879609544469872,0.19194603434178248,0.1827589392959439,5.992661547960959e-05,-0.10745647927638828,0.32978348230795407
6.454,-0.012879609544469872,-0.8080539656582175,0.1827589392959439,6.289947649795224e-05,-0.34777941436744453,-0.12604550953238297
6.455,-0.012879609544469872,0.19194603434178248,-0.8172410607040561,5.467204839521604e-06,-0.10749050557978769,-0.4081049624391981
6.456,-0.012879609544469872,0.19194603434178248,0.1827589392959439,-3.1473833318247436e-05,0.28148521532728765,-0.12616241038387685
6.457,-0.012879609544469872,0.19194603434178248,0.1827589392959439,-3.2425578718597656e-05,0.2815774843857901,0.3303948718130929
6.458,-0.012879609544469872,0.19194603434178248,0.1827589392959439,-1.4691747693313397e-05,-0.10759479625606262,0.3304544424293294
6.459,-0.012879609544469872,-0.8080539656582175,0.1827589392959439,1.6746716452869076e-05,-0.34834633474726007,-0.12623250838612368
6.46,-0.012879609544469872,0.19194603434178248,-0.8172410607040561,4.115624013306082e-05,-0.10770249166117994,-0.4084801487425078
6.461,-0.012879609544469872,0.19194603434178248,0.1827589392959439,1.9582942810257423e-05,0.2821357755537373,-0.12620839947798512
6.462,-0.012879609544469872,0.19194603434178248,0.1827589392959439,-3.56077587094831e-05,0.2823248341052118,0.3303417046131209
6.463,-0.012879609544469872,0.19194603434178248,0.1827589392959439,-4.9181861860783034e-05,-0.10791734400770557,0.33022640054602126
6.464,-0.012879609544469872,-0.8080539656582175,0.1827589392959439,8.476804858408448e-06,-0.349512235308056,-0.1260817688549874
6.465,-0.012879609544469872,0.19194603434178248,-0.8172410607040561,5.7740059541853266e-05,-0.10810098616119951,-0.4077849442745417
6.466,-0.012879609544469872,0.19194603434178248,0.1827589392959439,2.1210698548310554e-05,0.2832804495927512,-0.1259314356950503
6.467,-0.012879609544469872,0.19194603434178248,0.1827589392959439,-4.8480995641940445e-05,0.2835729625816676,0.32946370291950733
6.468,-0.012879609544469872,0.19194603434178248,0.1827589392959439,-4.1635272155787114e-05,-0.10843443256829477,0.3291977026937944
6.469,-0.012879609544469872,-0.8080539656582175,0.1827589392959439,3.275584689551408e-05,-0.3513188336086919,-0.12563458041811446
6.47,-0.012879609544469872,0.19194603434178248,-0.8172410607040561,5.373233352840483e-05,-0.10870134345820777,-0.40616605073994516
6.471,-0.012879609544469872,0.19194603434178248,0.1827589392959439,-1.6970516366691503e-05,0.28496550333817233,-0.12538085355487708
6.472,-0.012879609544469872,0.19194603434178248,0.1827589392959439,-6.418364540487208e-05,0.28537369288940845,0.32789981786102074
6.473,-0.012879609544469872,0.19194603434178248,0.1827589392959439,-2.6121689277873453e-06,-0.10916775126312213,0.3275174583613586
6.474,-0.012879609544469872,0.19194603434178248,0.1827589392959439,7.384207938693668e-05,-0.3538417288679142,-0.12495162318550129
6.475,-0.012879609544469872,0.19194603434178248,-0.8172410607040561,3.329704654508393e-05,-0.10952833947395715,-0.40383213106749655
6.476,-0.012879609544469872,0.19194603434178248,0.1827589392959439,-7.283875354084933e-05,0.28725861690103927,-0.12462482872771372
6.477,-0.012879609544469872,0.19194603434178248,0.1827589392959439,-7.404368180436665e-05,0.2877968045080402,0.3258379014109414
6.478,-0.012879609544469872,0.19194603434178248,0.1827589392959439,4.7640999473995684e-05,-0.11014436688701239,0.3253826692716546
6.479,-0.012879609544469872,-0.8080539656582175,0.1827589392959439,0.00010957551097885217,-0.357168964608562,-0.12411157488115251
6.48,-0.012879609544469872,0.19194603434178248,-0.8172410607040561,5.101186981813367e-06,-0.11060896390823072,-0.40104822145885893
6.481,-0.012879609544469872,0.19194603434178248,0.1827589392959439,-0.00011745119892583132,0.2902286368195815,-0.12374830567701808
6.482,-0.012879609544469872,0.19194603434178248,0.1827589392959439,-6.97514511773457e-05,0.29090851560645886,0.3235083173253088
6.483,-0.012879609544469872,0.19194603434178248,0.1827589392959439,8.445180545325705e-05,-0.1113880862552987,0.3230308436045815
6.484,-0.012879609544469872,-0.8080539656582175,0.1827589392959439,0.00011711005058198716,-0.361371853152767,-0.12320787348379728
6.485,-0.012879609544469872,0.19194603434178248,-0.8172410607040561,-1.9966122301213355e-05,-0.1119630851679013,-0.398123949173755
6.486,-0.012879609544469872,0.19194603434178248,0.1827589392959439,-0.00012265636229702911,0.2939205236488393,-0.12284894685577896
6.487,-0.012879609544469872,0.19194603434178248,0.1827589392959439,-4.5585648028234906e-05,0.2947459448872871,0.3211721098069429
6.488,-0.012879609544469872,0.19194603434178248,0.1827589392959439,8.529953807792285e-05,-0.11290960302013937,0.3207270131990674
6.489,-0.012879609544469872,-0.8080539656582175,0.1827589392959439,7.914463316827711e-05,-0.366472911320024,-0.1223432625553082
6.49,-0.012879609544469872,0.19194603434178248,-0.8172410607040561,-3.167662451199879e-05,-0.11359355614370094,-0.39539447779722203
6.491,-0.012879609544469872,0.19194603434178248,0.1827589392959439,-6.893289454322244e-05,0.2983297443681194,-0.12203081425859215
6.492,-0.012879609544469872,0.19194603434178248,0.1827589392959439,-2.115965070776624e-07,0.29929192930461174,0.3191031310167198
6.493,-0.012879609544469872,0.19194603434178248,0.1827589392959439,3.619780494294606e-05,-0.1146971339595168,0.3187447048733757
6.494,-0.012879609544469872,-0.8080539656582175,0.1827589392959439,-1.0771497352587991e-05,-0.37241651730768516,-0.12162202151750207
6.495,-0.012879609544469872,0.19194603434178248,-0.8172410607040561,-2.3264655650564676e-05,-0.11547751186051486,-0.3931940697275563
6.496,-0.012879609544469872,0.19194603434178248,0.1827589392959439,4.838787294077237e-05,0.30338069408423074,-0.12139581653729382
6.497,-0.012879609544469872,0.19194603434178248,0.1827589392959439,6.237207812724232e-05,0.3044547651112845,0.3175644488873418
6.498,-0.012879609544469872,0.19194603434178248,0.1827589392959439,-6.365408414874968e-05,-0.11670926675353023,0.31734139531739797
6.499,-0.012879609544469872,-0.8080539656582175,0.1827589392959439,-0.00014515984398329423,-0.3790477723351991,-0.1211401812761629
6.5,-0.012879609544469872,0.19194603434178248,-0.8172410607040561,6.53355934276313e-06,-0.11756051491590434,-0.39182349904051256
6.501,-0.012879609544469872,0.19194603434178248,0.1827589392959439,0.00021608923397966427,0.30891333678063937,-0.12103338531165794
6.502,-0.012879609544469872,0.19194603434178248,0.1827589392959439,0.0001330132407779391,0.3100569011000205,0.31678052526000694
6.503,-0.012879609544469872,0.19194603434178248,0.1827589392959439,-0.00020016260008347275,-0.11887148219059437,0.31673017565730094
6.504,-0.012879609544469872,-0.8080539656582175,0.1827589392959439,-0.00030263929341173393,-0.3861040420340375,-0.12097449115490962
6.505,-0.012879609544469872,0.19194603434178248,-0.8172410607040561,5.27250459808741e-05,-0.11975484192929516,-0.39151406859297255
6.506,-0.012879609544469872,0.19194603434178248,0.1827589392959439,0.000404161332988652,0.31468118079941976,-0.12100931593162728
6.507,-0.012879609544469872,0.19194603434178248,0.1827589392959439,0.00019876939502712167,0.31583541790038844,0.31690788046642254
6.508,-0.012879609544469872,0.19194603434178248,0.1827589392959439,-0.0003461705808555778,-0.1210773152694914,0.3170505628872411
6.509,-0.012879609544469872,-0.8080539656582175,0.1827589392959439,-0.00045129428812189985,-0.39322190691368347,-0.12117135340531444
6.51,-0.012879609544469872,0.19194603434178248,-0.8172410607040561,0.00010482799039131475,-0.12194262694064695,-0.3923924026502838
6.511,-0.012879609544469872,0.19194603434178248,0.1827589392959439,0.0005710683605025357,0.32036210974203866,-0.12135513045686783
6.512,-0.012879609544469872,0.19194603434178248,0.1827589392959439,0.0002452640474396303,0.32145545341177606,0.3180080004243865
6.513,-0.012879609544469872,0.19194603434178248,0.1827589392959439,-0.00046664140940143843,-0.12319445622928382,0.3183423711320905
6.514,-0.012879609544469872,-0.8080539656582175,0.1827589392959439,-0.0005548836637886926,-0.3999600305758648,-0.12173728011992913
6.515,-0.012879609544469872,0.19194603434178248,-0.8172410607040561,0.0001490535648508695,-0.12398387283604839,-0.3944511845995409
6.516,-0.012879609544469872,0.19194603434178248,0.1827589392959439,0.0006722930762411874,0.32558171432330946,-0.12205959588402851
6.517,-0.012879609544469872,0.19194603434178248,0.1827589392959439,0.0002596195513906999,0.32653583514076967,0.32002684305589035
6.518,-0.012879609544469872,0.19194603434178248,0.1827589392959439,-0.0005262305041060056,-0.12507536456483329,0.32052704648129116
6.519,-0.012879609544469872,-0.8080539656582175,0.1827589392959439,-0.0005807158956318357,-0.4058360953748425,-0.12263256215031185
6.52,-0.012879609544469872,0.19194603434178248,-0.8172410607040561,0.00017145882706343728,-0.12572861644820513,-0.3975312985585014
6.521,-0.012879609544469872,0.19194603434178248,0.1827589392959439,0.0006704581771536722,0.3299468998536872,-0.12306407223881982
6.522,-0.012879609544469872,0.19194603434178248,0.1827589392959439,0.00023339298957398769,0.3306843435418514,0.322785251534545
6.523,-0.012879609544469872,0.19194603434178248,0.1827589392959439,-0.0004976728553123282,-0.12657128686272667,0.32340067753282864
6.524,-0.012879609544469872,-0.8080539656582175,0.1827589392959439,-0.0005075590331593817,-0.4103738153460495,-0.1237697027757798
6.525,-0.012879609544469872,0.19194603434178248,-0.8172410607040561,0.0001613828901104394,-0.12703189686712804,-0.401320213933046
6.526,-0.012879609544469872,0.19194603434178248,0.1827589392959439,0.0005448524939217899,0.33308596020040204,-0.12426311795450848
6.527,-0.012879609544469872,0.19194603434178248,0.1827589392959439,0.0001648935456041587,0.3335385336613202,0.32598376344900004
6.528,-0.012879609544469872,0.19194603434178248,0.1827589392959439,-0.00036912998751738367,-0.12754803550065105,0.32664192283906845
6.529,-0.012879609544469872,-0.8080539656582175,0.1827589392959439,-0.0003318261433292954,-0.4131544370302037,-0.12501773405379382
6.53,-0.012879609544469872,0.19194603434178248,-0.8172410607040561,0.00011438071033509413,-0.12776972511175522,-0.4053698668314568
6.531,-0.012879609544469872,0.19194603434178248,0.1827589392959439,0.0002981728383671721,0.3346902489018744,-0.12551123591164023
6.532,-0.012879609544469872,0.19194603434178248,0.1827589392959439,6.0338994528116975e-05,0.3348071083364689,0.32922372724629717
6.533,-0.012879609544469872,0.19194603434178248,0.1827589392959439,-0.00014875369019602257,-0.12790157897666346,0.3298363833791743
6.534,-0.012879609544469872,-0.8080539656582175,0.1827589392959439,-7.05279368414412e-05,-0.4138663162010167,-0.1262128273150489
6.535,-0.012879609544469872,0.19194603434178248,-0.8172410607040561,3.3945111138895166e-05,-0.12785405287574747,-0.4091348603182186
6.536,-0.012879609544469872,0.19194603434178248,0.1827589392959439,-4.124119901963262e-05,0.3345521958579551,-0.12663584975980258
6.537,-0.012879609544469872,0.19194603434178248,0.1827589392959439,-6.649158623159872e-05,0.33430659958239795,0.3320444549151952
6.538,-0.012879609544469872,0.19194603434178248,0.1827589392959439,0.00013476784498261176,-0.12757145947466822,0.3325166755603367
6.539,-0.012879609544469872,-0.8080539656582175,0.1827589392959439,0.0002399184442338871,-0.412346227581885,-0.1271747121198361
6.54,-0.012879609544469872,0.19194603434178248,-0.8172410607040561,-6.845286984337922e-05,-0.1272448158755139,-0.412028820964867
6.541,-0.012879609544469872,0.19194603434178248,0.1827589392959439,-0.00042252783845857136,0.33259476340200406,-0.12745565729470143
6.542,-0.012879609544469872,0.19194603434178248,0.1827589392959439,-0.00019616522178562387,0.3319886031251756,0.33397364163467896
6.543,-0.012879609544469872,0.19194603434178248,0.1827589392959439,0.0004361055711552304,-0.1265502914134495,0.33421494002772323
6.544,-0.012879609544469872,-0.8080539656582175,0.1827589392959439,0.0005491013155507124,-0.40860700484102314,-0.12772745747907746
6.545,-0.012879609544469872,0.19194603434178248,-0.8172410607040561,-0.0001751200983467085,-0.12595746853948636,-0.41349364843224656
6.546,-0.012879609544469872,0.19194603434178248,0.1827589392959439,-0.0007805145544580869,0.32888844878467655,-0.1278025575239333
6.547,-0.012879609544469872,0.19194603434178248,0.1827589392959439,-0.00030679948520903833,0.3279539433439779,0.3345858545824037
6.548,-0.012879609544469872,0.19194603434178248,0.1827589392959439,0.0007011019498177602,-0.1248880677710749,0.33452215258454554
6.549,-0.012879609544469872,-0.8080539656582175,0.1827589392959439,0.000801420355083251,-0.4028477703867414,-0.12772230085277217
6.55,-0.012879609544469872,0.19194603434178248,-0.8172410607040561,-0.0002654127013716553,-0.12406497794567678,-0.41307369251802345
6.551,-0.012879609544469872,0.19194603434178248,0.1827589392959439,-0.0010476349273686213,0.3236534645165495,-0.12754455219114424
6.552,-0.012879609544469872,0.19194603434178248,0.1827589392959439,-0.0003780137804810288,0.3224517487100249,0.33356195673530725
6.553,-0.012879609544469872,0.19194603434178248,0.1827589392959439,0.0008770890892696795,-0.12269063720400027,0.3331468082137467
6.554,-0.012879609544469872,-0.8080539656582175,0.1827589392959439,0.0009466790970307769,-0.3954451484884711,-0.12705959302318176
6.555,-0.012879609544469872,0.19194603434178248,-0.8172410607040561,-0.000319890874744285,-0.12169392361612501,-0.4104850959071607
6.556,-0.012879609544469872,0.19194603434178248,0.1827589392959439,-0.0011672805039211404,0.3172465377252875,-0.1266065349997085
6.557,-0.012879609544469872,0.19194603434178248,0.1827589392959439,-0.00039488518582235304,0.3158632553257034,0.3307412741261508
6.558,-0.012879609544469872,0.19194603434178248,0.1827589392959439,0.0009236753232835853,-0.120112421620939,0.3299646996455291
6.559,-0.012879609544469872,-0.8080539656582175,0.1827589392959439,0.0009503744402982428,-0.38692615198261243,-0.12570669389163383
6.56,-0.012879609544469872,0.19194603434178248,-0.8172410607040561,-0.00032449947601121483,-0.11901505842548796,-0.40567005945603063
6.561,-0.012879609544469872,0.19194603434178248,0.1827589392959439,-0.0011058730523399193,0.31013360697811365,-0.12498582064613961
6.562,-0.012879609544469872,0.19194603434178248,0.1827589392959439,-0.00035111629492511477,0.30867196891044985,0.3261584149980863
6.563,-0.012879609544469872,0.19194603434178248,0.1827589392959439,0.0008217457907543684,-0.11734412218352876,0.32505185834052414
6.564,-0.012879609544469872,-0.8080539656582175,0.1827589392959439,0.0008015305591380347,-0.3779255742689997,-0.12370888767377726
6.565,-0.012879609544469872,0.19194603434178248,-0.8172410607040561,-0.0002738700504910271,-0.11622932732434853,-0.39882684754166753
6.566,-0.012879609544469872,0.19194603434178248,0.1827589392959439,-0.0008610580203730667,0.302851311133444,-0.12275968861806139
6.567,-0.012879609544469872,0.19194603434178248,0.1827589392959439,-0.0002507335869925191,0.3014233610824992,0.3200580168749632
6.568,-0.012879609544469872,0.19194603434178248,0.1827589392959439,0.0005786813977799738,-0.11459672225505248,0.31869434071918373
6.569,-0.012879609544469872,-0.8080539656582175,0.1827589392959439,0.0005163166832904714,-0.36913242618621533,-0.12119109735484308
6.57,-0.012879609544469872,0.19194603434178248,-0.8172410607040561,-0.0001729894042790092,-0.11355083281508382,-0.39040894300528833
6.571,-0.012879609544469872,0.19194603434178248,0.1827589392959439,-0.00046409808244277773,0.2959613570405177,-0.12008310495026216
6.572,-0.012879609544469872,0.19194603434178248,0.1827589392959439,-0.00010789382949962012,0.2946783642888652,0.31288324038684623
6.573,-0.012879609544469872,0.19194603434178248,0.1827589392959439,0.00022850129231568103,-0.11208347143255522,0.3113712922882957
6.574,-0.012879609544469872,-0.8080539656582175,0.1827589392959439,0.00013647483775579015,-0.3612310327542948,-0.11834930024796826
6.575,-0.012879609544469872,0.19194603434178248,-0.8172410607040561,-3.679995632555581e-05,-0.11118852374555543,-0.3810906166237725
6.576,-0.012879609544469872,0.19194603434178248,0.1827589392959439,2.433250931751246e-05,0.29000249232975545,-0.11717604065626237
6.577,-0.012879609544469872,0.19194603434178248,0.1827589392959439,5.5262863788903185e-05,0.28896544933402285,0.30523725048494643
6.578,-0.012879609544469872,0.19194603434178248,0.1827589392959439,-0.00017335495539483808,-0.11000168917241897,0.30371127276424625
6.579,-0.012879609544469872,-0.8080539656582175,0.1827589392959439,-0.00027738396386088024,-0.3548427525806301,-0.11543193788109395
6.58,-0.012879609544469872,0.19194603434178248,-0.8172410607040561,0.00011227589281841176,-0.10932844464772204,-0.37170079477713924
6.581,-0.012879609544469872,0.19194603434178248,0.1827589392959439,0.0005244069763153404,0.28544485487309357,-0.11430126111182896
6.582,-0.012879609544469872,0.19194603434178248,0.1827589392959439,0.00021238150958485577,0.2847359970895412,0.2978207605818692
6.583,-0.012879609544469872,0.19194603434178248,0.1827589392959439,-0.0005597725396957482,-0.10851615729993437,0.2964256828005654
6.584,-0.012879609544469872,-0.8080539656582175,0.1827589392959439,-0.0006564873150560283,-0.35047391773397696,-0.11271307745309775
6.585,-0.012879609544469872,0.19194603434178248,-0.8172410607040561,0.00024845055905524464,-0.10811822791644506,-0.36313182591362564
6.586,-0.012879609544469872,0.19194603434178248,0.1827589392959439,0.0009516230358858677,0.282650967115005,-0.1117349030390102
6.587,-0.012879609544469872,0.19194603434178248,0.1827589392959439,0.00033760599082801045,0.28232707330272405,0.29135239383436823
6.588,-0.012879609544469872,0.19194603434178248,0.1827589392959439,-0.0008644147692564209,-0.10774560686673312,0.2902267162393207
6.589,-0.012879609544469872,0.19194603434178248,0.1827589392959439,-0.0009366055414845629,-0.3484746267192633,-0.1104603954733156
6.59,-0.012879609544469872,0.19194603434178248,-0.8172410607040561,0.00034752242303425504,-0.1076551808736272,-0.3562338314328984
6.591,-0.012879609544469872,0.19194603434178248,0.1827589392959439,0.0012327071555050478,0.2818467083885866,-0.10973335835147066
6.592,-0.012879609544469872,0.19194603434178248,0.1827589392959439,0.0004103408030266318,0.2819347113710666,0.28648155362126415
6.593,-0.012879609544469872,0.19194603434178248,0.1827589392959439,-0.0010344270573418289,-0.10775339925282351,0.2857399932297235
6.594,-0.012879609544469872,-0.8080539656582175,0.1827589392959439,-0.0010702513899155856,-0.34901164133428847,-0.10890200255888494
6.595,-0.012879609544469872,0.19194603434178248,-0.8172410607040561,0.00039165527959454037,-0.107978874258884,-0.3517081019389805
6.596,-0.012879609544469872,0.19194603434178248,0.1827589392959439,0.0013197528612621451,0.28310439484213357,-0.10850074392749844
6.597,-0.012879609544469872,0.19194603434178248,0.1827589392959439,0.00041911847289100577,0.28359957175829714,0.2837051883393553
6.598,-0.012879609544469872,0.19194603434178248,0.1827589392959439,-0.0010407944956176746,-0.10854302017005554,0.2834234309377381
6.599,-0.012879609544469872,-0.8080539656582175,0.1827589392959439,-0.001035888028529302,-0.35205705800092874,-0.10819654217296908
6.6,-0.012879609544469872,0.19194603434178248,-0.8172410607040561,0.00037298338453798535,-0.10906864627984064,-0.35001395509653443
6.601,-0.012879609544469872,0.19194603434178248,0.1827589392959439,0.0011996585793031533,0.2863388038048596,-0.10816140879067204
6.602,-0.012879609544469872,0.19194603434178248,0.1827589392959439,0.00036377870044560195,0.28720555707099077,0.28329994832948746
6.603,-0.012879609544469872,0.19194603434178248,0.1827589392959439,-0.0008841639225100025,-0.11005851578915557,0.2835036855936651
6.604,-0.012879609544469872,-0.8080539656582175,0.1827589392959439,-0.000842196845119193,-0.35739286067578946,-0.10841078091421273
6.605,-0.012879609544469872,0.19194603434178248,0.1827589392959439,0.0002952608231276951,-0.11084596198953874,-0.3513023564407757
6.606,-0.012879609544469872,0.19194603434178248,0.1827589392959439,0.0008968201129228564,0.2913157622863129,-0.108741455935807
6.607,-0.012879609544469872,0.19194603434178248,0.1827589392959439,0.00025548440936570886,0.2924907776342311,0.2852796614561394
6.608,-0.012879609544469872,0.19194603434178248,0.1827589392959439,-0.000594828929555147,-0.11218956073730713,0.285939599401377
6.609,-0.012879609544469872,-0.8080539656582175,0.1827589392959439,-0.0005264256107282254,-0.3646300940646791,-0.10950806366638985
6.61,-0.012879609544469872,0.19194603434178248,-0.8172410607040561,0.00017317001201367586,-0.1131811631987731,-0.35538648324173305
6.611,-0.012879609544469872,0.19194603434178248,0.1827589392959439,0.000468385909349523,0.29767190462794063,-0.11016217501485351
6.612,-0.012879609544469872,0.19194603434178248,0.1827589392959439,0.00011452960163514188,0.29906930056060915,0.28938495491885824
6.613,-0.012879609544469872,0.19194603434178248,0.1827589392959439,-0.0002267690668697839,-0.11478049917637177,0.29041871678016645
6.614,-0.012879609544469872,-0.8080539656582175,0.1827589392959439,-0.0001470458145509094,-0.37324034142322887,-0.11134963196527639
6.615,-0.012879609544469872,0.19194603434178248,-0.8172410607040561,2.939409183388568e-05,-0.11590384168230698,-0.3617546653799681
6.616,-0.012879609544469872,0.19194603434178248,0.1827589392959439,-7.0742959812582365e-06,0.3049434663617552,-0.11224673120285002
6.617,-0.012879609544469872,0.19194603434178248,0.1827589392959439,-3.365224656586503e-05,0.3064614384761812,0.2951076264485456
6.618,-0.012879609544469872,0.19194603434178248,0.1827589392959439,0.00015311410159769397,-0.1176424625711328,0.2963885435968397
6.619,-0.012879609544469872,-0.8080539656582175,0.1827589392959439,0.00022785484976662064,-0.38259650065275136,-0.1137090836573682
6.62,-0.012879609544469872,0.19194603434178248,-0.8172410607040561,-0.00010996199789811593,-0.11881587900203591,-0.3696254166534808
6.621,-0.012879609544469872,0.19194603434178248,0.1827589392959439,-0.00044523023944628167,0.31260153884734165,-0.11473965048941154
6.622,-0.012879609544469872,0.19194603434178248,0.1827589392959439,-0.00016348788375673555,0.3141299501591439,0.3017476110178723
6.623,-0.012879609544469872,0.19194603434178248,0.1827589392959439,0.0004783796208022365,-0.12056754066736916,0.30311943334779895
6.624,-0.012879609544469872,-0.8080539656582175,0.1827589392959439,0.0005340901222562393,-0.3920195114380505,-0.11629843199723025
6.625,-0.012879609544469872,0.19194603434178248,-0.8172410607040561,-0.00022065161917156367,-0.12170611167662028,-0.37803839993791805
6.626,-0.012879609544469872,0.19194603434178248,0.1827589392959439,-0.0007727608475892111,0.3200910334322823,-0.11733684501835377
6.627,-0.012879609544469872,0.19194603434178248,0.1827589392959439,-0.00025425338544873485,0.3215193973951723,0.30849579489325346
6.628,-0.012879609544469872,0.19194603434178248,0.1827589392959439,0.0006962636585471023,-0.12334394914820987,0.3097915006338401
6.629,-0.012879609544469872,-0.8080539656582175,0.1827589392959439,0.0007239968039171042,-0.4008276327986332,-0.11880257162577129
6.63,-0.012879609544469872,0.19194603434178248,-0.8172410607040561,-0.0002851497750645922,-0.12436557914898681,-0.3859700234894285
6.631,-0.012879609544469872,0.19194603434178248,0.1827589392959439,-0.0009417150353640904,0.32687063439393144,-0.11972240301984938
6.632,-0.012879609544469872,0.19194603434178248,0.1827589392959439,-0.0002940161079264585,0.32809596586585266,0.3145321874809942
6.633,-0.012879609544469872,0.19194603434178248,0.1827589392959439,0.0007779301486470637,-0.12577117283760011,0.31559446203071784
6.634,-0.012879609544469872,-0.8080539656582175,0.1827589392959439,0.0007754932603778578,-0.40838501849946357,-0.12091772746900499
6.635,-0.012879609544469872,0.19194603434178248,-0.8172410607040561,-0.0002960536354464365,-0.12660236676253137,-0.3924587278613564
6.636,-0.012879609544469872,0.19194603434178248,0.1827589392959439,-0.0009383995644487403,0.3324511851446115,-0.12160735933127068
6.637,-0.012879609544469872,0.19194603434178248,0.1827589392959439,-0.0002816957633391337,0.3333852413478878,0.31912664866202617
6.638,-0.012879609544469872,0.19194603434178248,0.1827589392959439,0.0007235472786196836,-0.12767414027871224,0.31982732932597524
6.639,-0.012879609544469872,-0.8080539656582175,0.1827589392959439,0.0006956260665769101,-0.41414660228117667,-0.12238884187300841
6.64,-0.012879609544469872,0.19194603434178248,-0.8172410607040561,-0.00025727657470806274,-0.12825514143520111,-0.3967234630478717
6.641,-0.012879609544469872,0.19194603434178248,0.1827589392959439,-0.0007848598751872881,0.3364301887943703,-0.12276532374366504
6.642,-0.012879609544469872,0.19194603434178248,0.1827589392959439,-0.00022679836028872166,0.3370056763482402,0.3217288531991583
6.643,-0.012879609544469872,0.19194603434178248,0.1827589392959439,0.000561068785712666,-0.12891558275373466,0.32198474812778094
6.644,-0.012879609544469872,-0.8080539656582175,0.1827589392959439,0.0005178161150391313,-0.4176966231481762,-0.12304094671216774
6.645,-0.012879609544469872,0.19194603434178248,-0.8172410607040561,-0.00018276480003483252,-0.1292045766770034,-0.3982596348775503
6.646,-0.012879609544469872,0.19194603434178248,0.1827589392959439,-0.0005326002803744381,0.33852037192113754,-0.12306023462847956
6.647,-0.012879609544469872,0.19194603434178248,0.1827589392959439,-0.00014687140257177574,0.3386957522954837,0.3220355534948078
6.648,-0.012879609544469872,0.19194603434178248,0.1827589392959439,0.0003389590093243831,-0.12940583722982213,0.321818527026259
6.649,-0.012879609544469872,-0.8080539656582175,0.1827589392959439,0.000293378138984501,-0.41877846538941205,-0.12280036510127836
6.65,-0.012879609544469872,0.19194603434178248,-0.8172410607040561,-9.30092669056405e-05,-0.12938197012887978,-0.3968998261102401
6.651,-0.012879609544469872,0.19194603434178248,0.1827589392959439,-0.00024988878506054866,0.33857054905897094,-0.12246257305234061
6.652,-0.012879609544469872,0.19194603434178248,0.1827589392959439,-6.322672666583667e-05,0.3383331347297705,0.3200262889892081
6.653,-0.012879609544469872,0.19194603434178248,0.1827589392959439,0.00011444278776549678,-0.12910946871086856,0.3193662931970172
6.654,-0.012879609544469872,-0.8080539656582175,0.1827589392959439,7.916064097727075e-05,-0.41731386790466823,-0.12170297865163142
6.655,-0.012879609544469872,0.19194603434178248,-0.8172410607040561,-1.0121778741713387e-05,-0.1287744761602912,-0.3928314364327918
6.656,-0.012879609544469872,0.19194603434178248,0.1827589392959439,-5.4391291498002775e-06,0.3365773526577248,-0.12105196294268832
6.657,-0.012879609544469872,0.19194603434178248,0.1827589392959439,4.129980160613561e-06,0.3359444562440252,0.3159630358855542
6.658,-0.012879609544469872,0.19194603434178248,0.1827589392959439,-6.011119118755692e-05,-0.12804822286580386,0.3149437438190345
6.659,-0.012879609544469872,-0.8080539656582175,0.1827589392959439,-7.594655500805504e-05,-0.41341001001456557,-0.11988857743440197
6.66,-0.012879609544469872,0.19194603434178248,-0.8172410607040561,4.7418652179873913e-05,-0.12742652121294745,-0.38656932548409834
6.661,-0.012879609544469872,0.19194603434178248,0.1827589392959439,0.00014786947967392486,0.3326867944378726,-0.11900596118615174
6.662,-0.012879609544469872,0.19194603434178248,0.1827589392959439,4.122655466051326e-05,0.33170478167579187,0.31035425431529723
6.663,-0.012879609544469872,0.19194603434178248,0.1827589392959439,-0.00014958995375856726,-0.12629998898107447,0.3091019696604374
6.664,-0.012879609544469872,-0.8080539656582175,0.1827589392959439,-0.00014257420784722705,-0.4073535541343824,-0.11758221845287949
6.665,-0.012879609544469872,0.19194603434178248,-0.8172410607040561,6.914497966912874e-05,-0.12543715541466424,-0.3788877071045481
6.666,-0.012879609544469872,0.19194603434178248,0.1827589392959439,0.00018549815711896793,0.3271851364470689,-0.11657673008972266
6.667,-0.012879609544469872,0.19194603434178248,0.1827589392959439,4.3420814283461535e-05,0.3259263480073715,0.3038886394707724
6.668,-0.012879609544469872,0.19194603434178248,0.1827589392959439,-0.00014443686247370252,-0.12399366880500327,0.3025560693296472
6.669,-0.012879609544469872,-0.8080539656582175,0.1827589392959439,-0.00011780166217495296,-0.39959145672278235,-0.11506527385967888
6.67,-0.012879609544469872,0.19194603434178248,-0.8172410607040561,5.507320396739408e-05,-0.12295333065199271,-0.3707210251149558
6.671,-0.012879609544469872,0.19194603434178248,0.1827589392959439,0.00011700304714665543,0.32047919561709237,-0.11405890602647381
6.672,-0.012879609544469872,0.19194603434178248,0.1827589392959439,1.6471556421979606e-05,0.31903684452668074,0.29734790909024206
6.673,-0.012879609544469872,0.19194603434178248,0.1827589392959439,-6.282888672023419e-05,-0.12130011306126193,0.2960950578047642
6.674,-0.012879609544469872,-0.8080539656582175,0.1827589392959439,-2.5727253485785933e-05,-0.39069925428248464,-0.11264019729590102
6.675,-0.012879609544469872,0.19194603434178248,-0.8172410607040561,1.5641854616830257e-05,-0.1201593822203516,-0.3630475470038799
6.676,-0.012879609544469872,0.19194603434178248,0.1827589392959439,-1.6479848587582414e-05,0.3130669760759409,-0.11175309846372085
6.677,-0.012879609544469872,0.19194603434178248,0.1827589392959439,-2.492792096971431e-05,0.31154829146379837,0.29151058496212096
6.678,-0.012879609544469872,0.19194603434178248,0.1827589392959439,5.3948433211079937e-05,-0.11841959567571193,0.2904853620586194
6.679,-0.012879609544469872,-0.8080539656582175,0.1827589392959439,8.86377727474069e-05,-0.3813385528511871,-0.11059378533792859
6.68,-0.012879609544469872,0.19194603434178248,-0.8172410607040561,-3.0937602206164884e-05,-0.11726331338669607,-0.3567713820311847
6.681,-0.012879609544469872,0.19194603434178248,0.1827589392959439,-0.0001526825102060297,0.30550037246269734,-0.10992991847282788
6.682,-0.012879609544469872,0.19194603434178248,0.1827589392959439,-6.08937248646985e-05,0.30401843290644326,0.2870595943302412
6.683,-0.012879609544469872,0.19194603434178248,0.1827589392959439,0.00015205681841970776,-0.11556662257559079,0.2863806860684631
6.684,-0.012879609544469872,-0.8080539656582175,0.1827589392959439,0.00017093832028508918,-0.3722065109624124,-0.10916376438157117
6.685,-0.012879609544469872,0.19194603434178248,0.1827589392959439,-6.337667682761573e-05,-0.11448080987117981,-0.3526183223253374
6.686,-0.012879609544469872,0.19194603434178248,0.1827589392959439,-0.00022439456732413002,0.2983425308973742,-0.10879919298458016
6.687,-0.012879609544469872,0.19194603434178248,0.1827589392959439,-7.157501426024537e-05,0.2970073911460411,0.28450554418146107
6.688,-0.012879609544469872,0.19194603434178248,0.1827589392959439,0.00017930530772529606,-0.11295318052273394,0.28424969179236503
6.689,-0.012879609544469872,-0.8080539656582175,0.1827589392959439,0.00017197273836753034,-0.36398108049093875,-0.1085129015964842
6.69,-0.012879609544469872,0.19194603434178248,-0.8172410607040561,-6.300907072704742e-05,-0.11201820288939192,-0.3510584271786991
6.691,-0.012879609544469872,0.19194603434178248,0.1827589392959439,-0.0001777698598732343,0.2921231802122708,-0.10848812659507176
6.692,-0.012879609544469872,0.19194603434178248,0.1827589392959439,-4.267856063675522e-05,0.2910330188367246,0.2841349036161791
6.693,-0.012879609544469872,0.19194603434178248,0.1827589392959439,9.975305496171756e-05,-0.11077177689031731,0.28433003309992266
6.694,-0.012879609544469872,-0.8080539656582175,0.1827589392959439,6.17802597349527e-05,-0.35726650817465977,-0.10871363529684881
6.695,-0.012879609544469872,0.19194603434178248,-0.8172410607040561,-1.916721355426344e-05,-0.11005580823760888,-0.3522640550850917
6.696,-0.012879609544469872,0.19194603434178248,0.1827589392959439,1.1547564309417262e-05,0.28729573283128795,-0.1090307799404064
6.697,-0.012879609544469872,0.19194603434178248,0.1827589392959439,3.001623616296735e-05,0.28652881108014955,0.28598850654118607
6.698,-0.012879609544469872,0.19194603434178248,0.1827589392959439,-9.478506285670666e-05,-0.10917975812928515,0.2866132785861548
6.699,-0.012879609544469872,-0.8080539656582175,0.1827589392959439,-0.00016009974880523532,-0.3525439582252789,-0.10974464184326464
6.7,-0.012879609544469872,0.19194603434178248,-0.8172410607040561,6.708183242856905e-05,-0.10873315139081266,-0.35610677838478544
6.701,-0.012879609544469872,0.19194603434178248,0.1827589392959439,0.00032849880465062893,0.2842000932732843,-0.11036956660258093
6.702,-0.012879609544469872,0.19194603434178248,0.1827589392959439,0.0001383024187755672,0.28380829797046775,0.28987136724450957
6.703,-0.012879609544469872,0.19194603434178248,0.1827589392959439,-0.0003793004978168632,-0.10828638577356459,0.2908607989023656
6.704,-0.012879609544469872,-0.8080539656582175,0.1827589392959439,-0.0004609186193336557,-0.35013198173540877,-0.11149905007249354
6.705,-0.012879609544469872,0.19194603434178248,-0.8172410607040561,0.00018184829486138788,-0.10813751327389189,-0.3621911116568387
6.706,-0.012879609544469872,0.19194603434178248,0.1827589392959439,0.0007176973059193667,0.2830348292521164,-0.11236778697213326
6.707,-0.012879609544469872,0.19194603434178248,0.1827589392959439,0.00026207047553782775,0.28303946545317044,0.29539046255803464
6.708,-0.012879609544469872,0.19194603434178248,0.1827589392959439,-0.0006979542260988512,-0.10814397369362282,0.2966464536649817
6.709,-0.012879609544469872,0.19194603434178248,0.1827589392959439,-0.0007789252960191744,-0.35016087890965325,-0.11380243775672813
6.71,-0.012879609544469872,0.19194603434178248,-0.8172410607040561,0.0003004286684771483,-0.10829698651018523,-0.36991807178448133
6.711,-0.012879609544469872,0.19194603434178248,0.1827589392959439,0.001092419297893302,0.2838416365524245,-0.11483076762610486
6.712,-0.012879609544469872,0.19194603434178248,0.1827589392959439,0.00037281374809215923,0.2842319419970689,0.3020135150116051
6.713,-0.012879609544469872,0.19194603434178248,0.1827589392959439,-0.000974272448506416,-0.10874405102988234,0.3034185102897533
6.714,-0.012879609544469872,-0.8080539656582175,0.1827589392959439,-0.0010351101672986533,-0.3525637990557046,-0.11643752520046839
6.715,-0.012879609544469872,0.19194603434178248,-0.8172410607040561,0.00039216931362026294,-0.10917883011663607,-0.378567965136026
6.716,-0.012879609544469872,0.19194603434178248,0.1827589392959439,0.0013521552971532493,0.2865039095561645,-0.11753216223608678
6.717,-0.012879609544469872,0.19194603434178248,0.1827589392959439,0.0004395350605221422,0.2872384993940926,0.30913941313680754
6.718,-0.012879609544469872,0.19194603434178248,0.1827589392959439,-0.0011273972906318166,-0.11001903891142423,0.31057112511685825
6.719,-0.012879609544469872,-0.8080539656582175,0.1827589392959439,-0.001150343093450682,-0.3570858053678899,-0.1191717817935697
6.72,-0.012879609544469872,0.19194603434178248,-0.8172410607040561,0.0004272658393636696,-0.11069338926298744,-0.3873899365576022
6.721,-0.012879609544469872,0.19194603434178248,0.1827589392959439,0.001405317073396709,0.2907598236328004,-0.12024152185593334
6.722,-0.012879609544469872,0.19194603434178248,0.1827589392959439,0.0004358841389741085,0.2917709692504665,0.3161700189701224
6.723,-0.012879609544469872,0.19194603434178248,0.1827589392959439,-0.001091099916649046,-0.1118493658210914,0.31751515717727663
6.724,-0.012879609544469872,-0.8080539656582175,0.1827589392959439,-0.001064375340692727,-0.36331027308446423,-0.12178405769040261
6.725,-0.012879609544469872,0.19194603434178248,-0.8172410607040561,0.00038407128031336154,-0.11270326436037889,-0.3956858931306635
6.726,-0.012879609544469872,0.19194603434178248,0.1827589392959439,0.0011922733491292773,0.29622880457113693,-0.12274939238936242
6.727,-0.012879609544469872,0.19194603434178248,0.1827589392959439,0.0003469897411701762,0.29742914180295893,0.3225737825897131
6.728,-0.012879609544469872,0.19194603434178248,0.1827589392959439,-0.0008313982197722554,-0.11407536331302749,0.3237390580856769
6.729,-0.012879609544469872,-0.8080539656582175,0.1827589392959439,-0.000752495439562718,-0.37070011589346136,-0.12408682467936509
6.73,-0.012879609544469872,0.19194603434178248,-0.8172410607040561,0.00025526945852322674,-0.1150368421802863,-0.4028783014200713
6.731,-0.012879609544469872,0.19194603434178248,0.1827589392959439,0.0007034631423149229,0.30244879476155556,-0.12488688444758174
6.732,-0.012879609544469872,0.19194603434178248,0.1827589392959439,0.00017440517296751442,0.30373978452990663,0.32793360980949854
6.733,-0.012879609544469872,0.19194603434178248,0.1827589392959439,-0.0003586363404685985,-0.11651275513883375,0.3288528418165986
6.734,-0.012879609544469872,-0.8080539656582175,0.1827589392959439,-0.0002358499458002344,-0.378649688380154,-0.12594154948976666
6.735,-0.012879609544469872,0.19194603434178248,-0.8172410607040561,5.140965576757314e-05,-0.11750481548245777,-0.4085546451804327
6.736,-0.012879609544469872,0.19194603434178248,0.1827589392959439,-1.193943838315681e-05,0.3089205186014544,-0.12653774479252558
6.737,-0.012879609544469872,0.19194603434178248,0.1827589392959439,-6.21097027516695e-05,0.31020178412132154,0.33197441251173004
6.738,-0.012879609544469872,0.19194603434178248,0.1827589392959439,0.0002691736671969731,-0.11897014929564903,0.33261125281559967
6.739,-0.012879609544469872,-0.8080539656582175,0.1827589392959439,0.0004174343970951234,-0.38654201346996375,-0.12726595418642977
6.74,-0.012879609544469872,0.19194603434178248,-0.8172410607040561,-0.00019921608967664737,-0.11991798261152649,-0.41248542035414043
6.741,-0.012879609544469872,0.19194603434178248,0.1827589392959439,-0.0008495545952269773,0.3151541651919039,-0.12764224450394487
6.742,-0.012879609544469872,0.19194603434178248,0.1827589392959439,-0.00032663901136754963,0.31633273225414893,0.334569185529367
6.743,-0.012879609544469872,0.19194603434178248,0.1827589392959439,0.0009532317915880388,-0.12126671980400443,0.33491567901059455
6.744,-0.012879609544469872,-0.8080539656582175,0.1827589392959439,0.0011013562428555453,-0.39380539966128625,-0.12803323124261476
6.745,-0.012879609544469872,0.19194603434178248,-0.8172410607040561,-0.00045462909900356545,-0.12210448144189827,-0.41461674496685197
6.746,-0.012879609544469872,0.19194603434178248,0.1827589392959439,-0.0016657618209978756,0.3207136551447093,-0.12819347252250712
6.747,-0.012879609544469872,0.19194603434178248,0.1827589392959439,-0.0005728674231057439,0.32171213997727793,0.33572573757641433
6.748,-0.012879609544469872,0.19194603434178248,0.1827589392959439,0.0015703809067639152,-0.12324825505284445,0.3357975408529609
6.749,-0.012879609544469872,-0.8080539656582175,0.1827589392959439,0.0016902217623871777,-0.39996362774740934,-0.1282644646180522
6.75,-0.012879609544469872,0.19194603434178248,-0.8172410607040561,-0.0006665790956941317,-0.12392469294560042,-0.41504230817564275
6.751,-0.012879609544469872,0.19194603434178248,0.1827589392959439,-0.002303623506614346,0.32525397828030417,-0.1282276856911927
6.752,-0.012879609544469872,0.19194603434178248,0.1827589392959439,-0.0007525963310254796,0.3260168993430041,0.335558850842086
6.753,-0.012879609544469872,0.19194603434178248,0.1827589392959439,0.0019962738075697596,-0.12479995509641557,0.33538834609541285
6.754,-0.012879609544469872,-0.8080539656582175,0.1827589392959439,0.0020626847568209227,-0.40467468895515124,-0.12801638581365565
6.755,-0.012879609544469872,0.19194603434178248,-0.8172410607040561,-0.0007899666645868311,-0.12528233849123138,-0.4139619417096536
6.756,-0.012879609544469872,0.19194603434178248,0.1827589392959439,-0.002623942640796192,0.32854793935336246,-0.12781106618920243
6.757,-0.012879609544469872,0.19194603434178248,0.1827589392959439,-0.000825407214268792,0.3290455575146872,0.33425428373892346
6.758,-0.012879609544469872,0.19194603434178248,0.1827589392959439,0.002130799728214205,-0.12585475435896912,0.33388299855006115
6.759,-0.012879609544469872,-0.8080539656582175,0.1827589392959439,0.0021269316057509935,-0.4077544393492353,-0.12736704915946961
6.76,-0.012879609544469872,0.19194603434178248,-0.8172410607040561,-0.000792393011888817,-0.12613075306909907,-0.41163524527085776
6.761,-0.012879609544469872,0.19194603434178248,0.1827589392959439,-0.002535188885908718,0.33049991599451206,-0.12702549153135345
6.762,-0.012879609544469872,0.19194603434178248,0.1827589392959439,-0.0007675019728136006,0.33072930105390935,0.33203148059551746
6.763,-0.012879609544469872,0.19194603434178248,0.1827589392959439,0.0019205050431131254,-0.1263964761120348,0.3315031476987974
6.764,-0.012879609544469872,-0.8080539656582175,0.1827589392959439,0.0018417356829574648,-0.4091833137827701,-0.1264020033988689
6.765,-0.012879609544469872,0.19194603434178248,-0.8172410607040561,-0.0006618064884327345,-0.1264738826193766,-0.4083383632132113
6.766,-0.012879609544469872,0.19194603434178248,0.1827589392959439,-0.0020158591974175264,0.3311457477397871,-0.12595572659086904
6.767,-0.012879609544469872,0.19194603434178248,0.1827589392959439,-0.0005777963705790545,0.33112908899848986,0.329111134072328
6.768,-0.012879609544469872,0.19194603434178248,0.1827589392959439,0.0013730493605007223,-0.12645772057262836,0.32846643058440295
6.769,-0.012879609544469872,-0.8080539656582175,0.1827589392959439,0.0012286518504381245,-0.40909618145651566,-0.1252031052364035
6.77,-0.012879609544469872,0.19194603434178248,-0.8172410607040561,-0.0004104969751683067,-0.12636215295649245,-0.4043303692532124
6.771,-0.012879609544469872,0.19194603434178248,0.1827589392959439,-0.0011240527452874454,0.3306394389016401,-0.12467987121170447
6.772,-0.012879609544469872,0.19194603434178248,0.1827589392959439,-0.0002798063910178829,0.3304199219048184,0.32569207473017087
6.773,-0.012879609544469872,0.19194603434178248,0.1827589392959439,0.000560134451513903,-0.12611297242430147,0.3249656364145679
6.774,-0.012879609544469872,-0.8080539656582175,0.1827589392959439,0.0003722196268833175,-0.4077572749796713,-0.12384137079760159
6.775,-0.012879609544469872,0.19194603434178248,-0.8172410607040561,-7.436527283390037e-05,-0.12588391399223026,-0.399833149809757
6.776,-0.012879609544469872,0.19194603434178248,0.1827589392959439,8.551354476493614e-06,0.3292287732682338,-0.12326406899232818
6.777,-0.012879609544469872,0.19194603434178248,0.1827589392959439,8.132848404244364e-05,0.32886459627356923,0.32193969561368657
6.778,-0.012879609544469872,0.19194603434178248,0.1827589392959439,-0.0003924136212649048,-0.1254679135401251,0.3211594969450649
6.779,-0.012879609544469872,-0.8080539656582175,0.1827589392959439,-0.0005925944161925197,-0.40552365917784555,-0.1223743449616181
6.78,-0.012879609544469872,0.19194603434178248,-0.8172410607040561,0.0002926605081554174,-0.12515360896494626,-0.39502569474499444
6.781,-0.012879609544469872,0.19194603434178248,0.1827589392959439,0.0011979774736040067,0.327223036740916,-0.12176156426241455
6.782,-0.012879609544469872,0.19194603434178248,0.1827589392959439,0.00044635113132027166,0.3267803104832945,0.3179856921634436
6.783,-0.012879609544469872,0.19194603434178248,0.1827589392959439,-0.0013260791332202334,-0.12464628522473686,0.31717441089670084
6.784,-0.012879609544469872,-0.8080539656582175,0.1827589392959439,-0.0015038277651430083,-0.4028017528367151,-0.12084755651242435
6.785,-0.012879609544469872,0.19194603434178248,-0.8172410607040561,0.0006281664668082901,-0.12429810569006566,-0.3900508531614097
6.786,-0.012879609544469872,0.19194603434178248,0.1827589392959439,0.002240916523926287,0.32495670884548583,-0.1202153510603355
6.787,-0.012879609544469872,0.19194603434178248,0.1827589392959439,0.0007526154984185245,0.3245020561925137,0.3139367425043835
6.788,-0.012879609544469872,0.19194603434178248,0.1827589392959439,-0.0020787727032770802,-0.12377582638321115,0.31311437001646014
6.789,-0.012879609544469872,-0.8080539656582175,0.1827589392959439,-0.0022025455130520264,-0.40000188036192674,-0.11929887785529927
6.79,-0.012879609544469872,0.19194603434178248,-0.8172410607040561,0.0008729731809094659,-0.1234427314015545,-0.38503038048342647
6.791,-0.012879609544469872,0.19194603434178248,0.1827589392959439,0.0029531387055077973,0.3227531650719557,-0.11866303222905616
6.792,-0.012879609544469872,0.19194603434178248,0.1827589392959439,0.0009459873307240811,0.32234681184274455,0.30988822960721546
6.793,-0.012879609544469872,0.19194603434178248,0.1827589392959439,-0.002515980286139078,-0.1229748106176827,0.309075002195923
6.794,-0.012879609544469872,-0.8080539656582175,0.1827589392959439,-0.0025635737880299156,-0.39749569971418486,-0.1177641429431231
6.795,-0.012879609544469872,0.19194603434178248,-0.8172410607040561,0.0009827085044807006,-0.122698476544323,-0.3800828436085725
6.796,-0.012879609544469872,0.19194603434178248,0.1827589392959439,0.0032056759557041624,0.3208921465707068,-0.11714219438146371
6.797,-0.012879609544469872,0.19194603434178248,0.1827589392959439,0.0009915210811140456,0.3205821829665461,0.30593844389587604
6.798,-0.012879609544469872,0.19194603434178248,0.1827589392959439,-0.0025576016467030076,-0.12234053243207746,0.3051571785857139
6.799,-0.012879609544469872,-0.8080539656582175,0.1827589392959439,-0.002520635994719085,-0.39558069553452974,-0.1162822612153108
6.8,-0.012879609544469872,0.19194603434178248,-0.8172410607040561,0.0009368312523729954,-0.12215160131696878,-0.37533882684601216
6.801,-0.012879609544469872,0.19194603434178248,0.1827589392959439,0.0029512141025117575,0.3195840784129213,-0.11569464124775977
6.802,-0.012879609544469872,0.19194603434178248,0.1827589392959439,0.0008806658901340111,0.3194023941888729,0.3021989691047189
6.803,-0.012879609544469872,0.19194603434178248,0.1827589392959439,-0.002194762076635186,-0.12194078698513548,0.30147607753113
6.804,-0.012879609544469872,-0.8080539656582175,0.1827589392959439,-0.0020804863439295193,-0.39445487094966886,-0.11489829960821364
6.805,-0.012879609544469872,0.19194603434178248,-0.8172410607040561,0.000743139244909582,-0.12185653459545388,-0.37094884935222916
6.806,-0.012879609544469872,0.19194603434178248,0.1827589392959439,0.0022348748894916635,0.31895337089026604,-0.11436818679815028
6.807,-0.012879609544469872,0.19194603434178248,0.1827589392959439,0.0006333880575571833,0.3189135543571695,0.29879804674023946
6.808,-0.012879609544469872,0.19194603434178248,0.1827589392959439,-0.0014927587192529051,-0.12180899856513298,0.29816282774150055
6.809,-0.012879609544469872,-0.8080539656582175,0.1827589392959439,-0.0013227320026558348,-0.39420348263179106,-0.11366352856413517
6.81,-0.012879609544469872,0.19194603434178248,-0.8172410607040561,0.0004366708184080101,-0.12183254993352104,-0.3670812326288152
6.811,-0.012879609544469872,0.19194603434178248,0.1827589392959439,0.0011866298847865572,0.31903175844332016,-0.113215308590269
6.812,-0.012879609544469872,0.19194603434178248,0.1827589392959439,0.00029460438563525557,0.3191290283325898,0.2958753961538505
6.813,-0.012879609544469872,0.19194603434178248,0.1827589392959439,-0.000579084226445867,-0.12194323370553124,0.2953576047147058
6.814,-0.012879609544469872,-0.8080539656582175,0.1827589392959439,-0.00038493129189636063,-0.3947983130173085,-0.11263213282156372
6.815,-0.012879609544469872,0.19194603434178248,-0.8172410607040561,7.305607070194473e-05,-0.12206428985610865,-0.36390947198775914
6.816,-0.012879609544469872,0.19194603434178248,0.1827589392959439,-3.627649379100398e-06,0.31976165313368415,-0.11228868083993554
6.817,-0.012879609544469872,0.19194603434178248,0.1827589392959439,-7.449941500662864e-05,0.319974688531588,0.29356890574835326
6.818,-0.012879609544469872,0.19194603434178248,0.1827589392959439,0.00038140372480209567,-0.12230893498232086,0.29319498616932754
6.819,-0.012879609544469872,-0.8080539656582175,0.1827589392959439,0.0005643378135224177,-0.3961087142742018,-0.11185503752761862
6.82,-0.012879609544469872,0.19194603434178248,-0.8172410607040561,-0.00028244318175751714,-0.12250583263898665,-0.3615910260681674
6.821,-0.012879609544469872,0.19194603434178248,0.1827589392959439,-0.0011236055090958889,0.32100852749897696,-0.11163430960239155
6.822,-0.012879609544469872,0.19194603434178248,0.1827589392959439,-0.0004085851338780041,0.32130289310198046,0.2919954417522894
6.823,-0.012879609544469872,0.19194603434178248,0.1827589392959439,0.001219289058637146,-0.1228448697859846,0.2917841238127336
6.824,-0.012879609544469872,-0.8080539656582175,0.1827589392959439,0.0013590895318396567,-0.39792260623327613,-0.1113719557180391
6.825,-0.012879609544469872,0.19194603434178248,0.1827589392959439,-0.0005680023371906475,-0.123087687774425,-0.3602414090485599
6.826,-0.012879609544469872,0.19194603434178248,0.1827589392959439,-0.001981132626782751,0.32258057418815855,-0.11128355091093572
6.827,-0.012879609544469872,0.19194603434178248,0.1827589392959439,-0.0006512437089436268,0.32291331660134825,0.2912294110518874
6.828,-0.012879609544469872,0.19194603434178248,0.1827589392959439,0.001794632283675864,-0.12347152932287536,0.29118754361478666
6.829,-0.012879609544469872,-0.8080539656582175,0.1827589392959439,0.001869265615622474,-0.39997483389987293,-0.11120320609973235
6.83,-0.012879609544469872,0.19194603434178248,-0.8172410607040561,-0.000737684331527207,-0.12372588537526753,-0.35990869846309376
6.831,-0.012879609544469872,0.19194603434178248,0.1827589392959439,-0.0024427583088839923,0.3242533574855137,-0.11124560778705525
6.832,-0.012879609544469872,0.19194603434178248,0.1827589392959439,-0.0007662850362119781,0.3245782759399875,0.2912834172201074
6.833,-0.012879609544469872,0.19194603434178248,0.1827589392959439,0.0020250041451426856,-0.12410104678850298,0.29140292402261203
6.834,-0.012879609544469872,-0.8080539656582175,0.1827589392959439,0.0020266735549523862,-0.4019798123871766,-0.11134300220296794
6.835,-0.012879609544469872,0.19194603434178248,-0.8172410607040561,-0.0007705907577160652,-0.12433219528041968,-0.3605538433997593
6.836,-0.012879609544469872,0.19194603434178248,0.1827589392959439,-0.0024600760957093834,0.32579688044744093,-0.11150211963418936
6.837,-0.012879609544469872,0.19194603434178248,0.1827589392959439,-0.0007447783605715718,0.3260699488621734,0.2920952430188857
6.838,-0.012879609544469872,0.19194603434178248,0.1827589392959439,0.0019013608436259071,-0.12464762794628007,0.29235193006490806
6.839,-0.012879609544469872,-0.8080539656582175,0.1827589392959439,0.0018377869769570694,-0.40366519490907204,-0.11175574938336395
6.84,-0.012879609544469872,0.19194603434178248,-0.8172410607040561,-0.0006746670636504344,-0.124824467785481,-0.36204142928623045
6.841,-0.012879609544469872,0.19194603434178248,0.1827589392959439,-0.002077826638624863,0.3270024215944688,-0.11200517595955505
6.842,-0.012879609544469872,0.19194603434178248,0.1827589392959439,-0.0006062331937107118,0.32718685164452943,0.293524499020952
6.843,-0.012879609544469872,0.19194603434178248,0.1827589392959439,0.0014880654059444406,-0.1250374922722485,0.2938791506648002
6.844,-0.012879609544469872,-0.8080539656582175,0.1827589392959439,0.0013803585471456412,-0.40480335793735045,-0.11237643393241373
6.845,-0.012879609544469872,0.19194603434178248,-0.8172410607040561,-0.00048422304905217344,-0.12513611839440048,-0.3641439546376323
6.846,-0.012879609544469872,0.19194603434178248,0.1827589392959439,-0.0014216431619267869,0.32770661514055505,-0.11267955490790861
6.847,-0.012879609544469872,0.19194603434178248,0.1827589392959439,-0.00039354547429243175,0.3277770945392471,0.2953607516221453
6.848,-0.012879609544469872,0.19194603434178248,0.1827589392959439,0.0009067327580088326,-0.1252173954607674,0.2957625746884915
6.849,-0.012879609544469872,-0.8080539656582175,0.1827589392959439,0.000784266260999608,-0.4052377657645478,-0.113115526513538
6.85,-0.012879609544469872,0.19194603434178248,-0.8172410607040561,-0.00025158946777701887,-0.12522387156362424,-0.36656047633999
6.851,-0.012879609544469872,0.19194603434178248,0.1827589392959439,-0.0006677384772877903,0.3278105262756155,-0.1134292963342565
6.852,-0.012879609544469872,0.19194603434178248,0.1827589392959439,-0.00016270204774937867,0.32775623694630684,0.2973430446183815
6.853,-0.012879609544469872,0.19194603434178248,0.1827589392959439,0.0003071588999754617,-0.12516093269351553,0.29773512179150996
6.854,-0.012879609544469872,-0.8080539656582175,0.1827589392959439,0.00020053534878831244,-0.404901719731836,-0.11386806273460078
6.855,-0.012879609544469872,0.19194603434178248,-0.8172410607040561,-3.465411744978936e-05,-0.1250730234156681,-0.3689480547358097
6.856,-0.012879609544469872,0.19194603434178248,0.1827589392959439,-9.440727467318038e-07,0.3272918833597128,-0.11414798507431086
6.857,-0.012879609544469872,0.19194603434178248,0.1827589392959439,3.055724452644146e-05,0.3271179971956745,0.2991887764401398
6.858,-0.012879609544469872,0.19194603434178248,0.1827589392959439,-0.00016839519919931796,-0.12487199848782086,0.2995148388764874
6.859,-0.012879609544469872,-0.8080539656582175,0.1827589392959439,-0.0002347265092645241,-0.40382759268793195,-0.11452583472868835
6.86,-0.012879609544469872,0.19194603434178248,-0.8172410607040561,0.00011698851796118596,-0.12469967499825643,-0.3709621836979202
6.861,-0.012879609544469872,0.19194603434178248,0.1827589392959439,0.0004296271374155904,0.3262091574492876,-0.11473146467111882
6.862,-0.012879609544469872,0.19194603434178248,0.1827589392959439,0.00014415164490685862,0.32593662175808275,0.30062821613869894
6.863,-0.012879609544469872,0.19194603434178248,0.1827589392959439,-0.0004195526902466127,-0.12438499860883366,0.3008397990173345
6.864,-0.012879609544469872,-0.8080539656582175,0.1827589392959439,-0.0004333295462525368,-0.4021453847825309,-0.11499105119839585
6.865,-0.012879609544469872,0.19194603434178248,-0.8172410607040561,0.00017411776361224876,-0.12414962279987833,-0.3723006977551312
6.866,-0.012879609544469872,0.19194603434178248,0.1827589392959439,0.0005471104120483846,0.3246968181789643,-0.11509123341400394
6.867,-0.012879609544469872,0.19194603434178248,0.1827589392959439,0.00016003878191094483,0.32436037814272106,0.3014398150292245
6.868,-0.012879609544469872,0.19194603434178248,0.1827589392959439,-0.0004127689902002136,-0.12376166932779259,0.30150275859803
6.869,-0.012879609544469872,-0.8080539656582175,0.1827589392959439,-0.00037714029585722835,-0.400070302413241,-0.11518949616702136
6.87,-0.012879609544469872,0.19194603434178248,-0.8172410607040561,0.00013531027062358686,-0.12349386858380419,-0.37274479081296624
6.871,-0.012879609544469872,0.19194603434178248,0.1827589392959439,0.000366767012990854,0.32295183334317684,-0.11516657099437491
6.872,-0.012879609544469872,0.19194603434178248,0.1827589392959439,8.9009489240157e-05,0.32259639269893686,0.3014810871826436
6.873,-0.012879609544469872,0.19194603434178248,0.1827589392959439,-0.00019063785081273917,-0.12308465381765707,0.30138040585750525
6.874,-0.012879609544469872,-0.8080539656582175,0.1827589392959439,-0.00012369492982439875,-0.3978800372783445,-0.11508119496506787
6.875,-0.012879609544469872,0.19194603434178248,-0.8172410607040561,2.7756203033711327e-05,-0.12282101851792118,-0.37219090765709456
6.876,-0.012879609544469872,0.19194603434178248,0.1827589392959439,-6.221331934008719e-06,0.321212294337256,-0.1149335411989214
6.877,-0.012879609544469872,0.19194603434178248,0.1827589392959439,-3.1491030721336886e-05,0.32088788178752325,0.3007102619885877
6.878,-0.012879609544469872,0.19194603434178248,0.1827589392959439,0.0001373819987885725,-0.12244830290877375,0.3004526156157503
6.879,-0.012879609544469872,-0.8080539656582175,0.1827589392959439,0.00020684094873666797,-0.3958834626864134,-0.11466688740182703
6.88,-0.012879609544469872,0.19194603434178248,-0.8172410607040561,-9.905153552619745e-05,-0.1222271662585734,-0.37066837376846057
6.881,-0.012879609544469872,0.19194603434178248,0.1827589392959439,-0.00040163818077594066,0.31972989531677065,-0.1144094028550111
6.882,-0.012879609544469872,0.19194603434178248,0.1827589392959439,-0.00014636159462350329,0.3194856710808346,0.29919509944139167
6.883,-0.012879609544469872,0.19194603434178248,0.1827589392959439,0.00042159894020063395,-0.12194748654033405,0.29880843106954236
6.884,-0.012879609544469872,-0.8080539656582175,0.1827589392959439,0.000461273953435343,-0.3943834929255461,-0.1139891711346594
6.885,-0.012879609544469872,0.19194603434178248,0.1827589392959439,-0.00018564351387495679,-0.12180416993319387,-0.36833955292351417
6.886,-0.012879609544469872,0.19194603434178248,0.1827589392959439,-0.0006271428622581586,0.3187387977348324,-0.11365158235692567
6.887,-0.012879609544469872,0.19194603434178248,0.1827589392959439,-0.0001969094073175775,0.3186166844189293,0.29710703024201546
6.888,-0.012879609544469872,0.19194603434178248,0.1827589392959439,0.0005107317298806024,-0.12166549148700789,0.2966373334238324
6.889,-0.012879609544469872,-0.8080539656582175,0.1827589392959439,0.0004934563200497883,-0.39363775899483927,-0.11312792941439666
6.89,-0.012879609544469872,0.19194603434178248,-0.8172410607040561,-0.00017832782637463643,-0.12162750277948668,-0.36548178216808513
6.891,-0.012879609544469872,0.19194603434178248,0.1827589392959439,-0.0005200379698419044,0.31842407635676345,-0.11275112578495626
6.892,-0.012879609544469872,0.19194603434178248,0.1827589392959439,-0.00013692787134873222,0.3184527088238934,0.2947008758340736
6.893,-0.012879609544469872,0.19194603434178248,0.1827589392959439,0.00029405263046446167,-0.12166230059461489,0.2942064621914019
6.894,-0.012879609544469872,-0.8080539656582175,0.1827589392959439,0.00020588150040227129,-0.3938214070334961,-0.11219048439110703
6.895,-0.012879609544469872,0.19194603434178248,-0.8172410607040561,-4.480592852847742e-05,-0.12174503913291962,-0.36245296565837776
6.896,-0.012879609544469872,0.19194603434178248,0.1827589392959439,3.982096642221412e-06,0.3188933565483531,-0.11182134468741671
6.897,-0.012879609544469872,0.19194603434178248,0.1827589392959439,5.2951254410372565e-05,0.319083093368738,0.2922825072714506
6.898,-0.012879609544469872,0.19194603434178248,0.1827589392959439,-0.0002629064338367743,-0.12196465618624543,0.291826502424423
6.899,-0.012879609544469872,-0.8080539656582175,0.1827589392959439,-0.0004171514105126238,-0.39499658641763097,-0.11129769635717786
6.9,-0.012879609544469872,0.19194603434178248,-0.8172410607040561,0.00021414365678820642,-0.12216818928961122,-0.3596451225280079
6.901,-0.012879609544469872,0.19194603434178248,0.1827589392959439,0.0009171526589278302,0.32015530836660416,-0.11098308010496209
6.902,-0.012879609544469872,0.19194603434178248,0.1827589392959439,0.0003562491450537646,0.32049501264233954,0.29016860395577043
6.903,-0.012879609544469872,0.19194603434178248,0.1827589392959439,-0.0010982717362364983,-0.12255926764672152,0.28981065619618024
6.904,-0.012879609544469872,-0.8080539656582175,0.1827589392959439,-0.001293554485238914,-0.39709294642595966,-0.11056784428244666
6.905,-0.012879609544469872,0.19194603434178248,-0.8172410607040561,0.0005600830344797554,-0.12286668491772512,-0.35743202148232806
6.906,-0.012879609544469872,0.19194603434178248,0.1827589392959439,0.0020705116529896816,0.322108280199446,-0.11034852974121805
6.907,-0.012879609544469872,0.19194603434178248,0.1827589392959439,0.0007196350152948283,0.32256444815366114,0.2886439058610413
6.908,-0.012879609544469872,0.19194603434178248,0.1827589392959439,-0.002055650529096495,-0.12339030619636235,0.28843221196390695
6.909,-0.012879609544469872,-0.8080539656582175,0.1827589392959439,-0.0022501062923800594,-0.3999026375424399,-0.1101004817763648
6.91,-0.012879609544469872,0.19194603434178248,-0.8172410607040561,0.0009212075689171982,-0.12376802497331744,-0.35611802241063667
6.911,-0.012879609544469872,0.19194603434178248,0.1827589392959439,0.0032138758464985103,0.32454150210395016,-0.11000583589883536
6.912,-0.012879609544469872,0.19194603434178248,0.1827589392959439,0.0010609477982621964,0.32506009434968336,0.2879218310616635
6.913,-0.012879609544469872,0.19194603434178248,0.1827589392959439,-0.0029095777549238136,-0.12436193596345264,0.28788655206028096
6.914,-0.012879609544469872,-0.8080539656582175,0.1827589392959439,-0.003052411468920689,-0.40309192502141006,-0.1099625108760245
6.915,-0.012879609544469872,0.19194603434178248,-0.8172410607040561,0.0012053787894907072,-0.12476212896884965,-0.35589523200664125
6.916,-0.012879609544469872,0.19194603434178248,0.1827589392959439,0.004043120478493536,0.3271500021634938,-0.11000657752704256
6.917,-0.012879609544469872,0.19194603434178248,0.1827589392959439,0.001285267393298425,0.3276610307171822,0.2881139784598112
6.918,-0.012879609544469872,0.19194603434178248,0.1827589392959439,-0.0034109914776599883,-0.12534608429595226,0.288262940913974
6.919,-0.012879609544469872,-0.8080539656582175,0.1827589392959439,-0.0034535050105236782,-0.4062296678861619,-0.11017844468204523
6.92,-0.012879609544469872,0.19194603434178248,-0.8172410607040561,0.0013197328063148652,-0.12571114690240884,-0.3568150588499423
6.921,-0.012879609544469872,0.19194603434178248,0.1827589392959439,0.004266506776261462,0.32956276860607475,-0.1103579525101408
6.922,-0.012879609544469872,0.19194603434178248,0.1827589392959439,0.0013061174797055271,0.32998734354586023,0.28921289692664154
6.923,-0.012879609544469872,0.19194603434178248,0.1827589392959439,-0.003344209576259877,-0.12619500891735405,0.2895301775856978
6.924,-0.012879609544469872,-0.8080539656582175,0.1827589392959439,-0.0032517348275744777,-0.40883078672826695,-0.1107262758197159
6.925,-0.012879609544469872,0.19194603434178248,-0.8172410607040561,0.0011929927627083684,-0.12646370770878773,-0.35877836001496183
6.926,-0.012879609544469872,0.19194603434178248,0.1827589392959439,0.0036766783467321856,0.3313819366225968,-0.11102082295278586
6.927,-0.012879609544469872,0.19194603434178248,0.1827589392959439,0.0010674378479127156,0.3316411235527005,0.2910907321507774
6.928,-0.012879609544469872,0.19194603434178248,0.1827589392959439,-0.0025834610851189843,-0.12675755267305003,0.2915383467713205
6.929,-0.012879609544469872,-0.8080539656582175,0.1827589392959439,-0.002345565786060385,-0.41041070379832156,-0.11153960837884834
6.93,-0.012879609544469872,0.19194603434178248,-0.8172410607040561,0.0007956363002648772,-0.1268722365940245,-0.3615458662140007
6.931,-0.012879609544469872,0.19194603434178248,0.1827589392959439,0.0022124015529041583,0.33222911357929646,-0.1119140096802174
6.932,-0.012879609544469872,0.19194603434178248,0.1827589392959439,0.0005613774362741292,0.3322536476985868,0.2935142064676315
6.933,-0.012879609544469872,0.19194603434178248,0.1827589392959439,-0.0011359985581067156,-0.12689738129730394,0.2940367172642857
6.934,-0.012879609544469872,-0.8080539656582175,0.1827589392959439,-0.000772474135877146,-0.41054489596478616,-0.11251585287197882
6.935,-0.012879609544469872,0.19194603434178248,-0.8172410607040561,0.00015309493854836755,-0.12681143212131754,-0.36476780277832666
6.936,-0.012879609544469872,0.19194603434178248,0.1827589392959439,-5.075390706647995e-06,0.3317936315968698,-0.11292437022820742
6.937,-0.012879609544469872,0.19194603434178248,0.1827589392959439,-0.0001625723313772093,0.3315333267662276,0.2961741448107686
6.938,-0.012879609544469872,0.19194603434178248,0.1827589392959439,0.0008394006989691967,-0.1265110710393503,0.2967056187778887
6.939,-0.012879609544469872,-0.8080539656582175,0.1827589392959439,0.001278552998674957,-0.4089264587144961,-0.11352944718306444
6.94,-0.012879609544469872,0.19194603434178248,0.1827589392959439,-0.0006517348898053908,-0.12619565813216915,-0.36802897468658685
6.941,-0.012879609544469872,0.19194603434178248,0.1827589392959439,-0.0026719364345978657,0.3298767652704301,-0.11392139498332986
6.942,-0.012879609544469872,0.19194603434178248,0.1827589392959439,-0.0010000802269544795,0.3293083887276352,0.29872574443844085
6.943,-0.012879609544469872,0.19194603434178248,0.1827589392959439,0.0030453172517960953,-0.12554373288658968,0.29919818581184343
6.944,-0.012879609544469872,-0.8080539656582175,0.1827589392959439,0.0034865257303579164,-0.40541418676413715,-0.11444836862776639
6.945,-0.012879609544469872,0.19194603434178248,-0.8172410607040561,-0.001488367478263487,-0.12499294514096959,-0.37090342520402764
6.946,-0.012879609544469872,0.19194603434178248,0.1827589392959439,-0.005341868714850673,0.3264259477142141,-0.11477442038789366
6.947,-0.012879609544469872,0.19194603434178248,0.1827589392959439,-0.0018067987324084246,0.32555842781130934,0.30083427918285977
6.948,-0.012879609544469872,0.19194603434178248,0.1827589392959439,0.0050904335358222,-0.12399998169677363,0.3011864629181446
6.949,-0.012879609544469872,-0.8080539656582175,0.1827589392959439,0.005449049655187586,-0.4000642814357472,-0.11515174071081412
6.95,-0.012879609544469872,0.19194603434178248,-0.8172410607040561,-0.0022001186671712727,-0.12323354814161769,-0.3730114125596015
6.951,-0.012879609544469872,0.19194603434178248,0.1827589392959439,-0.007501708936791366,0.3215538378055432,-0.11537017616532803
6.952,-0.012879609544469872,0.19194603434178248,0.1827589392959439,-0.0024235537237706634,0.3204299353065434,0.3022201425659132
6.953,-0.012879609544469872,0.19194603434178248,0.1827589392959439,0.006559676117982506,-0.12194849439367972,0.3024057166840779
6.954,-0.012879609544469872,-0.8080539656582175,0.1827589392959439,0.006756206999983785,-0.3931404066585117,-0.11554617741614152
6.955,-0.012879609544469872,0.19194603434178248,-0.8172410607040561,-0.0026335417020111646,-0.12101156613767168,-0.37407107153412666
6.956,-0.012879609544469872,0.19194603434178248,0.1827589392959439,-0.008669895678628057,0.31553869465292034,-0.11562831102933359
6.957,-0.012879609544469872,0.19194603434178248,0.1827589392959439,-0.002707507106333086,0.31423267418061246,0.30269718058552353
6.958,-0.012879609544469872,0.19194603434178248,0.1827589392959439,0.007097171732092678,-0.11951911713014823,0.3026909910764131
6.959,-0.012879609544469872,-0.8080539656582175,0.1827589392959439,0.007074139098684595,-0.38509929088131273,-0.11557867035734823
6.96,-0.012879609544469872,0.19194603434178248,-0.8172410607040561,-0.002670375238866035,-0.11847893900336078,-0.3739377945886073
6.961,-0.012879609544469872,0.19194603434178248,0.1827589392959439,-0.008498855031626172,0.30880473727178015,-0.11551279164510996
6.962,-0.012879609544469872,0.19194603434178248,0.1827589392959439,-0.002563208629045567,0.3074160767850974,0.30219914122146035
6.963,-0.012879609544469872,0.19194603434178248,0.1827589392959439,0.0064855283346885355,-0.11689239660575447,0.30200095335431665
6.964,-0.012879609544469872,-0.8080539656582175,0.1827589392959439,0.006221434619647547,-0.3765521229757711,-0.11524428725965383
6.965,-0.012879609544469872,0.19194603434178248,-0.8172410607040561,-0.0022554348689913873,-0.11583210214073132,-0.3726259928638335
6.966,-0.012879609544469872,0.19194603434178248,0.1827589392959439,-0.006859920148078723,0.30188373471738983,-0.11503761127754637
6.967,-0.012879609544469872,0.19194603434178248,0.1827589392959439,-0.0019669370257551647,0.30052744128721215,0.3007906551821653
6.968,-0.012879609544469872,0.19194603434178248,0.1827589392959439,0.004704288272901865,-0.11428240791116133,0.3004257722515684
6.969,-0.012879609544469872,-0.8080539656582175,0.1827589392959439,0.0042214879493445035,-0.36820521652706173,-0.11458764962046063
6.97,-0.012879609544469872,0.19194603434178248,-0.8172410607040561,-0.0014141764406290888,-0.11329257009021879,-0.370310259790648
6.971,-0.012879609544469872,0.19194603434178248,0.1827589392959439,-0.0038912647584345857,0.2953616365835439,-0.11426600510450607
6.972,-0.012879609544469872,0.19194603434178248,0.1827589392959439,-0.0009785936578725059,0.29415622069900327,0.2986612430233531
6.973,-0.012879609544469872,0.19194603434178248,0.1827589392959439,0.001953375715796207,-0.11191469115694054,0.2981779169013523
6.974,-0.012879609544469872,-0.8080539656582175,0.1827589392959439,0.0013176790462513066,-0.36078636206971754,-0.11369799577524968
6.975,-0.012879609544469872,0.19194603434178248,-0.8172410607040561,-0.0002553294291118637,-0.11108359467210906,-0.3673057339405561
6.976,-0.012879609544469872,0.19194603434178248,0.1827589392959439,4.443241743104581e-06,0.2898162430086866,-0.11330324456728773
6.977,-0.012879609544469872,0.19194603434178248,0.1827589392959439,0.0002624238595398106,0.2888707676649447,0.2961031297900427
6.978,-0.012879609544469872,0.19194603434178248,0.1827589392959439,-0.0013663822265802539,-0.11000185143892022,0.29556706753092976
6.979,-0.012879609544469872,-0.8080539656582175,0.1827589392959439,-0.0020549712770883966,-0.35496550551065775,-0.11269849653912313
6.98,-0.012879609544469872,0.19194603434178248,-0.8172410607040561,0.001043211391409733,-0.1094056674183789,-0.36403025865944794
6.981,-0.012879609544469872,0.19194603434178248,0.1827589392959439,0.004216391835317908,0.28575338664377137,-0.11228395195829256
6.982,-0.012879609544469872,0.19194603434178248,0.1827589392959439,0.0015578393873040383,0.2851551918011254,0.2934758223417633
6.983,-0.012879609544469872,0.19194603434178248,0.1827589392959439,-0.004715133681716331,-0.10871980212039681,0.2929624670102582
6.984,-0.012879609544469872,-0.8080539656582175,0.1827589392959439,-0.005339319860136965,-0.35127952028902676,-0.11173125477176384
6.985,-0.012879609544469872,0.19194603434178248,-0.8172410607040561,0.0022636512467127164,-0.10841390581014235,-0.36095337394124155
6.986,-0.012879609544469872,0.19194603434178248,0.1827589392959439,0.008028586493365996,0.2835496040294712,-0.1113556168561018
6.987,-0.012879609544469872,0.19194603434178248,0.1827589392959439,0.0026846343541916807,0.2833542760034128,0.291162163966881
6.988,-0.012879609544469872,0.19194603434178248,0.1827589392959439,-0.007508760424137989,-0.10818766182545388,0.2907477169578121
6.989,-0.012879609544469872,0.19194603434178248,0.1827589392959439,-0.007955573102582797,-0.35007066235937295,-0.11093998219885083
6.99,-0.012879609544469872,0.19194603434178248,-0.8172410607040561,0.003187812659085632,-0.10820022187654585,-0.35853891058612486
6.991,-0.012879609544469872,0.19194603434178248,0.1827589392959439,0.010751636487073385,0.2834086910168675,-0.11066050316852215
6.992,-0.012879609544469872,0.19194603434178248,0.1827589392959439,0.003436654015753038,0.28363359521677006,0.2895216811443437
6.993,-0.012879609544469872,0.19194603434178248,0.1827589392959439,-0.009229347587501074,-0.1084539285133114,0.28927399857223873
6.994,-0.012879609544469872,-0.8080539656582175,0.1827589392959439,-0.00941233750111884,-0.35144677914611455,-0.11045263001405752
6.995,-0.012879609544469872,0.19194603434178248,-0.8172410607040561,0.0036394732437137964,-0.10878262301188465,-0.3571887463618614
6.996,-0.012879609544469872,0.19194603434178248,0.1827589392959439,0.011858186958904204,0.2853379053900592,-0.11031833703754909
6.997,-0.012879609544469872,0.19194603434178248,0.1827589392959439,0.003665616154326129,0.28596015798686025,0.28884732701969723
6.998,-0.012879609544469872,0.19194603434178248,0.1827589392959439,-0.009529627814640748,-0.10949078917818754,0.2888178406258843
6.999,-0.012879609544469872,-0.8080539656582175,0.1827589392959439,-0.009407096066123229,-0.3552686553156776,-0.11036621732004304
7.0,-0.012879609544469872,0.19194603434178248,0.1827589392959439,0.0035209603575370165,-0.1101031030241524,-0.35719502143917997
7.001,-0.012879609544469872,0.19194603434178248,0.1827589392959439,0.011094236344943536,0.2891470988181075,-0.1104120328376927
7.002,-0.012879609544469872,0.19194603434178248,0.1827589392959439,0.003313002070202762,0.2901062768978468,0.2893311696947843
7.003,-0.012879609544469872,0.19194603434178248,0.1827589392959439,-0.00830938520739659,-0.11119737938814599,0.2895488485261711
7.004,-0.012879609544469872,-0.8080539656582175,0.1827589392959439,-0.007894617112699325,-0.3611663718200241,-0.11073576152034427
7.005,-0.012879609544469872,0.19194603434178248,-0.8172410607040561,0.0028360473409374874,-0.11203446517718264,-0.35870683968972594
7.006,-0.012879609544469872,0.19194603434178248,0.1827589392959439,0.008541718503566201,0.29447106430140835,-0.11097826658417599
7.007,-0.012879609544469872,0.19194603434178248,0.1827589392959439,0.0024256378740068253,0.2956763253939331,0.29104325681141924
7.008,-0.012879609544469872,0.19194603434178248,0.1827589392959439,-0.005746194626493144,-0.1134116269674723,0.29151135551104773
7.009,-0.012879609544469872,-0.8080539656582175,0.1827589392959439,-0.005107086334067511,-0.3685827176678993,-0.11156861939705905
7.01,-0.012879609544469872,0.19194603434178248,-0.8172410607040561,0.0016935434323199117,-0.11439523470504254,-0.36171539331087504
7.011,-0.012879609544469872,0.19194603434178248,0.1827589392959439,0.0046163408216399315,0.30081229724069897,-0.11200400918596459
7.012,-0.012879609544469872,0.19194603434178248,0.1827589392959439,0.0011507302471424927,0.3021529884697136,0.29392600697925697
7.013,-0.012879609544469872,0.19194603434178248,0.1827589392959439,-0.002271334254687763,-0.11592916730659512,0.29462197492705616
7.014,-0.012879609544469872,-0.8080539656582175,0.1827589392959439,-0.0015188720488051965,-0.37683807744804954,-0.11282478516232716
7.015,-0.012879609544469872,0.19194603434178248,-0.8172410607040561,0.000289680728730683,-0.11697073681547845,-0.3660588494568144
7.016,-0.012879609544469872,0.19194603434178248,0.1827589392959439,-2.6886813281669072e-06,0.3075986360374912,-0.11342928912065556
7.017,-0.012879609544469872,0.19194603434178248,0.1827589392959439,-0.0002898084733745826,0.3089570073998815,0.2978043107049289
7.018,-0.012879609544469872,0.19194603434178248,0.1827589392959439,0.0015072708437521088,-0.1185268718542235,0.2986828136303172
7.019,-0.012879609544469872,-0.8080539656582175,0.1827589392959439,0.0022398861731883313,-0.38520835244560003,-0.11442287396513322
7.02,-0.012879609544469872,0.19194603434178248,-0.8172410607040561,-0.001128219235743815,-0.11953759665773266,-0.37144561167065093
7.021,-0.012879609544469872,0.19194603434178248,0.1827589392959439,-0.0045001568482127795,0.31424827541946876,-0.1151555901971456
7.022,-0.012879609544469872,0.19194603434178248,0.1827589392959439,-0.0016415173290947294,0.31551264027688497,0.30240938653838395
7.023,-0.012879609544469872,0.19194603434178248,0.1827589392959439,0.004921817366176416,-0.12098792700338111,0.30340797740236686
7.024,-0.012879609544469872,-0.8080539656582175,0.1827589392959439,0.005505497515228576,-0.39300578610478953,-0.11625076470144319
7.025,-0.012879609544469872,0.19194603434178248,-0.8172410607040561,-0.002310161705435438,-0.12188848236262029,-0.3774921151517775
7.026,-0.012879609544469872,0.19194603434178248,0.1827589392959439,-0.008085751828061257,0.320233727890121,-0.11705853308999434
7.027,-0.012879609544469872,0.19194603434178248,0.1827589392959439,-0.002668001621522404,0.32131037739024476,0.30741264298372745
7.028,-0.012879609544469872,0.19194603434178248,0.1827589392959439,0.0073784944631602595,-0.12312522883500705,0.3084592711290135
7.029,-0.012879609544469872,-0.8080539656582175,0.1827589392959439,0.007714719226113478,-0.39965230981554334,-0.11817929219421992
7.03,-0.012879609544469872,0.19194603434178248,-0.8172410607040561,-0.003054320978160025,-0.1238539266875654,-0.3837694885919153
7.031,-0.012879609544469872,0.19194603434178248,0.1827589392959439,-0.010155861597221531,0.32513658477270346,-0.11900295055179358
7.032,-0.012879609544469872,0.19194603434178248,0.1827589392959439,-0.003199646468296187,0.3259589669000582,0.3124645998370233
7.033,-0.012879609544469872,0.19194603434178248,0.1827589392959439,0.008480709019492645,-0.12480014625258622,0.3134859174742316
7.034,-0.012879609544469872,-0.8080539656582175,0.1827589392959439,0.008522418600408189,-0.40473624157903376,-0.12007704654485846
7.035,-0.012879609544469872,0.19194603434178248,-0.8172410607040561,-0.003249505856999454,-0.12531852488782277,-0.38985247328035055
7.036,-0.012879609544469872,0.19194603434178248,0.1827589392959439,-0.010421452747336446,0.32868635669476454,-0.1208582226756191
7.037,-0.012879609544469872,0.19194603434178248,0.1827589392959439,-0.0031698107278115488,0.32922044361762737,0.31723348680961294
7.038,-0.012879609544469872,0.19194603434178248,0.1827589392959439,0.008114426800749022,-0.1259344074034967,0.3181628342193596
7.039,-0.012879609544469872,-0.8080539656582175,0.1827589392959439,0.007876499352842185,-0.4080456731708023,-0.12182429822030746
7.04,-0.012879609544469872,0.19194603434178248,-0.8172410607040561,-0.0028995628995131155,-0.12622964588765054,-0.39536405073414876
7.041,-0.012879609544469872,0.19194603434178248,0.1827589392959439,-0.008972325904312389,0.330779036571558,-0.12251182070177298
7.042,-0.012879609544469872,0.19194603434178248,0.1827589392959439,-0.0026299151247684226,0.33102436258092355,0.32143850645168026
7.043,-0.012879609544469872,0.19194603434178248,0.1827589392959439,0.0064748696841589685,-0.1265138748542692,0.322222543745061
7.044,-0.012879609544469872,-0.8080539656582175,0.1827589392959439,0.006031294049711009,-0.4095752893482697,-0.1233243174280783
7.045,-0.012879609544469872,0.19194603434178248,-0.8172410607040561,-0.002123346054325788,-0.12659788269509295,-0.4000102545400231
7.046,-0.012879609544469872,0.19194603434178248,0.1827589392959439,-0.006260020435243446,0.33147396578429944,-0.1238793943600657
7.047,-0.012879609544469872,0.19194603434178248,0.1827589392959439,-0.0017388996510195494,0.3314604370231548,0.3248738408069084
7.048,-0.012879609544469872,0.19194603434178248,0.1827589392959439,0.0040253184878959935,-0.1265841396356835,0.3254770313871953
7.049,-0.012879609544469872,-0.8080539656582175,0.1827589392959439,0.0034929166602546543,-0.40950715621181527,-0.12451084731615242
7.05,-0.012879609544469872,0.19194603434178248,-0.8172410607040561,-0.0011288442496723238,-0.1264896406063626,-0.403601441031268
7.051,-0.012879609544469872,0.19194603434178248,0.1827589392959439,-0.0029984242569825116,0.3309706492960679,-0.12491035893737247
7.052,-0.012879609544469872,0.19194603434178248,0.1827589392959439,-0.0007278933217443968,0.33075181170489654,0.32742110299262334
7.053,-0.012879609544469872,0.19194603434178248,0.1827589392959439,0.0013932057163561116,-0.12623900606715918,0.32782760465163596
7.054,-0.012879609544469872,-0.8080539656582175,0.1827589392959439,0.0009047521449924585,-0.40816961999660706,-0.12535113777834087
7.055,-0.012879609544469872,0.19194603434178248,-0.8172410607040561,-0.00016572104969352143,-0.12601334079202575,-0.40605855767217286
7.056,-0.012879609544469872,0.19194603434178248,0.1827589392959439,5.377764746460726e-07,0.32956989498236056,-0.1255886874495852
7.057,-0.012879609544469872,0.19194603434178248,0.1827589392959439,0.00015345121050679527,0.32921381086661383,0.3290498115364362
7.058,-0.012879609544469872,0.19194603434178248,0.1827589392959439,-0.0007768712107533531,-0.12560388654891877,0.3292627392478358
7.059,-0.012879609544469872,-0.8080539656582175,0.1827589392959439,-0.0011046795410499487,-0.4059813327536055,-0.12584464269201803
7.06,-0.012879609544469872,0.19194603434178248,-0.8172410607040561,0.0005342982685358108,-0.12530154157419446,-0.4074052993252345
7.061,-0.012879609544469872,0.19194603434178248,0.1827589392959439,0.0020227930277985718,0.32762564118910803,-0.12592936443665342
7.062,-0.012879609544469872,0.19194603434178248,0.1827589392959439,0.0006978631646717021,0.32720480024451193,0.32980728688205385
7.063,-0.012879609544469872,0.19194603434178248,0.1827589392959439,-0.001982293384730393,-0.12481673918335286,0.3298457105270014
7.064,-0.012879609544469872,-0.8080539656582175,0.1827589392959439,-0.002078946150723012,-0.40338914909349793,-0.12601811561956813
7.065,-0.012879609544469872,0.19194603434178248,-0.8172410607040561,0.0008162352181277679,-0.12449173131658949,-0.40774909627503136
7.066,-0.012879609544469872,0.19194603434178248,0.1827589392959439,0.002636329931886334,0.3254948010774103,-0.12597158682377713
7.067,-0.012879609544469872,0.19194603434178248,0.1827589392959439,0.0007949326003875793,0.3250765421209273,0.3298008419615586
7.068,-0.012879609544469872,0.19194603434178248,0.1827589392959439,-0.001997417596336875,-0.12400937662730514,0.32969520683734715
7.069,-0.012879609544469872,-0.8080539656582175,0.1827589392959439,-0.0018595282769733074,-0.40080898698462264,-0.12591830798900025
7.07,-0.012879609544469872,0.19194603434178248,-0.8172410607040561,0.0006459654402756206,-0.12370856720774519,-0.4072553072039361
7.071,-0.012879609544469872,0.19194603434178248,0.1827589392959439,0.00181933599258507,0.3234922754814128,-0.12577020285535423
7.072,-0.012879609544469872,0.19194603434178248,0.1827589392959439,0.00046574876919277207,0.32313102037095065,0.32917603303671256
7.073,-0.012879609544469872,0.19194603434178248,0.1827589392959439,-0.0009503796372209525,-0.1232917350593363,0.32896288739093094
7.074,-0.012879609544469872,-0.8080539656582175,0.1827589392959439,-0.0006476257096070355,-0.39857770634616196,-0.1256037097630032
7.075,-0.012879609544469872,0.19194603434178248,-0.8172410607040561,0.00012781590450609506,-0.12304993446967369,-0.40611958139498616
7.076,-0.012879609544469872,0.19194603434178248,0.1827589392959439,-3.4093811794717045e-06,0.32185703377204516,-0.12538700159860977
7.077,-0.012879609544469872,0.19194603434178248,0.1827589392959439,-0.0001324297821784587,0.3215892706984829,0.3280949274586901
7.078,-0.012879609544469872,0.19194603434178248,0.1827589392959439,0.0006822284858129716,-0.1227410701450865,0.32781187742350787
7.079,-0.012879609544469872,-0.8080539656582175,0.1827589392959439,0.0010191120588966063,-0.3969218435809083,-0.12513674691086166
7.08,-0.012879609544469872,0.19194603434178248,-0.8172410607040561,-0.000511211554140729,-0.12257845839177685,-0.4045430424684578
7.081,-0.012879609544469872,0.19194603434178248,0.1827589392959439,-0.0020339654599211983,0.32073307053745315,-0.12488329320026688
7.082,-0.012879609544469872,0.19194603434178248,0.1827589392959439,-0.0007357094712078596,0.32057553508973813,0.3267178303391721
7.083,-0.012879609544469872,0.19194603434178248,0.1827589392959439,0.002170222914084438,-0.12239715492581714,0.32639951440902715
7.084,-0.012879609544469872,-0.8080539656582175,0.1827589392959439,0.002378511132890517,-0.39594604315987925,-0.12457757955796434
7.085,-0.012879609544469872,0.19194603434178248,-0.8172410607040561,-0.0009704566558668066,-0.12231914771649385,-0.40271382583579585
7.086,-0.012879609544469872,0.19194603434178248,0.1827589392959439,-0.0032790747047632563,0.32016647958258226,-0.12431479688051046
7.087,-0.012879609544469872,0.19194603434178248,0.1827589392959439,-0.001034074961325466,0.32011745200562614,0.3251908152113668
7.088,-0.012879609544469872,0.19194603434178248,0.1827589392959439,0.0027017199214668395,-0.12226354574400503,0.32486642321783443
7.089,-0.012879609544469872,-0.8080539656582175,0.1827589392959439,0.0026278887161110044,-0.3956407593767163,-0.12398018887427655
7.09,-0.012879609544469872,0.19194603434178248,-0.8172410607040561,-0.0009500040449224118,-0.12226284358535243,-0.4007968111629557
7.091,-0.012879609544469872,0.19194603434178248,0.1827589392959439,-0.002802192190728322,0.32011727745275387,-0.12372926742375266
7.092,-0.012879609544469872,0.19194603434178248,0.1827589392959439,-0.0007521028721320463,0.32016043079547185,0.32363994945802704
7.093,-0.012879609544469872,0.19194603434178248,0.1827589392959439,0.0016002256035366608,-0.12231402442085096,0.3233324560450265
7.094,-0.012879609544469872,-0.8080539656582175,0.1827589392959439,0.0011449276243597226,-0.3959058023474737,-0.12339089079552193
7.095,-0.012879609544469872,0.19194603434178248,-0.8172410607040561,-0.00023579951064316108,-0.12237425831712802,-0.39893146676037217
7.096,-0.012879609544469872,0.19194603434178248,0.1827589392959439,1.3688334820426445e-06,0.3204823823518791,-0.12316665857255325
7.097,-0.012879609544469872,0.19194603434178248,0.1827589392959439,0.00026689856547850636,0.32059225580154005,0.3221715801646572
7.098,-0.012879609544469872,0.19194603434178248,0.1827589392959439,-0.0014593017911766137,-0.12250257227060611,0.32189848841928725
7.099,-0.012879609544469872,-0.8080539656582175,0.1827589392959439,-0.0023027496313435046,-0.396584051552766,-0.12284887737698279
7.1,-0.012879609544469872,0.19194603434178248,-0.8172410607040561,0.0012235233437089775,-0.12260275369144968,-0.39723594122350875
7.101,-0.012879609544469872,0.19194603434178248,0.1827589392959439,0.0051690966569550535,0.32112466053336636,-0.12266106777764703
7.102,-0.012879609544469872,0.19194603434178248,0.1827589392959439,0.001993050412688811,0.32127264920445553,0.320876746584456
7.103,-0.012879609544469872,0.19194603434178248,0.1827589392959439,-0.006287415174753466,-0.12277479964558309,0.3206518170578788
7.104,-0.012879609544469872,-0.8080539656582175,0.1827589392959439,-0.007411184430116496,-0.39749849764182404,-0.12238796523142802
7.105,-0.012879609544469872,0.19194603434178248,-0.8172410607040561,0.0032677161022872546,-0.12289372318730432,-0.3958142453445775
7.106,-0.012879609544469872,0.19194603434178248,0.1827589392959439,0.012037922480665849,0.32190240723210417,-0.12224334023110407
7.107,-0.012879609544469872,0.19194603434178248,0.1827589392959439,0.004177006814930479,0.3220621765088325,0.3198369636666552
7.108,-0.012879609544469872,0.19194603434178248,0.1827589392959439,-0.012117067695694293,-0.12307870154012038,0.31967220210919045
7.109,-0.012879609544469872,-0.8080539656582175,0.1827589392959439,-0.013301374018884825,-0.3984858451412506,-0.12203850604204955
7.11,-0.012879609544469872,0.19194603434178248,-0.8172410607040561,0.0055198214927042275,-0.12319853904263667,-0.3947628167134725
7.111,-0.012879609544469872,0.19194603434178248,0.1827589392959439,0.019260369740164207,0.3226940821898309,-0.12194310388425043
7.112,-0.012879609544469872,0.19194603434178248,0.1827589392959439,0.006365285917245295,0.3228455192415166,0.31912843778248656
7.113,-0.012879609544469872,0.19194603434178248,0.1827589392959439,-0.017671184700212977,-0.12337292723165626,0.31903557466575827
7.114,-0.012879609544469872,-0.8080539656582175,0.1827589392959439,-0.018614597768916455,-0.3994211470500089,-0.12182843013826464
7.115,-0.012879609544469872,0.19194603434178248,-0.8172410607040561,0.007433171796451866,-0.12348146936648598,-0.3941730606501954
7.116,-0.012879609544469872,0.19194603434178248,0.1827589392959439,0.024990693120505055,0.32341444809342546,-0.12178918363900575
7.117,-0.012879609544469872,0.19194603434178248,0.1827589392959439,0.007968125829829196,0.32354561141022653,0.3188222690253274
7.118,-0.012879609544469872,0.19194603434178248,0.1827589392959439,-0.021366644338796092,-0.12363136854853575,0.3188130978215383
7.119,-0.012879609544469872,-0.8080539656582175,0.1827589392959439,-0.021741773129172498,-0.4002300806080373,-0.12178264822696469
7.12,-0.012879609544469872,0.19194603434178248,-0.8172410607040561,0.00838823693064355,-0.12372267029232671,-0.39412755912952213
7.121,-0.012879609544469872,0.19194603434178248,0.1827589392959439,0.02722635980081445,0.3240201936656057,-0.12180776890381875
7.122,-0.012879609544469872,0.19194603434178248,0.1827589392959439,0.00837303660614391,0.32412714583476937,0.31897927067853604
7.123,-0.012879609544469872,0.19194603434178248,0.1827589392959439,-0.021630755421726516,-0.12384366587834457,0.3190644979451706
7.124,-0.012879609544469872,-0.8080539656582175,0.1827589392959439,-0.021156941656145633,-0.4008880967241139,-0.12192047994954962
7.125,-0.012879609544469872,0.19194603434178248,-0.8172410607040561,0.007825647940532402,-0.1239171789603739,-0.39468932123257283
7.126,-0.012879609544469872,0.19194603434178248,0.1827589392959439,0.02425352097921479,0.32450529361677577,-0.12201830062435327
7.127,-0.012879609544469872,0.19194603434178248,0.1827589392959439,0.007086061318221964,0.32459012407969323,0.31963948530065284
7.128,-0.012879609544469872,0.19194603434178248,0.1827589392959439,-0.017277823890775246,-0.12401205435256707,0.3198261301120375
7.129,-0.012879609544469872,-0.8080539656582175,0.1827589392959439,-0.015797468748744825,-0.4014082945805792,-0.12225132415470795
7.13,-0.012879609544469872,0.19194603434178248,-0.8172410607040561,0.0053916754457827235,-0.12407062285350297,-0.39588538036846666
7.131,-0.012879609544469872,0.19194603434178248,0.1827589392959439,0.01511443817040504,0.32488836480607114,-0.12242768259947512
7.132,-0.012879609544469872,0.19194603434178248,0.1827589392959439,0.0038739326183176086,0.3249560515219927,0.32080800831843187
7.133,-0.012879609544469872,0.19194603434178248,0.1827589392959439,-0.007872220028397374,-0.12414567424977362,0.32109579489852225
7.134,-0.012879609544469872,-0.8080539656582175,0.1827589392959439,-0.005414521406877711,-0.4018220112703985,-0.12276932491517967
7.135,-0.012879609544469872,0.19194603434178248,-0.8172410607040561,0.0010660784093382443,-0.12419297665188281,-0.3976878303552152
7.136,-0.012879609544469872,0.19194603434178248,0.1827589392959439,-2.5996681120978474e-06,0.3251957596239528,-0.12302397471137232
7.137,-0.012879609544469872,0.19194603434178248,0.1827589392959439,-0.0011240291518633096,0.32525072078506334,0.32244002715521014
7.138,-0.012879609544469872,0.19194603434178248,0.1827589392959439,0.006004116861817526,-0.12425392404598692,0.32281755718234056
7.139,-0.012879609544469872,-0.8080539656582175,0.1827589392959439,0.009188054865676238,-0.40215739335837375,-0.12344820670867164
7.14,-0.012879609544469872,0.19194603434178248,-0.8172410607040561,-0.0047586382186628915,-0.12429203031862987,-0.3999966525486525
7.141,-0.012879609544469872,0.19194603434178248,0.1827589392959439,-0.0195491571517669,0.32544483301245397,-0.1237710716635018
7.142,-0.012879609544469872,0.19194603434178248,0.1827589392959439,-0.007343800332295415,0.3254880478581681,0.32442876248711844
7.143,-0.012879609544469872,0.19194603434178248,0.1827589392959439,0.022654167010348038,-0.1243405629988509,0.32487045446158846
7.144,-0.012879609544469872,-0.8080539656582175,0.1827589392959439,0.026097320773707782,-0.4024214141967177,-0.12423765733233728
7.145,-0.012879609544469872,0.19194603434178248,-0.8172410607040561,-0.011272016803296607,-0.12436822543935046,-0.40262912384623845
7.146,-0.012879609544469872,0.19194603434178248,0.1827589392959439,-0.04065467900111682,0.3256316141417844,-0.12460592443804949
7.147,-0.012879609544469872,0.19194603434178248,0.1827589392959439,-0.01382580868555468,0.32565904320237604,0.3266000618213703
7.148,-0.012879609544469872,0.19194603434178248,0.1827589392959439,0.039388491882233624,-0.12440005419817786,0.327064849554096
7.149,-0.012879609544469872,-0.8080539656582175,0.1827589392959439,0.04246080861239633,-0.4025898977946289,-0.1250625701701131
7.15,-0.012879609544469872,0.19194603434178248,-0.8172410607040561,-0.017328376445424835,-0.1244121770732731,-0.4053200606545571
7.151,-0.012879609544469872,0.19194603434178248,0.1827589392959439,-0.05945211535580809,0.32572605826247153,-0.12543959077126512
7.152,-0.012879609544469872,0.19194603434178248,0.1827589392959439,-0.019333220728473915,0.32572879789283427,0.32871667645495467
7.153,-0.012879609544469872,0.19194603434178248,0.1827589392959439,0.05288018851925492,-0.12441712318857838,0.32914924832880127
7.154,-0.012879609544469872,-0.8080539656582175,0.1827589392959439,0.05488539157908621,-0.40260828817693084,-0.12582610955579174
7.155,-0.012879609544469872,0.19194603434178248,-0.8172410607040561,-0.021615289629796378,-0.12440559249884489,-0.40773567712259545
7.156,-0.012879609544469872,0.19194603434178248,0.1827589392959439,-0.07167262209553496,0.325676354548367,-0.12616283496272035
7.157,-0.012879609544469872,0.19194603434178248,0.1827589392959439,-0.0225500536221576,0.3256425749536476,0.33049383009685085
7.158,-0.012879609544469872,0.19194603434178248,0.1827589392959439,0.05971831987750021,-0.12436979087195509,0.33082878824112405
7.159,-0.012879609544469872,-0.8080539656582175,0.1827589392959439,0.060022207888303813,-0.40240351147267583,-0.1264169782344912
7.16,-0.012879609544469872,0.19194603434178248,-0.8172410607040561,-0.02288771198359754,-0.12432554188442925,-0.4095016297588446
7.161,-0.012879609544469872,0.19194603434178248,0.1827589392959439,-0.07343295666887911,0.3254217457364771,-0.12665622437288318
7.162,-0.012879609544469872,0.19194603434178248,0.1827589392959439,-0.022332090823599056,0.32534005898061596,0.3316257786833109
7.163,-0.012879609544469872,0.19194603434178248,0.1827589392959439,0.05708041760928616,-0.1242353586589992,0.33179456561940457
7.164,-0.012879609544469872,-0.8080539656582175,0.1827589392959439,0.05524997326010449,-0.40190477086042015,-0.12672053561539323
7.165,-0.012879609544469872,0.19194603434178248,-0.8172410607040561,-0.020231289194862376,-0.12415127274512676,-0.4102432482488715
7.166,-0.012879609544469872,0.19194603434178248,0.1827589392959439,-0.062088539253594296,0.32491135915243674,-0.12680382257304804
7.167,-0.012879609544469872,0.19194603434178248,0.1827589392959439,-0.017968796286321868,0.3247749206095207,0.33182098820037487
7.168,-0.012879609544469872,0.19194603434178248,0.1827589392959439,0.04340855938732069,-0.12399812763870324,0.33176086132445004
7.169,-0.012879609544469872,-0.8080539656582175,0.1827589392959439,0.03933588147681736,-0.40106897090270704,-0.12663266368038534
7.17,-0.012879609544469872,0.19194603434178248,-0.8172410607040561,-0.013306961855658314,-0.1238721362066431,-0.40963346706782283
7.171,-0.012879609544469872,0.19194603434178248,0.1827589392959439,-0.03699269125806081,0.3241250322504967,-0.12650881129779298
7.172,-0.012879609544469872,0.19194603434178248,0.1827589392959439,-0.00940587460098843,0.32393546232817716,0.33084169235323285
7.173,-0.012879609544469872,0.19194603434178248,0.1827589392959439,0.018955287844562227,-0.12365715690135543,0.3305055315677426
7.174,-0.012879609544469872,-0.8080539656582175,0.1827589392959439,0.012939442079399935,-0.39990510595744444,-0.12607463989242462
7.175,-0.012879609544469872,0.19194603434178248,-0.8172410607040561,-0.0025254540812211725,-0.12349483120307295,-0.40744203796352024
7.176,-0.012879609544469872,0.19194603434178248,0.1827589392959439,2.970718258373341e-06,0.32309133991157085,-0.1257088327537894
7.177,-0.012879609544469872,0.19194603434178248,0.1827589392959439,0.00262170396532033,0.3228615074734738,0.32854229028493825
7.178,-0.012879609544469872,0.19194603434178248,0.1827589392959439,-0.013928865821148093,-0.12323220612921865,0.3279077033019404
7.179,-0.012879609544469872,-0.8080539656582175,0.1827589392959439,-0.021164775393865104,-0.3984916499123052,-0.12500687689847484
7.18,-0.012879609544469872,0.19194603434178248,-0.8172410607040561,0.010893735007972338,-0.12304814987515797,-0.4035786093404873
7.181,-0.012879609544469872,0.19194603434178248,0.1827589392959439,0.04444608849469111,0.3218981669822282,-0.12438864414778615
7.182,-0.012879609544469872,0.19194603434178248,0.1827589392959439,0.016586421549883473,0.32165301652933626,0.3249005804655925
7.183,-0.012879609544469872,0.19194603434178248,0.1827589392959439,-0.05086329933010183,-0.12276620562680178,0.3239767002456217
7.184,-0.012879609544469872,-0.8080539656582175,0.1827589392959439,-0.0582333673778763,-0.3969818469530681,-0.12343931604906228
7.185,-0.012879609544469872,0.19194603434178248,-0.8172410607040561,0.02500856583301449,-0.12258374098067853,-0.3981224471008994
7.186,-0.012879609544469872,0.19194603434178248,0.1827589392959439,0.08966180322704091,0.32069222828640315,-0.12258787502185946
7.187,-0.012879609544469872,0.19194603434178248,0.1827589392959439,0.03031578639411891,0.320467141426924,0.32003634030915723
7.188,-0.012879609544469872,0.19194603434178248,0.1827589392959439,-0.08590360610016733,-0.1223231309542437,0.31886692425359353
7.189,-0.012879609544469872,-0.8080539656582175,0.1827589392959439,-0.09209919968793798,-0.39559371440003166,-0.1214365523390557
7.19,-0.012879609544469872,0.19194603434178248,-0.8172410607040561,0.03739216530506921,-0.12217205180678747,-0.39133298741887584
7.191,-0.012879609544469872,0.19194603434178248,0.1827589392959439,0.12761457192962122,0.31966576464191543,-0.1204022638698473
7.192,-0.012879609544469872,0.19194603434178248,0.1827589392959439,0.041286159126052054,0.31950237414530697,0.3142132271909483
7.193,-0.012879609544469872,0.19194603434178248,0.1827589392959439,-0.11237946533794903,-0.12198094641289357,0.3128751513350336
7.194,-0.012879609544469872,-0.8080539656582175,0.1827589392959439,-0.11607381898065586,-0.3945842273708102,-0.1191163978962106
7.195,-0.012879609544469872,0.19194603434178248,-0.8172410607040561,0.045500425660887855,-0.1218934599910384,-0.38363788709454444
7.196,-0.012879609544469872,0.19194603434178248,0.1827589392959439,0.15016533421732314,0.31903094126015974,-0.11797764315863472
7.197,-0.012879609544469872,0.19194603434178248,0.1827589392959439,0.047029941199266394,0.31897079204095524,0.3078222036346549
7.198,-0.012879609544469872,0.19194603434178248,0.1827589392959439,-0.12400354447476875,-0.12182019165796804,0.306419129237473
7.199,-0.012879609544469872,-0.8080539656582175,0.1827589392959439,-0.12409244078054366,-0.39421011827878366,-0.11664147584114226
7.2,-0.012879609544469872,0.19194603434178248,-0.8172410607040561,0.04712045121126369,-0.12182552209978043,-0.37559841239704583
7.201,-0.012879609544469872,0.19194603434178248,0.1827589392959439,0.15054918246727864,0.3189848559296364,-0.11549700396408678
7.202,-0.012879609544469872,0.19194603434178248,0.1827589392959439,0.04559737267129298,0.31906174990355224,0.30134734650253464
7.203,-0.012879609544469872,0.19194603434178248,0.1827589392959439,-0.11608599983095533,-0.12190966279821623,0.2999991116806956
7.204,-0.012879609544469872,-0.8080539656582175,0.1827589392959439,-0.11192542426026884,-0.39468048125516186,-0.11420444518422078
7.205,-0.012879609544469872,0.19194603434178248,-0.8172410607040561,0.040828885733150536,-0.12202808700340038,-0.367855389087456
7.206,-0.012879609544469872,0.19194603434178248,0.1827589392959439,0.12483326772747147,0.31967011271607,-0.1131620315317246
7.207,-0.012879609544469872,0.19194603434178248,0.1827589392959439,0.0359958611057934,0.31990230481783416,0.2953175697095512
7.208,-0.012879609544469872,0.19194603434178248,0.1827589392959439,-0.08664659156884354,-0.12229132803284569,0.29414659238046653
7.209,-0.012879609544469872,-0.8080539656582175,0.1827589392959439,-0.0782434083780177,-0.3961084297789191,-0.11200843280054588
7.21,-0.012879609544469872,0.19194603434178248,-0.8172410607040561,0.026377501864611894,-0.12252860091255452,-0.3610619784879869
7.211,-0.012879609544469872,0.19194603434178248,0.1827589392959439,0.07308511127020507,0.3211372593443081,-0.1111713851629557
7.212,-0.012879609544469872,0.19194603434178248,0.1827589392959439,0.018523265829144854,0.3215208275408931,0.2902500381396765
7.213,-0.012879609544469872,0.19194603434178248,0.1827589392959439,-0.03720660799445343,-0.12296698947547977,0.2893665759907432
7.214,-0.012879609544469872,-0.8080539656582175,0.1827589392959439,-0.025320879190702434,-0.3984700240379077,-0.11024503213500819
7.215,-0.012879609544469872,0.19194603434178248,-0.8172410607040561,0.004925421246859935,-0.12331015515781672,-0.3558117413586296
7.216,-0.012879609544469872,0.19194603434178248,0.1827589392959439,-2.5197602577086584e-06,0.3233157561004945,-0.10969855015981594
7.217,-0.012879609544469872,0.19194603434178248,0.1827589392959439,-0.005080513018832088,0.32382041340454,0.2865925001774144
7.218,-0.012879609544469872,0.19194603434178248,0.1827589392959439,0.026928602844838168,-0.12388917749249262,0.2860808909639632
7.219,-0.012879609544469872,-0.8080539656582175,0.1827589392959439,0.04080064001689271,-0.4015783409009065,-0.10907268785629243
7.22,-0.012879609544469872,0.19194603434178248,-0.8172410607040561,-0.02094579454273532,-0.12430464053857367,-0.3525714254778511
7.221,-0.012879609544469872,0.19194603434178248,0.1827589392959439,-0.08522002802920411,0.3259994271176006,-0.10887221930467735
7.222,-0.012879609544469872,0.19194603434178248,0.1827589392959439,-0.03171669105174978,0.32656777621958555,0.28467216349366825
7.223,-0.012879609544469872,0.19194603434178248,0.1827589392959439,0.09701936146005698,-0.12495832488216603,0.2845801029777487
7.224,-0.012879609544469872,-0.8080539656582175,0.1827589392959439,0.11079539851033549,-0.405078891243613,-0.1085983378373803
7.225,-0.012879609544469872,0.19194603434178248,0.1827589392959439,-0.047467503949813944,-0.12539278238028978,-0.35162748169394803
7.226,-0.012879609544469872,0.19194603434178248,0.1827589392959439,-0.1697665369455558,0.32885060218701034,-0.10876184009564119
7.227,-0.012879609544469872,0.19194603434178248,0.1827589392959439,-0.057263648275027425,0.32940138560513144,0.28465799746759685
7.228,-0.012879609544469872,0.19194603434178248,0.1827589392959439,0.16190001509283253,-0.12602746582882654,0.28499050044991586
7.229,-0.012879609544469872,-0.8080539656582175,0.1827589392959439,0.1731868025447965,-0.40846979963569596,-0.10886480918117529
7.23,-0.012879609544469872,0.19194603434178248,-0.8172410607040561,-0.07016300823630871,-0.1264119131240739,-0.3530535229568648
7.231,-0.012879609544469872,0.19194603434178248,0.1827589392959439,-0.23894253098731885,0.33142461791572075,-0.1093702407912827
7.232,-0.012879609544469872,0.19194603434178248,0.1827589392959439,-0.07714163473836547,0.33185995061835344,0.28654156482430765
7.233,-0.012879609544469872,0.19194603434178248,0.1827589392959439,0.20955939857538522,-0.1269146492018532,0.28726055695906866
7.234,-0.012879609544469872,-0.8080539656582175,0.1827589392959439,0.2160218510747377,-0.4111466396796466,-0.10984571252673447
7.235,-0.012879609544469872,0.19194603434178248,-0.8172410607040561,-0.0845196953575785,-0.1271712240597253,-0.3567030604952091
7.236,-0.012879609544469872,0.19194603434178248,0.1827589392959439,-0.27841835673264537,0.33321337466975764,-0.11063423947262709
7.237,-0.012879609544469872,0.19194603434178248,0.1827589392959439,-0.08703869598492878,0.333429344619562,0.29013893362479254
7.238,-0.012879609544469872,0.19194603434178248,0.1827589392959439,0.2290956712087328,-0.12742210133836596,0.2911685515027241
7.239,-0.012879609544469872,-0.8080539656582175,0.1827589392959439,0.22886860359292188,-0.4124680819175705,-0.11144855889463101
7.24,-0.012879609544469872,0.19194603434178248,-0.8172410607040561,-0.08676365715734778,-0.12747308963352005,-0.36222832837823565
7.241,-0.012879609544469872,0.19194603434178248,0.1827589392959439,-0.2767628617530274,0.3337036826872256,-0.11243300886535257
7.242,-0.012879609544469872,0.19194603434178248,0.1827589392959439,-0.08369383929713652,0.3336031582687911,0.29511329322012037
7.243,-0.012879609544469872,0.19194603434178248,0.1827589392959439,0.21275793981104013,-0.12736009367703655,0.29635007534715113
7.244,-0.012879609544469872,-0.8080539656582175,0.1827589392959439,0.2048353247468564,-0.4118351255501484,-0.11352569002390074
7.245,-0.012879609544469872,0.19194603434178248,-0.8172410607040561,-0.0746170609313887,-0.1271380513103064,-0.3691223927627442
7.246,-0.012879609544469872,0.19194603434178248,0.1827589392959439,-0.22783211127338535,0.33244362990380355,-0.11460289688121966
7.247,-0.012879609544469872,0.19194603434178248,0.1827589392959439,-0.06561064538924004,0.331949706300173,0.30101504839655596
7.248,-0.012879609544469872,0.19194603434178248,0.1827589392959439,0.1577364220892226,-0.12657263218235879,0.30234143597943763
7.249,-0.012879609544469872,-0.8080539656582175,0.1827589392959439,0.1422688866502375,-0.40877417615169676,-0.11589153948813809
7.25,-0.012879609544469872,0.19194603434178248,-0.8172410607040561,-0.047906717020727727,-0.1260303406495433,-0.376778595710892
7.251,-0.012879609544469872,0.19194603434178248,0.1827589392959439,-0.1325927433628646,0.3291085587115776,-0.11695655665910433
7.252,-0.012879609544469872,0.19194603434178248,0.1827589392959439,-0.03357081596526069,0.3281768735312953,0.30733383245058105
7.253,-0.012879609544469872,0.19194603434178248,0.1827589392959439,0.06736428048037628,-0.12496162227088668,0.3086329014180325
7.254,-0.012879609544469872,-0.8080539656582175,0.1827589392959439,0.045802685176538405,-0.4030130041635627,-0.11834389132300523
7.255,-0.012879609544469872,0.19194603434178248,-0.8172410607040561,-0.008901498270841284,-0.12408052879040676,-0.38455918186622823
7.256,-0.012879609544469872,0.19194603434178248,0.1827589392959439,1.4469967197738213e-06,0.32355772194624993,-0.11930374602211188
7.257,-0.012879609544469872,0.19194603434178248,0.1827589392959439,0.009164859278883527,0.3221859101874028,0.31355541079669863
7.258,-0.012879609544469872,0.19194603434178248,0.1827589392959439,-0.04854722526120866,-0.12250615529182114,0.31472461394367496
7.259,-0.012879609544469872,-0.8080539656582175,0.1827589392959439,-0.07350592007952111,-0.3945388947859306,-0.12068630267705069
7.26,-0.012879609544469872,0.19194603434178248,-0.8172410607040561,0.037712887014649615,-0.12130206805797401,-0.3918640128697535
7.261,-0.012879609544469872,0.19194603434178248,0.1827589392959439,0.1533480981747661,0.3158734101880559,-0.12147107742256742
7.262,-0.012879609544469872,0.19194603434178248,0.1827589392959439,0.05704178786427055,0.31410625160531636,0.31921604430961165
7.263,-0.012879609544469872,0.19194603434178248,0.1827589392959439,-0.17440710885939403,-0.11927402502241623,0.32017797957191607
7.264,-0.012879609544469872,-0.8080539656582175,0.1827589392959439,-0.19908786282662613,-0.3836300828111548,-0.12274877750939683
7.265,-0.012879609544469872,0.19194603434178248,-0.8172410607040561,0.08526383215531697,-0.11779912869648773,-0.39819069039879396
7.266,-0.012879609544469872,0.19194603434178248,0.1827589392959439,0.30484863408763496,0.3063762335952153,-0.12331832632184828
7.267,-0.012879609544469872,0.19194603434178248,0.1827589392959439,0.10280155118840562,0.3043055382057176,0.32394757142902997
7.268,-0.012879609544469872,0.19194603434178248,0.1827589392959439,-0.2905923765353215,-0.11542346143541253,0.32465636394304753
7.269,-0.012879609544469872,-0.8080539656582175,0.1827589392959439,-0.31080697643642535,-0.37085464101649385,-0.12440412226372863
7.27,-0.012879609544469872,0.19194603434178248,-0.8172410607040561,0.12590696613991245,-0.11376415094347844,-0.40317906174632584
7.271,-0.012879609544469872,0.19194603434178248,0.1827589392959439,0.42876915014979566,0.2956130630115157,-0.12474956152955104
7.272,-0.012879609544469872,0.19194603434178248,0.1827589392959439,0.13843100398838526,0.29337197904003953,0.3275080989848873
7.273,-0.012879609544469872,0.19194603434178248,0.1827589392959439,-0.3760916914492964,-0.1111942502740489,0.3279507831826545
7.274,-0.012879609544469872,-0.8080539656582175,0.1827589392959439,-0.3877497800195217,-0.35703495602621665,-0.12557811727629842
7.275,-0.012879609544469872,0.19194603434178248,-0.8172410607040561,0.15174229182020824,-0.1094647959031132,-0.4066356538498986
7.276,-0.012879609544469872,0.19194603434178248,0.1827589392959439,0.4999972482039449,0.28431751378693554,-0.12571821710480968
7.277,-0.012879609544469872,0.19194603434178248,0.1827589392959439,0.15636187464765944,0.2820696420000298,0.32979546684562616
7.278,-0.012879609544469872,0.19194603434178248,0.1827589392959439,-0.4117302926287368,-0.10688873338699639,0.32998863000687817
7.279,-0.012879609544469872,-0.8080539656582175,0.1827589392959439,-0.41151686350560374,-0.34318025125373136,-0.12625257973865928
7.28,-0.012879609544469872,0.19194603434178248,-0.8172410607040561,0.1560896699215565,-0.1052213187233033,-0.4085366203057736
7.281,-0.012879609544469872,0.19194603434178248,0.1827589392959439,0.49820494305873075,0.2733463387994742,-0.12622612803659677
7.282,-0.012879609544469872,0.19194603434178248,0.1827589392959439,0.15076053027164057,0.27127070430439604,0.330843183602326
7.283,-0.012879609544469872,0.19194603434178248,0.1827589392959439,-0.3835351372552136,-0.102844478456691,0.33082591932188077
7.284,-0.012879609544469872,-0.8080539656582175,0.1827589392959439,-0.36955594259571534,-0.33039372191025007,-0.12646142149197598
7.285,-0.012879609544469872,0.19194603434178248,-0.8172410607040561,0.13474171414327812,-0.10137662436051234,-0.40901078782431316
7.286,-0.012879609544469872,0.19194603434178248,0.1827589392959439,0.41181193291299995,0.2635982174582096,-0.1263173506179539
7.287,-0.012879609544469872,0.19194603434178248,0.1827589392959439,0.11871655888756656,0.2618716955236637,0.3308009114833068
7.288,-0.012879609544469872,0.19194603434178248,0.1827589392959439,-0.28573129392425506,-0.09940149473554383,0.33062568329922454
7.289,-0.012879609544469872,0.19194603434178248,0.1827589392959439,-0.2580225920431568,-0.3197641832879179,-0.12628075622262477
7.29,-0.012879609544469872,0.19194603434178248,-0.8172410607040561,0.08699703258938869,-0.09826223443699653,-0.40830688877226695
7.291,-0.012879609544469872,0.19194603434178248,0.1827589392959439,0.24111300182208248,0.2559237695958056,-0.12606816369476034
7.292,-0.012879609544469872,0.19194603434178248,0.1827589392959439,0.06113523553975778,0.254702913619998,0.3299034503984021
7.293,-0.012879609544469872,0.19194603434178248,0.1827589392959439,-0.12286684666358548,-0.09686760977049727,0.329626682058057
7.294,-0.012879609544469872,-0.8080539656582175,0.1827589392959439,-0.08367671206540225,-0.31225425995400674,-0.12581484362261228
7.295,-0.012879609544469872,0.19194603434178248,-0.8172410607040561,0.01629125653254931,-0.09616396571683175,-0.40675071711726135
7.296,-0.012879609544469872,0.19194603434178248,0.1827589392959439,-4.8854986383912474e-08,0.2510368803408627,-0.1255749305158471
7.297,-0.012879609544469872,0.19194603434178248,0.1827589392959439,-0.016834422798318302,0.25044121202102404,0.328433284423963
7.298,-0.012879609544469872,0.19194603434178248,0.1827589392959439,0.08935103924981938,-0.09548591532956707,0.3281073410374297
7.299,-0.012879609544469872,-0.8080539656582175,0.1827589392959439,0.13557647557840774,-0.3085977864715067,-0.12518007313516097
7.3,-0.012879609544469872,0.19194603434178248,-0.8172410607040561,-0.0697125080939616,-0.09529122344066811,-0.404698569911526
7.301,-0.012879609544469872,0.19194603434178248,0.1827589392959439,-0.2841306531941557,0.24943743600575866,-0.12494148505638825
7.302,-0.012879609544469872,0.19194603434178248,0.1827589392959439,-0.10594929303636039,0.24953611655846977,0.32668200638218514
7.303,-0.012879609544469872,0.19194603434178248,0.1827589392959439,0.32476901870051583,-0.09540800364921663,0.32634975208494205
7.304,-0.012879609544469872,-0.8080539656582175,0.1827589392959439,0.3717224778424783,-0.30921817652488853,-0.12448924493051128
7.305,-0.012879609544469872,0.19194603434178248,-0.8172410607040561,-0.15964297016556778,-0.09575343624545371,-0.4024929507479469
7.306,-0.012879609544469872,0.19194603434178248,0.1827589392959439,-0.5724555962371378,0.2513543496515644,-0.12426744124901425
7.307,-0.012879609544469872,0.19194603434178248,0.1827589392959439,-0.1936358491124142,0.2521577763717275,0.3249153797644733
7.308,-0.012879609544469872,0.19194603434178248,0.1827589392959439,0.5490997619636447,-0.09667607592232284,0.32460780206190104
7.309,-0.012879609544469872,0.19194603434178248,0.1827589392959439,0.5892550950985973,-0.31417717828187763,-0.12383812072579264
7.31,-0.012879609544469872,0.19194603434178248,-0.8172410607040561,-0.2395335987042539,-0.09754635645711879,-0.40042530583609776
7.311,-0.012879609544469872,0.19194603434178248,0.1827589392959439,-0.8186788606542794,0.2567154664128395,-0.12363840124319919
7.312,-0.012879609544469872,0.19194603434178248,0.1827589392959439,-0.26531589436227526,0.25817278041102365,0.32334561941086715
7.313,-0.012879609544469872,0.19194603434178248,0.1827589392959439,0.7236501826680751,-0.09921599951256468,0.3230822537064861
7.314,-0.012879609544469872,-0.8080539656582175,0.1827589392959439,0.7491456480326966,-0.3231599814024184,-0.12329566747803043
7.315,-0.012879609544469872,0.19194603434178248,-0.8172410607040561,-0.29442389832618737,-0.10054982659871069,-0.39870885421983077
7.316,-0.012879609544469872,0.19194603434178248,0.1827589392959439,-0.9744648751043615,0.2651478834357634,-0.12311857240657238
7.317,-0.012879609544469872,0.19194603434178248,0.1827589392959439,-0.30615518990576085,0.2671507037414395,0.3221129510896078
7.318,-0.012879609544469872,0.19194603434178248,0.1827589392959439,0.8100593724658016,-0.10284214884221647,0.3219041909267343
7.319,-0.012879609544469872,-0.8080539656582175,0.1827589392959439,0.8137172980287,-0.3354985200783555,-0.12289871770317215
7.32,-0.012879609544469872,0.19194603434178248,-0.8172410607040561,-0.3102638672263634,-0.10453731401221657,-0.39746273369387314
7.321,-0.012879609544469872,0.19194603434178248,0.1827589392959439,-0.9957077447652987,0.27600878592864114,-0.12274589910375791
7.322,-0.012879609544469872,0.19194603434178248,0.1827589392959439,-0.30302345723259866,0.278400786034238,0.3212769549347852
7.323,-0.012879609544469872,0.19194603434178248,0.1827589392959439,0.7754620566903694,-0.10727354293293621,0.3211269426099749
7.324,-0.012879609544469872,-0.8080539656582175,0.1827589392959439,0.7518128790345906,-0.3502305411139332,-0.12265105282169095
7.325,-0.012879609544469872,0.19194603434178248,-0.8172410607040561,-0.2758788046084087,-0.10919620183552294,-0.3967070638151095
7.326,-0.012879609544469872,0.19194603434178248,0.1827589392959439,-0.8488249589774595,0.28844351180174876,-0.12252955154367516
7.327,-0.012879609544469872,0.19194603434178248,0.1827589392959439,-0.2464084105085466,0.29103481167638473,0.32081688753319076
7.328,-0.012879609544469872,0.19194603434178248,0.1827589392959439,0.5973903421736941,-0.11215955026601401,0.3207256400992611
7.329,-0.012879609544469872,-0.8080539656582175,0.1827589392959439,0.5435593270784234,-0.36618809085990434,-0.12252630412973392
7.33,-0.012879609544469872,0.19194603434178248,-0.8172410607040561,-0.18472607507421165,-0.11415665324199832,-0.39636738684991085
7.331,-0.012879609544469872,0.19194603434178248,0.1827589392959439,-0.5162048439304971,0.30146461349980747,-0.12244952158151955
7.332,-0.012879609544469872,0.19194603434178248,0.1827589392959439,-0.13201561398642392,0.3040494476350147,0.32063930798488066
7.333,-0.012879609544469872,0.19194603434178248,0.1827589392959439,0.2677179559964517,-0.11711241294176096,0.3206030623693551
7.334,-0.012879609544469872,-0.8080539656582175,0.1827589392959439,0.18404332824403108,-0.3821059692962198,-0.12247365313605635
7.335,-0.012879609544469872,0.19194603434178248,-0.8172410607040561,-0.03618757560340757,-0.11902596991630199,-0.3962864089258606
7.336,-0.012879609544469872,0.19194603434178248,0.1827589392959439,-1.3397901174685798e-06,0.3140435166563608,-0.1224581347035007
7.337,-0.012879609544469872,0.19194603434178248,0.1827589392959439,0.038186473355258134,0.31641931243545957,0.3205909838491017
7.338,-0.012879609544469872,0.19194603434178248,0.1827589392959439,-0.20495674568573993,-0.12174315775919277,0.3206003745049782
7.339,-0.012879609544469872,-0.8080539656582175,0.1827589392959439,-0.3146755597156171,-0.39673873546852967,-0.12242514658464058
7.34,-0.012879609544469872,0.19194603434178248,-0.8172410607040561,0.16380842204715218,-0.12342483898997815,-0.3962409967699092
7.341,-0.012879609544469872,0.19194603434178248,0.1827589392959439,0.6763459028193052,0.3252052027652024,-0.12248343485052333
7.342,-0.012879609544469872,0.19194603434178248,0.1827589392959439,0.25565312705334003,0.32719109418834597,0.3204751792159702
7.343,-0.012879609544469872,0.19194603434178248,0.1827589392959439,-0.7949088035016952,-0.12569717748601641,0.3205116507500292
7.344,-0.012879609544469872,-0.8080539656582175,0.1827589392959439,-0.9235881219297316,-0.4089742057580167,-0.12230351681610063
7.345,-0.012879609544469872,0.19194603434178248,-0.8172410607040561,0.4029602910284866,-0.12702175035235044,-0.3959628258177592
7.346,-0.012879609544469872,0.19194603434178248,0.1827589392959439,1.4692053399511833,0.33411626001934763,-0.12243454411696769
7.347,-0.012879609544469872,0.19194603434178248,0.1827589392959439,0.5057663154244003,0.3355691732254838,0.3200698804714694
7.348,-0.012879609544469872,0.19194603434178248,0.1827589392959439,-1.4610328089830382,-0.128685896681344,0.32010149692862444
7.349,-0.012879609544469872,-0.8080539656582175,0.1827589392959439,-1.5989062004795631,-0.41793208086323763,-0.12202966241873985
7.35,-0.012879609544469872,0.19194603434178248,-0.8172410607040561,0.6635816105515694,-0.12956216272059348,-0.3951616724548496
7.351,-0.012879609544469872,0.19194603434178248,0.1827589392959439,2.3184567628884416,0.3401576139333874,-0.12220915048946404
7.352,-0.012879609544469872,0.19194603434178248,0.1827589392959439,0.7691303583647634,0.34098437076810484,0.3191470836930754
7.353,-0.012879609544469872,0.19194603434178248,0.1827589392959439,-2.150617009254699,-0.13051144960361502,0.31912542781612785
7.354,-0.012879609544469872,-0.8080539656582175,0.1827589392959439,-2.2862026514231224,-0.423038229570884,-0.12152930992153288
7.355,-0.012879609544469872,0.19194603434178248,-0.8172410607040561,0.92431521832789,-0.130889649664113,-0.39355082597643165
7.356,-0.012879609544469872,0.19194603434178248,0.1827589392959439,3.1534425802426873,0.34297511035345735,-0.1217031651542745
7.357,-0.012879609544469872,0.19194603434178248,0.1827589392959439,1.0235274809743546,0.3431394605995278,0.3174927299697144
7.358,-0.012879609544469872,0.19194603434178248,0.1827589392959439,-2.804743913634005,-0.13108211813069393,0.3173527268611193
7.359,-0.012879609544469872,-0.8080539656582175,0.1827589392959439,-2.9260672227331894,-0.4240679803781637,-0.12073874245090103
7.36,-0.012879609544469872,0.19194603434178248,-0.8172410607040561,1.162380634081016,-0.13095717629315043,-0.3908742440171648
7.361,-0.012879609544469872,0.19194603434178248,0.1827589392959439,3.900487136649566,0.34250362975777104,-0.12082229284084378
7.362,-0.012879609544469872,0.19194603434178248,0.1827589392959439,1.2463061738576002,0.3420276828238749,0.3149270563755034
7.363,-0.012879609544469872,0.19194603434178248,0.1827589392959439,-3.3646815804377606,-0.13041730059567178,0.31459121791424655
7.364,-0.012879609544469872,-0.8080539656582175,0.1827589392959439,-3.4606045321558367,-0.42115517154953186,-0.11960975152011821
7.365,-0.012879609544469872,0.19194603434178248,-0.8172410607040561,1.3560843258639497,-0.12982772990741356,-0.38693477691180633
7.366,-0.012879609544469872,0.19194603434178248,0.1827589392959439,4.491070684435982,0.3389632593483028,-0.11949480677649715
7.367,-0.012879609544469872,0.19194603434178248,0.1827589392959439,1.4169098981881596,0.3379233764386442,0.3113249464252257
7.368,-0.012879609544469872,0.19194603434178248,0.1827589392959439,-3.778477332473133,-0.12864188774680857,0.3107127279811467
7.369,-0.012879609544469872,-0.8080539656582175,0.1827589392959439,-3.839967575091156,-0.4147672918304152,-0.11811407751758216
7.37,-0.012879609544469872,0.19194603434178248,-0.8172410607040561,1.4872794283896102,-0.1276646307544918,-0.38162207217409305
7.371,-0.012879609544469872,0.19194603434178248,0.1827589392959439,4.869632203357715,0.33282891720186986,-0.11768430133312673
7.372,-0.012879609544469872,0.19194603434178248,0.1827589392959439,1.51922728947959,0.3313466805199786,0.30663534424802885
7.373,-0.012879609544469872,0.19194603434178248,0.1827589392959439,-4.006918933543625,-0.1259709884656882,0.30567715478917423
7.374,-0.012879609544469872,-0.8080539656582175,0.1827589392959439,-4.028096189374401,-0.4056504204430323,-0.11624752983145216
7.375,-0.012879609544469872,0.19194603434178248,-0.8172410607040561,1.5434611128630717,-0.12471286462496767,-0.37493781305824014
