frequency_hz,raw_amplitude,filtered_amplitude,band_mask
0.0,0.003123239890030512,2.0416578170677154e-15,0.0
0.0390991554582421,0.0032201824550809797,4.0833104337624685e-15,0.0
0.0781983109164842,0.0001691564601385411,4.083268098268409e-15,0.0
0.1172974663747263,0.0001338755266840652,4.083392917337179e-15,0.0
0.1563966218329684,0.000310904970022214,4.083436284950571e-15,0.0
0.1954957772912105,9.293868497781387e-05,4.083515896380707e-15,0.0
0.2345949327494526,0.00015580313501037767,4.083589214355284e-15,0.0
0.2736940882076947,0.00018136601923945356,4.083719284328755e-15,0.0
0.3127932436659368,0.00027936745716358947,4.0838631236613e-15,0.0
0.3518923991241789,0.000135494637609219,4.084020967640844e-15,0.0
0.390991554582421,0.00013035721284225497,4.084162796804524e-15,0.0
0.4300907100406631,0.00021799767656174694,4.0843821616274e-15,0.0
0.4691898654989052,0.0002344950140825855,4.0845623796128e-15,0.0
0.5082890209571473,0.00018448039852988986,4.084809492583816e-15,0.0
0.5473881764153894,9.55938517039612e-05,4.085001176672897e-15,0.0
0.5864873318736316,0.00023734489746817048,4.085278351678717e-15,0.0
0.6255864873318736,0.00018924110708657822,4.085587336301818e-15,0.0
0.6646856427901157,0.00022311505245171164,4.085880436412224e-15,0.0
0.7037847982483578,5.5480181794140875e-05,4.086143565911636e-15,0.0
0.7428839537065999,0.00023766747727841533,4.0865282529822264e-15,0.0
0.781983109164842,0.00016323380543310738,4.086819731277839e-15,0.0
0.8210822646230841,0.00024500845825425145,4.0872329743354236e-15,0.0
0.8601814200813263,1.8916992620937133e-05,4.087567442356443e-15,0.0
0.8992805755395683,0.00022062859517941975,4.088006622438694e-15,0.0
0.9383797309978104,0.00017069300178527218,4.088389526933777e-15,0.0
0.9774788864560525,0.00024855127335405035,4.088843564140928e-15,0.0
1.0165780419142947,3.494385727780341e-05,4.089308362117762e-15,0.0
1.0556771973725367,0.00019093127308864028,4.089753767925267e-15,0.0
1.0947763528307788,0.00020069980875494868,4.090270656720356e-15,0.0
1.1338755082890208,0.0002357872545737973,4.0907206097618865e-15,0.0
1.1729746637472631,6.82737540920899e-05,4.091286289788869e-15,0.0
1.2120738192055052,0.0001563149207243079,4.0918248562134844e-15,0.0
1.2511729746637472,0.00023289858467123243,4.092355985591389e-15,0.0
1.2902721301219893,0.00021214565317970063,4.092971569677343e-15,0.0
1.3293712855802313,9.45788072017979e-05,4.0935262671292215e-15,0.0
1.3684704410384736,0.00012772258119027736,4.094183682952494e-15,0.0
1.4075695964967156,0.0002552330964494522,4.094783245092925e-15,0.0
1.4466687519549577,0.00018620080599068438,4.095438925569681e-15,0.0
1.4857679074131998,0.00011115322461575705,4.096120737371792e-15,0.0
1.524867062871442,0.0001165389814271826,4.09678287366659e-15,0.0
1.563966218329684,0.0002635714422789512,4.097506911892439e-15,0.0
1.6030653737879261,0.00016830065808196004,4.0982057212105504e-15,0.0
1.6421645292461682,0.00011760059459228052,4.098944987659766e-15,0.0
1.6812636847044102,0.00012402356255750122,4.099691889992096e-15,0.0
1.7203628401626525,0.0002589475117427944,4.100506172362772e-15,0.0
1.7594619956208946,0.00016556903140875636,4.101258087184374e-15,0.0
1.7985611510791366,0.0001151309966119675,4.1020897831901294e-15,0.0
1.8376603065373787,0.0001392022581036242,4.102900285412802e-15,0.0
1.8767594619956207,0.00024586230679889267,4.103738536824735e-15,0.0
1.915858617453863,0.00017590267264120163,4.104634361516181e-15,0.0
1.954957772912105,0.00010643807814088779,4.105466926492237e-15,0.0
1.994056928370347,0.0001518327655395505,4.106388277588203e-15,0.0
2.0331560838285894,0.0002307362712778518,4.107304804919802e-15,0.0
2.0722552392868314,0.00019083822489666803,4.1082182764494316e-15,0.0
2.1113543947450735,9.55154735844171e-05,4.109191614265864e-15,0.0
2.1504535502033155,0.00015745214305601304,4.110124473124254e-15,0.0
2.1895527056615576,0.00021971586671982847,4.11112699428204e-15,0.0
2.2286518611197996,0.00020311964131003484,4.1121087326166034e-15,0.0
2.2677510165780417,8.701484840117748e-05,4.1131857185985784e-15,0.0
2.3068501720362837,0.00015584348793672848,4.114153249146272e-15,0.0
2.3459493274945262,0.00021595677506279414,4.115270685022613e-15,0.0
2.3850484829527683,0.00020953632904431037,4.116312390638443e-15,0.0
2.4241476384110103,8.438308331214452e-05,4.117411929176255e-15,0.0
2.4632467938692524,0.00014928092849388338,4.118490176537425e-15,0.0
2.5023459493274944,0.00021831904125187325,4.1196553292302094e-15,0.0
2.5414451047857365,0.00021033674442476243,4.120775274189847e-15,0.0
2.5805442602439785,8.753531577810226e-05,4.121957066071028e-15,0.0
2.6196434157022206,0.0001411341382274731,4.123114227525765e-15,0.0
2.6587425711604626,0.0002230696910567564,4.12433217042356e-15,0.0
2.697841726618705,0.00020786821845328343,4.125527174500856e-15,0.0
2.736940882076947,9.342089233384746e-05,4.126796556071922e-15,0.0
2.7760400375351892,0.0001344496566440648,4.1280071680752176e-15,0.0
2.8151391929934313,0.0002267762430757717,4.129284199886105e-15,0.0
2.8542383484516733,0.00020505457267918565,4.1305682557618415e-15,0.0
2.8933375039099154,9.895385810220592e-05,4.1319215166730186e-15,0.0
2.9324366593681574,0.00013066027434950175,4.133147083431276e-15,0.0
2.9715358148263995,0.000227897479876407,4.134606084303721e-15,0.0
3.0106349702846416,0.00020394518055798713,4.135847677749924e-15,0.0
3.049734125742884,0.00010263827249284459,4.1373184834648296e-15,0.0
3.088833281201126,0.00012922041934009356,4.138670083761564e-15,0.0
3.127932436659368,0.00022677680948949197,4.140038036769096e-15,0.0
3.16703159211761,0.0002049144238384393,4.1415265474464635e-15,0.0
3.2061307475758523,0.00010455001255461945,4.1429872666822605e-15,0.0
3.2452299030340943,0.0001285337963861263,4.144409312903469e-15,0.0
3.2843290584923364,0.00022477344985194302,4.145866861757835e-15,0.0
3.3234282139505784,0.00020697575149533295,4.1473929877331175e-15,0.0
3.3625273694088205,0.00010569504523903841,4.148958229173508e-15,0.0
3.401626524867063,0.0001272765827319345,4.150399538271587e-15,0.0
3.440725680325305,0.0002231722702602753,4.1520272532813256e-15,0.0
3.479824835783547,0.00020884128600903614,4.153540345227441e-15,0.0
3.518923991241789,0.00010718789093568914,4.155184339690113e-15,0.0
3.558023146700031,0.00012511107506078166,4.156738323019519e-15,0.0
3.597122302158273,0.00022240104468903709,4.158375407140311e-15,0.0
3.6362214576165153,0.0002098636038060367,4.1600437166826314e-15,0.0
3.6753206130747573,0.00010953103334195583,4.1616538807587976e-15,0.0
3.7144197685329994,0.00012262350903886977,4.163362255018189e-15,0.0
3.7535189239912414,0.0002219290427043795,4.165028960828384e-15,0.0
3.792618079449484,0.00021034844545798225,4.166783750877929e-15,0.0
3.831717234907726,0.00011235983830483829,4.168453350210142e-15,0.0
3.870816390365968,0.00012076015028969146,4.1702285527658e-15,0.0
3.90991554582421,0.0002207975282063089,4.17199873784577e-15,0.0
3.949014701282452,0.0002112350797544644,4.173781454543912e-15,0.0
3.988113856740694,0.00011477150771622898,4.175561192957629e-15,0.0
4.027213012198937,0.00012010821507211169,4.177407519373113e-15,0.0
4.066312167657179,0.0002183475218502711,4.179212759204526e-15,0.0
4.105411323115421,0.00021340444383868932,4.181073055405678e-15,0.0
4.144510478573663,0.0001159337990799259,4.182952507299688e-15,0.0
4.183609634031905,0.00012043155618684086,4.184833855817746e-15,0.0
4.222708789490147,0.0002147156013851371,4.186739967430991e-15,0.0
4.261807944948389,0.00021701777580053456,4.1886448967632225e-15,0.0
4.300907100406631,0.00011560099509066519,4.1906250645942306e-15,0.0
4.340006255864873,0.0001207498617432905,4.1925579689113546e-15,0.0
4.379105411323115,0.00021089665309118163,4.194524814956741e-15,0.0
4.418204566781357,0.00022128897213907132,4.1965363683889236e-15,0.0
4.457303722239599,0.000114368094052548,4.1985276021337856e-15,0.0
4.496402877697841,0.0001198466002634281,4.200566643749337e-15,0.0
4.535502033156083,0.00020834102438590705,4.202600539717323e-15,0.0
4.574601188614325,0.00022481517512008446,4.204697519417107e-15,0.0
4.6137003440725675,0.0001135881161073599,4.206737794018955e-15,0.0
4.65279949953081,0.00011684552169485731,4.208873383329451e-15,0.0
4.6918986549890525,0.00020819519666458823,4.210951985193198e-15,0.0
4.7309978104472945,0.00022623441756402775,4.213119870048947e-15,0.0
4.770096965905537,0.00011484472271819599,4.215247869620616e-15,0.0
4.809196121363779,0.00011162785962119722,4.2174269295803506e-15,0.0
4.848295276822021,0.000210544062878715,4.2196254303612e-15,0.0
4.887394432280263,0.00022488279719741648,4.221818908373621e-15,0.0
4.926493587738505,0.00011904354039284854,4.2240466158214e-15,0.0
4.965592743196747,0.00010504958375439335,4.22630160405682e-15,0.0
5.004691898654989,0.00021416790103410762,4.2285127582437164e-15,0.0
5.043791054113231,0.00022123776569061684,4.230848576852361e-15,0.0
5.082890209571473,0.00012569473127648417,4.233076604648909e-15,0.0
5.121989365029715,9.890173201784453e-05,4.23544877410371e-15,0.0
5.161088520487957,0.00021702001833884043,4.237729198926475e-15,0.0
5.200187675946199,0.00021699726381106395,4.240107742756246e-15,0.0
5.239286831404441,0.00013303422019603816,4.2424672902593745e-15,0.0
5.278385986862683,9.536925689360429e-05,4.244847227669002e-15,0.0
5.317485142320925,0.00021711563401250147,4.247223576045354e-15,0.0
5.356584297779167,0.00021459670830365342,4.2496573726417794e-15,0.0
5.39568345323741,0.00013883758563514538,4.2521036750869955e-15,0.0
5.434782608695652,9.580749376690621e-05,4.2545092305525575e-15,0.0
5.473881764153894,0.00021339298281561664,4.257012014600425e-15,0.0
5.512980919612136,0.00021606402709292886,4.259497779697311e-15,0.0
5.5520800750703785,0.00014131179182426447,4.2620046662631306e-15,0.0
5.5911792305286205,9.959884179745979e-05,4.264503539477011e-15,0.0
5.630278385986863,0.00020630584312996607,4.2670687598394025e-15,0.0
5.669377541445105,0.00022169214203756926,4.2696299231496e-15,0.0
5.708476696903347,0.00013977207852169064,4.272189404025293e-15,0.0
5.747575852361589,0.00010439727042317838,4.2747741825323625e-15,0.0
5.786675007819831,0.00019800181731346986,4.2773897576360804e-15,0.0
5.825774163278073,0.00022958539226316084,4.280026616010438e-15,0.0
5.864873318736315,0.0001351091420631993,4.282669010169788e-15,0.0
5.903972474194557,0.00010745348862663436,4.285354024802748e-15,0.0
5.943071629652799,0.00019179997386865413,4.2879837066042315e-15,0.0
5.982170785111041,0.0002365404370340854,4.290743620426855e-15,0.0
6.021269940569283,0.00012995450699325738,4.29341404563315e-15,0.0
6.060369096027525,0.0001067232020778896,4.2961571775794605e-15,0.0
6.099468251485768,0.0001906529106456937,4.298909426691537e-15,0.0
6.13856740694401,0.00023954412075983029,4.301692430505386e-15,0.0
6.177666562402252,0.00012804258376901217,4.304424058403927e-15,0.0
6.216765717860494,0.00010140813433185615,4.307309788695793e-15,0.0
6.255864873318736,0.00019514388173375434,4.310086082852577e-15,0.0
6.294964028776978,0.0002370380387822988,4.3129250112284495e-15,0.0
6.33406318423522,0.00013217706965678433,4.315768360421954e-15,0.0
6.3731623396934625,9.222443265574698e-05,4.3186804117076615e-15,0.0
6.4122614951517045,0.00020281233689553723,4.321510520599807e-15,0.0
6.451360650609947,0.00022966016158842409,4.324498530388791e-15,0.0
6.490459806068189,0.00014195544655374592,4.327379557116767e-15,0.0
6.529558961526431,8.161267938953473e-05,4.330322462995226e-15,0.0
6.568658116984673,0.0002095864318223075,4.3333125107720745e-15,0.0
6.607757272442915,0.00022037825661601047,4.3362577101175225e-15,0.0
6.646856427901157,0.00015393291187502416,4.339247808077802e-15,0.0
6.685955583359399,7.365265014143131e-05,4.342296290966476e-15,0.0
6.725054738817641,0.00021186157144293728,4.345324767460393e-15,0.0
6.764153894275883,0.00021367642577175202,4.348344007592589e-15,0.0
6.803253049734126,0.00016388803616387504,4.3514182426387046e-15,0.0
6.842352205192368,7.236977953531175e-05,4.3545294767281744e-15,0.0
6.88145136065061,0.00020788470690488446,4.357612465264904e-15,0.0
6.920550516108852,0.00021339196711011582,4.3607504908952195e-15,0.0
6.959649671567094,0.00016872586351582652,4.363859965344126e-15,0.0
6.998748827025336,7.808100361127256e-05,4.3670318522124345e-15,0.0
7.037847982483578,0.00019833500617794805,4.370180020150586e-15,0.0
7.07694713794182,0.00022010117606809101,4.3734044626672614e-15,0.0
7.116046293400062,0.00016736248533151695,4.376591023054577e-15,0.0
7.155145448858304,8.691570549201929e-05,4.379844500651797e-15,0.0
7.194244604316546,0.00018628669394277352,4.38305767205519e-15,0.0
7.2333437597747885,0.00023059175146348664,4.386339234571478e-15,0.0
7.2724429152330305,0.00016103506001821158,4.38960173199482e-15,0.0
7.311542070691273,9.44445544360646e-05,4.392904352437926e-15,0.0
7.350641226149515,0.00017634554701859538,4.396229689291167e-15,0.0
7.389740381607757,0.00024006172235294535,4.399561254080273e-15,0.0
7.428839537065999,0.00015316711117894008,4.4029023922977556e-15,0.0
7.467938692524241,9.784920506249566e-05,4.406285585024828e-15,0.0
7.507037847982483,0.00017249549102499152,4.409659419451276e-15,0.0
7.546137003440726,0.0002447180641700123,4.413054712087061e-15,0.0
7.585236158898968,0.00014833343025837554,4.416468374348177e-15,0.0
7.62433531435721,9.615794556850461e-05,4.41993700891297e-15,0.0
7.663434469815452,0.00017541258304882947,4.4233313707470045e-15,0.0
7.702533625273694,0.00024318454823585758,4.426867857138082e-15,0.0
7.741632780731936,0.00014982930231510793,4.430303868323301e-15,0.0
7.780731936190178,9.007244841008238e-05,4.4338363950390945e-15,0.0
7.81983109164842,0.00018197949114931658,4.437361583061727e-15,0.0
7.858930247106662,0.00023677806889393227,4.4409230067574044e-15,0.0
7.898029402564904,0.00015726060142498983,4.444461882527175e-15,0.0
7.937128558023146,8.179625897563437e-05,4.448013693450749e-15,0.0
7.976227713481388,0.00018772095576656978,4.451637191230269e-15,0.0
8.015326868939631,0.00022890572246144554,4.4552677402475745e-15,0.0
8.054426024397873,0.0001670278257496715,4.4588436826456034e-15,0.0
8.093525179856115,7.463975338399924e-05,4.462539443210755e-15,0.0
8.132624335314357,0.00018941357432249227,4.466175173367835e-15,0.0
8.1717234907726,0.00022353652209057865,4.46985283782149e-15,0.0
8.210822646230842,0.000175086320100144,4.473602123903871e-15,0.0
8.249921801689084,7.1720589714114e-05,4.477292584097567e-15,0.0
8.289020957147326,0.00018620560197836434,4.481021247211875e-15,0.0
8.328120112605568,0.0002230383257866113,4.4847720912475095e-15,0.0
8.36721926806381,0.00017905018622910835,4.4885709754795565e-15,0.0
8.406318423522052,7.374290384866227e-05,4.492356119476543e-15,0.0
8.445417578980294,0.00017954254531082445,4.49614241454134e-15,0.0
8.484516734438536,0.0002267858794815516,4.49996286432551e-15,0.0
8.523615889896778,0.00017883765953385786,4.503838571636156e-15,0.0
8.56271504535502,7.84524485737926e-05,4.507695828031137e-15,0.0
8.601814200813262,0.0001723045577865206,4.511523383023003e-15,0.0
8.640913356271504,0.00023191199295497867,4.515482320921214e-15,0.0
8.680012511729746,0.00017633072192920694,4.519335020675653e-15,0.0
8.719111667187988,8.281785310848001e-05,4.523286886743788e-15,0.0
8.75821082264623,0.0001672824387750663,4.527248779330916e-15,0.0
8.797309978104472,0.00023544167753911414,4.531217106238597e-15,0.0
8.836409133562714,0.00017428283524714597,4.5351632913269385e-15,0.0
8.875508289020956,8.495960063313268e-05,4.5391988653846465e-15,0.0
8.914607444479199,0.0001655381234973093,4.543226153283061e-15,0.0
8.95370659993744,0.00023597800743950257,4.5472179912844795e-15,0.0
8.992805755395683,0.00017470807298532157,4.551324137581658e-15,0.0
9.031904910853925,8.463752355929785e-05,4.555359455921393e-15,0.0
9.071004066312167,0.00016589792540583294,4.5594698872361035e-15,0.0
9.110103221770409,0.00023413946934155007,4.563544343888394e-15,0.0
9.14920237722865,0.00017765518014599028,4.567702473556154e-15,0.0
9.188301532686893,8.299066500809886e-05,4.571829334378957e-15,0.0
9.227400688145135,0.00016611768351690727,4.575999365281194e-15,0.0
9.266499843603377,0.00023186225889543528,4.580159563263342e-15,0.0
9.30559899906162,0.00018144040957226106,4.5843250693858554e-15,0.0
9.344698154519863,8.182317357403525e-05,4.588616132353825e-15,0.0
9.383797309978105,0.0001645908765737783,4.592789867976191e-15,0.0
9.422896465436347,0.00023098492728018324,4.597063195833462e-15,0.0
9.461995620894589,0.0001841122674848425,4.601321283811547e-15,0.0
9.501094776352831,8.24593297185825e-05,4.605605325293027e-15,0.0
9.540193931811073,0.00016131915341263654,4.60991620896582e-15,0.0
9.579293087269315,0.00023191833882810152,4.6142153212294385e-15,0.0
9.618392242727557,0.00018487326077488221,4.6185734096405e-15,0.0
9.6574913981858,8.47634013177866e-05,4.622918755788706e-15,0.0
9.696590553644041,0.00015778387643102779,4.6273032207553725e-15,0.0
9.735689709102283,0.00023338657178565884,4.6316507988792914e-15,0.0
9.774788864560525,0.00018459881119363734,4.6361142922927315e-15,0.0
9.813888020018767,8.726847701992256e-05,4.640532780097124e-15,0.0
9.85298717547701,0.00015586367863209392,4.644955009602266e-15,0.0
9.892086330935252,0.0002334435956854946,4.649432214174415e-15,0.0
9.931185486393494,0.00018526448045757147,4.6539164358776854e-15,0.0
9.970284641851736,8.826818746143821e-05,4.658412408814978e-15,0.0
10.009383797309978,0.0001563502477844751,4.662887557381793e-15,0.0
10.04848295276822,0.00023092219655155153,4.667465745999655e-15,0.0
10.087582108226462,0.0001885187764044864,4.671987100244e-15,0.0
10.126681263684704,8.688646693065298e-05,4.6765695641297045e-15,0.0
10.165780419142946,0.00015817670689581266,4.681111308687929e-15,0.0
10.204879574601188,0.00022636368639601437,4.685784988505183e-15,0.0
10.24397873005943,0.00019429883416991858,4.690376992868651e-15,0.0
10.283077885517672,8.3663370773181e-05,4.695004934880306e-15,0.0
10.322177040975914,0.00015906846365695785,4.6996424834815015e-15,0.0
10.361276196434156,0.00022195251583070986,4.7043363353528016e-15,0.0
10.400375351892398,0.00020067257520711427,4.709030933243098e-15,0.0
10.43947450735064,8.060871308547634e-05,4.713759713358252e-15,0.0
10.478573662808882,0.0001569669899893022,4.718443539491693e-15,0.0
10.517672818267124,0.0002203510784315153,4.723221677379897e-15,0.0
10.556771973725366,0.0002050200307979413,4.727966300889964e-15,0.0
10.595871129183609,8.040082595812826e-05,4.73275877380391e-15,0.0
10.63497028464185,0.00015118022957253118,4.737550106870509e-15,0.0
10.674069440100093,0.00022290147386361728,4.742345061823251e-15,0.0
10.713168595558335,0.0002055292705614017,4.747218012280503e-15,0.0
10.752267751016579,8.452698916755938e-05,4.752055091011777e-15,0.0
10.79136690647482,0.00014285495794455664,4.756939631144911e-15,0.0
10.830466061933063,0.0002285158363271034,4.7617885324762524e-15,0.0
10.869565217391305,0.0002021650929443855,4.766738031081317e-15,0.0
10.908664372849547,9.191444601760867e-05,4.771642040457196e-15,0.0
10.947763528307789,0.00013471529991024243,4.776578885101212e-15,0.0
10.98686268376603,0.00023429715114320864,4.781565846729307e-15,0.0
11.025961839224273,0.0001968568724720511,4.786546817383203e-15,0.0
11.065060994682515,9.98047752850876e-05,4.791503878843936e-15,0.0
11.104160150140757,0.00012988433091087965,4.796547425700708e-15,0.0
11.143259305598999,0.0002372557761668027,4.801553991612947e-15,0.0
11.182358461057241,0.00019278988289835887,4.806640746589921e-15,0.0
11.221457616515483,0.00010554094176677379,4.811676360405255e-15,0.0
11.260556771973725,0.0001299316775667032,4.816810530176019e-15,0.0
11.299655927431967,0.00023578138629376822,4.8218537814305245e-15,0.0
11.33875508289021,0.00019277740670206101,4.827015324035295e-15,0.0
11.377854238348451,0.00010760392364884082,4.8321665514824e-15,0.0
11.416953393806693,0.0001336580076594124,4.837286772912654e-15,0.0
11.456052549264935,0.00023027137276505005,4.8424753705820474e-15,0.0
11.495151704723177,0.00019747836918160186,4.847672309664112e-15,0.0
11.53425086018142,0.00010593411759476867,4.852894549342791e-15,0.0
11.573350015639662,0.00013805824826208234,4.858092886402323e-15,0.0
11.612449171097904,0.00022292144576485537,4.863376647327083e-15,0.0
11.651548326556146,0.00020500545664973142,4.868614108386338e-15,0.0
11.690647482014388,0.00010190172921143586,4.873899348694329e-15,0.0
11.72974663747263,0.00014029526400666473,4.879253492337253e-15,0.0
11.768845792930872,0.00021675487105565333,4.8845102673872644e-15,0.0
11.807944948389114,0.0002123008423633894,4.889872329174325e-15,0.0
11.847044103847356,9.793040079538345e-05,4.895229382498708e-15,0.0
11.886143259305598,0.0001389198265001614,4.900603214104898e-15,0.0
11.92524241476384,0.00021410760669678905,4.905992654403263e-15,0.0
11.964341570222082,0.0002168857270795086,4.911418157503981e-15,0.0
12.003440725680324,9.653164929926911e-05,4.916840942363157e-15,0.0
12.042539881138566,0.00013411776474417153,4.9222691657831515e-15,0.0
12.081639036596808,0.00021535362337668398,4.927759805195325e-15,0.0
12.12073819205505,0.0002178324537382982,4.933200105827092e-15,0.0
12.159837347513294,9.8882143586861e-05,4.938751418922808e-15,0.0
12.198936502971536,0.00012738913810628766,4.944229461930161e-15,0.0
12.238035658429778,0.00021888603779099576,4.949807110410315e-15,0.0
12.27713481388802,0.00021585490713893246,4.955323191941326e-15,0.0
12.316233969346262,0.00010412585162157217,4.960943589715145e-15,0.0
12.355333124804504,0.00012086787112116878,4.966505936536743e-15,0.0
12.394432280262746,0.00022232450749914924,4.972112895959e-15,0.0
12.433531435720989,0.0002127713166783714,4.977742064635018e-15,0.0
12.47263059117923,0.00011022868667277977,4.9834302764898346e-15,0.0
12.511729746637473,0.00011637836740511064,4.989032776195085e-15,0.0
12.550828902095715,0.0002238429186134828,4.994755513850847e-15,0.0
12.589928057553957,0.00021059013017949956,5.000469299602881e-15,0.0
12.629027213012199,0.000115332500388147,5.006124920990984e-15,0.0
12.66812636847044,0.00011457765558906285,5.011954142594768e-15,0.0
12.707225523928683,0.0002228118458953594,5.0176712009233356e-15,0.0
12.746324679386925,0.00021057993600866672,5.0234036227545505e-15,0.0
12.785423834845167,0.00011847039929056286,5.02925863830608e-15,0.0
12.824522990303409,0.00011479203071050325,5.035026143861541e-15,0.0
12.863622145761651,0.00021973169782544343,5.040884025761776e-15,0.0
12.902721301219893,0.00021281116032699314,5.046723224894843e-15,0.0
12.941820456678135,0.0001196189344298871,5.0526064380415926e-15,0.0
12.980919612136377,0.00011566706957989576,5.058458278226152e-15,0.0
13.02001876759462,0.0002157600661798952,5.064365431341893e-15,0.0
13.059117923052861,0.00021640114290645226,5.0703424085977104e-15,0.0
13.098217078511103,0.00011942704589035657,5.0762072443686874e-15,0.0
13.137316233969345,0.0001159689513129655,5.0821947852256274e-15,0.0
13.176415389427587,0.00021214413049334721,5.088196260401974e-15,0.0
13.21551454488583,0.0002201454701119307,5.094195561555381e-15,0.0
13.254613700344072,0.00011885727911857967,5.100158741754444e-15,0.0
13.293712855802314,0.00011497064066943316,5.106243806475457e-15,0.0
13.332812011260556,0.00020979665009837853,5.11225327655155e-15,0.0
13.371911166718798,0.00022302775618111639,5.118374384651242e-15,0.0
13.41101032217704,0.00011887606414125263,5.12441448143933e-15,0.0
13.450109477635282,0.00011244230101992481,5.130550806652079e-15,0.0
13.489208633093524,0.00020911837439114802,5.136663889071263e-15,0.0
13.528307788551766,0.0002244103022536052,5.142846762975128e-15,0.0
13.567406944010008,0.00012024838212066553,5.148992242013166e-15,0.0
13.606506099468252,0.0001085216348349511,5.1551323581690146e-15,0.0
13.645605254926494,0.00020999707478428596,5.161364309515584e-15,0.0
13.684704410384736,0.0002240444068725656,5.167599418351919e-15,0.0
13.723803565842978,0.00012339481350102133,5.173836733944745e-15,0.0
13.76290272130122,0.00010366766861979962,5.1800536902706664e-15,0.0
13.802001876759462,0.0002118469322917885,5.1864040902215e-15,0.0
13.841101032217704,0.00022210791007434353,5.19262147185062e-15,0.0
13.880200187675946,0.00012824163792327892,5.199036175494413e-15,0.0
13.919299343134188,9.872231654578381e-05,5.205230865998452e-15,0.0
13.95839849859243,0.00021366032695204474,5.211672568123368e-15,0.0
13.997497654050672,0.00021932783382388468,5.218056129862244e-15,0.0
14.036596809508914,0.00013410226224135015,5.2243625781729326e-15,0.0
14.075695964967156,9.491026850339543e-05,5.230826886778596e-15,0.0
14.114795120425399,0.00021417728932523225,5.237254252834442e-15,0.0
14.15389427588364,0.00021702871576649156,5.243646418781681e-15,0.0
14.192993431341883,0.0001397354098897929,5.250184617438651e-15,0.0
14.232092586800125,9.349190566800198e-05,5.256612182145913e-15,0.0
14.271191742258367,0.00021226178960801043,5.2631469457358835e-15,0.0
14.310290897716609,0.00021682394074153228,5.269631382653559e-15,0.0
14.34939005317485,0.0001436662092147504,5.276173921216413e-15,0.0
14.388489208633093,9.500347387280276e-05,5.282787536077914e-15,0.0
14.427588364091335,0.00020743278521061036,5.2892802027096676e-15,0.0
14.466687519549577,0.00021983052120463068,5.295916997777389e-15,0.0
14.505786675007819,0.000144706766534156,5.302516279360045e-15,0.0
14.544885830466061,9.86532744052172e-05,5.309175946567085e-15,0.0
14.583984985924303,0.00020036051933636884,5.315781416263972e-15,0.0
14.623084141382545,0.00022579893477355314,5.322515978017464e-15,0.0
14.662183296840787,0.00014253511225920524,5.329174523996231e-15,0.0
14.70128245229903,0.00010255708588686109,5.335900626742156e-15,0.0
14.740381607757271,0.0001930364648882224,5.342613916264922e-15,0.0
14.779480763215513,0.00023290072459098473,5.349365357497686e-15,0.0
14.818579918673755,0.0001381709212284103,5.356117664137179e-15,0.0
14.857679074131998,0.00010459380518525237,5.362969066818943e-15,0.0
14.89677822959024,0.00018823983464336415,5.3697004249504244e-15,0.0
14.935877385048482,0.00023845658024280536,5.376551679882383e-15,0.0
14.974976540506724,0.0001340784311704921,5.383406811462424e-15,0.0
15.014075695964966,0.00010320582062790424,5.390271448760703e-15,0.0
15.05317485142321,0.00018811440044036123,5.397128325166106e-15,0.0
15.092274006881452,0.00024012884096073688,5.404056150295607e-15,0.0
15.131373162339694,0.00013339773543995684,5.4109866560141736e-15,0.0
15.170472317797936,9.789640117206028e-05,5.417902551098669e-15,0.0
15.209571473256178,0.00019259256660746575,5.424882622672397e-15,0.0
15.24867062871442,0.0002369706939095757,5.431868503485125e-15,0.0
15.287769784172662,0.00013807544835184494,5.438841812406124e-15,0.0
15.326868939630904,8.951563712766456e-05,5.445860624797428e-15,0.0
15.365968095089146,0.00019916555376507295,5.452914445082517e-15,0.0
15.405067250547388,0.0002300153950832498,5.459949736321776e-15,0.0
15.44416640600563,0.00014724060224644237,5.467072576880055e-15,0.0
15.483265561463872,8.039423406703206e-05,5.474128954167496e-15,0.0
15.522364716922114,0.00020429234484626357,5.481237901974337e-15,0.0
15.561463872380356,0.00022220175022085166,5.488402018590398e-15,0.0
15.600563027838598,0.00015770754955775443,5.495557484441786e-15,0.0
15.63966218329684,7.400916932770758e-05,5.5026772486085995e-15,0.0
15.678761338755082,0.00020514398299143388,5.509916862047521e-15,0.0
15.717860494213324,0.0002173336624687704,5.517130391409123e-15,0.0
15.756959649671566,0.0001659245093078151,5.524351857590794e-15,0.0
15.796058805129809,7.326977097283992e-05,5.531597578076348e-15,0.0
15.83515796058805,0.00020069853364670175,5.538876738403366e-15,0.0
15.874257116046293,0.0002180562743950361,5.546149985841641e-15,0.0
15.913356271504535,0.0001695389370653358,5.553486206660224e-15,0.0
15.952455426962777,7.793698768276924e-05,5.560803374750995e-15,0.0
15.991554582421019,0.00019209571676844406,5.568191988918881e-15,0.0
16.030653737879263,0.0002240562988029827,5.575524887393796e-15,0.0
16.069752893337505,0.00016811722060666351,5.582945653565185e-15,0.0
16.108852048795747,8.479528707082426e-05,5.59031954363194e-15,0.0
16.14795120425399,0.000182319324292452,5.5977690066948555e-15,0.0
16.18705035971223,0.00023227094847133885,5.605241195922729e-15,0.0
16.226149515170473,0.00016326225912560512,5.6126505752520325e-15,0.0
16.265248670628715,9.036771304271805e-05,5.6202225921499536e-15,0.0
16.304347826086957,0.0001750461893867082,5.627670610217827e-15,0.0
16.3434469815452,0.00023890483099036077,5.635269445854379e-15,0.0
16.38254613700344,0.00015812929021184725,5.6427360076037614e-15,0.0
16.421645292461683,9.254737531157673e-05,5.650384793934922e-15,0.0
16.460744447919925,0.00017268774691757787,5.657856442392224e-15,0.0
16.499843603378167,0.00024140835568822698,5.665623736982836e-15,0.0
16.53894275883641,0.00015607577893221887,5.673125389119378e-15,0.0
16.57804191429465,9.085695481014557e-05,5.6808906089409824e-15,0.0
16.617141069752893,0.00017481041328062783,5.6884394733845e-15,0.0
16.656240225211135,0.00023941454288292372,5.696174104161551e-15,0.0
16.695339380669378,0.0001586952301873776,5.703902819809825e-15,0.0
16.73443853612762,8.629326909641276e-05,5.711631449639025e-15,0.0
16.77353769158586,0.0001785894495348061,5.719380647854553e-15,0.0
16.812636847044104,0.00023466478385365038,5.727136201033222e-15,0.0
16.851736002502346,0.0001647844424787019,5.734957316907163e-15,0.0
16.890835157960588,8.099842401578106e-05,5.742739011823016e-15,0.0
16.92993431341883,0.00018084837838571875,5.750589821744404e-15,0.0
16.969033468877072,0.00023008409493859296,5.758431075069531e-15,0.0
17.008132624335314,0.00017141584370637824,5.76630830249256e-15,0.0
17.047231779793556,7.750656672630515e-05,5.774204287498586e-15,0.0
17.086330935251798,0.00017978439686294442,5.7821515208091425e-15,0.0
17.12543009071004,0.00022820895094235652,5.790023825039061e-15,0.0
17.164529246168282,0.00017593163151849087,5.798004606247798e-15,0.0
17.203628401626524,7.737445803412633e-05,5.805992030109618e-15,0.0
17.242727557084766,0.0001755735139478138,5.81398356527001e-15,0.0
17.28182671254301,0.00022970623916216746,5.822022684510571e-15,0.0
17.32092586800125,0.00017724865185335652,5.830034177170491e-15,0.0
17.360025023459492,8.009181913602987e-05,5.83812995121696e-15,0.0
17.399124178917734,0.00017004009066600868,5.846180676120465e-15,0.0
17.438223334375976,0.0002331060058610965,5.854276499333895e-15,0.0
17.47732248983422,0.00017613716243986382,5.862418212678173e-15,0.0
17.51642164529246,8.362947866632666e-05,5.870548120900483e-15,0.0
17.555520800750703,0.00016561947301382783,5.878692194558004e-15,0.0
17.594619956208945,0.00023596791471728666,5.886908710137774e-15,0.0
17.633719111667187,0.00017467253447499617,5.895076256034684e-15,0.0
17.67281826712543,8.595301752048247e-05,5.903347238003052e-15,0.0
17.71191742258367,0.00016393057121959236,5.911525047717152e-15,0.0
17.751016578041913,0.00023643243740500362,5.919849799259141e-15,0.0
17.790115733500155,0.0001750443902532881,5.92814331134799e-15,0.0
17.829214888958397,8.60081441228636e-05,5.936397570141268e-15,0.0
17.86831404441664,0.00016479044690494637,5.944763413536012e-15,0.0
17.90741319987488,0.00023414077336734646,5.95312585366283e-15,0.0
17.946512355333123,0.00017822355492582304,5.961470140483312e-15,0.0
17.985611510791365,8.396071175964801e-05,5.96986611124604e-15,0.0
18.024710666249607,0.00016649986002712056,5.978282841319648e-15,0.0
18.06380982170785,0.000230254615237921,5.986689783118745e-15,0.0
18.10290897716609,0.00018342568670195704,5.995166724729142e-15,0.0
18.142008132624333,8.100557398313069e-05,6.003657943751443e-15,0.0
18.181107288082575,0.00016707879928596906,6.0121337765575706e-15,0.0
18.220206443540818,0.00022672473536192384,6.020662334670089e-15,0.0
18.25930559899906,0.0001888030983336289,6.02921840954005e-15,0.0
18.2984047544573,7.882795919201767e-05,6.037815829656199e-15,0.0
18.337503909915544,0.00016537885775226325,6.046326109675596e-15,0.0
18.376603065373786,0.00022516218660688863,6.055008959300569e-15,0.0
18.415702220832028,0.00019266339485191544,6.063597558955512e-15,0.0
18.45480137629027,7.872853371006613e-05,6.072272662944595e-15,0.0
18.493900531748512,0.00016149582010317455,6.080902861933008e-15,0.0
18.532999687206754,0.00022593961451821052,6.089637848172906e-15,0.0
18.572098842664996,0.00019430749949631484,6.098322941150995e-15,0.0
18.61119799812324,8.085023874815138e-05,6.10708523462726e-15,0.0
18.650297153581484,0.00015652444000090808,6.115798312530001e-15,0.0
18.689396309039726,0.00022813817861682916,6.124674891210931e-15,0.0
18.728495464497968,0.0001941787341624913,6.133394495293919e-15,0.0
18.76759461995621,8.422892227676735e-05,6.1421719676823075e-15,0.0
18.806693775414452,0.00015188881881632492,6.151159501721058e-15,0.0
18.845792930872694,0.00023030611976796508,6.15987373249787e-15,0.0
18.884892086330936,0.00019344229938143863,6.168866994388475e-15,0.0
18.923991241789178,8.759096612991308e-05,6.177758840104393e-15,0.0
18.96309039724742,0.00014857055937091905,6.186650814853548e-15,0.0
19.002189552705662,0.00023135800840522782,6.195616367783092e-15,0.0
19.041288708163904,0.0001932738440585157,6.204620369459939e-15,0.0
19.080387863622146,9.009027135478361e-05,6.213529204154298e-15,0.0
19.11948701908039,0.0001466672447150527,6.22265990302343e-15,0.0
19.15858617453863,0.00023102809073685806,6.2316148108589e-15,0.0
19.197685329996872,0.0001942484317736715,6.240711766095357e-15,0.0
19.236784485455114,9.156114927999264e-05,6.249820492881877e-15,0.0
19.275883640913356,0.00014555604853734228,6.2588823298165575e-15,0.0
19.3149827963716,0.0002297619819775919,6.268050628699831e-15,0.0
19.35408195182984,0.0001961890624648176,6.277194662068343e-15,0.0
19.393181107288083,9.237025520697373e-05,6.2863598962441306e-15,0.0
19.432280262746325,0.00014445489232462158,6.2956023315972914e-15,0.0
19.471379418204567,0.00022826493372427788,6.304762830206756e-15,0.0
19.51047857366281,0.0001985020316926858,6.314059034604598e-15,0.0
19.54957772912105,9.306914289908463e-05,6.323319264773354e-15,0.0
19.588676884579293,0.0001428979490858662,6.332573523912983e-15,0.0
19.627776040037535,0.00022704400691041842,6.341913509654091e-15,0.0
19.666875195495777,0.00020065639640075669,6.351269882007981e-15,0.0
19.70597435095402,9.405610148190556e-05,6.360591931816136e-15,0.0
19.74507350641226,0.0001408470585408509,6.369995055016887e-15,0.0
19.784172661870503,0.0002262202869564634,6.3794067869436056e-15,0.0
19.823271817328745,0.00020244171367095632,6.388804269835511e-15,0.0
19.862370972786987,9.543573705082136e-05,6.398315849794182e-15,0.0
19.90147012824523,0.0001385010588464433,6.407692233781544e-15,0.0
19.94056928370347,0.0002256576776201422,6.4172544431050235e-15,0.0
19.979668439161713,0.0002039078866680816,6.426787837630341e-15,0.0
20.018767594619955,9.712289640303605e-05,6.43629501488696e-15,0.0
20.057866750078198,0.00013604215373415774,6.4458178589251895e-15,0.0
20.09696590553644,0.0002252077923981854,6.4554397960069445e-15,0.0
20.13606506099468,0.0002051510072786595,6.465053538926741e-15,0.0
20.175164216452924,9.903825097096806e-05,6.474652448017918e-15,0.0
20.214263371911166,0.0001335360327442537,6.484314452447688e-15,0.0
20.253362527369408,0.00022482160848462368,6.494012168272131e-15,0.0
20.29246168282765,0.00020618537620791362,6.503703250049803e-15,0.0
20.331560838285892,0.0001011879070091772,6.513387859353567e-15,0.0
20.370659993744134,0.00013103124446327315,6.5231593658587234e-15,0.0
20.409759149202376,0.00022445323113096628,6.532962561686753e-15,0.0
20.448858304660618,0.00020701807538648327,6.542709474935224e-15,0.0
20.48795746011886,0.00010355815686760728,6.552566857924826e-15,0.0
20.527056615577102,0.00012870909771833802,6.562397868665973e-15,0.0
20.566155771035344,0.00022390224320273147,6.572227614652858e-15,0.0
20.605254926493586,0.00020782719032490688,6.582156932676965e-15,0.0
20.64435408195183,0.00010594948636347796,6.592071233915027e-15,0.0
20.68345323741007,0.00012687798208221938,6.60197967346239e-15,0.0
20.722552392868312,0.00022281361921384744,6.611969139932157e-15,0.0
20.761651548326554,0.00020901851877264168,6.6219509049939984e-15,0.0
20.800750703784797,0.00010795189230089151,6.631972652456718e-15,0.0
20.83984985924304,0.00012574094549960846,6.642006390065987e-15,0.0
20.87894901470128,0.0002209162683544125,6.6520297686958585e-15,0.0
20.918048170159523,0.00021101191976996211,6.6621518664829355e-15,0.0
20.957147325617765,0.00010915436315674543,6.672214853214822e-15,0.0
20.996246481076007,0.00012510044149968333,6.682344512860225e-15,0.0
21.03534563653425,0.00021835397883828388,6.692515794987138e-15,0.0
21.07444479199249,0.00021385236168787987,6.702698904251242e-15,0.0
21.113543947450733,0.00010948792263056455,6.712886060381191e-15,0.0
21.152643102908975,0.000124288478540786,6.723105409163878e-15,0.0
21.191742258367217,0.00021583063298144094,6.733359319198742e-15,0.0
21.23084141382546,0.0002169634755478395,6.743640328140225e-15,0.0
21.2699405692837,0.00010947804632352249,6.753921783455526e-15,0.0
21.309039724741943,0.00012245645265682287,6.764296394145091e-15,0.0
21.348138880200185,0.00021434896962119955,6.774595145305162e-15,0.0
21.387238035658427,0.00021931875670343058,6.7849503088198805e-15,0.0
21.42633719111667,0.00011016345173949186,6.7953516500931234e-15,0.0
21.465436346574915,0.00011907263299068149,6.80581188452407e-15,0.0
21.504535502033157,0.0002145812777033284,6.816228779915283e-15,0.0
21.5436346574914,0.0002199938821219584,6.8266878627554084e-15,0.0
21.58273381294964,0.00011255493770362831,6.837198624715278e-15,0.0
21.621832968407883,0.00011434716414022957,6.847704504967405e-15,0.0
21.660932123866125,0.00021627409520186071,6.858266663583236e-15,0.0
21.700031279324367,0.0002187848726188214,6.8687913199143485e-15,0.0
21.73913043478261,0.00011688159229874858,6.879402659160573e-15,0.0
21.77822959024085,0.00010934445148035393,6.8900378241545105e-15,0.0
21.817328745699093,0.00021820350225603696,6.9007033406659245e-15,0.0
21.856427901157335,0.0002165243626808836,6.911301382756941e-15,0.0
21.895527056615578,0.00012225709754446398,6.922075321963609e-15,0.0
21.93462621207382,0.00010559923523424878,6.932722572076159e-15,0.0
21.97372536753206,0.00021879655418793678,6.94352442451241e-15,0.0
22.012824522990304,0.00021482754721656054,6.9542990342754955e-15,0.0
22.051923678448546,0.00012711655246035308,6.965068363992183e-15,0.0
22.091022833906788,0.0001042267919211042,6.975874321504549e-15,0.0
22.13012198936503,0.00021701837372707205,6.9867504301869175e-15,0.0
22.169221144823272,0.00021523202234715016,6.997604984015919e-15,0.0
22.208320300281514,0.0001300668289765309,7.008545117910112e-15,0.0
22.247419455739756,0.00010505341555268714,7.019427960714648e-15,0.0
22.286518611197998,0.0002130147785108872,7.03040088030491e-15,0.0
22.32561776665624,0.00021815994180177906,7.0413333621302185e-15,0.0
22.364716922114482,0.00013061795931034045,7.052379104748473e-15,0.0
22.403816077572724,0.00010661769734948958,7.063326704018262e-15,0.0
22.442915233030966,0.0002081805689306825,7.0744598013362975e-15,0.0
22.48201438848921,0.00022251010542824833,7.085543849525317e-15,0.0
22.52111354394745,0.00012952019649182912,7.096604544750809e-15,0.0
22.560212699405692,0.00010708611029629205,7.107752884913862e-15,0.0
22.599311854863934,0.00020451244302875413,7.118913287993378e-15,0.0
22.638411010322177,0.00022628884542939243,7.13008078537389e-15,0.0
22.67751016578042,0.00012854649471760567,7.141312260499482e-15,0.0
22.71660932123866,0.00010526895246160814,7.152495683342147e-15,0.0
22.755708476696903,0.00020341730258192084,7.163864914689502e-15,0.0
22.794807632155145,0.00022780200707838617,7.175054579655652e-15,0.0
22.833906787613387,0.0001295910198396643,7.186381018811411e-15,0.0
22.87300594307163,0.00010119049622136689,7.19777171659078e-15,0.0
22.91210509852987,0.00020470185081596058,7.209054848429285e-15,0.0
22.951204253988113,0.00022663419364496375,7.22050871783902e-15,0.0
22.990303409446355,0.00013339528327314433,7.231962116703817e-15,0.0
23.029402564904597,9.6148778551485e-05,7.243340573512655e-15,0.0
23.06850172036284,0.00020661881749846074,7.254876587823881e-15,0.0
23.10760087582108,0.000223953845354449,7.266318720905919e-15,0.0
23.146700031279323,0.00013892361610401175,7.277867980061555e-15,0.0
23.185799186737565,9.220991886605965e-05,7.289468233672666e-15,0.0
23.224898342195807,0.00020697465411302916,7.300999996551177e-15,0.0
23.26399749765405,0.00022197153972066335,7.312595941980575e-15,0.0
23.30309665311229,0.00014403700293518453,7.324277613529585e-15,0.0
23.342195808570533,9.104666776021336e-05,7.335952317160229e-15,0.0
23.381294964028775,0.00020443589967920827,7.347560765897793e-15,0.0
23.420394119487018,0.00022264996684738785,7.359316506894657e-15,0.0
23.45949327494526,0.00014680797013371012,7.371097870511503e-15,0.0
23.4985924304035,9.268428331830723e-05,7.382823385685047e-15,0.0
23.537691585861744,0.00019929756803809012,7.394624675778573e-15,0.0
23.576790741319986,0.0002263483360563239,7.406491865856072e-15,0.0
23.615889896778228,0.0001465474309655605,7.418323792484379e-15,0.0
23.65498905223647,9.541822276280529e-05,7.430170531515049e-15,0.0
23.694088207694712,0.00019344365725796272,7.442150747601964e-15,0.0
23.733187363152954,0.00023148369706835843,7.454064171678729e-15,0.0
23.772286518611196,0.00014421034899320709,7.465993784327682e-15,0.0
23.811385674069438,9.701049107052282e-05,7.478013002747965e-15,0.0
23.85048482952768,0.00018943262299550578,7.490012062428989e-15,0.0
23.889583984985922,0.00023552658025990692,7.502096215519549e-15,0.0
23.928683140444164,0.00014208862381876993,7.514161260545117e-15,0.0
23.967782295902406,9.590912523223903e-05,7.526251774227146e-15,0.0
24.00688145136065,0.00018895149627478732,7.538369148992499e-15,0.0
24.04598060681889,0.00023648124416115332,7.55057410739219e-15,0.0
24.085079762277132,0.0001426656647571087,7.56279053875631e-15,0.0
24.124178917735374,9.182897691246596e-05,7.574930664677303e-15,0.0
24.163278073193617,0.0001916198333535722,7.587214880006392e-15,0.0
24.20237722865186,0.00023391478120341248,7.599531741114714e-15,0.0
24.2414763841101,0.0001470011143176671,7.611786858621067e-15,0.0
24.280575539568343,8.583052514999085e-05,7.624143888797775e-15,0.0
24.31967469502659,0.00019523866141762076,7.636481449189166e-15,0.0
24.35877385048483,0.00022917444192909617,7.648932209450344e-15,0.0
24.397873005943072,0.000153953673398347,7.661322306115471e-15,0.0
24.436972161401314,8.001304874898364e-05,7.673760876055874e-15,0.0
24.476071316859557,0.00019722891396854918,7.686236322675512e-15,0.0
24.5151704723178,0.0002247552127768584,7.69877732637529e-15,0.0
24.55426962777604,0.0001610495499658471,7.711291022460237e-15,0.0
24.593368783234283,7.664730873309954e-05,7.723889302243504e-15,0.0
24.632467938692525,0.00019602128498788296,7.736467622788201e-15,0.0
24.671567094150767,0.00022297269390806682,7.74905588234479e-15,0.0
24.71066624960901,0.00016604153816086664,7.761762343481043e-15,0.0
24.74976540506725,7.678355482193022e-05,7.774376307806423e-15,0.0
24.788864560525493,0.00019167279631621026,7.787158075610778e-15,0.0
24.827963715983735,0.00022459573878383534,7.799853774732911e-15,0.0
24.867062871441977,0.0001679564274236676,7.812674443295345e-15,0.0
24.90616202690022,7.949237564213928e-05,7.825408595663767e-15,0.0
24.94526118235846,0.00018567440939966885,7.83824931683844e-15,0.0
24.984360337816703,0.00022847999067925442,7.851223358041224e-15,0.0
25.023459493274945,0.0001673365738465917,7.864010837953713e-15,0.0
25.062558648733187,8.275383977474747e-05,7.876885127075045e-15,0.0
25.10165780419143,0.0001801112163127917,7.889957886759719e-15,0.0
25.14075695964967,0.00023251802345331768,7.902865691962976e-15,0.0
25.179856115107913,0.00016579817186782034,7.915906696199014e-15,0.0
25.218955270566155,8.489456894543417e-05,7.928947314837985e-15,0.0
25.258054426024398,0.0001764972243427027,7.942001939134804e-15,0.0
25.29715358148264,0.00023502288923792875,7.95514879701734e-15,0.0
25.33625273694088,0.00016508716595915737,7.968201807810772e-15,0.0
25.375351892399124,8.53034315795136e-05,7.981482224223376e-15,0.0
25.414451047857366,0.00017496182062581758,7.994534386066235e-15,0.0
25.453550203315608,0.00023554891816436016,8.007868428046313e-15,0.0
25.49264935877385,0.00016606643004802972,8.021049865441151e-15,0.0
25.531748514232092,8.44108026002726e-05,8.03445734862103e-15,0.0
25.570847669690334,0.0001744352734291313,8.047665691650393e-15,0.0
25.609946825148576,0.00023483146507251326,8.061108478677066e-15,0.0
25.649045980606818,0.00016833817988001794,8.074375264033364e-15,0.0
25.68814513606506,8.322934073396623e-05,8.087878152916287e-15,0.0
25.727244291523302,0.00017364632539917227,8.101269366937205e-15,0.0
25.766343446981544,0.0002340445175724784,8.114738342290289e-15,0.0
25.805442602439786,0.00017081345492162938,8.128274613326364e-15,0.0
25.84454175789803,8.265113988633023e-05,8.141841696332168e-15,0.0
25.88364091335627,0.00017206201761831412,8.15536949923386e-15,0.0
25.922740068814512,0.0002338734464016743,8.169010337194294e-15,0.0
25.961839224272754,0.0001726982540598663,8.182520974929803e-15,0.0
26.000938379730997,8.284163385993583e-05,8.196340285792757e-15,0.0
26.04003753518924,0.00017013140771521658,8.209937125838695e-15,0.0
26.07913669064748,0.00023404167724903514,8.223691700807912e-15,0.0
26.118235846105723,0.00017410957953726465,8.237491689258826e-15,0.0
26.157335001563965,8.318336581271964e-05,8.251220171387962e-15,0.0
26.196434157022207,0.00016876946024496644,8.265103944586562e-15,0.0
26.23553331248045,0.00023364077161284796,8.278954386240563e-15,0.0
26.27463246793869,0.00017593388225375377,8.292815975594955e-15,0.0
26.313731623396933,8.282115120937702e-05,8.306784374824446e-15,0.0
26.352830778855175,0.00016847160262137067,8.320646658481384e-15,0.0
26.391929934313417,0.0002319785236789443,8.33471369310793e-15,0.0
26.43102908977166,0.00017904169906940106,8.348741940390506e-15,0.0
26.4701282452299,8.136200661965733e-05,8.362748217013253e-15,0.0
26.509227400688143,0.00016873902655394844,8.376810641418018e-15,0.0
26.548326556146385,0.00022929286143167683,8.390981097624856e-15,0.0
26.587425711604627,0.00018342761791851394,8.405126628212054e-15,0.0
26.62652486706287,7.9296406162741e-05,8.419305373565008e-15,0.0
26.66562402252111,0.00016830617825528522,8.433511833221768e-15,0.0
26.704723177979353,0.00022681625173340874,8.44780962668816e-15,0.0
26.743822333437596,0.00018799717862820386,8.462016350260924e-15,0.0
26.782921488895838,7.791306254585089e-05,8.476414091527502e-15,0.0
26.82202064435408,0.00016598209613567932,8.49069828711193e-15,0.0
26.86111979981232,0.00022605909936481368,8.505122799069902e-15,0.0
26.900218955270564,0.00019120145147105106,8.519517217814095e-15,0.0
26.939318110728806,7.857777685367774e-05,8.534008655510779e-15,0.0
26.978417266187048,0.0001614878466146575,8.548443140622326e-15,0.0
27.01751642164529,0.00022770009708635936,8.563001298487942e-15,0.0
27.056615577103532,0.00019202220426072758,8.577528287077053e-15,0.0
27.095714732561774,8.166862747884404e-05,8.592142952307084e-15,0.0
27.134813888020016,0.00015580605731728303,8.606756071770669e-15,0.0
27.17391304347826,0.00023093168842025104,8.621421425352617e-15,0.0
27.213012198936504,0.0001906799957615228,8.636117698196606e-15,0.0
27.252111354394746,8.614207444204689e-05,8.650821012893203e-15,0.0
27.291210509852988,0.00015081608491325458,8.66560822124419e-15,0.0
27.33030966531123,0.0002338660240984986,8.680360714543566e-15,0.0
27.369408820769472,0.0001886894978631043,8.695255796242516e-15,0.0
27.408507976227714,9.021062413902622e-05,8.710058753868024e-15,0.0
27.447607131685956,0.00014822708850769015,8.72496554816856e-15,0.0
27.486706287144198,0.00023468492379267355,8.739933623758242e-15,0.0
27.52580544260244,0.00018811955036798802,8.754891906773046e-15,0.0
27.564904598060682,9.238573004390443e-05,8.769882870497237e-15,0.0
27.604003753518924,0.00014836360393513418,8.785000512492522e-15,0.0
27.643102908977166,0.00023271181771978091,8.799949718861581e-15,0.0
27.68220206443541,0.0001902976125287148,8.815149061958481e-15,0.0
27.72130121989365,9.217368479305408e-05,8.830295899865834e-15,0.0
27.760400375351892,0.00014985094557114808,8.84541005328123e-15,0.0
27.799499530810134,0.00022883361818924782,8.860729471004003e-15,0.0
27.838598686268377,0.00019483372490064585,8.875864874126062e-15,0.0
27.87769784172662,9.031914735373842e-05,8.891241982514904e-15,0.0
27.91679699718486,0.00015055508153351534,8.906475799620178e-15,0.0
27.955896152643103,0.00022507091198617227,8.921921282615209e-15,0.0
27.994995308101345,0.00019985834703877944,8.937335291000305e-15,0.0
28.034094463559587,8.85723670222343e-05,8.9526682744054e-15,0.0
28.07319361901783,0.00014891825795671117,8.968251808478047e-15,0.0
28.11229277447607,0.00022339247296587173,8.983660600633746e-15,0.0
28.151391929934313,0.0002032750693028078,8.99926487560753e-15,0.0
28.190491085392555,8.881227689101727e-05,9.014834893824869e-15,0.0
28.229590240850797,0.00014480150421281528,9.03045727287091e-15,0.0
28.26868939630904,0.00022438277670999818,9.04609495966657e-15,0.0
28.30778855176728,0.000204037901229643,9.061792231851496e-15,0.0
28.346887707225523,9.174387999092988e-05,9.07752520606208e-15,0.0
28.385986862683765,0.0001395698214215013,9.09327135617453e-15,0.0
28.425086018142007,0.00022678669082618215,9.109133925289887e-15,0.0
28.46418517360025,0.00020275991794362828,9.124918923140295e-15,0.0
28.50328432905849,9.628916189456049e-05,9.140809874611921e-15,0.0
28.542383484516733,0.00013539559318124304,9.15673513958167e-15,0.0
28.581482639974976,0.00022836595578089273,9.172686587468194e-15,0.0
28.620581795433218,0.00020142954779804568,9.18865923783367e-15,0.0
28.65968095089146,0.00010037109265957236,9.204761599772249e-15,0.0
28.6987801063497,0.00013390477945517812,9.220703187072474e-15,0.0
28.737879261807944,0.00022735649489812116,9.236883391835864e-15,0.0
28.776978417266186,0.00020225344431952708,9.253029514702609e-15,0.0
28.816077572724428,0.00010222417249770117,9.269216259473361e-15,0.0
28.85517672818267,0.00013494073683852268,9.285383617920484e-15,0.0
28.894275883640912,0.00022355772406067173,9.301691759874666e-15,0.0
28.933375039099154,0.00020613565112836756,9.318006431042922e-15,0.0
28.972474194557396,0.00010129940879171178,9.334279864937764e-15,0.0
29.011573350015638,0.00013658761775954314,9.350708777068422e-15,0.0
29.05067250547388,0.0002185773292142918,9.367066635750799e-15,0.0
29.089771660932122,0.0002119193972819953,9.383546783479937e-15,0.0
29.128870816390364,9.862928312138942e-05,9.400083737625726e-15,0.0
29.167969971848606,0.00013642735246087196,9.416530996068099e-15,0.0
29.20706912730685,0.00021509671932755497,9.433151512171914e-15,0.0
29.24616828276509,0.0002170755612223356,9.449776082561161e-15,0.0
29.285267438223332,9.661962058557564e-05,9.466352909326668e-15,0.0
29.324366593681574,0.0001328788883332871,9.48311803921195e-15,0.0
29.363465749139817,0.00021530531293528614,9.499774410893538e-15,0.0
29.40256490459806,0.0002191915885208724,9.516599080104034e-15,0.0
29.4416640600563,9.792995396441806e-05,9.533401822035433e-15,0.0
29.480763215514543,0.00012592658860130206,9.550276393793757e-15,0.0
29.519862370972785,0.0002193691139980586,9.567126028442737e-15,0.0
29.558961526431027,0.00021721636582090252,9.58404913044581e-15,0.0
29.59806068188927,0.00010361280661199265,9.601017712446088e-15,0.0
29.63715983734751,0.00011724818330613813,9.618077337443605e-15,0.0
29.676258992805753,0.00022521850146588237,9.635069912762038e-15,0.0
29.715358148263995,0.0002120043038817291,9.652198707438205e-15,0.0
29.754457303722237,0.00011223188415071957,9.669317193052046e-15,0.0
29.79355645918048,0.00010976033492131283,9.686538928668699e-15,0.0
29.83265561463872,0.0002298158425388606,9.703662635328105e-15,0.0
29.871754770096963,0.00020609372975516222,9.72102030430036e-15,0.0
29.910853925555205,0.00012098478670921472,9.7381997526462e-15,0.0
29.949953081013447,0.00010632863977861766,9.75558772810606e-15,0.0
29.98905223647169,0.00023073265582171506,9.773009001316887e-15,0.0
30.02815139192993,0.00020267144784375494,9.790407247053459e-15,0.0
30.067250547388177,0.0001273261531847257,9.807845600045555e-15,0.0
30.10634970284642,0.00010790604170482778,9.825354110355072e-15,0.0
30.14544885830466,0.00022709414792723218,9.842935101257517e-15,0.0
30.184548013762903,0.00020392689873297636,9.860492095345228e-15,0.0
30.223647169221145,0.0001298379888681544,9.878181245981221e-15,0.0
30.262746324679387,0.00011284205642384227,9.895768548543296e-15,0.0
30.30184548013763,0.000219760301690984,9.913531035353285e-15,0.0
30.34094463559587,0.00020978662913857384,9.931300648545611e-15,0.0
30.380043791054113,0.00012843719801970587,9.949087242543972e-15,0.0
30.419142946512356,0.0001182741114311147,9.966921354761207e-15,0.0
30.458242101970598,0.0002109118988564076,9.984854641673465e-15,0.0
30.49734125742884,0.00021815291360226653,1.000270451494168e-14,0.0
30.53644041288708,0.00012423486228200153,1.0020777561067942e-14,0.0
30.575539568345324,0.00012183981142394047,1.003870999730363e-14,0.0
30.614638723803566,0.00020318894169666288,1.0056821078355965e-14,0.0
30.653737879261808,0.00022632084160508227,1.0074919348289369e-14,0.0
30.69283703472005,0.00011915148510079897,1.0093042408314838e-14,0.0
30.731936190178292,0.00012236727296089717,1.0111250937008306e-14,0.0
30.771035345636534,0.00019861608131112259,1.012951392664643e-14,0.0
30.810134501094776,0.00023225716726181714,1.0147751276061748e-14,0.0
30.849233656553018,0.0001152890501366729,1.0166102724312667e-14,0.0
30.88833281201126,0.0001197835697545271,1.0184498540657369e-14,0.0
30.927431967469502,0.00019782689146351928,1.02028694218982e-14,0.0
30.966531122927744,0.0002350813360236947,1.0221310902046927e-14,0.0
31.005630278385986,0.00011417102954923895,1.0239889349751108e-14,0.0
31.04472943384423,0.00011472721536343618,1.0258426100462165e-14,0.0
31.08382858930247,0.00020010345423705767,1.0276952720067311e-14,0.0
31.122927744760712,0.000234900666643508,1.0295642377997905e-14,0.0
31.162026900218954,0.00011624527148148559,1.031431239944386e-14,0.0
31.201126055677197,0.00010812096770258275,1.03330716805111e-14,0.0
31.24022521113544,0.0002041011866326455,1.0351803738233057e-14,0.0
31.27932436659368,0.00023236667339852842,1.0370620000296982e-14,0.0
31.318423522051923,0.0001210268754579157,1.0389502133317138e-14,0.0
31.357522677510165,0.00010085400619406354,1.0408425948051762e-14,0.0
31.396621832968407,0.00020856226224221885,1.0427357381369149e-14,0.0
31.43572098842665,0.0002282674302083483,1.044634540841138e-14,0.0
31.47482014388489,0.00012765518392357126,1.0465442214407691e-14,0.0
31.513919299343133,9.367537790456524e-05,1.0484511365845721e-14,0.0
31.553018454801375,0.00021256444784981026,1.0503649775338347e-14,0.0
31.592117610259617,0.00022335415531885784,1.052283358479259e-14,0.0
31.63121676571786,0.00013528699348955902,1.0542100555523909e-14,0.0
31.6703159211761,8.729787754987553e-05,1.0561395679681374e-14,0.0
31.709415076634343,0.0002154029006696343,1.0580697699604844e-14,0.0
31.748514232092585,0.00021841765014469778,1.0600048811624799e-14,0.0
31.787613387550827,0.00014312841988519873,1.0619499194409202e-14,0.0
31.82671254300907,8.254923471872396e-05,1.063899377319093e-14,0.0
31.86581169846731,0.0002164305505134904,1.065851384737974e-14,0.0
31.904910853925553,0.00021443274839815532,1.067803386156173e-14,0.0
31.944010009383796,0.00015032910776030192,1.0697696162227842e-14,0.0
31.983109164842038,8.029902355264128e-05,1.0717330098857799e-14,0.0
32.02220832030028,0.00021507620189217306,1.0737077368143837e-14,0.0
32.061307475758525,0.00021250916887650183,1.0756798420962357e-14,0.0
32.100406631216764,0.0001559871216703745,1.0776654427715057e-14,0.0
32.13950578667501,8.103182676086962e-05,1.0796491960057643e-14,0.0
32.17860494213325,0.0002110443732610971,1.0816394216662306e-14,0.0
32.21770409759149,0.0002135261837991654,1.0836332630171652e-14,0.0
32.25680325304973,0.00015932167135927758,1.0856366222935115e-14,0.0
32.29590240850798,8.439721738513338e-05,1.0876398484118572e-14,0.0
32.335001563966216,0.0002045539571663002,1.0896531897458133e-14,0.0
32.37410071942446,0.0002176437769425923,1.0916694660016171e-14,0.0
32.4131998748827,0.00015991564835309265,1.0936838291811693e-14,0.0
32.452299030340946,8.92648110088744e-05,1.0957161355342775e-14,0.0
32.491398185799184,0.00019645255131858379,1.0977445048644518e-14,0.0
32.53049734125743,0.0002240938464333374,1.09977644551578e-14,0.0
32.56959649671567,0.00015789703307267063,1.101818511113109e-14,0.0
32.608695652173914,9.424162245133817e-05,1.1038629058300628e-14,0.0
32.64779480763215,0.00018810842273123235,1.1059142107444178e-14,0.0
32.6868939630904,0.00023145257409580555,1.10796703368954e-14,0.0
32.72599311854864,0.00015397696941378935,1.1100330396183433e-14,0.0
32.76509227400688,9.815855008484308e-05,1.1120962391183881e-14,0.0
32.80419142946512,0.00018107740646775556,1.1141652818019277e-14,0.0
32.843290584923366,0.0002381728994806623,1.1162412317955641e-14,0.0
32.882389740381605,0.00014933097519308417,1.1183269482383875e-14,0.0
32.92148889583985,0.00010027294175500345,1.1204090207617062e-14,0.0
32.96058805129809,0.00017664991414912757,1.1225027250978127e-14,0.0
32.999687206756334,0.00024301512067043422,1.1245974244653287e-14,0.0
33.03878636221457,0.00014536517335182086,1.1266998428729012e-14,0.0
33.07788551767282,0.00010024161432332885,1.1288107858762758e-14,0.0
33.11698467313106,0.00017547457682521103,1.1309186771262891e-14,0.0
33.1560838285893,0.0002452103778261112,1.1330377039322453e-14,0.0
33.19518298404754,0.0001434340231463488,1.1351633652966713e-14,0.0
33.23428213950579,9.799504898248566e-05,1.1372866196806623e-14,0.0
33.273381294964025,0.00017742919377796844,1.1394217278353694e-14,0.0
33.31248045042227,0.00024442763580220675,1.1415602086803173e-14,0.0
33.35157960588051,0.00014455850756611466,1.1437015513680499e-14,0.0
33.390678761338755,9.363072327127539e-05,1.1458588240376013e-14,0.0
33.42977791679699,0.00018172541122717627,1.1480084093217091e-14,0.0
33.46887707225524,0.0002407207095717682,1.1501711860160009e-14,0.0
33.50797622771348,0.00014916065734977874,1.1523361528923748e-14,0.0
33.54707538317172,8.741963692060148e-05,1.1545043790748477e-14,0.0
33.58617453862996,0.00018708732688919617,1.1566856316106419e-14,0.0
33.62527369408821,0.00023460077531569975,1.1588614430262714e-14,0.0
33.664372849546446,0.00015685043778277435,1.161057028879902e-14,0.0
33.70347200500469,7.997754835661273e-05,1.1632408181948449e-14,0.0
33.74257116046293,0.00019191783501074856,1.1654471327546333e-14,0.0
33.781670315921176,0.000227239770020828,1.1676434272080839e-14,0.0
33.820769471379414,0.000166368888605002,1.1698584025067195e-14,0.0
33.85986862683766,7.257090592292273e-05,1.1720711182755718e-14,0.0
33.8989677822959,0.0001945175005590554,1.1742913047582555e-14,0.0
33.938066937754144,0.0002206019682571249,1.176520507417461e-14,0.0
33.97716609321238,0.00017578512352033572,1.1787486654368727e-14,0.0
34.01626524867063,6.731671859827212e-05,1.1809874337552593e-14,0.0
34.055364404128866,0.00019344050446278596,1.1832295279126436e-14,0.0
34.09446355958711,0.00021711951761452824,1.1854826451989528e-14,0.0
34.13356271504535,0.00018293770780243666,1.1877335329089048e-14,0.0
34.172661870503596,6.658067077098668e-05,1.189992395349103e-14,0.0
34.211761025961835,0.00018797831033374185,1.192264425109367e-14,0.0
34.25086018142008,0.00021864379763994563,1.1945301253484448e-14,0.0
34.28995933687832,0.00018602505131620433,1.1968100138513967e-14,0.0
34.329058492336564,7.116503180777202e-05,1.1990914785452535e-14,0.0
34.36815764779481,0.00017866788219346458,1.2013808542913736e-14,0.0
34.40725680325305,0.0002251375223233732,1.2036750788467405e-14,0.0
34.446355958711294,0.00018423726314925683,1.2059757640533405e-14,0.0
34.48545511416953,7.9267531902171e-05,1.2082837820750925e-14,0.0
34.52455426962778,0.00016763518186422904,1.2105930780352613e-14,0.0
34.56365342508602,0.00023428099272183024,1.2129146849230113e-14,0.0
34.60275258054426,0.0001783187482978379,1.2152350155034713e-14,0.0
34.6418517360025,8.77880329622818e-05,1.2175681987465524e-14,0.0
34.680950891460746,0.00015839442505451452,1.2199020423934517e-14,0.0
34.720050046918985,0.00024247488923870037,1.2222425660648645e-14,0.0
34.75914920237723,0.0001708581928066703,1.2245931691169106e-14,0.0
34.79824835783547,9.393181164085883e-05,1.226944189382605e-14,0.0
34.837347513293714,0.00015450216254912126,1.2293006177869077e-14,0.0
34.87644666875195,0.0002464270276446533,1.2316682040602137e-14,0.0
34.9155458242102,0.00016582999588379214,1.2340442172579145e-14,0.0
34.95464497966844,9.588064308770446e-05,1.2364179075017959e-14,0.0
34.99374413512668,0.00015718811321110396,1.2388000547113418e-14,0.0
35.03284329058492,0.0002444370939182837,1.2411933496239352e-14,0.0
35.07194244604317,0.0001667741427657612,1.243589405831781e-14,0.0
35.111041601501405,9.302911392637112e-05,1.2459896742025005e-14,0.0
35.15014075695965,0.00016412928733186232,1.2483999457085115e-14,0.0
35.18923991241789,0.00023711098114400503,1.2508165111821738e-14,0.0
35.228339067876135,0.00017426503979256182,1.2532303226196737e-14,0.0
35.26743822333437,8.619183533182624e-05,1.2556635959765698e-14,0.0
35.30653737879262,0.000170989071988659,1.2580973435996384e-14,0.0
35.34563653425086,0.00022743212319177047,1.2605322649901936e-14,0.0
35.3847356897091,0.00018527858040874167,1.2629822299988611e-14,0.0
35.42383484516734,7.784263465811956e-05,1.2654326920171508e-14,0.0
35.46293400062559,0.00017389522599886803,1.2678909560141436e-14,0.0
35.502033156083826,0.00021987563999341562,1.2703552380194195e-14,0.0
35.54113231154207,0.00019526388260047452,1.2728269184669477e-14,0.0
35.58023146700031,7.199863963512993e-05,1.2753051518460826e-14,0.0
35.619330622458556,0.00017092900052667197,1.277789779549672e-14,0.0
35.658429777916794,0.00021823248635550723,1.2802789453766045e-14,0.0
35.69752893337504,0.00020058575517521043,1.2827725792000138e-14,0.0
35.73662808883328,7.240686242735205e-05,1.2852776300091879e-14,0.0
35.775727244291524,0.0001626215216382329,1.2877883175394137e-14,0.0
35.81482639974976,0.0002230687671511067,1.2903038758116335e-14,0.0
35.85392555520801,0.0001998656801647689,1.2928256107261957e-14,0.0
35.893024710666246,7.91213778419838e-05,1.2953547022650217e-14,0.0
35.93212386612449,0.00015185491846286665,1.2978876280209484e-14,0.0
35.97122302158273,0.0002312485217166349,1.3004351005723216e-14,0.0
36.010322177040976,0.00019438817742364623,1.3029809012621475e-14,0.0
36.049421332499215,8.840133538382508e-05,1.3055333740992517e-14,0.0
36.08852048795746,0.00014300950096683622,1.3080986595389272e-14,0.0
36.1276196434157,0.00023812874081024076,1.3106702028639795e-14,0.0
36.166718798873944,0.00018775301845921102,1.3132390719020587e-14,0.0
36.20581795433218,9.60828134867885e-05,1.3158265974862568e-14,0.0
36.24491710979043,0.00013981485579111203,1.3184108719209109e-14,0.0
36.28401626524867,0.0002401827010232732,1.321009080823687e-14,0.0
36.32311542070691,0.00018443279942209295,1.3236092386865886e-14,0.0
36.36221457616515,9.955594812598521e-05,1.3262245025310179e-14,0.0
36.4013137316234,0.00014265451498311513,1.3288345229078184e-14,0.0
36.440412887081635,0.00023644411398447565,1.331460895710599e-14,0.0
36.47951204253988,0.00018717246188377492,1.3340862391748476e-14,0.0
36.51861119799812,9.813091182116643e-05,1.3367266122940967e-14,0.0
36.557710353456365,0.00014825348968419032,1.3393724881048797e-14,0.0
36.5968095089146,0.0002287588042129515,1.3420169529774151e-14,0.0
36.63590866437285,0.00019499973132632207,1.3446827982147613e-14,0.0
36.67500781983109,9.30486770035789e-05,1.3473389745401822e-14,0.0
36.71410697528933,0.0001522717922425755,1.3500148707179785e-14,0.0
36.75320613074757,0.00022101713486107587,1.3526921866062201e-14,0.0
36.79230528620582,0.0002040649955688905,1.3553806058869342e-14,0.0
36.831404441664056,8.734205919266659e-05,1.3580692506633068e-14,0.0
36.8705035971223,0.00015177672045504052,1.3607711267224212e-14,0.0
36.90960275258054,0.0002172658540406668,1.3634760908803122e-14,0.0
36.948701908038785,0.00021030327718030557,1.3661917612233599e-14,0.0
36.987801063497024,8.491930987916502e-05,1.3689142953263577e-14,0.0
37.02690021895527,0.00014619827596557057,1.3716359363185232e-14,0.0
37.06599937441351,0.00021922713274907408,1.3743781276503389e-14,0.0
37.10509852987175,0.00021147601901020627,1.377118449202909e-14,0.0
37.14419768532999,8.813731380401489e-05,1.3798669890608295e-14,0.0
37.18329684078824,0.00013730463747180748,1.3826268087974687e-14,0.0
37.22239599624648,0.00022514740362016757,1.3853906599129835e-14,0.0
37.26149515170472,0.00020791312978548718,1.388157976361957e-14,0.0
37.30059430716297,9.575259374723194e-05,1.3909416769456136e-14,0.0
37.339693462621206,0.00012854324595010984,1.3937289084487559e-14,0.0
37.37879261807945,0.0002312007669288295,1.396520473324387e-14,0.0
37.41789177353769,0.00020225065943844445,1.3993188516307617e-14,0.0
37.456990928995936,0.00010422375827859492,1.4021350916977886e-14,0.0
37.496090084454174,0.00012350030112026058,1.4049457988398266e-14,0.0
37.53518923991242,0.000233943592935569,1.4077709787486852e-14,0.0
37.57428839537066,0.00019823387704508838,1.4106019230556912e-14,0.0
37.613387550828904,0.000110333467621865,1.4134421165231465e-14,0.0
37.65248670628714,0.00012364832698730214,1.4162898344350413e-14,0.0
37.69158586174539,0.00023192276874271634,1.419140903319665e-14,0.0
37.730685017203626,0.00019868376314889218,1.422004748620661e-14,0.0
37.76978417266187,0.0001124650166807041,1.424873428369975e-14,0.0
37.80888332812011,0.00012729463462104928,1.427748840411302e-14,0.0
37.847982483578356,0.00022605055337070057,1.4306373608278222e-14,0.0
37.887081639036595,0.00020372825117386583,1.4335278768598022e-14,0.0
37.92618079449484,0.0001108123599441683,1.4364277619291418e-14,0.0
37.96527994995308,0.00013110944303387298,1.4393363935893748e-14,0.0
38.004379105411324,0.00021901409584799213,1.4422534004703086e-14,0.0
38.04347826086956,0.0002109271061126526,1.4451733178607378e-14,0.0
38.08257741632781,0.00010715018102601608,1.448112105652131e-14,0.0
38.12167657178605,0.00013236098701211772,1.451041286421416e-14,0.0
38.16077572724429,0.0002139151309054228,1.4539968797038723e-14,0.0
38.19987488270253,0.00021711141565289123,1.456947461781062e-14,0.0
38.23897403816078,0.00010416234663843139,1.4599171619217488e-14,0.0
38.278073193619015,0.00013000360513209933,1.46287898737805e-14,0.0
38.31717234907726,0.00021257334891419834,1.4658631899996685e-14,0.0
38.3562715045355,0.0002201733450713603,1.468851245740822e-14,0.0
38.395370659993745,0.00010414323335516959,1.47184609886952e-14,0.0
38.43446981545198,0.00012470701208835134,1.4748456800357913e-14,0.0
38.47356897091023,0.00021455538198558458,1.4778669591650684e-14,0.0
38.51266812636847,0.00021981904708855737,1.480876254533828e-14,0.0
38.55176728182671,0.00010760014874872659,1.483911036974129e-14,0.0
38.59086643728495,0.00011832184956146765,1.4869392839555688e-14,0.0
38.6299655927432,0.00021775592987602742,1.4899924982959528e-14,0.0
38.669064748201436,0.000217359757812967,1.4930396450262888e-14,0.0
38.70816390365968,0.0001131090638204077,1.4961027090548545e-14,0.0
38.74726305911792,0.00011296788499628646,1.4991725228895208e-14,0.0
38.786362214576165,0.00021991759349301773,1.5022490496282797e-14,0.0
38.825461370034404,0.00021485350240030412,1.5053355025269586e-14,0.0
38.86456052549265,0.00011858198916568207,1.5084315307002144e-14,0.0
38.90365968095089,0.00010995520198836107,1.5115294383891086e-14,0.0
38.94275883640913,0.00021982181128557817,1.514646300901611e-14,0.0
38.98185799186737,0.00021397261362888925,1.517760782205538e-14,0.0
39.02095714732562,0.00012254979919794313,1.520892968952419e-14,0.0
39.060056302783856,0.00010915590777652899,1.5240274212236272e-14,0.0
39.0991554582421,0.00021759913179132909,1.5271752016952944e-14,0.0
39.13825461370034,0.0002151842652217231,1.530329926381175e-14,0.0
39.177353769158586,0.00012465034369602915,1.53349065333417e-14,0.0
39.216452924616824,0.00010937826910191304,1.5366634477371435e-14,0.0
39.25555208007507,0.00021431248379224314,1.5398414101440855e-14,0.0
39.29465123553331,0.00021776587368074047,1.543033304485827e-14,0.0
39.333750390991554,0.000125455835358666,1.5462303792063283e-14,0.0
39.37284954644979,0.00010934086843649747,1.5494358995377723e-14,0.0
39.41194870190804,0.00021119124341165631,1.552651595764862e-14,0.0
39.45104785736628,0.00022053876313999233,1.5558756359899993e-14,0.0
39.49014701282452,0.00012594388705669443,1.5591054214019796e-14,0.0
39.52924616828276,0.00010837544707603931,1.562353369641392e-14,0.0
39.568345323741006,0.00020895329741278012,1.5655991799794352e-14,0.0
39.607444479199245,0.00022265631433302923,1.5688620576925433e-14,0.0
39.64654363465749,0.00012689876375500712,1.5721313090432012e-14,0.0
39.68564279011573,0.0001065298072696218,1.575408948874594e-14,0.0
39.724741945573975,0.00020758599696381016,1.5786955267943123e-14,0.0
39.76384110103221,0.00022393088448140116,1.5819902211815777e-14,0.0
39.80294025649046,0.00012856105372484623,1.585298195884211e-14,0.0
39.8420394119487,0.00010425759624536345,1.5886114228941585e-14,0.0
39.88113856740694,0.0002066337042124351,1.5919327595790665e-14,0.0
39.92023772286518,0.00022465991494551935,1.5952710236706173e-14,0.0
39.95933687832343,0.000130706544997077,1.598605768511335e-14,0.0
39.998436033781665,0.00010200394038972465,1.6019645525218282e-14,0.0
40.03753518923991,0.00020566283918546074,1.605320145075903e-14,0.0
40.07663434469816,0.00022522687849380608,1.6086932635292407e-14,0.0
40.115733500156395,0.00013299889312125726,1.6120699423457917e-14,0.0
40.15483265561464,9.995434749665073e-05,1.615462520358027e-14,0.0
40.19393181107288,0.00020451966763714748,1.6188592007090695e-14,0.0
40.233030966531125,0.000225812538180609,1.6222678521425566e-14,0.0
40.27213012198936,0.0001352725142453239,1.625682487230278e-14,0.0
40.31122927744761,9.806633337558402e-05,1.6291155029044883e-14,0.0
40.35032843290585,0.00020326133819659005,1.6325461088378976e-14,0.0
40.38942758836409,0.00022639407139680005,1.6359955536043507e-14,0.0
40.42852674382233,0.00013754552434280714,1.6394499491219446e-14,0.0
40.46762589928058,9.627633663263528e-05,1.642919874298514e-14,0.0
40.506725054738816,0.00020192951089056032,1.6463888932023727e-14,0.0
40.54582421019706,0.0002269431633088044,1.6498789559947938e-14,0.0
40.5849233656553,0.00013983570633939755,1.6533707908167435e-14,0.0
40.624022521113545,9.464751597806452e-05,1.656878983333065e-14,0.0
40.663121676571784,0.00020043090384615407,1.6603877076599248e-14,0.0
40.70222083203003,0.00022757174380452804,1.6639213374356955e-14,0.0
40.74131998748827,0.00014201368303422437,1.6674483655218046e-14,0.0
40.78041914294651,9.331029266317442e-05,1.6709936492942002e-14,0.0
40.81951829840475,0.00019865131290196507,1.6745513061021078e-14,0.0
40.858617453863,0.00022844954406896282,1.6781140166054478e-14,0.0
40.897716609321236,0.0001438727030561972,1.6816865264771704e-14,0.0
40.93681576477948,9.225567629762287e-05,1.6852762133662326e-14,0.0
40.97591492023772,0.00019668668054366478,1.6888670992817914e-14,0.0
41.015014075695966,0.00022955547483453247,1.6924780790518876e-14,0.0
41.054113231154204,0.00014537839421303853,1.696084833028541e-14,0.0
41.09321238661245,9.119713897339766e-05,1.699715199974822e-14,0.0
41.13231154207069,0.00019493630743459023,1.703350450243489e-14,0.0
41.171410697528934,0.0002305180134360073,1.706996743471147e-14,0.0
41.21050985298717,0.0001468709603753143,1.7106526872533554e-14,0.0
41.24960900844542,8.967806064690647e-05,1.7143209829294513e-14,0.0
41.28870816390366,0.0001938862078179405,1.71800004783277e-14,0.0
41.3278073193619,0.00023076399199779547,1.7216863684559598e-14,0.0
41.36690647482014,0.00014897712020502007,1.725382465883241e-14,0.0
41.406005630278386,8.739448350417745e-05,1.7290941166585098e-14,0.0
41.445104785736625,0.00019367398729598702,1.7328138088701626e-14,0.0
41.48420394119487,0.0002299429748737475,1.7365440680328018e-14,0.0
41.52330309665311,0.00015218117182881052,1.7402837170321917e-14,0.0
41.562402252111355,8.45309255520516e-05,1.7440406336158887e-14,0.0
41.60150140756959,0.0001937836006826473,1.7477937305613475e-14,0.0
41.64060056302784,0.00022834547892654135,1.7515749314606873e-14,0.0
41.67969971848608,0.00015632754907746784,1.755355521999022e-14,0.0
41.71879887394432,8.18731148309927e-05,1.759152967471226e-14,0.0
41.75789802940256,0.0001931947250338252,1.7629549007146732e-14,0.0
41.79699718486081,0.00022696833645450255,1.7667800272508315e-14,0.0
41.836096340319045,0.00016049750003504435,1.770602807995594e-14,0.0
41.87519549577729,8.050378026188414e-05,1.774441645498178e-14,0.0
41.91429465123553,0.0001909658492201265,1.7782937337744652e-14,0.0
41.953393806693775,0.00022703223164263983,1.782151414340344e-14,0.0
41.99249296215201,0.00016344347824149614,1.7860299848438696e-14,0.0
42.03159211761026,8.108738415288218e-05,1.7899074977357045e-14,0.0
42.0706912730685,0.00018690630734382734,1.7938063558679597e-14,0.0
42.10979042852674,0.00022912876528421235,1.797709087577888e-14,0.0
42.14888958398498,0.00016432944052333868,1.801627778846706e-14,0.0
42.18798873944323,8.323339240543321e-05,1.8055562962196742e-14,0.0
42.227087894901466,0.00018193432938937157,1.809498302044811e-14,0.0
42.26618705035971,0.00023260301922529018,1.8134465886442644e-14,0.0
42.30528620581795,0.00016336185107627995,1.8174140386160555e-14,0.0
42.344385361276196,8.558852189085847e-05,1.8213827301676532e-14,0.0
42.383484516734434,0.0001778152070763728,1.8253770231691847e-14,0.0
42.42258367219268,0.00023574677320710146,1.8293684673943596e-14,0.0
42.46168282765092,0.00016196024219951324,1.833381479263601e-14,0.0
42.500781983109164,8.658099762587143e-05,1.837399264820386e-14,0.0
42.5398811385674,0.0001761930281425306,1.8414318016760586e-14,0.0
42.57898029402565,0.00023673454351370775,1.845480930702091e-14,0.0
42.618079449483886,0.00016219466370305202,1.8495361783894978e-14,0.0
42.65717860494213,8.520425270567397e-05,1.8535994617211728e-14,0.0
42.69627776040037,0.00017738044778130524,1.857690936643022e-14,0.0
42.735376915858616,0.00023470430766627307,1.861775137310118e-14,0.0
42.774476071316855,0.0001655178793004555,1.865880399029955e-14,0.0
42.8135752267751,8.152285365690951e-05,1.8699964077434418e-14,0.0
42.85267438223334,0.00017990956845489144,1.8741293849406944e-14,0.0
42.891773537691584,0.00023041625863595537,1.8782662599103412e-14,0.0
42.93087269314983,0.00017158988587339202,1.8824217040456495e-14,0.0
42.96997184860807,7.688352639608505e-05,1.8865831489470706e-14,0.0
43.009071004066314,0.00018133109374734283,1.8907636874606095e-14,0.0
43.04817015952455,0.0002261355809933137,1.894955168089348e-14,0.0
43.0872693149828,0.00017830357029056,1.899154354577736e-14,0.0
43.12636847044104,7.366240047807431e-05,1.9033681240855622e-14,0.0
43.16546762589928,0.00017959607160771408,1.9076013433358666e-14,0.0
43.20456678135752,0.0002245527898930203,1.91183717956568e-14,0.0
43.243665936815766,0.00018301086212674271,1.9160874263563245e-14,0.0
43.282765092274005,7.408071366868385e-05,1.920351871294023e-14,0.0
43.32186424773225,0.00017414325175263656,1.924632725372334e-14,0.0
43.36096340319049,0.0002270683056682932,1.9289240196060072e-14,0.0
43.400062558648735,0.00018394383102640906,1.9332245518619327e-14,0.0
43.43916171410697,7.841743869728705e-05,1.93753636571374e-14,0.0
43.47826086956522,0.00016633445726451862,1.941873010340057e-14,0.0
43.51736002502346,0.00023265875590505736,1.9462062349106955e-14,0.0
43.5564591804817,0.00018112699833563493,1.950566323427452e-14,0.0
43.59555833593994,8.464550872681321e-05,1.954933402152013e-14,0.0
43.63465749139819,0.00015908927344406146,1.959311519874118e-14,0.0
43.673756646856425,0.00023841631930480563,1.963705957501624e-14,0.0
43.71285580231467,0.00017658158050891916,1.968112098478632e-14,0.0
43.75195495777291,8.995918020408917e-05,1.972533600763462e-14,0.0
43.791054113231155,0.00015549539290822366,1.9769639248690126e-14,0.0
43.83015326868939,0.00024126902289459788,1.981413397223705e-14,0.0
43.86925242414764,0.0001736137678742194,1.9858730372048006e-14,0.0
43.90835157960588,9.224291003249211e-05,1.99034292642102e-14,0.0
43.94745073506412,0.0001567517340154635,1.994834755869083e-14,0.0
43.98654989052236,0.00023957319844430207,1.9993305004613363e-14,0.0
44.02564904598061,0.00017502925332588424,2.0038490769379092e-14,0.0
44.064748201438846,9.070729739189751e-05,2.0083708363748076e-14,0.0
44.10384735689709,0.00016116067471507484,2.012919524746892e-14,0.0
44.14294651235533,0.00023389084715204754,2.0174623620832726e-14,0.0
44.182045667813576,0.00018115257316975422,2.0220402993663356e-14,0.0
44.221144823271814,8.608618307929787e-05,2.0266209972951944e-14,0.0
44.26024397873006,0.00016534965604731691,2.031214331720025e-14,0.0
44.2993431341883,0.0002268256846272237,2.0358285479004458e-14,0.0
44.338442289646544,0.00018954462556405012,2.040449047333381e-14,0.0
44.37754144510478,8.059417196500904e-05,2.045088764670192e-14,0.0
44.41664060056303,0.00016637343722875333,2.0497413536676904e-14,0.0
44.455739756021266,0.00022184027962346455,2.0544046688187673e-14,0.0
44.49483891147951,0.00019673122049137837,2.0590884301920374e-14,0.0
44.53393806693775,7.730840817147985e-05,2.0637810259792515e-14,0.0
44.573037222395996,0.0001630634999185278,2.068495887549901e-14,0.0
44.612136377854235,0.00022126757160494142,2.073212860497196e-14,0.0
44.65123553331248,0.00020020796827040975,2.077952974143591e-14,0.0
44.69033468877072,7.841783263799163e-05,2.08270308682347e-14,0.0
44.729433844228964,0.00015638302765177045,2.0874719266726222e-14,0.0
44.7685329996872,0.00022473491629223372,2.0922521465574237e-14,0.0
44.80763215514545,0.00019953445318594414,2.097048672611697e-14,0.0
44.84673131060369,8.33752183681905e-05,2.101861520823723e-14,0.0
44.88583046606193,0.00014898590062306985,2.1066858575819974e-14,0.0
44.92492962152017,0.00022949034115518526,2.111523137449823e-14,0.0
44.96402877697842,0.00019643315930599164,2.1163817297290356e-14,0.0
45.003127932436655,8.942054233835e-05,2.1212527156622575e-14,0.0
45.0422270878949,0.00014393517226026067,2.1261331996573948e-14,0.0
45.08132624335314,0.00023232913166936376,2.1310388210637684e-14,0.0
45.120425398811385,0.0001939417508152832,2.1359477272119866e-14,0.0
45.15952455426962,9.372368464600749e-05,2.1408890434784403e-14,0.0
45.19862370972787,0.00014280485170677925,2.1458227293976496e-14,0.0
45.23772286518611,0.00023146392446899745,2.1507942771073824e-14,0.0
45.27682202064435,0.0001946828119045695,2.1557611274754163e-14,0.0
45.31592117610259,9.478886641136996e-05,2.1607593021180915e-14,0.0
45.35502033156084,0.00014452165457512722,2.1657625686035314e-14,0.0
45.394119487019076,0.00022737585587694872,2.1707907676566913e-14,0.0
45.43321864247732,0.00019908658004383074,2.1758237790785785e-14,0.0
45.47231779793556,9.290079968065707e-05,2.1808805194309376e-14,0.0
45.511416953393805,0.0001462227551306572,2.1859470369715972e-14,0.0
45.550516108852044,0.0002225371816296827,2.191037008923593e-14,0.0
45.58961526431029,0.00020508538172294016,2.1961318422764223e-14,0.0
45.62871441976853,9.006505834834624e-05,2.2012538111466935e-14,0.0
45.66781357522677,0.00014521360123255627,2.2063867444575167e-14,0.0
45.70691273068501,0.00022005985076849872,2.2115353550840418e-14,0.0
45.74601188614326,0.00020958259866771413,2.2166989190915012e-14,0.0
45.7851110416015,8.926229226990454e-05,2.2218803040670554e-14,0.0
45.82421019705974,0.00014040029496082242,2.2270776425006264e-14,0.0
45.86330935251799,0.00022169459336542676,2.232297435785004e-14,0.0
45.902408507976226,0.0002103369177682059,2.2375186509496532e-14,0.0
45.94150766343447,9.262582498933047e-05,2.2427750321499685e-14,0.0
45.98060681889271,0.00013279173707489696,2.2480285452886868e-14,0.0
46.019705974350956,0.00022651806435956064,2.2533119228712533e-14,0.0
46.058805129809194,0.0002071388263738512,2.2586097025620458e-14,0.0
46.09790428526744,9.966199714442139e-05,2.2639238429880013e-14,0.0
46.13700344072568,0.00012522017039781044,2.2692508102397e-14,0.0
46.176102596183924,0.0002315119798772067,2.2745969249120167e-14,0.0
46.21520175164216,0.00020204257465579123,2.2799615960823985e-14,0.0
46.25430090710041,0.00010763777468666922,2.2853437781001807e-14,0.0
46.293400062558646,0.00012109287519233391,2.2907381886239093e-14,0.0
46.33249921801689,0.00023343276841590686,2.29615376342894e-14,0.0
46.37159837347513,0.00019857375247347563,2.3015845440843983e-14,0.0
46.410697528933376,0.00011347400106878517,2.3070358210657654e-14,0.0
46.449796684391615,0.00012216739685842095,2.3125020480775537e-14,0.0
46.48889583984986,0.00023049425354601695,2.317981771845059e-14,0.0
46.5279949953081,0.00019983693202141483,2.323481374195807e-14,0.0
46.567094150766344,0.00011514531901077436,2.3290068611120154e-14,0.0
46.60619330622458,0.000127047459275914,2.3345392162949582e-14,0.0
46.64529246168283,0.0002231998542294578,2.3400941183722456e-14,0.0
46.68439161714107,0.00020637930938862176,2.345658579077562e-14,0.0
46.72349077259931,0.000112284161514319,2.3512570289135565e-14,0.0
46.76258992805755,0.00013222814961823934,2.3568559247311303e-14,0.0
46.8016890835158,0.00021431743446755514,2.362488654286012e-14,0.0
46.840788238974035,0.00021569486687623898,2.368122956234742e-14,0.0
46.87988739443228,0.00010642770665258668,2.3737922535108816e-14,0.0
46.91898654989052,0.00013430638014530033,2.3794661615337597e-14,0.0
46.958085705348765,0.00020789984759466042,2.3851629537146625e-14,0.0
46.997184860807,0.00022383018125676766,2.3908817105961836e-14,0.0
47.03628401626525,0.00010095432111728695,2.3966127781572365e-14,0.0
47.07538317172349,0.00013133950059793714,2.4023650180561512e-14,0.0
47.11448232718173,0.00020723120479174977,2.408138768152177e-14,0.0
47.15358148263997,0.00022744180081042895,2.4139254411903558e-14,0.0
47.19268063809822,0.0001000172491479751,2.4197345025602183e-14,0.0
47.231779793556456,0.00012327920150718283,2.4255616876800108e-14,0.0
47.2708789490147,0.0002126345006601357,2.4314106031180373e-14,0.0
47.30997810447294,0.0002250809992802706,2.4372708391580405e-14,0.0
47.349077259931185,0.00010585248436102582,2.4431536727864108e-14,0.0
47.388176415389424,0.00011205558847563072,2.449060558528672e-14,0.0
47.42727557084767,0.00022114271103062792,2.4549821196616e-14,0.0
47.46637472630591,0.00021770743250385742,2.4609190021649656e-14,0.0
47.50547388176415,0.00011678698139567254,2.466885096248584e-14,0.0
47.54457303722239,0.00010147455629965028,2.472863235525796e-14,0.0
47.58367219268064,0.0002283359600070451,2.478862713433421e-14,0.0
47.622771348138876,0.00020864211204034064,2.484880345180686e-14,0.0
47.66187050359712,0.0001287044699174065,2.49092037290017e-14,0.0
47.70096965905536,9.62482097664141e-05,2.4969779759508923e-14,0.0
47.740068814513606,0.00023045996242104992,2.5030548331550723e-14,0.0
47.779167969971844,0.00020271708775755146,2.509156174293382e-14,0.0
47.81826712543009,0.0001375752963278997,2.5152688973728923e-14,0.0
47.85736628088833,9.906175449052639e-05,2.5214114349614594e-14,0.0
47.896465436346574,0.00022565306250330454,2.5275659263168406e-14,0.0
47.93556459180481,0.00020410667811313765,2.5337458274686223e-14,0.0
47.97466374726306,0.00014066778311425487,2.5399479047192225e-14,0.0
48.0137629027213,0.00010797508661666838,2.5461602629013643e-14,0.0
48.05286205817954,0.00021447185031349525,2.55240349863094e-14,0.0
48.09196121363778,0.00021357332736410487,2.5586630009558816e-14,0.0
48.131060369096026,0.00013691343112870984,2.5649430591356822e-14,0.0
48.170159524554265,0.000118185181594208,2.5712446023954506e-14,0.0
48.20925868001251,0.00020009692014517173,2.5775645045044835e-14,0.0
48.24835783547075,0.00022775314927931485,2.5839158302100803e-14,0.0
48.287456990928995,0.0001272045947676945,2.5902681456081913e-14,0.0
48.32655614638723,0.000125194157363727,2.59666081232897e-14,0.0
48.36565530184548,0.0001880587596490069,2.6030642249924904e-14,0.0
48.40475445730372,0.0002412193615818323,2.609492600678294e-14,0.0
48.44385361276196,0.00011493909663009206,2.615938736081645e-14,0.0
48.4829527682202,0.0001260205304698377,2.6224096718460824e-14,0.0
48.52205192367845,0.00018444252593178472,2.6289032051662105e-14,0.0
48.561151079136685,0.0002489436845314634,2.6354170023981545e-14,0.0
48.60025023459493,0.00010646369128860846,2.6419476403144133e-14,0.0
48.63934939005318,0.00011927142930690618,2.6485088381628392e-14,0.0
48.678448545511415,0.00019200994196685956,2.655087103704722e-14,0.0
48.71754770096966,0.00024770983128829307,2.661686116970906e-14,0.0
48.7566468564279,0.00010893926136616882,2.6683107752364324e-14,0.0
48.795746011886145,0.00010511918192778792,2.6749549697374824e-14,0.0
48.83484516734438,0.00020766152999354505,2.681620578002772e-14,0.0
48.87394432280263,0.00023682345207904162,2.6883137792966647e-14,0.0
48.91304347826087,0.00012393085213708454,2.6950208838810327e-14,0.0
48.95214263371911,8.55940577166646e-05,2.7017623423986676e-14,0.0
48.99124178917735,0.00022467693504335724,2.7085142142073065e-14,0.0
49.0303409446356,0.00021868563395715198,2.7152932959070534e-14,0.0
49.069440100093836,0.00014568465125933098,2.7220984739556893e-14,0.0
49.10853925555208,6.580604978959442e-05,2.7289251407505594e-14,0.0
49.14763841101032,0.00023644817089046904,2.7357744900253393e-14,0.0
49.186737566468565,0.00019933574109832564,2.742642598688587e-14,0.0
49.225836721926804,0.0001667409755134341,2.749542961935862e-14,0.0
49.26493587738505,5.633426300874845e-05,2.756456399525836e-14,0.0
49.30403503284329,0.00023841912927093228,2.7634005539034494e-14,0.0
49.34313418830153,0.00018790119039333259,2.7703666717196064e-14,0.0
49.38223334375977,0.00018134541793615416,2.777354070459468e-14,0.0
49.42133249921802,6.60423722963892e-05,2.7843674244426146e-14,0.0
49.460431654676256,0.00022870952809376285,2.791406598352984e-14,0.0
49.4995308101345,0.00019209367293748352,2.7984659452368132e-14,0.0
49.53862996559274,0.00018593743084867887,2.8055497197968925e-14,0.0
49.577729121050986,8.695334195663485e-05,2.8126581200070953e-14,0.0
49.616828276509224,0.00020844609681615065,2.8197948938288136e-14,0.0
49.65592743196747,0.00021121971623151373,2.8269478029771782e-14,0.0
49.69502658742571,0.00017919757672022057,2.8341328417655477e-14,0.0
49.734125742883954,0.00010808213794403047,2.8413396976392955e-14,0.0
49.77322489834219,0.00018223436811719266,2.848570721114109e-14,0.0
49.81232405380044,0.00023672307984540307,2.855829350377401e-14,0.0
49.85142320925868,0.0001623268176002567,2.863104694215602e-14,0.0
49.89052236471692,0.00012356121107145058,2.870418120150162e-14,0.0
49.92962152017516,0.0001586543906214578,2.877744562975922e-14,0.0
49.968720675633406,0.00025904217671843716,2.885101658435523e-14,0.0
50.007819831091645,0.00013968981436248182,2.8924844353552864e-14,0.0
50.04691898654989,0.00013054959012013693,2.8998914788382057e-14,0.0
50.08601814200813,0.0001485596437928249,2.9073237260378644e-14,0.0
50.125117297466375,0.00027155151691924133,2.91478444943231e-14,0.0
50.16421645292461,0.00011978147057075138,2.922266047164528e-14,0.0
50.20331560838286,0.00012807738975945736,2.929779306981732e-14,0.0
50.2424147638411,0.00015691743452010058,2.937311135180544e-14,0.0
50.28151391929934,0.0002713464439474563,2.944877828494178e-14,0.0
50.32061307475758,0.00011385561577639122,2.9524663462825864e-14,0.0
50.35971223021583,0.00011675432876772916,2.960081448889038e-14,0.0
50.398811385674065,0.0001767738329954984,2.9677204489843114e-14,0.0
50.43791054113231,0.0002592368591411831,2.975390322282994e-14,0.0
50.47700969659055,0.0001261335021023181,2.983088996476776e-14,0.0
50.516108852048795,9.875608070589074e-05,2.990806218582798e-14,0.0
50.555208007507034,0.00019703675059504132,2.9985560449132054e-14,0.0
50.59430716296528,0.00023961082579069848,3.006334593392108e-14,0.0
50.63340631842352,0.00014813906586771296,3.014131600703576e-14,0.0
50.67250547388176,7.807777503758846e-05,3.021969502566623e-14,0.0
50.71160462934,0.000210044518802523,3.029823504462254e-14,0.0
50.75070378479825,0.00021981730102315787,3.037709997173454e-14,0.0
50.789802940256486,0.0001692239511433439,3.0456205994592654e-14,0.0
50.82890209571473,6.123800488250082e-05,3.0535654314272575e-14,0.0
50.86800125117297,0.00021266031578702426,3.061531673171025e-14,0.0
50.907100406631216,0.0002079005642064041,3.069529598639201e-14,0.0
50.946199562089454,0.00018307484881823307,3.0775555420658167e-14,0.0
50.9852987175477,5.618878417726536e-05,3.085606699854676e-14,0.0
51.02439787300594,0.00020557900252793495,3.093692544285397e-14,0.0
51.063497028464184,0.0002079536196563532,3.101800575107759e-14,0.0
51.10259618392242,0.000187660135673692,3.109946999834254e-14,0.0
51.14169533938067,6.337351935146558e-05,3.118105626973332e-14,0.0
51.180794494838906,0.000192559983187506,3.1263106882693644e-14,0.0
51.21989365029715,0.0002169534157080372,3.1345335098622905e-14,0.0
51.25899280575539,0.00018441060291024143,3.142788004488447e-14,0.0
51.298091961213636,7.426926672058075e-05,3.151075794241909e-14,0.0
51.337191116671875,0.00017925008571866642,3.159384749020261e-14,0.0
51.37629027213012,0.00022783358250986666,3.16773465347078e-14,0.0
51.41538942758836,0.00017741742530785943,3.176110193566925e-14,0.0
51.454488583046604,8.228406907417876e-05,3.184506220209768e-14,0.0
51.49358773850485,0.000170862839968079,3.1929470748542436e-14,0.0
51.53268689396309,0.0002347926035411298,3.2014078074365575e-14,0.0
51.571786049421334,0.00017190037037958627,3.209901228370796e-14,0.0
51.61088520487957,8.509058199639052e-05,3.218430975113888e-14,0.0
51.64998436033782,0.00016908285800656803,3.2269808610632735e-14,0.0
51.68908351579606,0.00023580785677259115,3.2355694798976254e-14,0.0
51.7281826712543,0.00017148684839938367,3.244186901214633e-14,0.0
51.76728182671254,8.328808754307643e-05,3.252834000379291e-14,0.0
51.806380982170786,0.0001710947293254622,3.2615106146053446e-14,0.0
51.845480137629025,0.00023261274894615156,3.270225524765369e-14,0.0
51.88457929308727,0.00017583455512875656,3.2789663415522986e-14,0.0
51.92367844854551,7.957216173728595e-05,3.287742683601285e-14,0.0
51.962777604003755,0.00017228270792080824,3.296545205584383e-14,0.0
52.00187675946199,0.00022922665782447408,3.305382567864765e-14,0.0
52.04097591492024,0.000181296654152574,3.31425627736392e-14,0.0
52.08007507037848,7.767561731506376e-05,3.323151849053282e-14,0.0
52.11917422583672,0.00016958305399295258,3.3320863308036154e-14,0.0
52.15827338129496,0.00022935046549828325,3.3410570324709536e-14,0.0
52.19737253675321,0.00018396887729719784,3.3500549221558355e-14,0.0
52.236471692211445,8.009569471069026e-05,3.359087099843914e-14,0.0
52.27557084766969,0.0001630353939162779,3.368148374314046e-14,0.0
52.31467000312793,0.00023371916770088895,3.377254108838899e-14,0.0
52.353769158586175,0.00018218810203717828,3.3863783720568265e-14,0.0
52.392868314044414,8.598080851233128e-05,3.395544842469532e-14,0.0
52.43196746950266,0.0001556342107016221,3.4047467117019613e-14,0.0
52.4710666249609,0.00023959326070135777,3.413972630875084e-14,0.0
52.51016578041914,0.00017743239232813766,3.423241471282579e-14,0.0
52.54926493587738,9.202655183124154e-05,3.4325433125125494e-14,0.0
52.58836409133563,0.00015165799013492015,3.441873932541784e-14,0.0
52.627463246793866,0.00024285835705857347,3.451243719007823e-14,0.0
52.66656240225211,0.00017371767031130515,3.4606509382359014e-14,0.0
52.70566155771035,9.497776284234751e-05,3.4700835547168364e-14,0.0
52.744760713168596,0.00015358036747612579,3.4795564502769225e-14,0.0
52.783859868626834,0.0002406945079579365,3.4890660746733156e-14,0.0
52.82295902408508,0.0001752519849895342,3.49860853922561e-14,0.0
52.86205817954332,9.310655196528251e-05,3.5081873494821514e-14,0.0
52.901157335001564,0.00015979989668697588,3.5177996447885904e-14,0.0
52.9402564904598,0.00023319183016532073,3.5274467351206865e-14,0.0
52.97935564591805,0.0001831341356720479,3.5371356989215584e-14,0.0
53.018454801376286,8.675447623085745e-05,3.5468574060252266e-14,0.0
53.05755395683453,0.00016584679745251592,3.556616075343298e-14,0.0
53.09665311229277,0.00022362342433587023,3.5664035788659634e-14,0.0
53.135752267751016,0.00019423481611458346,3.576239836772085e-14,0.0
53.174851423209255,7.863791138088779e-05,3.5861049582853047e-14,0.0
53.2139505786675,0.00016742368806499518,3.596008083478655e-14,0.0
53.25304973412574,0.00021718185523390533,3.605952035287977e-14,0.0
53.292148889583984,0.00020351453482848599,3.6159281544425454e-14,0.0
53.33124804504222,7.365447717568886e-05,3.6259446132685786e-14,0.0
53.37034720050047,0.00016243996321332486,3.635997895387843e-14,0.0
53.40944635595871,0.0002179403398614469,3.646087955458932e-14,0.0
53.44854551141695,0.00020699357307779403,3.656222450094332e-14,0.0
53.48764466687519,7.62527453154831e-05,3.6663844249049396e-14,0.0
53.52674382233344,0.0001517374092182765,3.676590419514273e-14,0.0
53.565842977791675,0.00022568714970247746,3.686836114742182e-14,0.0
53.60494213324992,0.00020342080527760165,3.697120317533693e-14,0.0
53.64404128870816,8.589666517935565e-05,3.707441358118413e-14,0.0
53.683140444166405,0.00013907286617150083,3.717800105142638e-14,0.0
53.72223959962464,0.0002359684682572283,3.7282015772232396e-14,0.0
53.76133875508289,0.00019480174127481996,3.7386424078477794e-14,0.0
53.80043791054113,9.772524352059188e-05,3.749122672755832e-14,0.0
53.83953706599937,0.00013010307445897036,3.759637883290595e-14,0.0
53.87863622145761,0.00024322285911193884,3.770198053832135e-14,0.0
53.91773537691586,0.00018599067998940961,3.780801170114523e-14,0.0
53.956834532374096,0.00010690338668668974,3.791437598991103e-14,0.0
53.99593368783234,0.00012927772764804695,3.802119176990713e-14,0.0
54.03503284329058,0.00024370905047502728,3.812845087446115e-14,0.0
54.074131998748825,0.0001827346173784038,3.823600501112956e-14,0.0
54.113231154207064,0.00011052506722800547,3.834407606966776e-14,0.0
54.15233030966531,0.00013602076407486367,3.845250223000047e-14,0.0
54.19142946512355,0.00023682045248995393,3.856137555930392e-14,0.0
54.230528620581794,0.00018800033477941878,3.8670720418335984e-14,0.0
54.26962777604003,0.00010781091724669873,3.878036460599021e-14,0.0
54.30872693149828,0.00014528933430168616,3.889049395438126e-14,0.0
54.34782608695652,0.00022520508096785796,3.9001065451012096e-14,0.0
54.38692524241476,0.00019959435586011794,3.9112063401444484e-14,0.0
54.42602439787301,0.00010010953831598372,3.922344779466179e-14,0.0
54.465123553331246,0.00015169025656143616,3.933529106189323e-14,0.0
54.50422270878949,0.0002139118780347567,3.944758200045036e-14,0.0
54.54332186424773,0.00021210502905843302,3.956027963992946e-14,0.0
54.582421019705976,9.092215598464082e-05,3.9673422013716094e-14,0.0
54.621520175164214,0.0001520481652438286,3.9787039774165704e-14,0.0
54.66061933062246,0.0002081920296412017,3.990103211382471e-14,0.0
54.6997184860807,0.0002205380303760433,4.0015520862144457e-14,0.0
54.738817641538944,8.531214020798156e-05,4.013046817864473e-14,0.0
54.77791679699718,0.0001458966078680108,4.024580021248991e-14,0.0
54.81701595245543,0.00021029917563910572,4.03616125927885e-14,0.0
54.856115107913666,0.0002223849686708913,4.0477890293573945e-14,0.0
54.89521426337191,8.71585152703301e-05,4.059466536277816e-14,0.0
54.93431341883015,0.00013521941530344328,4.0711789174882956e-14,0.0
54.973412574288396,0.0002179336482397819,4.082945562980146e-14,0.0
55.012511729746635,0.00021809638385864895,4.0947548039632976e-14,0.0
55.05161088520488,9.558698945506956e-05,4.106614556097402e-14,0.0
55.09071004066312,0.0001238564387315688,4.118516601940795e-14,0.0
55.129809196121364,0.0002262235911672867,4.1304666459613945e-14,0.0
55.1689083515796,0.0002106742545799844,4.1424657382926194e-14,0.0
55.20800750703785,0.00010610109007237026,4.154510798609905e-14,0.0
55.24710666249609,0.00011617276736210955,4.166601134531798e-14,0.0
55.28620581795433,0.00023089397177792183,4.1787426852002917e-14,0.0
55.32530497341257,0.00020446443421957944,4.190931719849295e-14,0.0
55.36440412887082,0.00011445328880160177,4.2031692484122085e-14,0.0
55.403503284329055,0.0001146255204702497,4.2154556352119907e-14,0.0
55.4426024397873,0.00023004605757549784,4.227790015930144e-14,0.0
55.48170159524554,0.00020304916689687023,4.240172317619025e-14,0.0
55.520800750703785,0.000118379902500639,4.252607433024519e-14,0.0
55.55989990616202,0.00011794401189098746,4.265090982072651e-14,0.0
55.59899906162027,0.00022444919083960653,4.2776200271719205e-14,0.0
55.63809821707851,0.00020713652604208794,4.290204577882322e-14,0.0
55.67719737253675,0.00011772073325369342,4.3028362692839423e-14,0.0
55.71629652799499,0.00012241882502849437,4.3155230106782096e-14,0.0
55.75539568345324,0.00021692943873322822,4.3282561153952516e-14,0.0
55.794494838911476,0.0002143268472479597,4.3410391552338324e-14,0.0
55.83359399436972,0.00011414499954974836,4.3538783613648525e-14,0.0
55.87269314982796,0.0001246383217770438,4.3667677855626735e-14,0.0
55.911792305286205,0.00021104995947424674,4.379709947469793e-14,0.0
55.950891460744444,0.00022099299347718766,4.3926989817196027e-14,0.0
55.98999061620269,0.00011058506556011535,4.405748107704681e-14,0.0
56.02908977166093,0.00012293265821054165,4.4188447725975976e-14,0.0
56.068188927119174,0.00020929179650947753,4.4319944501111165e-14,0.0
56.10728808257741,0.0002243741090792931,4.44520220747e-14,0.0
56.14638723803566,0.00011001781179067701,4.4584595843818273e-14,0.0
56.185486393493896,0.00011753284137319828,4.471772421613308e-14,0.0
56.22458554895214,0.00021167277660112088,4.485138572191223e-14,0.0
56.26368470441038,0.0002236231612018789,4.49855928885108e-14,0.0
56.302783859868626,0.0001137298108747173,4.5120306921681457e-14,0.0
56.341883015326864,0.00011021454480759034,4.5255672693119026e-14,0.0
56.38098217078511,0.0002159611221743054,4.539147478699513e-14,0.0
56.42008132624335,0.0002198713639180981,4.552789065483149e-14,0.0
56.459180481701594,0.00012051949243295322,4.5664884861762705e-14,0.0
56.49827963715983,0.00010362275087110064,4.5802453190615614e-14,0.0
56.53737879261808,0.0002192323342901019,4.5940484836810394e-14,0.0
56.57647794807632,0.00021560714773076613,4.60791613568784e-14,0.0
56.61557710353456,0.00012776762153116062,4.6218389043853905e-14,0.0
56.6546762589928,0.0001001163236134982,4.635824233579445e-14,0.0
56.693775414451046,0.00021940582502088857,4.64985940910427e-14,0.0
56.732874569909285,0.0002135054740610406,4.6639526687296207e-14,0.0
56.77197372536753,0.00013306939056551324,4.6781120251574695e-14,0.0
56.81107288082577,0.00010039231128301905,4.6923246161860847e-14,0.0
56.850172036284015,0.0002160003550463871,4.706599444797488e-14,0.0
56.88927119174225,0.00021503916007732603,4.7209253455208434e-14,0.0
56.9283703472005,0.0001351737397561079,4.7353188929996927e-14,0.0
56.96746950265874,0.0001030736938997973,4.749771010393488e-14,0.0
57.00656865811698,0.00021016134919739756,4.764280494147692e-14,0.0
57.04566781357522,0.00021968300844559817,4.778852040154017e-14,0.0
57.08476696903347,0.00013425104786703913,4.7934830722392387e-14,0.0
57.123866124491705,0.00010578144903302819,4.8081795865502927e-14,0.0
57.16296527994995,0.00020413720607525974,4.8229307396683817e-14,0.0
57.2020644354082,0.00022533681000058603,4.837748232398494e-14,0.0
57.241163590866435,0.0001317761032535713,4.852627970179814e-14,0.0
57.28026274632468,0.00010649882828132079,4.867569835012806e-14,0.0
57.31936190178292,0.00020027452834465686,4.882568151836253e-14,0.0
57.358461057241165,0.0002295636434265713,4.897642283849252e-14,0.0
57.3975602126994,0.00013002261298736698,4.9127701389891914e-14,0.0
57.43665936815765,0.00010428685087016478,4.9279627465571277e-14,0.0
57.47575852361589,0.00019979214497549744,4.943224025028902e-14,0.0
57.51485767907413,0.0002307544546113575,4.958548991800117e-14,0.0
57.55395683453237,0.00013103855958561985,4.973926077066567e-14,0.0
57.59305598999062,9.946305108306014e-05,4.9893905167686086e-14,0.0
57.632155145448856,0.00020204901420661187,5.004905034091291e-14,0.0
57.6712543009071,0.00022877271017340055,5.0204870447122856e-14,0.0
57.71035345636534,0.00013542426063339365,5.03614153322001e-14,0.0
57.749452611823585,9.351728856755869e-05,5.051855670749128e-14,0.0
57.788551767281824,0.0002049185966812716,5.067641093655724e-14,0.0
57.82765092274007,0.00022503773174113143,5.0834956359836775e-14,0.0
57.86675007819831,0.0001418892189738813,5.099409508945899e-14,0.0
57.905849233656554,8.871600103759347e-05,5.115399656100353e-14,0.0
57.94494838911479,0.0002059676526927477,5.131455860337571e-14,0.0
57.98404754457304,0.00022200849109121543,5.147580547218786e-14,0.0
58.023146700031276,0.00014803595254504127,5.163773934612692e-14,0.0
58.06224585548952,8.710395502030226e-05,5.1800360273025216e-14,0.0
58.10134501094776,0.00020363177721046918,5.1963704532861395e-14,0.0
58.140444166406006,0.00022202131187126444,5.2127777217344575e-14,0.0
58.179543321864244,0.00015161989431291273,5.22924808068765e-14,0.0
58.21864247732249,8.911819717951852e-05,5.245797853293423e-14,0.0
58.25774163278073,0.00019793717163966803,5.2624117916113545e-14,0.0
58.296840788238974,0.00022587416699600143,5.279102254100586e-14,0.0
58.33593994369721,0.00015151981940088338,5.2958655901126817e-14,0.0
58.37503909915546,9.313889174245878e-05,5.3126971005475514e-14,0.0
58.4141382546137,0.00019067212514065456,5.329608319369248e-14,0.0
58.45323741007194,0.00023216084932502212,5.346585278613681e-14,0.0
58.49233656553018,0.00014827856369475036,5.363648556776593e-14,0.0
58.531435720988426,9.656385426116607e-05,5.380769699409896e-14,0.0
58.570534876446665,0.000184851313289734,5.397979723243212e-14,0.0
58.60963403190491,0.0002379812699512139,5.4152577744579825e-14,0.0
58.64873318736315,0.00014419781751336778,5.432614342876916e-14,0.0
58.687832342821395,9.715761263409735e-05,5.450046581726731e-14,0.0
58.72693149827963,0.00018325647652193906,5.4675526892043304e-14,0.0
58.76603065373788,0.00024045098953880142,5.4851367473455516e-14,0.0
58.80512980919612,0.0001426467141153956,5.502805263749535e-14,0.0
58.84422896465436,9.380046025646836e-05,5.52053866508652e-14,0.0
58.8833281201126,0.00018655410202495342,5.5383596652780344e-14,0.0
58.92242727557085,0.0002380666597741582,5.556259326167935e-14,0.0
58.961526431029085,0.0001462172988748031,5.574233460572663e-14,0.0
59.00062558648733,8.681407345403991e-05,5.5922890557309435e-14,0.0
59.03972474194557,0.00019259366507034688,5.610427537466148e-14,0.0
59.078823897403815,0.0002314956232033323,5.6286399443922163e-14,0.0
59.117923052862054,0.00015470790739650897,5.6469403303059185e-14,0.0
59.1570222083203,7.815659438962902e-05,5.6653181175203115e-14,0.0
59.19612136377854,0.00019767565658880171,5.683780369244816e-14,0.0
59.23522051923678,0.0002236370379894522,5.70232033950175e-14,0.0
59.27431967469502,0.00016508620488491093,5.72094816324696e-14,0.0
59.31341883015327,7.134624822803294e-05,5.739657534672197e-14,0.0
59.352517985611506,0.0001985355092868471,5.758448382320838e-14,0.0
59.39161714106975,0.0002186287710743324,5.777328835209444e-14,0.0
59.43071629652799,0.00017342103728923438,5.796287075844667e-14,0.0
59.469815451986236,7.00651928937944e-05,5.815337297494551e-14,0.0
59.508914607444474,0.000193747859586204,5.834469682873832e-14,0.0
59.54801376290272,0.00021960306042413072,5.853687628819027e-14,0.0
59.58711291836096,0.00017681466916717866,5.872995959960724e-14,0.0
59.626212073819204,7.500316378159002e-05,5.892388817302015e-14,0.0
59.66531122927744,0.00018435055058532517,5.911867179367403e-14,0.0
59.70441038473569,0.0002263896424608992,5.931437930523636e-14,0.0
59.74350954019393,0.0001744887317709567,5.951096062290331e-14,0.0
59.78260869565217,8.296421752317506e-05,5.970845106224259e-14,0.0
59.82170785111041,0.00017375747193335359,5.990682066228335e-14,0.0
59.860807006568656,0.0002354501703155568,6.010609003723663e-14,0.0
59.899906162026895,0.00016821027360684908,6.030623330015494e-14,0.0
59.93900531748514,8.978732310191257e-05,6.050737195953678e-14,0.0
59.97810447294338,0.00016658665803025684,6.070940542818619e-14,0.0
60.017203628401624,0.00024215485682454606,6.091232266549799e-14,0.0
60.05630278385986,0.0001620070463344121,6.111618402261981e-14,0.0
60.09540193931811,9.257550889820298e-05,6.132099202157953e-14,0.0
60.134501094776354,0.00016600921149738986,6.152680791793682e-14,0.0
60.17360025023459,0.00024324198952315566,6.173343490860717e-14,0.0
60.21269940569284,0.00016052040561086457,6.19411019224558e-14,0.0
60.25179856115108,9.022223011633994e-05,6.214969202675747e-14,0.0
60.29089771660932,0.0001711926551361737,6.235927202391464e-14,0.0
60.32999687206756,0.00023820670756124864,6.256984327945258e-14,0.0
60.369096027525806,0.00016592016006508926,6.278131307890484e-14,0.0
60.408195182984045,8.350817911645673e-05,6.299384679349115e-14,0.0
60.44729433844229,0.00017783834684174436,6.32073199265282e-14,0.0
60.48639349390053,0.0002296161458481123,6.342175655851339e-14,0.0
60.525492649358775,0.00017600987125521563,6.363727821984384e-14,0.0
60.56459180481701,7.524943166791086e-05,6.385373123532254e-14,0.0
60.60369096027526,0.00018118759309753332,6.407122572723932e-14,0.0
60.6427901157335,0.00022226568989622706,6.428969377348537e-14,0.0
60.68188927119174,0.0001859263611461993,6.450929733404637e-14,0.0
60.72098842664998,7.003371218908079e-05,6.472979420792304e-14,0.0
60.76008758210823,0.00017844065438462654,6.495139279874463e-14,0.0
60.799186737566465,0.00022076298694772916,6.51740530204838e-14,0.0
60.83828589302471,0.00019125616279058594,6.539770787626242e-14,0.0
60.87738504848295,7.178826276921971e-05,6.562245007057334e-14,0.0
60.916484203941195,0.00016974980504209984,6.584825293163845e-14,0.0
60.955583359399434,0.00022631323745600255,6.607509958952017e-14,0.0
60.99468251485768,0.00019000116463223032,6.630306582678679e-14,0.0
61.03378167031592,7.982706523661564e-05,6.65320825503855e-14,0.0
61.07288082577416,0.00015830737936940582,6.676212705571617e-14,0.0
61.1119799812324,0.0002356493321217675,6.699339805368582e-14,0.0
61.15107913669065,0.00018332288696047875,6.722566292848447e-14,0.0
61.190178292148886,8.959515572015036e-05,6.745904420672314e-14,0.0
61.22927744760713,0.00014943891646225713,6.769358828111143e-14,0.0
61.26837660306537,0.00024337978218816957,6.792921552949216e-14,0.0
61.307475758523616,0.00017542146826600492,6.816598423667226e-14,0.0
61.346574913981854,9.661398745757188e-05,6.840390340187569e-14,0.0
61.3856740694401,0.00014782194070379139,6.864286815352562e-14,0.0
61.42477322489834,0.00024516490353317723,6.888314087575881e-14,0.0
61.463872380356584,0.00017200614825104641,6.91244426207392e-14,0.0
61.50297153581482,9.822041857480026e-05,6.936695258785202e-14,0.0
61.54207069127307,0.00015373287525642735,6.961061000205629e-14,0.0
61.58116984673131,0.00023959473442487208,6.98555008367342e-14,0.0
61.62026900218955,0.00017675988925371363,7.010148789287636e-14,0.0
61.65936815764779,9.378511750410207e-05,7.034876664188696e-14,0.0
61.698467313106036,0.0001626990366505622,7.059716819998812e-14,0.0
61.737566468564275,0.00022874843077500489,7.084676704253848e-14,0.0
61.77666562402252,0.0001882541518472601,7.109763482056732e-14,0.0
61.81576477948076,8.482020157745773e-05,7.134972269911645e-14,0.0
61.854863934939004,0.00016907839657205042,7.160299043197547e-14,0.0
61.89396309039724,0.00021765136888014525,7.185753086336902e-14,0.0
61.93306224585549,0.000201171545243065,7.211330988729407e-14,0.0
61.97216140131373,7.523394229597739e-05,7.237037314219642e-14,0.0
62.01126055677197,0.00016909975045869703,7.262862592090498e-14,0.0
62.05035971223021,0.00021215173407298414,7.288818667344989e-14,0.0
62.08945886768846,0.00021005881948528326,7.314906637171019e-14,0.0
62.128558023146695,7.081430411840227e-05,7.341113834678808e-14,0.0
62.16765717860494,0.00016190448377046047,7.367454482836679e-14,0.0
62.20675633406318,0.00021523755855351525,7.393930341463912e-14,0.0
62.245855489521425,0.0002118275929044144,7.42053189027653e-14,0.0
62.28495464497966,7.53289635980454e-05,7.447264612635978e-14,0.0
62.32405380043791,0.00014959339115358722,7.474131187590088e-14,0.0
62.36315295589615,0.0002246898146779593,7.501133297980726e-14,0.0
62.40225211135439,0.0002065818850354817,7.528267348485104e-14,0.0
62.44135126681263,8.62305749331168e-05,7.555536622098507e-14,0.0
62.48045042227088,0.000136746875868726,7.582938626743184e-14,0.0
62.519549577729116,0.00023495284587911924,7.610487187472791e-14,0.0
62.55864873318736,0.00019751063403078425,7.638167315307594e-14,0.0
62.5977478886456,9.783344980978065e-05,7.665982441118851e-14,0.0
62.636847044103845,0.0001288279200805471,7.693943374139583e-14,0.0
62.675946199562084,0.0002408698247332854,7.722042534701214e-14,0.0
62.71504535502033,0.00018983263808285293,7.750283758830676e-14,0.0
62.75414451047857,0.00010580246057440801,7.778662923620826e-14,0.0
62.793243665936814,0.00012880625428858043,7.807191177063917e-14,0.0
62.83234282139505,0.00023997408170358569,7.835865638409818e-14,0.0
62.8714419768533,0.00018827465116934332,7.864676223557542e-14,0.0
62.910541132311536,0.00010816379078278404,7.893636531093029e-14,0.0
62.94964028776978,0.00013462538149357754,7.922745415198607e-14,0.0
62.98873944322803,0.0002330460297481581,7.952003449830659e-14,0.0
63.027838598686266,0.00019391795233182234,7.981407836106541e-14,0.0
63.06693775414451,0.00010515843490878674,8.010961565484622e-14,0.0
63.10603690960275,0.00014123659788178327,8.040666962949238e-14,0.0
63.145136065060996,0.00022357573108598903,8.070527898563928e-14,0.0
63.184235220519234,0.00020354434163366377,8.100539993118436e-14,0.0
63.22333437597748,9.904959806052178e-05,8.130700470036557e-14,0.0
63.26243353143572,0.00014434138245476177,8.161021353021945e-14,0.0
63.301532686893964,0.0002162186920228146,8.191499356459355e-14,0.0
63.3406318423522,0.0002123266521210516,8.222127331434185e-14,0.0
63.37973099781045,9.364109650810314e-05,8.252921306050196e-14,0.0
63.418830153268686,0.00014210870869503582,8.283873044657495e-14,0.0
63.45792930872693,0.00021430937964630984,8.314974929059093e-14,0.0
63.49702846418517,0.0002167595184201535,8.346256404669203e-14,0.0
63.536127619643416,9.26914858347333e-05,8.37768020303851e-14,0.0
63.575226775101655,0.00013525359688251176,8.409279846318489e-14,0.0
63.6143259305599,0.00021778306554655336,8.441044599609019e-14,0.0
63.65342508601814,0.00021594638153032874,8.472968395357717e-14,0.0
63.692524241476384,9.728727453298262e-05,8.50505906632059e-14,0.0
63.73162339693462,0.00012647165167237718,8.537326142900583e-14,0.0
63.77072255239287,0.0002235186553422492,8.56975007179882e-14,0.0
63.80982170785111,0.00021155177021198496,8.602354402621935e-14,0.0
63.84892086330935,0.0001050654825233886,8.635123002707148e-14,0.0
63.88802001876759,0.0001193214832903119,8.668070407081034e-14,0.0
63.92711917422584,0.00022771573744519952,8.701182516384963e-14,0.0
63.966218329684075,0.00020685672810794083,8.734478640295792e-14,0.0
64.00531748514231,0.00011247564633325745,8.767944246237171e-14,0.0
64.04441664060056,0.00011638848393988596,8.801589774382905e-14,0.0
64.0835157960588,0.00022801735747637246,8.835412089943989e-14,0.0
64.12261495151705,0.00020506647375874115,8.869416311385754e-14,0.0
64.16171410697528,0.00011699899827091979,8.903597160442201e-14,0.0
64.20081326243353,0.00011762288850333755,8.937967759042777e-14,0.0
64.23991241789177,0.00022429983851950778,8.972511632869853e-14,0.0
64.27901157335002,0.0002074902557546471,9.007247888903648e-14,0.0
64.31811072880825,0.00011788145947077721,9.042165598180949e-14,0.0
64.3572098842665,0.00012064064699509836,9.077272382746818e-14,0.0
64.39630903972474,0.00021836027958852214,9.112566241362142e-14,0.0
64.43540819518299,0.00021292363391910035,9.148053778600379e-14,0.0
64.47450735064122,0.0001160258507327495,9.18372468543879e-14,0.0
64.51360650609946,0.00012266001963562006,9.219597774130139e-14,0.0
64.55270566155771,0.00021287445930309225,9.255653957953977e-14,0.0
64.59180481701596,0.00021876517821469208,9.29191299590558e-14,0.0
64.63090397247419,0.0001134655020648494,9.32836337616259e-14,0.0
64.67000312793243,0.00012200935710752749,9.365018586033435e-14,0.0
64.70910228339068,0.00020998524640754903,9.401868283559676e-14,0.0
64.74820143884892,0.0002227094101566732,9.438913875135329e-14,0.0
64.78730059430715,0.00011242818014992268,9.476169947486712e-14,0.0
64.8263997497654,0.00011850961547497571,9.51362457237049e-14,0.0
64.86549890522365,0.00021021063695526363,9.551284473527673e-14,0.0
64.90459806068189,0.00022376822127042774,9.589154230736138e-14,0.0
64.94369721614012,0.00011418524529729988,9.627226633194243e-14,0.0
64.98279637159837,0.00011317177738586871,9.665513365804548e-14,0.0
65.02189552705661,0.00021242262506616284,9.703999150032608e-14,0.0
65.06099468251486,0.00022238054198626917,9.74271295161917e-14,0.0
65.10009383797309,0.00011844685622949744,9.781634404988377e-14,0.0
65.13919299343134,0.00010758565650981378,9.820767363134613e-14,0.0
65.17829214888958,0.00021481084155768946,9.860117345090305e-14,0.0
65.21739130434783,0.00021990173276099426,9.89969181797841e-14,0.0
65.25649045980606,0.00012385003077589155,9.939481458687707e-14,0.0
65.2955896152643,0.00010319120890933171,9.979490294310048e-14,0.0
65.33468877072255,0.00021593864127037406,1.001973160249994e-13,0.0
65.3737879261808,0.00021783197022311288,1.006018564957047e-13,0.0
65.41288708163903,0.00012895553062987065,1.0100873248160657e-13,0.0
65.45198623709727,0.00010068678103133652,1.0141787829344581e-13,0.0
65.49108539255552,0.00021523116836744593,1.0182930954850563e-13,0.0
65.53018454801376,0.00021715467578110678,1.0224306888220052e-13,0.0
65.569283703472,0.0001328857794524421,1.0265911086216886e-13,0.0
65.60838285893024,9.990114367559745e-05,1.0307755994727361e-13,0.0
65.64748201438849,0.0002128809817382372,1.0349831939881352e-13,0.0
65.68658116984673,0.00021809180238518543,1.0392152153120236e-13,0.0
65.72568032530496,0.0001354079487763847,1.0434704825475428e-13,0.0
65.76477948076321,0.00010016274934419383,1.0477505868728026e-13,0.0
65.80387863622146,0.0002094744332555736,1.052054549049762e-13,0.0
65.8429777916797,0.00022030417293887432,1.0563830366372383e-13,0.0
65.88207694713795,0.00013670621147634997,1.0607364502441474e-13,0.0
65.92117610259618,0.00010077329836090078,1.065114795371615e-13,0.0
65.96027525805442,0.00020564627200307775,1.0695176536910469e-13,0.0
65.99937441351267,0.00022325235539576315,1.073946604862285e-13,0.0
66.03847356897091,0.00013712037264253935,1.0784001398891949e-13,0.0
66.07757272442915,0.00010122664818361031,1.0828799843709656e-13,0.0
66.11667187988739,0.00020193129001738186,1.087385204736021e-13,0.0
66.15577103534564,0.0002264138181913123,1.0919162430967955e-13,0.0
66.19487019080388,0.00013702081569084304,1.0964744636750915e-13,0.0
66.23396934626211,0.00010117449257925282,1.1010577740572136e-13,0.0
66.27306850172036,0.00019878556752277892,1.1056685295012056e-13,0.0
66.3121676571786,0.0002292998670557286,1.1103057952328343e-13,0.0
66.35126681263685,0.00013683400363986904,1.1149702839669448e-13,0.0
66.39036596809508,0.00010034092364912937,1.1196615334300086e-13,0.0
66.42946512355333,0.00019661033832381002,1.1243807291524001e-13,0.0
66.46856427901157,0.0002314276362881151,1.1291266814681259e-13,0.0
66.50766343446982,0.0001370884967511446,1.1339017089729083e-13,0.0
66.54676258992805,9.853627252659747e-05,1.1387034246055171e-13,0.0
66.5858617453863,0.00019564416939105064,1.1435345444864525e-13,0.0
66.62496090084454,0.0002324006955508009,1.1483933529801506e-13,0.0
66.66406005630279,0.00013832145828380517,1.1532809752741406e-13,0.0
66.70315921176102,9.577101001019283e-05,1.1581977945645986e-13,0.0
66.74225836721926,0.00019577382263583315,1.1631432111482943e-13,0.0
66.78135752267751,0.00023209650392185509,1.1681186582034364e-13,0.0
66.82045667813576,0.00014082356970554537,1.1731228256677602e-13,0.0
66.85955583359399,9.23604839763917e-05,1.1781577433420274e-13,0.0
66.89865498905223,0.00019646707336154647,1.183221229266275e-13,0.0
66.93775414451048,0.00023081328300420808,1.1883168945827773e-13,0.0
66.97685329996872,0.00014441161344279601,1.1934416409436294e-13,0.0
67.01595245542696,8.889228787579251e-05,1.1985975534222804e-13,0.0
67.0550516108852,0.00019696971946466676,1.203784398788639e-13,0.0
67.09415076634345,0.00022920838868249475,1.2090025326115259e-13,0.0
67.13324992180169,0.00014847032892211434,1.214251727347361e-13,0.0
67.17234907725992,8.59960863428363e-05,1.2195328409240377e-13,0.0
67.21144823271817,0.00019668177914992783,1.2248461668894017e-13,0.0
67.25054738817641,0.0002279843788626088,1.2301918438731272e-13,0.0
67.28964654363466,0.00015229119578299334,1.2355687774086644e-13,0.0
67.32874569909289,8.400630590656796e-05,1.2409795253645688e-13,0.0
67.36784485455114,0.00019546636258210582,1.2464228514339328e-13,0.0
67.40694401000938,0.000227488376474041,1.2518998610726174e-13,0.0
67.44604316546763,0.00015548080474523274,1.2574093789322244e-13,0.0
67.48514232092586,8.276889262171327e-05,1.2629534432802087e-13,0.0
67.5242414763841,0.00019367279715446859,1.2685313576570824e-13,0.0
67.56334063184235,0.00022752918866370868,1.2741431777777314e-13,0.0
67.6024397873006,0.00015815874750307326,1.279790185115945e-13,0.0
67.64153894275883,8.180071661944712e-05,1.285471167545404e-13,0.0
67.68063809821707,0.0001918240993147501,1.2911881460363875e-13,0.0
67.71973725367532,0.00022760276133257905,1.2969399798130304e-13,0.0
67.75883640913356,0.00016079422320411046,1.3027276975729817e-13,0.0
67.7979355645918,8.071547492912844e-05,1.308551113161214e-13,0.0
67.83703472005004,0.00019014817701149713,1.3144109056807783e-13,0.0
67.87613387550829,0.00022739350123273045,1.3203074862658667e-13,0.0
67.91523303096653,0.0001637496948500078,1.3262404974091613e-13,0.0
67.95433218642476,7.96069544858046e-05,1.3322111900677655e-13,0.0
67.99343134188301,0.00018830009711584534,1.3382189800796727e-13,0.0
68.03253049734126,0.00022717743376509495,1.3442636300241646e-13,0.0
68.0716296527995,0.00016683838091191994,1.3503480787840288e-13,0.0
68.11072880825773,7.910940221091409e-05,1.3564698436951262e-13,0.0
68.14982796371598,0.00018554077408533735,1.3626303088350098e-13,0.0
68.18892711917422,0.00022777907647163014,1.3688298027790617e-13,0.0
68.22802627463247,0.0001692663942979311,1.3750690560039661e-13,0.0
68.2671254300907,8.000707073890111e-05,1.38134759817747e-13,0.0
68.30622458554895,0.0001813073338436996,1.3876656308140034e-13,0.0
68.34532374100719,0.00023000036692032028,1.394024498871671e-13,0.0
68.38442289646544,0.00017007077226214226,1.4004241254919206e-13,0.0
68.42352205192367,8.255972240232288e-05,1.4068646638906488e-13,0.0
68.46262120738191,0.0001758274239560649,1.413346168218425e-13,0.0
68.50172036284016,0.00023385415145324003,1.419869240637506e-13,0.0
68.5408195182984,0.00016881026671958083,1.4264344893417213e-13,0.0
68.57991867375664,8.608413140624024e-05,1.4330429708131041e-13,0.0
68.61901782921488,0.0001703758119705728,1.4396924019679141e-13,0.0
68.65811698467313,0.00023821153539579248,1.4463862003286076e-13,0.0
68.69721614013137,0.00016612598900500705,1.4531229862785542e-13,0.0
68.73631529558962,8.919123352669801e-05,1.4599036418034751e-13,0.0
68.77541445104785,0.00016685902698868187,1.466728000097391e-13,0.0
68.8145136065061,0.00024121528137163733,1.473597879776302e-13,0.0
68.85361276196434,0.00016381134613136744,1.480511742423393e-13,0.0
68.89271191742259,9.043520853322851e-05,1.4874712311660312e-13,0.0
68.93181107288082,0.0001667039620963978,1.4944764079405404e-13,0.0
68.97091022833906,0.00024121074997961693,1.501527306801374e-13,0.0
69.01000938379731,0.00016409945193490615,1.5086252722633808e-13,0.0
69.04910853925556,8.892187056223224e-05,1.5157699144664788e-13,0.0
69.08820769471379,0.00016971374084042836,1.5229612175982737e-13,0.0
69.12730685017203,0.0002376567380386922,1.5302012883045785e-13,0.0
69.16640600563028,0.00016828309024713233,1.537487783790229e-13,0.0
69.20550516108852,8.470826350240363e-05,1.544824437234146e-13,0.0
69.24460431654676,0.00017395102548225489,1.5522089779853464e-13,0.0
69.283703472005,0.00023160272377111224,1.5596436149278986e-13,0.0
69.32280262746325,0.00017565372536491403,1.5671271285162516e-13,0.0
69.36190178292149,7.900374964883239e-05,1.574661318273261e-13,0.0
69.40100093837972,0.00017679755306453142,1.5822461624888747e-13,0.0
69.44010009383797,0.0002254763962570714,1.589881984351357e-13,0.0
69.47919924929622,0.0001838173227525533,1.597569509539719e-13,0.0
69.51829840475446,7.406424255973574e-05,1.6053084517328186e-13,0.0
69.55739756021269,0.00017626897697432917,1.6131004915463792e-13,0.0
69.59649671567094,0.0002220387182514007,1.6209444940472939e-13,0.0
69.63559587112918,0.00019006054773785776,1.6288431042887003e-13,0.0
69.67469502658743,7.23582219822321e-05,1.6367949409029248e-13,0.0
69.71379418204566,0.000171847920265426,1.6448003341923154e-13,0.0
69.7528933375039,0.00022280732641152866,1.6528617800073124e-13,0.0
69.79199249296215,0.00019265337455293724,1.6609775183535145e-13,0.0
69.8310916484204,7.489168778549743e-05,1.6691497404812283e-13,0.0
69.87019080387863,0.00016469332982057053,1.6773777050076243e-13,0.0
69.90928995933687,0.0002270324910326727,1.6856628645141257e-13,0.0
69.94838911479512,0.00019152860828103505,1.6940045056810046e-13,0.0
69.98748827025337,8.029857781743617e-05,1.7024052234229493e-13,0.0
70.0265874257116,0.00015723077955372657,1.7108628910802034e-13,0.0
70.06568658116984,0.00023219878244885037,1.7193807869338112e-13,0.0
70.10478573662809,0.0001882886394374506,1.7279559745715982e-13,0.0
70.14388489208633,8.600500701635814e-05,1.7365934495068155e-13,0.0
70.18298404754456,0.00015206864509317438,1.7452900951725265e-13,0.0
70.22208320300281,0.0002355896380501418,1.7540481566389604e-13,0.0
70.26118235846106,0.0001855183981460103,1.762867328522068e-13,0.0
70.3002815139193,8.986354181682212e-05,1.7717488066483084e-13,0.0
70.33938066937753,0.00015051858134059365,1.780693037883705e-13,0.0
70.37847982483578,0.00023567910404506857,1.7897009020940386e-13,0.0
70.41757898029402,0.00018546603296011062,1.7987715838047363e-13,0.0
70.45667813575227,9.091547286333417e-05,1.807908199668505e-13,0.0
70.4957772912105,0.00015177429793551792,1.817108481505779e-13,0.0
70.53487644666875,0.000232704500896341,1.8263752609777869e-13,0.0
70.57397560212699,0.00018871689162521435,1.8357074802303435e-13,0.0
70.61307475758524,8.950767412656282e-05,1.8451076216615003e-13,0.0
70.65217391304347,0.0001536030816493964,1.8545741525000544e-13,0.0
70.69127306850172,0.0002283914261564067,1.8641100232140374e-13,0.0
70.73037222395996,0.0001939323740747636,1.8737136093300916e-13,0.0
70.7694713794182,8.707315413388007e-05,1.883386704990203e-13,0.0
70.80857053487644,0.00015385314815121777,1.8931303121278022e-13,0.0
70.84766969033468,0.00022498890286841222,1.9029448381367228e-13,0.0
70.88676884579293,0.00019889473562275802,1.9128299705799234e-13,0.0
70.92586800125117,8.552997793532616e-05,1.9227877120896114e-13,0.0
70.9649671567094,0.00015153909425882648,1.9328178353298298e-13,0.0
71.00406631216765,0.00022399713141376721,1.9429222028256256e-13,0.0
71.0431654676259,0.00020188594063703155,1.95309946989571e-13,0.0
71.08226462308414,8.626753246507872e-05,1.9633527013588876e-13,0.0
71.12136377854237,0.00014709912983602944,1.9736806098352534e-13,0.0
71.16046293400062,0.00022534446649624825,1.9840856751734634e-13,0.0
71.19956208945887,0.00020248273332992224,1.9945674379976332e-13,0.0
71.23866124491711,8.928861345713457e-05,2.0051266039109615e-13,0.0
71.27776040037534,0.00014197926929447984,2.0157645105806774e-13,0.0
71.31685955583359,0.00022763855245839902,2.0264822950563377e-13,0.0
71.35595871129183,0.0002015523613548457,2.0372791239566376e-13,0.0
71.39505786675008,9.336687282662173e-05,2.0481577307993345e-13,0.0
71.43415702220831,0.00013777390569243917,2.0591173986551895e-13,0.0
71.47325617766656,0.00022922555395724618,2.0701598395470654e-13,0.0
71.5123553331248,0.0002006070868636537,2.0812848629383014e-13,0.0
71.55145448858305,9.703642491454518e-05,2.0924946566256123e-13,0.0
71.5905536440413,0.00013530132604050926,2.1037892148272196e-13,0.0
71.62965279949952,0.00022918917334795283,2.1151688632535555e-13,0.0
71.66875195495777,0.00020086095545890082,2.1266362141437742e-13,0.0
71.70785111041602,9.945365525558025e-05,2.138189657444688e-13,0.0
71.74695026587426,0.00013421254106496105,2.149832892558887e-13,0.0
71.78604942133249,0.0002277070853547379,2.161563637798425e-13,0.0
71.82514857679074,0.0002025427186838139,2.1733860541261846e-13,0.0
71.86424773224898,0.0001006798397958733,2.185298096327874e-13,0.0
71.90334688770723,0.00013343656074052594,2.1973030436662161e-13,0.0
71.94244604316546,0.00022571902288463972,2.2094005556667992e-13,0.0
71.9815451986237,0.00020493699700892948,2.2215911941510312e-13,0.0
72.02064435408195,0.00010145318125616162,2.2338771685637788e-13,0.0
72.0597435095402,0.00013202470670490419,2.246258857111012e-13,0.0
72.09884266499843,0.00022419911325810083,2.2587366965457784e-13,0.0
72.13794182045667,0.00020705615630697897,2.2713123634564936e-13,0.0
72.17704097591492,0.00010263549826620687,2.2839865409413483e-13,0.0
72.21614013137317,0.00012971913552432943,2.2967610224419715e-13,0.0
72.2552392868314,0.00022351035078828585,2.309634716819716e-13,0.0
72.29433844228964,0.00020835972126144624,2.3226117186211537e-13,0.0
72.33343759774789,0.00010463418885475416,2.3356900723204374e-13,0.0
72.37253675320613,0.00012696070734855488,2.348873707573513e-13,0.0
72.41163590866437,0.00022327420186101245,2.3621606168343897e-13,0.0
72.45073506412261,0.00020902710021865212,2.375554472631667e-13,0.0
72.48983421958086,0.00010719444286768171,2.389054981181922e-13,0.0
72.5289333750391,0.00012444812551722803,2.4026640748130746e-13,0.0
72.56803253049733,0.00022279663352416096,2.416382006706652e-13,0.0
72.60713168595558,0.00020968754182376659,2.4302107392143845e-13,0.0
72.64623084141382,0.0001097041688483012,2.444150799705965e-13,0.0
72.68532999687207,0.00012258084765856932,2.458204138117135e-13,0.0
72.7244291523303,0.00022165502136660696,2.4723704991551174e-13,0.0
72.76352830778855,0.00021086247297403366,2.48665391012217e-13,0.0
72.8026274632468,0.00011171425400425418,2.5010514053400256e-13,0.0
72.84172661870504,0.00012119324140890714,2.5155684388973116e-13,0.0
72.88082577416327,0.00021998649630986685,2.530203144866363e-13,0.0
72.91992492962152,0.0002125566106182445,2.5449592080263485e-13,0.0
72.95902408507976,0.00011325769400470974,2.5598355771329565e-13,0.0
72.998123240538,0.00011977424944796425,2.574835471304225e-13,0.0
73.03722239599624,0.00021829941078438546,2.5899592060801186e-13,0.0
73.07632155145448,0.00021431825452350076,2.60520891586102e-13,0.0
73.11542070691273,0.0001147654230728669,2.6205844188534255e-13,0.0
73.15451986237098,0.00011795323355155482,2.636089401017094e-13,0.0
73.1936190178292,0.00021698460472867597,2.651722748522283e-13,0.0
73.23271817328745,0.00021569508702560307,2.6674882625171296e-13,0.0
73.2718173287457,0.00011665488647418963,2.683385105330607e-13,0.0
73.31091648420394,0.00011583752607919495,2.6994165264557124e-13,0.0
73.35001563966217,0.00021593318405780412,2.715583690182161e-13,0.0
73.38911479512042,0.0002166859133032438,2.7318867884547115e-13,0.0
73.42821395057867,0.00011890708349500532,2.7483289579142193e-13,0.0
73.46731310603691,0.00011393908664092902,2.764910799887646e-13,0.0
73.50641226149514,0.00021460272686164289,2.7816343164322867e-13,0.0
73.54551141695339,0.00021780466127861646,2.7985004516902454e-13,0.0
73.58461057241163,0.00012100264306891826,2.81551219994042e-13,0.0
73.62370972786988,0.00011272229364010215,2.832669338221564e-13,0.0
73.66280888332811,0.00021250767032676351,2.8499749318015123e-13,0.0
73.70190803878636,0.0002196628130745516,2.867429868556416e-13,0.0
73.7410071942446,0.00012231018590469782,2.8850364406774203e-13,0.0
73.78010634970285,0.00011210353575612669,2.902795853837845e-13,0.0
73.81920550516108,0.0002097570233344486,2.92070989926021e-13,0.0
73.85830466061932,0.00022235587431275052,2.938780871282158e-13,0.0
73.89740381607757,0.00012265361274497533,2.9570101609913673e-13,0.0
73.93650297153582,0.00011134101934546858,2.9753990215177814e-13,0.0
73.97560212699405,0.00020720571281815985,2.993950416525208e-13,0.0
74.0147012824523,0.00022516410298065634,3.012665500017391e-13,0.0
74.05380043791054,0.00012266417852002464,3.0315464258966995e-13,0.0
74.09289959336878,0.00010945018539323947,3.050595287732919e-13,0.0
74.13199874882702,0.000206004242131058,3.069812901495476e-13,0.0
74.17109790428526,0.0002268775258282653,3.0892036473398347e-13,0.0
74.2101970597435,0.00012360800399071532,3.1087664707378044e-13,0.0
74.24929621520175,0.00010585189014652568,3.1285059322767666e-13,0.0
74.28839537065998,0.00020674139845961283,3.1484222563883427e-13,0.0
74.32749452611823,0.00022656167926737766,3.168519295106654e-13,0.0
74.36659368157648,0.00012661201276335763,3.1887982174201976e-13,0.0
74.40569283703472,0.00010087001789444428,3.209260680288738e-13,0.0
74.44479199249297,0.00020880903858793372,3.2299097620058665e-13,0.0
74.4838911479512,0.00022428019418849985,3.250747707064899e-13,0.0
74.52299030340944,0.00013173101583543198,3.2717761404037404e-13,0.0
74.56208945886769,9.582740466988018e-05,3.29299782466971e-13,0.0
74.60118861432593,0.00021057597769690183,3.31441408642714e-13,0.0
74.64028776978417,0.00022133006025889295,3.336029202066463e-13,0.0
74.67938692524241,0.00013768719506491992,3.357843889281847e-13,0.0
74.71848608070066,9.253810713153578e-05,3.3798617952365485e-13,0.0
74.7575852361589,0.00021028871489523618,3.402083922625586e-13,0.0
74.79668439161713,0.0002197265652896659,3.4245141254403114e-13,0.0
74.83578354707538,0.00014255615424044668,3.4471543567743506e-13,0.0
74.87488270253363,9.217682085102343e-05,3.470007547742575e-13,0.0
74.91398185799187,0.00020708684070359709,3.4930756184865975e-13,0.0
74.9530810134501,0.00022102108939115798,3.5163617355189696e-13,0.0
74.99218016890835,0.00014481706423561977,3.5398688850168074e-13,0.0
75.0312793243666,9.427479937082165e-05,3.5635997566047145e-13,0.0
75.07037847982484,0.00020159732901331779,3.5875557769266994e-13,0.0
75.10947763528307,0.00022515646235288976,3.6117412846698196e-13,0.0
75.14857679074132,0.00014415635534339148,3.6361597253149067e-13,0.0
75.18767594619956,9.693596270362616e-05,3.660811886140854e-13,0.0
75.22677510165781,0.00019582818479903848,3.685702036632155e-13,0.0
75.26587425711604,0.00023033684357842073,3.710833235000934e-13,0.0
75.30497341257428,0.00014177770063478329,3.7362083299637533e-13,0.0
75.34407256803253,9.803045364999445e-05,3.7618303396697287e-13,0.0
75.38317172349078,0.0001922367908341521,3.7877027144335285e-13,0.0
75.422270878949,0.000234067247904168,3.813828135351172e-13,0.0
75.46137003440725,0.00014004794506261516,3.8402107127780607e-13,0.0
75.5004691898655,9.623987023996794e-05,3.866851980563085e-13,0.0
75.53956834532374,0.00019223699004564953,3.8937588176805013e-13,0.0
75.57866750078198,0.00023453674316364402,3.9209301445005423e-13,0.0
75.61776665624022,0.0001413119429489796,3.9483728097483866e-13,0.0
75.65686581169847,9.153851289202241e-05,3.9760888169982386e-13,0.0
75.69596496715671,0.0001951558884510408,4.004082707573815e-13,0.0
75.73506412261494,0.00023154772072344704,4.0323564886323363e-13,0.0
75.77416327807319,0.00014632483259633758,4.0609163144079677e-13,0.0
75.81326243353143,8.525756501800274e-05,4.089763550381656e-13,0.0
75.85236158898968,0.0001986252740561453,4.1189035974523146e-13,0.0
75.89146074444791,0.00022668418261308614,4.148339256614865e-13,0.0
75.93055989990616,0.00015365279181587963,4.178075959640202e-13,0.0
75.9696590553644,7.975070585914478e-05,4.2081160326541675e-13,0.0
76.00875821082265,0.00020003326933193136,4.23846491065068e-13,0.0
76.04785736628088,0.00022263969240589099,4.269125447842583e-13,0.0
76.08695652173913,0.000160669221110179,4.300103439654305e-13,0.0
76.12605567719737,7.737558031948714e-05,4.3314020219649817e-13,0.0
76.16515483265562,0.00019786088799347615,4.3630260100387824e-13,0.0
76.20425398811385,0.00022181067839060025,4.39497959657196e-13,0.0
76.2433531435721,0.000165085467364851,4.427267836742781e-13,0.0
76.28245229903034,7.891797117960278e-05,4.459894285496651e-13,0.0
76.32155145448858,0.00019228577815405494,4.492865196570209e-13,0.0
76.36065060994682,0.00022484644189947267,4.5261838391621967e-13,0.0
76.39974976540506,0.000165941243433458,4.559856145481242e-13,0.0
76.43884892086331,8.298192236276013e-05,4.593885854254048e-13,0.0
76.47794807632155,0.00018503382520935511,4.628279556354807e-13,0.0
76.51704723177978,0.00023029856220618778,4.663040593546912e-13,0.0
76.55614638723803,0.00016386754775325174,4.698176377608919e-13,0.0
76.59524554269628,8.720530137275422e-05,4.733689034253281e-13,0.0
76.63434469815452,0.00017857220262642776,4.769587503562017e-13,0.0
76.67344385361275,0.00023567458537241076,4.805874328069347e-13,0.0
76.712543009071,0.000160734827907669,4.842557228256601e-13,0.0
76.75164216452924,8.973787767698793e-05,4.879639891287522e-13,0.0
76.79074131998749,0.00017485010563407613,4.917130157593224e-13,0.0
76.82984047544572,0.0002389090976630837,4.955031816307158e-13,0.0
76.86893963090397,0.000158759475804052,4.993352899456108e-13,0.0
76.90803878636221,8.984431909852106e-05,5.032097540982585e-13,0.0
76.94713794182046,0.0001742431863910321,5.071273726353424e-13,0.0
76.98623709727869,0.00023925031842010307,5.110886296664879e-13,0.0
77.02533625273693,0.00015935006901010538,5.15094255427636e-13,0.0
77.06443540819518,8.785693156497778e-05,5.191448651208566e-13,0.0
77.10353456365343,0.00017554843959498092,5.232411618527645e-13,0.0
77.14263371911166,0.00023731115133645265,5.273837741479356e-13,0.0
77.1817328745699,0.000162422043814246,5.31573377365788e-13,0.0
77.22083203002815,8.48188353109827e-05,5.358108318955603e-13,0.0
77.2599311854864,0.00017700746475280988,5.40096659291027e-13,0.0
77.29903034094464,0.00023448056984982043,5.444316529534816e-13,0.0
77.33812949640287,0.00016675997732652244,5.488166165187215e-13,0.0
77.37722865186112,8.194087648323269e-05,5.532522634693853e-13,0.0
77.41632780731936,0.00017739880008046536,5.577393859761812e-13,0.0
77.45542696277761,0.0002320617410540936,5.622786770313618e-13,0.0
77.49452611823584,0.0001710294654789768,5.668711468293263e-13,0.0
77.53362527369408,8.002030884026614e-05,5.715173705634119e-13,0.0
77.57272442915233,0.00017646652048158376,5.762183558332446e-13,0.0
77.61182358461058,0.00023062564671690438,5.809748740869938e-13,0.0
77.65092274006881,0.00017454549665905385,5.857878164141383e-13,0.0
77.69002189552705,7.914319146794352e-05,5.906579817036078e-13,0.0
77.7291210509853,0.00017465522054986322,5.955865001983531e-13,0.0
77.76822020644354,0.00022997400214477386,6.005740067010493e-13,0.0
77.80731936190178,0.00017736691884012815,6.056216768772837e-13,0.0
77.84641851736002,7.891059572420223e-05,6.107302118116464e-13,0.0
77.88551767281827,0.00017250612784880685,6.159008347475063e-13,0.0
77.92461682827651,0.00022965097985705744,6.211344319634135e-13,0.0
77.96371598373474,0.0001798598012452362,6.264319709151406e-13,0.0
78.00281513919299,7.897261415986725e-05,6.317945246692537e-13,0.0
78.04191429465124,0.00017017608037057797,6.372232189795148e-13,0.0
78.08101345010948,0.0002295041222321712,6.427189989476859e-13,0.0
78.12011260556771,0.0001821557789447306,6.482830175749651e-13,0.0
78.15921176102596,7.938809209434474e-05,6.539164340686467e-13,0.0
78.1983109164842,0.00016742109118551103,6.596203541881258e-13,0.0
78.23741007194245,0.00022981135753464283,6.653959681596594e-13,0.0
78.27650922740068,0.0001839487469448754,6.712443472404184e-13,0.0
78.31560838285893,8.052969001644362e-05,6.771668977628599e-13,0.0
78.35470753831717,0.0001640206064221673,6.831647458140499e-13,0.0
78.39380669377542,0.0002308899633615772,6.892391223308727e-13,0.0
78.43290584923365,0.0001847936116152755,6.953914112945999e-13,0.0
78.4720050046919,8.262094129545077e-05,7.016228910436526e-13,0.0
78.51110416015014,0.00016026470455269263,7.079349104496418e-13,0.0
78.55020331560839,0.00023254593414756238,7.143288031541015e-13,0.0
78.58930247106662,0.00018466301854943158,7.208060343503339e-13,0.0
78.62840162652486,8.530461261293292e-05,7.273680176837946e-13,0.0
78.66750078198311,0.00015706466359548257,7.340161956109159e-13,0.0
78.70659993744135,0.000233888306576717,7.407520991378682e-13,0.0
78.74569909289959,0.00018430936161962952,7.475772249472577e-13,0.0
78.78479824835783,8.76517102398307e-05,7.54493215637734e-13,0.0
78.82389740381608,0.0001554747587398832,7.615015398688285e-13,0.0
78.86299655927432,0.00023374458817005872,7.686039106251361e-13,0.0
78.90209571473255,0.00018506226786893049,7.758020151647269e-13,0.0
78.9411948701908,8.861985748447527e-05,7.830974844292645e-13,0.0
78.98029402564904,0.00015585855893656677,7.904920931566076e-13,0.0
79.01939318110729,0.00023142518462987977,7.979876347675287e-13,0.0
79.05849233656552,0.00018802207586370167,8.05585948883872e-13,0.0
79.09759149202377,8.764202131413447e-05,8.132888486433995e-13,0.0
79.13669064748201,0.0001573776126741461,8.210981973875152e-13,0.0
79.17578980294026,0.00022734741379522975,8.290161535765787e-13,0.0
79.21488895839849,0.00019315202618882952,8.370443906376226e-13,0.0
79.25398811385674,8.507167544104241e-05,8.451852089295247e-13,0.0
79.29308726931498,0.00015832248990732905,8.534405859683112e-13,0.0
79.33218642477323,0.0002231008984757633,8.618126819156932e-13,0.0
79.37128558023146,0.00019906082024329438,8.703035542324287e-13,0.0
79.4103847356897,8.230963193881313e-05,8.789156696652625e-13,0.0
79.44948389114795,0.00015704100850072732,8.876510676058209e-13,0.0
79.4885830466062,0.000220745496136381,8.965122851496586e-13,0.0
79.52768220206443,0.0002037210574135817,9.055015418029499e-13,0.0
79.56678135752267,8.135135070380848e-05,9.14621440525487e-13,0.0
79.60588051298092,0.0001528214312878283,9.238743576933497e-13,0.0
79.64497966843916,0.00022155929782128437,9.332629476293982e-13,0.0
79.6840788238974,0.000205573375742551,9.427897535255853e-13,0.0
79.72317797935564,8.359202200943117e-05,9.52457587301148e-13,0.0
79.76227713481389,0.00014632671399072885,9.622690982828538e-13,0.0
79.80137629027213,0.00022508296572457047,9.72227169135654e-13,0.0
79.84047544573036,0.00020435508159894288,9.823345936906703e-13,0.0
79.87957460118861,8.868213396124919e-05,9.925945136356684e-13,0.0
79.91867375664685,0.00013942998739093027,1.003009734809932e-12,0.0
79.9577729121051,0.00022933129246863312,1.013583623922559e-12,0.0
79.99687206756333,0.00020131138423724057,1.0243191516378458e-12,0.0
80.03597122302158,9.475311809837509e-05,1.0352196292595683e-12,0.0
80.07507037847982,0.0001343613591408157,1.0462885073358041e-12,0.0
80.11416953393807,0.0002320168883803242,1.0575291223413609e-12,0.0
80.15326868939631,0.00019865185310111952,1.0689450363946857e-12,0.0
80.19236784485454,9.970929522804869e-05,1.080539784178708e-12,0.0
80.23146700031279,0.000132367910790457,1.0923171681687858e-12,0.0
80.27056615577104,0.0002318316953300376,1.1042809363098484e-12,0.0
80.30966531122928,0.00019833124213351343,1.1164349307002461e-12,0.0
80.34876446668751,0.00010230983175328503,1.1287831954346904e-12,0.0
80.38786362214576,0.0001328271709540961,1.1413298222546686e-12,0.0
80.426962777604,0.00022907507718116128,1.1540789741755022e-12,0.0
80.46606193306225,0.00020079194836059141,1.1670350151109493e-12,0.0
80.50516108852048,0.00010262385644076803,1.1802023553019994e-12,0.0
80.54426024397873,0.00013375461483134462,1.1935854520943993e-12,0.0
80.58335939943697,0.0002254175505219819,1.2071890456210752e-12,0.0
80.62245855489522,0.0002047034456027408,1.2210179366125786e-12,0.0
80.66155771035345,0.00010194513331407685,1.2350769834682204e-12,0.0
80.7006568658117,0.00013323417564539784,1.2493711600000855e-12,0.0
80.73975602126994,0.00022287482578447338,1.2639057686335252e-12,0.0
80.77885517672819,0.0002079860651141419,1.2786860845980677e-12,0.0
80.81795433218642,0.00010212126465190954,1.2937174964541827e-12,0.0
80.85705348764466,0.00013057474852444783,1.309005664521747e-12,0.0
80.89615264310291,0.00022245572067768006,1.324556382226284e-12,0.0
80.93525179856115,0.00020925361093482775,1.3403754708347983e-12,0.0
80.97435095401939,0.00010435856132022165,1.3564690060825141e-12,0.0
81.01345010947763,0.0001266518404514059,1.3728433974295982e-12,0.0
81.05254926493588,0.0002234174277393285,1.3895047802716338e-12,0.0
81.09164842039412,0.00020871378194290883,1.40646005213695e-12,0.0
81.13074757585235,0.00010826221098221056,1.423715669484456e-12,0.0
81.1698467313106,0.0001233941419626985,1.4412788952321447e-12,0.0
81.20894588676884,0.00022379305339522852,1.4591565893568612e-12,0.0
81.24804504222709,0.00020810057293613028,1.4773564264487045e-12,0.0
81.28714419768532,0.00011206404676283757,1.4958857089137548e-12,0.0
81.32624335314357,0.00012250204078824602,1.5147522716889877e-12,0.0
81.36534250860181,0.0002217826927292477,1.53396410346941e-12,0.0
81.40444166406006,0.00020959032289013567,1.5535296064528207e-12,0.0
81.44354081951829,0.00011381199376968587,1.5734568638210356e-12,0.0
81.48263997497654,0.00012405712573769812,1.593754921023258e-12,0.0
81.52173913043478,0.00021703656471072402,1.614432434348102e-12,0.0
81.56083828589303,0.00021417537505710686,1.6354987740582377e-12,0.0
81.59993744135126,0.00011255885658263633,1.6569632549978278e-12,0.0
81.6390365968095,0.00012625746465374385,1.6788356871027936e-12,0.0
81.67813575226775,0.0002111705048543903,1.7011259173653713e-12,0.0
81.717234907726,0.0002206820149375559,1.7238444089068716e-12,0.0
81.75633406318423,0.00010908660275621918,1.7470014841408254e-12,0.0
81.79543321864247,0.00012653492367977804,1.7706081679675712e-12,0.0
81.83453237410072,0.0002071881371100482,1.7946755603668656e-12,0.0
81.87363152955896,0.00022632018750998818,1.8192150815890925e-12,0.0
81.9127306850172,0.00010601804445704816,1.844238598289267e-12,0.0
81.95182984047544,0.00012296238250086817,1.8697581252068336e-12,0.0
81.99092899593369,0.00020774793934127557,1.895786157757183e-12,0.0
82.03002815139193,0.00022824871014274137,1.922335503412136e-12,0.0
82.06912730685016,0.00010680424673006925,1.9494192231697643e-12,0.0
82.10822646230841,0.00011515863124924915,1.9770508987358593e-12,0.0
82.14732561776665,0.0002131514617737661,2.0052442179372876e-12,0.0
82.1864247732249,0.00022505564237125812,2.034013545599966e-12,0.0
82.22552392868313,0.00011332152872377987,2.063373307487821e-12,0.0
82.26462308414138,0.00010470460094261433,2.0933386156065003e-12,0.0
82.30372223959962,0.00022083414357888505,2.1239244992936583e-12,0.0
82.34282139505787,0.00021760996453563047,2.155146965284382e-12,0.0
82.3819205505161,0.0001241163263988215,2.1870217846034214e-12,0.0
82.42101970597435,9.513659994271003e-05,2.2195655624492446e-12,0.0
82.46011886143259,0.0002268463186307504,2.2527950164801477e-12,0.0
82.49921801689084,0.00020913664790002244,2.286727148366117e-12,0.0
82.53831717234907,0.00013549193182390957,2.321379718021368e-12,0.0
82.57741632780731,9.084601439576619e-05,2.3567702116045556e-12,0.0
82.61651548326556,0.00022784717316239682,2.3929169439127723e-12,0.0
82.6556146387238,0.00020419377411779724,2.429838223921509e-12,0.0
82.69471379418204,0.0001437339681090207,2.4675527256973907e-12,0.0
82.73381294964028,9.402659618147693e-05,2.506079312178777e-12,0.0
82.77291210509853,0.00022240117781226307,2.5454370029584943e-12,0.0
82.81201126055677,0.0002062890768712679,2.5856449648058737e-12,0.0
82.851110416015,0.00014643280629524565,2.6267224747121243e-12,0.0
82.89020957147325,0.00010244257903324143,2.668688627546919e-12,0.0
82.9293087269315,0.0002114887802735301,2.7115626077557384e-12,0.0
82.96840788238974,0.00021540738993891637,2.75536327922568e-12,0.0
83.00750703784799,0.00014297792854921917,2.8001090841446353e-12,0.0
83.04660619330622,0.00011154633984454638,2.8458183030723676e-12,0.0
83.08570534876446,0.00019842460772860618,2.892508129211129e-12,0.0
83.12480450422271,0.0002279717066652904,2.940195171710509e-12,0.0
83.16390365968095,0.0001347487631122758,2.988894984554636e-12,0.0
83.20300281513919,0.00011748487211174858,3.0386215016162215e-12,0.0
83.24210197059743,0.00018802160578750923,3.0893871425797452e-12,0.0
83.28120112605568,0.00023917827430528676,3.1412020994312277e-12,0.0
83.32030028151392,0.0001251381879388236,3.194074287931743e-12,0.0
83.35939943697215,0.00011810273552936487,3.2480082817003163e-12,0.0
83.3984985924304,0.00018454535876295274,3.303004967844988e-12,0.0
83.43759774788865,0.00024523874933944146,3.3590610495359705e-12,0.0
83.47669690334689,0.0001189724602183625,3.4161677440224947e-12,0.0
83.51579605880512,0.00011288646408297079,3.4743100705658272e-12,0.0
83.55489521426337,0.00018904956854323997,3.5334654433287634e-12,0.0
83.59399436972161,0.0002444248850979972,3.59360254360647e-12,0.0
83.63309352517986,0.00012033061913618478,3.654679328989961e-12,0.0
83.67219268063809,0.00010276640889654973,3.716641168436003e-12,0.0
83.71129183609634,0.00019864506271912078,3.77941866001904e-12,0.0
83.75039099155458,0.00023729149673029626,3.842924240815597e-12,0.0
83.78949014701283,0.00012949180493890798,3.907049722542462e-12,0.0
83.82858930247106,9.002773513191583e-05,3.9716612067399334e-12,0.0
83.8676884579293,0.0002086109622255047,4.036594850147833e-12,0.0
83.90678761338755,0.00022649469992446178,4.101650706537938e-12,0.0
83.9458867688458,0.00014284007097245272,4.166585858031664e-12,0.0
83.98498592430403,7.830806209431027e-05,4.2311049807572426e-12,0.0
84.02408507976227,0.000214840931284572,4.29485052180852e-12,0.0
84.06318423522052,0.0002162128423129874,4.357389141100329e-12,0.0
84.10228339067876,0.00015575390049350226,4.418195455079424e-12,0.0
84.141382546137,7.202802625235525e-05,4.4766324058638735e-12,0.0
84.18048170159524,0.00021498273933560658,4.5319257413431046e-12,0.0
84.21958085705349,0.00021084474931629363,4.583133275360571e-12,0.0
84.25868001251173,0.0001646907549517203,4.629105008160718e-12,0.0
84.29777916796996,7.378801109403057e-05,4.6684328590306815e-12,0.0
84.33687832342821,0.00020865968682152563,4.699387701513057e-12,0.0
84.37597747888645,0.00021294507981611276,4.71983601585511e-12,0.0
84.4150766343447,0.0001677366258011937,4.727135787447783e-12,0.0
84.45417578980293,8.169247920478046e-05,4.717998931005032e-12,0.0
84.49327494526118,0.00019740302840583,4.688316682382615e-12,0.0
84.53237410071942,0.00022167893046816473,4.632934908089046e-12,0.0
84.57147325617767,0.00016464205676695068,4.545378665717685e-12,0.0
84.6105724116359,9.134074595341998e-05,4.417537858832567e-12,0.0
84.64967156709415,0.00018447723449172392,4.239403176271109e-12,0.0
84.68877072255239,0.00023338661687912727,3.999162203722516e-12,0.0
84.72786987801064,0.00015686783245303005,3.684767804324218e-12,0.0
84.76696903346887,9.898315705997205e-05,3.291029107803221e-12,0.0
84.80606818892711,0.0001743113473728133,2.848073256431365e-12,0.0
84.84516734438536,0.000243598700077797,2.5282997893536685e-12,0.0
84.8842664998436,0.00014764694291452917,2.871536373891249e-12,0.0
84.92336565530184,0.00010231444482211252,4.585444386998023e-12,0.0
84.96246481076008,0.00017090527061737392,1.0677112771370863e-10,0.0
85.00156396621833,0.00024873252166568053,5.377551757247789e-08,2.4140955001694664e-07
85.04066312167657,0.00014158748563026694,1.340577324562662e-07,0.00016318399184722665
85.0797622771348,0.00010028051133767012,1.9972899747456706e-07,0.0006277748790771143
85.11886143259305,0.00017540201293733925,3.2195727544618034e-07,0.0013937336936263867
85.1579605880513,0.0002469644904574885,6.69111192284621e-07,0.0024605981842749647
85.19705974350954,0.00014285799419161085,5.458500152396286e-07,0.003827724505161667
85.23615889896777,9.294250072176428e-05,8.910770355714978e-07,0.005494287604340731
85.27525805442602,0.00018509535557067558,1.0937388258644186e-06,0.007459281721697519
85.31435720988426,0.00023863675964690706,2.748020848667897e-06,0.009721520995915
85.35345636534251,0.00015227453257415935,1.2775018754395715e-06,0.012279640180135387
85.39255552080074,8.157595733749613e-05,1.9191538597073155e-06,0.015132095465876516
85.43165467625899,0.00019519101535356846,3.1916675978772512e-06,0.018277165414714303
85.47075383171723,0.00022642555701253694,5.724844712823314e-06,0.021712951997153895
85.50985298717548,0.00016652340447338384,3.0911612533472137e-06,0.02543738173808191
85.54895214263371,6.906095821777087e-05,2.8939810301261628e-06,0.029448206968093193
85.58805129809195,0.00020123512218486316,6.757898850157116e-06,0.03374300717995049
85.6271504535502,0.00021504248990254928,9.091275480532827e-06,0.03831919048933652
85.66624960900845,0.00018054919425812842,6.544717423382743e-06,0.04317399519904502
85.70534876446668,6.033254800374884e-05,3.501968750173131e-06,0.048304491465644084
85.74444791992492,0.00020048144192056275,1.1457784444331348e-05,0.05370758306762524
85.78354707538317,0.00020975429543829192,1.271758506154255e-05,0.059380009273942325
85.82264623084141,0.00019002370627518302,1.1546007387904381e-05,0.06531834681184862
85.86174538629966,6.058366944716086e-05,3.947859726471787e-06,0.07151901193281851
85.90084454175789,0.00019239943769600753,1.660540907714608e-05,0.0779782625753141
85.93994369721614,0.00021344728651966858,1.723590192347011e-05,0.0846922006231049
85.97904285267438,0.00019247729812887871,1.753818744288805e-05,0.09165677425774177
86.01814200813263,6.96087171963284e-05,5.423449886203733e-06,0.09886778040381233
86.05724116359086,0.00017883542709959621,2.1405156457901342e-05,0.10632086726546552
86.0963403190491,0.00022441162570923607,2.3745237310997083e-05,0.11401153695270289
86.13543947450735,0.00018770730645743992,2.3686627227279528e-05,0.12193514819580975
86.1745386299656,8.198989058601702e-05,8.820424685110404e-06,0.13008691914634313
86.21363778542383,0.0001638897105665069,2.5359088737435483e-05,0.13846193026294035
86.25273694088207,0.00023754684467124063,3.277385509078447e-05,0.14705512728024284
86.29183609634032,0.00017792773238478856,2.9218493861302053e-05,0.1558613242590946
86.33093525179856,9.27210234502473e-05,1.3658332948838634e-05,0.16487520671623535
86.3700344072568,0.00015297381491530775,2.8748348076002794e-05,0.17409133483155043
86.40913356271504,0.0002475123008429511,4.373426878638836e-05,0.18350414673098087
86.44823271817329,0.00016753207982193912,3.3910656310613894e-05,0.19310796184305845
86.48733187363153,9.892453864464191e-05,1.9018044054373078e-05,0.2028969843271075
86.52643102908976,0.00015017808061252352,3.283152752601978e-05,0.21286530657099023
86.56553018454801,0.0002509502265045137,5.529790733167254e-05,0.22300691275632772
86.60462934000626,0.000161770794439286,3.853413808158776e-05,0.2333156824889855
86.6437284954645,9.952789144047203e-05,2.395145704830132e-05,0.24378539449270653
86.68282765092273,0.00015514391647117762,3.9090420507294675e-05,0.25440973036360404
86.72192680638098,0.0002472985639123931,6.607278200502481e-05,0.2651822783832932
86.76102596183922,0.00016383800101284207,4.471217801213979e-05,0.2760965373882987
86.80012511729747,9.501461761109726e-05,2.768527220014216e-05,0.2871459206934804
86.8392242727557,0.00016338745961637938,4.7807754375427175e-05,0.2983237600670477
86.87832342821395,0.0002387310895979401,7.527276256241171e-05,0.30962330975481095
86.91742258367219,0.00017245171178814492,5.371907913440142e-05,0.32103775055117617
86.95652173913044,8.735740187650702e-05,2.992891900078913e-05,0.3325601939145077
86.99562089458867,0.00016981907196146091,5.773947414425666e-05,0.34418368612431116
87.03472005004691,0.0002293535887392897,8.322355160093828e-05,0.35590121247777573
87.07381920550516,0.00018308234114091656,6.525334227967745e-05,0.36770570152307663
87.1129183609634,7.983802108759683e-05,3.121942700828367e-05,0.3795900293269679
87.15201751642164,0.0001713513316610804,6.707316435760798e-05,0.3915470237740217
87.19111667187988,0.00022344250737212578,9.136088849949118e-05,0.40356946889497125
87.23021582733813,0.00019125348993121586,7.767359196422978e-05,0.41565010922147594
87.26931498279637,7.606589715732938e-05,3.30074450155721e-05,0.427781654164767
87.3084141382546,0.00016758747868273388,7.445678503704643e-05,0.43995678241546216
87.34751329371285,0.00022308426380796627,0.0001013539423059524,0.452168146361947
87.3866124491711,0.00019464927895147962,8.915198890116064e-05,0.4644083765245841
87.42571160462934,7.767394208408625e-05,3.686343657426388e-05,0.47667008600316463
87.46481076008757,0.00016050359838775042,7.965924904239764e-05,0.488945874934846
87.50390991554582,0.00022693856036798944,0.00011373108729326074,0.50122833495994
87.54300907100406,0.0001936186287138562,9.869451002797091e-05,0.5135100536927828
87.58210822646231,8.287330794775569e-05,4.30234904810415e-05,0.5257836191950803
87.62120738192054,0.0001534718713825309,8.376856285058252e-05,0.5380416244489561
87.66030653737879,0.00023147590999425722,0.00012731021992458532,0.5502766718270568
87.69940569283703,0.0001906802670634014,0.00010670012316093693,0.5624813775569462
87.73850484829528,8.824157737712275e-05,5.014062559531693e-05,0.5746483761771826
87.77760400375351,0.00014953248532029802,8.86305635660133e-05,0.5867703249823175
87.81670315921176,0.00023344838140222055,0.00014001771058404303,0.5988399084541898
87.85580231467,0.0001891660770628256,0.00011481213387577459,0.6108498426767669
87.89490147012825,9.11671508531347e-05,5.642239800707184e-05,0.6227928797319596
87.93400062558648,0.00014949470443925724,9.548302374779825e-05,0.634661812073684
87.97309978104472,0.00023161669659490627,0.0001502592576849802,0.6464494768775879
88.01219893650297,0.00019123722406734223,0.00012482352693867922,0.6581487603637424
88.05129809196121,9.081245745859113e-05,6.068167046284933e-05,0.6697526020897803
88.09039724741945,0.00015150442445333286,0.00010381680161097195,0.6812539992118184
88.12949640287769,0.00022713495685502692,0.00015791234682982586,0.6926460107106462
88.16859555833594,0.00019648157509562575,0.00013717955858369557,0.7039217615805613
88.20769471379418,8.81588299183364e-05,6.292206946393384e-05,0.7150744469784069
88.24679386925241,0.00015260707441948706,0.00011168934179972692,0.726097336330244
88.28589302471066,0.0002227613784283709,0.0001644756903411545,0.7369837773932244
88.3249921801689,0.0002023954629895383,0.00015045736350789452,0.7477272002701533
88.36409133562715,8.557152910444394e-05,6.451626695737353e-05,0.7583211213743956
88.40319049108538,0.0001506908373349943,0.00011708178880778993,0.768759147342671
88.44228964654363,0.00022117269812691468,0.0001721466430982992,0.779034978893423
88.48138880200187,0.0002062258553186869,0.00016232668428907011,0.7891424146283716
88.52048795746012,8.562193675311475e-05,6.76273234364796e-05,0.7990753547750336
88.55958711291835,0.000145490584003112,0.00011911463094171108,0.8088278048678867
88.5986862683766,0.00022318737129291378,0.00018216672200342332,0.8183938793660073
88.63778542383484,0.00020659100318019065,0.00017103530851887063,0.8277678052049338
88.67688457929309,8.930153791465704e-05,7.36432931430439e-05,0.8369439252806892
88.71598373475133,0.0001385843033650936,0.00011857674017614916,0.8459167018638019
88.75508289020956,0.00022726095952119437,0.00019372552828756631,0.8546807199412887
88.79418204566781,0.00020410322748785946,0.00017643011917422015,0.8632306904845912
88.83328120112606,9.525888334236989e-05,8.190403298394982e-05,0.8715614536414527
88.8723803565843,0.00013256406066276965,0.00011759932665833411,0.879667981849867
88.91147951204253,0.00023069419876528834,0.0002044861540754038,0.8875453828721764
88.95057866750078,0.0002009683766973565,0.00018007935797518303,0.8951889027475146
88.98967782295902,0.0001010126906374713,9.026896631640809e-05,0.902593928660775
89.02877697841727,0.0001295179577288729,0.00011837719922784687,0.9097559917264272
89.0678761338755,0.0002314009336945639,0.00021217392328926556,0.9166707696854546
89.10697528933375,0.00019971124049715066,0.0001843378333522504,0.92333408951382
89.14607444479199,0.00010460807311920812,9.665729791135024e-05,0.929741929940844
89.18517360025024,0.0001295993652359779,0.00012152999705409184,0.935890423876026
89.22427275570847,0.00022900253511169518,0.0002159407731819334,0.9417758607428035
89.26337191116671,0.00020156924172648504,0.00019069546023677523,0.94739468871787
89.30247106662496,0.00010547087512711421,0.000100140948188856,0.952743516874665
89.3415702220832,0.00013101329032518577,0.00012561550104681697,0.9578191172297839
89.38066937754144,0.00022487797916803337,0.00021678194034247374,0.9626184266910428
89.41976853299968,0.00020570661350030497,0.00019862311773601556,0.9671385489060407
89.45886768845793,0.00010451015246696622,0.00010131674946038201,0.9713767560100797
89.49796684391617,0.00013145223697428007,0.0001283390701278756,0.9753304902724205
89.5370659993744,0.0002212804090520156,0.0002168551083786103,0.9789973656398537
89.57616515483265,0.00020995855981660567,0.0002060115308107081,0.9823751691766727
89.6152643102909,0.00010362687464966609,0.00010197324877598077,0.9854618624001581
89.65436346574914,0.0001295590732740701,0.00012816346097245255,0.9882555825107942
89.69346262120737,0.00021991140574036529,0.0002179961483453524,0.9907546435164545
89.73256177666562,0.00021237685293337265,0.00021073987710989488,0.9929575372498911
89.77166093212386,0.00010462683929621111,0.00010398654538245541,0.9948629342788975
89.81076008758211,0.00012553237080080405,0.00012515208006509565,0.9964696847086167
89.84985924304034,0.00022080974124589076,0.00022038231676876316,0.9977768188754943
89.88895839849859,0.00021238228599512678,0.00021204337074482528,0.9987835479324649
89.92805755395683,0.00010799618904978654,0.00010792719106396455,0.9994892643250146
89.96715670941508,0.00012088148864081707,0.00012083770294747788,0.9998935421578379
90.00625586487331,0.00022243647962763972,0.00022245061701527043,1.0
90.04535502033156,0.0002109869211810856,0.0002109869104940387,1.0
90.0844541757898,0.00011259989845718366,0.00011259991316226339,1.0
90.12355333124805,0.00011750268331136101,0.00011750268038656908,1.0
90.16265248670628,0.00022285112850562325,0.0002228511373733297,1.0
90.20175164216452,0.00021009862100042112,0.0002100986070752356,1.0
90.24085079762277,0.0001166092746181448,0.00011660928851780861,1.0
90.27994995308102,0.00011642238072372902,0.00011642237240470686,1.0
90.31904910853925,0.00022099035789158742,0.00022099036893642542,1.0
90.35814826399749,0.0002112506049166178,0.00021125059312366,1.0
90.39724741945574,0.00011871299465008208,0.00011871300487660257,1.0
90.43634657491398,0.00011707714461777605,0.00011707713507918161,1.0
90.47544573037221,0.00021725802397556826,0.0002172580342410219,1.0
90.51454488583046,0.00021454207709308413,0.00021454206818277005,1.0
90.5536440412887,0.00011880295725049315,0.00011880296372101139,1.0
90.59274319674695,0.00011781731038942572,0.00011781730134587133,1.0
90.63184235220518,0.0002132212623419732,0.00021322127088213254,1.0
90.67094150766343,0.0002186279006398625,0.00021862789454287716,1.0
90.71004066312167,0.00011797993937391611,0.00011797994274235074,1.0
90.74913981857992,0.0001171037175615854,0.00011710370987514836,1.0
90.78823897403815,0.00021059456800247178,0.00021059457462831938,1.0
90.8273381294964,0.00022173135321879394,0.00022173134963078428,1.0
90.86643728495464,0.00011791458886055883,0.00011791458989858931,1.0
90.90553644041289,0.00011440271051823289,0.00011440270456313019,1.0
90.94463559587112,0.00021007968941676568,0.00021007969420803015,1.0
90.98373475132937,0.00022281950376918034,0.00022281950227486885,1.0
91.02283390678761,0.0001197651720499114,0.0001197651713801726,1.0
91.06193306224586,0.00011039524948408925,0.00011039524527996296,1.0
91.10103221770409,0.0002109061320521065,0.00021090613516033414,1.0
91.14013137316233,0.0002221882170974322,0.00022218821723367686,1.0
91.17923052862058,0.00012335010220898681,0.0001233501002734762,1.0
91.21832968407882,0.0001065466281546875,0.00010654662551130117,1.0
91.25742883953706,0.00021145555254899765,0.00021145555415628552,1.0
91.2965279949953,0.00022121645714109163,0.00022121645846744808,1.0
91.33562715045355,0.00012733031927061772,0.00012733031642164,1.0
91.37472630591179,0.00010419130085196807,0.00010419129952953958,1.0
91.41382546137002,0.0002104189735294203,0.00021041897385948899,1.0
91.45292461682827,0.00022143754100892337,0.00022143754316273994,1.0
91.49202377228652,0.00013020999857395033,0.00013020999514811916,1.0
91.53112292774476,0.00010359948347696034,0.00010359948328413019,1.0
91.570222083203,0.00020764223612710088,0.00020764223544149355,1.0
91.60932123866124,0.00022345931300704922,0.00022345931571470112,1.0
91.64842039411948,0.0001313069531969787,0.00013130694951556164,1.0
91.68751954957773,0.00010378536893660354,0.00010378536972349605,1.0
91.72661870503597,0.00020421608466875165,0.00020421608323377877,1.0
91.7657178604942,0.0002265129278652696,0.00022651293091392657,1.0
91.80481701595245,0.0001311645954779035,0.00013116459180560205,1.0
91.8439161714107,0.00010324149828711896,0.00010324149988589929,1.0
91.88301532686894,0.00020179185058899688,0.00020179184863483506,1.0
91.92211448232717,0.0002289928164204059,0.0002289928196242402,1.0
91.96121363778542,0.00013127951101320608,0.00013127950752898153,1.0
92.00031279324367,0.00010090883143839104,0.00010090883363142886,1.0
92.03941194870191,0.00020146722727134596,0.00020146722497219887,1.0
92.07851110416014,0.00022952736066990989,0.0002295273638591691,1.0
92.11761025961839,0.00013320090130295578,0.0001332008981106742,1.0
92.15670941507663,9.675264968846276e-05,9.675265223066887e-05,1.0
92.19580857053488,0.00020297717232174362,0.00020297716980810865,1.0
92.23490772599311,0.00022783333468738941,0.00022783333772005747,1.0
92.27400688145136,0.00013745110009588416,0.0001374510972626161,1.0
92.3131060369096,9.181433431998217e-05,9.181433699022941e-05,1.0
92.35220519236785,0.00020484083253124075,0.0002048408299173446,1.0
92.39130434782608,0.00022492274812898263,0.00022492275090578944,1.0
92.43040350328432,0.0001431205404147699,0.00014312053800155598,1.0
92.46950265874257,8.776154456767848e-05,8.776154720872532e-05,1.0
92.50860181420082,0.0002053092197585341,0.00020530921715813472,1.0
92.54770096965905,0.0002225861347673634,0.00022258613723291504,1.0
92.58680012511729,0.00014848970654332045,0.00014848970460673848,1.0
92.62589928057554,8.597992417583902e-05,8.59799266952471e-05,1.0
92.66499843603378,0.00020335914127095282,0.00020335913879174022,1.0
92.70409759149202,0.00022237004262584835,0.00022237004475347217,1.0
92.74319674695026,0.00015206051141609679,0.00015206050998938113,1.0
92.7822959024085,8.665438633072246e-05,8.665438866721193e-05,1.0
92.82139505786675,0.00019917746365494184,0.0001991774613823008,1.0
92.86049421332498,0.00022463662882032706,0.00022463663059294064,1.0
92.89959336878323,0.0001532748626471488,0.00015327486172344947,1.0
92.93869252424147,8.868265349600722e-05,8.868265558478745e-05,1.0
92.97779167969972,0.00019401018354849733,0.00019401018153488106,1.0
93.01689083515795,0.00022839867501365109,0.00022839867641507447,1.0
93.0559899906162,0.00015268456155598278,0.00015268456108862277,1.0
93.09508914607444,9.050971628086644e-05,9.050971804757285e-05,1.0
93.13418830153269,0.00018949148450390506,0.0001894914827723793,1.0
93.17328745699092,0.00023202839632442245,0.00023202839734402038,1.0
93.21238661244917,0.00015161415630158227,0.00015161415622134148,1.0
93.25148576790741,9.10169585108682e-05,9.101695989183308e-05,1.0
93.29058492336566,0.00018676212131703678,0.00018676211987524532,1.0
93.32968407882389,0.00023422115810085883,0.00023422115874296892,1.0
93.36878323428213,0.00015145876851194764,0.00015145876875000299,1.0
93.40788238974038,8.990585315572879e-05,8.990585412110217e-05,1.0
93.44698154519862,0.00018589592764796842,0.0001858959265007867,1.0
93.48608070065686,0.0002345774690971425,0.00023457746938567947,1.0
93.5251798561151,0.00015294744599892522,0.0001529474465009463,1.0
93.56427901157335,8.762769122296554e-05,8.76276917840967e-05,1.0
93.6033781670316,0.00018603407023688815,0.000186034069389172,1.0
93.64247732248982,0.00023360215088795487,0.00023360215086278607,1.0
93.68157647794807,0.0001558482840066758,0.00015584828473145157,1.0
93.72067563340632,8.504495277757708e-05,8.504495297576471e-05,1.0
93.75977478886456,0.0001860589895629204,0.00018605898901405076,1.0
93.79887394432279,0.0002322588682071659,0.0002322588679153301,1.0
93.83797309978104,0.00015930668069162927,0.00015930668160087072,1.0
93.87707225523928,8.297709622043219e-05,8.297709610700734e-05,1.0
93.91617141069753,0.0001852442490286149,0.00018524424876653045,1.0
93.95527056615576,0.0002313820014951757,0.00023138200098274825,1.0
93.994369721614,0.0001624715823281716,0.00016247158337899731,1.0
94.03346887707225,8.18264806537305e-05,8.1826480275625e-05,1.0
94.0725680325305,0.00018349580995127317,0.0001834958099514343,1.0
94.11166718798873,0.00023128780745353995,0.00023128780676216754,1.0
94.15076634344697,0.00016492547973196136,0.0001649254808769342,1.0
94.18986549890522,8.149350922793354e-05,8.14935086259622e-05,1.0
94.22896465436347,0.00018118504070700522,0.00018118504093630138,1.0
94.2680638098217,0.00023177787024961593,0.0002317778694174438,1.0
94.30716296527994,0.00016673051859558946,0.00016673051978744036,1.0
94.34626212073819,8.15976564236621e-05,8.159765563872445e-05,1.0
94.38536127619643,0.00017880089742384794,0.00017880089784602733,1.0
94.42446043165468,0.00023243055738783554,0.00023243055645164368,1.0
94.46355958711291,0.00016820698992031538,0.00016820699111653228,1.0
94.50265874257116,8.177272356691509e-05,8.177272264475671e-05,1.0
94.5417578980294,0.0001766824825630745,0.00017668248314246278,1.0
94.58085705348765,0.00023289012746002601,0.00023289012645601108,1.0
94.61995620894588,0.00016968107055306928,0.00016968107171796626,1.0
94.65905536440413,8.18045591427586e-05,8.180455813343865e-05,1.0
94.69815451986237,0.00017497007561783595,0.00017497007632061792,1.0
94.73725367532062,0.00023295369691038706,0.00023295369587341262,1.0
94.77635283077885,0.0001713851822728636,0.0001713851833776175,1.0
94.8154519862371,8.158214551969423e-05,8.158214447406282e-05,1.0
94.85455114169534,0.00017370560573018776,0.0001737056065245276,1.0
94.89365029715358,0.00023249230846760782,0.00023249230742999864,1.0
94.93274945261182,0.00017351602323978607,0.0001735160242617332,1.0
94.97184860807006,8.099742835763387e-05,8.099742732374049e-05,1.0
95.0109477635283,0.00017288942511449698,0.0001728894259706079,1.0
95.05004691898655,0.00023139492182765737,0.00023139492081815206,1.0
95.08914607444478,0.00017628601203371647,0.00017628601295530865,1.0
95.12824522990303,7.994976191779168e-05,7.994976093746814e-05,1.0
95.16734438536128,0.00017238045057653986,0.00017238045146651917,1.0
95.20644354081952,0.00022967885093417597,0.0002296788499768384,1.0
95.24554269627775,0.0001798052598482356,0.0001798052606554258,1.0
95.284641851736,7.850689870406273e-05,7.850689780881928e-05,1.0
95.32374100719424,0.00017173637686000305,0.00017173637775699192,1.0
95.36284016265249,0.00022771520336462963,0.00022771520247771073,1.0
95.40193931811072,0.00018382550693950126,0.0001838255076201322,1.0
95.44103847356897,7.71223010725026e-05,7.712230028014013e-05,1.0
95.48013762902721,0.00017021822137531728,0.00017021822225274784,1.0
95.51923678448546,0.00022633115052284037,0.00022633114971850466,1.0
95.55833593994369,0.0001875878621943279,0.00018758786273804587,1.0
95.59743509540193,7.668371281874322e-05,7.66837121348164e-05,1.0
95.63653425086018,0.0001670903378632983,0.00016709033869589728,1.0
95.67563340631843,0.00022653462880863225,0.00022653462809464427,1.0
95.71473256177666,0.00019001061691905366,0.00019001061731965834,1.0
95.7538317172349,7.815109310729522e-05,7.81510925337469e-05,1.0
95.79293087269315,0.00016212346691648062,0.00016212346768366354,1.0
95.8320300281514,0.00022885711495000135,0.00022885711433299263,1.0
95.87112918360963,0.00019021933724798663,0.00019021933750713662,1.0
95.91022833906787,8.183790713214617e-05,8.183790667763816e-05,1.0
95.94932749452612,0.0001560414361711269,0.00015604143686098878,1.0
95.98842664998436,0.00023272983567782567,0.0002327298351657728,1.0
96.0275258054426,0.00018818738640546666,0.00018818738653504947,1.0
96.06662496090084,8.693140994822379e-05,8.693140963022538e-05,1.0
96.10572411635908,0.0001505778541375878,0.00015057785474777724,1.0
96.14482327181733,0.00023646020994064028,0.0002364602095421834,1.0
96.18392242727556,0.0001851511496687641,0.00018515114968927548,1.0
96.22302158273381,9.17607024032658e-05,9.176070223962907e-05,1.0
96.26212073819205,0.00014781207196376745,0.0001478120724965149,1.0
96.3012198936503,0.00023794923893990136,0.00023794923866052894,1.0
96.34031904910853,0.00018341608506742413,0.00018341608500147512,1.0
96.37941820456678,9.45380832604222e-05,9.453808325742191e-05,1.0
96.41851736002502,0.00014882924158824936,0.0001488292420420294,1.0
96.45761651548327,0.00023575101062064743,0.0002357510104581713,1.0
96.4967156709415,0.00018526514345781756,0.00018526514332148464,1.0
96.53581482639974,9.407098099247021e-05,9.4070981137058e-05,1.0
96.57491398185799,0.00015266747012779465,0.0001526674704930149,1.0
96.61401313731623,0.0002299686506621713,0.00022996865060449,1.0
96.65311229277447,0.0001913604198427905,0.00019136041964133157,1.0
96.69221144823271,9.030047613196956e-05,9.030047639203063e-05,1.0
96.73131060369096,0.00015666624647437522,0.00015666624673704897,1.0
96.7704097591492,0.00022261700817951624,0.00022261700820670914,1.0
96.80950891460743,0.00019996966862449926,0.0001999696683568859,1.0
96.84860807006568,8.470276809552875e-05,8.470276842798183e-05,1.0
96.88770722552393,0.00015788734296677453,0.00015788734311673067,1.0
96.92680638098217,0.0002170912714724285,0.00021709127156337765,1.0
96.9659055364404,0.00020783238285664298,0.000207832382524554,1.0
97.00500469189865,8.034903150558193e-05,8.03490318698641e-05,1.0
97.0441038473569,0.00015446143891411417,0.00015446143895230432,1.0
97.08320300281514,0.00021648160523430354,0.00021648160537497628,1.0
97.12230215827337,0.0002118489121498937,0.0002118489117632866,1.0
97.16140131373162,8.075106411114733e-05,8.075106448463437e-05,1.0
97.20050046918986,0.00014637333715307945,0.00014637333709454487,1.0
97.23959962464811,0.00022142705284318662,0.00022142705303030715,1.0
97.27869878010635,0.0002104804051431823,0.00021048040471952951,1.0
97.31779793556458,8.71137868495838e-05,8.711378723417966e-05,1.0
97.35689709102283,0.00013574414977274364,0.00013574414964394899,1.0
97.39599624648108,0.00022940515910252552,0.00022940515933876087,1.0
97.43509540193932,0.00020450563632411984,0.00020450563588332414,1.0
97.47419455739755,9.703293030894795e-05,9.703293071532267e-05,1.0
97.5132937128558,0.0001264812679185003,0.0001264812677488621,1.0
97.55239286831404,0.00023624752958696042,0.00023624752987247075,1.0
97.59149202377229,0.00019706707923090145,0.00019706707878950277,1.0
97.63059117923052,0.00010655043625964037,0.00010655043668679016,1.0
97.66969033468877,0.00012263681798278206,0.00012263681779175678,1.0
97.70878949014701,0.00023838111023909524,0.0002383811105668381,1.0
97.74788864560526,0.00019264535548939952,0.00019264535505734395,1.0
97.78698780106349,0.00011240540179753962,0.00011240540222949902,1.0
97.82608695652173,0.00012550075233311875,0.0001255007521213463,1.0
97.86518611197998,0.000234352418772505,0.0002343524191291788,1.0
97.90428526743823,0.0001946432083863209,0.0001946432079676477,1.0
97.94338442289646,0.00011293393133234967,0.0001129339317472876,1.0
97.9824835783547,0.00013231880773365476,0.00013231880749021307,1.0
98.02158273381295,0.00022541834116002066,0.0002254183415303845,1.0
98.0606818892712,0.00020288996727479145,0.00020288996687120716,1.0
98.09978104472943,0.00010836925172635244,0.00010836925210791421,1.0
98.13888020018767,0.00013849680822395426,0.00013849680794189107,1.0
98.17797935564592,0.00021529325025476803,0.00021529325062623748,1.0
98.21707851110416,0.0002136899654636072,0.00021368996507848792,1.0
98.2561776665624,0.00010102371990503551,0.00010102372024997682,1.0
98.29527682202064,0.00014033446165601755,0.00014033446133965136,1.0
98.33437597747889,0.0002087795979542936,0.00020877959831944854,1.0
98.37347513293713,0.00022231405774874956,0.0002223140573885007,1.0
98.41257428839536,9.512254174182421e-05,9.512254205914639e-05,1.0
98.45167344385361,0.00013621147540204766,0.00013621147506454392,1.0
98.49077259931185,0.00020914930534537488,0.0002091493057015791,1.0
98.5298717547701,0.00022537737957069426,0.0002253773792424892,1.0
98.56897091022833,9.516791806051898e-05,9.516791835971494e-05,1.0
98.60807006568658,0.00012678572387120647,0.0001267857235279557,1.0
98.64716922114482,0.00021583453810036313,0.0002158345384471798,1.0
98.68626837660307,0.000221981358221538,0.0002219813579295376,1.0
98.7253675320613,0.00010250233727622948,0.00010250233755576623,1.0
98.76446668751954,0.00011486714403920662,0.00011486714370141215,1.0
98.80356584297779,0.00022487443476682827,0.00022487443510277232,1.0
98.84266499843604,0.00021392898956661916,0.0002139289893093586,1.0
98.88176415389427,0.00011407843952605351,0.00011407843977520833,1.0
98.92086330935251,0.00010489611462309551,0.0001048961142950091,1.0
98.95996246481076,0.00023156079005944453,0.00023156079038048438,1.0
98.999061620269,0.00020522238812330113,0.0002052223878941078,1.0
99.03816077572723,0.00012531120244507722,0.00012531120265100654,1.0
99.07725993118548,0.00010116413577741657,0.00010116413545874457,1.0
99.11635908664373,0.00023268063129331266,0.00023268063159416347,1.0
99.15545824210197,0.00020056921920240343,0.00020056921899344572,1.0
99.1945573975602,0.0001326863540733267,0.00013268635422624775,1.0
99.23365655301845,0.00010470462064426419,0.00010470462033385939,1.0
99.2727557084767,0.00022742458270810307,0.0002274245829849277,1.0
99.31185486393494,0.00020288868577012005,0.00020288868557780278,1.0
99.35095401939317,0.00013452163186910432,0.00013452163196558072,1.0
99.39005317485142,0.00011239849524994165,0.0001123984949482735,1.0
99.42915233030966,0.00021739415491160336,0.0002173941551642372,1.0
99.46825148576791,0.0002114407772402188,0.00021144077706721583,1.0
99.50735064122614,0.0001309754242850369,0.0001309754243293081,1.0
99.54644979668439,0.00011982012287757571,0.0001198201225891454,1.0
99.58554895214263,0.00020605027987982612,0.00020605028011216406,1.0
99.62464810760088,0.00022256714191437038,0.0002225671417671587,1.0
99.66374726305911,0.00012390528910924623,0.00012390528911254188,1.0
99.70284641851735,0.00012375277016599666,0.00012375276989899653,1.0
99.7419455739756,0.00019754016600831263,0.00019754016622616904,1.0
99.78104472943384,0.00023209501974373373,0.0002320950196290262,1.0
99.82014388489208,0.00011656070649055391,0.00011656070646822144,1.0
99.85924304035032,0.00012276772292427014,0.00012276772268745992,1.0
99.89834219580857,0.00019486478062836183,0.00019486478083559686,1.0
99.93744135126681,0.0002371316878000132,0.00023713168772235003,1.0
99.97654050672504,0.00011270205410879165,0.00011270205407446616,1.0
100.01563966218329,0.00011699353863409766,0.00011699353843322332,1.0
100.05473881764154,0.00019825778055004959,0.00019825778074581007,1.0
100.09383797309978,0.0002366759183154664,0.00023667591827609274,1.0
100.13293712855803,0.00011478377976678134,0.00011478377972488075,1.0
100.17203628401626,0.00010779396839049529,0.00010779396822555767,1.0
100.2111354394745,0.00020525740629204756,0.00020525740647110954,1.0
100.25023459493275,0.00023154348740102543,0.00023154348739777136,1.0
100.289333750391,0.00012235263918640825,0.00012235263912981905,1.0
100.32843290584923,9.749497519778965e-05,9.749497506192115e-05,1.0
100.36753206130747,0.00021236135041560413,0.00021236135057053847,1.0
100.40663121676572,0.00022398745648942515,0.00022398745651748585,1.0
100.44573037222396,0.00013262062727916065,0.0001326206271951669,1.0
100.4848295276822,8.901717514696935e-05,8.9017175028441e-05,1.0
100.52392868314044,0.00021663191109054584,0.00021663191121389962,1.0
100.56302783859869,0.0002170723486488876,0.00021707234870257694,1.0
100.60212699405693,0.00014236844359395424,0.00014236844347128357,1.0
100.64122614951516,8.499300724333482e-05,8.499300713268137e-05,1.0
100.68032530497341,0.00021643796084977945,0.0002164379609358059,1.0
100.71942446043165,0.00021370514899999516,0.0002137051490754014,1.0
100.7585236158899,0.000149165728579813,0.0001491657284120855,1.0
100.79762277134813,8.627916201537572e-05,8.627916191434309e-05,1.0
100.83672192680638,0.00021160801939823257,0.00021160801944419415,1.0
100.87582108226462,0.00021543508054267402,0.00021543508064024574,1.0
100.91492023772287,0.00015172454032679053,0.00015172454011318202,1.0
100.9540193931811,9.128467160306984e-05,9.128467152584322e-05,1.0
100.99311854863934,0.00020337463981219886,0.00020337463981906983,1.0
101.03221770409759,0.00022167170198647844,0.0002216717021116579,1.0
101.07131685955584,0.00014997282677655396,0.00014997282652097997,1.0
101.11041601501407,9.715088604443889e-05,9.715088601092842e-05,1.0
101.14951517047231,0.0001941869596872134,0.00019418695965925327,1.0
101.18861432593056,0.00022998341371146893,0.00022998341387254643,1.0
101.2277134813888,0.00014512797539039445,0.00014512797509970044,1.0
101.26681263684704,0.00010125292385925033,0.0001012529238880697,1.0
101.30591179230528,0.00018716508156604598,0.0001871650815084589,1.0
101.34501094776353,0.0002372333709181278,0.00023723337112274833,1.0
101.38411010322177,0.0001396885531814886,0.0001396885528629539,1.0
101.42320925868,0.00010186017916940492,0.00010186017927297413,1.0
101.46230841413825,0.0001849042283721578,0.00018490422828681602,1.0
101.5014075695965,0.0002407696483496814,0.00024076964860197998,1.0
101.54050672505474,0.00013693069879504,0.00013693069845380402,1.0
101.57960588051297,9.829308116829557e-05,9.829308134972287e-05,1.0
101.61870503597122,0.00018797074354956353,0.00018797074343135796,1.0
101.65780419142946,0.0002392650131931536,0.00023926501349253617,1.0
101.69690334688771,0.00013944043451998128,0.00013944043415734447,1.0
101.73600250234594,9.101181751803887e-05,9.10118177702277e-05,1.0
101.77510165780419,0.00019436530163640073,0.00019436530147406655,1.0
101.81420081326243,0.00023319947115713554,0.00023319947149892173,1.0
101.85329996872068,0.00014732229570838692,0.00014732229532261445,1.0
101.89239912417891,8.176026138641755e-05,8.176026169423385e-05,1.0
101.93149827963715,0.00020060208458518272,0.00020060208436650543,1.0
101.9705974350954,0.00022495529833250035,0.00022495529871009297,1.0
102.00969659055365,0.00015797896246830256,0.00015797896205898459,1.0
102.04879574601188,7.36129486231182e-05,7.361294896875893e-05,1.0
102.08789490147012,0.00020340309678726947,0.00020340309650469524,1.0
102.12699405692837,0.00021824606129278623,0.00021824606170038353,1.0
102.16609321238661,0.00016772538807749055,0.00016772538765036515,1.0
102.20519236784484,7.016371484316415e-05,7.016371521449035e-05,1.0
102.24429152330309,0.0002009288443582783,0.00020092884401185702,1.0
102.28339067876134,0.00021653447185675438,0.00021653447229107522,1.0
102.32248983421958,0.00017353057505709377,0.00017353057462491625,1.0
102.36158898967781,7.300665623154478e-05,7.300665663111393e-05,1.0
102.40068814513606,0.0001933610362368418,0.00019336103583365876,1.0
102.4397873005943,0.00022092048534139125,0.00022092048580102882,1.0
102.47888645605255,0.0001740050922069552,0.0001740050917857156,1.0
102.51798561151078,8.002652137754549e-05,8.0026521818199e-05,1.0
102.55708476696903,0.0001829520696159882,0.0001829520691666542,1.0
102.59618392242727,0.0002292915544110427,0.00022929155489322673,1.0
102.63528307788552,0.0001697962741323477,0.0001697962737351263,1.0
102.67438223334375,8.741659635371534e-05,8.741659683919882e-05,1.0
102.713481388802,0.00017340952889910506,0.0001734095284131767,1.0
102.75258054426024,0.00023771459844245697,0.00023771459893938228,1.0
102.79167969971849,0.00016350984410636493,0.0001635098437385742,1.0
102.83077885517672,9.21725961392164e-05,9.217259665361567e-05,1.0
102.86987801063496,0.00016828428405460443,0.00016828428353779168,1.0
102.90897716609321,0.0002426774860699864,0.00024267748656803695,1.0
102.94807632155145,0.0001588831260811375,0.00015888312574161,1.0
102.9871754770097,9.28735563862403e-05,9.287355689892712e-05,1.0
103.02627463246793,0.0001687674260956943,0.0001687674255510174,1.0
103.06537378792618,0.0002426044260143239,0.00024260442649721216,1.0
103.10447294338442,0.00015891487901038536,0.00015891487869990962,1.0
103.14357209884267,8.968709337877472e-05,8.968709385763207e-05,1.0
103.1826712543009,0.00017283431837935073,0.00017283431781191358,1.0
103.22177040975915,0.00023831498943571993,0.00023831498988936744,1.0
103.26086956521739,0.00016385311518244742,0.00016385311491282884,1.0
103.29996872067564,8.42179579808892e-05,8.421795840592088e-05,1.0
103.33906787613387,0.0001768515462809678,0.0001768515457027021,1.0
103.37816703159211,0.00023254267467958355,0.00023254267509499471,1.0
103.41726618705036,0.0001711176947984263,0.00017111769459252042,1.0
103.4563653425086,7.909550196333993e-05,7.909550233152031e-05,1.0
103.49546449796684,0.00017792778208993088,0.00017792778151956605,1.0
103.53456365342508,0.00022854003103435643,0.00022854003140542744,1.0
103.57366280888333,0.0001773239864061875,0.00017732398628955275,1.0
103.61276196434157,7.685347451949988e-05,7.68534748326631e-05,1.0
103.6518611197998,0.00017524420879835728,0.00017524420825601607,1.0
103.69096027525805,0.00022815632030295238,0.00022815632062016294,1.0
103.7300594307163,0.00018035363553381263,0.00018035363552524713,1.0
103.76915858617454,7.821399293266268e-05,7.821399317623204e-05,1.0
103.80825774163277,0.00017017732258898957,0.0001701773220898413,1.0
103.84735689709102,0.00023065713071217375,0.00023065713095811008,1.0
103.88645605254926,0.00018028502062068257,0.00018028502072715336,1.0
103.92555520800751,8.150584978103528e-05,8.150584991889306e-05,1.0
103.96465436346574,0.00016543016194106868,0.0001654301614942412,1.0
104.00375351892399,0.0002334138761656512,0.00023341387631738454,1.0
104.04285267438223,0.00017917657719563,0.00017917657741440713,1.0
104.08195182984048,8.412187103230424e-05,8.412187102357183e-05,1.0
104.12105098529871,0.00016332747982189327,0.00016332747943757352,1.0
104.16015014075695,0.00023385820410798925,0.0002338582041447166,1.0
104.1992492962152,0.00017978629119280018,0.00017978629152015906,1.0
104.23834845167345,8.426148677839274e-05,8.426148659843067e-05,1.0
104.27744760713168,0.00016410231842028266,0.00016410231811914085,1.0
104.31654676258992,0.00023117556230044717,0.00023117556221073998,1.0
104.35564591804817,0.00018361654864246766,0.0001836165490825331,1.0
104.39474507350641,8.179608166608344e-05,8.179608131785562e-05,1.0
104.43384422896465,0.0001656678273272136,0.00016566782714144348,1.0
104.47294338442289,0.00022688006103502181,0.00022688006081850347,1.0
104.51204253988114,0.00018965298732116626,0.000189652987885551,1.0
104.55114169533938,7.845547821804735e-05,7.845547772784304e-05,1.0
104.59024085079761,0.00016513998520009335,0.00016513998516337752,1.0
104.62934000625586,0.0002240384093428264,0.00022403840900397993,1.0
104.6684391617141,0.00019501634091981956,0.00019501634161712028,1.0
104.70753831717235,7.724595532907577e-05,7.724595472565789e-05,1.0
104.74663747263058,0.00016071462713906193,0.00016071462727246027,1.0
104.78573662808883,0.00022526219475008457,0.00022526219428753812,1.0
104.82483578354707,0.00019687285434131894,0.00019687285516658748,1.0
104.86393493900532,8.050857328579176e-05,8.050857257384758e-05,1.0
104.90303409446355,0.00015281340909468493,0.00015281340939724396,1.0
104.9421332499218,0.00023059327474764078,0.00023059327414892626,1.0
104.98123240538004,0.00019414988446286147,0.0001941498853962677,1.0
105.02033156083829,8.771150049229239e-05,8.77114996515449e-05,1.0
105.05943071629652,0.00014427254091452718,0.00014427254136552836,1.0
105.09852987175476,0.00023716903173492718,0.00023716903098419356,1.0
105.13762902721301,0.00018839281464257132,0.00018839281565798192,1.0
105.17672818267125,9.578732573618333e-05,9.578732475673123e-05,1.0
105.21582733812949,0.00013925930326639084,0.00013925930384295294,1.0
105.25492649358773,0.00024099157839015822,0.0002409915774827,1.0
105.29402564904598,0.0001835053281065305,0.0001835053291828721,1.0
105.33312480450422,0.00010130297411360652,0.00010130297302677357,1.0
105.37222395996245,0.00014057447647488643,0.00014057447717730507,1.0
105.4113231154207,0.00023917630307123238,0.00023917630202201955,1.0
105.45042227087895,0.000183876815443219,0.00018387681656776317,1.0
105.48952142633719,0.00010196054369216068,0.00010196054256872425,1.0
105.52862058179542,0.00014711875279547424,0.00014711875365261559,1.0
105.56771973725367,0.0002314196414313139,0.00023141964027109468,1.0
105.60681889271191,0.0001912495772067034,0.00019124957836529036,1.0
105.64591804817016,9.72210714425857e-05,9.722107036257498e-05,1.0
105.68501720362839,0.00015460874584406203,0.00015460874688473413,1.0
105.72411635908664,0.00022046008030214881,0.0002204600790638958,1.0
105.76321551454488,0.00020310238741502108,0.00020310238857651597,1.0
105.80231467000313,8.868480076135305e-05,8.868479976966422e-05,1.0
105.84141382546137,0.0001584966254867803,0.00015849662670680643,1.0
105.8805129809196,0.00021135066657482587,0.00021135066528092794,1.0
105.91961213637785,0.00021444182121798595,0.00021444182232602498,1.0
105.9587112918361,8.038474374797223e-05,8.03847428216072e-05,1.0
105.99781044729434,0.000156033495263381,0.0001560334966166913,1.0
106.03690960275257,0.00020902469080487452,0.0002090246894680206,1.0
106.07600875821082,0.00022075891604567295,0.0002207589170264095,1.0
106.11510791366906,7.789893876733022e-05,7.789893784837308e-05,1.0
106.15420706912731,0.00014698875408989296,0.00014698875550630487,1.0
106.19330622458554,0.00021485811541261198,0.00021485811405233464,1.0
106.23240538004379,0.00021986799650705526,0.00021986799729047752,1.0
106.27150453550203,8.419542513521668e-05,8.419542423708672e-05,1.0
106.31060369096028,0.0001337273975247335,0.00013372739894451494,1.0
106.34970284641851,0.0002255010665684979,0.00022550106522936916,1.0
106.38880200187675,0.00021255405090938684,0.00021255405145305216,1.0
106.427901157335,9.63289398500556e-05,9.632893908956521e-05,1.0
106.46700031279325,0.00012084062726767345,0.00012084062867219831,1.0
106.50609946825148,0.00023542734709658527,0.00023542734585319913,1.0
106.54519862370972,0.00020241187251414852,0.0002024118728148897,1.0
106.58429777916797,0.00010883188758206237,0.00010883188711724054,1.0
106.62339693462621,0.00011359464633575862,0.00011359464773902791,1.0
106.66249609008445,0.00024017836452316815,0.00024017836346689101,1.0
106.70159524554269,0.0001946721110189755,0.00019467211109846505,1.0
106.74069440100094,0.00011756031812307857,0.00011756031809231275,1.0
106.77979355645918,0.00011447252315173672,0.00011447252454184694,1.0
106.81889271191741,0.00023802019689002333,0.00023802019610393046,1.0
106.85799186737566,0.0001935906034497052,0.00019359060331272966,1.0
106.8970910228339,0.00012061015019190148,0.00012061015067231174,1.0
106.93619017829215,0.00012088813363589368,0.00012088813493094904,1.0
106.97528933375038,0.0002302064407526664,0.00023020644028850742,1.0
107.01438848920863,0.00019958073655019698,0.00019958073614927488,1.0
107.05348764466687,0.00011824646836293888,0.00011824646935366157,1.0
107.09258680012512,0.0001277400590730379,0.00012774006013360994,1.0
107.13168595558335,0.00022034058196752023,0.0002203405818397309,1.0
107.1707851110416,0.00020909841535294324,0.0002090984146006181,1.0
107.20988426649984,0.00011269822946972357,0.00011269823090738728,1.0
107.24898342195809,0.0001310607673889999,0.00013106076806098868,1.0
107.28808257741632,0.0002128238727377248,0.00021282387294407624,1.0
107.32718173287456,0.0002174625257917395,0.00021746252460664995,1.0
107.36628088833281,0.00010759009364678671,0.00010759009544940724,1.0
107.40538004379106,0.00012934852145537773,0.0001293485216184744,1.0
107.44447919924929,0.00021052338099939794,0.00021052338155936942,1.0
107.48357835470753,0.0002215394044489976,0.0002215394027929827,1.0
107.52267751016578,0.00010640074175225715,0.00010640074386987456,1.0
107.56177666562402,0.000123464004031534,0.0001234640036329267,1.0
107.60087582108225,0.00021302964623242225,0.00021302964720896776,1.0
107.6399749765405,0.00022081212405934263,0.00022081212194604593,1.0
107.67907413199875,0.00011018431808631007,0.00011018432051753278,1.0
107.71817328745699,0.0001160401196583001,0.00011604011871202459,1.0
107.75727244291522,0.00021722604017619806,0.00021722604165484596,1.0
107.79637159837347,0.0002172019723767602,0.00021720196985479124,1.0
107.83547075383171,0.00011686204773995636,0.00011686205048611208,1.0
107.87456990928996,0.00011037974825956447,0.00011037974680236025,1.0
107.91366906474819,0.00021958288205676426,0.00021958288410092066,1.0
107.95276822020644,0.0002139954497939014,0.0002139954469201912,1.0
107.99186737566468,0.0001230860516703646,0.0001230860546692968,1.0
108.03096653112293,0.00010867741089428572,0.00010867740892033455,1.0
108.07006568658116,0.0002181096524359705,0.00021810965505535053,1.0
108.1091648420394,0.0002140512737990399,0.00021405127062526283,1.0
108.14826399749765,0.000126352636232764,0.00012635263933965377,1.0
108.1873631529559,0.00011054248973655829,0.00011054248717800332,1.0
108.22646230841413,0.000213084378208751,0.0002130843813586397,1.0
108.26556146387237,0.0002180694534399059,0.00021806945002832782,1.0
108.30466061933062,0.0001259385786761944,0.0001259385817024046,1.0
108.34375977478886,0.00011346686361542288,0.00011346686040957245,1.0
108.3828589302471,0.00020674411717666214,0.0002067441207821359,1.0
108.42195808570534,0.00022425707431494559,0.00022425707077596254,1.0
108.46105724116359,0.00012299876535584386,0.00012299876813149792,1.0
108.50015639662183,0.0001146829159970632,0.00011468291218129093,1.0
108.53925555208006,0.0002021474575844286,0.0002021474615656701,1.0
108.57835470753831,0.0002296435298498889,0.0002296435263718695,1.0
108.61745386299656,0.00012011836268037418,0.00012011836508797887,1.0
108.6565530184548,0.00011254007007901353,0.00011254006583386779,1.0
108.69565217391305,0.00020147393734585488,0.00020147394161353118,1.0
108.73475132937128,0.00023180013225895555,0.00023180012910615111,1.0
108.77385048482952,0.00012015206675111212,0.00012015206867958934,1.0
108.81294964028777,0.00010693890227319925,0.00010693889788944504,1.0
108.85204879574601,0.00020467013203760945,0.00020467013644465733,1.0
108.89114795120425,0.0002299077927610324,0.00022990779024086762,1.0
108.93024710666249,0.00012449856754857914,0.00012449856877803995,1.0
108.96934626212074,9.925370502862545e-05,9.925370082019417e-05,1.0
109.00844541757898,0.00020955725416161433,0.00020955725843394094,1.0
109.04754457303721,0.0002250131709113907,0.00022501316933646454,1.0
109.08664372849546,0.00013213695514270412,0.00013213695526403737,1.0
109.1257428839537,9.19509295286525e-05,9.195092575712645e-05,1.0
109.16484203941195,0.00021322832479188622,0.00021322832847943572,1.0
109.20394119487018,0.00021960505672934287,0.00021960505641242884,1.0
109.24304035032843,0.0001404518211046706,0.00014045181955739077,1.0
109.28213950578667,8.769039329415974e-05,8.769039021991852e-05,1.0
109.32123866124492,0.00021350268727263357,0.00021350268974380148,1.0
109.36033781670315,0.0002165596769180696,0.00021655967823175018,1.0
109.3994369721614,0.0001468072687890843,0.00014680726499656255,1.0
109.43853612761964,8.780719556408177e-05,8.780719369885986e-05,1.0
109.47763528307789,0.00020971561240149938,0.00020971561286686803,1.0
109.51673443853612,0.00021768565540125338,0.00021768565888636478,1.0
109.55583359399436,0.00014959327224197454,0.00014959326579849932,1.0
109.59493274945261,9.131045726359375e-05,9.131045768144299e-05,1.0
109.63403190491086,0.0002028709477469704,0.0002028709452658414,1.0
109.67313106036909,0.00022268044133778235,0.00022268044774367683,1.0
109.71223021582733,0.00014863039983205775,0.00014863039078248506,1.0
109.75132937128558,9.568803491763687e-05,9.56880393404587e-05,1.0
109.79042852674382,0.00019529844480779552,0.00019529843825475155,1.0
109.82952768220206,0.00022934901071024324,0.0002293490205819142,1.0
109.8686268376603,0.00014520256741563383,0.00014520255719728425,1.0
109.90772599311855,9.848273416411478e-05,9.84827441124132e-05,1.0
109.94682514857679,0.00018978625534792241,0.00018978624450687997,1.0
109.98592430403502,0.00023485691779123773,0.00023486465135211072,1.0
110.02502345949327,0.0001417426146421397,0.00014169799827287984,0.9999382004233215
110.06412261495151,9.819518009718883e-05,9.816760123050911e-05,0.9995942454045392
110.10322177040976,0.00018824392623051486,0.00018796262759666858,0.9989487884706238
110.14232092586799,0.00023704515782012287,0.0002366324562198626,0.9980022191506857
110.18142008132624,0.00014094314959346203,0.00014050522708015483,0.9967551086932227
110.22051923678448,9.453022680129215e-05,9.395500658520239e-05,0.9952082097213788
110.25961839224273,0.00019055476215358152,0.00018927139135488074,0.9933624557787382
110.29871754770096,0.00023524261791586342,0.00023313392696251283,0.9912189607659392
110.3378167031592,0.00014431171793567813,0.00014292561909778673,0.9887790182684397
110.37691585861745,8.841927097759504e-05,8.688097526862509e-05,0.986044100775851
110.4160150140757,0.00019459978926674752,0.00019133345230311772,0.9830158587932967
110.45511416953393,0.00023053204750805647,0.0002256559933684098,0.9796961198453453
110.49421332499217,0.00015112395809863257,0.00014801279453980983,0.9760868873731066
110.53331248045042,8.193222685761534e-05,7.924597234668462e-05,0.9721903395251743
110.57241163590867,0.0001974703901182492,0.0001910976161168174,0.9680088278431231
110.6115107913669,0.00022545400552600718,0.0002170053360027911,0.9635448758423714
110.65060994682514,0.00015884877223337548,0.00015296062570743741,0.9588011774892486
110.68970910228339,7.777863481727958e-05,7.386868328496796e-05,0.9537805955752148
110.72880825774163,0.00019689043802582372,0.00018640949594609627,0.9484861599891768
110.76790741319986,0.00022299098314958315,0.00021022776910115058,0.9429210658889742
110.80700656865811,0.00016459412103169032,0.00015482969134805768,0.9370886717731135
110.84610572411636,7.790718543100392e-05,7.247666549547823e-05,0.9309924974539483
110.8852048795746,0.00019216356195979616,0.00017697628394845274,0.9246362219334869
110.92430403503283,0.00022493931568511448,0.00020681157325348577,0.918023681183143
110.96340319049108,0.00016642160307626133,0.00015197658230967244,0.9111588658287414
111.00250234594932,8.190196743521111e-05,7.42124007805842e-05,0.904045918742216
111.04160150140757,0.00018455855999819308,0.0001645500121644427,0.8966891325414033
111.0807006568658,0.00023063088274181045,0.00020561289339799836,0.8890929469994803
111.11979981232405,0.00016413262835884143,0.00014472554763258133,0.8812619463655789
111.15889896778229,8.720087295896178e-05,7.630965002284942e-05,0.8732008565982379
111.19799812324054,0.00017706914545788475,0.0001523170703857975,0.8649145425133058
111.23709727869877,0.0002371794207126069,0.00020359545267470292,0.856408004848062
111.27619643415701,0.00015958150868662508,0.000135354598073821,0.8476863772432914
111.31529558961526,9.083313533662791e-05,7.608105930994268e-05,0.8387549231451839
111.3543947450735,0.00017321007987973217,0.00014334391060282016,0.8296190326288659
111.39349390053174,0.00024107484846271524,0.00019775091992869397,0.8202842191455314
111.43259305598998,0.000156301406173929,0.0001272529465915225,0.810756116195096
111.47169221144823,9.070763276336231e-05,7.210316255022828e-05,0.8010404739264358
111.51079136690647,0.00017485294742242903,0.00013852547623791355,0.7911431556671968
111.54989052236472,0.00023992764324429387,0.0001867300190093874,0.7810701343853169
111.58898967782295,0.00015788333709333154,0.0001230217387498177,0.7708274890843825
111.6280888332812,8.613132955313813e-05,6.44877041854314e-05,0.7604214011349737
111.66718798873944,0.00018062521145716234,0.0001358106380314065,0.7498581505442694
111.70628714419769,0.00023363203102589057,0.00017151185969101478,0.7391441121660882
111.74538629965592,0.00016543036993159544,0.000122463743368948,0.7282857518537132
111.78448545511417,7.811150026236117e-05,5.483891033806291e-05,0.717289622557775
111.82358461057241,0.00018664872564011509,0.0001317502166066217,0.7061623603716114
111.86268376603066,0.00022478891093158127,0.00015510265725868563,0.6949106805264134
111.90178292148889,0.00017643274344563719,0.00012266467958245347,0.6835413733386326
111.94088207694713,6.971074097557125e-05,4.6078164319380587e-05,0.6720613001120537
111.97998123240538,0.00018879712943252236,0.00012372653838617568,0.6604773889970659
112.01908038786362,0.00021807548797654082,0.00014121874839031682,0.6487966308095522
112.05817954332186,0.00018638320936562237,0.0001201872593321833,0.6370260748119857
112.0972786987801,6.57986264042533e-05,4.1472605304963134e-05,0.6251728244592277
112.13637785423835,0.00018456451817515515,0.00011114835240788829,0.6132440331116641
112.17547700969659,0.0002179820655195515,0.00013206030506387085,0.6012468997181809
112.21457616515482,0.00019121777543540814,0.00011303560263368336,0.5891886644716542
112.25367532061307,6.994668769097435e-05,4.1851470567839065e-05,0.577076604439522
112.29277447607132,0.0001740491495000035,9.555515381882895e-05,0.5649180291721481
112.33187363152956,0.00022559371963557886,0.00012661665154969223,0.5527202762915366
112.37097278698779,0.00018892645996546138,0.00010135409680258021,0.5404907070631346
112.41007194244604,8.035727820803504e-05,4.438161637852646e-05,0.5282367019533366
112.44917109790428,0.0001603417535715493,8.00637691699323e-05,0.5159656561754479
112.48827025336253,0.00023743636752812628,0.00012152830888374224,0.5036849752267029
112.52736940882076,0.0001803825618682025,8.724765387716127e-05,0.49140207041910433
112.566468564279,9.191645223796437e-05,4.5667150482817425e-05,0.47912435440672585
112.60556771973725,0.00014911970468618204,6.813156640918217e-05,0.4668592367122502
112.6446668751955,0.0002477539659195282,0.00011364354127426202,0.45461411925535183
112.68376603065373,0.00016964415958744161,7.402938224947542e-05,0.44239639188569424
112.72286518611197,0.00010016584435372537,4.391787014801228e-05,0.4302134279231867
112.76196434157022,0.00014617936064309319,6.13734163660989e-05,0.418072579708259
112.80106349702847,0.00025163502989944224,0.00010171916999812539,0.40598117416475327
112.8401626524867,0.00016310984862665063,6.46843449766625e-05,0.3939465083781819
112.87926180794494,0.00010243763685266096,3.8931442388588466e-05,0.3819758451919656
112.91836096340319,0.00015285468951561587,5.8030404172742764e-05,0.3700764088243806
112.95746011886143,0.00024692262808610846,8.662751361719433e-05,0.35825538050877126
112.99655927431967,0.0001661066337754811,5.971532193671952e-05,0.34651989415973095
113.03565842977791,9.787874568821587e-05,3.161310749000475e-05,0.3348770320678136
113.07475758523616,0.00016451036874927998,5.4730572109648026e-05,0.3233338206254424
113.1138567406944,0.00023497662721001065,7.071521223819475e-05,0.3118972260865097
113.15295589615263,0.00017837631336030263,5.670172713902528e-05,0.30057415036229596
113.19205505161088,8.756065206218641e-05,2.3572359745567046e-05,0.28937142685619494
113.23115420706912,0.00017446181748467817,4.926285347206369e-05,0.27829581633982253
113.27025336252737,0.00022061423123625548,5.6749765718151844e-05,0.26735400287291866
113.3093525179856,0.0001942245001164913,5.271039894450718e-05,0.25655258976956785
113.34845167344385,7.491462846510008e-05,1.6819309482032174e-05,0.24589809561312614
113.38755082890209,0.00017778310830538106,4.134211663552034e-05,0.23539695032232155
113.42664998436034,0.00021070718279240402,4.6524583948178255e-05,0.22505549127082358
113.46574913981857,0.00020696282104170342,4.635096049212635e-05,0.21487995946268668
113.50484829527682,6.617070918002215e-05,1.3154909779640204e-05,0.20487649576592953
113.54394745073506,0.00017260714499728392,3.204823217315912e-05,0.19505113720658313
113.5830466061933,0.00021051383298841144,3.96553978176512e-05,0.18540981332536932
113.62214576165154,0.00021217194373102376,3.7944231223709174e-05,0.17595834259926807
113.66124491710978,6.766466308887353e-05,1.2326544006593621e-05,0.16670242893009068
113.70034407256803,0.00016026146641431773,2.304117360664746e-05,0.1576476582022326
113.73944322802627,0.0002195972758927864,3.410247243148695e-05,0.1487994949116136
113.7785423834845,0.0002087854604795506,2.8838490552928408e-05,0.14016327886789604
113.81764153894275,7.856933828882999e-05,1.2015350205908272e-05,0.13174422197193264
113.856740694401,0.0001450460310674942,1.5856100301547713e-05,0.12354740507043621
113.89583984985924,0.00023222240458494744,2.8154907782433867e-05,0.11557777488970772
113.93493900531747,0.00019920632608170857,2.0618012580666728e-05,0.1078401410503263
113.97403816077572,9.209277470989518e-05,1.0758540874434031e-05,0.10033917316456187
114.01313731623397,0.00013324692738226444,1.1199095637848041e-05,0.09307939801831144
114.05223647169221,0.00024174186955089907,2.146639980365005e-05,0.08606519683920161
114.09133562715044,0.0001887355335143591,1.437267953486169e-05,0.07930080265255096
114.13043478260869,0.00010249901402503035,8.477564465603774e-06,0.07279029772675694
114.16953393806693,0.00013002764765173498,8.40899860711043e-06,0.0665376111096877
114.20863309352518,0.00024403310441088787,1.4716447919686987e-05,0.06054651625751717
114.24773224898341,0.00018355587741435028,1.0133871918427032e-05,0.054820628757472956
114.28683140444166,0.00010689419791387954,5.74005927045098e-06,0.04936340414584456
114.3259305598999,0.00013516192051520363,6.18535182310496e-06,0.04417813582260188
114.36502971535815,0.00023863983353082413,8.87588395137643e-06,0.03926795306384129
114.4041288708164,0.00018694084050284202,7.0266236893814745e-06,0.034635819133289
114.44322802627462,0.00010487499534378248,3.2293809813898574e-06,0.03028452949399324
114.48232718173287,0.0001433281931073614,3.942559359762311e-06,0.026216710121272913
114.52142633719112,0.00022856681908010765,4.617081872918812e-06,0.022434815917968587
114.56052549264936,0.00019672390748695558,4.3071784166144255e-06,0.018941129232917353
114.59962464810759,9.831560280296585e-05,1.4367387299430606e-06,0.015737758483573505
114.63872380356584,0.00014877995267742174,1.8981455404693625e-06,0.012826636883586928
114.67782295902408,0.00021903454560273387,2.0116098904159415e-06,0.010209521276128286
114.71692211448233,0.00020737821845743238,1.9643532489988695e-06,0.007887991073640854
114.75602126994056,9.115579798350222e-05,4.993614901559394e-07,0.0058634473046771385
114.7951204253988,0.00014836855655023324,4.949263581045501e-07,0.004137111768384105
114.83421958085705,0.00021489606949584792,6.204282241641005e-07,0.0027100262971597733
114.8733187363153,0.00021398668457791982,4.104754464512782e-07,0.0015830521279110998
114.91241789177353,8.818780170826426e-05,1.4054488952073533e-07,0.0007568693823039596
114.95151704723177,0.00014206779604898238,4.2130356210719233e-08,0.00023197665631313757
114.99061620269002,0.0002175296052420109,3.570427876705315e-08,8.690719324411234e-06
115.02971535814827,0.00021448088652899328,5.299111184570375e-10,0.0
115.0688145136065,9.18695858388376e-05,1.2527928817529456e-11,0.0
115.10791366906474,0.0001325365309496081,1.1951603984780428e-11,0.0
115.14701282452299,0.0002240127064885064,1.131619375039336e-11,0.0
115.18611197998123,0.00021004191448843594,1.0706905612853971e-11,0.0
115.22521113543947,0.00010007967567497704,1.0144521524695092e-11,0.0
115.26431029089771,0.00012405106911971166,9.631820352602088e-12,0.0
115.30340944635596,0.00022960865630108687,9.165894442766707e-12,0.0
115.3425086018142,0.00020433784036309597,8.742186728386573e-12,0.0
115.38160775727243,0.00010841411130575995,8.3559410160043e-12,0.0
115.42070691273068,0.00012032894527717619,8.002721714103217e-12,0.0
115.45980606818893,0.0002308445046998651,7.678576238781895e-12,0.0
115.49890522364717,0.0002016276676895992,7.38005390988048e-12,0.0
115.5380043791054,0.0001134438392225493,7.104169783451593e-12,0.0
115.57710353456365,0.00012188970617205731,6.8483515619955334e-12,0.0
115.6162026900219,0.00022704569153816426,6.6103832146725e-12,0.0
115.65530184548014,0.00020411871400252774,6.3883535974246455e-12,0.0
115.69440100093837,0.0001139663925833674,6.180610179913752e-12,0.0
115.73350015639662,0.0001257841453072312,5.985720451825017e-12,0.0
115.77259931185486,0.00022032273265157988,5.802438015151387e-12,0.0
115.81169846731311,0.00021049095055016898,5.629674771721082e-12,0.0
115.85079762277134,0.00011108147287355336,5.466477565263524e-12,0.0
115.88989677822958,0.0001281824691492053,5.312008299724756e-12,0.0
115.92899593368783,0.00021436056098292946,5.165527281580508e-12,0.0
115.96809508914608,0.0002171386766180658,5.02637971802493e-12,0.0
116.0071942446043,0.00010770198397066541,4.8939834594115835e-12,0.0
116.04629340006255,0.00012674710349558173,4.7678198193960025e-12,0.0
116.0853925555208,0.00021224971355317295,4.647424444573547e-12,0.0
116.12449171097904,0.00022074730606235008,4.532381031026879e-12,0.0
116.16359086643727,0.00010717711161643136,4.422314508924813e-12,0.0
116.20269002189552,0.0001214370590219689,4.316886459957101e-12,0.0
116.24178917735377,0.000214424515487377,4.215790512357401e-12,0.0
116.28088833281201,0.00022008245448807825,4.118748442747539e-12,0.0
116.31998748827024,0.00011105428787919537,4.025507028260171e-12,0.0
116.35908664372849,0.0001143011003401949,3.935835205567378e-12,0.0
116.39818579918673,0.0002184799318840619,3.8495215405175e-12,0.0
116.43728495464498,0.0002164266989819672,3.766372222534259e-12,0.0
116.47638411010321,0.00011787971912904627,3.686209220350932e-12,0.0
116.51548326556146,0.00010853310182461725,3.6088682280194713e-12,0.0
116.5545824210197,0.00022102726408855031,3.5341980982180697e-12,0.0
116.59368157647795,0.00021283478825831755,3.4620585945782603e-12,0.0
116.63278073193618,0.0001245248092789831,3.392320161500671e-12,0.0
116.67187988739443,0.00010665315219709684,3.3248622687134497e-12,0.0
116.71097904285267,0.00021980412986122568,3.259573042451091e-12,0.0
116.75007819831092,0.00021238184092879777,3.196348161605001e-12,0.0
116.78917735376915,0.00012832413044295255,3.1350903194320897e-12,0.0
116.8282765092274,0.00010865482681678005,3.0757087715800817e-12,0.0
116.86737566468564,0.00021475422673600947,3.0181182593982257e-12,0.0
116.90647482014388,0.00021615366747491452,2.9622393201032577e-12,0.0
116.94557397560212,0.00012828546467401295,2.9079970371163155e-12,0.0
116.98467313106036,0.00011209612575106771,2.8553212837687905e-12,0.0
117.02377228651861,0.00020795807911996327,2.804145872708534e-12,0.0
117.06287144197685,0.00022253686515638039,2.7544086450452215e-12,0.0
117.10197059743508,0.00012537444616964578,2.7060509148076965e-12,0.0
117.14106975289333,0.00011402374025339447,2.6590173073553285e-12,0.0
117.18016890835158,0.00020256485771868562,2.613255422158607e-12,0.0
117.21926806380982,0.00022845316725074466,2.56871590186172e-12,0.0
117.25836721926807,0.0001221349131051547,2.5253516773270248e-12,0.0
117.2974663747263,0.0001126045114159092,2.483118513029986e-12,0.0
117.33656553018454,0.00020098838699068194,2.4419741079203908e-12,0.0
117.37566468564279,0.0002312844672939558,2.4018785428193362e-12,0.0
117.41476384110103,0.00012151015041794573,2.3627938538497306e-12,0.0
117.45386299655927,0.00010768506765830817,2.3246838037690237e-12,0.0
117.49296215201751,0.00020335212090737294,2.287513992521961e-12,0.0
117.53206130747576,0.000230130235892046,2.2512517167722157e-12,0.0
117.571160462934,0.00012502652073982133,2.2158656884889985e-12,0.0
117.61025961839223,0.00010068329300813723,2.181326093089521e-12,0.0
117.64935877385048,0.00020751261669939882,2.14760454062805e-12,0.0
117.68845792930873,0.00022607421056555093,2.1146739676138327e-12,0.0
117.72755708476697,0.0001317355963420177,2.0825081346921147e-12,0.0
117.7666562402252,9.405360266488438e-05,2.0510825688737155e-12,0.0
117.80575539568345,0.00021058417259214217,2.0203733046452994e-12,0.0
117.8448545511417,0.00022160045220166472,1.9903576711732075e-12,0.0
117.88395370659994,0.00013907498382233842,1.9610138575047675e-12,0.0
117.92305286205817,9.021054414506293e-05,1.932321112337928e-12,0.0
117.96215201751642,0.00021054494815904765,1.9042592193014713e-12,0.0
118.00125117297466,0.00021934113513845431,1.876809150467474e-12,0.0
118.04035032843291,0.00014457151849202,1.8499523820882375e-12,0.0
118.07944948389114,9.009513166779494e-05,1.8236712709022102e-12,0.0
118.11854863934938,0.000207013628675152,1.7979487239871758e-12,0.0
118.15764779480763,0.00022064230136698454,1.772768533819692e-12,0.0
118.19674695026588,0.00014693434377914335,1.7481147890018864e-12,0.0
118.23584610572411,9.258512783445974e-05,1.7239725072122556e-12,0.0
118.27494526118235,0.00020119488472350528,1.7003271505170051e-12,0.0
118.3140444166406,0.00022487600924834086,1.677164562113707e-12,0.0
118.35314357209884,0.00014633682780005144,1.6544713683747224e-12,0.0
118.39224272755708,9.549404698516163e-05,1.6322345328287913e-12,0.0
118.43134188301532,0.0001952284908124781,1.6104415221075617e-12,0.0
118.47044103847357,0.00023002956370514496,1.5890801499578566e-12,0.0
118.50954019393181,0.00014416837557908115,1.5681389484343733e-12,0.0
118.54863934939004,9.69583507330078e-05,1.5476064120147233e-12,0.0
118.58773850484829,0.00019116471931707855,1.5274719458392917e-12,0.0
118.62683766030653,0.00023396750803794222,1.5077248290797377e-12,0.0
118.66593681576478,0.00014240226750240483,1.4883551036421424e-12,0.0
118.70503597122301,9.60948568765835e-05,1.469352848733841e-12,0.0
118.74413512668126,0.0001899696266995141,1.4507086677670512e-12,0.0
118.7832342821395,0.00023541284715035437,1.4324134724134296e-12,0.0
118.82233343759775,0.00014269771459107948,1.414458229873157e-12,0.0
118.86143259305598,9.301891807131215e-05,1.3968345831951746e-12,0.0
118.90053174851423,0.00019115372705802813,1.3795341645459996e-12,0.0
118.93963090397247,0.00023427986704989854,1.3625489555029124e-12,0.0
118.97873005943072,0.000145615939337363,1.3458711484754361e-12,0.0
119.01782921488895,8.859198041873679e-05,1.3294934019178429e-12,0.0
119.0569283703472,0.00019325621598147226,1.3134081912086763e-12,0.0
119.09602752580544,0.00023147896446283652,1.297608704239214e-12,0.0
119.13512668126369,0.00015047977967950452,1.282087912677892e-12,0.0
119.17422583672192,8.406167938179337e-05,1.2668393479945803e-12,0.0
119.21332499218016,0.0001947175638730384,1.2518564380572542e-12,0.0
119.25242414763841,0.00022841532549615443,1.2371331134899015e-12,0.0
119.29152330309665,0.0001559323803143319,1.222663139102731e-12,0.0
119.33062245855488,8.062497124631415e-05,1.2084408517180676e-12,0.0
119.36972161401313,0.000194532535292952,1.194460438342611e-12,0.0
119.40882076947138,0.00022638298379362706,1.1807163951552037e-12,0.0
119.44791992492962,0.00016067306461394217,1.167203374709693e-12,0.0
119.48701908038785,7.897649512502403e-05,1.1539161277598796e-12,0.0
119.5261182358461,0.000192483270351725,1.1408496739984217e-12,0.0
119.56521739130434,0.00022606268780053925,1.127999034898785e-12,0.0
119.60431654676259,0.00016392876628751668,1.1153594720485613e-12,0.0
119.64341570222082,7.90460109205325e-05,1.1029262740580227e-12,0.0
119.68251485767907,0.00018905867275488577,1.090695036639929e-12,0.0
119.72161401313731,0.0002273162344007912,1.0786613141793908e-12,0.0
119.76071316859556,0.00016560689750692615,1.0668208477864887e-12,0.0
119.79981232405379,8.011847639027522e-05,1.0551694552448515e-12,0.0
119.83891147951203,0.0001851938595479892,1.0437031908565575e-12,0.0
119.87801063497028,0.0002293439764027408,1.0324179904261888e-12,0.0
119.91710979042853,0.00016623442495196977,1.0213102052114319e-12,0.0
119.95620894588676,8.123728559494081e-05,1.010375970830174e-12,0.0
119.995308101345,0.00018189550675905055,9.996117564957052e-13,0.0
120.03440725680325,0.00023109419553294869,9.890139807490445e-13,0.0
120.0735064122615,0.00016673826842884037,9.78579235866649e-13,0.0
120.11260556771973,8.161137668500815e-05,9.683041725838077e-13,0.0
120.15170472317797,0.00017981302022743425,9.581856067907365e-13,0.0
120.19080387863622,0.00023173464489913996,9.48220208219578e-13,0.0
120.22990303409446,0.00016806659262939779,9.38405058720995e-13,0.0
120.26900218955271,8.088721644314902e-05,9.287370022934849e-13,0.0
120.30810134501094,0.00017890249699680714,9.192132189839422e-13,0.0
120.34720050046919,0.00023103351048119067,9.098307185513294e-13,0.0
120.38629965592743,0.000170715557545953,9.005869076999596e-13,0.0
120.42539881138568,7.929703890831981e-05,8.914788525207973e-13,0.0
120.46449796684391,0.00017838808777191498,8.825040544721638e-13,0.0
120.50359712230215,0.0002295360620181966,8.736598102972088e-13,0.0
120.5426962777604,0.00017438483846996748,8.649436773398225e-13,0.0
120.58179543321864,7.767194099536848e-05,8.563531359165823e-13,0.0
120.62089458867688,0.00017710406424761523,8.478859030460186e-13,0.0
120.65999374413512,0.00022841773953972505,8.395394315727846e-13,0.0
120.69909289959337,0.00017802144268492232,8.313116168612844e-13,0.0
120.73819205505161,7.7198003914778e-05,8.232001020996855e-13,0.0
120.77729121050984,0.00017407859677281143,8.152027287063796e-13,0.0
120.81639036596809,0.0002289384441562373,8.07317504963115e-13,0.0
120.85548952142634,0.00018029093971948655,7.995420979066794e-13,0.0
120.89458867688458,7.880787203749603e-05,7.918747121326949e-13,0.0
120.93368783234281,0.0001691109419779644,7.843132411979339e-13,0.0
120.97278698780106,0.0002316538837148756,7.76855699059223e-13,0.0
121.0118861432593,0.00018025811705440852,7.695003844663679e-13,0.0
121.05098529871755,8.24810868638064e-05,7.622451828764533e-13,0.0
121.09008445417578,0.00016311062991887387,7.550885900845855e-13,0.0
121.12918360963403,0.000235867213129021,7.480285124134594e-13,0.0
121.16828276509227,0.00017799541522340326,7.410635215153505e-13,0.0
121.20738192055052,8.708623956976767e-05,7.341916588673797e-13,0.0
121.24648107600875,0.0001579658997296174,7.274115086420123e-13,0.0
121.285580231467,0.00023978736574751635,7.207213322359061e-13,0.0
121.32467938692524,0.0001748679094786027,7.141195013830962e-13,0.0
121.36377854238349,9.092027441411446e-05,7.07604627454405e-13,0.0
121.40287769784172,0.00015572322576906552,7.011750778150514e-13,0.0
121.44197685329996,0.00024135091239808892,6.948293962561044e-13,0.0
121.48107600875821,0.00017321012157382366,6.885661512215061e-13,0.0
121.52017516421645,9.244251107338135e-05,6.823839634056835e-13,0.0
121.55927431967469,0.00015726480955995586,6.762813972044369e-13,0.0
121.59837347513293,0.0002392347321645559,6.702570852496943e-13,0.0
121.63747263059118,0.00017519114670028408,6.643097210437716e-13,0.0
121.67657178604942,9.082991057686422e-05,6.584381459433769e-13,0.0
121.71567094150765,0.00016147385279320186,6.52640743841834e-13,0.0
121.7547700969659,0.00023361130310196505,6.469166688989874e-13,0.0
121.79386925242414,0.00018132830129170344,6.412644024728109e-13,0.0
121.83296840788239,8.634177700203066e-05,6.356829854566791e-13,0.0
121.87206756334062,0.00016576008453091757,6.301710591219615e-13,0.0
121.91116671879887,0.0002263663165469037,6.247276137770213e-13,0.0
121.95026587425711,0.00018991663035278604,6.193514162407044e-13,0.0
121.98936502971536,8.05355445544505e-05,6.140414163022983e-13,0.0
122.02846418517359,0.0001674456644322274,6.087966536903715e-13,0.0
122.06756334063184,0.00022052797834790593,6.036158213978133e-13,0.0
122.10666249609008,0.00019797579266394346,5.98498211327744e-13,0.0
122.14576165154833,7.612071939216149e-05,5.934425182208345e-13,0.0
122.18486080700656,0.00016496588219115267,5.884478956493952e-13,0.0
122.2239599624648,0.00021879149910865482,5.835133968744255e-13,0.0
122.26305911792305,0.0002028190700079186,5.786379366787109e-13,0.0
122.3021582733813,7.581384884000248e-05,5.738208211610032e-13,0.0
122.34125742883953,0.00015847942003338557,5.690608351030711e-13,0.0
122.38035658429777,0.00022178252719318793,5.643572895580967e-13,0.0
122.41945573975602,0.00020323390925701388,5.597092634008377e-13,0.0
122.45855489521426,8.024883433789515e-05,5.55115877836397e-13,0.0
122.4976540506725,0.00014990657584106355,5.505762844964631e-13,0.0
122.53675320613074,0.00022753129971425146,5.460896356246788e-13,0.0
122.57585236158899,0.00019998214132797273,5.41655189596223e-13,0.0
122.61495151704723,8.731627257798647e-05,5.372720613845868e-13,0.0
122.65405067250546,0.00014230005736621634,5.329395285914874e-13,0.0
122.69314982796371,0.00023274694967586788,5.286568184783625e-13,0.0
122.73224898342195,0.00019557243701287484,5.244231482340842e-13,0.0
122.7713481388802,9.392155772221792e-05,5.202378189360628e-13,0.0
122.81044729433843,0.0001383563453373759,5.161000148046945e-13,0.0
122.84954644979668,0.00023472508795920562,5.120091874883846e-13,0.0
122.88864560525492,0.00019315724578279503,5.079644812606627e-13,0.0
122.92774476071317,9.777434867121294e-05,5.039653232301235e-13,0.0
122.9668439161714,0.00013861899266724825,5.000109477766964e-13,0.0
123.00594307162964,0.00023263236714955027,4.961007730123474e-13,0.0
123.04504222708789,0.00019471818923349788,4.922341146307365e-13,0.0
123.08414138254614,9.812201785713734e-05,4.884103303281508e-13,0.0
123.12324053800438,0.00014105537291009344,4.846288051719322e-13,0.0
123.16233969346261,0.00022781107131562833,4.808889223965559e-13,0.0
123.20143884892086,0.00019970928655787954,4.771901485215731e-13,0.0
123.2405380043791,9.589763514666015e-05,4.735317417979635e-13,0.0
123.27963715983735,0.00014259202636658785,4.699132515321961e-13,0.0
123.31873631529558,0.00022310264842965698,4.663340544462759e-13,0.0
123.35783547075383,0.00020548835778614049,4.627936166011497e-13,0.0
123.39693462621207,9.345554962673478e-05,4.592913546302654e-13,0.0
123.43603378167032,0.000141016752368044,4.558267450038048e-13,0.0
123.47513293712855,0.00022126657194320446,4.523992818303493e-13,0.0
123.5142320925868,0.00020912788060272356,4.4900840016245537e-13,0.0
123.55333124804504,9.353640645076742e-05,4.456535753222973e-13,0.0
123.59243040350329,0.00013599622425609315,4.423343943496506e-13,0.0
123.63152955896152,0.00022317290731664865,4.3905030364299607e-13,0.0
123.67062871441976,0.00020909892667516172,4.358007444267382e-13,0.0
123.70972786987801,9.743946312836846e-05,4.325853884766103e-13,0.0
123.74882702533625,0.0001291832850240064,4.2940364416601344e-13,0.0
123.78792618079449,0.00022717025494165054,4.2625515719221297e-13,0.0
123.82702533625273,0.00020603691038087842,4.231393226043855e-13,0.0
123.86612449171098,0.00010394215228535233,4.2005582205769447e-13,0.0
123.90522364716922,0.00012350749052050323,4.170042056425062e-13,0.0
123.94432280262745,0.00023024572421100978,4.139839893947882e-13,0.0
123.9834219580857,0.0002024803961342698,4.1099476938532825e-13,0.0
124.02252111354395,0.00011029162580605481,4.0803616583266793e-13,0.0
124.06162026900219,0.00012153365234957656,4.0510768704804006e-13,0.0
124.10071942446042,0.0002299067319824162,4.0220903535657653e-13,0.0
124.13981857991867,0.00020155102168497747,3.993397647298378e-13,0.0
124.17891773537691,0.0001139856873254671,3.96499396625934e-13,0.0
124.21801689083516,0.0001235750317091909,3.936877263800351e-13,0.0
124.25711604629339,0.00022550696297242876,3.9090422708952224e-13,0.0
124.29621520175164,0.00020496006669462383,3.8814860859596825e-13,0.0
124.33531435720988,0.00011389082160742545,3.8542050751226987e-13,0.0
124.37441351266813,0.00012741085358664644,3.8271946076508505e-13,0.0
124.41351266812636,0.00021858939592994846,3.800453232354362e-13,0.0
124.4526118235846,0.00021174948746008137,3.7739741865034893e-13,0.0
124.49171097904285,0.00011064578407814357,3.7477583275789584e-13,0.0
124.5308101345011,0.00012995242890512668,3.7217982758867065e-13,0.0
124.56990928995933,0.00021221915446662372,3.696093955100465e-13,0.0
124.60900844541757,0.00021897988829023616,3.670638742484803e-13,0.0
124.64810760087582,0.00010654944422211582,3.645432939278645e-13,0.0
124.68720675633406,0.00012901660905595476,3.6204710712632243e-13,0.0
124.7263059117923,0.00020936645606254,3.595750753133963e-13,0.0
124.76540506725054,0.0002236199889343477,3.57126917577448e-13,0.0
124.80450422270879,0.0001047013996631849,3.547022352349169e-13,0.0
124.84360337816703,0.00012413510961023705,3.523009309450097e-13,0.0
124.88270253362526,0.00021102924053141643,3.4992248095957883e-13,0.0
124.92180168908351,0.00022409686979101343,3.475667061209191e-13,0.0
124.96090084454175,0.00010718770288708701,3.45233390922216e-13,0.0
125.0,0.0001165887268370413,3.4292213112699034e-13,0.0
125.03909915545823,0.0002155942090808292,3.4063274156051285e-13,0.0
125.07819831091648,0.000220884288451742,3.3836487498096825e-13,0.0
125.11729746637472,0.00011352183512199387,3.3611836201075387e-13,0.0
125.15639662183297,0.00010890021264936793,3.3389287755635427e-13,0.0
125.1954957772912,0.00022006778070381375,3.316881778281603e-13,0.0
125.23459493274945,0.0002161740773021555,3.2950400880482926e-13,0.0
125.27369408820769,0.00012118598617311195,3.2734009729806487e-13,0.0
125.31279324366594,0.00010371086986555266,3.2519627496477766e-13,0.0
125.35189239912417,0.0002219416584083194,3.2307221538233227e-13,0.0
125.39099155458241,0.00021275565651968274,3.209677150142231e-13,0.0
125.43009071004066,0.0001275291599193549,3.188824870089369e-13,0.0
125.4691898654989,0.00010223290998130394,3.168164705326982e-13,0.0
125.50828902095714,0.00022033896125112779,3.1476922806561626e-13,0.0
125.54738817641538,0.00021247253058237912,3.1274058708916197e-13,0.0
125.58648733187363,0.0001311001382793934,3.1073041556199217e-13,0.0
125.62558648733187,0.00010349408939699482,3.0873848461099223e-13,0.0
125.6646856427901,0.00021613106951017197,3.0676446047807826e-13,0.0
125.70378479824835,0.00021520664562479658,3.0480825469194306e-13,0.0
125.7428839537066,0.00013198979112602596,3.028695642745235e-13,0.0
125.78198310916484,0.00010531728150881823,3.009482846442652e-13,0.0
125.82108226462307,0.00021123774443858963,2.990441247655864e-13,0.0
125.86018142008132,0.00021925034728745467,2.971569105479784e-13,0.0
125.89928057553956,0.00013149090044868838,2.952865055332833e-13,0.0
125.93837973099781,0.00010592483334585009,2.934326067209899e-13,0.0
125.97747888645605,0.00020745679925709485,2.915951169971256e-13,0.0
126.01657804191429,0.00022267953918791278,2.897737684765222e-13,0.0
126.05567719737253,0.0001312719207944965,2.8796847547227773e-13,0.0
126.09477635283078,0.00010478229649456776,2.86178970371501e-13,0.0
126.13387550828902,0.00020542883217630132,2.844050760595027e-13,0.0
126.17297466374725,0.00022455204847248293,2.8264668419882786e-13,0.0
126.2120738192055,0.00013235852387359761,2.809035245685457e-13,0.0
126.25117297466375,0.00010253800606761509,2.791755251261607e-13,0.0
126.29027213012199,0.00020445026571411278,2.7746243703210305e-13,0.0
126.32937128558022,0.00022523593052877175,2.757641046823492e-13,0.0
126.36847044103847,0.0001345607651857651,2.740804176673956e-13,0.0
126.40756959649671,0.0001003832687841109,2.7241111862745806e-13,0.0
126.44666875195496,0.00020325412025827365,2.707561270338666e-13,0.0
126.48576790741319,0.00022587465489267835,2.691153037083258e-13,0.0
126.52486706287144,0.0001368241232119742,2.674883505509021e-13,0.0
126.56396621832968,9.916763509381846e-05,2.658752319180882e-13,0.0
126.60306537378793,0.00020107225914609036,2.642758265036198e-13,0.0
126.64216452924616,0.00022740172314396126,2.6268990308350133e-13,0.0
126.6812636847044,0.0001381715788211296,2.611172676362223e-13,0.0
126.72036284016265,9.878505402648694e-05,2.5955793026348476e-13,0.0
126.7594619956209,0.000198205329904308,2.580115795078262e-13,0.0
126.79856115107913,0.00022977113150604198,2.5647827223899683e-13,0.0
126.83766030653737,0.00013848418188643094,2.549576433079484e-13,0.0
126.87675946199562,9.829990496970651e-05,2.534496850329612e-13,0.0
126.91585861745386,0.00019579275025083693,2.5195426441896945e-13,0.0
126.9549577729121,0.0002319670150119089,2.5047113978852834e-13,0.0
126.99405692837034,0.00013865668229077325,2.4900037240598575e-13,0.0
127.03315608382859,9.666261702319933e-05,2.475416189210429e-13,0.0
127.07225523928683,0.00019494992122296294,2.4609484423506477e-13,0.0
127.11135439474506,0.00023274698460621498,2.4466005403045245e-13,0.0
127.15045355020331,0.00014004500361177344,2.432367644527956e-13,0.0
127.18955270566155,9.342555022259793e-05,2.4182526587561935e-13,0.0
127.2286518611198,0.0001958524793718588,2.404251156182039e-13,0.0
127.26775101657803,0.00023153348772968479,2.390364730774955e-13,0.0
127.30685017203628,0.00014348557676667806,2.3765890376056566e-13,0.0
127.34594932749452,8.907782402385526e-05,2.3629252213310674e-13,0.0
127.38504848295277,0.0001974860634678875,2.349371984273119e-13,0.0
127.424147638411,0.0002288831754195868,2.335926729696599e-13,0.0
127.46324679386925,0.00014859527722635457,2.322589567954405e-13,0.0
127.50234594932749,8.491019613104788e-05,2.3093587271991755e-13,0.0
127.54144510478574,0.00019825813990742986,2.296233713606407e-13,0.0
127.58054426024397,0.00022628032849319858,2.2832134163837637e-13,0.0
127.61964341570221,0.00015396160040863284,2.2702951730236922e-13,0.0
127.65874257116046,8.239444515150699e-05,2.2574807924495504e-13,0.0
127.6978417266187,0.00019694831788218437,2.2447665162882993e-13,0.0
127.73694088207694,0.00022532411688631142,2.232153716912815e-13,0.0
127.77604003753518,0.0001580088949309489,2.2196380149336183e-13,0.0
127.81513919299343,8.226745399173004e-05,2.207221815754365e-13,0.0
127.85423834845167,0.0001933659777373058,2.1949029006396828e-13,0.0
127.8933375039099,0.0002267491559288144,2.1826795168114588e-13,0.0
127.93243665936815,0.0001598410490336685,2.1705510735683767e-13,0.0
127.9715358148264,8.400556674456392e-05,2.1585181247441137e-13,0.0
128.01063497028463,0.00018843632928592754,2.1465765802034544e-13,0.0
128.04973412574287,0.00022997018479789595,2.1347293704530886e-13,0.0
128.08883328120112,0.00015963198557351104,2.1229718661317442e-13,0.0
128.12793243665936,8.623628031559707e-05,2.1113057332936876e-13,0.0
128.1670315921176,0.0001837278214915435,2.099728937674676e-13,0.0
128.20613074757586,0.00023350028986867416,2.0882410461512423e-13,0.0
128.2452299030341,0.00015849320227719722,2.0768403702806533e-13,0.0
128.28432905849232,8.761695651648643e-05,2.0655273101516055e-13,0.0
128.32342821395056,0.00018063075369123416,2.0543001316765531e-13,0.0
128.3625273694088,0.00023585154414738416,2.0431582057618938e-13,0.0
128.40162652486705,0.00015790543100821267,2.0321003969143211e-13,0.0
128.4407256803253,8.742462914340931e-05,2.0211262318126945e-13,0.0
128.47982483578355,0.0001796322573701698,2.0102345273673163e-13,0.0
128.5189239912418,0.00023625229067556443,1.99942584771977e-13,0.0
128.55802314670004,0.00015896287016544143,1.9886968981258516e-13,0.0
128.59712230215825,8.567680225714805e-05,1.978048988798456e-13,0.0
128.6362214576165,0.00018018137671459302,1.9674807299255763e-13,0.0
128.67532061307475,0.00023484143413956955,1.9569913724686837e-13,0.0
128.714419768533,0.00016187529352283765,1.9465790289353594e-13,0.0
128.75351892399124,8.294055191053788e-05,1.9362450671295973e-13,0.0
128.79261807944948,0.00018119242999404544,1.9259877011375767e-13,0.0
128.83171723490773,0.00023239085195864346,1.9158051398052447e-13,0.0
128.87081639036597,0.00016606324342327992,1.9056985911003584e-13,0.0
128.90991554582422,7.999645746947971e-05,1.8956654957630285e-13,0.0
128.94901470128244,0.00018170068571739928,1.885707168783652e-13,0.0
128.98811385674068,0.00022981644897078856,1.875820786733393e-13,0.0
129.02721301219893,0.00017067551939818696,1.8660070809931876e-13,0.0
129.06631216765717,7.751232274973437e-05,1.856265242221004e-13,0.0
129.10541132311542,0.00018119346420368353,1.8465936135786984e-13,0.0
129.14451047857366,0.0002277952213127845,1.8369926555647684e-13,0.0
129.1836096340319,0.00017503800760993143,1.8274608550711225e-13,0.0
129.22270878949016,7.58881157782518e-05,1.817998596151308e-13,0.0
129.26180794494837,0.00017953741216109745,1.8086039398174807e-13,0.0
129.30090710040662,0.0002266903866060278,1.7992774008319125e-13,0.0
129.34000625586486,0.00017874753808217727,1.790017686489271e-13,0.0
129.3791054113231,7.533402733655264e-05,1.7808242082806538e-13,0.0
129.41820456678136,0.00017673262999070446,1.7716965038169182e-13,0.0
129.4573037222396,0.00022671489088488953,1.762633944496238e-13,0.0
129.49640287769785,0.00018150289317847177,1.753636402558693e-13,0.0
129.5355020331561,7.603049813430329e-05,1.7447021921540707e-13,0.0
129.5746011886143,0.00017278660630011758,1.7358314874348847e-13,0.0
129.61370034407256,0.0002280466432469558,1.7270237702133603e-13,0.0
129.6527994995308,0.00018296026041438864,1.7182780422441475e-13,0.0
129.69189865498905,7.81184422704099e-05,1.7095938099292288e-13,0.0
129.7309978104473,0.00016785286737353995,1.7009713741397896e-13,0.0
129.77009696590554,0.00023067739236746424,1.6924082863644136e-13,0.0
129.80919612136378,0.00018283968150488108,1.683906563248758e-13,0.0
129.84829527682203,8.145542781842673e-05,1.675462555046065e-13,0.0
129.88739443228025,0.00016252622284117186,1.667079690722507e-13,0.0
129.9264935877385,0.00023409405909361193,1.658752924684675e-13,0.0
129.96559274319674,0.00018127842562856692,1.6504853767021342e-13,0.0
130.00469189865498,8.537963934897922e-05,1.6422739505303412e-13,0.0
130.04379105411323,0.00015798090247957968,1.6341210123133845e-13,0.0
130.08289020957147,0.00023714670095123026,1.6260229279146283e-13,0.0
130.12198936502972,0.00017918496836317975,1.61798164246397e-13,0.0
130.16108852048797,8.876800311237742e-05,1.60999457914696e-13,0.0
130.20018767594618,0.00015561445605221492,1.602062831663069e-13,0.0
130.23928683140443,0.0002383681958700303,1.5941859686298595e-13,0.0
130.27838598686267,0.0001782132324883653,1.586362180934311e-13,0.0
130.31748514232092,9.040520160103609e-05,1.57859181967029e-13,0.0
130.35658429777916,0.00015617244236057088,1.570874470572303e-13,0.0
130.3956834532374,0.0002366685374559282,1.5632093295089177e-13,0.0
130.43478260869566,0.0001800603926315351,1.555596860954284e-13,0.0
130.4738817641539,8.94800251436733e-05,1.5480349884186e-13,0.0
130.51298091961212,0.00015895805055979442,1.5405244235176352e-13,0.0
130.55208007507036,0.0002320726695779308,1.5330649678304467e-13,0.0
130.5911792305286,0.000185302610473838,1.5256552630043088e-13,0.0
130.63027838598686,8.606093525294766e-05,1.5182950452456747e-13,0.0
130.6693775414451,0.00016192429925652,1.5109848016796808e-13,0.0
130.70847669690335,0.00022611546661153051,1.5037221613228927e-13,0.0
130.7475758523616,0.00019268884227302053,1.496509763962519e-13,0.0
130.78667500781984,8.146075376378443e-05,1.4893440234047394e-13,0.0
130.82577416327806,0.00016264403665473568,1.4822261930507108e-13,0.0
130.8648733187363,0.00022151289077965608,1.475156161490601e-13,0.0
130.90397247419455,0.0001996210864174766,1.4681323569745587e-13,0.0
130.9430716296528,7.822958164837576e-05,1.4611543585842575e-13,0.0
130.98217078511104,0.00015944790371480116,1.454223942110796e-13,0.0
131.02126994056928,0.0002208765202782433,1.4473377163479394e-13,0.0
131.06036909602753,0.0002034373931504018,1.440497694483858e-13,0.0
131.09946825148577,7.911072264023345e-05,1.433701633638381e-13,0.0
131.138567406944,0.00015222473078660412,1.4269509182056114e-13,0.0
131.17766656240224,0.00022496733268418217,1.4202433697145094e-13,0.0
131.21676571786048,0.00020265527108152473,1.4135804371739482e-13,0.0
131.25586487331873,8.492158516625342e-05,1.4069601509701158e-13,0.0
131.29496402877697,0.00014275987972590097,1.4003835623845089e-13,0.0
131.33406318423522,0.0002319160652648401,1.3938486658186204e-13,0.0
131.37316233969347,0.00019774500921212028,1.3873567501184039e-13,0.0
131.4122614951517,9.366232764367848e-05,1.3809068424148774e-13,0.0
131.45136065060993,0.00013443417757727592,1.3744979820215615e-13,0.0
131.49045980606817,0.00023822704169295248,1.3681304197607787e-13,0.0
131.52955896152642,0.00019127796148435104,1.3618042752128642e-13,0.0
131.56865811698466,0.00010205702712313816,1.3555180104479827e-13,0.0
131.6077572724429,0.00013080262478713312,1.3492724752002456e-13,0.0
131.64685642790116,0.00024063111468065066,1.3430660763729078e-13,0.0
131.6859555833594,0.00018714339278403516,1.3369000340176364e-13,0.0
131.72505473881765,0.00010731986054036418,1.330772915332192e-13,0.0
131.7641538942759,0.0001331818889891167,1.3246841619024523e-13,0.0
131.8032530497341,0.0002375326467913155,1.3186347959465892e-13,0.0
131.84235220519236,0.00018856145036707394,1.31262366381976e-13,0.0
131.8814513606506,0.00010795977565871978,1.306649313725516e-13,0.0
131.92055051610885,0.00013945878623809732,1.300714064402115e-13,0.0
131.9596496715671,0.00022965286425068486,1.2948151752792585e-13,0.0
131.99874882702534,0.00019585563176389726,1.2889538145328062e-13,0.0
132.03784798248358,0.00010405817604159451,1.283129044330425e-13,0.0
132.07694713794183,0.0001457042896454585,1.2773407494040678e-13,0.0
132.11604629340005,0.00021988519140324082,1.271588651439642e-13,0.0
132.1551454488583,0.00020618132766650978,1.2658721012939942e-13,0.0
132.19424460431654,9.736838094170741e-05,1.2601912818403697e-13,0.0
132.23334375977478,0.00014854622254060633,1.2545461391585931e-13,0.0
132.27244291523303,0.00021224114199501696,1.2489350734429847e-13,0.0
132.31154207069127,0.0002154983243443023,1.2433595238586724e-13,0.0
132.35064122614952,9.112287728787158e-05,1.2378179764899933e-13,0.0
132.38974038160777,0.0001463881866545821,1.2323112032597272e-13,0.0
132.42883953706598,0.00020985292656043795,1.226837145439737e-13,0.0
132.46793869252423,0.00022072365675795171,1.2213981619937732e-13,0.0
132.50703784798247,8.891821743627259e-05,1.2159912179909437e-13,0.0
132.54613700344072,0.00013962149759789747,1.2106187208210218e-13,0.0
132.58523615889897,0.00021303864894429332,1.2052771800316909e-13,0.0
132.6243353143572,0.00022081582992849617,1.1999701882546563e-13,0.0
132.66343446981546,9.237993550618729e-05,1.1946943349400362e-13,0.0
132.7025336252737,0.00013032643461533377,1.1894509207372567e-13,0.0
132.74163278073192,0.0002192416555905699,1.184239551238326e-13,0.0
132.78073193619016,0.000216882363237397,1.179058556420502e-13,0.0
132.8198310916484,9.984612904376129e-05,1.1739108833026155e-13,0.0
132.85893024710666,0.00012153361026728064,1.168792287383136e-13,0.0
132.8980294025649,0.00022493120756370314,1.1637059073313784e-13,0.0
132.93712855802315,0.00021156164589431842,1.158649290567241e-13,0.0
132.9762277134814,0.0001080452451832955,1.1536231589161376e-13,0.0
133.01532686893964,0.00011591014862231387,1.148628069520918e-13,0.0
133.05442602439786,0.00022759086854096263,1.1436613985056423e-13,0.0
133.0935251798561,0.00020777880930273907,1.1387255564609235e-13,0.0
133.13262433531435,0.00011436579879712153,1.1338186732315209e-13,0.0
133.1717234907726,0.00011426752029670685,1.1289405943847774e-13,0.0
133.21082264623084,0.00022659762525874488,1.1240922875834959e-13,0.0
133.24992180168908,0.00020725082251007404,1.1192716630168461e-13,0.0
133.28902095714733,0.00011776096359282288,1.1144812185406825e-13,0.0
133.32812011260557,0.00011522142809173772,1.1097176287568109e-13,0.0
133.3672192680638,0.00022304670822290094,1.1049825476861696e-13,0.0
133.40631842352204,0.00020968110392238096,1.1002759366869703e-13,0.0
133.44541757898028,0.00011868243504552445,1.0955962921398624e-13,0.0
133.48451673443853,0.00011650215117544243,1.0909441576286276e-13,0.0
133.52361588989677,0.00021888580853158138,1.0863197553215309e-13,0.0
133.56271504535502,0.0002133339640452143,1.0817218749832153e-13,0.0
133.60181420081327,0.00011854292149137666,1.0771516885569385e-13,0.0
133.6409133562715,0.00011650675711763363,1.0726069818355233e-13,0.0
133.68001251172973,0.00021575274320656063,1.0680894525740817e-13,0.0
133.71911166718797,0.00021642171948203591,1.0635981435137718e-13,0.0
133.75821082264622,0.00011886062555648412,1.0591329298288243e-13,0.0
133.79730997810447,0.00011493922939347755,1.0546933021754286e-13,0.0
133.8364091335627,0.00021410415784028564,1.050279278819743e-13,0.0
133.87550828902096,0.00021816894113340263,1.0458909310567712e-13,0.0
133.9146074444792,0.0001203783173287064,1.0415282486205825e-13,0.0
133.95370659993745,0.00011258242876026397,1.0371901255456925e-13,0.0
133.99280575539566,0.0002131962031547036,1.0328770570394667e-13,0.0
134.0319049108539,0.00021901223944837265,1.0285890151548e-13,0.0
134.07100406631216,0.00012272109061129094,1.024324755524871e-13,0.0
134.1101032217704,0.00011057385899416975,1.0200858672204077e-13,0.0
134.14920237722865,0.000211869656761404,1.0158700834472731e-13,0.0
134.1883015326869,0.00022003912460256955,1.011679422399734e-13,0.0
134.22740068814514,0.00012485834134434202,1.0075117918147967e-13,0.0
134.26649984360338,0.00010957135723024975,1.0033682512254934e-13,0.0
134.3055989990616,0.00020947884168040214,9.992477277145484e-14,0.0
134.34469815451985,0.00022208936943385863,9.951511478865724e-14,0.0
134.3837973099781,0.00012593832377298103,9.910772404410163e-14,0.0
134.42289646543634,0.00010930606137064579,9.870265518708666e-14,0.0
134.46199562089458,0.0002063481997294197,9.829981472708765e-14,0.0
134.50109477635283,0.0002251033393875891,9.789933907748186e-14,0.0
134.54019393181107,0.00012588912740944016,9.750104157780729e-14,0.0
134.57929308726932,0.0001088203841349872,9.710495850462383e-14,0.0
134.61839224272757,0.00020356560127485142,9.671116157566511e-14,0.0
134.65749139818578,0.00022814577227120005,9.631954054490998e-14,0.0
134.69659055364403,0.00012551225225828722,9.593004767721211e-14,0.0
134.73568970910227,0.00010711878137076349,9.554278795034369e-14,0.0
134.77478886456052,0.00020228509320969213,9.51576390291583e-14,0.0
134.81388802001877,0.00023000846005428625,9.477468853909542e-14,0.0
134.852987175477,0.00012607048449284349,9.43937675646429e-14,0.0
134.89208633093526,0.00010371917888499217,9.401506041661778e-14,0.0
134.9311854863935,0.00020297665835000177,9.363833236838224e-14,0.0
134.97028464185172,0.0002299033292958786,9.326377659979072e-14,0.0
135.00938379730997,0.00012856604057922286,9.289125599892208e-14,0.0
135.0484829527682,9.885869887251561e-05,9.252074745276675e-14,0.0
135.08758210822646,0.00020513146388960235,9.215228758390991e-14,0.0
135.1266812636847,0.00022784031923869861,9.17859034562823e-14,0.0
135.16578041914295,0.00013315264734571524,9.142141142524574e-14,0.0
135.2048795746012,9.338408883306647e-05,9.105907539847015e-14,0.0
135.24397873005944,0.00020758499008537019,9.069854501876141e-14,0.0
135.28307788551766,0.00022458544526540933,9.034012935717107e-14,0.0
135.3221770409759,0.00013911090547051821,8.998348634857342e-14,0.0
135.36127619643415,8.84367491108473e-05,8.962894210435903e-14,0.0
135.4003753518924,0.00020911896054294016,8.927622526066445e-14,0.0
135.43947450735064,0.00022131481273181155,8.89254956502445e-14,0.0
135.47857366280888,0.00014531370265920575,8.857657832465414e-14,0.0
135.51767281826713,8.504875281944346e-05,8.822959880065738e-14,0.0
135.55677197372538,0.00020889955522540563,8.788443731921569e-14,0.0
135.5958711291836,0.0002191770863576615,8.754118823516942e-14,0.0
135.63497028464184,0.0001507183115363961,8.719978201585872e-14,0.0
135.67406944010008,8.380087407038527e-05,8.686012362814769e-14,0.0
135.71316859555833,0.00020659443700967142,8.652238623137661e-14,0.0
135.75226775101657,0.00021896956310451718,8.618642232310964e-14,0.0
135.79136690647482,0.00015458776945404695,8.5852217560803e-14,0.0
135.83046606193307,8.469713299500926e-05,8.551984954350417e-14,0.0
135.8695652173913,0.00020228842443734056,8.518918258396361e-14,0.0
135.90866437284953,0.00022101108039768172,8.486033377562829e-14,0.0
135.94776352830777,0.00015648362470837323,8.45332023470888e-14,0.0
135.98686268376602,8.72647800910426e-05,8.420783140714516e-14,0.0
136.02596183922427,0.00019640069137770718,8.388411537545681e-14,0.0
136.0650609946825,0.00022513090318358335,8.356217592828038e-14,0.0
136.10416015014076,0.00015622459942286866,8.324191406235432e-14,0.0
136.143259305599,9.071874805472778e-05,8.29233297778094e-14,0.0
136.18235846105725,0.00018972109017362124,8.260645142294763e-14,0.0
136.22145761651547,0.00023065478331016587,8.229116876516689e-14,0.0
136.2605567719737,0.00015396941278629235,8.197762950772582e-14,0.0
136.29965592743196,9.407467449648877e-05,8.166563167639242e-14,0.0
136.3387550828902,0.0001834997574177143,8.135533544687863e-14,0.0
136.37785423834845,0.0002364013242312583,8.10466795418275e-14,0.0
136.4169533938067,0.00015044194098626018,8.073952633608431e-14,0.0
136.45605254926494,9.625163412765688e-05,8.043408362481991e-14,0.0
136.49515170472318,0.0001793403996603002,8.013017075223483e-14,0.0
136.5342508601814,0.00024082476384804587,7.982784275000184e-14,0.0
136.57335001563965,0.00014712920932684977,7.952710405832006e-14,0.0
136.6124491710979,9.624305745954746e-05,7.922783881399796e-14,0.0
136.65154832655614,0.00017864067496169297,7.893023390846552e-14,0.0
136.69064748201438,0.00024239558566253993,7.863411136935653e-14,0.0
136.72974663747263,0.00014610137672413842,7.833949397178445e-14,0.0
136.76884579293088,9.3367199876267e-05,7.804641544226809e-14,0.0
136.80794494838912,0.00018171006598703002,7.775485501181387e-14,0.0
136.84704410384734,0.00024015881088543437,7.746477883538564e-14,0.0
136.88614325930558,0.00014914045182609035,7.717613657933726e-14,0.0
136.92524241476383,8.755951946952591e-05,7.688907059357024e-14,0.0
136.96434157022208,0.00018725704685394168,7.660338924555378e-14,0.0
137.00344072568032,0.0002342935981412612,7.631919130963307e-14,0.0
137.04253988113857,0.00015651770310983672,7.603642951226145e-14,0.0
137.0816390365968,7.967049776032023e-05,7.575515328147305e-14,0.0
137.12073819205506,0.00019279975094750203,7.547520530023206e-14,0.0
137.15983734751327,0.00022643951610324856,7.519675937689735e-14,0.0
137.19893650297152,0.00016653610517110425,7.491971047387045e-14,0.0
137.23803565842977,7.170522699584566e-05,7.464405716390792e-14,0.0
137.277134813888,0.0001956986089174334,7.436975977854379e-14,0.0
137.31623396934626,0.00021948739107013876,7.409690376818205e-14,0.0
137.3553331248045,0.00017633345524656138,7.382537940967521e-14,0.0
137.39443228026275,6.665766430949402e-05,7.35552312976162e-14,0.0
137.433531435721,0.00019414382888524012,7.328641038498647e-14,0.0
137.47263059117924,0.00021653379713434614,7.301899967334233e-14,0.0
137.51172974663746,0.0001831565156591552,7.275287591071032e-14,0.0
137.5508289020957,6.707007394898987e-05,7.248808859867916e-14,0.0
137.58992805755395,0.00018776826512365214,7.2224651225082e-14,0.0
137.6290272130122,0.00021919549550456776,7.196249844202688e-14,0.0
137.66812636847044,0.00018531353543656005,7.170164950601615e-14,0.0
137.70722552392868,7.276897492866131e-05,7.14421117658041e-14,0.0
137.74632467938693,0.0001778555575453537,7.11838512207666e-14,0.0
137.78542383484518,0.00022649496443513306,7.092691141677195e-14,0.0
137.8245229903034,0.00018265524586775028,7.067116901020431e-14,0.0
137.86362214576164,8.099327179382206e-05,7.041671466837472e-14,0.0
137.90272130121988,0.00016711079029731676,7.016359146753517e-14,0.0
137.94182045667813,0.0002354465331203631,6.991160402639227e-14,0.0
137.98091961213638,0.00017665405923858918,6.966093571032937e-14,0.0
138.02001876759462,8.867740758737006e-05,6.941139247711868e-14,0.0
138.05911792305287,0.0001588249740136913,6.916324559017647e-14,0.0
138.0982170785111,0.00024274103686482007,6.891615048087623e-14,0.0
138.13731623396933,0.00017004145175723943,6.867031886390372e-14,0.0
138.17641538942758,9.377998193675176e-05,6.842578605454764e-14,0.0
138.21551454488582,0.00015538625450739655,6.818228496082784e-14,0.0
138.25461370034407,0.00024614366190096605,6.794008450360332e-14,0.0
138.2937128558023,0.00016586388997675243,6.769899789261364e-14,0.0
138.33281201126056,9.545015940011349e-05,6.745912724635936e-14,0.0
138.3719111667188,0.00015693117597250522,6.722041889225807e-14,0.0
138.41101032217705,0.0002450483839829943,6.69827796030997e-14,0.0
138.45010947763527,0.00016609406390945543,6.674645164532452e-14,0.0
138.4892086330935,9.38402100967743e-05,6.651114548241285e-14,0.0
138.52830778855176,0.00016148291495967555,6.627697073552608e-14,0.0
138.56740694401,0.0002403294838779589,6.60440072330938e-14,0.0
138.60650609946825,0.0001706826717753842,6.581209125680258e-14,0.0
138.6456052549265,8.98293255209175e-05,6.558131303422949e-14,0.0
138.68470441038474,0.00016645213050253734,6.535169409119103e-14,0.0
138.72380356584299,0.00023374699215501928,6.512309180156946e-14,0.0
138.7629027213012,0.00017796631894450928,6.489564171353248e-14,0.0
138.80200187675945,8.467597137375397e-05,6.466923848707986e-14,0.0
138.8411010322177,0.0001699610215491645,6.444394177503527e-14,0.0
138.88020018767594,0.00022716888830334972,6.42197512305481e-14,0.0
138.91929934313418,0.00018595042816029297,6.399652416034675e-14,0.0
138.95839849859243,7.963028121987023e-05,6.377444161409333e-14,0.0
138.99749765405068,0.0001712082592971102,6.355341868545809e-14,0.0
139.03659680950892,0.00022194898315635618,6.333338930747772e-14,0.0
139.07569596496714,0.0001932358121131908,6.311443192038092e-14,0.0
139.11479512042538,7.563894058116165e-05,6.289655941604128e-14,0.0
139.15389427588363,0.00017014032707198722,6.267961667470628e-14,0.0
139.19299343134188,0.00021876907919202182,6.246381560790527e-14,0.0
139.23209258680012,0.00019912811675955775,6.224888476731336e-14,0.0
139.27119174225837,7.332142505739482e-05,6.203508520881781e-14,0.0
139.3102908977166,0.0001669268708265413,6.18222417746176e-14,0.0
139.34939005317486,0.0002179274446259358,6.161044553950527e-14,0.0
139.38848920863308,0.00020324911896615894,6.139960064821838e-14,0.0
139.42758836409132,7.319999901508336e-05,6.118970500446609e-14,0.0
139.46668751954957,0.00016163827910491732,6.098084677944834e-14,0.0
139.5057866750078,0.0002196480204535748,6.07729185957789e-14,0.0
139.54488583046606,0.0002051541198051402,6.056605355310596e-14,0.0
139.5839849859243,7.581520661744239e-05,6.03600413299083e-14,0.0
139.62308414138255,0.0001543359668231351,6.015502847718325e-14,0.0
139.6621832968408,0.00022397661228320292,5.99509716302773e-14,0.0
139.701282452299,0.0002043149821157455,5.974788493133638e-14,0.0
139.74038160775726,8.138286604440028e-05,5.954576727454657e-14,0.0
139.7794807632155,0.0001455170569696437,5.934440198273342e-14,0.0
139.81857991867375,0.00023031156297451775,5.914421389557924e-14,0.0
139.857679074132,0.00020053131661474616,5.894472113550318e-14,0.0
139.89677822959024,8.926922698718971e-05,5.874635342919286e-14,0.0
139.93587738504849,0.00013660200206118257,5.854876404591108e-14,0.0
139.97497654050673,0.00023709169362509896,5.835210019855955e-14,0.0
140.01407569596495,0.00019453681841867607,5.815643935706945e-14,0.0
140.0531748514232,9.791731435907831e-05,5.796151730326359e-14,0.0
140.09227400688144,0.00012996662609848246,5.776759552967128e-14,0.0
140.13137316233968,0.00024208342819460145,5.757455656281707e-14,0.0
140.17047231779793,0.0001883791628191466,5.738234338586411e-14,0.0
140.20957147325618,0.00010531875419802112,5.719105714451635e-14,0.0
140.24867062871442,0.0001279724155065106,5.70005780610861e-14,0.0
140.28776978417267,0.00024319217477796273,5.681103790207443e-14,0.0
140.3268689396309,0.00018504325919865855,5.6622350686818506e-14,0.0
140.36596809508913,0.00010964847356377098,5.6434478527632545e-14,0.0
140.40506725054738,0.00013120239394849654,5.6247476908076147e-14,0.0
140.44416640600562,0.00023938854408426982,5.606132691246827e-14,0.0
140.48326556146387,0.00018698223461506629,5.5876047092171236e-14,0.0
140.5223647169221,0.0001098145181984001,5.569150585728901e-14,0.0
140.56146387238036,0.00013763173620026566,5.5507906680138353e-14,0.0
140.6005630278386,0.0002313744972008497,5.5325133009707415e-14,0.0
140.63966218329685,0.00019431062441993248,5.5143040363105475e-14,0.0
140.67876133875507,0.00010588973998281861,5.496195656547072e-14,0.0
140.7178604942133,0.00014381503066287363,5.478150406101379e-14,0.0
140.75695964967156,0.00022170651795281026,5.4602030080564007e-14,0.0
140.7960588051298,0.0002044489687996616,5.442326395904644e-14,0.0
140.83515796058805,9.941300884905997e-05,5.424527358606703e-14,0.0
140.8742571160463,0.00014670392857472276,5.4068139301898196e-14,0.0
140.91335627150454,0.00021405489539289439,5.3891793851253495e-14,0.0
140.95245542696279,0.00021364846359036438,5.371618177986024e-14,0.0
140.991554582421,9.3363580084754e-05,5.3541369298826605e-14,0.0
141.03065373787925,0.00014474883739779284,5.3367358159767665e-14,0.0
141.0697528933375,0.0002114380485333706,5.3194091943237646e-14,0.0
141.10885204879574,0.00021889495111244908,5.302163424977837e-14,0.0
141.14795120425399,9.119025066875448e-05,5.284993324858203e-14,0.0
141.18705035971223,0.0001382630341908885,5.2678901919769285e-14,0.0
141.22614951517048,0.00021427874241194443,5.2508732418005923e-14,0.0
141.26524867062872,0.00021906763060980242,5.2339281975043064e-14,0.0
141.30434782608694,9.455200486327023e-05,5.217060070040433e-14,0.0
141.34344698154518,0.00012931046797780147,5.200257155833989e-14,0.0
141.38254613700343,0.0002200990238199483,5.183536243931396e-14,0.0
141.42164529246168,0.00021524585275200305,5.166887073875298e-14,0.0
141.46074444791992,0.00010185276879914548,5.1503060078699187e-14,0.0
141.49984360337817,0.00012105841442083122,5.1338103213964895e-14,0.0
141.5389427588364,0.00022526278819038752,5.11737237333583e-14,0.0
141.57804191429466,0.0002102302820731453,5.1010116795663095e-14,0.0
141.61714106975288,0.00010971736668838318,5.0847258657135656e-14,0.0
141.65624022521112,0.00011633687072641067,5.068505302682079e-14,0.0
141.69533938066937,0.00022708021908589025,5.052353705243311e-14,0.0
141.7344385361276,0.0002072259322001007,5.036280934352933e-14,0.0
141.77353769158586,0.00011532362665034447,5.020275953412466e-14,0.0
141.8126368470441,0.00011584090155525248,5.004332330955626e-14,0.0
141.85173600250235,0.00022493425770657563,4.988466381293287e-14,0.0
141.8908351579606,0.00020802892224307511,4.972662639600281e-14,0.0
141.9299343134188,0.00011752719904517103,4.956933349072066e-14,0.0
141.96903346887706,0.00011770531977919654,4.941266460930352e-14,0.0
142.0081326243353,0.0002202844203099472,4.925670600293868e-14,0.0
142.04723177979355,0.00021195119963022434,4.9101413801674226e-14,0.0
142.0863309352518,0.00011700389703070463,4.89467460092873e-14,0.0
142.12543009071004,0.00011910876296609822,4.879278500486005e-14,0.0
142.16452924616829,0.0002157370470378843,4.863952852380916e-14,0.0
142.20362840162653,0.0002165307320594898,4.8486833417187e-14,0.0
142.24272755708475,0.0001157897813536692,4.83348604222957e-14,0.0
142.281826712543,0.00011814605114184528,4.818347731984558e-14,0.0
142.32092586800124,0.00021347004265930396,4.803279213124655e-14,0.0
142.36002502345949,0.00021935006664093967,4.788274903340265e-14,0.0
142.39912417891773,0.00011616778192667512,4.7733306656450823e-14,0.0
142.43822333437598,0.00011466107376001308,4.758451482896749e-14,0.0
142.47732248983422,0.0002138312170757915,4.743642921152464e-14,0.0
142.51642164529247,0.0002194970371143208,4.7288763649082176e-14,0.0
142.55552080075068,0.00011917087286161937,4.7141987852425415e-14,0.0
142.59461995620893,0.00011011231912219486,4.6995652578317605e-14,0.0
142.63371911166718,0.00021521931547418004,4.685002946134188e-14,0.0
142.67281826712542,0.00021796233622531637,4.6704935490423485e-14,0.0
142.71191742258367,0.00012385166610354693,4.6560531076807276e-14,0.0
142.7510165780419,0.00010668643835437784,4.6416711883913487e-14,0.0
142.79011573350016,0.00021535962487787236,4.627351953995637e-14,0.0
142.8292148889584,0.00021694193205172853,4.6130843437552715e-14,0.0
142.86831404441662,0.0001280892015399726,4.598885596301488e-14,0.0
142.90741319987487,0.00010584474777620615,4.584749343855198e-14,0.0
142.9465123553331,0.0002128779804140458,4.570655730860451e-14,0.0
142.98561151079136,0.00021834243166186498,4.556642719696079e-14,0.0
143.0247106662496,0.00013008618155153952,4.5426710298681754e-14,0.0
143.06380982170785,0.00010718909737494793,4.528764424890429e-14,0.0
143.1029089771661,0.00020817107765747265,4.514916134424148e-14,0.0
143.14200813262434,0.00022235949001883878,4.5011210709975205e-14,0.0
143.1811072880826,0.00012943520281076046,4.4873917499236756e-14,0.0
143.2202064435408,0.00010877279534064882,4.473712220615117e-14,0.0
143.25930559899905,0.00020323709230734462,4.4600921042978933e-14,0.0
143.2984047544573,0.00022727506181765777,4.446528671954262e-14,0.0
143.33750390991554,0.00012741469460136951,4.4330226995655064e-14,0.0
143.37660306537379,0.0001084946009124521,4.4195715669590695e-14,0.0
143.41570222083203,0.00020049988546608905,4.406172032293515e-14,0.0
143.45480137629028,0.0002306369818670824,4.39283135874508e-14,0.0
143.49390053174852,0.0001264323694827383,4.3795463776084757e-14,0.0
143.53299968720674,0.00010529722741437496,4.366312946127487e-14,0.0
143.57209884266499,0.00020113710172354777,4.3531375210618e-14,0.0
143.61119799812323,0.0002308088086071201,4.3400190609868657e-14,0.0
143.65029715358148,0.00012857247128148395,4.3269388848568214e-14,0.0
143.68939630903972,9.966823943403604e-05,4.3139316923997533e-14,0.0
143.72849546449797,0.0002041327237811945,4.300974071867186e-14,0.0
143.7675946199562,0.000227934940146951,4.288051812427874e-14,0.0
143.80669377541446,0.00013400741026057912,4.27520587816537e-14,0.0
143.84579293087268,9.352733236378274e-05,4.262397412636005e-14,0.0
143.88489208633092,0.0002069433986243591,4.249647608954909e-14,0.0
143.92399124178917,0.00022396337491330218,4.23694849341475e-14,0.0
143.9630903972474,0.00014079450629670757,4.2242983944201594e-14,0.0
144.00218955270566,8.942166666915125e-05,4.2117047630612596e-14,0.0
144.0412887081639,0.00020713538423225945,4.199157899914822e-14,0.0
144.08038786362215,0.0002216630077481954,4.1866629992342284e-14,0.0
144.1194870190804,0.0001462461237021021,4.174218260186558e-14,0.0
144.1585861745386,8.895003783956359e-05,4.1618261086595844e-14,0.0
144.19768532999686,0.0002037465634459537,4.1494833975245465e-14,0.0
144.2367844854551,0.00022292613188664933,4.1371862786725854e-14,0.0
144.27588364091335,0.0001484948103861281,4.1249475259368694e-14,0.0
144.3149827963716,9.14525467702931e-05,4.112742116719452e-14,0.0
144.35408195182984,0.00019779824384113235,4.100605004287384e-14,0.0
144.3931811072881,0.0002274176033909063,4.088505453460596e-14,0.0
144.43228026274633,0.00014737678991220388,4.076455257919176e-14,0.0
144.47137941820455,9.451922416381762e-05,4.064453555994563e-14,0.0
144.5104785736628,0.0001918791463888478,4.0525043858661585e-14,0.0
144.54957772912104,0.00023275771765992833,4.0405941137249315e-14,0.0
144.5886768845793,0.00014457753409729645,4.028743396936505e-14,0.0
144.62777604003753,9.566463703182255e-05,4.0169316040077e-14,0.0
144.66687519549578,0.0001888100106456174,4.005170113037528e-14,0.0
144.70597435095402,0.00023604680671891222,3.993452038233175e-14,0.0
144.74507350641227,0.0001429841490153714,3.981779882129678e-14,0.0
144.78417266187049,9.350374948429495e-05,3.970164232852078e-14,0.0
144.82327181732873,0.00018985292860415352,3.958582639518724e-14,0.0
144.86237097278698,0.00023546986546510763,3.947056503042657e-14,0.0
144.90147012824522,0.00014512659983237762,3.935566205453455e-14,0.0
144.94056928370347,8.814595323763573e-05,3.9241241369027436e-14,0.0
144.9796684391617,0.0001937805355787923,3.912737991173126e-14,0.0
145.01876759461996,0.00023116742305481807,3.901382052033133e-14,0.0
145.0578667500782,0.0001514262097331097,3.8900803837180274e-14,0.0
145.09696590553642,8.119240463727928e-05,3.878816534080345e-14,0.0
145.13606506099467,0.0001977010883864406,3.867606147780754e-14,0.0
145.1751642164529,0.00022523721797184035,3.856427405316501e-14,0.0
145.21426337191116,0.00015987101181553216,3.845303926206679e-14,0.0
145.2533625273694,7.539843025662675e-05,3.83421682464367e-14,0.0
145.29246168282765,0.00019877718808099742,3.823180777863502e-14,0.0
145.3315608382859,0.00022086622884173165,3.8121769571995396e-14,0.0
145.37065999374414,0.00016740147729162296,3.801225506237855e-14,0.0
145.40975914920236,7.354343934462013e-05,3.790315924150775e-14,0.0
145.4488583046606,0.00019552390689925114,3.7794438518882744e-14,0.0
145.48795746011885,0.000220704865724277,3.7686199595964974e-14,0.0
145.5270566155771,0.00017153104570540918,3.757831818888506e-14,0.0
145.56615577103534,7.648790354103878e-05,3.74708585986478e-14,0.0
145.6052549264936,0.00018830725177268468,3.7363901314615856e-14,0.0
145.64435408195183,0.00022526688793218414,3.7257317187485606e-14,0.0
145.68345323741008,0.00017124761016248818,3.7151104587050957e-14,0.0
145.7225523928683,8.244969125460248e-05,3.704533332738027e-14,0.0
145.76165154832654,0.00017920792102593973,3.693995342748331e-14,0.0
145.8007507037848,0.00023263708177434137,3.6834999994713725e-14,0.0
145.83984985924303,0.00016726099842503714,3.673047832758459e-14,0.0
145.87894901470128,8.85686727692104e-05,3.662629600066188e-14,0.0
145.91804817015952,0.00017132348175029734,3.652258062506794e-14,0.0
145.95714732561777,0.00023969650460245242,3.6419226944701833e-14,0.0
145.996246481076,0.00016180551437570625,3.631622433208937e-14,0.0
146.03534563653426,9.253075261310741e-05,3.6213729843853303e-14,0.0
146.07444479199248,0.0001674645545650572,3.611155677912894e-14,0.0
146.11354394745072,0.00024368567701452912,3.600974200963252e-14,0.0
146.15264310290897,0.00015795738107212887,3.590841252701379e-14,0.0
146.1917422583672,9.308283030012768e-05,3.580738233625352e-14,0.0
146.23084141382546,0.00016864712618124556,3.570677654890296e-14,0.0
146.2699405692837,0.00024316253464717755,3.560657835329732e-14,0.0
146.30903972474195,0.00015835538444960835,3.550673474458464e-14,0.0
146.3481388802002,8.999546855389872e-05,3.540721973699592e-14,0.0
146.3872380356584,0.00017352295726935237,3.530821840731124e-14,0.0
146.42633719111666,0.00023829694584271286,3.5209428054691945e-14,0.0
146.4654363465749,0.00016378340701609626,3.5111163326841526e-14,0.0
146.50453550203315,8.395498370529377e-05,3.501317132196944e-14,0.0
146.5436346574914,0.0001792954047486317,3.491558695084457e-14,0.0
146.58273381294964,0.00023074950508734037,3.4818370498310156e-14,0.0
146.6218329684079,0.00017276636581364202,3.472152326577131e-14,0.0
146.66093212386613,7.653111821521534e-05,3.46250079592548e-14,0.0
146.70003127932435,0.00018313570609558035,3.452892896916282e-14,0.0
146.7391304347826,0.00022324468094739699,3.44331167320888e-14,0.0
146.77822959024084,0.00018252403108716305,3.433776309533601e-14,0.0
146.8173287456991,7.015171417542708e-05,3.4242675294732336e-14,0.0
146.85642790115733,0.00018308900544315411,3.4148060252128585e-14,0.0
146.89552705661558,0.00021875992129478445,3.4053713506616424e-14,0.0
146.93462621207382,0.00019025537758192432,3.3959715462023276e-14,0.0
146.97372536753207,6.762027472030459e-05,3.3866100580193855e-14,0.0
147.0128245229903,0.0001784191533531764,3.3772811307612375e-14,0.0
147.05192367844853,0.00021932549159803805,3.367990847192845e-14,0.0
147.09102283390678,0.00019395201068739775,3.35873466814466e-14,0.0
147.13012198936502,7.056344532761706e-05,3.34950884004116e-14,0.0
147.16922114482327,0.00016971606073411586,3.340318900405858e-14,0.0
147.2083203002815,0.00022494952064991018,3.3311681858537044e-14,0.0
147.24741945573976,0.00019278994411436523,3.322041323394161e-14,0.0
147.286518611198,7.80124653318404e-05,3.3129631963226817e-14,0.0
147.32561776665622,0.0001589337182937082,3.3039007264199563e-14,0.0
147.36471692211447,0.00023351005457156963,3.294888871277237e-14,0.0
147.4038160775727,0.0001873657548398073,3.2859017400725265e-14,0.0
147.44291523303096,8.721463371736126e-05,3.27694678344386e-14,0.0
147.4820143884892,0.00014922132389588104,3.268025805596094e-14,0.0
147.52111354394745,0.00024172368034444945,3.2591419490554656e-14,0.0
147.5602126994057,0.00017983993166296953,3.25029202626992e-14,0.0
147.59931185486394,9.5316754915099e-05,3.241461040463039e-14,0.0
147.63841101032216,0.0001440591891839805,3.232677502661645e-14,0.0
147.6775101657804,0.0002464317978735079,3.223922976541422e-14,0.0
147.71660932123865,0.00017372090316731704,3.215196478878287e-14,0.0
147.7557084766969,0.00010015353950681638,3.2065062748238925e-14,0.0
147.79480763215514,0.0001453959510825792,3.1978451085184155e-14,0.0
147.8339067876134,0.00024560354111528214,3.189212726407015e-14,0.0
147.87300594307163,0.00017272065383424354,3.180618089714286e-14,0.0
147.91210509852988,0.00010044723169361046,3.172052584244203e-14,0.0
147.9512042539881,0.0001520690523558137,3.163520353750125e-14,0.0
147.99030340944634,0.00023897578095829843,3.155015324870476e-14,0.0
148.0294025649046,0.00017861833975377648,3.146539078334801e-14,0.0
148.06850172036283,9.595336220348427e-05,3.138098885027527e-14,0.0
148.10760087582108,0.0001604316015610922,3.1296918865119246e-14,0.0
148.14670003127932,0.00022838115741813362,3.121310645236839e-14,0.0
148.18579918673757,0.00018982024224519745,3.1129623490896915e-14,0.0
148.22489834219581,8.772071858326846e-05,3.104641323890605e-14,0.0
148.26399749765403,0.00016643009593889105,3.096347437149738e-14,0.0
148.30309665311228,0.0002175968642431013,3.0880945031069934e-14,0.0
148.34219580857052,0.00020229844352790264,3.0798620967015246e-14,0.0
148.38129496402877,7.846506915145723e-05,3.0716620016968124e-14,0.0
148.420394119487,0.00016717232094700272,3.063492964237676e-14,0.0
148.45949327494526,0.00021121453241692052,3.055352425286344e-14,0.0
148.4985924304035,0.00021177808082353767,3.047239833169831e-14,0.0
148.53769158586175,7.26036799981177e-05,3.03916107585448e-14,0.0
148.57679074131997,0.00016160361806178772,3.0311038542095976e-14,0.0
148.6158898967782,0.0002122657498129422,3.023079086873265e-14,0.0
148.65498905223646,0.00021536699469281787,3.0150865375928324e-14,0.0
148.6940882076947,7.423554032301877e-05,3.0071206819427267e-14,0.0
148.73318736315295,0.00015072736258227884,2.999179692618659e-14,0.0
148.7722865186112,0.00022005028298814104,2.991269886933936e-14,0.0
148.81138567406944,0.00021233282335198785,2.9833898400335325e-14,0.0
148.8504848295277,8.317975566258653e-05,2.9755341684053486e-14,0.0
148.88958398498593,0.00013757738382431554,2.967710929741519e-14,0.0
148.92868314044415,0.00023054647545179906,2.959913737113834e-14,0.0
148.9677822959024,0.00020433926808022802,2.952145429415921e-14,0.0
149.00688145136064,9.518546590507302e-05,2.9443991106153244e-14,0.0
149.0459806068189,0.00012666585403285955,2.93668967759959e-14,0.0
149.08507976227713,0.0002389542990535405,2.929001990644381e-14,0.0
149.12417891773538,0.00019515496057106026,2.921335794667992e-14,0.0
149.16327807319362,0.0001057821071918607,2.913715260166353e-14,0.0
149.20237722865187,0.00012212421461654566,2.9060988547867165e-14,0.0
149.2414763841101,0.0002419252939296583,2.8985235587211464e-14,0.0
149.28057553956833,0.0001894261639843053,2.890970071254467e-14,0.0
149.31967469502658,0.00011213082540747544,2.8834443380159495e-14,0.0
149.35877385048482,0.00012478483669284418,2.8759489250429895e-14,0.0
149.39787300594307,0.00023854456700149733,2.868473893856417e-14,0.0
149.43697216140131,0.00019029724125469184,2.861027197569142e-14,0.0
149.47607131685956,0.0001132010733678693,2.8536100789991266e-14,0.0
149.5151704723178,0.0001314600797663302,2.846211956715606e-14,0.0
149.55426962777602,0.0002303869890095218,2.8388430393002335e-14,0.0
149.59336878323427,0.00019732953535625246,2.8315117263807685e-14,0.0
149.6324679386925,0.00010966844443220788,2.8241807823306622e-14,0.0
149.67156709415076,0.0001376611381328092,2.8169002835531123e-14,0.0
149.710666249609,0.00022087780282510974,2.8096324720567646e-14,0.0
149.74976540506725,0.00020701857508355996,2.802384735686014e-14,0.0
149.7888645605255,0.0001037486203223684,2.795182362426296e-14,0.0
149.82796371598374,0.0001402142966381063,2.787985071677258e-14,0.0
149.86706287144196,0.00021388916446804545,2.7808286893269107e-14,0.0
149.9061620269002,0.0002153129946501394,2.773677136645585e-14,0.0
149.94526118235845,9.867561022923201e-05,2.76657006635773e-14,0.0
149.9843603378167,0.0001380713530037292,2.759479575521719e-14,0.0
150.02345949327494,0.00021179793884912152,2.752410651568078e-14,0.0
150.0625586487332,0.00021964904325115858,2.7453732341669942e-14,0.0
150.10165780419143,9.736178674435074e-05,2.7383584081919836e-14,0.0
150.14075695964968,0.0001321094562603143,2.7313606396620977e-14,0.0
150.1798561151079,0.00021420927655009831,2.7243930612096275e-14,0.0
150.21895527056614,0.00021962803099106432,2.7174509733577954e-14,0.0
150.2580544260244,0.00010059357112025474,2.7105325604256984e-14,0.0
150.29715358148263,0.00012451559103188496,2.7036340264507816e-14,0.0
150.33625273694088,0.00021858022159848103,2.6967585036074237e-14,0.0
150.37535189239912,0.0002167062665625845,2.6899174959064936e-14,0.0
150.41445104785737,0.00010666572009084064,2.6830826285102624e-14,0.0
150.45355020331561,0.00011782540314249038,2.676289251016276e-14,0.0
150.49264935877383,0.00022210341055320843,2.669509146097678e-14,0.0
150.53174851423208,0.00021325585381509865,2.6627525846449727e-14,0.0
150.57084766969032,0.0001130167056710835,2.6560239728450733e-14,0.0
150.60994682514857,0.00011372422915393557,2.649308564444832e-14,0.0
150.64904598060681,0.0002231847921527897,2.642624670066661e-14,0.0
150.68814513606506,0.00021131079392934008,2.635965693465399e-14,0.0
150.7272442915233,0.00011787565467920986,2.6293231080394708e-14,0.0
150.76634344698155,0.00011225953370320392,2.6227022548288245e-14,0.0
150.80544260243977,0.00022180749280552146,2.6161094731117992e-14,0.0
150.844541757898,0.00021159874853952807,2.6095371066820126e-14,0.0
150.88364091335626,0.00012079096112291387,2.6029851182368582e-14,0.0
150.9227400688145,0.00011221261031502091,2.5964599493057544e-14,0.0
150.96183922427275,0.0002190105067401167,2.5899482077668913e-14,0.0
151.000938379731,0.0002135111378587833,2.5834715732239794e-14,0.0
151.04003753518924,0.0001223297310270528,2.5770016909452305e-14,0.0
151.0791366906475,0.0001122631301556062,2.570567833185485e-14,0.0
151.1182358461057,0.00021596737282631617,2.5641453162404677e-14,0.0
151.15733500156395,0.00021595903671109884,2.5577492025210348e-14,0.0
151.1964341570222,0.00012337871267417217,2.5513738537812617e-14,0.0
151.23553331248044,0.00011183937112155559,2.5450231612122073e-14,0.0
151.2746324679387,0.00021322691201495757,2.5386886280633246e-14,0.0
151.31373162339693,0.00021830760970208395,2.5323782983276054e-14,0.0
151.35283077885518,0.00012443620623272676,2.5260845931903034e-14,0.0
151.39192993431342,0.0001111513621424951,2.5198195180383913e-14,0.0
151.43102908977164,0.00021059450792814503,2.513575912767945e-14,0.0
151.4701282452299,0.00022067238089682153,2.5073449333732394e-14,0.0
151.50922740068813,0.0001253362863267467,2.5011366435847915e-14,0.0
151.54832655614638,0.00011062396397578411,2.494956453524552e-14,0.0
151.58742571160462,0.00020767982188917122,2.488787447967896e-14,0.0
151.62652486706287,0.00022347862591064728,2.482648839267774e-14,0.0
151.66562402252111,0.000125601980776517,2.4765249855713587e-14,0.0
151.70472317797936,0.00011024080659478622,2.4704200968789244e-14,0.0
151.7438223334376,0.00020460917197284866,2.4643349889926848e-14,0.0
151.78292148889582,0.00022672529704336608,2.4582773800560757e-14,0.0
151.82202064435407,0.00012513559059226836,2.4522327788582794e-14,0.0
151.86111979981231,0.00010932203907025335,2.4462140028029307e-14,0.0
151.90021895527056,0.00020228351767388484,2.4402112649533804e-14,0.0
151.9393181107288,0.00022960190779796732,2.4342287968041975e-14,0.0
151.97841726618705,0.00012470710383524606,2.428267027604701e-14,0.0
152.0175164216453,0.00010690245735182854,2.4223249083104693e-14,0.0
152.05661557710354,0.0002018808876266098,2.4164035369191413e-14,0.0
152.09571473256176,0.00023081742111671262,2.4104972792687856e-14,0.0
152.13481388802,0.00012579136596007034,2.4046160971850807e-14,0.0
152.17391304347825,0.00010240798951372916,2.3987483370178832e-14,0.0
152.2130121989365,0.0002038685895425268,2.392908239321923e-14,0.0
152.25211135439474,0.0002294273970958847,2.38708169872091e-14,0.0
152.291210509853,0.0001296361012862476,2.3812712525338754e-14,0.0
152.33030966531123,9.622491635646882e-05,2.3754911902767373e-14,0.0
152.36940882076948,0.00020732401708013797,2.3697172381278917e-14,0.0
152.4085079762277,0.00022562719486874587,2.3639663515389053e-14,0.0
152.44760713168594,0.00013615406760644324,2.35824091554606e-14,0.0
152.4867062871442,8.990058350307663e-05,2.352525473123322e-14,0.0
152.52580544260243,0.0002102202133071623,2.3468339048426324e-14,0.0
152.56490459806068,0.00022103235090485644,2.3411548691112905e-14,0.0
152.60400375351892,0.0001436950408981715,2.33550746402325e-14,0.0
152.64310290897717,8.570634522656094e-05,2.3298604481221723e-14,0.0
152.68220206443542,0.00021047150901124472,2.324253318847715e-14,0.0
152.72130121989363,0.0002181335429022212,2.3186438642417374e-14,0.0
152.76040037535188,0.00014991820066940532,2.3130610386221508e-14,0.0
152.79949953081012,8.532731833092516e-05,2.3075008958129327e-14,0.0
152.83859868626837,0.0002070153830110609,2.3019505301041148e-14,0.0
152.87769784172662,0.0002189443510831153,2.2964259845748408e-14,0.0
152.91679699718486,0.00015296370924793853,2.2909142467409954e-14,0.0
152.9558961526431,8.844017242068221e-05,2.2854227243217285e-14,0.0
152.99499530810135,0.00020042487679139222,2.279946190025452e-14,0.0
153.03409446355957,0.00022360447003951206,2.2744963939748873e-14,0.0
153.07319361901781,0.0001522740753046098,2.269047449037126e-14,0.0
153.11229277447606,9.284893426682801e-05,2.2636290315742976e-14,0.0
153.1513919299343,0.00019285260945177155,2.2582306017414286e-14,0.0
153.19049108539255,0.00023014921712720377,2.2528380233202923e-14,0.0
153.2295902408508,0.00014891743377962554,2.247470217510743e-14,0.0
153.26868939630904,9.599197389575486e-05,2.2421175408291134e-14,0.0
153.3077885517673,0.00018718297121589694,2.2367834782063104e-14,0.0
153.3468877072255,0.00023567849073471753,2.2314693930992192e-14,0.0
153.38598686268375,0.00014533855090308838,2.226163342974104e-14,0.0
153.425086018142,9.615709131720577e-05,2.2208819753702888e-14,0.0
153.46418517360024,0.00018549958457068666,2.2156165977440348e-14,0.0
153.5032843290585,0.00023789709494313917,2.2103663511734484e-14,0.0
153.54238348451673,0.00014434740526261152,2.2051327769138463e-14,0.0
153.58148263997498,9.291541004464075e-05,2.1999170437948134e-14,0.0
153.62058179543322,0.00018774568385915313,2.194718519719424e-14,0.0
153.65968095089144,0.00023610119453865616,2.189532294573386e-14,0.0
153.6987801063497,0.00014751291447105154,2.1843689296777916e-14,0.0
153.73787926180793,8.712169583077837e-05,2.1792164725878607e-14,0.0
153.77697841726618,0.00019179915567525392,2.1740833818715478e-14,0.0
153.81607757272442,0.0002313859060457711,2.1689710091192553e-14,0.0
153.85517672818267,0.00015412996874302135,2.1638633566603438e-14,0.0
153.89427588364092,8.068086574646652e-05,2.1587801978011816e-14,0.0
153.93337503909916,0.00019487850156864193,2.1537138880983365e-14,0.0
153.97247419455738,0.00022613745300463227,2.1486615735305825e-14,0.0
154.01157335001562,0.00016182875553131634,2.1436218376366387e-14,0.0
154.05067250547387,7.596522057333725e-05,2.138604331758289e-14,0.0
154.08977166093212,0.00019498521353708673,2.133595044292792e-14,0.0
154.12887081639036,0.00022293066180733626,2.1286148445567313e-14,0.0
154.1679699718486,0.00016810324963344324,2.1236358700633508e-14,0.0
154.20706912730685,7.469810052847042e-05,2.1186808867135404e-14,0.0
154.2461682827651,0.0001915818734376475,2.1137370572454188e-14,0.0
154.28526743822331,0.0002232376098062934,2.1088131440362835e-14,0.0
154.32436659368156,0.00017143146610128275,2.103903561110948e-14,0.0
154.3634657491398,7.68686151822442e-05,2.0989988002298147e-14,0.0
154.40256490459805,0.00018553988003716486,2.094127565880948e-14,0.0
154.4416640600563,0.00022674982602118596,2.089261998507913e-14,0.0
154.48076321551454,0.0001716161638895994,2.0844117184880597e-14,0.0
154.5198623709728,8.092821794473185e-05,2.079580173030437e-14,0.0
154.55896152643103,0.0001786141083410504,2.0747593190445788e-14,0.0
154.59806068188928,0.00023181892332413978,2.0699512632216816e-14,0.0
154.6371598373475,0.00016957268120844756,2.065166387704768e-14,0.0
154.67625899280574,8.50357248083548e-05,2.060391272206566e-14,0.0
154.715358148264,0.00017267467516536087,2.0556339016788843e-14,0.0
154.75445730372223,0.0002365290949289003,2.0508917084325638e-14,0.0
154.79355645918048,0.0001668138224596824,2.046158578513685e-14,0.0
154.83265561463872,8.794058146378896e-05,2.0414476998120523e-14,0.0
154.87175477009697,0.0001689811108429305,2.036744907745553e-14,0.0
154.91085392555522,0.00023952678100129583,2.0320580766688157e-14,0.0
154.94995308101343,0.00016484576141992835,2.0273916614189857e-14,0.0
154.98905223647168,8.91199175327736e-05,2.0227352202903134e-14,0.0
155.02815139192992,0.00016784082003855837,2.0180911307942853e-14,0.0
155.06725054738817,0.0002402513771507496,2.0134648462844084e-14,0.0
155.10634970284642,0.00016470979289643056,2.0088501004879096e-14,0.0
155.14544885830466,8.855143941003681e-05,2.0042518245002315e-14,0.0
155.1845480137629,0.00016877762858152413,1.9996685396239747e-14,0.0
155.22364716922115,0.0002387517822916969,1.9950986559340896e-14,0.0
155.26274632467937,0.00016683309209541107,1.9905417430521658e-14,0.0
155.30184548013762,8.645011450147098e-05,1.9859945204334368e-14,0.0
155.34094463559586,0.0001709314535841904,1.9814687159440358e-14,0.0
155.3800437910541,0.0002354316915667493,1.9769578430938823e-14,0.0
155.41914294651235,0.0001711185233485982,1.9724552471622958e-14,0.0
155.4582421019706,8.314273885527412e-05,1.967968602381449e-14,0.0
155.49734125742884,0.0001733173234335974,1.9634943283714923e-14,0.0
155.5364404128871,0.00023096274412634372,1.959039169362999e-14,0.0
155.5755395683453,0.00017703938021831084,1.9545875557037168e-14,0.0
155.61463872380355,7.914551903848885e-05,1.9501601808022306e-14,0.0
155.6537378792618,0.0001748821946899591,1.9457363432637288e-14,0.0
155.69283703472004,0.0002263708508530508,1.9413389021381306e-14,0.0
155.7319361901783,0.00018363645600407826,1.9369432448574715e-14,0.0
155.77103534563653,7.537170725074775e-05,1.9325669488797205e-14,0.0
155.81013450109478,0.0001745690104012698,1.928202732598962e-14,0.0
155.84923365655303,0.0002230556092350026,1.9238475100887262e-14,0.0
155.88833281201124,0.0001895623724313182,1.9195158970283654e-14,0.0
155.9274319674695,7.320442147151527e-05,1.9151847893440487e-14,0.0
155.96653112292773,0.00017156957658040307,1.910873516493921e-14,0.0
156.00563027838598,0.00022242602135352245,1.9065774130274028e-14,0.0
156.04472943384422,0.00019335956772943537,1.9022907439403206e-14,0.0
156.08382858930247,7.403001071204907e-05,1.8980183541265282e-14,0.0
156.12292774476072,0.0001657497052398258,1.8937563222901234e-14,0.0
156.16202690021896,0.00022511844208481055,1.889511437255566e-14,0.0
156.20112605567718,0.00019398343242883496,1.885274697819606e-14,0.0
156.24022521113542,7.823077884150443e-05,1.881058066243755e-14,0.0
156.27932436659367,0.00015805757370900995,1.8768454064186452e-14,0.0
156.31842352205192,0.00023031394390638586,1.8726519137036128e-14,0.0
156.35752267751016,0.0001914021978372278,1.8684668944152707e-14,0.0
156.3966218329684,8.461807308122366e-05,1.86430089801362e-14,0.0
156.43572098842665,0.00015060662860142676,1.8601421604416647e-14,0.0
156.4748201438849,0.0002358341973817837,1.8559939879383698e-14,0.0
156.51391929934312,0.0001870046617989074,1.851866128888329e-14,0.0
156.55301845480136,9.10106759442896e-05,1.8477429616438305e-14,0.0
156.5921176102596,0.00014602921146375088,1.8436325227565707e-14,0.0
156.63121676571785,0.00023907234953349365,1.83954144158222e-14,0.0
156.6703159211761,0.00018344745099044623,1.8354534765109966e-14,0.0
156.70941507663434,9.525017324301712e-05,1.8313854818891493e-14,0.0
156.7485142320926,0.00014597090156716268,1.8273238700095315e-14,0.0
156.78761338755083,0.00023818992600446325,1.8232778002532474e-14,0.0
156.82671254300905,0.00018356088625300622,1.8192479926073362e-14,0.0
156.8658116984673,9.593519526655952e-05,1.815218207342209e-14,0.0
156.90491085392554,0.00014971147357361328,1.8112076622685538e-14,0.0
156.9440100093838,0.0002330358671686264,1.8072121481687565e-14,0.0
156.98310916484203,0.000188551223867054,1.803223237758345e-14,0.0
157.02220832030028,9.287121708925522e-05,1.799251373656713e-14,0.0
157.06130747575853,0.00015442507234040352,1.795281318161245e-14,0.0
157.10040663121677,0.00022549361183575294,1.791334383799074e-14,0.0
157.139505786675,0.00019693615571641035,1.7873967525212615e-14,0.0
157.17860494213323,8.73825864257829e-05,1.7834671596524528e-14,0.0
157.21770409759148,0.00015683970024118237,1.7795496626553942e-14,0.0
157.25680325304972,0.0002189805220261166,1.7756427152116292e-14,0.0
157.29590240850797,0.00020537012064792171,1.7717511380246288e-14,0.0
157.33500156396622,8.236050577158563e-05,1.7678694409981386e-14,0.0
157.37410071942446,0.00015478924087132976,1.76400101633378e-14,0.0
157.4131998748827,0.0002168476997058476,1.760135590552656e-14,0.0
157.45229903034095,0.0002105222532172514,1.756296561237224e-14,0.0
157.49139818579917,8.133387731071523e-05,1.7524547646019702e-14,0.0
157.53049734125742,0.00014801323805351116,1.7486361052550523e-14,0.0
157.56959649671566,0.00022022314405838357,1.744817840068471e-14,0.0
157.6086956521739,0.0002106063832547923,1.741013540874746e-14,0.0
157.64779480763215,8.600509728287461e-05,1.737225046249013e-14,0.0
157.6868939630904,0.00013833917227657857,1.733447286198872e-14,0.0
157.72599311854864,0.00022708948027956024,1.7296768200983748e-14,0.0
157.7650922740069,0.00020611239104672811,1.725916712579126e-14,0.0
157.8041914294651,9.459742346473523e-05,1.7221724993618298e-14,0.0
157.84329058492335,0.00012924459530623116,1.7184333797841028e-14,0.0
157.8823897403816,0.0002336137711413821,1.714709200068373e-14,0.0
157.92148889583984,0.00019974726691292108,1.710996717381184e-14,0.0
157.9605880512981,0.00010346906171780502,1.7072918946312132e-14,0.0
157.99968720675633,0.00012437900703421429,1.7035995745284476e-14,0.0
158.03878636221458,0.00023639431383339258,1.69991881430477e-14,0.0
158.07788551767283,0.00019540047431313535,1.696245542396978e-14,0.0
158.11698467313104,0.00010949512601398865,1.6925838717669826e-14,0.0
158.1560838285893,0.00012514714766237897,1.6889346685616755e-14,0.0
158.19518298404753,0.0002340186062094755,1.6852978264105676e-14,0.0
158.23428213950578,0.00019604361206456049,1.6816712927749665e-14,0.0
158.27338129496403,0.00011114940403600488,1.6780491122437453e-14,0.0
158.31248045042227,0.0001295240707349515,1.6744407713471998e-14,0.0
158.35157960588052,0.00022755439539891653,1.6708444086356466e-14,0.0
158.39067876133876,0.00020170169459136412,1.667259798440691e-14,0.0
158.42977791679698,0.00010877071047541003,1.663681414954987e-14,0.0
158.46887707225522,0.00013373841025085903,1.6601179697523765e-14,0.0
158.50797622771347,0.0002200694086786124,1.6565604264122406e-14,0.0
158.54707538317172,0.0002094929376278555,1.6530182289517012e-14,0.0
158.58617453862996,0.00010448017376965047,1.6494801728753953e-14,0.0
158.6252736940882,0.00013474134033155348,1.6459563315725172e-14,0.0
158.66437284954645,0.00021515737879492926,1.6424398100368825e-14,0.0
158.7034720050047,0.00021571148139723452,1.6389391666946794e-14,0.0
158.74257116046292,0.00010152706508873066,1.635445011318144e-14,0.0
158.78167031592116,0.00013145978065977047,1.6319549234857412e-14,0.0
158.8207694713794,0.0002148194391166674,1.6284877331367678e-14,0.0
158.85986862683765,0.00021795009452011584,1.625018335840961e-14,0.0
158.8989677822959,0.00010259261562759722,1.6215657491035888e-14,0.0
158.93806693775414,0.00012496737198941906,1.6181205387571425e-14,0.0
158.9771660932124,0.0002181305763406632,1.6146858685757154e-14,0.0
159.01626524867063,0.00021611925485970522,1.6112638500521742e-14,0.0
159.05536440412885,0.00010779975459400153,1.607843712430972e-14,0.0
159.0944635595871,0.00011799144987632242,1.604438308823866e-14,0.0
159.13356271504534,0.00022201016248991762,1.6010461522141263e-14,0.0
159.1726618705036,0.00021236004413303607,1.5976555384086517e-14,0.0
159.21176102596183,0.00011467349966167973,1.59428160645882e-14,0.0
159.25086018142008,0.00011364671690507529,1.5909156764321906e-14,0.0
159.28995933687833,0.0002233265029815268,1.587552426902355e-14,0.0
159.32905849233657,0.00020994160926573918,1.5842113168015922e-14,0.0
159.3681576477948,0.00012009645895497684,1.5808689134005604e-14,0.0
159.40725680325303,0.00011347637183531019,1.5775412294676867e-14,0.0
159.44635595871128,0.00022061776726868835,1.5742225398642223e-14,0.0
159.48545511416953,0.00021134156054348617,1.5709112801750286e-14,0.0
159.52455426962777,0.00012206131611232361,1.5676105197053466e-14,0.0
159.56365342508602,0.0001162764712270197,1.5643227723973202e-14,0.0
159.60275258054426,0.0002147213709276446,1.5610415938108996e-14,0.0
159.6418517360025,0.00021657294952123917,1.5577629808268154e-14,0.0
159.68095089146072,0.00012041297827035673,1.5545056897925183e-14,0.0
159.72005004691897,0.00011911801202801638,1.5512446864456202e-14,0.0
159.75914920237722,0.00020834874965507474,1.54801091274775e-14,0.0
159.79824835783546,0.00022322174880346868,1.544762060240348e-14,0.0
159.8373475132937,0.0001168967041166867,1.541543894452769e-14,0.0
159.87644666875195,0.0001193299450747285,1.538323040686206e-14,0.0
159.9155458242102,0.00020468191896411608,1.5351185047477682e-14,0.0
159.95464497966844,0.00022811217500146264,1.531913357572352e-14,0.0
159.99374413512666,0.00011453547133315951,1.5287332339975272e-14,0.0
160.0328432905849,0.00011571394474990019,1.5255365599449673e-14,0.0
160.07194244604315,0.00020542147503647314,1.5223764798784647e-14,0.0
160.1110416015014,0.0002291005935041234,1.5192072481012375e-14,0.0
160.15014075695964,0.00011604794598597747,1.5160521428713394e-14,0.0
160.1892399124179,0.00010885417148724794,1.5129056646858376e-14,0.0
160.22833906787614,0.000209620129457537,1.5097693686931694e-14,0.0
160.26743822333438,0.0002260315824344099,1.506639602904387e-14,0.0
160.30653737879263,0.00012192654079945736,1.5035175149050275e-14,0.0
160.34563653425084,0.00010090307452612699,1.5004101415907695e-14,0.0
160.3847356897091,0.00021439586369554486,1.497308760544019e-14,0.0
160.42383484516733,0.0002207658796219052,1.4942135296574754e-14,0.0
160.46293400062558,0.00013010339399199274,1.4911256066554012e-14,0.0
160.50203315608383,9.483328661197195e-05,1.4880533601468762e-14,0.0
160.54113231154207,0.00021675990362555862,1.4849818689410605e-14,0.0
160.58023146700032,0.0002163569197746785,1.4819205629466894e-14,0.0
160.61933062245856,0.00013754298265260346,1.4788758462383116e-14,0.0
160.65842977791678,9.290772229030169e-05,1.475826970247825e-14,0.0
160.69752893337503,0.00021507820953291657,1.4727992340423753e-14,0.0
160.73662808883327,0.000215499555569888,1.469765034087458e-14,0.0
160.77572724429152,0.0001419237096722829,1.4667530493723578e-14,0.0
160.81482639974976,9.506834729458189e-05,1.4637435086583327e-14,0.0
160.853925555208,0.00020962626692253779,1.4607413205599482e-14,0.0
160.89302471066625,0.00021894842974097407,1.457752492792216e-14,0.0
160.9321238661245,0.0001424323865119719,1.4547621191084377e-14,0.0
160.97122302158272,9.906020242095012e-05,1.4517923425845282e-14,0.0
161.01032217704096,0.0002023721354398773,1.4488151915702054e-14,0.0
161.0494213324992,0.00022512482486387577,1.445867831979115e-14,0.0
161.08852048795745,0.00013988714210639075,1.4429089866201186e-14,0.0
161.1276196434157,0.00010215569515091444,1.439968388096591e-14,0.0
161.16671879887394,0.00019612616028681526,1.4370294480358282e-14,0.0
161.2058179543322,0.00023123212968197317,1.4341055923637038e-14,0.0
161.24491710979044,0.00013641971954852058,1.4311845600587436e-14,0.0
161.28401626524865,0.00010251716522797771,1.4282682132465593e-14,0.0
161.3231154207069,0.00019320275406381092,1.425376225811664e-14,0.0
161.36221457616514,0.00023480821231115678,1.422472683640949e-14,0.0
161.4013137316234,0.00013466354082927176,1.4195875309735728e-14,0.0
161.44041288708164,9.959643624153289e-05,1.4167072824258933e-14,0.0
161.47951204253988,0.00019417724990297466,1.4138384876415745e-14,0.0
161.51861119799813,0.0002347135429623233,1.410970608554015e-14,0.0
161.55771035345637,0.00013647385791686447,1.4081174974723079e-14,0.0
161.5968095089146,9.404483933626715e-05,1.4052648812293842e-14,0.0
161.63590866437283,0.00019765811685053866,1.4024285885951965e-14,0.0
161.67500781983108,0.00023138953948076828,1.3995968614818123e-14,0.0
161.71410697528933,0.00014187312541995346,1.3967661499321555e-14,0.0
161.75320613074757,8.745751763246211e-05,1.3939563624065953e-14,0.0
161.79230528620582,0.00020123876668957103,1.3911414545050998e-14,0.0
161.83140444166406,0.00022657310995953674,1.3883417495190384e-14,0.0
161.8705035971223,0.00014917114317168037,1.3855476637790527e-14,0.0
161.90960275258053,8.19432722777849e-05,1.3827598632924648e-14,0.0
161.94870190803877,0.00020274824068520312,1.379979966243499e-14,0.0
161.98780106349702,0.00022259968692183837,1.3772107587429134e-14,0.0
162.02690021895526,0.00015606587966252678,1.3744414046575407e-14,0.0
162.0659993744135,7.934000674516547e-05,1.3716868585816227e-14,0.0
162.10509852987175,0.00020104039639167468,1.3689415805047565e-14,0.0
162.14419768533,0.00022142047579853572,1.3661922140079018e-14,0.0
162.18329684078824,0.00016069999541970813,1.363462669221551e-14,0.0
162.22239599624646,8.02133269036945e-05,1.3607366573836706e-14,0.0
162.2614951517047,0.00019624193911873075,1.3580103435590923e-14,0.0
162.30059430716295,0.00022369070782939728,1.3553031376555074e-14,0.0
162.3396934626212,0.00016220581413539903,1.3525968331215346e-14,0.0
162.37879261807944,8.350869383559145e-05,1.34989718709326e-14,0.0
162.4178917735377,0.0001896394628346701,1.347209102652212e-14,0.0
162.45699092899594,0.0002284741583891167,1.3445228764539725e-14,0.0
162.49609008445418,0.00016086744993681998,1.3418481589420321e-14,0.0
162.5351892399124,8.730153570414258e-05,1.3391765250976338e-14,0.0
162.57428839537064,0.0001832768834338555,1.3365142843483218e-14,0.0
162.6133875508289,0.00023376398776203694,1.3338633025320499e-14,0.0
162.65248670628714,0.00015805001307256784,1.3312095730625469e-14,0.0
162.69158586174538,8.97895628370988e-05,1.3285722373809396e-14,0.0
162.73068501720363,0.00017921524808143266,1.3259365077972931e-14,0.0
162.76978417266187,0.000237419035245354,1.3233121571818822e-14,0.0
162.80888332812012,0.00015584450247622486,1.3206871556493466e-14,0.0
162.84798248357833,8.98321846949717e-05,1.3180813203398406e-14,0.0
162.88708163903658,0.00017855871209178486,1.3154697518777707e-14,0.0
162.92618079449483,0.0002380045496685545,1.3128778731614542e-14,0.0
162.96527994995307,0.00015627823053235792,1.310275991872383e-14,0.0
163.00437910541132,8.714202552776546e-05,1.307700743127513e-14,0.0
163.04347826086956,0.00018077979777695374,1.3051137003140334e-14,0.0
163.0825774163278,0.00023532153402839603,1.3025502103402357e-14,0.0
163.12167657178605,0.00016023824383069478,1.2999775148029783e-14,0.0
163.1607757272443,8.237370390186291e-05,1.2974271647527648e-14,0.0
163.19987488270252,0.00018393087648572968,1.2948735047676992e-14,0.0
163.23897403816076,0.0002305781258235327,1.292328548935625e-14,0.0
163.278073193619,0.00016683905789352838,1.2897942736671192e-14,0.0
163.31717234907725,7.714603697131655e-05,1.2872595502986794e-14,0.0
163.3562715045355,0.00018561582539268923,1.2847369941445066e-14,0.0
163.39537065999374,0.00022608927009357523,1.282223687247448e-14,0.0
163.434469815452,0.00017384708557286382,1.2797076731381156e-14,0.0
163.47356897091024,7.37432326370215e-05,1.277208811792455e-14,0.0
163.51266812636845,0.00018406221591888154,1.2747041300871624e-14,0.0
163.5517672818267,0.00022434049311852655,1.2722193890888219e-14,0.0
163.59086643728494,0.0001788072039815687,1.2697287951559538e-14,0.0
163.6299655927432,7.404855235421545e-05,1.267255963746361e-14,0.0
163.66906474820144,0.0001788621745458475,1.2647815972436342e-14,0.0
163.70816390365968,0.00022660067074473748,1.262319736508168e-14,0.0
163.74726305911793,0.00018012600231856826,1.2598559533680541e-14,0.0
163.78636221457617,7.808834927261379e-05,1.2574096901793328e-14,0.0
163.8254613700344,0.00017127955485020174,1.254959279904855e-14,0.0
163.86456052549264,0.00023197901406590344,1.2525226230061808e-14,0.0
163.90365968095088,0.00017777206992478114,1.2500871370037467e-14,0.0
163.94275883640913,8.387646675684773e-05,1.2476594187379925e-14,0.0
163.98185799186737,0.000163995855856029,1.2452421989343623e-14,0.0
164.02095714732562,0.00023781132727261915,1.2428302623965337e-14,0.0
164.06005630278386,0.000173509560855632,1.2404153857491793e-14,0.0
164.0991554582421,8.87687443192195e-05,1.2380198873743128e-14,0.0
164.13825461370033,0.00016000447742769413,1.2356220596507862e-14,0.0
164.17735376915857,0.00024109633154043483,1.2332347811308472e-14,0.0
164.21645292461682,0.0001704311731418604,1.230849299197134e-14,0.0
164.25555208007506,9.071815144975009e-05,1.2284732326092533e-14,0.0
164.2946512355333,0.00016076362501300044,1.226105775227775e-14,0.0
164.33375039099155,0.0002399774484811429,1.2237413585043229e-14,0.0
164.3728495464498,0.00017146965452901757,1.2213809281507478e-14,0.0
164.41194870190805,8.88649829958519e-05,1.2190322619602495e-14,0.0
164.45104785736626,0.0001649732433637161,1.216681778907603e-14,0.0
164.4901470128245,0.00023465211132745769,1.2143459051383323e-14,0.0
164.52924616828275,0.0001773927920442706,1.2120113177617462e-14,0.0
164.568345323741,8.381620224534704e-05,1.2096857622891427e-14,0.0
164.60744447919924,0.00016934980657256002,1.2073619041694763e-14,0.0
164.6465436346575,0.00022751284433914404,1.2050487639426524e-14,0.0
164.68564279011574,0.00018606677758191992,1.2027377838462437e-14,0.0
164.72474194557398,7.77971494314813e-05,1.2004323619374337e-14,0.0
164.7638411010322,0.00017059250067361136,1.1981357997110341e-14,0.0
164.80294025649044,0.00022228674448183025,1.1958470493936207e-14,0.0
164.8420394119487,0.00019382437108532053,1.1935544163472633e-14,0.0
164.88113856740694,7.428258473725096e-05,1.1912761225543728e-14,0.0
164.92023772286518,0.00016694583628887723,1.1890064819873548e-14,0.0
164.95933687832343,0.00022204318657283647,1.1867345959900303e-14,0.0
164.99843603378167,0.00019753041330736206,1.1844731268620628e-14,0.0
165.03753518923992,7.612049772707335e-05,1.1822127342965081e-14,0.0
165.07663434469814,0.00015891565911955774,1.1799662067199014e-14,0.0
165.11573350015638,0.00022703586444435905,1.177716627776438e-14,0.0
165.15483265561463,0.0001959995242677138,1.1754791958610411e-14,0.0
165.19393181107287,8.293843533177968e-05,1.1732465187773276e-14,0.0
165.23303096653112,0.00014927714380459143,1.1710166729566983e-14,0.0
165.27213012198936,0.00023436742065150059,1.1687936405324891e-14,0.0
165.3112292774476,0.00019056595150678397,1.1665770084876697e-14,0.0
165.35032843290585,9.143596169852672e-05,1.164365736107838e-14,0.0
165.38942758836407,0.0001421595261986479,1.1621647018677658e-14,0.0
165.42852674382232,0.00023987404700777455,1.1599603521324293e-14,0.0
165.46762589928056,0.00018479103258015557,1.1577681795369018e-14,0.0
165.5067250547388,9.79874991803445e-05,1.1555771570499945e-14,0.0
165.54582421019705,0.00014077228734448837,1.1533979418084572e-14,0.0
165.5849233656553,0.00024044302274938098,1.1512142452946186e-14,0.0
165.62402252111355,0.00018292708773801482,1.1490490400380594e-14,0.0
165.6631216765718,0.00010026690173301288,1.1468799603104419e-14,0.0
165.70222083203,0.0001448899878645153,1.1447177877334222e-14,0.0
165.74131998748825,0.00023541009343605986,1.1425641662145473e-14,0.0
165.7804191429465,0.00018723259265887717,1.1404132607720394e-14,0.0
165.81951829840474,9.773122675646773e-05,1.1382665350565944e-14,0.0
165.858617453863,0.00015096156053227632,1.1361262316528619e-14,0.0
165.89771660932124,0.0002268758854254824,1.1339983952481036e-14,0.0
165.93681576477948,0.00019619401380275295,1.1318694509301509e-14,0.0
165.97591492023773,9.177468983902651e-05,1.1297387198420623e-14,0.0
166.01501407569597,0.00015475214759748653,1.1276318645924983e-14,0.0
166.0541132311542,0.00021893258231451372,1.1255089455291854e-14,0.0
166.09321238661244,0.0002056949514483291,1.1234072573860632e-14,0.0
166.13231154207068,8.565084803906617e-05,1.1213061594383534e-14,0.0
166.17141069752893,0.00015360198095950564,1.1192094532649398e-14,0.0
166.21050985298717,0.00021561891717412492,1.117114743971264e-14,0.0
166.24960900844542,0.00021173783626403391,1.1150327673141905e-14,0.0
166.28870816390366,8.342254596466837e-05,1.112947976201524e-14,0.0
166.3278073193619,0.0001472780812873335,1.1108763310464186e-14,0.0
166.36690647482013,0.00021828938848070362,1.1087992319840466e-14,0.0
166.40600563027837,0.0002123832769540997,1.1067462179624027e-14,0.0
166.44510478573662,8.718935034900913e-05,1.1046714740979966e-14,0.0
166.48420394119486,0.00013791864345624833,1.1026281340040811e-14,0.0
166.5233030966531,0.00022464458578620828,1.100574062190259e-14,0.0
166.56240225211135,0.00020840019254178102,1.0985331253389707e-14,0.0
166.6015014075696,9.511115198511716e-05,1.0964873294944873e-14,0.0
166.64060056302785,0.0001292412934683297,1.0944577950138912e-14,0.0
166.67969971848606,0.00023054484313236086,1.092424326355381e-14,0.0
166.7187988739443,0.00020285115041469045,1.0904029676365289e-14,0.0
166.75789802940255,0.00010328628796096845,1.0883815116252088e-14,0.0
166.7969971848608,0.0001246939247166961,1.0863703124704725e-14,0.0
166.83609634031905,0.00023269413497687677,1.0843595467428077e-14,0.0
166.8751954957773,0.00019957285271406504,1.0823563044993381e-14,0.0
166.91429465123554,0.0001085934368722022,1.0803563215276871e-14,0.0
166.95339380669378,0.00012505978723280554,1.0783651728490469e-14,0.0
166.992492962152,0.00023022823185104934,1.0763729877797106e-14,0.0
167.03159211761024,0.0002008283448635832,1.074388935760092e-14,0.0
167.0706912730685,0.0001099109306694674,1.0724105882055115e-14,0.0
167.10979042852674,0.00012789848339705824,1.0704347780885147e-14,0.0
167.14888958398498,0.0002248802090554952,1.0684650805832606e-14,0.0
167.18798873944323,0.00020574355076041458,1.0665007646180626e-14,0.0
167.22708789490147,0.00010825849087726403,1.0645399391520229e-14,0.0
167.26618705035972,0.00012969422302025078,1.0625859338851402e-14,0.0
167.30528620581794,0.0002199039088731444,1.0606337222607064e-14,0.0
167.34438536127618,0.00021116403151162096,1.0586913180851923e-14,0.0
167.38348451673443,0.00010629412232788106,1.0567488402719769e-14,0.0
167.42258367219267,0.000128251864633628,1.0548166519654022e-14,0.0
167.46168282765092,0.00021801197408015461,1.0528799124229248e-14,0.0
167.50078198310916,0.00021406552450843461,1.0509577805527221e-14,0.0
167.5398811385674,0.00010686964080109881,1.0490302106546704e-14,0.0
167.57898029402565,0.0001237280506424633,1.0471199234679719e-14,0.0
167.61807944948387,0.00021941529636056807,1.0452055034543263e-14,0.0
167.65717860494212,0.00021348601021742511,1.0432957029666478e-14,0.0
167.69627776040036,0.00011091976149074866,1.0413966723947012e-14,0.0
167.7353769158586,0.00011845417316573907,1.03949460668406e-14,0.0
167.77447607131685,0.0002216690043882496,1.0376051192641068e-14,0.0
167.8135752267751,0.00021109175702752362,1.0357100946116388e-14,0.0
167.85267438223335,0.00011660262487975614,1.0338312374998014e-14,0.0
167.8917735376916,0.0001156197242599611,1.0319504583568688e-14,0.0
167.9308726931498,0.00022152962761502604,1.0300751172699416e-14,0.0
167.96997184860805,0.00021023887776638482,1.0282034498898417e-14,0.0
168.0090710040663,0.00012074301650679126,1.0263418874790135e-14,0.0
168.04817015952455,0.00011691765545307131,1.0244739720572348e-14,0.0
168.0872693149828,0.00021720318207908083,1.0226203921235933e-14,0.0
168.12636847044104,0.0002136664628205061,1.0207689248326598e-14,0.0
168.16546762589928,0.00012092724533669722,1.0189212371899134e-14,0.0
168.20456678135753,0.00012091076705513894,1.0170746436554359e-14,0.0
168.24366593681574,0.00020966821010869833,1.015240402158142e-14,0.0
168.282765092274,0.0002211603645161371,1.0134022626349021e-14,0.0
168.32186424773224,0.00011688243085127788,1.0115742363257907e-14,0.0
168.36096340319048,0.00012403384553209953,1.0097467048377628e-14,0.0
168.40006255864873,0.00020261712869505425,1.0079301016941038e-14,0.0
168.43916171410697,0.00022937033703829973,1.0061063280024008e-14,0.0
168.47826086956522,0.00011112037859271387,1.0043013730057166e-14,0.0
168.51736002502346,0.00012291945438777264,1.0024883298766123e-14,0.0
168.55645918048168,0.00020059759965426792,1.0006892079098432e-14,0.0
168.59555833593993,0.0002339233146231153,9.988845837632511e-15,0.0
168.63465749139817,0.00010850576477331794,9.970944450192601e-15,0.0
168.67375664685642,0.0001160016145802633,9.95301665815572e-15,0.0
168.71285580231466,0.00020565318242138906,9.935153520485929e-15,0.0
168.7519549577729,0.00023189180335033392,9.917365768659883e-15,0.0
168.79105411323116,0.00011336009117771964,9.899576393269486e-15,0.0
168.8301532686894,0.00010427804439290982,9.88181362719613e-15,0.0
168.86925242414765,0.0002152381984223296,9.864157394955048e-15,0.0
168.90835157960586,0.00022340451151774916,9.846469555765603e-15,0.0
168.9474507350641,0.00012530144534891955,9.828920388077861e-15,0.0
168.98654989052235,9.176616710002317e-05,9.811298312368838e-15,0.0
169.0256490459806,0.00022381260960242658,9.793824995154975e-15,0.0
169.06474820143885,0.00021226523601814996,9.776304574827011e-15,0.0
169.1038473568971,0.00013936815979156676,9.758881308346611e-15,0.0
169.14294651235534,8.505566825998968e-05,9.741510609052978e-15,0.0
169.18204566781358,0.00022611520615797235,9.724131985000281e-15,0.0
169.2211448232718,0.00020510342937162592,9.706803450133123e-15,0.0
169.26024397873005,0.00014978407537129455,9.689561714439642e-15,0.0
169.2993431341883,8.898684686039811e-05,9.672331026053537e-15,0.0
169.33844228964654,0.00021945682880279143,9.655113361924836e-15,0.0
169.37754144510478,0.0002078550955524017,9.637989215434251e-15,0.0
169.41664060056303,0.0001524825330345573,9.620883580437529e-15,0.0
169.45573975602127,0.00010092948116997365,9.603804070952161e-15,0.0
169.49483891147952,0.00020482791491315095,9.586782561809807e-15,0.0
169.53393806693774,0.00022087499930045976,9.569795394241107e-15,0.0
169.57303722239598,0.00014603519582003616,9.552870981371662e-15,0.0
169.61213637785423,0.00011378099217966414,9.535949658174492e-15,0.0
169.65123553331247,0.00018737249939615154,9.519067924703092e-15,0.0
169.69033468877072,0.00023827950892071442,9.502279522118015e-15,0.0
169.72943384422896,0.00013228048619156712,9.485489530697489e-15,0.0
169.7685329996872,0.00012161527969809283,9.468736445490298e-15,0.0
169.80763215514546,0.00017568251390675743,9.452024189750084e-15,0.0
169.84673131060367,0.00025218734276390457,9.435400881505109e-15,0.0
169.88583046606192,0.00011724018014049929,9.418734560804627e-15,0.0
169.92492962152016,0.00012105983660125803,9.402163491632301e-15,0.0
169.9640287769784,0.0001774753089582043,9.385608209091993e-15,0.0
170.00312793243666,0.0002565421390966603,9.369107837139928e-15,0.0
170.0422270878949,0.00011105664822243168,9.352619147018243e-15,0.0
170.08132624335315,0.00011101917126838615,9.336216888982482e-15,0.0
170.1204253988114,0.00019265828497820532,9.319846385152138e-15,0.0
170.1595245542696,0.00024872100409043955,9.303455047825549e-15,0.0
170.19862370972785,0.00012137839829490181,9.287150943781584e-15,0.0
170.2377228651861,9.247012176333108e-05,9.27090004651282e-15,0.0
170.27682202064435,0.00021326668083587313,9.254630893037511e-15,0.0
170.3159211761026,0.00023013583750062868,9.238452378791376e-15,0.0
170.35502033156084,0.00014431527939275768,9.222273616652398e-15,0.0
170.39411948701908,6.88697802838661e-05,9.206172946218862e-15,0.0
170.43321864247733,0.00023007450317743877,9.190033718374991e-15,0.0
170.47231779793555,0.00020670744055107217,9.174053735957106e-15,0.0
170.5114169533938,0.00016975686730121082,9.158019972667015e-15,0.0
170.55051610885204,4.8876041288075685e-05,9.142021395843727e-15,0.0
170.58961526431028,0.0002366370252016176,9.126111604091065e-15,0.0
170.62871441976853,0.00018880870893924574,9.110213522544234e-15,0.0
170.66781357522677,0.00018945061394089592,9.094345450735233e-15,0.0
170.70691273068502,4.9494469106252904e-05,9.078559393918021e-15,0.0
170.74601188614326,0.00023001784614598038,9.06270709109645e-15,0.0
170.78511104160148,0.0001874624457222568,9.04698463519504e-15,0.0
170.82421019705973,0.00019843406790314095,9.031287514486955e-15,0.0
170.86330935251797,7.065428275225289e-05,9.015582706974432e-15,0.0
170.90240850797622,0.00021067966969706237,8.999986425305052e-15,0.0
170.94150766343446,0.00020505963236188535,8.984353159980271e-15,0.0
170.9806068188927,0.00019460783889880176,8.968776406545819e-15,0.0
171.01970597435096,9.580502598101357e-05,8.953273573289223e-15,0.0
171.0588051298092,0.00018257083953007549,8.937758449312721e-15,0.0
171.09790428526742,0.0002328719274878893,8.922320217678854e-15,0.0
171.13700344072566,0.0001785573416062107,8.906883812005898e-15,0.0
171.1761025961839,0.00011660514559486349,8.891501172498917e-15,0.0
171.21520175164216,0.00015375726962022304,8.876147108230126e-15,0.0
171.2543009071004,0.00025960469285543956,8.860819060535407e-15,0.0
171.29340006255865,0.00015384779609483004,8.845555535078991e-15,0.0
171.3324992180169,0.0001295170375022958,8.830327006838984e-15,0.0
171.37159837347514,0.00013657582961603022,8.815085229750081e-15,0.0
171.41069752893335,0.0002771370310288018,8.799881232098534e-15,0.0
171.4497966843916,0.000128078363918691,8.784831877747289e-15,0.0
171.48889583984985,0.00013298640292027896,8.769614939761302e-15,0.0
171.5279949953081,0.00014102425002173453,8.754633023397486e-15,0.0
171.56709415076634,0.0002812501806626586,8.739543567674715e-15,0.0
171.60619330622458,0.00011387021592521039,8.724602471295064e-15,0.0
171.64529246168283,0.0001267544515835952,8.709559254469768e-15,0.0
171.68439161714107,0.00016292214901610937,8.694667848707258e-15,0.0
171.72349077259932,0.0002712140381505134,8.679794321073562e-15,0.0
171.76258992805754,0.00012188118749207938,8.664893188000404e-15,0.0
171.80168908351578,0.00011165494621920362,8.65008668528023e-15,0.0
171.84078823897403,0.0001894527305513537,8.635284210128264e-15,0.0
171.87988739443227,0.00024956581851134436,8.62052238039547e-15,0.0
171.91898654989052,0.00014708244079388863,8.605807064819514e-15,0.0
171.95808570534876,8.958425405455947e-05,8.591100847317464e-15,0.0
171.997184860807,0.00021064325759982994,8.576443791996807e-15,0.0
172.03628401626526,0.00022218524031235887,8.561813913010178e-15,0.0
172.07538317172347,0.0001763654740501754,8.547219134833876e-15,0.0
172.11448232718172,6.387313445255128e-05,8.532670967545767e-15,0.0
172.15358148263996,0.00022116563485001064,8.518137058787023e-15,0.0
172.1926806380982,0.000198236688604097,8.503648765866166e-15,0.0
172.23177979355646,0.0002003581924980317,8.489208108272608e-15,0.0
172.2708789490147,4.1636948670176384e-05,8.474758697095289e-15,0.0
172.30997810447295,0.00021916145401403288,8.46039307561528e-15,0.0
172.3490772599312,0.00018791768360873907,8.445971627391419e-15,0.0
172.3881764153894,0.00021414591822857234,8.431721393347977e-15,0.0
172.42727557084766,3.901871679368403e-05,8.417384147025953e-15,0.0
172.4663747263059,0.00020551584245868007,8.403109083670942e-15,0.0
172.50547388176415,0.0001956186936561549,8.388908790523339e-15,0.0
172.5445730372224,0.0002159957365346134,8.374704872817966e-15,0.0
172.58367219268064,5.725522797530595e-05,8.360515972771e-15,0.0
172.62277134813888,0.00018361835540571753,8.346412211412668e-15,0.0
172.66187050359713,0.00021552571222654553,8.332278728887483e-15,0.0
172.70096965905535,0.00020683035285316224,8.318216051022159e-15,0.0
172.7400688145136,7.891381192468896e-05,8.304233939393454e-15,0.0
172.77916796997184,0.00015936106722240205,8.290176983428607e-15,0.0
172.81826712543008,0.0002374890202858879,8.276195700778261e-15,0.0
172.85736628088833,0.00019014188504190108,8.262292195048126e-15,0.0
172.89646543634657,9.635894388803487e-05,8.248333939946796e-15,0.0
172.93556459180482,0.00014072231078084496,8.23446356998196e-15,0.0
172.97466374726307,0.0002536365561304987,8.22064471398389e-15,0.0
173.01376290272128,0.000171920841056422,8.206811749979461e-15,0.0
173.05286205817953,0.00010695447785973519,8.193010735534345e-15,0.0
173.09196121363777,0.0001347662479856089,8.179276324793236e-15,0.0
173.13106036909602,0.0002600328479349121,8.165519107006753e-15,0.0
173.17015952455426,0.0001596762318386739,8.151889019774298e-15,0.0
173.2092586800125,0.00010996046796492547,8.138193730745623e-15,0.0
173.24835783547076,0.0001417387662872252,8.124538880102405e-15,0.0
173.287456990929,0.00025631282291551695,8.110979400418734e-15,0.0
173.32655614638722,0.0001589290186851236,8.09737093020317e-15,0.0
173.36565530184546,0.00010596330898371963,8.083860958240543e-15,0.0
173.4047544573037,0.0001547740993336179,8.070328515847097e-15,0.0
173.44385361276196,0.0002450615707280153,8.056856521963082e-15,0.0
173.4829527682202,0.00016887227663793872,8.043396777848239e-15,0.0
173.52205192367845,9.678816034656771e-05,8.030006037464436e-15,0.0
173.5611510791367,0.00016644286865362854,8.016583888717659e-15,0.0
173.60025023459494,0.00023098994379687515,8.00323460106765e-15,0.0
173.63934939005316,0.0001834821749262704,7.989909141341718e-15,0.0
173.6784485455114,8.547912918612722e-05,7.976619925941535e-15,0.0
173.71754770096965,0.0001724752944741061,7.963318403068695e-15,0.0
173.7566468564279,0.00021946970117611757,7.950105880871258e-15,0.0
173.79574601188614,0.00019661055685423035,7.936900566781899e-15,0.0
173.83484516734438,7.602989503435396e-05,7.923680929705183e-15,0.0
173.87394432280263,0.000171824396417016,7.910568613967318e-15,0.0
173.91304347826087,0.00021425346791415314,7.897403818989346e-15,0.0
173.9521426337191,0.00020479083063409473,7.88437274463632e-15,0.0
173.99124178917734,7.204061520929627e-05,7.871249522248282e-15,0.0
174.03034094463558,0.00016582417247287552,7.85823410291147e-15,0.0
174.06944010009383,0.00021557504200417425,7.84522741856698e-15,0.0
174.10853925555207,0.00020744355199464075,7.83224769391147e-15,0.0
174.14763841101032,7.418538126552208e-05,7.81930375653277e-15,0.0
174.18673756646857,0.00015718566299514235,7.806392948560945e-15,0.0
174.2258367219268,0.00022062361265823247,7.793502618837053e-15,0.0
174.26493587738503,0.00020609935965303804,7.780619813090893e-15,0.0
174.30403503284327,7.982794929947294e-05,7.767812823100984e-15,0.0
174.34313418830152,0.00014876319299068617,7.754972826317564e-15,0.0
174.38223334375976,0.0002260204640471488,7.742228947731902e-15,0.0
174.421332499218,0.00020319232845046498,7.72947422438449e-15,0.0
174.46043165467626,8.589260210069253e-05,7.716744558112605e-15,0.0
174.4995308101345,0.00014226126017007675,7.70404324163999e-15,0.0
174.53862996559275,0.00022986360514826303,7.691376437033812e-15,0.0
174.577729121051,0.0002006705118193574,7.678755155812214e-15,0.0
174.6168282765092,9.092117853877421e-05,7.666154808465738e-15,0.0
174.65592743196746,0.00013762601903932314,7.653555555383491e-15,0.0
174.6950265874257,0.00023215051786920082,7.641012638027835e-15,0.0
174.73412574288395,0.0001990415605249421,7.628465149363345e-15,0.0
174.7732248983422,9.513405558495312e-05,7.615999961865838e-15,0.0
174.81232405380044,0.00013374170041138318,7.603523203031093e-15,0.0
174.85142320925868,0.00023391191982269756,7.591055452373742e-15,0.0
174.89052236471693,0.00019754466322141354,7.578652073570439e-15,0.0
174.92962152017515,9.95293304534531e-05,7.566258221606146e-15,0.0
174.9687206756334,0.00012988235221229202,7.553922596930153e-15,0.0
175.00781983109164,0.00023583745133285436,7.541557710462655e-15,0.0
175.04691898654988,0.0001953449617729584,7.529221975402793e-15,0.0
175.08601814200813,0.00010468198824812653,7.516988476754909e-15,0.0
175.12511729746637,0.00012670021457514047,7.504715974545692e-15,0.0
175.16421645292462,0.00023733116182310474,7.492498293755153e-15,0.0
175.20331560838287,0.00019281144936456705,7.480276026759106e-15,0.0
175.24241476384108,0.00010994684923104168,7.468142249345336e-15,0.0
175.28151391929933,0.00012596298105976893,7.455959672598703e-15,0.0
175.32061307475757,0.00023668301049093086,7.443838181872025e-15,0.0
175.35971223021582,0.00019189948422404884,7.431761530748247e-15,0.0
175.39881138567407,0.00011362938803749852,7.419672326546864e-15,0.0
175.4379105411323,0.0001290151203474149,7.407647240533042e-15,0.0
175.47700969659056,0.00023221144931542833,7.395606592357996e-15,0.0
175.5161088520488,0.00019509939871323795,7.383626439141257e-15,0.0
175.55520800750702,0.00011388584524343412,7.371639804861097e-15,0.0
175.59430716296526,0.00013514670119197723,7.359795875564945e-15,0.0
175.6334063184235,0.00022362655427464256,7.347759998425297e-15,0.0
175.67250547388176,0.00020336810813043245,7.3359462801459e-15,0.0
175.71160462934,0.00010973685275467558,7.324053068769826e-15,0.0
175.75070378479825,0.00014157564965381947,7.312253887173824e-15,0.0
175.7898029402565,0.00021292250900499526,7.300402303816476e-15,0.0
175.82890209571474,0.00021482096822909516,7.28866156144637e-15,0.0
175.86800125117296,0.00010191327027254277,7.276873018478325e-15,0.0
175.9071004066312,0.00014492424519689244,7.265186659578271e-15,0.0
175.94619956208945,0.000204231125501758,7.253403917878398e-15,0.0
175.9852987175477,0.00022552840346001031,7.241783017458751e-15,0.0
176.02439787300594,9.348116873907556e-05,7.230115630564849e-15,0.0
176.06349702846418,0.00014271609704198402,7.218477222606061e-15,0.0
176.10259618392243,0.00020198716634700525,7.20687417787276e-15,0.0
176.14169533938068,0.00023150960884851384,7.195297824406807e-15,0.0
176.1807944948389,8.956307392996971e-05,7.183723328505742e-15,0.0
176.21989365029714,0.0001342473174771574,7.172209943480062e-15,0.0
176.25899280575538,0.0002077747748294965,7.160699167243329e-15,0.0
176.29809196121363,0.00023043644404392274,7.149216592392846e-15,0.0
176.33719111667187,9.425192603821208e-05,7.137756099377999e-15,0.0
176.37629027213012,0.00012101686568009812,7.12635569226383e-15,0.0
176.41538942758837,0.00021873089395916574,7.114879300954679e-15,0.0
176.4544885830466,0.0002225985565537707,7.1035581415807946e-15,0.0
176.49358773850483,0.00010637703566248647,7.09215427753684e-15,0.0
176.53268689396307,0.00010689960564465664,7.0808736732743545e-15,0.0
176.57178604942132,0.0002294546342700839,7.069501216185846e-15,0.0
176.61088520487957,0.00021118346195765663,7.058276635772111e-15,0.0
176.6499843603378,0.00012072515803687294,7.0469489038287254e-15,0.0
176.68908351579606,9.753254930851075e-05,7.035748794460649e-15,0.0
176.7281826712543,0.00023508521104506709,7.024539214010104e-15,0.0
176.76728182671255,0.0002015967495398979,7.0133376847520785e-15,0.0
176.80638098217077,0.00013220688823351628,7.002164805937886e-15,0.0
176.845480137629,9.720882449790923e-05,6.991042985002151e-15,0.0
176.88457929308726,0.00023315897320891978,6.979912755143826e-15,0.0
176.9236784485455,0.00019910922109887935,6.968815557236417e-15,0.0
176.96277760400375,0.0001377071964966796,6.957777796743345e-15,0.0
177.001876759462,0.0001046429019873216,6.9466634123554e-15,0.0
177.04097591492024,0.0002241979192791872,6.935722372621971e-15,0.0
177.08007507037848,0.00020534841105595091,6.9246432362685505e-15,0.0
177.1191742258367,0.00013637568771016079,6.913702108147309e-15,0.0
177.15827338129495,0.00011429419803335508,6.902732857350403e-15,0.0
177.1973725367532,0.00021151881900635232,6.891852959534115e-15,0.0
177.23647169221144,0.00021704981043977532,6.880901660855272e-15,0.0
177.27557084766968,0.0001296215349483088,6.870038283053312e-15,0.0
177.31467000312793,0.00012107492378563542,6.859145863045402e-15,0.0
177.35376915858618,0.00020021149409191137,6.848336242845654e-15,0.0
177.39286831404442,0.0002287074276384834,6.837545860205804e-15,0.0
177.43196746950267,0.0001209480085543969,6.82666980865551e-15,0.0
177.47106662496088,0.0001223167616362949,6.81596717327213e-15,0.0
177.51016578041913,0.0001948917464160593,6.8051929474634405e-15,0.0
177.54926493587737,0.00023587281102111656,6.794470445226725e-15,0.0
177.58836409133562,0.00011509403827167282,6.783768206421677e-15,0.0
177.62746324679387,0.00011771404845965795,6.773084296267059e-15,0.0
177.6665624022521,0.00019689362346689477,6.76242670119447e-15,0.0
177.70566155771036,0.00023671390468104118,6.751796795302335e-15,0.0
177.7447607131686,0.00011567381917392784,6.7411793999893375e-15,0.0
177.78385986862682,0.00010888244707377247,6.730593538907006e-15,0.0
177.82295902408507,0.00020351819847283972,6.720032323886123e-15,0.0
177.8620581795433,0.00023214221168897694,6.709501209693416e-15,0.0
177.90115733500156,0.00012250428335192748,6.6989074592917144e-15,0.0
177.9402564904598,9.882327391562304e-05,6.6884742098712315e-15,0.0
177.97935564591805,0.0002103366815737778,6.677987504829258e-15,0.0
178.0184548013763,0.00022511922672723708,6.6675114884440246e-15,0.0
178.05755395683454,0.00013209939157347555,6.6571176063332886e-15,0.0
178.09665311229276,9.100327383347465e-05,6.646662381817151e-15,0.0
178.135752267751,0.00021392422342782002,6.636298012561863e-15,0.0
178.17485142320925,0.00021929936395726342,6.625917524845042e-15,0.0
178.2139505786675,0.0001406506306750741,6.615561183531514e-15,0.0
178.25304973412574,8.772525108034214e-05,6.605270507858559e-15,0.0
178.29214888958398,0.00021306117918765092,6.5949476962449756e-15,0.0
178.33124804504223,0.00021726059345895927,6.584668132030997e-15,0.0
178.37034720050048,0.000145952267920587,6.5744053392505296e-15,0.0
178.4094463559587,8.86728304302498e-05,6.564145716461933e-15,0.0
178.44854551141694,0.00020860512387944387,6.553964915131134e-15,0.0
178.48764466687518,0.00021926508471137993,6.543760807029785e-15,0.0
178.52674382233343,0.00014770864430642752,6.5335579309777355e-15,0.0
178.56584297779168,9.150741369674153e-05,6.523439805494391e-15,0.0
178.60494213324992,0.0002026495277870179,6.513266056161713e-15,0.0
178.64404128870817,0.0002235699813320767,6.503189727201705e-15,0.0
178.6831404441664,0.00014706397198025,6.4930877814131595e-15,0.0
178.72223959962463,9.386719379070183e-05,6.482974992568665e-15,0.0
178.76133875508287,0.0001973635871669769,6.472990427338456e-15,0.0
178.80043791054112,0.00022792059044002324,6.462919267552764e-15,0.0
178.83953706599937,0.00014578211970529294,6.452914710008401e-15,0.0
178.8786362214576,9.455299690504876e-05,6.4429521684540195e-15,0.0
178.91773537691586,0.00019396942828305255,6.432956956983482e-15,0.0
178.9568345323741,0.00023085974618905947,6.4230275718007314e-15,0.0
178.99593368783235,0.0001453261558389739,6.413110212860151e-15,0.0
179.03503284329057,9.354577118774047e-05,6.403202251766836e-15,0.0
179.0741319987488,0.00019241454306953156,6.393307613801667e-15,0.0
179.11323115420706,0.00023210912663287808,6.383459303083624e-15,0.0
179.1523303096653,0.0001462541770541721,6.373606921201933e-15,0.0
179.19142946512355,9.149303495910247e-05,6.363799302010429e-15,0.0
179.2305286205818,0.00019188544541222572,6.35397888463638e-15,0.0
179.26962777604004,0.0002321762266433482,6.344231491531787e-15,0.0
179.30872693149828,0.00014829518573744583,6.334413583077159e-15,0.0
179.3478260869565,8.910406534557047e-05,6.324736084024725e-15,0.0
179.38692524241475,0.00019161543223999126,6.314954827063233e-15,0.0
179.426024397873,0.00023168275177478834,6.305294556066073e-15,0.0
179.46512355333124,0.00015093762900717344,6.295614961228485e-15,0.0
179.50422270878948,8.673942802082776e-05,6.285927735195296e-15,0.0
179.54332186424773,0.00019131152084173977,6.276279679789926e-15,0.0
179.58242101970598,0.00023090781414231065,6.266702610055592e-15,0.0
179.62152017516422,0.0001539428659870909,6.257058849558535e-15,0.0
179.66061933062244,8.438977443746143e-05,6.2474947381339645e-15,0.0
179.69971848608068,0.00019100740725345327,6.237916979717998e-15,0.0
179.73881764153893,0.0002298126892854498,6.2283645092421824e-15,0.0
179.77791679699718,0.00015738289037651535,6.2188736959277234e-15,0.0
179.81701595245542,8.199333042544913e-05,6.209350689971461e-15,0.0
179.85611510791367,0.00019063525491046915,6.1998477185514774e-15,0.0
179.8952142633719,0.00022842481828181635,6.1904022231955905e-15,0.0
179.93431341883016,0.00016128027347174086,6.180937976492965e-15,0.0
179.97341257428837,7.978998838854816e-05,6.171508431991162e-15,0.0
180.01251172974662,0.0001897670770433361,6.162116371769253e-15,0.0
180.05161088520487,0.00022717825735268758,6.1527364724234025e-15,0.0
180.0907100406631,0.00016525127819639362,6.1433549827806036e-15,0.0
180.12980919612136,7.838926259517198e-05,6.133993685826244e-15,0.0
180.1689083515796,0.00018777672668307384,6.124689691860376e-15,0.0
180.20800750703785,0.0002268531098603824,6.115338140441095e-15,0.0
180.2471066624961,0.000168518554615079,6.106059327324545e-15,0.0
180.28620581795434,7.842472557079048e-05,6.096812944761523e-15,0.0
180.32530497341256,0.00018430116889956073,6.0875424286400005e-15,0.0
180.3644041288708,0.0002280803199925995,6.0782968435463265e-15,0.0
180.40350328432905,0.00017032035561878475,6.069096554550805e-15,0.0
180.4426024397873,8.001043782791092e-05,6.059885636917904e-15,0.0
180.48170159524554,0.0001796505858588109,6.0507142143386065e-15,0.0
180.52080075070378,0.0002307751584850329,6.0415222539314074e-15,0.0
180.55989990616203,0.00017042867965497081,6.032431893590717e-15,0.0
180.59899906162028,8.24983448653907e-05,6.023255329664134e-15,0.0
180.6380982170785,0.00017484781882193457,6.014177936920176e-15,0.0
180.67719737253674,0.00023400387735240117,6.005093088479733e-15,0.0
180.71629652799498,0.0001694321263100843,5.996002733165127e-15,0.0
180.75539568345323,8.47951293344815e-05,5.986974435885197e-15,0.0
180.79449483891148,0.00017117094106981526,5.977913101557009e-15,0.0
180.83359399436972,0.000236450999406475,5.968932715094705e-15,0.0
180.87269314982797,0.00016856022879917784,5.9599273829788156e-15,0.0
180.9117923052862,8.594658377668679e-05,5.9509351623680915e-15,0.0
180.95089146074443,0.00016938850352258943,5.941980887782829e-15,0.0
180.98999061620268,0.00023716072501004228,5.933035184841156e-15,0.0
181.02908977166092,0.00016904175638173365,5.9241421089263994e-15,0.0
181.06818892711917,8.558888514657699e-05,5.915172826536726e-15,0.0
181.1072880825774,0.00016922186959156187,5.906341694285314e-15,0.0
181.14638723803566,0.00023607227212712778,5.897451632395569e-15,0.0
181.1854863934939,0.00017133544535782885,5.888617441608578e-15,0.0
181.22458554895215,8.410690760445376e-05,5.879722317167086e-15,0.0
181.26368470441037,0.00016951731646137064,5.8709929916383164e-15,0.0
181.3027838598686,0.00023404998889874044,5.862119288182216e-15,0.0
181.34188301532686,0.0001748245436475986,5.853390935461424e-15,0.0
181.3809821707851,8.246926866025303e-05,5.844596255692178e-15,0.0
181.42008132624335,0.00016900691474057704,5.835870097736392e-15,0.0
181.4591804817016,0.0002323721786581317,5.8271227829304986e-15,0.0
181.49827963715984,0.00017826160386698997,5.818432891473648e-15,0.0
181.53737879261809,8.173718136502588e-05,5.809716731428015e-15,0.0
181.5764779480763,0.000167075489861607,5.801076728860593e-15,0.0
181.61557710353455,0.00023193117587945558,5.792385014248563e-15,0.0
181.6546762589928,0.0001806011748106344,5.783780916099328e-15,0.0
181.69377541445104,8.241905607380818e-05,5.775112396452421e-15,0.0
181.73287456990928,0.00016407705913043644,5.766514497284144e-15,0.0
181.77197372536753,0.00023265634313747793,5.7579661183059195e-15,0.0
181.81107288082578,0.00018163247788252797,5.7493461070943446e-15,0.0
181.85017203628402,8.413073851850003e-05,5.740831905449474e-15,0.0
181.88927119174224,0.00016107563752575498,5.732226299203846e-15,0.0
181.92837034720048,0.00023359888392259333,5.723737297228298e-15,0.0
181.96746950265873,0.00018207575377261303,5.715262598180629e-15,0.0
182.00656865811698,8.588413137357796e-05,5.7067301507567956e-15,0.0
182.04566781357522,0.00015914498509575153,5.698299708025047e-15,0.0
182.08476696903347,0.00023360959993863172,5.689809094909209e-15,0.0
182.1238661244917,0.0001831107977513113,5.6813886027297136e-15,0.0
182.16296527994996,8.673600633994484e-05,5.672936166730475e-15,0.0
182.20206443540818,0.00015863021736320626,5.664584168962165e-15,0.0
182.24116359086642,0.00023210049418934483,5.656157288252596e-15,0.0
182.28026274632467,0.00018558754556310413,5.647819146001789e-15,0.0
182.3193619017829,8.63135482652833e-05,5.639430172719989e-15,0.0
182.35846105724116,0.00015890810272175672,5.631111128953336e-15,0.0
182.3975602126994,0.00022941175403422582,5.622810698394664e-15,0.0
182.43665936815765,0.00018943729348276886,5.614461289506274e-15,0.0
182.4757585236159,8.49944994534707e-05,5.6062047397857984e-15,0.0
182.5148576790741,0.0001588304773284115,5.597962536763671e-15,0.0
182.55395683453236,0.0002266049339522829,5.589664774282503e-15,0.0
182.5930559899906,0.00019373579625551714,5.5814097462004966e-15,0.0
182.63215514544885,8.371756431925909e-05,5.5732452477270074e-15,0.0
182.6712543009071,0.00015746085352256981,5.565001548473377e-15,0.0
182.71035345636534,0.00022481020202561562,5.556843824941133e-15,0.0
182.74945261182359,0.00019733627544398955,5.548641780941826e-15,0.0
182.78855176728183,8.346953272713622e-05,5.540465060490356e-15,0.0
182.82765092274005,0.00015457943811626702,5.532373932978786e-15,0.0
182.8667500781983,0.00022452951109522152,5.524200868548482e-15,0.0
182.90584923365654,0.0001995578053505748,5.5161372421567215e-15,0.0
182.94494838911478,8.468684544031172e-05,5.50798209529345e-15,0.0
182.98404754457303,0.00015071437797749583,5.4999513090991496e-15,0.0
183.02314670003128,0.0002253899454757873,5.4918694842478305e-15,0.0
183.06224585548952,0.00020049128955177542,5.483832056504076e-15,0.0
183.10134501094777,8.702834171662523e-05,5.475750439942212e-15,0.0
183.140444166406,0.0001467462376269004,5.467819115137946e-15,0.0
183.17954332186423,0.00022651963738441026,5.459762309043951e-15,0.0
183.21864247732248,0.00020080502699694038,5.45178435510409e-15,0.0
183.25774163278072,8.973126493951302e-05,5.4438186961486915e-15,0.0
183.29684078823897,0.00014333425355366828,5.435896975514595e-15,0.0
183.3359399436972,0.00022720487416687515,5.427907749523833e-15,0.0
183.37503909915546,0.00020121585918454163,5.420027507850574e-15,0.0
183.4141382546137,9.220180947058722e-05,5.4120969025396764e-15,0.0
183.45323741007195,0.0001405464780226263,5.404218209736124e-15,0.0
183.49233656553017,0.00022731303546965392,5.3963518170263706e-15,0.0
183.5314357209884,0.00020199278616069683,5.388485231138914e-15,0.0
183.57053487644666,9.436484754396227e-05,5.380609001915197e-15,0.0
183.6096340319049,0.00013797360849765296,5.372846017729523e-15,0.0
183.64873318736315,0.00022721420145922595,5.364983206030053e-15,0.0
183.6878323428214,0.00020286376958832393,5.357220777986204e-15,0.0
183.72693149827964,9.658272177290744e-05,5.3493929976899685e-15,0.0
183.7660306537379,0.0001352197633247932,5.341664889259805e-15,0.0
183.8051298091961,0.00022730744684046293,5.3338940765002506e-15,0.0
183.84422896465435,0.00020339407216040804,5.3261626017065445e-15,0.0
183.8833281201126,9.923455478420572e-05,5.318435960122234e-15,0.0
183.92242727557084,0.00013235362387907436,5.310691678568138e-15,0.0
183.96152643102909,0.0002275376003203357,5.303068828078614e-15,0.0
184.00062558648733,0.00020351821175387173,5.295342960039996e-15,0.0
184.03972474194558,0.00010226553689696791,5.2877103432133855e-15,0.0
184.07882389740382,0.00012995072927263752,5.280034127585359e-15,0.0
184.11792305286204,0.0002273121090064726,5.272396428894375e-15,0.0
184.15702220832029,0.00020378437637345542,5.264789426975604e-15,0.0
184.19612136377853,0.00010507918231693407,5.257171013792222e-15,0.0
184.23522051923678,0.00012864822739828784,5.249616260642147e-15,0.0
184.27431967469502,0.00022592003809476682,5.24202616164902e-15,0.0
184.31341883015327,0.00020506294659264468,5.2344122407596275e-15,0.0
184.3525179856115,0.00010688552744249657,5.226959634879506e-15,0.0
184.39161714106976,0.00012851024144025012,5.21935043572024e-15,0.0
184.43071629652798,0.00022315877205365345,5.211870880889691e-15,0.0
184.46981545198622,0.0002078534332112946,5.204372983776357e-15,0.0
184.50891460744447,0.00010726645636786007,5.196864661337925e-15,0.0
184.5480137629027,0.00012874763227947218,5.189421571656082e-15,0.0
184.58711291836096,0.00021971841716036738,5.181927886880234e-15,0.0
184.6262120738192,0.00021170998201942943,5.174510212458476e-15,0.0
184.66531122927745,0.00010661767225943153,5.1670968325155225e-15,0.0
184.7044103847357,0.00012808572372467766,5.159634954717857e-15,0.0
184.7435095401939,0.00021698972846153077,5.152284527733646e-15,0.0
184.78260869565216,0.00021531107409946673,5.144874782508463e-15,0.0
184.8217078511104,0.00010618734612357834,5.137518662679691e-15,0.0
184.86080700656865,0.00012551252964227065,5.130134154066332e-15,0.0
184.8999061620269,0.00021626200559577216,5.122801497888198e-15,0.0
184.93900531748514,0.00021718443127218063,5.115466886947849e-15,0.0
184.9781044729434,0.0001075058434625378,5.1081611787131276e-15,0.0
185.01720362840163,0.00012093309869877074,5.1008304659138445e-15,0.0
185.05630278385985,0.00021775557679186623,5.093570621032662e-15,0.0
185.0954019393181,0.0002166106663980968,5.086299623032985e-15,0.0
185.13450109477634,0.00011134213909166218,5.078980702916306e-15,0.0
185.17360025023459,0.0001154284059920256,5.071811201091285e-15,0.0
185.21269940569283,0.00022026214886447287,5.064513146028012e-15,0.0
185.25179856115108,0.00021419565056430686,5.057308106927409e-15,0.0
185.29089771660932,0.00011698687788615945,5.050105235068824e-15,0.0
185.32999687206757,0.00011093259394884639,5.0429041138337125e-15,0.0
185.36909602752579,0.00022175832610475728,5.03573878788802e-15,0.0
185.40819518298403,0.00021178377490153018,5.0285512665424895e-15,0.0
185.44729433844228,0.00012259212479528916,5.021413582785746e-15,0.0
185.48639349390052,0.00010921386276251502,5.014265776894779e-15,0.0
185.52549264935877,0.00022053968392970306,5.00717053942193e-15,0.0
185.564591804817,0.00021157762691115443,5.000041338016212e-15,0.0
185.60369096027526,0.0001262122176429397,4.992942313767857e-15,0.0
185.6427901157335,0.00011059675249674864,4.985866879964807e-15,0.0
185.68188927119172,0.00021616890309222544,4.978808179324805e-15,0.0
185.72098842664997,0.0002147691828390781,4.971742706459294e-15,0.0
185.7600875821082,0.0001267500377244168,4.964678044229179e-15,0.0
185.79918673756646,0.00011359581891079422,4.9576759082937496e-15,0.0
185.8382858930247,0.00020983065530601395,4.950668379873295e-15,0.0
185.87738504848295,0.00022063473175680832,4.943656379740015e-15,0.0
185.9164842039412,0.00012447896504044341,4.936676308694551e-15,0.0
185.95558335939944,0.00011588296855931021,4.929691841963926e-15,0.0
185.9946825148577,0.00020392850252123906,4.922723369572078e-15,0.0
186.0337816703159,0.00022691236860843616,4.915798451712445e-15,0.0
186.07288082577415,0.00012109510632626327,4.908835166424498e-15,0.0
186.1119799812324,0.00011556877804968974,4.901956675960657e-15,0.0
186.15107913669064,0.00020090827200903126,4.894989820697609e-15,0.0
186.1901782921489,0.00023111227142267706,4.888119335904149e-15,0.0
186.22927744760713,0.0001191429294310916,4.881260557167694e-15,0.0
186.26837660306538,0.00011194497697520076,4.8743478488010825e-15,0.0
186.30747575852362,0.00020177964950272018,4.867516041455875e-15,0.0
186.34657491398184,0.00023176407584348449,4.860620257968312e-15,0.0
186.38567406944009,0.00012068652353434305,4.853840916998443e-15,0.0
186.42477322489833,0.00010566238376220145,4.8470042759472485e-15,0.0
186.46387238035658,0.00020544144497439517,4.840158799902542e-15,0.0
186.50297153581482,0.0002290258633222431,4.8333981786099525e-15,0.0
186.54207069127307,0.00012591763240532236,4.826610063152558e-15,0.0
186.5811698467313,9.850644722097227e-05,4.81983967640132e-15,0.0
186.62026900218956,0.00020945110357271652,4.8130807778411034e-15,0.0
186.65936815764778,0.0002245647962073679,4.806333572485698e-15,0.0
186.69846731310602,0.0001330825265135463,4.799599080342866e-15,0.0
186.73756646856427,9.274569477803126e-05,4.792876766936552e-15,0.0
186.7766656240225,0.00021149187886434289,4.786175907754094e-15,0.0
186.81576477948076,0.00022077114211619027,4.7794980220806e-15,0.0
186.854863934939,0.00013977764449676696,4.772793201081629e-15,0.0
186.89396309039725,9.00185397311001e-05,4.7661204917099745e-15,0.0
186.9330622458555,0.00021044062205166492,4.759491995645784e-15,0.0
186.9721614013137,0.0002195462539150444,4.7528308508569406e-15,0.0
187.01126055677196,0.000144262825018577,4.746220243027155e-15,0.0
187.0503597122302,9.033460972575166e-05,4.739593265253627e-15,0.0
187.08945886768845,0.00020665129813618143,4.732981842532529e-15,0.0
187.1285580231467,0.0002213089620950103,4.726358872673043e-15,0.0
187.16765717860494,0.0001460426768880773,4.719816734897714e-15,0.0
187.2067563340632,9.222677899550323e-05,4.713260766586798e-15,0.0
187.24585548952143,0.00020157335062124225,4.706653454395609e-15,0.0
187.28495464497965,0.00022495589699584332,4.700158944697093e-15,0.0
187.3240538004379,0.0001458007303167967,4.693572558745814e-15,0.0
187.36315295589614,9.391365569694785e-05,4.687085594473322e-15,0.0
187.4022521113544,0.00019694807773157819,4.680582555248057e-15,0.0
187.44135126681263,0.0002287540163285133,4.674051305040644e-15,0.0
187.48045042227088,0.0001449032905834793,4.667570983086812e-15,0.0
187.51954957772912,9.426451503365952e-05,4.66112693805024e-15,0.0
187.55864873318737,0.00019394621705029556,4.654649686907226e-15,0.0
187.59774788864559,0.000231363967471226,4.648198488303271e-15,0.0
187.63684704410383,0.00014468138989795807,4.641757692552784e-15,0.0
187.67594619956208,9.304332410940335e-05,4.635312588784333e-15,0.0
187.71504535502032,0.0001927290056798634,4.628965356388413e-15,0.0
187.75414451047857,0.0002323267967428704,4.622526728688344e-15,0.0
187.7932436659368,0.00014583114171860028,4.616107574245996e-15,0.0
187.83234282139506,9.065803939631504e-05,4.6097614233199494e-15,0.0
187.8714419768533,0.00019268644645214768,4.603397954832178e-15,0.0
187.91054113231152,0.00023192723344203297,4.59706287680942e-15,0.0
187.94964028776977,0.00014829948455685483,4.590740447452855e-15,0.0
187.988739443228,8.772548806970656e-05,4.584367393470414e-15,0.0
188.02783859868626,0.00019305552888947185,4.578059997848841e-15,0.0
188.0669377541445,0.00023072052366380683,4.571785514529019e-15,0.0
188.10603690960275,0.00015166356194563782,4.565442370480915e-15,0.0
188.145136065061,8.470272909755622e-05,4.559204583910723e-15,0.0
188.18423522051924,0.00019336050099721478,4.552909440916834e-15,0.0
188.22333437597746,0.0002291179908753849,4.546663713975862e-15,0.0
188.2624335314357,0.00015558097819517482,4.540413624782128e-15,0.0
188.30153268689395,8.178777159404499e-05,4.534175874862912e-15,0.0
188.3406318423522,0.0001933996871734624,4.527953509433653e-15,0.0
188.37973099781044,0.00022732032247000365,4.521736689347293e-15,0.0
188.4188301532687,0.00015990231421506783,4.515522735447501e-15,0.0
188.45792930872693,7.912847589432134e-05,4.509345911000827e-15,0.0
188.49702846418518,0.00019293740352602676,4.503152973549767e-15,0.0
188.5361276196434,0.00022558928690063384,4.496985115372287e-15,0.0
188.57522677510164,0.00016441966597042105,4.49079379136209e-15,0.0
188.6143259305599,7.712933651380526e-05,4.484722518537107e-15,0.0
188.65342508601813,0.00019147675407872055,4.478498493959819e-15,0.0
188.69252424147638,0.000224541151694951,4.472429689898953e-15,0.0
188.73162339693462,0.00016856578597466737,4.466268140729752e-15,0.0
188.77072255239287,7.65133528632555e-05,4.46020963922615e-15,0.0
188.8098217078511,0.00018838838923775978,4.454078255237357e-15,0.0
188.84892086330936,0.00022507755777768595,4.448026004950255e-15,0.0
188.88802001876758,0.0001714162250643509,4.441943087340834e-15,0.0
188.92711917422582,7.792347465871697e-05,4.435866878095149e-15,0.0
188.96621832968407,0.00018336683603070012,4.4298528949942644e-15,0.0
189.0053174851423,0.0002278368316589318,4.423796229886114e-15,0.0
189.04441664060056,0.00017208720138579605,4.417760317810847e-15,0.0
189.0835157960588,8.129106562390283e-05,4.411762710118774e-15,0.0
189.12261495151705,0.0001769301135054897,4.405762325194171e-15,0.0
189.1617141069753,0.00023252048680883354,4.399780371900154e-15,0.0
189.2008132624335,0.00017032693607827137,4.3937836613611735e-15,0.0
189.23991241789176,8.559501444589418e-05,4.387813911388476e-15,0.0
189.27901157335,0.00017059656244701053,4.3818716946247776e-15,0.0
189.31811072880825,0.00023770054507760502,4.375913925741314e-15,0.0
189.3572098842665,0.00016697845857459906,4.370010071538825e-15,0.0
189.39630903972474,8.927256237699298e-05,4.3640385223819396e-15,0.0
189.435408195183,0.00016642108159146496,4.358186987784189e-15,0.0
189.47450735064123,0.00024136185433142147,4.352222093231417e-15,0.0
189.51360650609945,0.0001639837577435337,4.346346184912653e-15,0.0
189.5527056615577,9.08831744963355e-05,4.34046508589527e-15,0.0
189.59180481701594,0.00016586557102255044,4.3346080064520815e-15,0.0
189.6309039724742,0.00024184354386732275,4.328725028094329e-15,0.0
189.67000312793243,0.0001636481448720053,4.322872116227452e-15,0.0
189.70910228339068,8.962656869058774e-05,4.317033450514151e-15,0.0
189.74820143884892,0.00016869342104486548,4.311223868452723e-15,0.0
189.78730059430717,0.00023866014248391748,4.305368710682382e-15,0.0
189.8263997497654,0.00016729016977253152,4.299576036298991e-15,0.0
189.86549890522363,8.564051421394025e-05,4.293773335691369e-15,0.0
189.90459806068188,0.00017294190920593664,4.287998694382504e-15,0.0
189.94369721614012,0.00023286157071029443,4.2822096113237645e-15,0.0
189.98279637159837,0.00017424911717045275,4.2764542672420424e-15,0.0
190.0218955270566,8.011204652198952e-05,4.270653338394499e-15,0.0
190.06099468251486,0.00017603539967089138,4.264948551391524e-15,0.0
190.1000938379731,0.00022675169101406088,4.2591893491573686e-15,0.0
190.13919299343132,0.00018224704348565474,4.253486018995436e-15,0.0
190.17829214888957,7.51149613670049e-05,4.247751773080304e-15,0.0
190.2173913043478,0.00017605749403609935,4.242055986008786e-15,0.0
190.25649045980606,0.00022290448130282922,4.236330520685752e-15,0.0
190.2955896152643,0.0001887263740845031,4.230686722484107e-15,0.0
190.33468877072255,7.287126073280758e-05,4.2249988859056715e-15,0.0
190.3737879261808,0.00017247128461268327,4.219313803690726e-15,0.0
190.41288708163904,0.00022279806811897098,4.2136852335047395e-15,0.0
190.45198623709726,0.00019205143295937633,4.208024027885313e-15,0.0
190.4910853925555,7.439934921735617e-05,4.202415164123e-15,0.0
190.53018454801375,0.000166204974281527,4.196759227497652e-15,0.0
190.569283703472,0.00022597393686213277,4.191184780053998e-15,0.0
190.60838285893024,0.00019204784282253245,4.1855317260561e-15,0.0
190.6474820143885,7.875116033236383e-05,4.1800062558001145e-15,0.0
190.68658116984673,0.00015919820152674927,4.17437313265802e-15,0.0
190.72568032530498,0.00023047007597613674,4.1687942912237446e-15,0.0
190.7647794807632,0.00018989330396950514,4.163242870073094e-15,0.0
190.80387863622144,8.389350361306053e-05,4.157690545303065e-15,0.0
190.8429777916797,0.00015350503322151445,4.15215669216362e-15,0.0
190.88207694713793,0.00023411483179575906,4.146623812017561e-15,0.0
190.92117610259618,0.0001874746781414257,4.141070564342043e-15,0.0
190.96027525805442,8.808869088480443e-05,4.13559670039442e-15,0.0
190.99937441351267,0.00015026926877894986,4.130067994945017e-15,0.0
191.03847356897091,0.00023563326255576778,4.124572857116979e-15,0.0
191.07757272442913,0.00018642568455367123,4.1190715812762805e-15,0.0
191.11667187988738,9.055649926253976e-05,4.1136222520732814e-15,0.0
191.15577103534562,0.00014923625080036392,4.108160639675237e-15,0.0
191.19487019080387,0.00023499975439949803,4.102678378626671e-15,0.0
191.2339693462621,0.00018733769306422676,4.0972600606030185e-15,0.0
191.27306850172036,9.146187859871536e-05,4.091800571457074e-15,0.0
191.3121676571786,0.00014922530882261815,4.08636947341703e-15,0.0
191.35126681263685,0.00023308058966487876,4.080963512672793e-15,0.0
191.39036596809507,0.00018970014129073684,4.07552631721643e-15,0.0
191.4294651235533,9.153913625217223e-05,4.0701760138078775e-15,0.0
191.46856427901156,0.00014909851758816212,4.064746488196239e-15,0.0
191.5076634344698,0.00023089728040795747,4.05938007250532e-15,0.0
191.54676258992805,0.00019257320730055801,4.0540179489601795e-15,0.0
191.5858617453863,9.154453525654658e-05,4.048650455961371e-15,0.0
191.62496090084454,0.0001484028182283914,4.043287981721219e-15,0.0
191.6640600563028,0.0002289775644560468,4.03795173453877e-15,0.0
191.70315921176103,0.00019536362683499064,4.032613044365135e-15,0.0
191.74225836721925,9.179216591281207e-05,4.027311191228526e-15,0.0
191.7813575226775,0.00014733924770457326,4.021975271048688e-15,0.0
191.82045667813574,0.00022721468212255047,4.016695867277174e-15,0.0
191.859555833594,0.0001981037531456777,4.0113584677245394e-15,0.0
191.89865498905223,9.20814348671622e-05,4.006095677162797e-15,0.0
191.93775414451048,0.00014624890823511334,4.0008213170501934e-15,0.0
191.97685329996872,0.00022528987248145638,3.995568910374467e-15,0.0
192.01595245542697,0.0002011211973227182,3.990287851179233e-15,0.0
192.0550516108852,9.207761717965576e-05,3.985065147674144e-15,0.0
192.09415076634343,0.00014507281989171655,3.979801071604575e-15,0.0
192.13324992180168,0.00022326182022174723,3.9745787825038755e-15,0.0
192.17234907725992,0.00020444084473087026,3.9694051865105756e-15,0.0
192.21144823271817,9.183874987800057e-05,3.964139483487007e-15,0.0
192.25054738817641,0.00014322999819729712,3.958960718974625e-15,0.0
192.28964654363466,0.00022179811537538881,3.9537357165598425e-15,0.0
192.3287456990929,0.00020745244507075196,3.948608808531672e-15,0.0
192.36784485455112,9.206679162607536e-05,3.943415419019522e-15,0.0
192.40694401000937,0.00014002025978865698,3.938237027546221e-15,0.0
192.44604316546761,0.00022178908133175368,3.933074365916275e-15,0.0
192.48514232092586,0.0002091617664377313,3.927957975840057e-15,0.0
192.5242414763841,9.379806887426503e-05,3.922814847662798e-15,0.0
192.56334063184235,0.00013525222728971465,3.917700983089033e-15,0.0
192.6024397873006,0.00022356781514622315,3.912540946030317e-15,0.0
192.64153894275884,0.0002088696391395173,3.9074553780713635e-15,0.0
192.68063809821706,9.760637111098102e-05,3.902340392272273e-15,0.0
192.7197372536753,0.0001296699303491717,3.897262908051507e-15,0.0
192.75883640913355,0.0002263732856736645,3.8921618791368554e-15,0.0
192.7979355645918,0.00020682199688372776,3.887055283089256e-15,0.0
192.83703472005004,0.00010295119374523953,3.882034001728459e-15,0.0
192.8761338755083,0.00012484526732354243,3.876971377521247e-15,0.0
192.91523303096653,0.00022858092215673437,3.871890789912071e-15,0.0
192.95433218642478,0.00020438904819655783,3.86687760045468e-15,0.0
192.993431341883,0.00010833256297341529,3.8618234851424465e-15,0.0
193.03253049734124,0.00012238044984934788,3.856835000819301e-15,0.0
193.0716296527995,0.00022857948017433334,3.8517795499991825e-15,0.0
193.11072880825773,0.00020351040187997372,3.846757093341738e-15,0.0
193.14982796371598,0.00011209581729996196,3.841823918467725e-15,0.0
193.18892711917422,0.0001227553050594436,3.836806164889215e-15,0.0
193.22802627463247,0.00022571074324462918,3.831820939093965e-15,0.0
193.26712543009072,0.00020553030472216668,3.826838952078e-15,0.0
193.30622458554893,0.00011326222397836109,3.821860866433228e-15,0.0
193.34532374100718,0.00012480910563124605,3.816972770880752e-15,0.0
193.38442289646542,0.0002207575327921063,3.811977397462735e-15,0.0
193.42352205192367,0.00021018410213285044,3.8070319658458935e-15,0.0
193.46262120738191,0.00011203688230778674,3.802123837012668e-15,0.0
193.50172036284016,0.00012644422393253546,3.797226017957127e-15,0.0
193.5408195182984,0.00021570398446737273,3.792302540712914e-15,0.0
193.57991867375665,0.00021565281470940065,3.78738107448106e-15,0.0
193.61901782921487,0.00010987494020085312,3.782501723778054e-15,0.0
193.65811698467311,0.00012586930927743073,3.777623461541023e-15,0.0
193.69721614013136,0.0002127190645381436,3.772733025017972e-15,0.0
193.7363152955896,0.00021967892418401386,3.767884977184403e-15,0.0
193.77541445104785,0.00010892577617520094,3.762977614717206e-15,0.0
193.8145136065061,0.0001224834571000292,3.758194351677504e-15,0.0
193.85361276196434,0.00021278686304019808,3.7532876498039455e-15,0.0
193.8927119174226,0.00022086442492958192,3.748482295668208e-15,0.0
193.9318110728808,0.0001107905011207981,3.7436318971138476e-15,0.0
193.97091022833905,0.00011714128203051287,3.738858249046593e-15,0.0
194.0100093837973,0.00021498722179755112,3.733975373383637e-15,0.0
194.04910853925554,0.00021941349740712196,3.729248243727191e-15,0.0
194.0882076947138,0.00011533242299383569,3.724392313450322e-15,0.0
194.12730685017203,0.00011180361182522946,3.719637227161836e-15,0.0
194.16640600563028,0.00021711703791757567,3.714830457215435e-15,0.0
194.20550516108852,0.0002170454049757568,3.7101096724497065e-15,0.0
194.24460431654674,0.00012075699636970893,3.70529843595758e-15,0.0
194.283703472005,0.0001085262475794739,3.700565472302621e-15,0.0
194.32280262746323,0.00021712517724694694,3.695813371231944e-15,0.0
194.36190178292148,0.0002160504252840752,3.691096232757119e-15,0.0
194.40100093837972,0.00012488239468302955,3.686334189608358e-15,0.0
194.44010009383797,0.00010809487883997932,3.681637618623125e-15,0.0
194.47919924929622,0.00021431209828069394,3.676927558440354e-15,0.0
194.51829840475446,0.00021783401424678165,3.6722092014795085e-15,0.0
194.5573975602127,0.00012641681977116405,3.667514329700846e-15,0.0
194.59649671567092,0.00010940632889779401,3.662838601736953e-15,0.0
194.63559587112917,0.00020971843258523455,3.658156567079648e-15,0.0
194.67469502658741,0.00022190976939611868,3.653484750348595e-15,0.0
194.71379418204566,0.00012560149653560515,3.64882482977432e-15,0.0
194.7528933375039,0.00011030146610829916,3.644166195822556e-15,0.0
194.79199249296215,0.00020557693084702819,3.639525855475508e-15,0.0
194.8310916484204,0.00022622575751043354,3.634863545049892e-15,0.0
194.87019080387864,0.00012415044573678544,3.630265514898294e-15,0.0
194.90928995933686,0.00010897790647154902,3.62565215304305e-15,0.0
194.9483891147951,0.00020396657226078493,3.621000069123852e-15,0.0
194.98748827025335,0.00022853657197261456,3.616415002537582e-15,0.0
195.0265874257116,0.00012439674231159856,3.6117889515851604e-15,0.0
195.06568658116984,0.00010491346546992945,3.607225102021194e-15,0.0
195.1047857366281,0.00020536640071897405,3.602619473251831e-15,0.0
195.14388489208633,0.00022775974069135478,3.5980453954291366e-15,0.0
195.18298404754458,0.00012777864770035022,3.5934547561916856e-15,0.0
195.2220832030028,9.91028398497365e-05,3.588931811957912e-15,0.0
195.26118235846104,0.00020826381452494557,3.58437015843791e-15,0.0
195.3002815139193,0.0002246011186703858,3.579786029341104e-15,0.0
195.33938066937753,0.00013371943997201796,3.5752633540241765e-15,0.0
195.37847982483578,9.368298735999429e-05,3.570740487909276e-15,0.0
195.41757898029402,0.00021019123184874475,3.566177180317462e-15,0.0
195.45667813575227,0.00022123733433421065,3.5617215626927605e-15,0.0
195.49577729121052,0.0001400455009589274,3.557149083718862e-15,0.0
195.53487644666873,9.084472405030146e-05,3.5526904991632506e-15,0.0
195.57397560212698,0.00020926720204759503,3.5481722539954446e-15,0.0
195.61307475758522,0.00022009973649755318,3.543701032077748e-15,0.0
195.65217391304347,0.00014445644018459315,3.539201338164359e-15,0.0
195.69127306850172,9.131077122612447e-05,3.534770471534218e-15,0.0
195.73037222395996,0.00020522290079270269,3.530280811901708e-15,0.0
195.7694713794182,0.00022229037145029263,3.5258202689098898e-15,0.0
195.80857053487645,0.00014578487012287987,3.5213829019228582e-15,0.0
195.84766969033467,9.372747461021612e-05,3.516957663391238e-15,0.0
195.88676884579291,0.00019955024233941533,3.512504772801743e-15,0.0
195.92586800125116,0.0002267845498282456,3.508086217286425e-15,0.0
195.9649671567094,0.00014453804789857447,3.503681210252855e-15,0.0
196.00406631216765,9.57334749153001e-05,3.4992585657448403e-15,0.0
196.0431654676259,0.0001947478104892921,3.4948885850751857e-15,0.0
196.08226462308414,0.00023114825362120819,3.4904162532673675e-15,0.0
196.1213637785424,0.00014270137172758997,3.4860948130707307e-15,0.0
196.1604629340006,9.546130586231867e-05,3.4817224037739355e-15,0.0
196.19956208945885,0.00019285508796017302,3.4773311623781906e-15,0.0
196.2386612449171,0.0002331063468339217,3.472955121993381e-15,0.0
196.27776040037534,0.00014274492722115176,3.468593382311647e-15,0.0
196.3168595558336,9.234876573365136e-05,3.4642394359640272e-15,0.0
196.35595871129183,0.00019407280626498508,3.459911064794132e-15,0.0
196.39505786675008,0.0002318120156512911,3.4555630525590174e-15,0.0
196.43415702220832,0.00014606965887559525,3.4512434596714503e-15,0.0
196.47325617766654,8.728891083382698e-05,3.4469017752783055e-15,0.0
196.5123553331248,0.00019662245457307794,3.442619168394376e-15,0.0
196.55145448858303,0.0002282654583338958,3.4382868481298028e-15,0.0
196.59055364404128,0.00015199207675080226,3.43396073931588e-15,0.0
196.62965279949952,8.231670574378785e-05,3.4297098736831733e-15,0.0
196.66875195495777,0.00019797393688086187,3.4253989579329077e-15,0.0
196.70785111041602,0.00022480970773968936,3.4211184876148934e-15,0.0
196.74695026587426,0.0001582674037866708,3.41687861256279e-15,0.0
196.78604942133248,7.970456402545767e-05,3.4125655748855175e-15,0.0
196.82514857679072,0.00019634331819064465,3.408324803002679e-15,0.0
196.86424773224897,0.0002238376213116498,3.4040768084104966e-15,0.0
196.90334688770722,0.00016256307689297618,3.3998200293603877e-15,0.0
196.94244604316546,8.052191539008866e-05,3.395617590717205e-15,0.0
196.9815451986237,0.00019155113239140547,3.39134412706086e-15,0.0
197.02064435408195,0.00022630476756878024,3.3871367773717508e-15,0.0
197.0597435095402,0.00016366375870442178,3.382924063763684e-15,0.0
197.09884266499841,8.381958489391712e-05,3.378740093862954e-15,0.0
197.13794182045666,0.000185058569256465,3.374526510125571e-15,0.0
197.1770409759149,0.00023112521620231361,3.3703167817498683e-15,0.0
197.21614013137315,0.00016194883552671387,3.3661448482371402e-15,0.0
197.2552392868314,8.745228834431075e-05,3.361954768831951e-15,0.0
197.29433844228964,0.00017926131664770543,3.3577932049977548e-15,0.0
197.3334375977479,0.00023595639830345397,3.3536115003908362e-15,0.0
197.37253675320613,0.00015918866020064358,3.3494552011005287e-15,0.0
197.41163590866438,8.948915827794348e-05,3.3453406685670936e-15,0.0
197.4507350641226,0.00017622283097325946,3.341126802646264e-15,0.0
197.48983421958084,0.0002386220608264509,3.3370587635958884e-15,0.0
197.5289333750391,0.00015771308634997714,3.3328902679339867e-15,0.0
197.56803253049733,8.898228017468545e-05,3.328749444159602e-15,0.0
197.60713168595558,0.00017646504948988452,3.3246485207300186e-15,0.0
197.64623084141382,0.00023815315775369906,3.320524597194105e-15,0.0
197.68532999687207,0.00015916182271814408,3.3164310411191364e-15,0.0
197.72442915233032,8.609029895585653e-05,3.3123058341698437e-15,0.0
197.76352830778853,0.00017875283166813148,3.308236533201368e-15,0.0
197.80262746324678,0.00023506459298639786,3.3041756900296576e-15,0.0
197.84172661870502,0.00016355408876504314,3.3000210693071468e-15,0.0
197.88082577416327,8.187622307513402e-05,3.296022142004278e-15,0.0
197.91992492962152,0.00018103655678701342,3.2919612965215767e-15,0.0
197.95902408507976,0.00023095386867816312,3.2878599999210876e-15,0.0
197.998123240538,0.00016946202489802247,3.2838357197732594e-15,0.0
198.03722239599625,7.788541409287916e-05,3.2797458446668625e-15,0.0
198.07632155145447,0.00018164973281672005,3.2757528759407765e-15,0.0
198.11542070691272,0.00022765930933294816,3.2717064696482374e-15,0.0
198.15451986237096,0.00017505183373327333,3.2676585936998178e-15,0.0
198.1936190178292,7.550522446584611e-05,3.2636676388258047e-15,0.0
198.23271817328745,0.000179957342290716,3.259689166591841e-15,0.0
198.2718173287457,0.00022636241056213203,3.2556201540016944e-15,0.0
198.31091648420394,0.0001790510110003651,3.2516927614585258e-15,0.0
198.3500156396622,7.530918673869946e-05,3.2476329198683337e-15,0.0
198.3891147951204,0.00017634700783623674,3.243674438457965e-15,0.0
198.42821395057865,0.00022713354986301097,3.2397099017375336e-15,0.0
198.4673131060369,0.00018112219154502407,3.2357494956029653e-15,0.0
198.50641226149514,7.688149023135219e-05,3.231749130890578e-15,0.0
198.5455114169534,0.00017180153281454047,3.227796028562081e-15,0.0
198.58461057241163,0.00022917261949821968,3.223867248565107e-15,0.0
198.62370972786988,0.00018170377004210185,3.2199252844496176e-15,0.0
198.66280888332813,7.929551621448753e-05,3.215942161680065e-15,0.0
198.70190803878634,0.0001673406898485575,3.2120594024993812e-15,0.0
198.7410071942446,0.0002314553741374505,3.2080803052294266e-15,0.0
198.78010634970283,0.00018157829725551402,3.204209334821609e-15,0.0
198.81920550516108,8.173553823178041e-05,3.2002471088598964e-15,0.0
198.85830466061932,0.0001636071127722589,3.1963418925720536e-15,0.0
198.89740381607757,0.0002332587197897249,3.192488175652148e-15,0.0
198.93650297153582,0.00018144401623203105,3.1885545916167606e-15,0.0
198.97560212699406,8.377842484836421e-05,3.1846844926280403e-15,0.0
199.01470128245228,0.000160774374482243,3.1807420375203444e-15,0.0
199.05380043791052,0.00023429730875382937,3.1769264896975188e-15,0.0
199.09289959336877,0.00018170245606712154,3.173025000715574e-15,0.0
199.13199874882702,8.532775694192504e-05,3.16920669862274e-15,0.0
199.17109790428526,0.00015873153775884086,3.165293137595206e-15,0.0
199.2101970597435,0.00023456353432229173,3.161491232798659e-15,0.0
199.24929621520175,0.00018250699943446805,3.1576282246842524e-15,0.0
199.28839537066,8.641493715821095e-05,3.1537631811933383e-15,0.0
199.32749452611822,0.00015730906468154588,3.14996977103948e-15,0.0
199.36659368157646,0.00023412044731109958,3.146117047196954e-15,0.0
199.4056928370347,0.00018392133256729491,3.142355918700172e-15,0.0
199.44479199249295,8.705949455668623e-05,3.1384721987681285e-15,0.0
199.4838911479512,0.00015634812140181192,3.1347079932766304e-15,0.0
199.52299030340944,0.0002330358166329874,3.1308941597300576e-15,0.0
199.5620894588677,0.00018598633616502297,3.1271195278754015e-15,0.0
199.60118861432593,8.727427806647067e-05,3.1232980612509003e-15,0.0
199.64028776978415,0.00015562258520283336,3.11953794406301e-15,0.0
199.6793869252424,0.00023146663457751653,3.1157545360051285e-15,0.0
199.71848608070064,0.00018863553739559803,3.1120099123575683e-15,0.0
199.7575852361589,8.7172838653084e-05,3.10821514678653e-15,0.0
199.79668439161713,0.00015477868700817125,3.104457398958706e-15,0.0
199.83578354707538,0.00022974927298646212,3.1007287144929175e-15,0.0
199.87488270253363,0.00019158535124365835,3.0969737890315084e-15,0.0
199.91398185799187,8.705037802152077e-05,3.0931923186785007e-15,0.0
199.9530810134501,0.00015342542922951188,3.0895042000445287e-15,0.0
199.99218016890833,0.0002283371822616325,3.085756351051101e-15,0.0
200.03127932436658,0.00019437250983090232,3.0820524905162692e-15,0.0
200.07037847982483,8.731839073659132e-05,3.0783003137259028e-15,0.0
200.10947763528307,0.00015134546401921787,3.074629860042745e-15,0.0
200.14857679074132,0.00022756662666403285,3.070873711493859e-15,0.0
200.18767594619956,0.00019657559558168038,3.067221582777234e-15,0.0
200.2267751016578,8.828334514872211e-05,3.0635255711735232e-15,0.0
200.26587425711605,0.0001486645887228336,3.0598384652453672e-15,0.0
200.30497341257427,0.0002274159663932095,3.056132814950342e-15,0.0
200.34407256803252,0.00019807817978537671,3.0524876886465668e-15,0.0
200.38317172349076,8.992045770534343e-05,3.048784715554108e-15,0.0
200.422270878949,0.00014581991599714504,3.0451542887221954e-15,0.0
200.46137003440725,0.00022748441762172073,3.0414773270671378e-15,0.0
200.5004691898655,0.000199166814192949,3.037828112948176e-15,0.0
200.53956834532374,9.18553037840346e-05,3.0341961397610077e-15,0.0
200.578667500782,0.00014329246221863532,3.0305569977670695e-15,0.0
200.6177666562402,0.0002272602584145502,3.0269171881890625e-15,0.0
200.65686581169845,0.00020034832618940696,3.0232937878290993e-15,0.0
200.6959649671567,9.361138284842188e-05,3.019658539048209e-15,0.0
200.73506412261494,0.00014125759650670326,3.0160484372863943e-15,0.0
200.7741632780732,0.00022650385604788768,3.012451881837969e-15,0.0
200.81326243353143,0.0002019683588607057,3.008837310111836e-15,0.0
200.85236158898968,9.495730040979056e-05,3.0052421350252253e-15,0.0
200.89146074444793,0.00013942779631728538,3.0016197629977733e-15,0.0
200.93055989990614,0.0002254586742921986,2.998072397551286e-15,0.0
200.9696590553644,0.00020390370999351482,2.994459755872252e-15,0.0
201.00875821082263,9.611271531270469e-05,2.990910780204749e-15,0.0
201.04785736628088,0.00013725511531135107,2.987304940151102e-15,0.0
201.08695652173913,0.00022469969353927473,2.983758910487778e-15,0.0
201.12605567719737,0.0002056025858322513,2.980209208415362e-15,0.0
201.16515483265562,9.764599072131013e-05,2.9766448346944467e-15,0.0
201.20425398811386,0.00013437456814937652,2.97307797261616e-15,0.0
201.24335314357208,0.00022467158650695923,2.969542185476299e-15,0.0
201.28245229903033,0.0002064935938063791,2.9660232666183003e-15,0.0
201.32155145448857,0.00010006070258857582,2.9624718417308037e-15,0.0
201.36065060994682,0.00013097798094655917,2.958975891335181e-15,0.0
201.39974976540506,0.00022523554057187045,2.9554150316123413e-15,0.0
201.4388489208633,0.00020649113658693986,2.951953231851928e-15,0.0
201.47794807632155,0.00010332358391643086,2.9483966501328222e-15,0.0
201.5170472317798,0.00012783588937786107,2.944960899611559e-15,0.0
201.55614638723802,0.00022561204835269872,2.9413836112188313e-15,0.0
201.59524554269626,0.0002062320349467577,2.9379405094307214e-15,0.0
201.6343446981545,0.00010673304156811636,2.9344537340378424e-15,0.0
201.67344385361275,0.00012585852129491418,2.93094645303921e-15,0.0
201.712543009071,0.00022483129975290174,2.927531673807644e-15,0.0
201.75164216452924,0.00020680353168007785,2.9240037890562584e-15,0.0
201.7907413199875,0.00010928159279762984,2.9205838920333216e-15,0.0
201.82984047544574,0.00012539825072392644,2.917081564727315e-15,0.0
201.86893963090395,0.0002224119952894771,2.9136644203138137e-15,0.0
201.9080387863622,0.00020902357638061535,2.9102145855434624e-15,0.0
201.94713794182044,0.0001102681211858017,2.9067705662087487e-15,0.0
201.9862370972787,0.00012583094619331633,2.9033217138169683e-15,0.0
202.02533625273693,0.0002188303704526954,2.8999108614575523e-15,0.0
202.06443540819518,0.00021273908872189922,2.8964684219891264e-15,0.0
202.10353456365343,0.00010980678792072949,2.8930737155973567e-15,0.0
202.14263371911167,0.00012583525880672814,2.889617263343388e-15,0.0
202.1817328745699,0.00021543694854305422,2.8862067978824297e-15,0.0
202.22083203002813,0.00021674348920767744,2.8828638627809964e-15,0.0
202.25993118548638,0.00010896784422262666,2.8794078641114338e-15,0.0
202.29903034094463,0.00012417338383576793,2.8760359696466913e-15,0.0
202.33812949640287,0.00021372288013319228,2.8726138665441925e-15,0.0
202.37722865186112,0.00021945364774740713,2.869266198133752e-15,0.0
202.41632780731936,0.0001093384791741596,2.8658665555359533e-15,0.0
202.4554269627776,0.00012043718026857748,2.8625039205522795e-15,0.0
202.49452611823583,0.00021427751139944167,2.8591421080533687e-15,0.0
202.53362527369407,0.00021988667739511374,2.8557637504717994e-15,0.0
202.57272442915232,0.00011201286938279301,2.852446549463652e-15,0.0
202.61182358461056,0.00011539531346596251,2.8490427966102057e-15,0.0
202.6509227400688,0.00021622135181163958,2.8457475717241555e-15,0.0
202.69002189552705,0.00021834693171065233,2.8423722643512113e-15,0.0
202.7291210509853,0.0001166717168238838,2.8390580195107757e-15,0.0
202.76822020644354,0.00011075716321385152,2.8357258277091945e-15,0.0
202.80731936190176,0.00021767343033339613,2.8323845515000932e-15,0.0
202.84641851736,0.00021642806910158373,2.8290827459703866e-15,0.0
202.88551767281825,0.00012167013020672555,2.825746859337924e-15,0.0
202.9246168282765,0.00010824331595227633,2.822478092285014e-15,0.0
202.96371598373474,0.00021693467989538235,2.8191437748691544e-15,0.0
203.002815139193,0.00021616832992736015,2.8158401061553606e-15,0.0
203.04191429465124,0.0001250811332474911,2.8125576939971556e-15,0.0
203.08101345010948,0.00010830924515236161,2.8092911591725517e-15,0.0
203.12011260556773,0.00021359266988015194,2.805932591924921e-15,0.0
203.15921176102594,0.00021865616745357023,2.8027158857640468e-15,0.0
203.1983109164842,0.00012584888983540124,2.799425667884511e-15,0.0
203.23741007194243,0.00010961799530418548,2.7961687975346196e-15,0.0
203.27650922740068,0.00020896332380283583,2.7928655238247278e-15,0.0
203.31560838285893,0.00022306194293657467,2.7896635146008066e-15,0.0
203.35470753831717,0.00012450468557634678,2.786406680959667e-15,0.0
203.39380669377542,0.0001098806788590359,2.7830998669215088e-15,0.0
203.43290584923366,0.0002055592809065088,2.779946246097763e-15,0.0
203.47200500469188,0.00022700375872871655,2.7766135748354567e-15,0.0
203.51110416015013,0.00012321099009140535,2.7734642899229965e-15,0.0
203.55020331560837,0.00010724059758563656,2.770184354881055e-15,0.0
203.58930247106662,0.0002055650090291475,2.7669727085190146e-15,0.0
203.62840162652486,0.0002279919896091401,2.7637599692104494e-15,0.0
203.6675007819831,0.000124775211199409,2.760538145863761e-15,0.0
203.70659993744135,0.00010127625909824938,2.757379039086933e-15,0.0
203.7456990928996,0.00020911845289422025,2.7541019054072313e-15,0.0
203.78479824835782,0.00022494487891012933,2.7509533646767797e-15,0.0
203.82389740381606,0.00013066672160790284,2.747724350582587e-15,0.0
203.8629965592743,9.347325172312546e-05,2.744555688130183e-15,0.0
203.90209571473255,0.00021389626148173607,2.7413944297085535e-15,0.0
203.9411948701908,0.00021906665553997177,2.7381747774520396e-15,0.0
203.98029402564904,0.0001396091835727087,2.735029358505943e-15,0.0
204.0193931811073,8.709527678035193e-05,2.7318444884831548e-15,0.0
204.05849233656554,0.00021644540966077463,2.728700286322915e-15,0.0
204.09759149202375,0.0002137093662401039,2.7255124699753086e-15,0.0
204.136690647482,0.00014832149555741255,2.7224167279196972e-15,0.0
204.17578980294024,8.572118880118825e-05,2.7192022533951655e-15,0.0
204.2148889583985,0.00021407985989752544,2.7160936471901193e-15,0.0
204.25398811385674,0.00021283028803253164,2.7128995967978073e-15,0.0
204.29308726931498,0.00015343810384929775,2.709829728310086e-15,0.0
204.33218642477323,9.03063124115876e-05,2.7066870910071363e-15,0.0
204.37128558023147,0.00020623734579531617,2.7035267544813655e-15,0.0
204.4103847356897,0.00021834046724782715,2.7004635478394254e-15,0.0
204.44948389114793,0.00015301343506300482,2.6973016153225076e-15,0.0
204.48858304660618,9.805219087645848e-05,2.6942153306848637e-15,0.0
204.52768220206443,0.00019502305324409978,2.6910837940662838e-15,0.0
204.56678135752267,0.00022842733269877436,2.688015621804822e-15,0.0
204.60588051298092,0.0001473264300453515,2.6848829017751357e-15,0.0
204.64497966843916,0.00010479000248220025,2.681827514278687e-15,0.0
204.6840788238974,0.00018478646214166512,2.6787293094541703e-15,0.0
204.72317797935563,0.00023867596143557646,2.6756638721374524e-15,0.0
204.76227713481387,0.0001391714611673636,2.6725742777729293e-15,0.0
204.80137629027212,0.00010735172923259283,2.6694946143543906e-15,0.0
204.84047544573036,0.00018020911554964743,2.666461547019348e-15,0.0
204.8795746011886,0.0002446983008970736,2.6633523279880234e-15,0.0
204.91867375664685,0.00013331020321981856,2.6603125759153677e-15,0.0
204.9577729121051,0.00010436983426103335,2.6572425251673175e-15,0.0
204.99687206756334,0.0001831370335763175,2.6542179279923205e-15,0.0
205.03597122302156,0.0002441448799464396,2.6511520484518263e-15,0.0
205.0750703784798,0.00013412840502040622,2.6481539650076783e-15,0.0
205.11416953393805,9.63874381734835e-05,2.645090208362549e-15,0.0
205.1532686893963,0.00019095760025420385,2.64206201016209e-15,0.0
205.19236784485454,0.00023757014038109048,2.6390387094939286e-15,0.0
205.2314670003128,0.0001421739757854478,2.636033394695663e-15,0.0
205.27056615577104,8.585637598760905e-05,2.632985560888167e-15,0.0
205.30966531122928,0.00019860732567780285,2.629996081732431e-15,0.0
205.3487644666875,0.00022832951449377464,2.6270082268526564e-15,0.0
205.38786362214574,0.00015362739322450554,2.623939444399529e-15,0.0
205.426962777604,7.690893926245055e-05,2.62101821999573e-15,0.0
205.46606193306224,0.00020174771069390087,2.6179621179503233e-15,0.0
205.50516108852048,0.0002213462912571831,2.6150149357975815e-15,0.0
205.54426024397873,0.0001634246029740035,2.6120081039572166e-15,0.0
205.58335939943697,7.381611547000723e-05,2.6090643831929585e-15,0.0
205.62245855489522,0.00019856477036011785,2.6060540693651952e-15,0.0
205.66155771035343,0.0002205290874503068,2.603119972228598e-15,0.0
205.70065686581168,0.0001680603759615874,2.600111518950387e-15,0.0
205.73975602126993,7.75115858830175e-05,2.5971743879492535e-15,0.0
205.77885517672817,0.00019021151793997338,2.594219423092644e-15,0.0
205.81795433218642,0.00022610027735118756,2.5912630773996656e-15,0.0
205.85705348764466,0.00016666996126417184,2.588310481661043e-15,0.0
205.8961526431029,8.452726794073594e-05,2.5853790913144734e-15,0.0
205.93525179856115,0.00018038690971627222,2.5824531859444982e-15,0.0
205.9743509540194,0.00023447171753742478,2.5794647040609785e-15,0.0
206.01345010947762,0.00016117016644254383,2.576558220887673e-15,0.0
206.05254926493586,9.037750623762012e-05,2.573643665549545e-15,0.0
206.0916484203941,0.00017387244422863081,2.57074965019661e-15,0.0
206.13074757585235,0.00024081847319975104,2.5677834045567847e-15,0.0
206.1698467313106,0.00015571853766407223,2.56490342704065e-15,0.0
206.20894588676884,9.210934848497233e-05,2.5619542514879224e-15,0.0
206.2480450422271,0.00017383000165371453,2.5590957315580434e-15,0.0
206.28714419768534,0.0002417292185682025,2.5561613823822245e-15,0.0
206.32624335314355,0.00015495034391210425,2.55332227960152e-15,0.0
206.3653425086018,8.871465277042134e-05,2.550366890494189e-15,0.0
206.40444166406004,0.00017950622729415657,2.5475310271655798e-15,0.0
206.4435408195183,0.0002364982218510898,2.544610608747147e-15,0.0
206.48263997497654,0.0001610306912939953,2.5417551575614832e-15,0.0
206.52173913043478,8.097990225207107e-05,2.538872552963102e-15,0.0
206.56083828589303,0.00018692157577011875,2.536018180134159e-15,0.0
206.59993744135127,0.0002272674251722901,2.533126876435261e-15,0.0
206.6390365968095,0.00017203434363418982,2.5302873533470935e-15,0.0
206.67813575226774,7.142530367456596e-05,2.5274103853799703e-15,0.0
206.71723490772598,0.00019165203069800406,2.5245973965558326e-15,0.0
206.75633406318423,0.00021826740280304178,2.521711469023101e-15,0.0
206.79543321864247,0.00018362539438190474,2.518879743015203e-15,0.0
206.83453237410072,6.415978591498383e-05,2.516043968385806e-15,0.0
206.87363152955896,0.00019089601647520293,2.5132336361794348e-15,0.0
206.9127306850172,0.00021400509603072246,2.510352071740186e-15,0.0
206.95182984047543,0.00019178712714456155,2.5075468481884875e-15,0.0
206.99092899593367,6.332365910497572e-05,2.5047295882952716e-15,0.0
207.03002815139192,0.00018413588997817193,2.501920338014708e-15,0.0
207.06912730685016,0.00021674085199641834,2.499089627794476e-15,0.0
207.1082264623084,0.00019430892459603293,2.496315057558814e-15,0.0
207.14732561776665,6.949677457380387e-05,2.4934525937735468e-15,0.0
207.1864247732249,0.00017300417395061738,2.4907066272223103e-15,0.0
207.22552392868315,0.00022511087285782166,2.487876654382148e-15,0.0
207.26462308414136,0.00019111275251856554,2.4851014652567555e-15,0.0
207.3037222395996,7.923645774266731e-05,2.4823032398534e-15,0.0
207.34282139505785,0.00016073205349422903,2.47954212699189e-15,0.0
207.3819205505161,0.0002353360501514289,2.4767252417542456e-15,0.0
207.42101970597435,0.00018401982395879407,2.47399367042871e-15,0.0
207.4601188614326,8.86710513329631e-05,2.4711830017007655e-15,0.0
207.49921801689084,0.00015111723961349588,2.468439826488382e-15,0.0
207.53831717234908,0.0002435785459387731,2.4656731968489266e-15,0.0
207.5774163278073,0.00017615249373953594,2.4628945134238686e-15,0.0
207.61651548326554,9.538325629652519e-05,2.4601894013224677e-15,0.0
207.6556146387238,0.0001468992430433008,2.4573992472183595e-15,0.0
207.69471379418204,0.00024745166318379714,2.4546447276095104e-15,0.0
207.73381294964028,0.00017088886954197288,2.4519252450376264e-15,0.0
207.77291210509853,9.83722415147976e-05,2.4491839447313646e-15,0.0
207.81201126055677,0.00014828062558673008,2.4464480637322738e-15,0.0
207.85111041601502,0.00024638773551712224,2.4437234329989064e-15,0.0
207.89020957147324,0.00017044652483691106,2.44096755951757e-15,0.0
207.92930872693148,9.769364502136874e-05,2.4382992843383977e-15,0.0
207.96840788238973,0.00015305998733542567,2.4355363488984457e-15,0.0
208.00750703784797,0.00024137250800228326,2.4328305980954445e-15,0.0
208.04660619330622,0.00017485668425456556,2.430142041561301e-15,0.0
208.08570534876446,9.418491145895404e-05,2.4274195906822736e-15,0.0
208.1248045042227,0.0001582561680457826,2.4247077243352722e-15,0.0
208.16390365968095,0.00023441262072835777,2.4220348265086104e-15,0.0
208.20300281513917,0.00018224102441716355,2.4193077595000033e-15,0.0
208.24210197059742,8.926272787691319e-05,2.4166318943830686e-15,0.0
208.28120112605566,0.00016153471325704573,2.4139643724910313e-15,0.0
208.3203002815139,0.00022786876783955072,2.4112485365588583e-15,0.0
208.35939943697215,0.00019005710377142444,2.4085848058403204e-15,0.0
208.3984985924304,8.470062781754123e-05,2.405914944828567e-15,0.0
208.43759774788865,0.00016171628339278605,2.403238210760012e-15,0.0
208.4766969033469,0.00022370789520500875,2.4005996956431016e-15,0.0
208.5157960588051,0.00019619664723054533,2.3978961319545726e-15,0.0
208.55489521426335,8.222178159530791e-05,2.3952448222792627e-15,0.0
208.5939943697216,0.00015874836479867153,2.392600562999422e-15,0.0
208.63309352517985,0.00022282200082372722,2.3899696419733e-15,0.0
208.6721926806381,0.0001994999391748788,2.3872878337975785e-15,0.0
208.71129183609634,8.282142555365704e-05,2.3846572990891884e-15,0.0
208.75039099155458,0.00015353451072998484,2.382021820429451e-15,0.0
208.78949014701283,0.00022471196112212944,2.379401150056697e-15,0.0
208.82858930247107,0.00019989732830744936,2.3767406924089906e-15,0.0
208.8676884579293,8.619949500052216e-05,2.3741628830042618e-15,0.0
208.90678761338754,0.00014770021550515987,2.3714763651913606e-15,0.0
208.94588676884578,0.00022775333302898652,2.368913450505432e-15,0.0
208.98498592430403,0.00019838122131242956,2.3662486825240946e-15,0.0
209.02408507976227,9.090697341413592e-05,2.36370687432844e-15,0.0
209.06318423522052,0.00014315392350417125,2.36103210365079e-15,0.0
209.10228339067876,0.00022991417430547932,2.358454562415932e-15,0.0
209.141382546137,0.00019676986581849593,2.3558702722606285e-15,0.0
209.18048170159523,9.50841559816963e-05,2.353230427741411e-15,0.0
209.21958085705347,0.00014131356814664402,2.3506617715952305e-15,0.0
209.25868001251172,0.00022958150047693412,2.3481135755515885e-15,0.0
209.29777916796996,0.00019708244514761946,2.34546506371496e-15,0.0
209.3368783234282,9.718395767923017e-05,2.342933046090391e-15,0.0
209.37597747888645,0.00014226810345570798,2.3403432153111298e-15,0.0
209.4150766343447,0.00022623684622580245,2.3377580796657903e-15,0.0
209.45417578980295,0.0002005335600039966,2.3351854771613468e-15,0.0
209.49327494526116,9.646308486454755e-05,2.3326217178404125e-15,0.0
209.5323741007194,0.00014456359079119792,2.330074158278784e-15,0.0
209.57147325617765,0.0002208335123583444,2.32749772558655e-15,0.0
209.6105724116359,0.00020668713970542292,2.3249584219559586e-15,0.0
209.64967156709415,9.333993160799753e-05,2.3223928072778545e-15,0.0
209.6887707225524,0.00014589695941186277,2.3198463950082778e-15,0.0
209.72786987801064,0.00021567958909916626,2.3173140386876512e-15,0.0
209.76696903346888,0.00021349833986039857,2.314764652897607e-15,0.0
209.8060681889271,8.961851009387387e-05,2.312224629066134e-15,0.0
209.84516734438535,0.0001441858404637759,2.30969170330857e-15,0.0
209.8842664998436,0.00021355247584105934,2.3071765731487982e-15,0.0
209.92336565530184,0.00021827660854461853,2.304652283241178e-15,0.0
209.96246481076008,8.819448667461993e-05,2.302116697717414e-15,0.0
210.00156396621833,0.0001384339686001918,2.2996200526852834e-15,0.0
210.04066312167657,0.00021610884777336888,2.2970872357507243e-15,0.0
210.07976227713482,0.00021892178784281357,2.2945667891017465e-15,0.0
210.11886143259304,9.156584695227186e-05,2.292054036006381e-15,0.0
210.15796058805128,0.00012924896889094926,2.289598966669006e-15,0.0
210.19705974350953,0.00022258993713564413,2.287088064928676e-15,0.0
210.23615889896777,0.0002148929449853791,2.284564209734033e-15,0.0
210.27525805442602,9.976808469641156e-05,2.2820999772276148e-15,0.0
210.31435720988426,0.00011901668533801965,2.2795987244408574e-15,0.0
210.3534563653425,0.00023005481733044341,2.2770828464467447e-15,0.0
210.39255552080076,0.00020770382680826356,2.2746555981636633e-15,0.0
210.43165467625897,0.00011019930767245447,2.272142778547905e-15,0.0
210.47075383171722,0.00011143183002065316,2.2696883193279717e-15,0.0
210.50985298717546,0.00023494077524217403,2.267207367778287e-15,0.0
210.5489521426337,0.0002007342348479702,2.264735176211218e-15,0.0
210.58805129809195,0.00011942312685968893,2.2623135247586394e-15,0.0
210.6271504535502,0.00010969918980234952,2.2598068578338953e-15,0.0
210.66624960900845,0.00023470382155134443,2.2573596748728807e-15,0.0
210.7053487644667,0.00019794859424501676,2.254897044549968e-15,0.0
210.7444479199249,0.00012474005798333122,2.2524810426278985e-15,0.0
210.78354707538315,0.00011397083168755354,2.2500120145799265e-15,0.0
210.8226462308414,0.00022882147687017305,2.2475747285778655e-15,0.0
210.86174538629965,0.00020157313283102906,2.2451261466199935e-15,0.0
210.9008445417579,0.00012490543478328072,2.242707583294852e-15,0.0
210.93994369721614,0.0001210488406131728,2.2402705283088845e-15,0.0
210.97904285267438,0.00021909507204845565,2.2378571764407233e-15,0.0
211.01814200813263,0.00021041271873778065,2.235420995325486e-15,0.0
211.05724116359085,0.00012043186739275795,2.2330137944705162e-15,0.0
211.0963403190491,0.00012683518829973434,2.23058818241205e-15,0.0
211.13543947450734,0.00020919698106874486,2.2281766160659334e-15,0.0
211.17453862996558,0.00022065768764137423,2.2257859642055443e-15,0.0
211.21363778542383,0.00011366886478630737,2.2233685737858195e-15,0.0
211.25273694088207,0.00012844702068962301,2.2209421294114547e-15,0.0
211.29183609634032,0.0002031979347105989,2.2185868243083057e-15,0.0
211.33093525179856,0.00022825071305763496,2.2161478596624708e-15,0.0
211.37003440725678,0.00010836657813992587,2.2137588287128552e-15,0.0
211.40913356271503,0.00012492270387548204,2.2114254212840184e-15,0.0
211.44823271817327,0.00020327013772816912,2.2089884271064045e-15,0.0
211.48733187363152,0.00023074904077371262,2.2066165410660214e-15,0.0
211.52643102908976,0.00010802999908818738,2.2042189155179558e-15,0.0
211.565530184548,0.00011721455092203193,2.2018467649945895e-15,0.0
211.60462934000626,0.00020821874576429437,2.199465093942396e-15,0.0
211.6437284954645,0.0002280668252046021,2.1971192887093055e-15,0.0
211.68282765092275,0.00011342828760641561,2.194767988774426e-15,0.0
211.72192680638096,0.0001078677669791862,2.192357931792967e-15,0.0
211.7610259618392,0.00021446094229443988,2.190007803081624e-15,0.0
211.80012511729745,0.00022232774579525279,2.1876578008852062e-15,0.0
211.8392242727557,0.00012203515333687177,2.1853229501840965e-15,0.0
211.87832342821395,0.00010022777285769879,2.1829505399967412e-15,0.0
211.9174225836722,0.00021839949874394003,2.180628061192971e-15,0.0
211.95652173913044,0.00021692308528301253,2.178261853888563e-15,0.0
211.99562089458868,0.000130224026790678,2.1759558922564573e-15,0.0
212.0347200500469,9.68357676133236e-05,2.173589622473437e-15,0.0
212.07381920550515,0.00021815027780456678,2.171274531939576e-15,0.0
212.1129183609634,0.00021483339701845513,2.168932320749344e-15,0.0
212.15201751642164,0.00013542347074787609,2.166594601961071e-15,0.0
212.19111667187988,9.770634301678146e-05,2.1643366647531912e-15,0.0
212.23021582733813,0.0002140392750396829,2.1619593421954104e-15,0.0
212.26931498279637,0.0002169351534170995,2.159657445590726e-15,0.0
212.30841413825462,0.00013691780674931147,2.1573521532879536e-15,0.0
212.34751329371284,0.0001004820750034321,2.155062002895702e-15,0.0
212.38661244917108,0.0002081481253091833,2.1527346899779542e-15,0.0
212.42571160462933,0.00022164779416690715,2.1504596615236007e-15,0.0
212.46481076008757,0.00013576691275368313,2.1481040732080914e-15,0.0
212.50390991554582,0.00010240599673023886,2.1459003897104087e-15,0.0
212.54300907100406,0.0002031545998553295,2.1435312118452203e-15,0.0
212.5821082264623,0.00022626733082793172,2.1412615672809192e-15,0.0
212.62120738192056,0.00013416333797328377,2.1389803510033197e-15,0.0
212.66030653737877,0.00010189273822519777,2.136701826616222e-15,0.0
212.69940569283702,0.00020083479165640105,2.1344013831328123e-15,0.0
212.73850484829526,0.00022871984790161172,2.1321291834017835e-15,0.0
212.7776040037535,0.00013426337634709652,2.1298933872127952e-15,0.0
212.81670315921176,9.892950161092764e-05,2.1275823859865543e-15,0.0
212.85580231467,0.00020108604897029983,2.1253475810962766e-15,0.0
212.89490147012825,0.00022853851952409733,2.123060868175251e-15,0.0
212.9340006255865,0.0001369122598039929,2.120781632632111e-15,0.0
212.9730997810447,9.475886692968436e-05,2.1185553363901543e-15,0.0
213.01219893650295,0.0002022599643221098,2.1162899008968626e-15,0.0
213.0512980919612,0.00022681817911576323,2.114037803839147e-15,0.0
213.09039724741945,0.00014123635156923907,2.111812304517562e-15,0.0
213.1294964028777,9.113099877776311e-05,2.109541341828261e-15,0.0
213.16859555833594,0.0002024676554256411,2.107322950199296e-15,0.0
213.20769471379418,0.0002253741524789672,2.105076012002791e-15,0.0
213.24679386925243,0.00014548633940780916,2.102805714562582e-15,0.0
213.28589302471065,8.928035883439872e-05,2.100636164515663e-15,0.0
213.3249921801689,0.00020076782596677552,2.0983619141041925e-15,0.0
213.36409133562714,0.00022554723923247185,2.0961627349470923e-15,0.0
213.40319049108538,0.00014829141194277497,2.093949421683197e-15,0.0
213.44228964654363,8.916229197846918e-05,2.091696626121041e-15,0.0
213.48138880200187,0.0001975733463120483,2.0895052377836886e-15,0.0
213.52048795746012,0.00022736658270160672,2.087302212400298e-15,0.0
213.55958711291836,0.00014941569218271744,2.085054523970688e-15,0.0
213.59868626837658,8.962456983081567e-05,2.0828874687012595e-15,0.0
213.63778542383483,0.00019424032107260338,2.080674181790133e-15,0.0
213.67688457929307,0.00022966548425364705,2.0784788088055865e-15,0.0
213.71598373475132,0.00014976884399560652,2.0762825786146303e-15,0.0
213.75508289020956,8.932863215042044e-05,2.0741128446654614e-15,0.0
213.7941820456678,0.00019212291333963662,2.0718836808249645e-15,0.0
213.83328120112606,0.00023099736604034233,2.0697340777628822e-15,0.0
213.8723803565843,0.00015077478510544645,2.067489199777758e-15,0.0
213.91147951204252,8.75860149190448e-05,2.0653808303249463e-15,0.0
213.95057866750076,0.00019164087060051112,2.0631544661928843e-15,0.0
213.989677822959,0.0002306151579818657,2.060970029630059e-15,0.0
214.02877697841726,0.0001534095580063053,2.058790894023592e-15,0.0
214.0678761338755,8.468253597006405e-05,2.0567007912120015e-15,0.0
214.10697528933375,0.00019200778102219758,2.054437756493042e-15,0.0
214.146074444792,0.00022892189788879856,2.052315400434062e-15,0.0
214.18517360025024,0.00015751626825532904,2.050149989803364e-15,0.0
214.22427275570845,8.171624656865546e-05,2.048031252979797e-15,0.0
214.2633719111667,0.00019179888784389839,2.0458266492700534e-15,0.0
214.30247106662495,0.0002272259364246444,2.043688191199595e-15,0.0
214.3415702220832,0.00016192195550577453,2.0415132635950124e-15,0.0
214.38066937754144,8.002398639069853e-05,2.0394258604339434e-15,0.0
214.41976853299968,0.000189861787812168,2.037239861913049e-15,0.0
214.45886768845793,0.00022695482978910632,2.0351459871592632e-15,0.0
214.49796684391617,0.00016520211771227025,2.03297101399233e-15,0.0
214.53706599937442,8.037128068863925e-05,2.030855282499824e-15,0.0
214.57616515483264,0.00018596337207859345,2.028701260623667e-15,0.0
214.61526431029088,0.00022876315639698514,2.026587632530256e-15,0.0
214.65436346574913,0.00016648033096799766,2.024466955890185e-15,0.0
214.69346262120737,8.243853439873814e-05,2.0223637799054453e-15,0.0
214.73256177666562,0.0001809136127309351,2.0202640363108295e-15,0.0
214.77166093212386,0.0002321183117816178,2.0180816643314514e-15,0.0
214.8107600875821,0.0001658481753281534,2.016048711768218e-15,0.0
214.84985924304036,8.506852860744306e-05,2.0138286592599424e-15,0.0
214.88895839849857,0.00017618650449283384,2.011811630266463e-15,0.0
214.92805755395682,0.00023563322850694168,2.009714054048191e-15,0.0
214.96715670941506,0.00016432541258200193,2.0075684116503896e-15,0.0
215.0062558648733,8.696876743996786e-05,2.005442999143938e-15,0.0
215.04535502033156,0.00017319957299416483,2.003442560888103e-15,0.0
215.0844541757898,0.00023782709175844088,2.0012717847416867e-15,0.0
215.12355333124805,0.00016342202751921036,1.999215076716152e-15,0.0
215.1626524867063,8.7259064711061e-05,1.9971138724605648e-15,0.0
215.2017516421645,0.00017258399128538177,1.9950594869139456e-15,0.0
215.24085079762276,0.000237790631994328,1.9929695019199752e-15,0.0
215.279949953081,0.0001644506785950476,1.9908701523701045e-15,0.0
215.31904910853925,8.567883993628807e-05,1.9888026375380063e-15,0.0
215.3581482639975,0.00017388128183985934,1.9867526135101696e-15,0.0
215.39724741945574,0.0002354909641221581,1.9846720920064795e-15,0.0
215.43634657491398,0.00016790001794110036,1.982569871192342e-15,0.0
215.47544573037223,8.258046857092537e-05,1.9805672973223247e-15,0.0
215.51454488583045,0.000175835594367259,1.9784480084831495e-15,0.0
215.5536440412887,0.00023173351546939536,1.9764509628179494e-15,0.0
215.59274319674694,0.00017323338464158934,1.9743363363003803e-15,0.0
215.63184235220518,7.883832235604613e-05,1.972302659120679e-15,0.0
215.67094150766343,0.00017698797365862349,1.9702625838270783e-15,0.0
215.71004066312167,0.00022788921032224248,1.9682350527353652e-15,0.0
215.74913981857992,0.0001791864061165149,1.9661789396528e-15,0.0
215.78823897403817,7.569782135686383e-05,1.96415327282626e-15,0.0
215.82733812949638,0.00017618160589420834,1.9620822307675097e-15,0.0
215.86643728495463,0.00022546511025273248,1.9600680912774654e-15,0.0
215.90553644041287,0.00018428003962328674,1.9580669776837175e-15,0.0
215.94463559587112,7.447231995401282e-05,1.9560022152115013e-15,0.0
215.98373475132937,0.00017285309686106173,1.95397232253977e-15,0.0
216.0228339067876,0.00022557612356834627,1.9519647999484292e-15,0.0
216.06193306224586,0.0001872697401951062,1.949966409930703e-15,0.0
216.1010322177041,7.600748112051502e-05,1.9479103365756764e-15,0.0
216.14013137316232,0.0001671918841387294,1.9459269194152235e-15,0.0
216.17923052862056,0.00022844782705339675,1.9438518998703695e-15,0.0
216.2183296840788,0.00018747966832327178,1.9419298259840275e-15,0.0
216.25742883953706,8.015798318318867e-05,1.939878523262238e-15,0.0
216.2965279949953,0.00016023548858025527,1.9378774263702292e-15,0.0
216.33562715045355,0.00023318428394078565,1.935881633755973e-15,0.0
216.3747263059118,0.00018508263213139238,1.93389749105501e-15,0.0
216.41382546137004,8.575544262508229e-05,1.9318590326080617e-15,0.0
216.45292461682826,0.00015380930423531313,1.9299079139701687e-15,0.0
216.4920237722865,0.0002379800234537709,1.927899529731839e-15,0.0
216.53112292774475,0.00018130754982234433,1.9259115490888506e-15,0.0
216.570222083203,9.10852941183274e-05,1.9239637870503015e-15,0.0
216.60932123866124,0.0001500447140744827,1.9219245143211353e-15,0.0
216.64842039411948,0.00024072562751620876,1.9199607860186557e-15,0.0
216.68751954957773,0.00017836398267683158,1.9179911415439617e-15,0.0
216.72661870503597,9.445384350258362e-05,1.9159900376439665e-15,0.0
216.7657178604942,0.00015031966972147326,1.914072672852301e-15,0.0
216.80481701595244,0.00023978976884707261,1.9120572041503667e-15,0.0
216.84391617141068,0.00017872609384378803,1.910104043829633e-15,0.0
216.88301532686893,9.46342968634152e-05,1.9081315650260263e-15,0.0
216.92211448232717,0.00015417759320656186,1.9061998608682394e-15,0.0
216.96121363778542,0.00023476416597342578,1.904220650766726e-15,0.0
217.00031279324367,0.00018373788997670947,1.902287453204218e-15,0.0
217.0394119487019,9.12525136703086e-05,1.9003022115048675e-15,0.0
217.07851110416013,0.00015928184566779067,1.8983675338119307e-15,0.0
217.11761025961837,0.00022698117772203876,1.8964134835350764e-15,0.0
217.15670941507662,0.00019246150760442992,1.8945039645500566e-15,0.0
217.19580857053487,8.520198319304403e-05,1.8925399177831807e-15,0.0
217.2349077259931,0.00016252509215813709,1.8905977239054926e-15,0.0
217.27400688145136,0.00021949825032602113,1.8886489995866264e-15,0.0
217.3131060369096,0.00020192859234146574,1.886736584036539e-15,0.0
217.35220519236785,7.90253928524144e-05,1.8848208173394944e-15,0.0
217.3913043478261,0.0001613719841205562,1.88287103225969e-15,0.0
217.4304035032843,0.00021605884468582344,1.8809557242189666e-15,0.0
217.46950265874256,0.00020858396778005852,1.8790439518535683e-15,0.0
217.5086018142008,7.661013306551397e-05,1.8770994893639318e-15,0.0
217.54770096965905,0.00015482463243380297,1.8751774762248232e-15,0.0
217.5868001251173,0.00021892470097666485,1.8732809541377606e-15,0.0
217.62589928057554,0.0002098308035046615,1.8713608476093128e-15,0.0
217.66499843603378,8.085014641664718e-05,1.8694404154063393e-15,0.0
217.70409759149203,0.00014400519082618932,1.867530984719787e-15,0.0
217.74319674695025,0.00022700394113732027,1.865658741982984e-15,0.0
217.7822959024085,0.0002051258423950575,1.8637436263898e-15,0.0
217.82139505786674,9.07016597818347e-05,1.861836298653282e-15,0.0
217.86049421332498,0.00013236378517769107,1.8599563197910917e-15,0.0
217.89959336878323,0.00023625543546094654,1.8580489898056173e-15,0.0
217.93869252424147,0.00019657456904107493,1.856144244101481e-15,0.0
217.97779167969972,0.0001020595319940112,1.8542603636554495e-15,0.0
218.01689083515797,0.0001249193744918174,1.8524028915150683e-15,0.0
218.05598999061618,0.00024196563900799834,1.8505145149672182e-15,0.0
218.09508914607443,0.0001887618864756347,1.8485930267602644e-15,0.0
218.13418830153267,0.0001107052071779019,1.8467538993863794e-15,0.0
218.17328745699092,0.0001254109593997946,1.8448319371942297e-15,0.0
218.21238661244917,0.00024094302661394087,1.8429761423016063e-15,0.0
218.2514857679074,0.00018697975994032864,1.8411407717672445e-15,0.0
218.29058492336566,0.00011381352225315368,1.8392310902609768e-15,0.0
218.3296840788239,0.00013284898426417822,1.837383139797853e-15,0.0
218.36878323428212,0.00023279329274073933,1.8355185393833713e-15,0.0
218.40788238974037,0.00019369280544093313,1.833657095901078e-15,0.0
218.4469815451986,0.00011043050736113744,1.8317823733545584e-15,0.0
218.48608070065686,0.00014216151506715554,1.8299230417709823e-15,0.0
218.5251798561151,0.00022037789917046612,1.8280863864785355e-15,0.0
218.56427901157335,0.00020628299373762343,1.8262362496648995e-15,0.0
218.6033781670316,0.00010184523497005264,1.8243952878625923e-15,0.0
218.64247732248984,0.00014794502874068013,1.8225218144969035e-15,0.0
218.68157647794806,0.0002092724421724678,1.820704810323171e-15,0.0
218.7206756334063,0.00021895062846165097,1.8188557920437636e-15,0.0
218.75977478886455,9.203856061025073e-05,1.8169840535559872e-15,0.0
218.7988739443228,0.00014686123621683673,1.815230295292417e-15,0.0
218.83797309978104,0.00020536295150021697,1.8133293578362243e-15,0.0
218.87707225523928,0.000226279606284875,1.811480887679502e-15,0.0
218.91617141069753,8.729040971843968e-05,1.809709996585306e-15,0.0
218.95527056615578,0.00013833000637109558,1.8078645948486224e-15,0.0
218.994369721614,0.00021076069538560264,1.8060687700745446e-15,0.0
219.03346887707224,0.0002254853653151056,1.8041652379526432e-15,0.0
219.07256803253048,9.225717842653838e-05,1.8023901576818893e-15,0.0
219.11166718798873,0.00012469392037814096,1.8005801992787442e-15,0.0
219.15076634344697,0.00022184496197584855,1.7987476772066624e-15,0.0
219.18986549890522,0.00021730228742534267,1.796952057355129e-15,0.0
219.22896465436347,0.00010486516633760395,1.795165766152637e-15,0.0
219.2680638098217,0.00011116112626877266,1.7933067144448586e-15,0.0
219.30716296527993,0.0002320499888385933,1.791511579738541e-15,0.0
219.34626212073817,0.00020604078483336865,1.7897396245573944e-15,0.0
219.38536127619642,0.00011869986332157891,1.7878772145000404e-15,0.0
219.42446043165467,0.00010438294629974887,1.7861404581845528e-15,0.0
219.4635595871129,0.00023587988020475252,1.7843089818408434e-15,0.0
219.50265874257116,0.0001983672822062228,1.7825427426494145e-15,0.0
219.5417578980294,0.00012816962759784755,1.7807545111359735e-15,0.0
219.58085705348765,0.00010770400316527476,1.7789255208507154e-15,0.0
219.61995620894587,0.00023108557415078712,1.7771732665911284e-15,0.0
219.6590553644041,0.0001997459811653081,1.775346806208924e-15,0.0
219.69815451986236,0.00013027363802191124,1.7736182697634848e-15,0.0
219.7372536753206,0.00011743826896072595,1.7718322907528047e-15,0.0
219.77635283077885,0.00021930137156510822,1.7700309642340353e-15,0.0
219.8154519862371,0.00021011871007615285,1.768283316423081e-15,0.0
219.85455114169534,0.00012483546939177564,1.7665111938333053e-15,0.0
219.89365029715358,0.00012669757409244388,1.7647669429631568e-15,0.0
219.9327494526118,0.00020574843653020075,1.7629893471853545e-15,0.0
219.97184860807005,0.00022389926461884068,1.7611734925794972e-15,0.0
220.0109477635283,0.0001147151207584328,1.7595034085673589e-15,0.0
220.05004691898654,0.00013027711480737377,1.7576626706843104e-15,0.0
220.08914607444478,0.00019743710868318288,1.7559584886294217e-15,0.0
220.12824522990303,0.00023424567401553097,1.7541658330870599e-15,0.0
220.16734438536128,0.00010584804930403916,1.7524442979204555e-15,0.0
220.20644354081952,0.00012599053380444244,1.7506672084671616e-15,0.0
220.24554269627777,0.00019901337934318553,1.7489519898811494e-15,0.0
220.28464185173598,0.000236641047247449,1.7471811853100347e-15,0.0
220.32374100719423,0.00010517396260212166,1.7454385513090903e-15,0.0
220.36284016265247,0.00011459987798448047,1.7437073457143384e-15,0.0
220.40193931811072,0.00020889907762185634,1.7419578385596145e-15,0.0
220.44103847356897,0.00023030194753305197,1.740228253686161e-15,0.0
220.4801376290272,0.00011486273059412296,1.7385045066277803e-15,0.0
220.51923678448546,9.97608667519216e-05,1.736747058130356e-15,0.0
220.5583359399437,0.00022066617226735655,1.7350720042672271e-15,0.0
220.59743509540192,0.00021838647966396273,1.7332950717629257e-15,0.0
220.63653425086017,0.00012997572336020287,1.7315746749650229e-15,0.0
220.6756334063184,8.787199357978235e-05,1.729861546279056e-15,0.0
220.71473256177666,0.00022770887107108963,1.7281222390182322e-15,0.0
220.7538317172349,0.00020724072906225761,1.726411922566988e-15,0.0
220.79293087269315,0.00014358374251945873,1.7246931534073276e-15,0.0
220.8320300281514,8.557436295129953e-05,1.7229924275742695e-15,0.0
220.87112918360964,0.00022626726517706956,1.7212800906209466e-15,0.0
220.91022833906786,0.00020373378171097527,1.719575005746948e-15,0.0
220.9493274945261,0.0001508352904712758,1.7178490699411467e-15,0.0
220.98842664998435,9.341404488192082e-05,1.7161331510153383e-15,0.0
221.0275258054426,0.00021629769085632894,1.7145101911437802e-15,0.0
221.06662496090084,0.00021065134120863279,1.7127465269975604e-15,0.0
221.10572411635908,0.0001498248511386934,1.7110398431494695e-15,0.0
221.14482327181733,0.00010515573472593961,1.7093794219303713e-15,0.0
221.18392242727558,0.0002013596604573259,1.7076568246096294e-15,0.0
221.2230215827338,0.00022442247864664727,1.7059832044208122e-15,0.0
221.26212073819204,0.0001415976186024952,1.7042713420332526e-15,0.0
221.30121989365028,0.00011433528488985866,1.7025747801398204e-15,0.0
221.34031904910853,0.00018771028203516834,1.7009315680400385e-15,0.0
221.37941820456678,0.00023825142973405458,1.699258023342975e-15,0.0
221.41851736002502,0.00013009733430851492,1.697550730001123e-15,0.0
221.45761651548327,0.00011731040753509337,1.6958826801626909e-15,0.0
221.4967156709415,0.00018172079529483592,1.6942458116384194e-15,0.0
221.53581482639973,0.00024642755797793666,1.6924898282532794e-15,0.0
221.57491398185797,0.00012155457837821653,1.6908849405946184e-15,0.0
221.61401313731622,0.00011309792819895313,1.6891661048469769e-15,0.0
221.65311229277447,0.00018566447195984216,1.687551507546126e-15,0.0
221.6922114482327,0.00024634970560230253,1.6858616264523508e-15,0.0
221.73131060369096,0.00012166615499953511,1.6841440509790342e-15,0.0
221.7704097591492,0.00010286598186107545,1.682576431005744e-15,0.0
221.80950891460745,0.0001959509587484029,1.680910057399549e-15,0.0
221.84860807006567,0.000238818789477128,1.6791993964114825e-15,0.0
221.8877072255239,0.0001309811848239559,1.6775704611972979e-15,0.0
221.92680638098216,8.963560317372493e-05,1.6758878812248498e-15,0.0
221.9659055364404,0.0002063774499132052,1.6742880766844527e-15,0.0
222.00500469189865,0.00022751668231895457,1.6726458184160648e-15,0.0
222.0441038473569,0.00014464988289708354,1.670944781511991e-15,0.0
222.08320300281514,7.79750371048307e-05,1.6693385370558809e-15,0.0
222.12230215827338,0.00021206235150258746,1.6676971122196765e-15,0.0
222.1614013137316,0.00021770321959310862,1.6660719589041644e-15,0.0
222.20050046918985,0.00015695953933532166,1.6643984062551855e-15,0.0
222.2395996246481,7.262393631835638e-05,1.6628086452277536e-15,0.0
222.27869878010634,0.00021099402824390035,1.661113861944616e-15,0.0
222.31779793556458,0.00021386097793991965,1.6595748245255613e-15,0.0
222.35689709102283,0.0001643082264076177,1.6578894968702812e-15,0.0
222.39599624648108,7.499739413434585e-05,1.6562714386559673e-15,0.0
222.43509540193932,0.0002039771829516849,1.654689176478136e-15,0.0
222.47419455739754,0.00021713493238185023,1.6530106924418395e-15,0.0
222.51329371285578,0.00016569842293842483,1.6514652915580504e-15,0.0
222.55239286831403,8.17456711864195e-05,1.6497685584218688e-15,0.0
222.59149202377228,0.00019393014876381147,1.648177227907184e-15,0.0
222.63059117923052,0.00022489872656655092,1.6466096796934832e-15,0.0
222.66969033468877,0.0001623779262789511,1.6449228365095567e-15,0.0
222.708789490147,8.839150298242951e-05,1.6434098740574895e-15,0.0
222.74788864560526,0.0001846982739105506,1.6417111346184755e-15,0.0
222.78698780106347,0.00023297348126714198,1.6401352801479293e-15,0.0
222.82608695652172,0.00015716678879267701,1.6385361772779247e-15,0.0
222.86518611197997,9.216538628113212e-05,1.636961200274322e-15,0.0
222.9042852674382,0.00017937090726167517,1.6352885926355575e-15,0.0
222.94338442289646,0.00023810355792296372,1.6337644481149091e-15,0.0
222.9824835783547,0.00015335580753286646,1.6321588506949191e-15,0.0
223.02158273381295,9.22287828226413e-05,1.6305171443886315e-15,0.0
223.0606818892712,0.00017874132961046382,1.628987168179153e-15,0.0
223.09978104472944,0.0002390609218127704,1.6273643189511208e-15,0.0
223.13888020018766,0.00015319980135960326,1.6257599197626689e-15,0.0
223.1779793556459,8.917258125430624e-05,1.6242378875245542e-15,0.0
223.21707851110415,0.00018117548808720368,1.6225584444527605e-15,0.0
223.2561776665624,0.00023656470887755627,1.6211052414821425e-15,0.0
223.29527682202064,0.0001568105804437015,1.6194101541738096e-15,0.0
223.33437597747889,8.449827905449479e-05,1.6179219495277965e-15,0.0
223.37347513293713,0.00018404606416813155,1.6163167049416537e-15,0.0
223.41257428839538,0.0002325486407301338,1.614770719207265e-15,0.0
223.4516734438536,0.0001624740063721685,1.6131371921596516e-15,0.0
223.49077259931184,8.003850245074096e-05,1.6116239388911235e-15,0.0
223.52987175477008,0.00018533164562275017,1.610020533991761e-15,0.0
223.56897091022833,0.00022910781433881875,1.6085011091795878e-15,0.0
223.60807006568658,0.00016804579235793222,1.606899276713678e-15,0.0
223.64716922114482,7.722404072831915e-05,1.6053709080096307e-15,0.0
223.68626837660307,0.00018435426452142233,1.603767594011972e-15,0.0
223.7253675320613,0.0002274869541060337,1.6022723829216776e-15,0.0
223.76446668751953,0.00017215479121585498,1.600693519196377e-15,0.0
223.80356584297778,7.642359848487758e-05,1.5990893883104375e-15,0.0
223.84266499843602,0.00018168224588327363,1.597630049003928e-15,0.0
223.88176415389427,0.00022760886825573385,1.5960717436028502e-15,0.0
223.9208633093525,0.0001746282217423385,1.5944580362233243e-15,0.0
223.95996246481076,7.689912834760767e-05,1.5929270099301296e-15,0.0
223.999061620269,0.00017853483000856646,1.591455754904774e-15,0.0
224.03816077572725,0.0002284183643217438,1.5898298321103365e-15,0.0
224.07725993118547,0.00017626280767096922,1.588342223141791e-15,0.0
224.1163590866437,7.747847204417495e-05,1.5868337113764738e-15,0.0
224.15545824210196,0.00017597887108794895,1.5852584468552588e-15,0.0
224.1945573975602,0.00022874904349064204,1.5837641283482958e-15,0.0
224.23365655301845,0.0001781827638187135,1.5822003499286038e-15,0.0
224.2727557084767,7.735545794849684e-05,1.5806573342257774e-15,0.0
224.31185486393494,0.00017426028419085092,1.5791453566220058e-15,0.0
224.35095401939319,0.00022813307636997845,1.577644717471767e-15,0.0
224.3900531748514,0.00018105583509134748,1.5761462169218455e-15,0.0
224.42915233030965,7.655812685165226e-05,1.574571099180631e-15,0.0
224.4682514857679,0.00017263844788836203,1.5730697812275691e-15,0.0
224.50735064122614,0.00022715674244343695,1.5715642006086096e-15,0.0
224.54644979668439,0.00018456271340092846,1.570043742382966e-15,0.0
224.58554895214263,7.602504795805282e-05,1.5685458447934786e-15,0.0
224.62464810760088,0.0001698248289373004,1.5670443512798721e-15,0.0
224.66374726305912,0.00022721833026476753,1.5654921458369037e-15,0.0
224.70284641851734,0.00018745138464312455,1.564037561661465e-15,0.0
224.74194557397558,7.723077031470232e-05,1.5624878541732324e-15,0.0
224.78104472943383,0.0001647531069880826,1.5609880983610595e-15,0.0
224.82014388489208,0.00022972286017925074,1.5595051992204664e-15,0.0
224.85924304035032,0.00018814063673303294,1.5579982184348656e-15,0.0
224.89834219580857,8.129084957887434e-05,1.556571111658032e-15,0.0
224.9374413512668,0.00015732500574943073,1.5549945081255204e-15,0.0
224.97654050672506,0.0002350516325183218,1.5535240226885213e-15,0.0
225.01563966218328,0.00018554901682147766,1.5520391186600559e-15,0.0
225.05473881764152,8.803460588971395e-05,1.5505210377334859e-15,0.0
225.09383797309977,0.00014890872041017656,1.5491329355223812e-15,0.0
225.132937128558,0.00024197119535469488,1.5474670278252645e-15,0.0
225.17203628401626,0.00017986160911497544,1.5461167561284408e-15,0.0
225.2111354394745,9.591192992262634e-05,1.5446125658519828e-15,0.0
225.25023459493275,0.00014233091320997417,1.5431646504694972e-15,0.0
225.289333750391,0.00024794288496739946,1.5416040163501555e-15,0.0
225.3284329058492,0.0001730414539684806,1.540159143054142e-15,0.0
225.36753206130746,0.00010269864292582964,1.5387073244105274e-15,0.0
225.4066312167657,0.00014083702598683407,1.537207847407559e-15,0.0
225.44573037222395,0.0002501116443196409,1.535780388976049e-15,0.0
225.4848295276822,0.00016871144715516247,1.5342566832127554e-15,0.0
225.52392868314044,0.00010626024123687871,1.5328152368139791e-15,0.0
225.56302783859869,0.000145921827751139,1.5313591539841752e-15,0.0
225.60212699405693,0.0002464241967892479,1.5299176148005888e-15,0.0
225.64122614951515,0.00017071437878788567,1.5284102714496186e-15,0.0
225.6803253049734,0.0001050605267216964,1.5269662005605099e-15,0.0
225.71942446043164,0.00015582432365953636,1.5255626925976115e-15,0.0
225.75852361588989,0.0002365447708396018,1.5240237501807988e-15,0.0
225.79762277134813,0.000180479579009856,1.5226049421312766e-15,0.0
225.83672192680638,9.852569548649014e-05,1.5211440180743477e-15,0.0
225.87582108226462,0.0001664931660636911,1.5197421947467933e-15,0.0
225.91492023772287,0.0002224685061515261,1.5182429899261244e-15,0.0
225.9540193931811,0.00019559780446033728,1.5167923226310459e-15,0.0
225.99311854863933,8.744074870260447e-05,1.5153774281506825e-15,0.0
226.03221770409758,0.00017370082071627618,1.5139723748700458e-15,0.0
226.07131685955582,0.00020861824266592188,1.5124761728650085e-15,0.0
226.11041601501407,0.00021126845119782059,1.5110495871032225e-15,0.0
226.1495151704723,7.456996587509636e-05,1.5096219721458718e-15,0.0
226.18861432593056,0.00017446679680176592,1.5081770203388528e-15,0.0
226.2277134813888,0.00020070201082879316,1.5067614308479205e-15,0.0
226.26681263684705,0.0002227323988680222,1.5053222211064857e-15,0.0
226.30591179230527,6.539083240978345e-05,1.5038615388995208e-15,0.0
226.3450109477635,0.0001676755279194776,1.502512006247187e-15,0.0
226.38411010322176,0.00020261132729598142,1.5009816222831353e-15,0.0
226.42320925868,0.00022684969682294868,1.4996346852242566e-15,0.0
226.46230841413825,6.627240045587663e-05,1.4981488483820373e-15,0.0
226.5014075695965,0.00015433706515131503,1.496796806412437e-15,0.0
226.54050672505474,0.00021328112894250612,1.495337083305436e-15,0.0
226.579605880513,0.00022283197543511232,1.4939439354032101e-15,0.0
226.6187050359712,7.745167392592644e-05,1.4925139877318355e-15,0.0
226.65780419142945,0.00013769050322819915,1.4910961245481805e-15,0.0
226.6969033468877,0.00022737820275179027,1.4896981172061604e-15,0.0
226.73600250234594,0.0002125236531741487,1.4882924530832813e-15,0.0
226.77510165780419,9.270159502909401e-05,1.4868813901767687e-15,0.0
226.81420081326243,0.00012291908288709303,1.4854410126353322e-15,0.0
226.85329996872068,0.00023890621488316459,1.4840708027429728e-15,0.0
226.89239912417892,0.00020021307511821303,1.4826335417018212e-15,0.0
226.93149827963714,0.00010616568713467048,1.4813082557503177e-15,0.0
226.97059743509539,0.00011541556343192223,1.4798270913412374e-15,0.0
227.00969659055363,0.00024391128855616066,1.478485001059745e-15,0.0
227.04879574601188,0.00019143227918665118,1.477033659884103e-15,0.0
227.08789490147012,0.0001145371995857214,1.4756859072056526e-15,0.0
227.12699405692837,0.00011694681273693759,1.474341308401803e-15,0.0
227.1660932123866,0.000241432361296642,1.4728474304409227e-15,0.0
227.20519236784486,0.0001902051789700465,1.4714699953054464e-15,0.0
227.24429152330308,0.00011676986999293542,1.470147442192419e-15,0.0
227.28339067876132,0.0001238362796149852,1.468776026455094e-15,0.0
227.32248983421957,0.0002334368611821581,1.4673229885366204e-15,0.0
227.3615889896778,0.00019624191588088957,1.4659412828376815e-15,0.0
227.40068814513606,0.00011383891171173141,1.4645604117026401e-15,0.0
227.4397873005943,0.0001304719434333217,1.4632449750382327e-15,0.0
227.47888645605255,0.00022399756860825367,1.4618488061094975e-15,0.0
227.5179856115108,0.00020535852777134938,1.460430697948088e-15,0.0
227.557084766969,0.0001085297899316379,1.4590771765820893e-15,0.0
227.59618392242726,0.00013304338027627505,1.4577567961995372e-15,0.0
227.6352830778855,0.00021749612491151217,1.4563178295854e-15,0.0
227.67438223334375,0.0002127471511869804,1.4549532621350523e-15,0.0
227.713481388802,0.00010466125036432631,1.453634252590497e-15,0.0
227.75258054426024,0.0001305952486057103,1.452290249836279e-15,0.0
227.7916796997185,0.0002161591933723208,1.450878414640864e-15,0.0
227.83077885517673,0.0002156768309054193,1.4494885565120435e-15,0.0
227.86987801063495,0.00010513243146699476,1.448150792436573e-15,0.0
227.9089771660932,0.00012473941369917996,1.446809205664637e-15,0.0
227.94807632155144,0.0002186858532060942,1.4454011557351596e-15,0.0
227.98717547700969,0.0002143928417132984,1.4441708441832744e-15,0.0
228.02627463246793,0.00010977746996566147,1.442704793805225e-15,0.0
228.06537378792618,0.00011875729733555703,1.4413480050975525e-15,0.0
228.10447294338442,0.00022148303943270961,1.4400649772098708e-15,0.0
228.14357209884267,0.00021163129077615155,1.4386525573300586e-15,0.0
228.18267125430089,0.00011564591979514865,1.4373645820833465e-15,0.0
228.22177040975913,0.00011584754031373908,1.4359889521103144e-15,0.0
228.26086956521738,0.00022130149228760928,1.434628266364247e-15,0.0
228.29996872067562,0.00021095882577713303,1.4333480105998065e-15,0.0
228.33906787613387,0.00011942571906197106,1.4319462840348332e-15,0.0
228.3781670315921,0.00011689124828172548,1.4306574693546127e-15,0.0
228.41726618705036,0.00021715748685416825,1.4292829628082321e-15,0.0
228.4563653425086,0.00021436952109290755,1.4279794138032452e-15,0.0
228.49546449796682,0.00011940502113633045,1.4266249773509755e-15,0.0
228.53456365342507,0.00011976955304188198,1.4252899940965588e-15,0.0
228.5736628088833,0.0002108236308818987,1.4239836541589264e-15,0.0
228.61276196434156,0.0002207624418027836,1.4225814918288678e-15,0.0
228.6518611197998,0.00011624893933648807,1.4213481613022023e-15,0.0
228.69096027525805,0.0001211206698791485,1.4199950050404298e-15,0.0
228.7300594307163,0.00020589623684271876,1.4186646240622659e-15,0.0
228.76915858617454,0.0002267631519281244,1.4173320255208102e-15,0.0
228.8082577416328,0.00011288606321490947,1.4160344307702535e-15,0.0
228.847356897091,0.00011851418362688897,1.4146914165526852e-15,0.0
228.88645605254925,0.00020553218955740742,1.4134088093661815e-15,0.0
228.9255552080075,0.00022902298579654975,1.412082217592846e-15,0.0
228.96465436346574,0.00011314651995178344,1.4107516875270796e-15,0.0
229.003753518924,0.00011158656303447593,1.4094524099457948e-15,0.0
229.04285267438223,0.00021000100328739485,1.4081938969227433e-15,0.0
229.08195182984048,0.0002261715082154174,1.4067923031788104e-15,0.0
229.12105098529872,0.00011896788965443037,1.405553543499673e-15,0.0
229.16015014075694,0.00010232713058497665,1.4042452769604345e-15,0.0
229.19924929621519,0.00021629634914027595,1.402928166129168e-15,0.0
229.23834845167343,0.00021966459042500078,1.4016384265028541e-15,0.0
229.27744760713168,0.00012855807293645492,1.4003308969438054e-15,0.0
229.31654676258992,9.465432637524423e-05,1.399008216997986e-15,0.0
229.35564591804817,0.00022019607443077478,1.397752523697766e-15,0.0
229.3947450735064,0.00021339161263821634,1.3964083569613648e-15,0.0
229.43384422896466,0.00013784912112576705,1.3951388843150153e-15,0.0
229.47294338442288,9.251472922289858e-05,1.3938526321679807e-15,0.0
229.51204253988112,0.00021871089363794104,1.39258250088499e-15,0.0
229.55114169533937,0.00021176683317520803,1.3912490781451932e-15,0.0
229.5902408507976,0.00014314219996144472,1.389984164059326e-15,0.0
229.62934000625586,9.660118931622949e-05,1.3886947982808106e-15,0.0
229.6684391617141,0.00021149394012151608,1.387426003578862e-15,0.0
229.70753831717235,0.000216747216174082,1.3861200677014454e-15,0.0
229.7466374726306,0.00014267380336467433,1.3848333877329678e-15,0.0
229.7857366280888,0.00010354168817040193,1.3835942035513823e-15,0.0
229.82483578354706,0.00020113975024331745,1.3822963947290804e-15,0.0
229.8639349390053,0.00022619923781345446,1.3810108867556474e-15,0.0
229.90303409446355,0.0001372152768520249,1.3797424327513764e-15,0.0
229.9421332499218,0.00010884770465195503,1.3784517481500411e-15,0.0
229.98123240538004,0.00019234896653996453,1.3772327460916186e-15,0.0
230.0203315608383,0.00023542895278577352,1.3758679993572915e-15,0.0
230.05943071629653,0.00013011783444610945,1.3747301034613599e-15,0.0
230.09852987175475,0.00010943255251207383,1.3733012490255418e-15,0.0
230.137629027213,0.00018957772090265378,1.3721601418567476e-15,0.0
230.17672818267124,0.0002400869793574384,1.3708552641220375e-15,0.0
230.2158273381295,0.00012636247054967353,1.3696086857729522e-15,0.0
230.25492649358773,0.00010431568095418641,1.3683273759116216e-15,0.0
230.29402564904598,0.00019392529040175325,1.3670601364562455e-15,0.0
230.33312480450422,0.00023814221938425065,1.3658528660230411e-15,0.0
230.37222395996247,0.00012971917188867344,1.3645340947444544e-15,0.0
230.41132311542069,9.461996250179438e-05,1.3633182265041266e-15,0.0
230.45042227087893,0.00020223389830020163,1.3620665641211173e-15,0.0
230.48952142633718,0.00023056335406401786,1.3608158970660845e-15,0.0
230.52862058179542,0.0001396248774188152,1.3595310779191408e-15,0.0
230.56771973725367,8.346140169091123e-05,1.358335712723042e-15,0.0
230.6068188927119,0.0002095117693882128,1.3570369529500183e-15,0.0
230.64591804817016,0.0002210069894784165,1.3558090052393954e-15,0.0
230.6850172036284,0.00015180747073742048,1.354598587435533e-15,0.0
230.72411635908662,7.54436632380924e-05,1.3533057341691043e-15,0.0
230.76321551454487,0.0002118425599244053,1.3521177379727562e-15,0.0
230.8023146700031,0.0002144023758216216,1.3507981462376085e-15,0.0
230.84141382546136,0.00016159781684891517,1.3496345706485253e-15,0.0
230.8805129809196,7.44011039256628e-05,1.3483889740571302e-15,0.0
230.91961213637785,0.0002077980654802622,1.3470746978405926e-15,0.0
230.9587112918361,0.00021435083175436797,1.3459672403927288e-15,0.0
230.99781044729434,0.00016610207849142365,1.3446135482001964e-15,0.0
231.03690960275256,7.989439287988897e-05,1.343454766147974e-15,0.0
231.0760087582108,0.00019860710862854906,1.3421842666674075e-15,0.0
231.11510791366905,0.00022078235180956113,1.341004898018982e-15,0.0
231.1542070691273,0.00016478315779051584,1.3397347571503582e-15,0.0
231.19330622458554,8.780238489978954e-05,1.3385379235515889e-15,0.0
231.2324053800438,0.00018758149933683488,1.3373319744327865e-15,0.0
231.27150453550203,0.00023024922098840045,1.3360615728333239e-15,0.0
231.31060369096028,0.00015931203209160563,1.3348965089494953e-15,0.0
231.3497028464185,9.413273256549581e-05,1.3336447126654338e-15,0.0
231.38880200187674,0.00017881558767416392,1.3323989866709406e-15,0.0
231.427901157335,0.00023847492082637624,1.3312557841779989e-15,0.0
231.46700031279323,0.00015294713367294986,1.3299966520907963e-15,0.0
231.50609946825148,9.673924925611298e-05,1.3287713223334954e-15,0.0
231.54519862370972,0.00017518949642182085,1.3276045248019069e-15,0.0
231.58429777916797,0.00024258083794960806,1.3263337582835786e-15,0.0
231.62339693462621,0.00014925473422666984,1.3252202142501966e-15,0.0
231.66249609008446,9.523787584381076e-05,1.3239628761856205e-15,0.0
231.70159524554268,0.0001767369187878934,1.3227341782683522e-15,0.0
231.74069440100092,0.00024189089690293916,1.3215668389043358e-15,0.0
231.77979355645917,0.0001502970596421152,1.3203711848898206e-15,0.0
231.8188927119174,9.056846093060524e-05,1.3191715834733775e-15,0.0
231.85799186737566,0.00018098252911465112,1.3179422408520249e-15,0.0
231.8970910228339,0.0002376776694081901,1.3167607500887348e-15,0.0
231.93619017829215,0.0001555364983812038,1.3155362904202806e-15,0.0
231.9752893337504,8.452337668350052e-05,1.31440228193846e-15,0.0
232.0143884892086,0.0001848789138677514,1.3131251763601701e-15,0.0
232.05348764466686,0.00023230878271610037,1.3120044200583939e-15,0.0
232.0925868001251,0.00016262422496968686,1.3107530158586304e-15,0.0
232.13168595558335,7.915935866079387e-05,1.3095720013691576e-15,0.0
232.1707851110416,0.00018641703280757762,1.3083926052177805e-15,0.0
232.20988426649984,0.00022810988592856054,1.307249163798847e-15,0.0
232.2489834219581,0.00016913567945610428,1.3060454409612124e-15,0.0
232.28808257741633,7.603078006724677e-05,1.3048107692634745e-15,0.0
232.32718173287455,0.00018508696995896904,1.3036778507204261e-15,0.0
232.3662808883328,0.0002263761333975608,1.302511911707152e-15,0.0
232.40538004379104,0.00017367158088327055,1.3012800183898222e-15,0.0
232.4444791992493,7.553829538942843e-05,1.3001097665804871e-15,0.0
232.48357835470753,0.00018154132652130345,1.2989901575919303e-15,0.0
232.52267751016578,0.0002270482659328838,1.29776558584025e-15,0.0
232.56177666562402,0.00017600535715997406,1.29660183924993e-15,0.0
232.60087582108227,7.69774284432574e-05,1.2954172872341603e-15,0.0
232.6399749765405,0.00017695347490431974,1.2942644419224874e-15,0.0
232.67907413199873,0.00022917141572626121,1.2930679758732597e-15,0.0
232.71817328745698,0.00017669341090578814,1.2919409607344166e-15,0.0
232.75727244291522,7.92562985589913e-05,1.2907541571807728e-15,0.0
232.79637159837347,0.00017241744843452165,1.289606512716912e-15,0.0
232.83547075383171,0.0002316451349655268,1.288434520153762e-15,0.0
232.87456990928996,0.00017655813091442833,1.2872732666101277e-15,0.0
232.9136690647482,8.153129282868013e-05,1.286119860821792e-15,0.0
232.95276822020642,0.00016862111479966466,1.28493482852349e-15,0.0
232.99186737566467,0.00023369224897733213,1.2837852181431967e-15,0.0
233.0309665311229,0.00017631870923917007,1.2826344830157015e-15,0.0
233.07006568658116,8.335832223569089e-05,1.281478322750878e-15,0.0
233.1091648420394,0.0001658480746642701,1.280317086859722e-15,0.0
233.14826399749765,0.00023490358004807897,1.2791766241841812e-15,0.0
233.1873631529559,0.00017648601866743563,1.2780161946640394e-15,0.0
233.22646230841414,8.453944191227649e-05,1.2768437161253041e-15,0.0
233.26556146387236,0.00016414214127754868,1.2757218743069151e-15,0.0
233.3046606193306,0.00023508114274254366,1.274556919623607e-15,0.0
233.34375977478885,0.00017743419428745385,1.2734377086057052e-15,0.0
233.3828589302471,8.495729477894165e-05,1.2722576611007366e-15,0.0
233.42195808570534,0.0001633969096211097,1.2711550984328628e-15,0.0
233.4610572411636,0.0002341513120836252,1.269940338284818e-15,0.0
233.50015639662183,0.00017943850013905232,1.2688873852218966e-15,0.0
233.53925555208008,8.455525403921509e-05,1.267691954374238e-15,0.0
233.5783547075383,0.00016329662704601735,1.2665972246695527e-15,0.0
233.61745386299654,0.0002322468463689832,1.2654341818126288e-15,0.0
233.6565530184548,0.00018255484252405676,1.2642935660437232e-15,0.0
233.69565217391303,8.345772460060213e-05,1.2631965082236502e-15,0.0
233.73475132937128,0.0001632519806389692,1.262026251693229e-15,0.0
233.77385048482952,0.00022984479613159854,1.2609105750714806e-15,0.0
233.81294964028777,0.00018644038384887633,1.2598025753347214e-15,0.0
233.85204879574601,8.210686352465403e-05,1.2586662911073636e-15,0.0
233.89114795120423,0.0001625106123699157,1.257486792135112e-15,0.0
233.93024710666248,0.00022774969025764216,1.256422879313463e-15,0.0
233.96934626212072,0.00019034200860331622,1.2552936686115609e-15,0.0
234.00844541757897,8.124810160714223e-05,1.2541469687093394e-15,0.0
234.04754457303721,0.00016045811720917283,1.2530245154065793e-15,0.0
234.08664372849546,0.00022679674683694832,1.2519233161860956e-15,0.0
234.1257428839537,0.00019336287076174928,1.2507881252560507e-15,0.0
234.16484203941195,8.165015815953864e-05,1.2496837849219065e-15,0.0
234.20394119487017,0.00015694993139475335,1.2485506247877373e-15,0.0
234.2430403503284,0.00022738622661064891,1.2474965231427537e-15,0.0
234.28213950578666,0.00019488557530261441,1.2463002784731553e-15,0.0
234.3212386612449,8.365237666907433e-05,1.2452229990099214e-15,0.0
234.36033781670315,0.0001524703986660588,1.244116415772858e-15,0.0
234.3994369721614,0.0002291794205086965,1.2430012558754803e-15,0.0
234.43853612761964,0.00019490981251276348,1.241928414905664e-15,0.0
234.4776352830779,8.689464321676864e-05,1.2407376059927033e-15,0.0
234.51673443853613,0.00014798370936626839,1.2396800121929413e-15,0.0
234.55583359399435,0.0002312331582864554,1.2385707205654066e-15,0.0
234.5949327494526,0.00019410232861815632,1.2374725104718362e-15,0.0
234.63403190491084,9.050514155273515e-05,1.2363559472017981e-15,0.0
234.6731310603691,0.00014448152552176585,1.23527994573565e-15,0.0
234.71223021582733,0.0002325077411818858,1.2341426988038304e-15,0.0
234.75132937128558,0.00019348851752225808,1.2330875564283505e-15,0.0
234.79042852674382,9.358547685016827e-05,1.2319595312521464e-15,0.0
234.82952768220207,0.00014244712814798726,1.2308882017850805e-15,0.0
234.8686268376603,0.00023240292737359666,1.2297612529456077e-15,0.0
234.90772599311853,0.0001939115141505675,1.2287318992573652e-15,0.0
234.94682514857678,9.563146569433908e-05,1.2275758889953313e-15,0.0
234.98592430403502,0.00014161685585085585,1.2265260592518886e-15,0.0
235.02502345949327,0.00023099907193339407,1.2254164689721741e-15,0.0
235.06412261495151,0.0001955904627357801,1.2243518493200344e-15,0.0
235.10322177040976,9.668701521352515e-05,1.223222976575899e-15,0.0
235.142320925868,0.00014124673526248011,1.2221706069626903e-15,0.0
235.18142008132622,0.00022889110712940463,1.2210704501425423e-15,0.0
235.22051923678447,0.00019810933435158068,1.219980914982226e-15,0.0
235.25961839224271,9.720452621308415e-05,1.2189149039057835e-15,0.0
235.29871754770096,0.00014065708101368025,1.2178295187427821e-15,0.0
235.3378167031592,0.0002267371743003917,1.2167528525936127e-15,0.0
235.37691585861745,0.00020083835154996685,1.2156615060987484e-15,0.0
235.4160150140757,9.769178898672629e-05,1.2145929012783749e-15,0.0
235.45511416953394,0.00013962380394897086,1.2135044756557034e-15,0.0
235.49421332499216,0.00022482705954782677,1.2124839938065485e-15,0.0
235.5333124804504,0.00020343128652436924,1.2113544228724806e-15,0.0
235.57241163590865,9.834883442292556e-05,1.2103126157497812e-15,0.0
235.6115107913669,0.0001383657118991292,1.2092675262922945e-15,0.0
235.65060994682514,0.00022299232983180776,1.2081396037003446e-15,0.0
235.6897091022834,0.00020601018750001512,1.2071525874997904e-15,0.0
235.72880825774163,9.896510038744797e-05,1.2060043968111886e-15,0.0
235.76790741319988,0.0001371766217829998,1.2049864712392024e-15,0.0
235.8070065686581,0.0002209374619389207,1.203916402093925e-15,0.0
235.84610572411634,0.00020890738715341904,1.2028336367785832e-15,0.0
235.8852048795746,9.919027454195413e-05,1.2018076308112724e-15,0.0
235.92430403503283,0.00013599036665428772,1.2006955790257282e-15,0.0
235.96340319049108,0.00021872940169397832,1.1996815750648376e-15,0.0
236.00250234594932,0.0002121664104899077,1.1986021420565355e-15,0.0
236.04160150140757,9.90002989410074e-05,1.1975383428908212e-15,0.0
236.08070065686582,0.00013423684713230547,1.1965202894615824e-15,0.0
236.11979981232403,0.0002170327462176819,1.195415898134732e-15,0.0
236.15889896778228,0.0002152143128986685,1.1944116333691276e-15,0.0
236.19799812324052,9.902064741681726e-05,1.1932829083813618e-15,0.0
236.23709727869877,0.00013113887143183115,1.1923449316586578e-15,0.0
236.27619643415701,0.00021681773954112727,1.1912384177054954e-15,0.0
236.31529558961526,0.00021701863901145391,1.1901497321859106e-15,0.0
236.3543947450735,0.00010039208447084579,1.1891874484486859e-15,0.0
236.39349390053175,0.00012626951517698295,1.1880885445825046e-15,0.0
236.43259305598997,0.00021863560292918,1.1870313742095437e-15,0.0
236.47169221144821,0.00021667635810917993,1.1860500648699594e-15,0.0
236.51079136690646,0.00010407311342222194,1.1849457312117957e-15,0.0
236.5498905223647,0.00012004500676687236,1.1839409735496795e-15,0.0
236.58898967782295,0.0002219784206480514,1.1828957766412171e-15,0.0
236.6280888332812,0.00021408769012901832,1.1818692768546514e-15,0.0
236.66718798873944,0.00011000041175802761,1.1808241795437453e-15,0.0
236.7062871441977,0.00011386986425155109,1.1797623240096313e-15,0.0
236.7453862996559,0.00022529333540501366,1.178761662879317e-15,0.0
236.78448545511415,0.0002103264331165017,1.1777375662455793e-15,0.0
236.8235846105724,0.00011688974067394852,1.1766909396856468e-15,0.0
236.86268376603064,0.00010968884357103236,1.1756679701187421e-15,0.0
236.9017829214889,0.00022669699725424134,1.174621150753498e-15,0.0
236.94088207694713,0.00020740783290454782,1.1736436083279482e-15,0.0
236.97998123240538,0.00012286226591848353,1.1725688336101792e-15,0.0
237.01908038786362,0.00010888520354218416,1.1715537686238947e-15,0.0
237.05817954332184,0.0002249109907876954,1.1705387131468726e-15,0.0
237.0972786987801,0.00020735131234349494,1.1694991365976064e-15,0.0
237.13637785423833,0.00012632133662760425,1.1684790429126537e-15,0.0
237.17547700969658,0.00011120100095977074,1.167479144778254e-15,0.0
237.21457616515482,0.00021992368904005167,1.1664423111659976e-15,0.0
237.25367532061307,0.00021094159285200186,1.1654170373136332e-15,0.0
237.29277447607132,0.00012659318396244831,1.1643902239264715e-15,0.0
237.33187363152956,0.00011480668525952737,1.1634197950096215e-15,0.0
237.3709727869878,0.00021312228661598395,1.1623268573899638e-15,0.0
237.41007194244602,0.00021713837131199482,1.161343192766231e-15,0.0
237.44917109790427,0.00012421454010860962,1.160355299413384e-15,0.0
237.48827025336251,0.00011745328541669518,1.1592765811324984e-15,0.0
237.52736940882076,0.00020679160026215837,1.1583481120941539e-15,0.0
237.566468564279,0.00022369403618419318,1.1572735439140672e-15,0.0
237.60556771973725,0.00012083267997627708,1.156290014559145e-15,0.0
237.6446668751955,0.00011757329628152314,1.1553175316876084e-15,0.0
237.68376603065374,0.00020304213800187074,1.1542525356614448e-15,0.0
237.72286518611196,0.00022841556670398773,1.1532888850282517e-15,0.0
237.7619643415702,0.0001186065114571967,1.1522692495164484e-15,0.0
237.80106349702845,0.00011475974374474605,1.1512992489695535e-15,0.0
237.8401626524867,0.00020266065218493156,1.1502666247699353e-15,0.0
237.87926180794494,0.00023015870097031145,1.1492852549573996e-15,0.0
237.9183609634032,0.00011913627896803255,1.1482801896515942e-15,0.0
237.95746011886143,0.00010972395572667208,1.1472749639105495e-15,0.0
237.99655927431968,0.00020474774009188922,1.146282910251894e-15,0.0
238.0356584297779,0.00022914731218895721,1.1453171621901524e-15,0.0
238.07475758523614,0.00012254833433325403,1.1442958975337674e-15,0.0
238.1138567406944,0.00010389430524391774,1.1433132682066853e-15,0.0
238.15295589615263,0.00020747572551749495,1.142309238302621e-15,0.0
238.19205505161088,0.00022664167221371517,1.1413454808256724e-15,0.0
238.23115420706912,0.00012761804792253803,1.1403480413221356e-15,0.0
238.27025336252737,9.87483684299648e-05,1.1393356237819036e-15,0.0
238.30935251798562,0.00020926546263960245,1.1383911436062738e-15,0.0
238.34845167344383,0.0002241637573509817,1.1373498056834406e-15,0.0
238.38755082890208,0.00013279990688001579,1.1363944471514802e-15,0.0
238.42664998436032,9.510262991888906e-05,1.135450749757852e-15,0.0
238.46574913981857,0.00020950570925013095,1.1344015203849128e-15,0.0
238.50484829527682,0.00022267350829134359,1.1334391182259395e-15,0.0
238.54394745073506,0.00013716719453021656,1.1324627888374799e-15,0.0
238.5830466061933,9.282041429472702e-05,1.1314759677300793e-15,0.0
238.62214576165155,0.00020852529235882805,1.1305039051221184e-15,0.0
238.66124491710977,0.0002222088758575774,1.1295068604958619e-15,0.0
238.70034407256802,0.0001406765579174346,1.1285624129537923e-15,0.0
238.73944322802626,9.121646307345755e-05,1.1275723503716727e-15,0.0
238.7785423834845,0.00020701799377135415,1.1265709483935322e-15,0.0
238.81764153894275,0.00022223054847868716,1.1256031229273778e-15,0.0
238.856740694401,0.0001438082682757415,1.1246696026800455e-15,0.0
238.89583984985924,8.979038771700503e-05,1.123661116519185e-15,0.0
238.9349390053175,0.00020535880109010343,1.1226964735342443e-15,0.0
238.9740381607757,0.00022234198698481157,1.1217642078015965e-15,0.0
239.01313731623395,0.00014692202568725618,1.1207565547884406e-15,0.0
239.0522364716922,8.86553517485843e-05,1.11979649258337e-15,0.0
239.09133562715044,0.00020329859877566125,1.1188731759800467e-15,0.0
239.1304347826087,0.00022276669978220243,1.1178503037056593e-15,0.0
239.16953393806693,0.00014979879724828958,1.1169261113413096e-15,0.0
239.20863309352518,8.836380863952616e-05,1.1159595381184375e-15,0.0
239.24773224898343,0.0002002617057934972,1.1150240577441615e-15,0.0
239.28683140444164,0.00022419133624243577,1.1139930562419556e-15,0.0
239.3259305598999,0.00015172506885735126,1.1131323760321777e-15,0.0
239.36502971535813,8.928066938348683e-05,1.112101805075227e-15,0.0
239.40412887081638,0.00019600864450891557,1.111173597037296e-15,0.0
239.44322802627462,0.000227074879773696,1.1102244778130992e-15,0.0
239.48232718173287,0.00015206390861619592,1.1092641103288825e-15,0.0
239.52142633719112,9.102313131498975e-05,1.1083111540952987e-15,0.0
239.56052549264936,0.00019115925681123763,1.1073599012225085e-15,0.0
239.59962464810758,0.00023098225952924257,1.1063845383328732e-15,0.0
239.63872380356582,0.00015091260952812105,1.1054592971542239e-15,0.0
239.67782295902407,9.248640167955638e-05,1.1045276364266856e-15,0.0
239.71692211448232,0.0001871389768734862,1.1035601316639771e-15,0.0
239.75602126994056,0.0002345521422539521,1.1025982408672705e-15,0.0
239.7951204253988,0.00014940547304371785,1.1016476074187492e-15,0.0
239.83421958085705,9.242052287563514e-05,1.1007405236622877e-15,0.0
239.8733187363153,0.0001854064737261849,1.0997658303422882e-15,0.0
239.91241789177352,0.00023619122501469992,1.098830720203714e-15,0.0
239.95151704723176,0.00014933710899507638,1.0978964550332006e-15,0.0
239.99061620269,9.010371626878078e-05,1.0969256689060876e-15,0.0
240.02971535814825,0.000186359924357328,1.0960540468830469e-15,0.0
240.0688145136065,0.00023502768483342623,1.0950419853074978e-15,0.0
240.10791366906474,0.00015208770298060016,1.0941207759984212e-15,0.0
240.147012824523,8.579281319229349e-05,1.093218509545871e-15,0.0
240.18611197998123,0.00018882068186855812,1.0922837744767399e-15,0.0
240.22521113543945,0.00023156335390558236,1.0913131256625152e-15,0.0
240.2643102908977,0.00015752271357155826,1.0903843831200934e-15,0.0
240.30340944635594,8.084296808930742e-05,1.0894950742982236e-15,0.0
240.3425086018142,0.00019063036630590158,1.088538053131397e-15,0.0
240.38160775727243,0.00022765157133333694,1.0876147251178263e-15,0.0
240.42070691273068,0.00016390074136510928,1.0866944762491462e-15,0.0
240.45980606818893,7.732695977224124e-05,1.0857296326925892e-15,0.0
240.49890522364717,0.0001898770423780186,1.084841152799245e-15,0.0
240.53800437910542,0.00022563911965236202,1.0839134233220274e-15,0.0
240.57710353456363,0.00016890600306619357,1.0829745172014586e-15,0.0
240.61620269002188,7.692391228025551e-05,1.0820525880940184e-15,0.0
240.65530184548012,0.0001859213045104121,1.0811500671296424e-15,0.0
240.69440100093837,0.00022694196073477638,1.080204734967048e-15,0.0
240.73350015639662,0.00017092403823269853,1.0792831702719496e-15,0.0
240.77259931185486,7.960742921921242e-05,1.0783948677520315e-15,0.0
240.8116984673131,0.00017979141899697348,1.077440810467139e-15,0.0
240.85079762277135,0.0002310091295198948,1.0765367768174282e-15,0.0
240.88989677822957,0.00016985550993401516,1.0756439074754646e-15,0.0
240.92899593368782,8.359037897535268e-05,1.0746729498512195e-15,0.0
240.96809508914606,0.0001738071965808876,1.0738228309169966e-15,0.0
241.0071942446043,0.00023561572699655687,1.0728655677140182e-15,0.0
241.04629340006255,0.0001672534104677068,1.0719655744601726e-15,0.0
241.0853925555208,8.660834730360391e-05,1.071053383514922e-15,0.0
241.12449171097904,0.0001703933095365075,1.0701478405174173e-15,0.0
241.1635908664373,0.00023824465801771833,1.069257108306988e-15,0.0
241.2026900218955,0.00016566789711767855,1.0683340287720303e-15,0.0
241.24178917735375,8.711330181713398e-05,1.067418321019238e-15,0.0
241.280888332812,0.00017052325828510533,1.0665210941160007e-15,0.0
241.31998748827024,0.00023748976311774105,1.0656119301143071e-15,0.0
241.3590866437285,0.00016721817706925115,1.0647419397095758e-15,0.0
241.39818579918673,8.479606134266496e-05,1.063801261394532e-15,0.0
241.43728495464498,0.00017299375721920035,1.0629147381075354e-15,0.0
241.47638411010323,0.00023375910506301346,1.0620290128433898e-15,0.0
241.51548326556144,0.00017214651853390437,1.0611094918606118e-15,0.0
241.5545824210197,8.06671836816438e-05,1.0602239083218812e-15,0.0
241.59368157647793,0.00017527564180416102,1.0592976233880997e-15,0.0
241.63278073193618,0.00022908835318869732,1.058467958534251e-15,0.0
241.67187988739443,0.00017864446879594644,1.0574874273720328e-15,0.0
241.71097904285267,7.678172741767675e-05,1.0566706476789836e-15,0.0
241.75007819831092,0.0001751093475982267,1.055699739883132e-15,0.0
241.78917735376916,0.0002260872592065185,1.0548740810650833e-15,0.0
241.82827650922738,0.00018412046151402713,1.053933874201264e-15,0.0
241.86737566468562,7.535671977652292e-05,1.0530421229874956e-15,0.0
241.90647482014387,0.00017165180821353628,1.0521781527619683e-15,0.0
241.94557397560212,0.00022638694453378883,1.051272883453977e-15,0.0
241.98467313106036,0.00018672299795789794,1.0503934742883949e-15,0.0
242.0237722865186,7.732700054619652e-05,1.0494931273673677e-15,0.0
242.06287144197685,0.00016578977206018936,1.048600018875864e-15,0.0
242.1019705974351,0.00022958213104333597,1.0477520766778844e-15,0.0
242.14106975289332,0.00018620324164489316,1.0468477283080646e-15,0.0
242.18016890835156,8.161214566859241e-05,1.045954732433937e-15,0.0
242.2192680638098,0.00015967903136919332,1.0450607944998753e-15,0.0
242.25836721926805,0.00023357896857578763,1.0442104895218903e-15,0.0
242.2974663747263,0.0001839531239363047,1.043332790494449e-15,0.0
242.33656553018454,8.60465370223119e-05,1.042429627824898e-15,0.0
242.3756646856428,0.00015560639369731726,1.0415729198748696e-15,0.0
242.41476384110103,0.00023600803670413076,1.0407036851094182e-15,0.0
242.45386299655925,0.00018227480142375704,1.0397922975082137e-15,0.0
242.4929621520175,8.879212576150218e-05,1.0389491300330152e-15,0.0
242.53206130747574,0.00015460138579437424,1.0380846302329562e-15,0.0
242.571160462934,0.0002355600779966208,1.0372087534812161e-15,0.0
242.61025961839223,0.00018307601990160885,1.036318874675025e-15,0.0
242.64935877385048,8.909013407536559e-05,1.0354609971644545e-15,0.0
242.68845792930873,0.0001558035373881506,1.034586073235183e-15,0.0
242.72755708476697,0.00023254568204557582,1.0337147178080519e-15,0.0
242.7666562402252,0.00018669348364679499,1.0328395410061033e-15,0.0
242.80575539568343,8.739520693588133e-05,1.0320103159857733e-15,0.0
242.84485455114168,0.00015718948621109413,1.0311136728756207e-15,0.0
242.88395370659993,0.00022859952842887657,1.0302481217517387e-15,0.0
242.92305286205817,0.00019178889209727518,1.0293973931702671e-15,0.0
242.96215201751642,8.51192696734588e-05,1.0285154196336868e-15,0.0
243.00125117297466,0.00015692622336751545,1.027664978006171e-15,0.0
243.0403503284329,0.00022572316455732707,1.0268083577829008e-15,0.0
243.07944948389112,0.00019637246579442644,1.025941283924115e-15,0.0
243.11854863934937,8.398037150390315e-05,1.0250884235105536e-15,0.0
243.15764779480762,0.0001542930527850619,1.0242224583557303e-15,0.0
243.19674695026586,0.00022512228236324974,1.023378989285437e-15,0.0
243.2358461057241,0.00019901751821980087,1.0225000935816552e-15,0.0
243.27494526118235,8.504919439957195e-05,1.0216511978948938e-15,0.0
243.3140444166406,0.00014984100718324643,1.0207998799217055e-15,0.0
243.35314357209884,0.00022657047426516864,1.0199558480624102e-15,0.0
243.3922427275571,0.00019949081162954187,1.019084617524822e-15,0.0
243.4313418830153,8.811844176690774e-05,1.0182545291035445e-15,0.0
243.47044103847355,0.0001449378972735955,1.0173904802962933e-15,0.0
243.5095401939318,0.0002287585630111178,1.0165439010711773e-15,0.0
243.54863934939004,0.00019865337781912727,1.0156855635721128e-15,0.0
243.5877385048483,9.202474062712264e-05,1.0148712784775793e-15,0.0
243.62683766030653,0.00014096294697536012,1.0139633848666328e-15,0.0
243.66593681576478,0.00023025940777863103,1.0131820145003216e-15,0.0
243.70503597122303,0.00019782849828138576,1.0123150485905248e-15,0.0
243.74413512668124,9.554358241212622e-05,1.0114794769559149e-15,0.0
243.7832342821395,0.0001385624101081464,1.0105991625926537e-15,0.0
243.82233343759773,0.00023032284539761352,1.0098077134736555e-15,0.0
243.86143259305598,0.0001980128790997032,1.0089306232230972e-15,0.0
243.90053174851423,9.803274328753635e-05,1.008116542579509e-15,0.0
243.93963090397247,0.00013745537729439902,1.007251739388288e-15,0.0
243.97873005943072,0.00022905743632722838,1.0064279906552953e-15,0.0
244.01782921488896,0.00019942022345697383,1.0055583996768469e-15,0.0
244.05692837034718,9.953283213763545e-05,1.0047568089274994e-15,0.0
244.09602752580543,0.00013689537531311793,1.0038963233727033e-15,0.0
244.13512668126367,0.0002270586746920993,1.0030744645488737e-15,0.0
244.17422583672192,0.00020164429571927774,1.0022418607539417e-15,0.0
244.21332499218016,0.00010046055313098894,1.0013988561577118e-15,0.0
244.2524241476384,0.00013631516408861742,1.0005774080528849e-15,0.0
244.29152330309665,0.00022484295005943954,9.997303571603032e-16,0.0
244.3306224585549,0.00020421646132476516,9.98913495596648e-16,0.0
244.36972161401312,0.00010115714783435055,9.980688514189609e-16,0.0
244.40882076947136,0.00013561139372864208,9.97246338176193e-16,0.0
244.4479199249296,0.00022252181609239775,9.964112220349073e-16,0.0
244.48701908038785,0.00020702565447775384,9.95599854460232e-16,0.0
244.5261182358461,0.00010160919331842931,9.947717499414516e-16,0.0
244.56521739130434,0.0001349284021862523,9.939469734457688e-16,0.0
244.6043165467626,0.00021995436201843082,9.93117113214081e-16,0.0
244.64341570222084,0.0002102558578221384,9.923165182208165e-16,0.0
244.68251485767905,0.00010156358447230499,9.914721712453165e-16,0.0
244.7216140131373,0.00013420256561431145,9.906725788616113e-16,0.0
244.76071316859554,0.00021722139540474492,9.898014586660464e-16,0.0
244.7998123240538,0.0002139312781844691,9.8905584814937e-16,0.0
244.83891147951203,0.00010096550440801276,9.881854464601678e-16,0.0
244.87801063497028,0.00013289357154122752,9.87406716718879e-16,0.0
244.91710979042853,0.00021498077588170077,9.865732434385502e-16,0.0
244.95620894588677,0.00021749753096453952,9.85754667973579e-16,0.0
244.995308101345,0.0001003894279085848,9.849359606782844e-16,0.0
245.03440725680323,0.00013016556699823066,9.841395599639827e-16,0.0
245.07350641226148,0.00021430667057558282,9.833136176278991e-16,0.0
245.11260556771973,0.0002198567836282891,9.824805654827675e-16,0.0
245.15170472317797,0.00010106683964925995,9.817055081170406e-16,0.0
245.19080387863622,0.00012541754608571192,9.80869160009059e-16,0.0
245.22990303409446,0.00021597570365289995,9.800672610840107e-16,0.0
245.2690021895527,0.00021990919189874547,9.792615758196635e-16,0.0
245.30810134501093,0.00010425505553659363,9.784565816853046e-16,0.0
245.34720050046917,0.00011884483113443884,9.776370915319014e-16,0.0
245.38629965592742,0.00021968326866349006,9.76848267149454e-16,0.0
245.42539881138566,0.0002172842416785382,9.76022691451824e-16,0.0
245.4644979668439,0.00011023349237122242,9.752221452505518e-16,0.0
245.50359712230215,0.00011173227686911096,9.744467188350635e-16,0.0
245.5426962777604,0.00022388561112549922,9.736214107732452e-16,0.0
245.58179543321864,0.00021284938377122778,9.728118714025963e-16,0.0
245.62089458867686,0.00011784373925821521,9.720301818883864e-16,0.0
245.6599937441351,0.00010620590100711205,9.712412822182618e-16,0.0
245.69909289959335,0.00022646511915843143,9.703931330586066e-16,0.0
245.7381920550516,0.00020865557868315895,9.696318417517078e-16,0.0
245.77729121050984,0.00012504141246221797,9.688193349176531e-16,0.0
245.8163903659681,0.00010420745643199139,9.680227451677128e-16,0.0
245.85548952142634,0.00022574600605593443,9.672213758522616e-16,0.0
245.89458867688458,0.00020711552519927894,9.664427345325795e-16,0.0
245.9336878323428,0.0001298787311236328,9.65660046594604e-16,0.0
245.97278698780104,0.0001060941083905992,9.64825619673098e-16,0.0
246.0118861432593,0.00022128914377513373,9.64062209893173e-16,0.0
246.05098529871753,0.00020963799239582812,9.63270863838508e-16,0.0
246.09008445417578,0.00013126586622237585,9.624948404667823e-16,0.0
246.12918360963403,0.00011023918072172456,9.616678118959652e-16,0.0
246.16828276509227,0.0002141765448479046,9.608877947573266e-16,0.0
246.20738192055052,0.0002156589097295383,9.601137299507665e-16,0.0
246.24648107600876,0.00012935070170451695,9.59329490147707e-16,0.0
246.28558023146698,0.00011413897003500672,9.585173792582062e-16,0.0
246.32467938692523,0.00020668239283431182,9.577399180116906e-16,0.0
246.36377854238347,0.0002229692450111467,9.569686656529217e-16,0.0
246.40287769784172,0.00012553438609771983,9.561885968395486e-16,0.0
246.44197685329996,0.00011576692206870775,9.553947223034917e-16,0.0
246.4810760087582,0.00020132066399382298,9.546170201588824e-16,0.0
246.52017516421645,0.00022901208692527225,9.53830435862224e-16,0.0
246.5592743196747,0.00012205068089741114,9.530498575830988e-16,0.0
246.59837347513292,0.00011423843204546542,9.522859250710834e-16,0.0
246.63747263059116,0.00019957628277315334,9.514923709028233e-16,0.0
246.6765717860494,0.00023208824261738512,9.507371617561387e-16,0.0
246.71567094150765,0.00012102218130861053,9.499468203806023e-16,0.0
246.7547700969659,0.00010986200104563367,9.4917037908806e-16,0.0
246.79386925242414,0.00020114106817065215,9.483592843426787e-16,0.0
246.8329684078824,0.00023188514688474767,9.476327521792366e-16,0.0
246.87206756334064,0.00012333469437443193,9.46851003343305e-16,0.0
246.91116671879885,0.00010384039907359657,9.460849786987036e-16,0.0
246.9502658742571,0.00020432106211947936,9.452867161676838e-16,0.0
246.98936502971534,0.00022932937452464376,9.445597415021828e-16,0.0
247.0284641851736,0.00012825696668029594,9.437362934375554e-16,0.0
247.06756334063184,9.774495052910759e-05,9.430040255474709e-16,0.0
247.10666249609008,0.0002072005355408256,9.422026168807995e-16,0.0
247.14576165154833,0.00022597022716101616,9.414869946383286e-16,0.0
247.18486080700657,0.00013419895637637152,9.40673309560835e-16,0.0
247.2239599624648,9.287372141018398e-05,9.399274953420656e-16,0.0
247.26305911792304,0.00020857696245008838,9.391636433681546e-16,0.0
247.30215827338128,0.00022320127503896805,9.383826549126646e-16,0.0
247.34125742883953,0.0001397756133767554,9.376500420669763e-16,0.0
247.38035658429777,8.976862202202518e-05,9.368360909232938e-16,0.0
247.41945573975602,0.00020818873119706987,9.361293407934535e-16,0.0
247.45855489521426,0.0002217273491193041,9.353486994365852e-16,0.0
247.4976540506725,0.0001443228806495932,9.345644173489246e-16,0.0
247.53675320613073,8.823136573164008e-05,9.33844969924202e-16,0.0
247.57585236158897,0.00020637568481196152,9.33053178431681e-16,0.0
247.61495151704722,0.000221573344468168,9.323115858059564e-16,0.0
247.65405067250546,0.00014777908020688043,9.315556840729033e-16,0.0
247.6931498279637,8.779792512044566e-05,9.307673097241237e-16,0.0
247.73224898342195,0.00020356215898052646,9.300415060743971e-16,0.0
247.7713481388802,0.00022251458927281475,9.292847284881028e-16,0.0
247.81044729433845,0.00015025959173318147,9.285360418949258e-16,0.0
247.84954644979666,8.817550820411454e-05,9.27777184898296e-16,0.0
247.8886456052549,0.00019995600325554874,9.270211603714034e-16,0.0
247.92774476071315,0.00022445814193342446,9.262814790351029e-16,0.0
247.9668439161714,0.00015171715224673442,9.25534184814697e-16,0.0
248.00594307162964,8.92541221622191e-05,9.24790194354897e-16,0.0
248.0450422270879,0.00019566303115857247,9.239912789917098e-16,0.0
248.08414138254614,0.00022740447407883015,9.232848384256372e-16,0.0
248.12324053800438,0.00015196159679614014,9.225509358655337e-16,0.0
248.1623396934626,9.078168758173021e-05,9.217606324506501e-16,0.0
248.20143884892084,0.00019107912310592737,9.210462342319226e-16,0.0
248.2405380043791,0.0002310568365258877,9.202673099206252e-16,0.0
248.27963715983734,0.00015103552736895912,9.195747599986118e-16,0.0
248.31873631529558,9.209900075716298e-05,9.18775844943719e-16,0.0
248.35783547075383,0.00018715851503270793,9.180756526955932e-16,0.0
248.39693462621207,0.00023451157513681032,9.173070584495016e-16,0.0
248.43603378167032,0.00014965487818705236,9.165730114925853e-16,0.0
248.47513293712854,9.223645194110713e-05,9.15836006354472e-16,0.0
248.51423209258678,0.00018516108874136206,9.151180374669443e-16,0.0
248.55333124804503,0.00023642673915322276,9.143188654901534e-16,0.0
248.59243040350327,0.00014928464547740247,9.136530241940052e-16,0.0
248.63152955896152,9.03358290262544e-05,9.128573971016046e-16,0.0
248.67062871441976,0.0001858363534939437,9.121466512527946e-16,0.0
248.709727869878,0.0002356738895913251,9.114193877180365e-16,0.0
248.74882702533625,0.0001515133278268715,9.106815737493829e-16,0.0
248.78792618079447,8.616461268160154e-05,9.099332401273781e-16,0.0
248.82702533625272,0.00018860927837354848,9.092134137116409e-16,0.0
248.86612449171096,0.00023212415878565818,9.084686321518938e-16,0.0
248.9052236471692,0.00015691033485848544,9.077498332615113e-16,0.0
248.94432280262745,8.053217310208264e-05,9.070101499962165e-16,0.0
248.9834219580857,0.00019155876149794842,9.06287754159234e-16,0.0
249.02252111354395,0.00022712390271104095,9.055532603693702e-16,0.0
249.0616202690022,0.00016430221043148876,9.0484152720518e-16,0.0
249.10071942446044,7.542296482623057e-05,9.041027281242366e-16,0.0
249.13981857991865,0.0001923077883805753,9.033792580476385e-16,0.0
249.1789177353769,0.00022324616182135606,9.026607000215426e-16,0.0
249.21801689083514,0.00017122670203944949,9.019142260705944e-16,0.0
249.2571160462934,7.339908837756066e-05,9.012225058238238e-16,0.0
249.29621520175164,0.00018920548819276168,9.004764340668318e-16,0.0
249.33531435720988,0.00022307283903196548,8.997568523984817e-16,0.0
249.37441351266813,0.00017516852791548893,8.990133927514857e-16,0.0
249.41351266812637,7.589329313270368e-05,8.983420239072345e-16,0.0
249.4526118235846,0.00018221908956760516,8.975867128699e-16,0.0
249.49171097904284,0.00022746385206429262,8.968590066199469e-16,0.0
249.53081013450108,0.00017474165271407144,8.96164198698632e-16,0.0
249.56990928995933,8.178384357575225e-05,8.954471927957474e-16,0.0
249.60900844541757,0.00017327920441552027,8.947297744691507e-16,0.0
249.64810760087582,0.00023469841325496539,8.93981488394477e-16,0.0
249.68720675633406,0.00017043346778415904,8.932661901809766e-16,0.0
249.7263059117923,8.820947848794701e-05,8.925961428869282e-16,0.0
249.76540506725053,0.00016582399513567447,8.918212647922534e-16,0.0
249.80450422270877,0.0002413703199198694,8.911654629680947e-16,0.0
249.84360337816702,0.0001647804371354259,8.904126688486125e-16,0.0
249.88270253362526,9.23630704440508e-05,8.897314790107596e-16,0.0
249.9218016890835,0.00016318155232039041,8.889628144017062e-16,0.0
249.96090084454175,0.0002442130772521376,8.88297406459385e-16,0.0
250.0,0.00016162515031854593,8.875842833287948e-16,0.0
250.03909915545825,9.249304619128381e-05,8.868620150976559e-16,0.0
250.07819831091646,0.00016627198226717852,8.861287169019371e-16,0.0
250.1172974663747,0.00024160521536764496,8.854900793969162e-16,0.0
250.15639662183295,0.0001640828757032366,8.84724035464187e-16,0.0
250.1954957772912,8.822831140583873e-05,8.840613651960074e-16,0.0
250.23459493274945,0.00017273494785191533,8.833140197988133e-16,0.0
250.2736940882077,0.00023430011426920432,8.826354303932328e-16,0.0
250.31279324366594,0.00017224299972238194,8.818924329807828e-16,0.0
250.35189239912418,8.072740426809089e-05,8.81238743386117e-16,0.0
250.3909915545824,0.00017854140409243423,8.805328281561186e-16,0.0
250.43009071004064,0.00022534328984125953,8.798049740519743e-16,0.0
250.4691898654989,0.00018301348848520562,8.791258358859302e-16,0.0
250.50828902095714,7.27817884737142e-05,8.784187194910181e-16,0.0
250.54738817641538,0.00018025637889351214,8.777288204846645e-16,0.0
250.58648733187363,0.00021898732285151903,8.770061941191504e-16,0.0
250.62558648733187,0.00019223355719236239,8.763271118390012e-16,0.0
250.66468564279012,6.836955501093121e-05,8.756149140987774e-16,0.0
250.70378479824834,0.00017634136367169313,8.749652462404626e-16,0.0
250.74288395370658,0.00021851197728304448,8.741947556485749e-16,0.0
250.78198310916483,0.00019678624867382766,8.735381137067927e-16,0.0
250.82108226462307,7.03912576807433e-05,8.728596254912146e-16,0.0
250.86018142008132,0.0001675198919042153,8.721520460788107e-16,0.0
250.89928057553956,0.000224073093890546,8.714406639491671e-16,0.0
250.9383797309978,0.00019563316307293492,8.707916757142894e-16,0.0
250.97747888645605,7.787272562900667e-05,8.700514264639381e-16,0.0
251.01657804191427,0.0001565637294697246,8.693867182776108e-16,0.0
251.05567719737252,0.00023263371733675883,8.686895183937394e-16,0.0
251.09477635283076,0.00019002762577016363,8.680107530687905e-16,0.0
251.133875508289,8.707704888964909e-05,8.672971302887172e-16,0.0
251.17297466374725,0.0001474382099270525,8.666334702880645e-16,0.0
251.2120738192055,0.00024003579032297632,8.659202017774066e-16,0.0
251.25117297466375,0.00018312397367091894,8.6525268913888e-16,0.0
251.290272130122,9.452603861731949e-05,8.645596858337577e-16,0.0
251.3293712855802,0.00014349769734526283,8.638755167470989e-16,0.0
251.36847044103845,0.00024315710951369851,8.631883443416927e-16,0.0
251.4075695964967,0.00017881723804556173,8.625045598910253e-16,0.0
251.44666875195495,9.821164183627734e-05,8.618191535355533e-16,0.0
251.4857679074132,0.00014536042819201288,8.611622039800355e-16,0.0
251.52486706287144,0.00024096313470933854,8.604599545272827e-16,0.0
251.56396621832968,0.00017979250962137544,8.597626780725525e-16,0.0
251.60306537378793,9.762897126860235e-05,8.590848943337824e-16,0.0
251.64216452924614,0.00015057552838637726,8.584382369756399e-16,0.0
251.6812636847044,0.00023458651075722962,8.577444755315861e-16,0.0
251.72036284016264,0.00018591192494754008,8.570631498791634e-16,0.0
251.75946199562088,9.36081707044698e-05,8.563904552625626e-16,0.0
251.79856115107913,0.00015555886045890872,8.557122479287333e-16,0.0
251.83766030653737,0.0002267471579682343,8.550651703805908e-16,0.0
251.87675946199562,0.00019454374320108605,8.543247462879762e-16,0.0
251.91585861745386,8.81017942738621e-05,8.537142041308117e-16,0.0
251.9549577729121,0.00015759014841317833,8.53003012630223e-16,0.0
251.99405692837033,0.00022062296224769287,8.523344202465429e-16,0.0
252.03315608382857,0.0002024205191569458,8.516724052669564e-16,0.0
252.07225523928682,8.372744048136204e-05,8.509994420699722e-16,0.0
252.11135439474506,0.00015560523371602368,8.503248856168427e-16,0.0
252.1504535502033,0.00021839722182050262,8.496694899978652e-16,0.0
252.18955270566155,0.00020723944550284088,8.489816087308522e-16,0.0
252.2286518611198,8.274207848386002e-05,8.483179140086645e-16,0.0
252.26775101657805,0.00015013790847694203,8.476400892828067e-16,0.0
252.30685017203626,0.0002202188032318005,8.469724847699089e-16,0.0
252.3459493274945,0.00020828584765787792,8.46322066830248e-16,0.0
252.38504848295275,8.572419636286451e-05,8.456638724052785e-16,0.0
252.424147638411,0.0001428862791562926,8.4495894236778575e-16,0.0
252.46324679386925,0.0002243726994830538,8.443679151191576e-16,0.0
252.5023459493275,0.00020634734079385086,8.436054053651905e-16,0.0
252.54144510478574,9.130669848527794e-05,8.429803258777366e-16,0.0
252.58054426024398,0.0001360492439659389,8.423390958577628e-16,0.0
252.6196434157022,0.00022845484371198654,8.416860181494643e-16,0.0
252.65874257116045,0.00020322590851621242,8.409859726470818e-16,0.0
252.6978417266187,9.732659403895206e-05,8.403609233270686e-16,0.0
252.73694088207694,0.00013146325520040414,8.396932099036306e-16,0.0
252.77604003753518,0.00023056584744082852,8.389975844946053e-16,0.0
252.81513919299343,0.00020098310789437563,8.383560856483589e-16,0.0
252.85423834845167,0.0001020130713990549,8.37730102897896e-16,0.0
252.89333750390992,0.00012978434820403066,8.370417340731168e-16,0.0
252.93243665936814,0.00022993382487906862,8.364002796842668e-16,0.0
252.97153581482638,0.0002010730968760247,8.357296819610095e-16,0.0
253.01063497028463,0.00010447901491231181,8.350959022230048e-16,0.0
253.04973412574287,0.0001302420147239663,8.344258969212554e-16,0.0
253.08883328120112,0.00022699832019842884,8.337594739761609e-16,0.0
253.12793243665936,0.00020371027593835074,8.33124752876737e-16,0.0
253.1670315921176,0.00010478667422791166,8.324654811569664e-16,0.0
253.20613074757586,0.00013118442930495995,8.318397652102459e-16,0.0
253.24522990303407,0.0002231358052309963,8.311238422870565e-16,0.0
253.28432905849232,0.00020784549773938848,8.305229233062279e-16,0.0
253.32342821395056,0.00010386119838147606,8.298651004132581e-16,0.0
253.3625273694088,0.00013094978317233842,8.29218725890537e-16,0.0
253.40162652486705,0.00022010169079988436,8.285505147587431e-16,0.0
253.4407256803253,0.0002117503506410566,8.279535136763309e-16,0.0
253.47982483578355,0.00010324248535184185,8.272128043430748e-16,0.0
253.5189239912418,0.00012853484264696701,8.266414514682837e-16,0.0
253.5580231467,0.00021924719781076242,8.259882818076336e-16,0.0
253.59712230215825,0.00021383328486443306,8.253153629449155e-16,0.0
253.6362214576165,0.00010451034856770499,8.246879280400982e-16,0.0
253.67532061307475,0.0001239502009801082,8.240683217466727e-16,0.0
253.714419768533,0.00022077559424360754,8.233910291777901e-16,0.0
253.75351892399124,0.00021334200199919575,8.227667895703264e-16,0.0
253.79261807944948,0.00010841475186044979,8.22115363441429e-16,0.0
253.83171723490773,0.00011832715568425744,8.215069448160869e-16,0.0
253.87081639036595,0.00022350003517242792,8.208009745180457e-16,0.0
253.9099155458242,0.00021079928723006052,8.2024864730277e-16,0.0
253.94901470128244,0.00011427631245840252,8.195292223329934e-16,0.0
253.98811385674068,0.00011368174567562708,8.18936424123241e-16,0.0
254.02721301219893,0.00022534018741744168,8.182870268553546e-16,0.0
254.06631216765717,0.0002080339525704598,8.176684513213971e-16,0.0
254.10541132311542,0.00012023213833431876,8.170043783083017e-16,0.0
254.14451047857366,0.00011205521219155431,8.163916384585072e-16,0.0
254.18360963403188,0.00022429839873778476,8.157255772299149e-16,0.0
254.22270878949013,0.0002075522937786069,8.15126436626304e-16,0.0
254.26180794494837,0.00012410472490761757,8.144434612387899e-16,0.0
254.30090710040662,0.00011412911967331087,8.138648653455885e-16,0.0
254.34000625586486,0.00021946863457922888,8.132033213671043e-16,0.0
254.3791054113231,0.0002111589591431685,8.125577932025765e-16,0.0
254.41820456678136,0.00012432124768356714,8.119380745377531e-16,0.0
254.4573037222396,0.0001184384182258788,8.113136479588492e-16,0.0
254.49640287769782,0.00021176748056617043,8.106836768505097e-16,0.0
254.53550203315606,0.00021853126803570642,8.10053512476622e-16,0.0
254.5746011886143,0.00012067260061813814,8.094079453719394e-16,0.0
254.61370034407256,0.00012208889465850777,8.087970998929026e-16,0.0
254.6527994995308,0.0002040959311054475,8.081617292226079e-16,0.0
254.69189865498905,0.00022699971448518502,8.075431784190777e-16,0.0
254.7309978104473,0.00011492426190675777,8.069309615576995e-16,0.0
254.77009696590554,0.000122194685406409,8.06272166190872e-16,0.0
254.80919612136378,0.00020040535078130035,8.056928156041349e-16,0.0
254.848295276822,0.00023279880230714196,8.05016756958566e-16,0.0
254.88739443228025,0.00011095762703518474,8.044114307055949e-16,0.0
254.9264935877385,0.00011699534458151535,8.038269149331215e-16,0.0
254.96559274319674,0.0002033540955934358,8.031574448453224e-16,0.0
255.00469189865498,0.00023282430267167794,8.025352518056938e-16,0.0
255.04379105411323,0.00011325533821192808,8.019610433362222e-16,0.0
255.08289020957147,0.00010657329522674203,8.012850463791896e-16,0.0
255.12198936502972,0.00021196667437845974,8.007019982154072e-16,0.0
255.16108852048794,0.0002261049174592862,8.00064187136542e-16,0.0
255.20018767594618,0.0001233098379266596,7.994577930628914e-16,0.0
255.23928683140443,9.352382223361237e-05,7.988281248386374e-16,0.0
255.27838598686267,0.00022178546797505755,7.982264518879913e-16,0.0
255.31748514232092,0.00021481721205312477,7.9757524595873e-16,0.0
255.35658429777916,0.00013784289523783083,7.969987982229298e-16,0.0
255.3956834532374,8.35342420727017e-05,7.9637073175408895e-16,0.0
255.43478260869566,0.00022729949825022938,7.957412392622058e-16,0.0
255.47388176415387,0.00020455563880170122,7.951553111867881e-16,0.0
255.51298091961212,0.00015123892941385538,7.945217567662572e-16,0.0
255.55208007507036,8.351377866784629e-05,7.9389844629997535e-16,0.0
255.5911792305286,0.00022435324144129312,7.933126023189611e-16,0.0
255.63027838598686,0.00020256930757138431,7.926887672174921e-16,0.0
255.6693775414451,0.00015841944467268206,7.920809512450622e-16,0.0
255.70847669690335,9.469281052665559e-05,7.914700642056769e-16,0.0
255.7475758523616,0.00021163712425666136,7.90865755393374e-16,0.0
255.7866750078198,0.00021288081499878263,7.902455204291773e-16,0.0
255.82577416327806,0.00015618911825301336,7.89643869637365e-16,0.0
255.8648733187363,0.00011083051068386533,7.890481002071495e-16,0.0
255.90397247419455,0.0001916870031382013,7.884177368905503e-16,0.0
255.9430716296528,0.00023233893281817417,7.878202145593425e-16,0.0
255.98217078511104,0.00014392819750158188,7.872203169090422e-16,0.0
256.02126994056925,0.00012474478436053446,7.86629882590226e-16,0.0
256.0603690960275,0.0001716896200292396,7.860043705500878e-16,0.0
256.09946825148575,0.00025290210569829213,7.8539381470299745e-16,0.0
256.138567406944,0.00012451810576411833,7.848177798685119e-16,0.0
256.17766656240224,0.00013154636391537504,7.841872462352443e-16,0.0
256.2167657178605,0.00016251477757399694,7.835780702555516e-16,0.0
256.2558648733187,0.0002664897756172687,7.830263126868531e-16,0.0
256.294964028777,0.00010610432312307262,7.823872508019112e-16,0.0
256.3340631842352,0.00012863674422300395,7.817991527740832e-16,0.0
256.37316233969347,0.00017158763893730317,7.811549680342318e-16,0.0
256.4122614951517,0.00026771641695746783,7.806444705816513e-16,0.0
256.45136065060996,0.00010229414984998162,7.799746461121397e-16,0.0
256.4904598060682,0.00011537505439926111,7.793858681242342e-16,0.0
256.52955896152645,0.00019464951739081536,7.788190420940534e-16,0.0
256.56865811698464,0.0002548523813845586,7.78190382025961e-16,0.0
256.6077572724429,0.00012006414290153863,7.775916579808054e-16,0.0
256.6468564279011,9.292731002974604e-05,7.770158726680098e-16,0.0
256.6859555833594,0.0002204748725672387,7.763813216041153e-16,0.0
256.7250547388176,0.00023032771816379477,7.758228560731803e-16,0.0
256.76415389427586,0.0001499017184910544,7.751981105348105e-16,0.0
256.8032530497341,6.45151222157297e-05,7.746296344696136e-16,0.0
256.84235220519236,0.00023937865319563,7.740268677639013e-16,0.0
256.8814513606506,0.0002013506727913434,7.734510417457469e-16,0.0
256.92055051610885,0.00017936754278505228,7.728312980492923e-16,0.0
256.9596496715671,3.8283575801408736e-05,7.722629227187434e-16,0.0
256.99874882702534,0.000245702704162605,7.716699351507975e-16,0.0
257.0378479824836,0.00018000681018704112,7.710836002104596e-16,0.0
257.07694713794183,0.0002005550825997543,7.704820895877237e-16,0.0
257.1160462934001,3.7731330248983035e-05,7.699069609864774e-16,0.0
257.1551454488583,0.00023762405793254637,7.692907929905073e-16,0.0
257.1942446043165,0.00017847611957898975,7.687438699337215e-16,0.0
257.23334375977475,0.0002094485811364651,7.681471141233802e-16,0.0
257.272442915233,6.248615765626207e-05,7.675591964510126e-16,0.0
257.31154207069125,0.00021677518279764364,7.669762093412334e-16,0.0
257.3506412261495,0.0001975151447749254,7.663589045954575e-16,0.0
257.38974038160774,0.0002051038057680666,7.65840733938658e-16,0.0
257.428839537066,8.878601727130453e-05,7.651934694749361e-16,0.0
257.4679386925242,0.0001880546927108055,7.646390343784596e-16,0.0
257.5070378479825,0.000225780924025413,7.640511636809056e-16,0.0
257.5461370034407,0.00018937606777436866,7.634790607886168e-16,0.0
257.58523615889897,0.00010910426679108211,7.628782904386974e-16,0.0
257.6243353143572,0.00015954656151782556,7.623307908922953e-16,0.0
257.66343446981546,0.000251483466977744,7.617039927594719e-16,0.0
257.7025336252737,0.000166860695275777,7.611594440687578e-16,0.0
257.74163278073195,0.0001211065698807646,7.605499309571903e-16,0.0
257.7807319361902,0.00014139011975424073,7.599877532881354e-16,0.0
257.81983109164844,0.00026776249831987495,7.594021512478112e-16,0.0
257.8589302471066,0.00014478289064162012,7.5882982013850305e-16,0.0
257.8980294025649,0.00012441449791896216,7.582771047202754e-16,0.0
257.9371285580231,0.00014017716987827864,7.576630697019322e-16,0.0
257.97622771348136,0.0002724079713578707,7.570965615649986e-16,0.0
258.0153268689396,0.0001316742518024376,7.565449385057234e-16,0.0
258.05442602439786,0.00012002154170695271,7.559308538010207e-16,0.0
258.0935251798561,0.0001521697668930833,7.554008399775899e-16,0.0
258.13262433531435,0.00026674118770753623,7.5478663091594965e-16,0.0
258.1717234907726,0.00013248313915342194,7.542604281012349e-16,0.0
258.21082264623084,0.00011001265783349844,7.536228433608516e-16,0.0
258.2499218016891,0.00016789465778611779,7.531079366645634e-16,0.0
258.28902095714733,0.0002545142729944171,7.525216546840258e-16,0.0
258.3281201126056,0.00014395084328072317,7.519740020307999e-16,0.0
258.3672192680638,9.72642181258253e-05,7.513737317814274e-16,0.0
258.40631842352207,0.0001803928409599978,7.508243780162998e-16,0.0
258.4454175789803,0.00024059289263124515,7.502301030317631e-16,0.0
258.4845167344385,0.00015871339467151655,7.496891705664062e-16,0.0
258.52361588989675,8.50013909152635e-05,7.491093850998719e-16,0.0
258.562715045355,0.0001869635281581123,7.485486754924406e-16,0.0
258.60181420081324,0.00022928289380774074,7.479989803886714e-16,0.0
258.6409133562715,0.00017143444127536934,7.473798730431501e-16,0.0
258.68001251172973,7.600490199496829e-05,7.468606859216934e-16,0.0
258.719111667188,0.00018793272619052232,7.462753127971576e-16,0.0
258.7582108226462,0.00022273407770707313,7.457350147224067e-16,0.0
258.79730997810447,0.00018014605701126358,7.451506427868119e-16,0.0
258.8364091335627,7.145875948207617e-05,7.445836093009478e-16,0.0
258.87550828902096,0.0001852028772000937,7.440521197175175e-16,0.0
258.9146074444792,0.00022048558491261934,7.434165729193545e-16,0.0
258.95370659993745,0.0001852525425802445,7.429267130551024e-16,0.0
258.9928057553957,7.045249209681184e-05,7.423255515394781e-16,0.0
259.03190491085394,0.00018095224290999782,7.417638816766742e-16,0.0
259.0710040663122,0.0002206209539234768,7.412634517838703e-16,0.0
259.1101032217704,0.00018821150354992816,7.406249674803417e-16,0.0
259.1492023772286,7.11277086257102e-05,7.401036026062796e-16,0.0
259.18830153268686,0.0001766302382120351,7.395375935310034e-16,0.0
259.2274006881451,0.00022144713018119657,7.389824514851216e-16,0.0
259.26649984360336,0.0001903711861560779,7.3843547611120875e-16,0.0
259.3055989990616,7.222648147517369e-05,7.378557494468178e-16,0.0
259.34469815451985,0.0001725706329136425,7.3733123972811235e-16,0.0
259.3837973099781,0.00022236840943271784,7.36744091323871e-16,0.0
259.42289646543634,0.00019227451790902698,7.362073544088266e-16,0.0
259.4619956208946,7.35746685756313e-05,7.356288454952944e-16,0.0
259.50109477635283,0.0001683466747017385,7.351112230751109e-16,0.0
259.5401939318111,0.00022369089462973696,7.345466493429538e-16,0.0
259.5792930872693,0.0001936602902371839,7.339919847474438e-16,0.0
259.61839224272757,7.563385905087157e-05,7.334351545758405e-16,0.0
259.6574913981858,0.00016350558189992114,7.328619826527514e-16,0.0
259.69659055364406,0.0002258665463122622,7.32368023239771e-16,0.0
259.73568970910225,0.00019400127914948477,7.317633148151521e-16,0.0
259.7747888645605,7.876980718463934e-05,7.312469075388295e-16,0.0
259.81388802001874,0.00015812813577200925,7.306785969479619e-16,0.0
259.852987175477,0.00022883678563777568,7.30114040480448e-16,0.0
259.89208633093523,0.00019311028826675264,7.296178520282541e-16,0.0
259.9311854863935,8.278227415204245e-05,7.290264029096876e-16,0.0
259.9702846418517,0.0001529118798579894,7.284923311478373e-16,0.0
260.00938379730997,0.0002319023492693472,7.279506367034178e-16,0.0
260.0484829527682,0.0001914288964432324,7.273855505551711e-16,0.0
260.08758210822646,8.696015904498395e-05,7.268617206501994e-16,0.0
260.1266812636847,0.00014881174908499864,7.263058356976927e-16,0.0
260.16578041914295,0.00023408849379614088,7.257571121937426e-16,0.0
260.2048795746012,0.0001898949315150006,7.252175879395895e-16,0.0
260.24397873005944,9.04685744791681e-05,7.246785622735055e-16,0.0
260.2830778855177,0.0001464931830741943,7.241554379133172e-16,0.0
260.32217704097593,0.00023464497221667457,7.235706443572256e-16,0.0
260.3612761964342,0.00018951441219410757,7.230183728572819e-16,0.0
260.40037535189236,9.270610429136691e-05,7.225579722924425e-16,0.0
260.4394745073506,0.00014595352543927243,7.219454058217917e-16,0.0
260.47857366280886,0.0002333588116449797,7.214300014969307e-16,0.0
260.5176728182671,0.0001908954553855051,7.20882202636556e-16,0.0
260.55677197372535,9.346779708101785e-05,7.203688291670198e-16,0.0
260.5958711291836,0.0001465448056664602,7.19781262862466e-16,0.0
260.63497028464184,0.00023059211379716337,7.192897858030594e-16,0.0
260.6740694401001,0.0001940052643548056,7.187320343717942e-16,0.0
260.71316859555833,9.294789522674125e-05,7.182097525158553e-16,0.0
260.7522677510166,0.00014730329152231833,7.17672391356138e-16,0.0
260.7913669064748,0.0002271289399627605,7.171246920139221e-16,0.0
260.83046606193307,0.00019823946983931197,7.165773820441935e-16,0.0
260.8695652173913,9.16725032834734e-05,7.160901913251994e-16,0.0
260.90866437284956,0.00014730087442935423,7.155014730658566e-16,0.0
260.9477635283078,0.00022394906044079902,7.150016741986189e-16,0.0
260.98686268376605,0.00020267436577004475,7.144785156287367e-16,0.0
261.02596183922424,9.041948868393037e-05,7.139115519130047e-16,0.0
261.0650609946825,0.0001458555539741084,7.13398802207451e-16,0.0
261.10416015014073,0.00022198784656643098,7.128434356477363e-16,0.0
261.143259305599,0.0002063270648128386,7.123545399513104e-16,0.0
261.1823584610572,9.010596276643486e-05,7.117811581807416e-16,0.0
261.22145761651547,0.00014263774865786686,7.112618091027811e-16,0.0
261.2605567719737,0.0002218770337149323,7.107610157348806e-16,0.0
261.29965592743196,0.00020837032463364208,7.102073377780392e-16,0.0
261.3387550828902,9.155848342922576e-05,7.096689029495026e-16,0.0
261.37785423834845,0.0001377683521557072,7.091700661648018e-16,0.0
261.4169533938067,0.0002236783308145159,7.086220415708421e-16,0.0
261.45605254926494,0.0002083479707730662,7.080942793228014e-16,0.0
261.4951517047232,9.514667062361197e-05,7.075813874917876e-16,0.0
261.53425086018143,0.00013192868025043125,7.070551218194151e-16,0.0
261.5733500156397,0.00022672143425449734,7.064985992612991e-16,0.0
261.6124491710979,0.00020641234092394253,7.059941016209634e-16,0.0
261.6515483265561,0.00010047899307217232,7.054546188984393e-16,0.0
261.69064748201436,0.00012637365651375145,7.049536644623857e-16,0.0
261.7297466374726,0.0002297047929375898,7.044514837227798e-16,0.0
261.76884579293085,0.0002034956091454893,7.038667210614757e-16,0.0
261.8079449483891,0.00010643385799425167,7.033903258770607e-16,0.0
261.84704410384734,0.00012263761005407059,7.028514234713324e-16,0.0
261.8861432593056,0.0002311049677339106,7.023574706859019e-16,0.0
261.92524241476383,0.00020121428022376952,7.018102656776072e-16,0.0
261.9643415702221,0.00011153983346559613,7.012892224822858e-16,0.0
262.0034407256803,0.00012181576582513434,7.007549795703065e-16,0.0
262.04253988113857,0.000229765150827994,7.00285604946807e-16,0.0
262.0816390365968,0.00020130732297304497,6.996836653768235e-16,0.0
262.12073819205506,0.00011448706395129367,6.992686678559322e-16,0.0
262.1598373475133,0.00012377798293736347,6.986416205986152e-16,0.0
262.19893650297155,0.0002254473053987881,6.982103841006034e-16,0.0
262.2380356584298,0.00020470121856351291,6.976222514804902e-16,0.0
262.277134813888,0.00011459235587483561,6.97152487260074e-16,0.0
262.31623396934623,0.00012705231718718827,6.966488978648548e-16,0.0
262.3553331248045,0.00021913222840294828,6.960974241961958e-16,0.0
262.3944322802627,0.00021080651345368968,6.956018409141434e-16,0.0
262.43353143572097,0.00011214361974353804,6.9508375538701305e-16,0.0
262.4726305911792,0.00012955620091868985,6.945666133678754e-16,0.0
262.51172974663746,0.00021285510284123427,6.940732600247621e-16,0.0
262.5508289020957,0.000217692156283775,6.935443045475987e-16,0.0
262.58992805755395,0.00010853566503867088,6.930228237711706e-16,0.0
262.6290272130122,0.0001295539747395834,6.925582055601776e-16,0.0
262.66812636847044,0.00020891558711602783,6.920064446218477e-16,0.0
262.7072255239287,0.00022304331695361995,6.915168440282264e-16,0.0
262.74632467938693,0.00010597627010690287,6.909660438463881e-16,0.0
262.7854238348452,0.00012630699251857928,6.904841630098069e-16,0.0
262.8245229903034,0.00020864335262277018,6.899976421804847e-16,0.0
262.86362214576167,0.00022523538093804904,6.894646206311196e-16,0.0
262.90272130121986,0.00010649972586386406,6.889257419721416e-16,0.0
262.9418204566781,0.00012032365806744847,6.884587223893923e-16,0.0
262.98091961213635,0.00021152226551958577,6.879334659682345e-16,0.0
263.0200187675946,0.00022401494553754157,6.874516855021155e-16,0.0
263.05911792305284,0.00011063731113508064,6.868916004416088e-16,0.0
263.0982170785111,0.0001132365570563345,6.86444437986601e-16,0.0
263.13731623396933,0.00021548994559085255,6.859098643181737e-16,0.0
263.1764153894276,0.00022060538201496195,6.85414609994103e-16,0.0
263.2155145448858,0.00011701209459403695,6.848736382462572e-16,0.0
263.25461370034407,0.00010722712645054208,6.844205773654636e-16,0.0
263.2937128558023,0.0002181798711125041,6.838530216413603e-16,0.0
263.33281201126056,0.00021717698378301457,6.834227914460622e-16,0.0
263.3719111667188,0.0001233531789675245,6.828728638257424e-16,0.0
263.41101032217705,0.00010395659775925262,6.823809054238015e-16,0.0
263.4501094776353,0.00021813988760645717,6.818899635636189e-16,0.0
263.48920863309354,0.0002157597658180381,6.81387321334186e-16,0.0
263.5283077885518,0.00012783313752635607,6.808415493537591e-16,0.0
263.56740694401,0.00010352953075557041,6.804093721882419e-16,0.0
263.6065060994682,0.00021540413359765343,6.798986291419601e-16,0.0
263.64560525492647,0.00021709712892412382,6.793583946641391e-16,0.0
263.6847044103847,0.00012982358579248884,6.789018893422304e-16,0.0
263.72380356584296,0.00010450510053684268,6.783930254754028e-16,0.0
263.7629027213012,0.0002113146791089608,6.778810601710613e-16,0.0
263.80200187675945,0.00022028475189653948,6.773893820994549e-16,0.0
263.8411010322177,0.00012999699468534972,6.769251232486321e-16,0.0
263.88020018767594,0.00010501692407796425,6.763827299876662e-16,0.0
263.9192993431342,0.00020770797030830555,6.759307014212442e-16,0.0
263.95839849859243,0.00022352655207762742,6.754029597786747e-16,0.0
263.9974976540507,0.00012987455731389754,6.749333321398068e-16,0.0
264.0365968095089,0.00010391317212780037,6.744062071801539e-16,0.0
264.07569596496717,0.0002058093586908191,6.73919194869908e-16,0.0
264.1147951204254,0.00022536037593869643,6.734451208076522e-16,0.0
264.15389427588366,0.00013091920939184995,6.729443975471885e-16,0.0
264.19299343134185,0.00010122249055619045,6.724279179683238e-16,0.0
264.2320925868001,0.00020551040411383032,6.719863085435216e-16,0.0
264.27119174225834,0.00022548450556828792,6.714148183569523e-16,0.0
264.3102908977166,0.00013359787390425978,6.70998216826109e-16,0.0
264.34939005317483,9.795906984806117e-05,6.704451361820068e-16,0.0
264.3884892086331,0.00020560023582703467,6.700375609089476e-16,0.0
264.4275883640913,0.00022478806882162206,6.694785577300445e-16,0.0
264.46668751954957,0.00013713788191219495,6.689851816630018e-16,0.0
264.5057866750078,9.542645802618567e-05,6.685375145007406e-16,0.0
264.54488583046606,0.00020475244285490286,6.680296277027012e-16,0.0
264.5839849859243,0.00022463841402486527,6.675516157318485e-16,0.0
264.62308414138255,0.0001402103364430709,6.670362615049301e-16,0.0
264.6621832968408,9.430381874712241e-05,6.665676852729606e-16,0.0
264.70128245229904,0.0002024900835672591,6.661306193645604e-16,0.0
264.7403816077573,0.00022584145353574407,6.655784379873338e-16,0.0
264.77948076321553,0.0001419418273117786,6.651100057128808e-16,0.0
264.8185799186737,9.413286520230204e-05,6.646325736237896e-16,0.0
264.85767907413197,0.00019951526877773592,6.641814386247817e-16,0.0
264.8967782295902,0.00022799307307404176,6.6364952511726105e-16,0.0
264.93587738504846,0.00014255094113291555,6.631827399509117e-16,0.0
264.9749765405067,9.367921497524492e-05,6.626675887697741e-16,0.0
265.01407569596495,0.000197229289694632,6.622463326849719e-16,0.0
265.0531748514232,0.00022975005679690868,6.617156965978371e-16,0.0
265.09227400688144,0.00014327777614473301,6.612766270147068e-16,0.0
265.1313731623397,9.183181785092228e-05,6.607520757096169e-16,0.0
265.17047231779793,0.00019668733945502463,6.602911012535168e-16,0.0
265.2095714732562,0.0002298108677241032,6.598299246676796e-16,0.0
265.2486706287144,0.0001455785202519814,6.593201948437899e-16,0.0
265.28776978417267,8.836014507773428e-05,6.588592453876055e-16,0.0
265.3268689396309,0.00019768434470082135,6.583777982161299e-16,0.0
265.36596809508916,0.00022789520636332577,6.579134145330776e-16,0.0
265.4050672505474,0.00014999127787671985,6.573964231914571e-16,0.0
265.4441664060056,8.419787461042951e-05,6.569350724235583e-16,0.0
265.48326556146384,0.00019873598554559008,6.564504944147277e-16,0.0
265.5223647169221,0.0002251240137805515,6.560049339920357e-16,0.0
265.56146387238033,0.0001555622299621822,6.555053657213842e-16,0.0
265.6005630278386,8.112961813364686e-05,6.550430999656788e-16,0.0
265.6396621832968,0.0001979934933413413,6.545392978434353e-16,0.0
265.67876133875507,0.00022352494882108668,6.540568984350706e-16,0.0
265.7178604942133,0.00016036900067654099,6.536044152247884e-16,0.0
265.75695964967156,8.076215735013845e-05,6.531641462321366e-16,0.0
265.7960588051298,0.00019439344407203154,6.526514753424994e-16,0.0
265.83515796058805,0.00022477998146606227,6.52185012137255e-16,0.0
265.8742571160463,0.0001626662608422778,6.517084679691954e-16,0.0
265.91335627150454,8.32466400195651e-05,6.512162745445078e-16,0.0
265.9524554269628,0.00018837961500808132,6.508066231263899e-16,0.0
265.99155458242103,0.00022896183852203657,6.502841905891186e-16,0.0
266.0306537378793,0.00016187316903868703,6.498525970234216e-16,0.0
266.0697528933375,8.703499105108054e-05,6.493102489933843e-16,0.0
266.1088520487957,0.00018188887398522784,6.489022523285353e-16,0.0
266.14795120425396,0.00023431305588823706,6.484003507989295e-16,0.0
266.1870503597122,0.00015901204914640598,6.479436713833703e-16,0.0
266.22614951517045,8.994225853266105e-05,6.474594640389926e-16,0.0
266.2652486706287,0.00017747373042748812,6.470464148947652e-16,0.0
266.30434782608694,0.00023828125682099732,6.465258811500989e-16,0.0
266.3434469815452,0.0001564269002910637,6.460959871927006e-16,0.0
266.38254613700343,9.031819186356881e-05,6.456083487761275e-16,0.0
266.4216452924617,0.00017676529537297963,6.451351695119678e-16,0.0
266.4607444479199,0.00023895251382622553,6.446786193382804e-16,0.0
266.49984360337817,0.00015664355072364064,6.442136143373948e-16,0.0
266.5389427588364,8.764437448136369e-05,6.437662527225944e-16,0.0
266.57804191429466,0.00017927649041829072,6.432807996427674e-16,0.0
266.6171410697529,0.00023602398394733442,6.428364223816134e-16,0.0
266.65624022521115,0.0001607476705850608,6.423439940137655e-16,0.0
266.6953393806694,8.26932060787432e-05,6.419130045818301e-16,0.0
266.7344385361276,0.00018268544452302503,6.413742324597858e-16,0.0
266.77353769158583,0.0002309952143448227,6.409991299388819e-16,0.0
266.8126368470441,0.00016756927277058054,6.404919586554848e-16,0.0
266.8517360025023,7.73886686423474e-05,6.400616792704634e-16,0.0
266.89083515796057,0.0001843121435921232,6.395606040503031e-16,0.0
266.9299343134188,0.00022652121063074227,6.391191426157135e-16,0.0
266.96903346887706,0.00017450690299686706,6.386653261433892e-16,0.0
267.0081326243353,7.417410203125206e-05,6.381888779034196e-16,0.0
267.04723177979355,0.000182515601729341,6.377415236584916e-16,0.0
267.0863309352518,0.00022504014468467505,6.372961874057939e-16,0.0
267.12543009071004,0.00017910881420630677,6.367679510693265e-16,0.0
267.1645292461683,7.465363835778382e-05,6.363804992929111e-16,0.0
267.20362840162653,0.0001773357013285023,6.359234825975674e-16,0.0
267.2427275570848,0.00022732061989343767,6.354217162483301e-16,0.0
267.281826712543,0.00018021056726669343,6.350141485948557e-16,0.0
267.32092586800127,7.837830413341278e-05,6.345336927241986e-16,0.0
267.36002502345946,0.0001703921011974888,6.340889631318761e-16,0.0
267.3991241789177,0.00023202954180402303,6.336165720751602e-16,0.0
267.43822333437595,0.00017830535292970447,6.332107118930187e-16,0.0
267.4773224898342,8.329767095038435e-05,6.327023062490278e-16,0.0
267.51642164529244,0.0001641485112766021,6.322635277154149e-16,0.0
267.5555208007507,0.00023668917393309096,6.318166734624446e-16,0.0
267.59461995620893,0.00017525090411786668,6.313819693545828e-16,0.0
267.6337191116672,8.725698735393443e-05,6.308856560445472e-16,0.0
267.6728182671254,0.0001606840125852009,6.30486360314757e-16,0.0
267.71191742258367,0.00023912722797448744,6.300164327993612e-16,0.0
267.7510165780419,0.0001734006725605482,6.295365855148914e-16,0.0
267.79011573350016,8.895483015390607e-05,6.290987589275683e-16,0.0
267.8292148889584,0.00016054006545008774,6.286701997994804e-16,0.0
267.86831404441665,0.00023842758253243002,6.281846143281486e-16,0.0
267.9074131998749,0.00017440324690585536,6.278097821450392e-16,0.0
267.94651235533314,8.81533646991767e-05,6.272579051025725e-16,0.0
267.98561151079133,0.00016254301300953008,6.268167030462177e-16,0.0
268.0247106662496,0.00023510552627434045,6.264188795305666e-16,0.0
268.0638098217078,0.00017835712706929286,6.259608736052778e-16,0.0
268.10290897716607,8.552609628890577e-05,6.254895047434893e-16,0.0
268.1420081326243,0.00016473540386734227,6.250775659329666e-16,0.0
268.18110728808256,0.00023067014695674564,6.246212788311411e-16,0.0
268.2202064435408,0.00018398303312443782,6.240830317057658e-16,0.0
268.25930559899905,8.232797274071129e-05,6.237617279197439e-16,0.0
268.2984047544573,0.0001655020508610718,6.232846070904834e-16,0.0
268.33750390991554,0.00022684827230539317,6.228226744885209e-16,0.0
268.3766030653738,0.00018956803214589774,6.223924822573901e-16,0.0
268.41570222083203,7.992225810105222e-05,6.219036908286993e-16,0.0
268.4548013762903,0.0001641315032205831,6.215001888983148e-16,0.0
268.4939005317485,0.00022482481142611555,6.210268615228429e-16,0.0
268.53299968720677,0.0001938319325023227,6.206384923930118e-16,0.0
268.572098842665,7.925713638493796e-05,6.201322281396299e-16,0.0
268.6111979981232,0.00016077763094913367,6.197385562099831e-16,0.0
268.65029715358145,0.00022487640368389113,6.19247032505933e-16,0.0
268.6893963090397,0.00019625064468477076,6.188663145439115e-16,0.0
268.72849546449794,8.055668000760268e-05,6.183703274431498e-16,0.0
268.7675946199562,0.00015611430932063926,6.179458186380516e-16,0.0
268.80669377541443,0.00022653122123816584,6.175193199897275e-16,0.0
268.8457929308727,0.0001969289525946781,6.170497033943706e-16,0.0
268.8848920863309,8.343583876593162e-05,6.166270981757997e-16,0.0
268.92399124178917,0.0001509707572084025,6.16238501001137e-16,0.0
268.9630903972474,0.0002289931668848535,6.157193493461597e-16,0.0
269.00218955270566,0.00019631792734857044,6.153261802775725e-16,0.0
269.0412887081639,8.725530072890372e-05,6.148817820771882e-16,0.0
269.08038786362215,0.00014612564960595547,6.144515886702012e-16,0.0
269.1194870190804,0.00023145428157487116,6.139922950595397e-16,0.0
269.15858617453864,0.0001950232746456108,6.135397600034713e-16,0.0
269.1976853299969,9.135663028750132e-05,6.13147730322018e-16,0.0
269.23678448545513,0.00014226703984594397,6.127142544686194e-16,0.0
269.2758836409133,0.00023317551764507992,6.12299935427321e-16,0.0
269.31498279637157,0.00019377894624143742,6.117766957336705e-16,0.0
269.3540819518298,9.508888941814246e-05,6.114104016142164e-16,0.0
269.39318110728806,0.00013995669637234707,6.109572885050397e-16,0.0
269.4322802627463,0.00023349673905463246,6.10537349761228e-16,0.0
269.47137941820455,0.00019345236860666902,6.100864916924723e-16,0.0
269.5104785736628,9.779768059410322e-05,6.096627795759859e-16,0.0
269.54957772912104,0.00013943338898979608,6.092082248900052e-16,0.0
269.5886768845793,0.0002319758895075323,6.088384881604993e-16,0.0
269.62777604003753,0.00019485520867890382,6.083084602464215e-16,0.0
269.6668751954958,9.894360101161393e-05,6.079488247135569e-16,0.0
269.705974350954,0.0001403223183552392,6.074625550179744e-16,0.0
269.74507350641227,0.00022868316451336772,6.0709795849259145e-16,0.0
269.7841726618705,0.00019829995550083368,6.066031515261392e-16,0.0
269.82327181732876,9.837178833340421e-05,6.062542999588588e-16,0.0
269.862370972787,0.00014155535232559944,6.05715676249446e-16,0.0
269.9014701282452,0.0002244597866460611,6.05398687926753e-16,0.0
269.94056928370344,0.00020319056471286462,6.048687610495453e-16,0.0
269.9796684391617,9.661565446291386e-05,6.045105396998991e-16,0.0
270.01876759461993,0.0001417093663311682,6.040568320337408e-16,0.0
270.0578667500782,0.00022083427867473126,6.0365658388121405e-16,0.0
270.0969659055364,0.00020807312279280189,6.031285882866735e-16,0.0
270.13606506099467,9.500433695749472e-05,6.028299547360142e-16,0.0
270.1751642164529,0.00013963398088182236,6.023245064444139e-16,0.0
270.21426337191116,0.00021937901951805142,6.019198530782391e-16,0.0
270.2533625273694,0.00021125166875992163,6.014927999557594e-16,0.0
270.29246168282765,9.524997387202466e-05,6.010960259289167e-16,0.0
270.3315608382859,0.0001350695837047756,6.006591236497861e-16,0.0
270.37065999374414,0.00022070436954469265,6.002044024252023e-16,0.0
270.4097591492024,0.0002116573789722226,5.998096110285927e-16,0.0
270.44885830466063,9.84061743942472e-05,5.993755685426149e-16,0.0
270.4879574601189,0.0001289996248185913,5.989636696849184e-16,0.0
270.52705661557707,0.00022382642989240859,5.985395830626354e-16,0.0
270.5661557710353,0.00020954650926164345,5.981263402164296e-16,0.0
270.60525492649356,0.00010392111162086867,5.976847446332593e-16,0.0
270.6443540819518,0.00012348936179649525,5.972579613850084e-16,0.0
270.68345323741005,0.00022655336598513746,5.968802595212335e-16,0.0
270.7225523928683,0.00020666635252098014,5.964213940044426e-16,0.0
270.76165154832654,0.00010982008466770186,5.960130224339501e-16,0.0
270.8007507037848,0.00012073589809090166,5.9557717707604e-16,0.0
270.83984985924303,0.00022667919690292048,5.952072055440398e-16,0.0
270.8789490147013,0.00020557890221598778,5.947219087335871e-16,0.0
270.9180481701595,0.00011383035398624074,5.943441789220425e-16,0.0
270.95714732561777,0.00012153470780235315,5.939325584388857e-16,0.0
270.996246481076,0.0002232275606557862,5.934853756070138e-16,0.0
271.03534563653426,0.0002081447308122063,5.930795307011867e-16,0.0
271.0744447919925,0.00011450865103315432,5.926662629334068e-16,0.0
271.11354394745075,0.000124445959683522,5.922365752255144e-16,0.0
271.15264310290894,0.00021716947250204486,5.918572873275933e-16,0.0
271.1917422583672,0.00021406116855028225,5.913876628374942e-16,0.0
271.23084141382543,0.00011197807521492128,5.909730549404286e-16,0.0
271.2699405692837,0.0001266501557373939,5.9058489885105e-16,0.0
271.3090397247419,0.0002112748528649455,5.901664943240871e-16,0.0
271.34813888020017,0.0002208051646786684,5.897351976479697e-16,0.0
271.3872380356584,0.00010823981653273363,5.893428794341956e-16,0.0
271.42633719111666,0.00012559129461169315,5.889384884429805e-16,0.0
271.4654363465749,0.00020881045966492524,5.884733916485102e-16,0.0
271.50453550203315,0.00022509521204974522,5.880571408025521e-16,0.0
271.5436346574914,0.00010669281225485282,5.87705921984981e-16,0.0
271.58273381294964,0.0001201845924229123,5.872395568189367e-16,0.0
271.6218329684079,0.00021137043073332564,5.868714314432905e-16,0.0
271.66093212386613,0.0002246902111683732,5.864135907598345e-16,0.0
271.7000312793244,0.00011020244388229423,5.860414416533135e-16,0.0
271.7391304347826,0.00011139724909266546,5.856312959702235e-16,0.0
271.77822959024087,0.00021745242081306384,5.852282517295417e-16,0.0
271.81732874569906,0.00021961400071796413,5.84760638924935e-16,0.0
271.8564279011573,0.00011864157802497954,5.844145331850717e-16,0.0
271.89552705661555,0.00010232223116260627,5.839807424722322e-16,0.0
271.9346262120738,0.00022327252291169162,5.835842162513341e-16,0.0
271.97372536753204,0.00021251784414887413,5.831660266511795e-16,0.0
272.0128245229903,0.00012879798075012512,5.827514554704827e-16,0.0
272.05192367844853,9.724984078979998e-05,5.823661694147143e-16,0.0
272.0910228339068,0.00022499134728257768,5.819426862574768e-16,0.0
272.130121989365,0.00020784502735118074,5.815591876648425e-16,0.0
272.16922114482327,0.00013662605067645553,5.811048355717344e-16,0.0
272.2083203002815,9.887352737050522e-05,5.807463940680511e-16,0.0
272.24741945573976,0.00022061725587467748,5.803175294190858e-16,0.0
272.286518611198,0.00020941965313026547,5.799004091785416e-16,0.0
272.32561776665625,0.00013922889176184593,5.795061746352799e-16,0.0
272.3647169221145,0.0001056222263064619,5.79118273366693e-16,0.0
272.40381607757274,0.00021097079157084166,5.786844396183987e-16,0.0
272.44291523303093,0.00021757342922411378,5.782755054323632e-16,0.0
272.4820143884892,0.00013582813567574673,5.779054854523384e-16,0.0
272.5211135439474,0.00011299663823121077,5.774578316447226e-16,0.0
272.56021269940567,0.00019972800791912107,5.770959777044921e-16,0.0
272.5993118548639,0.00022866875826766604,5.766705468227315e-16,0.0
272.63841101032216,0.0001282174314844655,5.762792678035242e-16,0.0
272.6775101657804,0.00011678432755877215,5.758771104037303e-16,0.0
272.71660932123865,0.00019218552619815841,5.754495876597109e-16,0.0
272.7557084766969,0.00023754615732258285,5.750881819835289e-16,0.0
272.79480763215514,0.00012075839021702476,5.746264424761823e-16,0.0
272.8339067876134,0.00011466496240511255,5.74345360385557e-16,0.0
272.87300594307163,0.0001922744280388933,5.738344957015515e-16,0.0
272.9121050985299,0.0002402993858699796,5.73484585601023e-16,0.0
272.9512042539881,0.0001189225645823822,5.73031027049542e-16,0.0
272.99030340944637,0.00010653609640469457,5.726605062811943e-16,0.0
273.0294025649046,0.00019946925022963665,5.723085675552329e-16,0.0
273.0685017203628,0.0002358168728894426,5.719001245268364e-16,0.0
273.10760087582105,0.00012546471304534504,5.714556750331008e-16,0.0
273.1467000312793,9.455283255152815e-05,5.710578633198223e-16,0.0
273.18579918673754,0.00020910519618753162,5.70720948551933e-16,0.0
273.2248983421958,0.00022622571431822266,5.702932090897181e-16,0.0
273.26399749765403,0.0001377731697031198,5.698407638404663e-16,0.0
273.3030966531123,8.308466916327929e-05,5.695349076893419e-16,0.0
273.3421958085705,0.00021568918066130439,5.691118830386589e-16,0.0
273.38129496402877,0.00021636535965823044,5.686978165806379e-16,0.0
273.420394119487,0.00015033774047241522,5.682915731751435e-16,0.0
273.45949327494526,7.759995729040726e-05,5.679231988411251e-16,0.0
273.4985924304035,0.00021567122692975932,5.675645595949654e-16,0.0
273.53769158586175,0.00021179830699259323,5.670839830648607e-16,0.0
273.57679074132,0.00015844456425485537,5.66731391220299e-16,0.0
273.61588989677824,8.067108255418666e-05,5.663403302213812e-16,0.0
273.6549890522365,0.00020854509270874704,5.659143958854756e-16,0.0
273.6940882076947,0.00021539663363863272,5.655672010984337e-16,0.0
273.7331873631529,0.00015979818601118226,5.651757550288555e-16,0.0
273.77228651861117,8.903439317652307e-05,5.647506828826358e-16,0.0
273.8113856740694,0.00019690301199832536,5.643782229285174e-16,0.0
273.85048482952766,0.00022514854639809638,5.639806306411078e-16,0.0
273.8895839849859,0.00015487865690711288,5.63582143031966e-16,0.0
273.92868314044415,9.717255950574516e-05,5.632339833184878e-16,0.0
273.9677822959024,0.00018566668559135064,5.628238059626806e-16,0.0
274.00688145136064,0.00023580711256099854,5.623954027674382e-16,0.0
274.0459806068189,0.000146854902576404,5.62063236041563e-16,0.0
274.08507976227713,0.00010116241522014217,5.616474960437574e-16,0.0
274.1241789177354,0.00017999652544628777,5.612712922601157e-16,0.0
274.1632780731936,0.0002423357853961702,5.608966720523637e-16,0.0
274.20237722865187,0.00014079693407172277,5.604582899881073e-16,0.0
274.2414763841101,9.939834624935532e-05,5.601527677685718e-16,0.0
274.28057553956836,0.00018204086415635765,5.596986380943192e-16,0.0
274.31967469502655,0.00024213687850839556,5.593126511996279e-16,0.0
274.3587738504848,0.00014128263918791983,5.589669295124472e-16,0.0
274.39787300594304,9.232986037561692e-05,5.585660879192402e-16,0.0
274.4369721614013,0.00018930410921158455,5.581708819469746e-16,0.0
274.47607131685953,0.00023572507492326702,5.577937553392916e-16,0.0
274.5151704723178,0.00014907058849471957,5.573815696061471e-16,0.0
274.554269627776,8.226617775269361e-05,5.569910952769622e-16,0.0
274.59336878323427,0.00019673799394157086,5.566108314406852e-16,0.0
274.6324679386925,0.00022642350506993922,5.562553865534925e-16,0.0
274.67156709415076,0.0001605878313494417,5.558692662007473e-16,0.0
274.710666249609,7.319554500527468e-05,5.554278508516546e-16,0.0
274.74976540506725,0.0001999510004332361,5.55146275892799e-16,0.0
274.7888645605255,0.0002191216035775989,5.54702242171024e-16,0.0
274.82796371598374,0.00017090277361613492,5.542596359977284e-16,0.0
274.867062871442,6.962780839782304e-05,5.539863906588276e-16,0.0
274.90616202690023,0.0001969022456375047,5.535502890085924e-16,0.0
274.9452611823585,0.00021789971479162462,5.531976887302321e-16,0.0
274.98436033781667,0.0001764175354011742,5.527689739755638e-16,0.0
275.0234594932749,7.330499968835083e-05,5.524060467218714e-16,0.0
275.06255864873316,0.00018821491791252208,5.520200912981223e-16,0.0
275.1016578041914,0.0002235068527587445,5.516793504747839e-16,0.0
275.14075695964965,0.00017584626824428864,5.512210605398987e-16,0.0
275.1798561151079,8.142818771820161e-05,5.508989303294905e-16,0.0
275.21895527056614,0.00017681078479193373,5.504905716358833e-16,0.0
275.2580544260244,0.00023301231356362534,5.501946996162576e-16,0.0
275.29715358148263,0.00017026868787012078,5.497110614325989e-16,0.0
275.3362527369409,8.969250299421832e-05,5.49411766340639e-16,0.0
275.3753518923991,0.00016695233317694913,5.490052141980294e-16,0.0
275.41445104785737,0.00024198090468323453,5.486089969163919e-16,0.0
275.4535502033156,0.00016275021089659522,5.483085477846626e-16,0.0
275.49264935877386,9.503692101952619e-05,5.478706921239286e-16,0.0
275.5317485142321,0.0001624055328639919,5.475120191185123e-16,0.0
275.57084766969035,0.0002468618041789532,5.471174630879004e-16,0.0
275.60994682514854,0.00015737040213172133,5.467860151370955e-16,0.0
275.6490459806068,9.607514732649382e-05,5.463592517468469e-16,0.0
275.68814513606503,0.00016422892766938666,5.459944451867859e-16,0.0
275.7272442915233,0.0002461543069099784,5.456903567210595e-16,0.0
275.7663434469815,0.00015737126174387726,5.452391561086629e-16,0.0
275.80544260243977,9.282026510206994e-05,5.448648883031535e-16,0.0
275.844541757898,0.0001701912993112308,5.444983376130338e-16,0.0
275.88364091335626,0.00024054926614682865,5.441394737493273e-16,0.0
275.9227400688145,0.00016321963874916937,5.437729350756918e-16,0.0
275.96183922427275,8.643441397844094e-05,5.433996533172055e-16,0.0
276.000938379731,0.0001765565460290956,5.430299959125516e-16,0.0
276.04003753518924,0.0002324792865648473,5.425857698721849e-16,0.0
276.0791366906475,0.00017250555364760957,5.423251430293342e-16,0.0
276.11823584610573,7.902907903962969e-05,5.418751978746081e-16,0.0
276.157335001564,0.00018020992277692393,5.415444838267869e-16,0.0
276.1964341570222,0.00022519788645481115,5.41139809666738e-16,0.0
276.2355333124804,0.00018177363573120488,5.408140094656987e-16,0.0
276.27463246793866,7.327717031608725e-05,5.403539537825242e-16,0.0
276.3137316233969,0.00017966180041742712,5.400904431064174e-16,0.0
276.35283077885515,0.00022143287022980608,5.3966175633562075e-16,0.0
276.3919299343134,0.00018832079623758215,5.392994597081154e-16,0.0
276.43102908977164,7.139594743261046e-05,5.389419366471849e-16,0.0
276.4701282452299,0.00017515084382245855,5.386054173533277e-16,0.0
276.50922740068813,0.0002220812048627446,5.381708398615231e-16,0.0
276.5483265561464,0.00019099550491907965,5.378241573457335e-16,0.0
276.5874257116046,7.370842887661523e-05,5.374480393485287e-16,0.0
276.62652486706287,0.00016831947276438013,5.371203030796525e-16,0.0
276.6656240225211,0.0002258550057989933,5.367426038221763e-16,0.0
276.70472317797936,0.0001902819221263081,5.363849188857135e-16,0.0
276.7438223334376,7.843344411569531e-05,5.359991187652206e-16,0.0
276.78292148889585,0.00016157869975430095,5.356765264557543e-16,0.0
276.8220206443541,0.0002302059425421426,5.352253636362079e-16,0.0
276.8611197998123,0.00018797181462170459,5.349323353811849e-16,0.0
276.90021895527053,8.311035644797443e-05,5.345454163288829e-16,0.0
276.9393181107288,0.00015711322770683338,5.341946844048755e-16,0.0
276.978417266187,0.0002327486424376735,5.338024526192055e-16,0.0
277.01751642164527,0.00018643217063799635,5.33480577648431e-16,0.0
277.0566155771035,8.590742328410373e-05,5.330980592877852e-16,0.0
277.09571473256176,0.00015576463888850538,5.327287205375628e-16,0.0
277.13481388802,0.00023231199188494472,5.323681716827357e-16,0.0
277.17391304347825,0.0001874849082325236,5.32008775764672e-16,0.0
277.2130121989365,8.612233472148672e-05,5.31654946772419e-16,0.0
277.25211135439474,0.00015654183804150788,5.312502734864513e-16,0.0
277.291210509853,0.000229357639262581,5.309402016481408e-16,0.0
277.33030966531123,0.0001913642362662085,5.305708873020078e-16,0.0
277.3694088207695,8.42981178610569e-05,5.30211152971782e-16,0.0
277.4085079762277,0.00015725645679145472,5.298158983929571e-16,0.0
277.44760713168597,0.0002257775128895517,5.295051245075492e-16,0.0
277.4867062871442,0.0001965413384113504,5.290904382293749e-16,0.0
277.5258054426024,8.215169124541865e-05,5.287917047225533e-16,0.0
277.56490459806065,0.00015576909085854472,5.283735669287789e-16,0.0
277.6040037535189,0.00022402734054409289,5.280299873146123e-16,0.0
277.64310290897714,0.00020060729899183,5.276931191348752e-16,0.0
277.6822020644354,8.203036334530613e-05,5.27317818382644e-16,0.0
277.72130121989363,0.0001510415897514238,5.26961418828286e-16,0.0
277.7604003753519,0.000225728879494423,5.266191627005067e-16,0.0
277.7994995308101,0.00020155712415829318,5.261906672783585e-16,0.0
277.83859868626837,8.556560101212461e-05,5.259292331198732e-16,0.0
277.8776978417266,0.00014370221993396045,5.255390833353723e-16,0.0
277.91679699718486,0.00023049682756235833,5.251875075410345e-16,0.0
277.9558961526431,0.00019881785825375128,5.247963326745973e-16,0.0
277.99499530810135,9.233024433980713e-05,5.245036044897782e-16,0.0
278.0340944635596,0.00013607926047423105,5.240369276600623e-16,0.0
278.07319361901784,0.0002359684700563095,5.238166238640685e-16,0.0
278.1122927744761,0.00019376166175633905,5.234030112041967e-16,0.0
278.1513919299343,0.00010003392211152574,5.230436549248546e-16,0.0
278.1904910853925,0.00013141209250025994,5.226836062692954e-16,0.0
278.22959024085077,0.00023905014420127116,5.223506684371817e-16,0.0
278.268689396309,0.00018948371670637968,5.220047921926335e-16,0.0
278.30778855176726,0.00010590190084206835,5.216402100005261e-16,0.0
278.3468877072255,0.00013194803977939368,5.212642143366965e-16,0.0
278.38598686268375,0.00023746322461026877,5.2092325533267e-16,0.0
278.425086018142,0.00018945748300439256,5.205998336611565e-16,0.0
278.46418517360024,0.00010784375609183068,5.202854810966352e-16,0.0
278.5032843290585,0.0001370382389762105,5.198173175674839e-16,0.0
278.54238348451673,0.0002308685411338801,5.19551496455824e-16,0.0
278.581482639975,0.00019526755008003317,5.191619398387176e-16,0.0
278.6205817954332,0.00010510984103567616,5.188037983746261e-16,0.0
278.65968095089147,0.00014339149801241815,5.184876792615933e-16,0.0
278.6987801063497,0.00022133472385109872,5.180896279203068e-16,0.0
278.73787926180796,0.00020519761184143324,5.177592221145971e-16,0.0
278.77697841726615,9.872708695478852e-05,5.174231887750886e-16,0.0
278.8160775727244,0.00014715789788991327,5.171019201781771e-16,0.0
278.85517672818264,0.0002129021499921016,5.166862500759427e-16,0.0
278.8942758836409,0.0002152187156462191,5.163667963395647e-16,0.0
278.93337503909913,9.17720047795917e-05,5.160305280673878e-16,0.0
278.9724741945574,0.00014572252485933274,5.156388169999125e-16,0.0
279.0115733500156,0.00020978529046776913,5.153463801808614e-16,0.0
279.05067250547387,0.0002212786185093421,5.149960772322998e-16,0.0
279.0897716609321,8.877605114562501e-05,5.14587922635446e-16,0.0
279.12887081639036,0.00013855527229725446,5.142749903378125e-16,0.0
279.1679699718486,0.0002135772921913751,5.139745611344757e-16,0.0
279.20706912730685,0.0002211255509213525,5.13575384324684e-16,0.0
279.2461682827651,9.290982878307536e-05,5.132405148921039e-16,0.0
279.28526743822334,0.0001275087419559661,5.129196406301345e-16,0.0
279.3243665936816,0.00022181819252281899,5.125296924981729e-16,0.0
279.36346574913983,0.00021523347805318843,5.122327186350937e-16,0.0
279.402564904598,0.00010282915580635255,5.118336299267788e-16,0.0
279.44166406005627,0.00011666667913273166,5.115772474616536e-16,0.0
279.4807632155145,0.00022962333752064358,5.111711400928724e-16,0.0
279.51986237097276,0.0002069233416719107,5.10791383171799e-16,0.0
279.558961526431,0.00011392036265799076,5.105009243911189e-16,0.0
279.59806068188925,0.00011098131141069721,5.102005053532275e-16,0.0
279.6371598373475,0.00023257286381439846,5.097786471257737e-16,0.0
279.67625899280574,0.00020132706943441726,5.094793038543024e-16,0.0
279.715358148264,0.00012171393581272494,5.09103307066891e-16,0.0
279.75445730372223,0.00011289998787983705,5.088157126044342e-16,0.0
279.7935564591805,0.00022868945337992596,5.084384640944941e-16,0.0
279.8326556146387,0.00020264910618737894,5.080778247862461e-16,0.0
279.87175477009697,0.00012361359297840386,5.077549591955099e-16,0.0
279.9108539255552,0.00011990317846521292,5.074379261119628e-16,0.0
279.94995308101346,0.00021921795437620433,5.070549638570764e-16,0.0
279.9890522364717,0.00021100629584371578,5.067223795569825e-16,0.0
280.0281513919299,0.00011941994316975808,5.064176341633955e-16,0.0
280.06725054738814,0.00012673333473640558,5.06030501469639e-16,0.0
280.1063497028464,0.00020842092888606926,5.057462313838126e-16,0.0
280.14544885830463,0.00022219691792542602,5.053729508053997e-16,0.0
280.1845480137629,0.00011160805249461935,5.050450790022873e-16,0.0
280.2236471692211,0.0001289709184413388,5.046871635597635e-16,0.0
280.26274632467937,0.0002019716329158305,5.043664907361069e-16,0.0
280.3018454801376,0.0002306737003076679,5.040464545485394e-16,0.0
280.34094463559586,0.00010520342032884995,5.036384675849428e-16,0.0
280.3800437910541,0.00012458211779996966,5.034143216863571e-16,0.0
280.41914294651235,0.00020357255506432597,5.030193009592852e-16,0.0
280.4582421019706,0.00023252827345680385,5.027029114489017e-16,0.0
280.49734125742884,0.00010574593580474928,5.023109856561765e-16,0.0
280.5364404128871,0.00011419395057258508,5.020285876630511e-16,0.0
280.57553956834533,0.0002119838384619802,5.016581126780373e-16,0.0
280.6146387238036,0.00022698114121806758,5.01350016463579e-16,0.0
280.6537378792618,0.00011475912233012868,5.010002940774741e-16,0.0
280.69283703472,0.00010110944203942763,5.006913538240768e-16,0.0
280.73193619017826,0.0002219577774885566,5.003010162309038e-16,0.0
280.7710353456365,0.0002167311003080557,5.000211299365402e-16,0.0
280.81013450109475,0.0001281894701605602,4.996614075311442e-16,0.0
280.849233656553,9.093243079605546e-05,4.9934507005133455e-16,0.0
280.88833281201124,0.0002278643792500229,4.989943083414577e-16,0.0
280.9274319674695,0.00020725499601353828,4.986533845953031e-16,0.0
280.96653112292773,0.0001402431930197796,4.983484638956164e-16,0.0
281.005630278386,8.904208971880059e-05,4.979866159517664e-16,0.0
281.0447294338442,0.00022639588296881065,4.976699347393019e-16,0.0
281.08382858930247,0.0002043754155319573,4.973141098682176e-16,0.0
281.1229277447607,0.00014671952742225286,4.970127960511546e-16,0.0
281.16202690021896,9.562234147368773e-05,4.966423652075746e-16,0.0
281.2011260556772,0.00021755582128489507,4.963368771740833e-16,0.0
281.24022521113545,0.00021037065270968196,4.960065054177055e-16,0.0
281.2793243665937,0.00014600994260826448,4.95656940744289e-16,0.0
281.3184235220519,0.00010541862873058132,4.953460728934847e-16,0.0
281.35752267751013,0.00020459677622051005,4.950191117477254e-16,0.0
281.3966218329684,0.00022215773808665856,4.946794977960073e-16,0.0
281.4357209884266,0.00013924049379026505,4.94366117645786e-16,0.0
281.47482014388487,0.00011283959625989849,4.940338364161803e-16,0.0
281.5139192993431,0.00019299666259013938,4.936928161497713e-16,0.0
281.55301845480136,0.00023388166404789904,4.933531720734673e-16,0.0
281.5921176102596,0.00013012725381113515,4.930741940447596e-16,0.0
281.63121676571785,0.00011469828698099087,4.926964989126575e-16,0.0
281.6703159211761,0.00018792219840014392,4.923921008694778e-16,0.0
281.70941507663434,0.0002406430848245607,4.920303115147698e-16,0.0
281.7485142320926,0.0001240167591408343,4.917737536898697e-16,0.0
281.78761338755083,0.00011035384037957687,4.913825518212919e-16,0.0
281.8267125430091,0.00019079726114136516,4.911053234645439e-16,0.0
281.8658116984673,0.0002404370425023274,4.907625817806415e-16,0.0
281.90491085392557,0.00012506639690904598,4.904171426986779e-16,0.0
281.94401000938376,0.00010134012599753638,4.901059031817083e-16,0.0
281.983109164842,0.00019831862814509763,4.898057441960538e-16,0.0
282.02220832030025,0.00023446079144199183,4.894418447738838e-16,0.0
282.0613074757585,0.0001329409984105547,4.891546916610932e-16,0.0
282.10040663121674,9.094193045352972e-05,4.887780616422881e-16,0.0
282.139505786675,0.00020529805584814292,4.884760665897343e-16,0.0
282.17860494213323,0.00022639899073244367,4.881735570074683e-16,0.0
282.2177040975915,0.00014339003653397498,4.878238988175791e-16,0.0
282.2568032530497,8.328798125268657e-05,4.875070024826417e-16,0.0
282.29590240850797,0.00020793674158657398,4.872001766085935e-16,0.0
282.3350015639662,0.00022071483908060356,4.868459662996738e-16,0.0
282.37410071942446,0.0001518759533476061,4.86557697151339e-16,0.0
282.4131998748827,8.119121758830538e-05,4.862039051351819e-16,0.0
282.45229903034095,0.00020521686753550102,4.858766062549131e-16,0.0
282.4913981857992,0.00022019117852137892,4.855726390708426e-16,0.0
282.53049734125744,0.00015592807959708305,4.852562167800585e-16,0.0
282.56959649671563,8.388586161254199e-05,4.849397004977585e-16,0.0
282.6086956521739,0.00019878252429914077,4.84582138351939e-16,0.0
282.6477948076321,0.00022426466890500304,4.842814858633337e-16,0.0
282.68689396309037,0.00015562570335649937,4.839712416845641e-16,0.0
282.7259931185486,8.795868792290754e-05,4.836483648953377e-16,0.0
282.76509227400686,0.00019189001977440415,4.833275781599118e-16,0.0
282.8041914294651,0.00022980475700996,4.829928316366643e-16,0.0
282.84329058492335,0.00015313451654834438,4.826782614500227e-16,0.0
282.8823897403816,9.026736531080784e-05,4.823722511747929e-16,0.0
282.92148889583984,0.00018763033644792577,4.820607358789779e-16,0.0
282.9605880512981,0.00023350086461774446,4.81712471590039e-16,0.0
282.99968720675633,0.0001515332209108946,4.814214151978066e-16,0.0
283.0387863622146,8.943448924248547e-05,4.81073864987556e-16,0.0
283.0778855176728,0.00018708831380157592,4.80782281565058e-16,0.0
283.11698467313107,0.0002337412853337401,4.804600712857785e-16,0.0
283.1560838285893,0.0001530409875192372,4.801459532703084e-16,0.0
283.19518298404756,8.591374060940223e-05,4.798119957899516e-16,0.0
283.23428213950575,0.00018883085323023437,4.795524761598013e-16,0.0
283.273381294964,0.00023114267827996915,4.791583952027747e-16,0.0
283.31248045042224,0.00015762807019542552,4.788976992076722e-16,0.0
283.3515796058805,8.15176929124575e-05,4.785495505676973e-16,0.0
283.39067876133873,0.00019021050694008324,4.782742265411077e-16,0.0
283.429777916797,0.00022792294077626988,4.779268240290776e-16,0.0
283.4688770722552,0.00016329124146263502,4.776200228821232e-16,0.0
283.50797622771347,7.853306353928344e-05,4.772949718040636e-16,0.0
283.5470753831717,0.00018918047590496003,4.770217480596169e-16,0.0
283.58617453862996,0.00022649684022780042,4.76679729265159e-16,0.0
283.6252736940882,0.00016764526684173202,4.763368890276666e-16,0.0
283.66437284954645,7.839563070129905e-05,4.760757136799331e-16,0.0
283.7034720050047,0.00018531797720342753,4.757112538630628e-16,0.0
283.74257116046294,0.0002279685512891938,4.754220201156722e-16,0.0
283.7816703159212,0.00016934664118582594,4.750980438706006e-16,0.0
283.82076947137944,8.07354103728025e-05,4.748291491121694e-16,0.0
283.8598686268376,0.00017982028010683212,4.744793534245563e-16,0.0
283.89896778229587,0.0002315372881951069,4.741689089678903e-16,0.0
283.9380669377541,0.0001686211038213344,4.738814206039037e-16,0.0
283.97716609321236,8.38539004114529e-05,4.73547554862391e-16,0.0
284.0162652486706,0.00017471565330791635,4.73246306461927e-16,0.0
284.05536440412885,0.00023524672498003785,4.729215373364862e-16,0.0
284.0944635595871,0.00016695935284085877,4.726059622525989e-16,0.0
284.13356271504534,8.603303366718705e-05,4.723247294427712e-16,0.0
284.1726618705036,0.00017165636696141317,4.71979415946035e-16,0.0
284.21176102596183,0.00023732780764571348,4.716536607478193e-16,0.0
284.2508601814201,0.0001662147641996145,4.714138904808434e-16,0.0
284.2899593368783,8.63999151754638e-05,4.710288725685837e-16,0.0
284.32905849233657,0.00017095949687397058,4.7078715918801435e-16,0.0
284.3681576477948,0.00023712392445009148,4.70437325135069e-16,0.0
284.40725680325306,0.00016751516513398353,4.701246436639331e-16,0.0
284.4463559587113,8.509161481168053e-05,4.69815550881395e-16,0.0
284.4854551141695,0.00017160497792436684,4.695452753362202e-16,0.0
284.52455426962774,0.0002352095105780542,4.691691538272942e-16,0.0
284.563653425086,0.00017068523925209764,4.689468866202176e-16,0.0
284.60275258054423,8.298255757517693e-05,4.685774283426493e-16,0.0
284.6418517360025,0.00017212488714825794,4.682825929486618e-16,0.0
284.6809508914607,0.00023283936169474513,4.679686670276493e-16,0.0
284.72005004691897,0.00017461215213098025,4.677104512073702e-16,0.0
284.7591492023772,8.115527804730965e-05,4.673437899270201e-16,0.0
284.79824835783546,0.00017156232779333555,4.670794347963904e-16,0.0
284.8373475132937,0.00023111225705898478,4.667655213739495e-16,0.0
284.87644666875195,0.0001781533884269866,4.664327118110346e-16,0.0
284.9155458242102,8.029923677282435e-05,4.66143664903686e-16,0.0
284.95464497966844,0.00016986230591878692,4.658523226220702e-16,0.0
284.9937441351267,0.0002303598924765547,4.655603787797572e-16,0.0
285.03284329058494,0.0001808279403110383,4.652468824783246e-16,0.0
285.0719424460432,8.038101709529746e-05,4.64929954421088e-16,0.0
285.11104160150137,0.00016763109391231397,4.646353516481376e-16,0.0
285.1501407569596,0.0002301457023818076,4.643245355629632e-16,0.0
285.18923991241786,0.00018291233526179855,4.640397254998694e-16,0.0
285.2283390678761,8.084165464221611e-05,4.637150365301931e-16,0.0
285.26743822333435,0.00016554325772578132,4.634196606680523e-16,0.0
285.3065373787926,0.0002297999098991583,4.631175493650256e-16,0.0
285.34563653425084,0.00018502525159141723,4.628107173094344e-16,0.0
285.3847356897091,8.112862657428653e-05,4.625049820509361e-16,0.0
285.42383484516733,0.00016380984557128324,4.621862681133928e-16,0.0
285.4629340006256,0.00022902213826015653,4.619509071649811e-16,0.0
285.5020331560838,0.00018754529658437756,4.615605159065636e-16,0.0
285.54113231154207,8.112792187269401e-05,4.613251116589791e-16,0.0
285.5802314670003,0.00016206247061095551,4.609795075933591e-16,0.0
285.61933062245856,0.00022811576865971488,4.606797401333008e-16,0.0
285.6584297779168,0.00019027773262208,4.604168729384292e-16,0.0
285.69752893337505,8.124340217301177e-05,4.60087645707451e-16,0.0
285.73662808883324,0.000159692986094244,4.597946334570754e-16,0.0
285.7757272442915,0.00022773816382245493,4.595349574713032e-16,0.0
285.81482639974973,0.00019258988245483786,4.591721129313484e-16,0.0
285.853925555208,8.21154391902966e-05,4.589376267752834e-16,0.0
285.8930247106662,0.00015635046320169098,4.585589405125586e-16,0.0
285.93212386612447,0.0002283765213308862,4.583037968394932e-16,0.0
285.9712230215827,0.00019386892308759706,4.580030107212302e-16,0.0
286.01032217704096,8.415380222274249e-05,4.576971669680311e-16,0.0
286.0494213324992,0.00015224586674052244,4.574345373091489e-16,0.0
286.08852048795745,0.00022993747012239578,4.570937824636449e-16,0.0
286.1276196434157,0.00019395428787899186,4.568554140130579e-16,0.0
286.16671879887394,8.721316025536461e-05,4.56497731616501e-16,0.0
286.2058179543322,0.00014810028557566644,4.562277058733257e-16,0.0
286.24491710979044,0.00023174543012079952,4.559395579881922e-16,0.0
286.2840162652487,0.0001932840073185056,4.556442625425439e-16,0.0
286.3231154207069,9.065830486235612e-05,4.553416954182209e-16,0.0
286.3622145761652,0.0001447839379921853,4.550290489137091e-16,0.0
286.40131373162336,0.00023291315701678375,4.547530547418133e-16,0.0
286.4404128870816,0.00019270082183370658,4.54474075790288e-16,0.0
286.47951204253985,9.371623916127788e-05,4.54134832483151e-16,0.0
286.5186111979981,0.00014285918775572696,4.53856201226547e-16,0.0
286.55771035345634,0.00023278568074390114,4.535881430396363e-16,0.0
286.5968095089146,0.00019304743769671515,4.532744526891844e-16,0.0
286.63590866437283,9.581523141260954e-05,4.529692626807632e-16,0.0
286.6750078198311,0.00014231581865462386,4.52669455436324e-16,0.0
286.7141069752893,0.00023118692000055578,4.523938420789269e-16,0.0
286.75320613074757,0.0001947930216438808,4.521115430080043e-16,0.0
286.7923052862058,9.673492996330885e-05,4.517919634567626e-16,0.0
286.83140444166406,0.00014265180001361296,4.515046865404645e-16,0.0
286.8705035971223,0.00022840124761462505,4.512083025746586e-16,0.0
286.90960275258055,0.0001979019185758427,4.509371056864303e-16,0.0
286.9487019080388,9.657755020382329e-05,4.505979409515831e-16,0.0
286.98780106349705,0.00014316802611650254,4.503611142544291e-16,0.0
287.02690021895523,0.00022499533532936028,4.500446830419664e-16,0.0
287.0659993744135,0.00020195747847841854,4.497263526503527e-16,0.0
287.1050985298717,9.566034908596204e-05,4.494896359135418e-16,0.0
287.14419768532997,0.00014321622619765888,4.491514803996768e-16,0.0
287.1832968407882,0.00022163958767731375,4.489054650242254e-16,0.0
287.22239599624646,0.0002063627186433759,4.485877632193899e-16,0.0
287.2614951517047,9.443874705622823e-05,4.483086498243673e-16,0.0
287.30059430716295,0.00014227777760081423,4.480088584926968e-16,0.0
287.3396934626212,0.00021901914206514156,4.477238661714697e-16,0.0
287.37879261807944,0.00021045213159804558,4.474420167308217e-16,0.0
287.4178917735377,9.351143851642961e-05,4.471433878722756e-16,0.0
287.45699092899594,0.00013994862187841412,4.468696451252721e-16,0.0
287.4960900844542,0.00021778586065414587,4.465695742284422e-16,0.0
287.5351892399124,0.00021351762378794028,4.463056398771573e-16,0.0
287.5742883953707,9.364018906877008e-05,4.45985701076035e-16,0.0
287.6133875508289,0.0001359743228064632,4.457287840046632e-16,0.0
287.6524867062871,0.00021841799525880868,4.454039421329125e-16,0.0
287.69158586174535,0.00021487677260318677,4.451523471809068e-16,0.0
287.7306850172036,9.561433994468674e-05,4.448491193988553e-16,0.0
287.76978417266184,0.0001304098152964866,4.44539535261419e-16,0.0
287.8088833281201,0.00022094001151124848,4.442887154106843e-16,0.0
287.84798248357833,0.00021408552853136384,4.4399808001285357e-16,0.0
287.8870816390366,9.986741861365432e-05,4.436928029661364e-16,0.0
287.9261807944948,0.00012385031128484244,4.4340242336656294e-16,0.0
287.96527994995307,0.0002246670381576494,4.4312881945387577e-16,0.0
288.0043791054113,0.00021126468458638518,4.428466789314406e-16,0.0
288.04347826086956,0.0001060627868836046,4.4254816458327584e-16,0.0
288.0825774163278,0.0001175576993818844,4.422765554774561e-16,0.0
288.12167657178605,0.00022823812935434496,4.4196110886591595e-16,0.0
288.1607757272443,0.00020736828781995668,4.4170654237351603e-16,0.0
288.19987488270255,0.00011303729528780986,4.4141214884965307e-16,0.0
288.2389740381608,0.00011321763401610125,4.4111147853069624e-16,0.0
288.278073193619,0.0002300328822173258,4.4084113088990474e-16,0.0
288.3171723490772,0.00020413363226224923,4.4056936235840814e-16,0.0
288.35627150453547,0.00011919033335288416,4.4028548657818855e-16,0.0
288.3953706599937,0.00011215040139614998,4.3997194709670386e-16,0.0
288.43446981545196,0.00022880388914941745,4.397085503457356e-16,0.0
288.4735689709102,0.00020348906909691214,4.394463011261117e-16,0.0
288.51266812636845,0.00012305473092993528,4.391419533151971e-16,0.0
288.5517672818267,0.0001143562364926048,4.3885729572705345e-16,0.0
288.59086643728494,0.00022425372134140463,4.385560881662401e-16,0.0
288.6299655927432,0.00020652936075948294,4.383368670210915e-16,0.0
288.66906474820144,0.00012380048037042248,4.380004385770826e-16,0.0
288.7081639036597,0.00011832590602259891,4.3772552341111263e-16,0.0
288.7472630591179,0.000217328985605602,4.3746493995200744e-16,0.0
288.7863622145762,0.000212736829867216,4.3719675311435287e-16,0.0
288.8254613700344,0.0001215735423980108,4.3688930534758707e-16,0.0
288.86456052549266,0.00012186562815209359,4.36616411285984e-16,0.0
288.9036596809509,0.00021005553503996538,4.363520791600315e-16,0.0
288.9427588364091,0.0002201640329264063,4.3604818149580776e-16,0.0
288.98185799186734,0.00011760934139333892,4.35785080438106e-16,0.0
289.0209571473256,0.00012313038479831885,4.354827730700538e-16,0.0
289.06005630278383,0.00020480147317066566,4.3526381107381176e-16,0.0
289.0991554582421,0.0002264399220836124,4.34910541498617e-16,0.0
289.1382546137003,0.0001139831668558617,4.3467572972569677e-16,0.0
289.1773537691586,0.0001212298311989278,4.3437863416723264e-16,0.0
289.2164529246168,0.0002031338657609948,4.341094033279153e-16,0.0
289.25555208007506,0.00022983240231736997,4.33840909953708e-16,0.0
289.2946512355333,0.00011282063159268148,4.3353166584816004e-16,0.0
289.33375039099155,0.00011637497633797284,4.332678334884642e-16,0.0
289.3728495464498,0.00020496317835782404,4.3300170621788185e-16,0.0
289.41194870190805,0.00022983686073486885,4.3272990461342843e-16,0.0
289.4510478573663,0.00011516247985811625,4.32446421623332e-16,0.0
289.49014701282454,0.00010969688241309325,4.321687954742641e-16,0.0
289.5292461682828,0.0002087243608635911,4.318593198111413e-16,0.0
289.56834532374097,0.00022718785528574647,4.3162175171257214e-16,0.0
289.6074444791992,0.00012040110604559986,4.313240952733885e-16,0.0
289.64654363465746,0.00010280073904503816,4.3107407481134626e-16,0.0
289.6856427901157,0.00021242852856066222,4.3079142579050064e-16,0.0
289.72474194557395,0.00022338413719742367,4.3049166942450542e-16,0.0
289.7638411010322,0.0001269177427511434,4.3024943356037435e-16,0.0
289.80294025649044,9.712378564388724e-05,4.2998576419740713e-16,0.0
289.8420394119487,0.00021468132235155703,4.2962692205959084e-16,0.0
289.88113856740694,0.00021993761551101397,4.294542754026504e-16,0.0
289.9202377228652,0.00013320459423339214,4.2912307943852785e-16,0.0
289.9593368783234,9.335492176734713e-05,4.288426311786407e-16,0.0
289.9984360337817,0.0002150618877373933,4.2863464318256967e-16,0.0
290.0375351892399,0.00021772899103725076,4.28255034600798e-16,0.0
290.07663434469816,0.00013850248287598937,4.280859917589099e-16,0.0
290.1157335001564,9.134448916765763e-05,4.2774113753260586e-16,0.0
290.15483265561465,0.00021385916954076194,4.2749753924292925e-16,0.0
290.19393181107284,0.00021688076694039875,4.2721317999323785e-16,0.0
290.2330309665311,0.00014274787733818965,4.2696591360494806e-16,0.0
290.27213012198933,9.060937046355347e-05,4.2669290982388543e-16,0.0
290.3112292774476,0.00021149059698975586,4.264000041999373e-16,0.0
290.3503284329058,0.00021719889755296773,4.261267331271497e-16,0.0
290.3894275883641,0.00014609693763041167,4.2587173557787117e-16,0.0
290.4285267438223,9.092272812045952e-05,4.2559477160092365e-16,0.0
290.46762589928056,0.00020804235142683427,4.2530958197846584e-16,0.0
290.5067250547388,0.00021873104076522318,4.2506393534594487e-16,0.0
290.54582421019705,0.00014842796858914345,4.247701636020375e-16,0.0
290.5849233656553,9.241067197389641e-05,4.2450823457920704e-16,0.0
290.62402252111355,0.00020328202768688915,4.2427497131843056e-16,0.0
290.6631216765718,0.0002218751761367736,4.2394142450882383e-16,0.0
290.70222083203004,0.00014920526156139618,4.2371573280924303e-16,0.0
290.7413199874883,9.509778388698646e-05,4.2342457307300115e-16,0.0
290.7804191429465,0.00019716502384719919,4.2315350583384697e-16,0.0
290.8195182984047,0.00022687010216940822,4.2290372997954074e-16,0.0
290.85861745386296,0.00014785044606660766,4.2263102636204215e-16,0.0
290.8977166093212,9.837403837482871e-05,4.2232808874617417e-16,0.0
290.93681576477945,0.0001904796641331271,4.2210478954804647e-16,0.0
290.9759149202377,0.00023308860533420827,4.2180905972294733e-16,0.0
291.01501407569594,0.00014443252173706187,4.215618920523492e-16,0.0
291.0541132311542,0.00010092466432745231,4.2126847247667523e-16,0.0
291.09321238661244,0.00018508252698776196,4.210184862846687e-16,0.0
291.1323115420707,0.0002388196347052775,4.2073224356630504e-16,0.0
291.1714106975289,0.00014028185309291106,4.2049370961328597e-16,0.0
291.2105098529872,0.00010118873604369556,4.201892746864761e-16,0.0
291.2496090084454,0.0001832283319343617,4.1995451870758874e-16,0.0
291.28870816390366,0.00024183836037781447,4.1967203658489507e-16,0.0
291.3278073193619,0.00013800272787422457,4.194098252014486e-16,0.0
291.36690647482015,9.800608317568175e-05,4.191637853274655e-16,0.0
291.4060056302784,0.00018604815274570158,4.1886472400938393e-16,0.0
291.4451047857366,0.00024045062193793793,4.185769986362899e-16,0.0
291.48420394119483,0.00014031269214030128,4.1836947358219073e-16,0.0
291.5233030966531,9.118165827611592e-05,4.1808226731712673e-16,0.0
291.5624022521113,0.00019233492455420813,4.1780504064934556e-16,0.0
291.6015014075696,0.00023449568486988133,4.1755010263563466e-16,0.0
291.6406005630278,0.00014800258657650202,4.172771513236855e-16,0.0
291.67969971848606,8.192453588716206e-05,4.170239597312858e-16,0.0
291.7187988739443,0.00019892323335663736,4.1676933162749177e-16,0.0
291.75789802940255,0.0002259091081945446,4.1651298503102693e-16,0.0
291.7969971848608,0.00015896784390560513,4.1621737686492094e-16,0.0
291.83609634031905,7.31262964852987e-05,4.159799815668068e-16,0.0
291.8751954957773,0.0002022971353137648,4.1571055767648125e-16,0.0
291.91429465123554,0.0002184500129609004,4.1545208743924055e-16,0.0
291.9533938066938,0.00016943518348928166,4.151930559988042e-16,0.0
291.992492962152,6.883412596382308e-05,4.149013540163042e-16,0.0
292.0315921176103,0.00020013728711289766,4.1468178254994386e-16,0.0
292.0706912730685,0.00021613232940403563,4.143903297722336e-16,0.0
292.1097904285267,0.00017591561818265468,4.141417861864995e-16,0.0
292.14888958398495,7.154870987038617e-05,4.13873580120958e-16,0.0
292.1879887394432,0.00019222285312599623,4.136394161045643e-16,0.0
292.22708789490144,0.00022068289072497288,4.133424764978518e-16,0.0
292.2661870503597,0.0001765162708878914,4.131039293079687e-16,0.0
292.30528620581794,7.947058240281704e-05,4.1281588232748255e-16,0.0
292.3443853612762,0.0001807131160125078,4.1258161645724796e-16,0.0
292.3834845167344,0.00023011316737368373,4.123216150889125e-16,0.0
292.4225836721927,0.00017155659454233337,4.1203445919455847e-16,0.0
292.4616828276509,8.833760719711987e-05,4.1179476663793143e-16,0.0
292.50078198310916,0.00016971788606772733,4.1153479917080905e-16,0.0
292.5398811385674,0.00024002397420195914,4.1126590139392355e-16,0.0
292.57898029402565,0.00016367762652833655,4.1101560622549066e-16,0.0
292.6180794494839,9.455738168640906e-05,4.107391904967822e-16,0.0
292.65717860494215,0.00016368263596873656,4.104999795563564e-16,0.0
292.6962777604004,0.0002461867555330289,4.1023066636862357e-16,0.0
292.7353769158586,0.0001572086788554733,4.0997468335623113e-16,0.0
292.7744760713168,9.620794395573936e-05,4.097073399599359e-16,0.0
292.8135752267751,0.00016465123509216268,4.094678023106839e-16,0.0
292.8526743822333,0.0002463558532765996,4.0918026046778103e-16,0.0
292.89177353769156,0.00015622633627558567,4.0894457744186017e-16,0.0
292.9308726931498,9.301118063483273e-05,4.0870334143791915e-16,0.0
292.96997184860805,0.00017068495989298554,4.0839960677966425e-16,0.0
293.0090710040663,0.00024090040222060318,4.081969820350087e-16,0.0
293.04817015952455,0.00016184597814664444,4.078990673017309e-16,0.0
293.0872693149828,8.619499556397317e-05,4.076602968599558e-16,0.0
293.12636847044104,0.0001774891641231291,4.0739385364584137e-16,0.0
293.1654676258993,0.00023252411381120895,4.0712688687529276e-16,0.0
293.2045667813575,0.00017146080888743461,4.069149648309982e-16,0.0
293.2436659368158,7.831230129247985e-05,4.0662709356081606e-16,0.0
293.282765092274,0.00018125551993940486,4.0634214075501983e-16,0.0
293.32186424773226,0.00022512771607433333,4.061505925400749e-16,0.0
293.36096340319045,0.00018093565208637666,4.058525082962622e-16,0.0
293.4000625586487,7.265008541329593e-05,4.056247392742761e-16,0.0
293.43916171410694,0.00018024263182570693,4.053180345940479e-16,0.0
293.4782608695652,0.00022188755645530166,4.0511877122485855e-16,0.0
293.51736002502344,0.00018713108520260769,4.0481655614628576e-16,0.0
293.5564591804817,7.161521722846786e-05,4.045942865335141e-16,0.0
293.5955583359399,0.00017499019659976753,4.0434556606007416e-16,0.0
293.6346574913982,0.0002234598076965129,4.0406059565379707e-16,0.0
293.6737566468564,0.00018902195091760317,4.038433553519458e-16,0.0
293.71285580231466,7.488576771058109e-05,4.03562192654477e-16,0.0
293.7519549577729,0.00016773205717549462,4.033296640502814e-16,0.0
293.79105411323116,0.000227853735029008,4.030710619294485e-16,0.0
293.8301532686894,0.00018764461420464488,4.028118289330745e-16,0.0
293.86925242414765,7.990831283398992e-05,4.0259980755349025e-16,0.0
293.9083515796059,0.00016123384890037574,4.0229064768621255e-16,0.0
293.94745073506414,0.00023211724834214213,4.0208099403416114e-16,0.0
293.9865498905223,0.00018529480832525994,4.01823271721086e-16,0.0
294.0256490459806,8.41419850340357e-05,4.015699472473222e-16,0.0
294.0647482014388,0.00015732248304733197,4.012952154875892e-16,0.0
294.10384735689706,0.00023421704105610177,4.0107172611371823e-16,0.0
294.1429465123553,0.00018421381086930778,4.008044004239909e-16,0.0
294.18204566781355,8.637049366042355e-05,4.005603070563908e-16,0.0
294.2211448232718,0.0001559384124591912,4.0029438470865764e-16,0.0
294.26024397873005,0.00023387495255263046,4.0006788873337387e-16,0.0
294.2993431341883,0.00018532049332847897,3.998226339290215e-16,0.0
294.33844228964654,8.681028382249834e-05,3.9952906711409534e-16,0.0
294.3775414451048,0.0001555483959550123,3.9932662622911356e-16,0.0
294.416640600563,0.0002322638261159853,3.990250643615483e-16,0.0
294.4557397560213,0.00018788175944576762,3.988296904060187e-16,0.0
294.4948389114795,8.663595662604387e-05,3.9855225108085745e-16,0.0
294.53393806693776,0.00015452012495347856,3.9829857296532207e-16,0.0
294.573037222396,0.00023095940082109556,3.9804085654602607e-16,0.0
294.61213637785426,0.00019038539479190216,3.9781151561737455e-16,0.0
294.65123553331244,8.714940328837435e-05,3.9755965077423366e-16,0.0
294.6903346887707,0.00015225208349520564,3.9729782991925897e-16,0.0
294.72943384422894,0.00023077448233067466,3.9706605213115263e-16,0.0
294.7685329996872,0.00019180454184034083,3.9681044466918093e-16,0.0
294.8076321551454,8.887906960724827e-05,3.9655222494795727e-16,0.0
294.8467313106037,0.0001494003934006113,3.962958501266516e-16,0.0
294.8858304660619,0.00023124070296270152,3.9610684200409454e-16,0.0
294.92492962152016,0.00019231107344659751,3.9580314776326277e-16,0.0
294.9640287769784,9.123428946562812e-05,3.955755287665278e-16,0.0
295.00312793243666,0.00014724582760553432,3.953338236119388e-16,0.0
295.0422270878949,0.00023109555653868307,3.950666002748305e-16,0.0
295.08132624335315,0.00019308281932277487,3.9484214480823056e-16,0.0
295.1204253988114,9.3016172783767e-05,3.9461454612591024e-16,0.0
295.15952455426964,0.00014662505968097698,3.9434596708570975e-16,0.0
295.1986237097279,0.00022933058932061285,3.941005988931477e-16,0.0
295.23772286518613,0.00019537420577985526,3.9386055932504736e-16,0.0
295.2768220206443,9.329678338984866e-05,3.936070988561196e-16,0.0
295.31592117610256,0.00014717687147324348,3.9337955545631736e-16,0.0
295.3550203315608,0.00022601841117964052,3.9311165046294434e-16,0.0
295.39411948701905,0.00019946877381609885,3.928811258085006e-16,0.0
295.4332186424773,9.205939601397524e-05,3.926438661576224e-16,0.0
295.47231779793555,0.00014752323598572008,3.923734412103017e-16,0.0
295.5114169533938,0.00022241672662051077,3.9216497321644405e-16,0.0
295.55051610885204,0.00020433417710268245,3.91908463026729e-16,0.0
295.5896152643103,9.035251160889664e-05,3.9163028286060312e-16,0.0
295.6287144197685,0.00014618224588724776,3.9140996776259453e-16,0.0
295.6678135752268,0.00022026532313846434,3.911797002329209e-16,0.0
295.706912730685,0.00020825468959688407,3.909278232868933e-16,0.0
295.74601188614326,8.984773944573844e-05,3.9067480221522966e-16,0.0
295.7851110416015,0.00014247419464112816,3.904211680369191e-16,0.0
295.82421019705976,0.0002206345409262737,3.9020568127005385e-16,0.0
295.863309352518,0.00020989037532564633,3.8993704440452516e-16,0.0
295.9024085079762,9.181767600018384e-05,3.8973576787527407e-16,0.0
295.94150766343444,0.00013693339751892107,3.894575349871066e-16,0.0
295.9806068188927,0.00022312804170412419,3.8922779582571813e-16,0.0
296.0197059743509,0.0002090512919796715,3.889799208752682e-16,0.0
296.0588051298092,9.616944845190042e-05,3.8874652756836194e-16,0.0
296.0979042852674,0.00013110843153518793,3.885211304602096e-16,0.0
296.13700344072566,0.00022611104891074834,3.8825374888110593e-16,0.0
296.1761025961839,0.0002068309808885739,3.8804655805958193e-16,0.0
296.21520175164216,0.00010149876070730335,3.87759660906559e-16,0.0
296.2543009071004,0.00012678238802769595,3.8754400616002933e-16,0.0
296.29340006255865,0.00022774944356122423,3.873100907661831e-16,0.0
296.3324992180169,0.00020504790506184703,3.870432547574926e-16,0.0
296.37159837347514,0.00010606775087842588,3.8681039520702905e-16,0.0
296.4106975289334,0.00012490199041161832,3.8659089612868327e-16,0.0
296.44979668439163,0.0002270457577427371,3.8635318182073404e-16,0.0
296.4888958398499,0.00020520799190666008,3.860671819450466e-16,0.0
296.52799499530806,0.0001087580391331259,3.8588273323829775e-16,0.0
296.5670941507663,0.00012496338568439302,3.8562991177360355e-16,0.0
296.60619330622455,0.00022429493211424082,3.853652583026036e-16,0.0
296.6452924616828,0.00020758681704233177,3.851587048228836e-16,0.0
296.68439161714105,0.00010951112477711563,3.849004446621088e-16,0.0
296.7234907725993,0.0001254409768608864,3.8467331011772353e-16,0.0
296.76258992805754,0.00022083407512406763,3.8442303569847716e-16,0.0
296.8016890835158,0.0002111321190865358,3.842073332712874e-16,0.0
296.840788238974,0.00010926505736362612,3.8395683461016847e-16,0.0
296.8798873944323,0.00012483663585726422,3.8372795091774007e-16,0.0
296.9189865498905,0.00021823895863936683,3.8346381131653354e-16,0.0
296.95808570534876,0.000214248045314663,3.8324476975830443e-16,0.0
296.997184860807,0.00010944584124163822,3.8298689842864795e-16,0.0
297.03628401626526,0.00012249444137453608,3.8279739981599716e-16,0.0
297.0753831717235,0.00021737672802389093,3.8253235690117746e-16,0.0
297.11448232718175,0.0002158002368389011,3.823235528504637e-16,0.0
297.15358148263994,0.00011114834650247344,3.820424806262734e-16,0.0
297.1926806380982,0.0001188223667451811,3.8184190549111893e-16,0.0
297.2317797935564,0.00021791857972781984,3.815963335044998e-16,0.0
297.2708789490147,0.00021569881772578008,3.8134214843453443e-16,0.0
297.3099781044729,0.00011446447009174837,3.811570719499979e-16,0.0
297.34907725993116,0.00011498334539684759,3.808552538407973e-16,0.0
297.3881764153894,0.00021865534876492983,3.806663204470107e-16,0.0
297.42727557084766,0.00021484809003177456,3.803953079363591e-16,0.0
297.4663747263059,0.00011849733443212708,3.8019257908966684e-16,0.0
297.50547388176415,0.00011222247626419899,3.799507096022791e-16,0.0
297.5445730372224,0.0002183167109627652,3.797008247386036e-16,0.0
297.58367219268064,0.00021457017366930463,3.794976976489301e-16,0.0
297.6227713481389,0.00012200688386881662,3.792322263014591e-16,0.0
297.66187050359713,0.0001111369061273544,3.790029200904849e-16,0.0
297.7009696590554,0.00021628752055755974,3.7877741477506655e-16,0.0
297.7400688145136,0.00021582149288354975,3.7854574427589973e-16,0.0
297.77916796997187,0.00012411417143407344,3.7829826286528714e-16,0.0
297.81826712543005,0.00011136093736534446,3.7807188966467993e-16,0.0
297.8573662808883,0.00021285849342120552,3.7783951035377895e-16,0.0
297.89646543634655,0.00021866705769844688,3.7760991613022617e-16,0.0
297.9355645918048,0.00012466376746526656,3.773620705674964e-16,0.0
297.97466374726304,0.00011188873916638904,3.7715050649309467e-16,0.0
298.0137629027213,0.00020899947578232166,3.7690215563564644e-16,0.0
298.0528620581795,0.000222334445653945,3.7668380106125265e-16,0.0
298.0919612136378,0.00012420322754472788,3.7645538128778787e-16,0.0
298.131060369096,0.0001116926071676303,3.762063675581468e-16,0.0
298.17015952455426,0.0002058443234374405,3.7599590224784307e-16,0.0
298.2092586800125,0.0002257199027437341,3.757599436779447e-16,0.0
298.24835783547076,0.00012369047438070437,3.75534014818227e-16,0.0
298.287456990929,0.00011015859221677902,3.752813556526694e-16,0.0
298.32655614638725,0.00020416806789574443,3.7507382677509757e-16,0.0
298.3656553018455,0.00022792423308367203,3.7483650536999345e-16,0.0
298.40475445730374,0.00012408131655349742,3.7460489334890665e-16,0.0
298.4438536127619,0.00010719006559006338,3.7434026409238036e-16,0.0
298.4829527682202,0.00020411883376063043,3.7415766191790977e-16,0.0
298.5220519236784,0.00022852463023547085,3.7394207707374965e-16,0.0
298.56115107913666,0.0001259794259142095,3.736452478480689e-16,0.0
298.6002502345949,0.00010309940472194638,3.7348437511528266e-16,0.0
298.63934939005316,0.00020528084561961178,3.7321609496625583e-16,0.0
298.6784485455114,0.0002275794798167757,3.7300058124180747e-16,0.0
298.71754770096965,0.00012949010897707526,3.7278923507676334e-16,0.0
298.7566468564279,9.845907909178992e-05,3.7252859285872653e-16,0.0
298.79574601188614,0.00020690980570783123,3.7230836110772083e-16,0.0
298.8348451673444,0.0002255256612580492,3.7208614793206977e-16,0.0
298.87394432280263,0.00013426597471966634,3.718926065549888e-16,0.0
298.9130434782609,9.401331101028531e-05,3.716060739822439e-16,0.0
298.9521426337191,0.00020813734298056724,3.714338840723269e-16,0.0
298.99124178917737,0.0002231056309037138,3.7117942265876625e-16,0.0
299.0303409446356,0.00013961413698510228,3.7093071216562367e-16,0.0
299.0694401000938,9.062334368131861e-05,3.7072489247902576e-16,0.0
299.10853925555205,0.00020810157626266772,3.7049303727022146e-16,0.0
299.1476384110103,0.00022131831461557586,3.702934194118758e-16,0.0
299.18673756646854,0.00014459322914952695,3.7004848235206057e-16,0.0
299.2258367219268,8.909909528874668e-05,3.6977783366332816e-16,0.0
299.264935877385,0.00020610730936855987,3.6962971002501035e-16,0.0
299.3040350328433,0.00022124307005314174,3.69353051637903e-16,0.0
299.3431341883015,0.0001481594162109307,3.6911402806419654e-16,0.0
299.38223334375976,8.981542796597928e-05,3.689106483371984e-16,0.0
299.421332499218,0.00020190485504959415,3.686707372787802e-16,0.0
299.46043165467626,0.00022360509939165312,3.684823108802749e-16,0.0
299.4995308101345,0.00014944879374538463,3.6820089001679656e-16,0.0
299.53862996559275,9.231470664744628e-05,3.6802841078132874e-16,0.0
299.577729121051,0.0001960366854422669,3.677579441816272e-16,0.0
299.61682827650924,0.0002282192101288587,3.675480355994157e-16,0.0
299.6559274319675,0.0001481977522324597,3.673578737554088e-16,0.0
299.6950265874257,9.529488991314852e-05,3.670884385446859e-16,0.0
299.7341257428839,0.00019003037409559006,3.66884282505396e-16,0.0
299.77322489834216,0.0002337371165104068,3.666520345175113e-16,0.0
299.8123240538004,0.0001451807033355895,3.6644606907146e-16,0.0
299.85142320925866,9.705955093894902e-05,3.661985023086963e-16,0.0
299.8905223647169,0.0001860884986709846,3.659965829161804e-16,0.0
299.92962152017515,0.00023801602596482875,3.657425897325872e-16,0.0
299.9687206756334,0.00014239117606411192,3.6557123245568684e-16,0.0
300.00781983109164,9.612398363165983e-05,3.652882932623817e-16,0.0
300.0469189865499,0.00018604096470183388,3.6510110640807107e-16,0.0
300.08601814200813,0.00023898301006224266,3.648706123892804e-16,0.0
300.1251172974664,0.00014250779363577507,3.6465716950521866e-16,0.0
300.1642164529246,9.173366378865823e-05,3.6444351511357213e-16,0.0
300.20331560838287,0.00019000730564048266,3.641806208932071e-16,0.0
300.2424147638411,0.00023560643263853269,3.639812519046514e-16,0.0
300.28151391929936,0.0001473881070016154,3.6379016687607074e-16,0.0
300.3206130747576,8.427428643614721e-05,3.635258652623535e-16,0.0
300.3597122302158,0.0001959406670735132,3.6331888927162225e-16,0.0
300.39881138567404,0.00022863330955077792,3.6308663822667807e-16,0.0
300.4379105411323,0.00015652594685220599,3.629059132825947e-16,0.0
300.4770096965905,7.561925568810107e-05,3.626321182976776e-16,0.0
300.5161088520488,0.00020057699472551967,3.6244565719042603e-16,0.0
300.555208007507,0.00022079028055190344,3.6220647632025774e-16,0.0
300.59430716296526,0.00016710024090188418,3.6203179563616924e-16,0.0
300.6334063184235,6.918664020418289e-05,3.6174513601891577e-16,0.0
300.67250547388176,0.00020096941430791996,3.615534848713224e-16,0.0
300.71160462934,0.00021600850322987214,3.6132719508771365e-16,0.0
300.75070378479825,0.00017551447070321386,3.611322708648739e-16,0.0
300.7898029402565,6.858753825853395e-05,3.60882197059937e-16,0.0
300.82890209571474,0.00019570055921717993,3.606895808145257e-16,0.0
300.868001251173,0.00021738717319640433,3.6045844396608352e-16,0.0
300.90710040663123,0.0001789869308866379,3.6024255439205063e-16,0.0
300.9461995620895,7.442577285019424e-05,3.60021502823882e-16,0.0
300.98529871754766,0.00018554317874292723,3.597986412788053e-16,0.0
301.0243978730059,0.00022494009586124255,3.5959357164875557e-16,0.0
301.06349702846416,0.000176540648063038,3.5938192232115866e-16,0.0
301.1025961839224,8.347973875376215e-05,3.591502264683782e-16,0.0
301.14169533938065,0.00017356568623382997,3.589406273124137e-16,0.0
301.1807944948389,0.00023534483732313326,3.5869978080695933e-16,0.0
301.21989365029714,0.00016949106718242712,3.58516004165361e-16,0.0
301.2589928057554,9.164225210334393e-05,3.5829387216989844e-16,0.0
301.29809196121363,0.00016435180977180563,3.58032568378722e-16,0.0
301.3371911166719,0.00024398933026126052,3.5787395132164633e-16,0.0
301.3762902721301,0.00016141467099205087,3.576076595665856e-16,0.0
301.41538942758837,9.600395362307925e-05,3.574295784179248e-16,0.0
301.4544885830466,0.00016175542869010032,3.5718786518590467e-16,0.0
301.49358773850486,0.00024730383940088445,3.569474075022027e-16,0.0
301.5326868939631,0.000157063245768421,3.568023145150249e-16,0.0
301.57178604942135,9.525953709463666e-05,3.565125278970625e-16,0.0
301.61088520487954,0.00016606395327670723,3.563323783793317e-16,0.0
301.6499843603378,0.00024410631265572603,3.560946706290883e-16,0.0
301.689083515796,0.0001597087106152681,3.5589025458478637e-16,0.0
301.7281826712543,8.970093366714642e-05,3.5567433987922024e-16,0.0
301.7672818267125,0.00017366331087291758,3.554420033027707e-16,0.0
301.80638098217077,0.0002359822546162839,3.552372485503553e-16,0.0
301.845480137629,0.00016859292984907354,3.550400959531322e-16,0.0
301.88457929308726,8.125058573498586e-05,3.5483488736942074e-16,0.0
301.9236784485455,0.00017972796954583313,3.545536274535756e-16,0.0
301.96277760400375,0.00022680965429402013,3.543963054127231e-16,0.0
302.001876759462,0.00017956911967085534,3.5420802900449757e-16,0.0
302.04097591492024,7.341169438230538e-05,3.5393044937122775e-16,0.0
302.0800750703785,0.0001808404982073164,3.5374423624796965e-16,0.0
302.11917422583673,0.0002211842984023858,3.535309986827667e-16,0.0
302.158273381295,0.00018805988370644021,3.5331617878364106e-16,0.0
302.1973725367532,7.027845660343427e-05,3.531253219301208e-16,0.0
302.2364716922114,0.0001760789055897646,3.5287725926665777e-16,0.0
302.27557084766966,0.00022185702294893203,3.527023543898733e-16,0.0
302.3146700031279,0.00019126567398782408,3.524771701854912e-16,0.0
302.35376915858615,7.363594725131395e-05,3.522676371586668e-16,0.0
302.3928683140444,0.0001670841933212423,3.5204189085881547e-16,0.0
302.43196746950264,0.00022787897744426275,3.5182471218666046e-16,0.0
302.4710666249609,0.00018895542065927655,3.516265417747815e-16,0.0
302.51016578041913,8.113628084620135e-05,3.514333120613741e-16,0.0
302.5492649358774,0.0001574754961229299,3.511766997434463e-16,0.0
302.5883640913356,0.000235409794924277,3.5100019917935825e-16,0.0
302.62746324679387,0.0001833886450752279,3.507547072563329e-16,0.0
302.6665624022521,8.872337137335832e-05,3.5058467427890995e-16,0.0
302.70566155771036,0.00015137267282558194,3.503399309943289e-16,0.0
302.7447607131686,0.00024029464549452117,3.5013010253999137e-16,0.0
302.78385986862685,0.00017847266550725314,3.499303759801071e-16,0.0
302.8229590240851,9.333299899988846e-05,3.4970343136151167e-16,0.0
302.8620581795433,0.00015102356730999243,3.495293107723638e-16,0.0
302.9011573350015,0.00024012138110848148,3.4926208570957387e-16,0.0
302.9402564904598,0.00017791161624405527,3.490709319070679e-16,0.0
302.979355645918,9.361989226398816e-05,3.4887342095958886e-16,0.0
303.01845480137627,0.0001552284734658468,3.486708950308392e-16,0.0
303.0575539568345,0.00023498892241285058,3.4845186585727307e-16,0.0
303.09665311229276,0.00018292974583800737,3.482352647073388e-16,0.0
303.135752267751,8.990100720124293e-05,3.480431042683416e-16,0.0
303.17485142320925,0.0001604309669949632,3.4781599612475125e-16,0.0
303.2139505786675,0.0002272693739438083,3.475938134246152e-16,0.0
303.25304973412574,0.00019154243205016222,3.4741204425075267e-16,0.0
303.292148889584,8.399798291249748e-05,3.4720769785412523e-16,0.0
303.33124804504223,0.00016315162182489607,3.4695906825299524e-16,0.0
303.3703472005005,0.00022055456086811324,3.4681146781973666e-16,0.0
303.4094463559587,0.00020016168809073958,3.465334316664066e-16,0.0
303.44854551141697,7.887526255649645e-05,3.4638671817608544e-16,0.0
303.4876446668752,0.0001615234098585852,3.461455725399276e-16,0.0
303.5267438223334,0.0002179049424220983,3.4594679563791983e-16,0.0
303.56584297779165,0.00020573851004346313,3.45733913477689e-16,0.0
303.6049421332499,7.752059360084115e-05,3.455275218904246e-16,0.0
303.64404128870814,0.00015563403263724464,3.4531803954806525e-16,0.0
303.6831404441664,0.00022015278533472514,3.451183195384724e-16,0.0
303.72223959962463,0.00020693028318960233,3.4488807700651354e-16,0.0
303.7613387550829,8.101704971549858e-05,3.4470695713045884e-16,0.0
303.8004379105411,0.00014721103819359554,3.4448982140097593e-16,0.0
303.83953706599937,0.00022559087408135852,3.4428589393456137e-16,0.0
303.8786362214576,0.00020427942514025313,3.44078459955975e-16,0.0
303.91773537691586,8.778614262493723e-05,3.438405045029188e-16,0.0
303.9568345323741,0.00013890840378030653,3.4367099447121346e-16,0.0
303.99593368783235,0.00023129548684829168,3.4346018274457506e-16,0.0
304.0350328432906,0.00019977127595881326,3.4323641335509834e-16,0.0
304.07413199874884,9.511929751916602e-05,3.430392593162096e-16,0.0
304.1132311542071,0.0001332171033834338,3.4287861015381197e-16,0.0
304.1523303096653,0.00023477829553889083,3.4258534854195693e-16,0.0
304.1914294651235,0.0001959601445519813,3.424412292561473e-16,0.0
304.23052862058177,0.00010085398303381093,3.4222691395400205e-16,0.0
304.26962777604,0.00013127196056249873,3.4203303937579685e-16,0.0
304.30872693149826,0.00023488992746714904,3.418138652279357e-16,0.0
304.3478260869565,0.0001948564332352509,3.4160828560289183e-16,0.0
304.38692524241475,0.00010394024801622236,3.414170581500868e-16,0.0
304.426024397873,0.00013236474105415394,3.4120258082191914e-16,0.0
304.46512355333124,0.0002319139872693871,3.410158887005409e-16,0.0
304.5042227087895,0.00019705451362263572,3.407690940967019e-16,0.0
304.54332186424773,0.00010437415621363782,3.406488871928922e-16,0.0
304.582421019706,0.00013463043879122143,3.4036307557616755e-16,0.0
304.6215201751642,0.00022717854019991898,3.401933644643505e-16,0.0
304.66061933062247,0.00020165763450417866,3.3999451239366826e-16,0.0
304.6997184860807,0.00010295590557623461,3.397639555995725e-16,0.0
304.73881764153896,0.000136182530093865,3.39587822384862e-16,0.0
304.77791679699715,0.00022244714502565508,3.3937976141582226e-16,0.0
304.8170159524554,0.00020697036723513461,3.3917235192501493e-16,0.0
304.85611510791364,0.0001009930884390385,3.389748482505237e-16,0.0
304.8952142633719,0.00013581467932040348,3.3875808287516613e-16,0.0
304.93431341883013,0.00021926328276132415,3.385536797130682e-16,0.0
304.9734125742884,0.00021134265869623856,3.3836239039127343e-16,0.0
305.0125117297466,9.992764796562413e-05,3.381377459231613e-16,0.0
305.05161088520487,0.00013316737448127851,3.379748137190283e-16,0.0
305.0907100406631,0.00021841624421278295,3.377187043285568e-16,0.0
305.12980919612136,0.00021370386082537665,3.3756269351837847e-16,0.0
305.1689083515796,0.00010086268540117165,3.373442284941882e-16,0.0
305.20800750703785,0.0001286461578500552,3.3714358478971585e-16,0.0
305.2471066624961,0.00021969969147613252,3.369326154142875e-16,0.0
305.28620581795434,0.00021377307877727417,3.3674158085360113e-16,0.0
305.3253049734126,0.00010411082602899678,3.365511905768559e-16,0.0
305.36440412887083,0.00012327936967941993,3.3632816048142867e-16,0.0
305.403503284329,0.00022204159285229186,3.3615521069254084e-16,0.0
305.44260243978727,0.00021209463508923158,3.35921925883366e-16,0.0
305.4817015952455,0.00010903732074691002,3.3577206032803554e-16,0.0
305.52080075070376,0.00011849843233424954,3.355413752868371e-16,0.0
305.559899906162,0.0002239238460774827,3.3533536054276696e-16,0.0
305.59899906162025,0.0002099417966846678,3.3514485616800695e-16,0.0
305.6380982170785,0.00011432249780946906,3.349538137587708e-16,0.0
305.67719737253674,0.00011569733502642018,3.3473536172493853e-16,0.0
305.716296527995,0.00022392775177251594,3.3456427277624137e-16,0.0
305.75539568345323,0.00020898027947470675,3.3436141943519927e-16,0.0
305.7944948389115,0.00011846098872622278,3.3412129976148826e-16,0.0
305.8335939943697,0.00011555226203624286,3.3396263125017363e-16,0.0
305.87269314982797,0.00022127082095872881,3.3377144596332487e-16,0.0
305.9117923052862,0.00021059157316324662,3.3352242388565607e-16,0.0
305.95089146074446,0.00012027325777050095,3.3336111557142466e-16,0.0
305.9899906162027,0.00011749719607776151,3.3316087918292486e-16,0.0
306.02908977166095,0.0002162302887815438,3.3298135290899e-16,0.0
306.06818892711914,0.0002150624050628448,3.3271780705601356e-16,0.0
306.1072880825774,0.00011935259653136793,3.32563017664039e-16,0.0
306.14638723803563,0.00011987449009011732,3.323687789342144e-16,0.0
306.1854863934939,0.00021029902179188736,3.321543663844834e-16,0.0
306.2245855489521,0.00022120440158970552,3.3199446380912195e-16,0.0
306.26368470441037,0.00011641987113095032,3.3176876682394304e-16,0.0
306.3027838598686,0.00012068589737897836,3.3156327897473864e-16,0.0
306.34188301532686,0.0002058233047064225,3.313466239172116e-16,0.0
306.3809821707851,0.00022678761774215712,3.312381008466169e-16,0.0
306.42008132624335,0.0001134320254882086,3.309467760476321e-16,0.0
306.4591804817016,0.00011841334360326179,3.308017390369287e-16,0.0
306.49827963715984,0.00020494028460442103,3.30593086686467e-16,0.0
306.5373787926181,0.00022953900379048844,3.304138740198906e-16,0.0
306.57647794807633,0.00011304374242771376,3.3019510855333674e-16,0.0
306.6155771035346,0.00011259673374618446,3.2997715257647983e-16,0.0
306.6546762589928,0.00020820284765463086,3.298539099388614e-16,0.0
306.693775414451,0.00022816507775515971,3.29600020155033e-16,0.0
306.73287456990926,0.00011712479771983367,3.2939509919840686e-16,0.0
306.7719737253675,0.00010415590189420277,3.2923590010001474e-16,0.0
306.81107288082575,0.00021398743912290385,3.2902617846000624e-16,0.0
306.850172036284,0.0002230360193199526,3.2883452100627066e-16,0.0
306.88927119174224,0.00012526248828764936,3.286332997247886e-16,0.0
306.9283703472005,9.543003679716994e-05,3.2843907205848174e-16,0.0
306.96746950265873,0.00021931267130523657,3.282613497698765e-16,0.0
307.006568658117,0.00021632089386809943,3.2804844034317906e-16,0.0
307.0456678135752,0.00013492769841665978,3.278358807029882e-16,0.0
307.08476696903347,8.958476243414398e-05,3.276515685227973e-16,0.0
307.1238661244917,0.00022136573088510318,3.2747181536973407e-16,0.0
307.16296527994996,0.00021131158692065883,3.2728420776711027e-16,0.0
307.2020644354082,0.0001430436118520244,3.270540660391691e-16,0.0
307.24116359086645,8.886161125167845e-05,3.2689599385877167e-16,0.0
307.2802627463247,0.0002187371983870988,3.266612234912886e-16,0.0
307.3193619017829,0.00021079957296574835,3.265372802885044e-16,0.0
307.35846105724113,0.00014740599994191752,3.2627825370159462e-16,0.0
307.3975602126994,9.266170334289007e-05,3.261093894410566e-16,0.0
307.4366593681576,0.00021198203195900444,3.259455088394737e-16,0.0
307.47575852361587,0.00021526676154069136,3.2571142538259937e-16,0.0
307.5148576790741,0.00014740966903764498,3.2554601213042494e-16,0.0
307.55395683453236,9.800792641311167e-05,3.2534542801426447e-16,0.0
307.5930559899906,0.00020345730351766493,3.251509592026855e-16,0.0
307.63215514544885,0.0002225206492441079,3.249938951216465e-16,0.0
307.6712543009071,0.00014422927662160096,3.2473199662002506e-16,0.0
307.71035345636534,0.00010180186296865062,3.245934593444782e-16,0.0
307.7494526118236,0.0001963379562099821,3.244284269031975e-16,0.0
307.78855176728183,0.00022921866027542402,3.2414767380598775e-16,0.0
307.8276509227401,0.00014043966898892395,3.2403068650099704e-16,0.0
307.8667500781983,0.00010232576419672524,3.2378893466896884e-16,0.0
307.90584923365657,0.00019290270215833972,3.236401855455007e-16,0.0
307.94494838911476,0.00023285489302139376,3.234466943780246e-16,0.0
307.984047544573,0.00013884235004417208,3.232225309512791e-16,0.0
308.02314670003125,9.96199270206637e-05,3.230592740292523e-16,0.0
308.0622458554895,0.0001930527535143381,3.2284821248982284e-16,0.0
308.10134501094774,0.0002329370248045864,3.226647036705517e-16,0.0
308.140444166406,0.00014072601794399875,3.224824514979817e-16,0.0
308.17954332186423,9.528706807662269e-05,3.2229838635162715e-16,0.0
308.2186424773225,0.00019447080748719557,3.220793740265289e-16,0.0
308.2577416327807,0.00023106491910193704,3.2191547807367344e-16,0.0
308.29684078823897,0.00014492886568232794,3.217095144802713e-16,0.0
308.3359399436972,9.178206036493951e-05,3.215172109255185e-16,0.0
308.37503909915546,0.00019436662986265987,3.2133377647577243e-16,0.0
308.4141382546137,0.00022994906111888398,3.2115656131132275e-16,0.0
308.45323741007195,0.0001487871258241445,3.2098603442396794e-16,0.0
308.4923365655302,9.10142755470499e-05,3.20736323018463e-16,0.0
308.53143572098844,0.00019131147131814301,3.205864333364254e-16,0.0
308.57053487644663,0.0002316381473084121,3.2038644855326693e-16,0.0
308.6096340319049,0.00015002872232039677,3.202129531138898e-16,0.0
308.6487331873631,9.290838178020913e-05,3.1999462457938376e-16,0.0
308.68783234282137,0.00018612440163794835,3.1985782811544347e-16,0.0
308.7269314982796,0.00023597002693658751,3.1963450488315437e-16,0.0
308.76603065373786,0.000148190240058533,3.194545695729634e-16,0.0
308.8051298091961,9.541206147851745e-05,3.1925400500912054e-16,0.0
308.84422896465435,0.0001815556849441047,3.190899487152523e-16,0.0
308.8833281201126,0.00024055004757194692,3.188805078821728e-16,0.0
308.92242727557084,0.00014509838124384205,3.187177266560017e-16,0.0
308.9615264310291,9.594345247383494e-05,3.1850003835008784e-16,0.0
309.00062558648733,0.00018068254158872137,3.1835839685766804e-16,0.0
309.0397247419456,0.00024228298470915967,3.1814368330617513e-16,0.0
309.0788238974038,0.0001441986443585111,3.179833087319785e-16,0.0
309.11792305286207,9.277169924157915e-05,3.177091545924383e-16,0.0
309.1570222083203,0.0001846025484523209,3.176257505280651e-16,0.0
309.19612136377856,0.00023921988615858015,3.1741079946200595e-16,0.0
309.23522051923675,0.000148439624737271,3.1718012972548743e-16,0.0
309.274319674695,8.571074583689933e-05,3.1702023705033787e-16,0.0
309.31341883015324,0.00019132974666110882,3.168451487987508e-16,0.0
309.3525179856115,0.00023174582439195991,3.1663888805420457e-16,0.0
309.39161714106973,0.00015782844949084604,3.16470124074072e-16,0.0
309.430716296528,7.642172156205806e-05,3.1627514078111446e-16,0.0
309.4698154519862,0.0001970465960687496,3.1607576446853536e-16,0.0
309.50891460744447,0.00022278529772944047,3.1591536677632234e-16,0.0
309.5480137629027,0.00016922931876835016,3.157128908560017e-16,0.0
309.58711291836096,6.8449893171972e-05,3.1554757923052724e-16,0.0
309.6262120738192,0.00019831619568602216,3.153448064260908e-16,0.0
309.66531122927745,0.00021674941199924326,3.151540553302587e-16,0.0
309.7044103847357,0.00017849706480385684,3.1497658035170665e-16,0.0
309.74350954019394,6.604260835987349e-05,3.1481329459342265e-16,0.0
309.7826086956522,0.00019362052164977007,3.1457168882577003e-16,0.0
309.82170785111043,0.0002170821489094213,3.144530416517826e-16,0.0
309.8608070065686,0.0001826032705213292,3.142643633984927e-16,0.0
309.89990616202687,7.062413007529882e-05,3.140226638718015e-16,0.0
309.9390053174851,0.00018395150978515364,3.1389648838408043e-16,0.0
309.97810447294336,0.00022374464427988547,3.1368222535340633e-16,0.0
310.0172036284016,0.00018072264902113617,3.1352414202374417e-16,0.0
310.05630278385985,7.909794437746752e-05,3.133541925568321e-16,0.0
310.0954019393181,0.00017263218045841664,3.1311804931978926e-16,0.0
310.13450109477634,0.00023316820460358547,3.129930421997735e-16,0.0
310.1736002502346,0.00017452635847754215,3.127673569531012e-16,0.0
310.21269940569283,8.706278520820115e-05,3.1259603398366185e-16,0.0
310.2517985611511,0.00016417136643139,3.124063108168753e-16,0.0
310.2908977166093,0.00024070921216596468,3.1223259074387895e-16,0.0
310.32999687206757,0.00016777653708566852,3.120490194767513e-16,0.0
310.3690960275258,9.148526833821444e-05,3.11873572859447e-16,0.0
310.40819518298406,0.0001618733477165951,3.116630882969833e-16,0.0
310.4472943384423,0.00024311940205283333,3.115038297630114e-16,0.0
310.4863934939005,0.00016483479730178104,3.113131131009557e-16,0.0
310.52549264935874,9.115317639948305e-05,3.1114793128418313e-16,0.0
310.564591804817,0.00016548074743317774,3.1092173016167016e-16,0.0
310.60369096027523,0.00023971491049841137,3.107541083215224e-16,0.0
310.6427901157335,0.0001681006035295502,3.106057145952034e-16,0.0
310.6818892711917,8.652596139934736e-05,3.1040280046356693e-16,0.0
310.72098842664997,0.0001714764267458366,3.1022799030904763e-16,0.0
310.7600875821082,0.00023241484135138013,3.10023567964811e-16,0.0
310.79918673756646,0.00017632232434643125,3.0988475768932445e-16,0.0
310.8382858930247,7.957932014637696e-05,3.096857303840902e-16,0.0
310.87738504848295,0.00017571650749560164,3.094789034252766e-16,0.0
310.9164842039412,0.00022488821055167854,3.0932408587224747e-16,0.0
310.95558335939944,0.00018576614823820364,3.0914507230910336e-16,0.0
310.9946825148577,7.34776196470281e-05,3.0896133269730703e-16,0.0
311.03378167031593,0.0001755848214277904,3.087745384810658e-16,0.0
311.0728808257742,0.00022083761264406649,3.0859458412909457e-16,0.0
311.11197998123237,0.00019277597415203024,3.0842739285799646e-16,0.0
311.1510791366906,7.141820384827295e-05,3.0825993043872373e-16,0.0
311.19017829214886,0.00017068116750217373,3.0803266318303454e-16,0.0
311.2292774476071,0.00022196553424178608,3.078937753357658e-16,0.0
311.26837660306535,0.00019540799250362972,3.0771401228319503e-16,0.0
311.3074757585236,7.447949393706939e-05,3.075384412497702e-16,0.0
311.34657491398184,0.00016256456172403182,3.0737018797581986e-16,0.0
311.3856740694401,0.00022710852855468928,3.071372118297956e-16,0.0
311.42477322489833,0.00019379782071533312,3.070086693071706e-16,0.0
311.4638723803566,8.083259170960761e-05,3.0682249214434874e-16,0.0
311.5029715358148,0.00015394644928887845,3.065978055194017e-16,0.0
311.54207069127307,0.00023336978417015056,3.0645100949102097e-16,0.0
311.5811698467313,0.00018972577936700037,3.0631115496914344e-16,0.0
311.62026900218956,8.763654548740005e-05,3.060721970614635e-16,0.0
311.6593681576478,0.00014745663572386848,3.05925353936281e-16,0.0
311.69846731310605,0.00023804820639049455,3.057291709995309e-16,0.0
311.7375664685643,0.0001856626223609704,3.055775128271554e-16,0.0
311.7766656240225,9.289192839119922e-05,3.053521879254001e-16,0.0
311.81576477948073,0.00014436504872987013,3.052031936219512e-16,0.0
311.854863934939,0.0002398311007422526,3.0501968056004365e-16,0.0
311.8939630903972,0.00018357017836163994,3.0485755461336535e-16,0.0
311.93306224585547,9.590170373240835e-05,3.0466182313574337e-16,0.0
311.9721614013137,0.00014414054814679094,3.0452798059648643e-16,0.0
312.01126055677196,0.00023890004678556672,3.042967432202352e-16,0.0
312.0503597122302,0.00018405303741427496,3.041370950484798e-16,0.0
312.08945886768845,9.69940272975596e-05,3.039862218466583e-16,0.0
312.1285580231467,0.0001452681467954341,3.037782927587818e-16,0.0
312.16765717860494,0.00023630898863008469,3.0361090500966577e-16,0.0
312.2067563340632,0.00018646572332594504,3.0343762504800444e-16,0.0
312.24585548952143,9.698779748955008e-05,3.0328515598503723e-16,0.0
312.2849546449797,0.00014647607417333022,3.030905539147823e-16,0.0
312.3240538004379,0.00023312057451522282,3.029165925052115e-16,0.0
312.36315295589617,0.0001898073919836244,3.0273262797885303e-16,0.0
312.40225211135436,9.659700391548668e-05,3.025776644493528e-16,0.0
312.4413512668126,0.00014733810939972068,3.0241117791685787e-16,0.0
312.48045042227085,0.00022979763770143485,3.021867495059955e-16,0.0
312.5195495777291,0.00019355645394776583,3.0206850387701737e-16,0.0
312.55864873318734,9.602002839098115e-05,3.018592843576504e-16,0.0
312.5977478886456,0.0001480577969405851,3.0170591643340476e-16,0.0
312.63684704410383,0.00022619544524929932,3.01493922320236e-16,0.0
312.6759461995621,0.000197833138769249,3.0135513406179754e-16,0.0
312.7150453550203,9.495971848888607e-05,3.0113757429395114e-16,0.0
312.75414451047857,0.00014883333148276576,3.0100053765749964e-16,0.0
312.7932436659368,0.00022208936078133658,3.00813880941286e-16,0.0
312.83234282139506,0.00020292240846760338,3.006408655589097e-16,0.0
312.8714419768533,9.305713455486845e-05,3.004521261836416e-16,0.0
312.91054113231155,0.00014934488855187944,3.002933581846951e-16,0.0
312.9496402877698,0.0002177897353918795,3.0009938020001465e-16,0.0
312.98873944322804,0.0002086338610325726,2.9994465689880294e-16,0.0
313.02783859868623,9.04417917380407e-05,2.997563754094649e-16,0.0
313.0669377541445,0.00014873444913666918,2.995990868727126e-16,0.0
313.1060369096027,0.00021435352266699944,2.9941685870491183e-16,0.0
313.14513606506097,0.0002140402958428657,2.99218240415214e-16,0.0
313.1842352205192,8.805691646271992e-05,2.9908603494711897e-16,0.0
313.22333437597746,0.00014604352757051372,2.9887629796979336e-16,0.0
313.2624335314357,0.00021315838517695153,2.987544039333873e-16,0.0
313.30153268689395,0.00021779272599866173,2.9851986714502235e-16,0.0
313.3406318423522,8.747287589028133e-05,2.9838845280194503e-16,0.0
313.37973099781044,0.00014077869860510303,2.982455609768461e-16,0.0
313.4188301532687,0.00021502942335468553,2.980183496900243e-16,0.0
313.45792930872693,0.00021876459520743519,2.9787175525461474e-16,0.0
313.4970284641852,9.004390188943648e-05,2.976752975125563e-16,0.0
313.5361276196434,0.00013330566311371833,2.9757521611320237e-16,0.0
313.57522677510167,0.0002195409458796494,2.97327047961063e-16,0.0
313.6143259305599,0.00021663752370602608,2.9718073126036923e-16,0.0
313.6534250860181,9.588679244752716e-05,2.970097422197249e-16,0.0
313.69252424147635,0.00012493483775418267,2.968394524173476e-16,0.0
313.7316233969346,0.00022507842156731746,2.9670975097005564e-16,0.0
313.77072255239284,0.00021217832212218438,2.9645550694411266e-16,0.0
313.8098217078511,0.00010370064791583151,2.9633633095387347e-16,0.0
313.84892086330933,0.00011762580657406624,2.961568036967861e-16,0.0
313.8880200187676,0.00022958289290621596,2.959902805822106e-16,0.0
313.9271191742258,0.00020710739047188518,2.958085303984718e-16,0.0
313.96621832968407,0.00011154753199966215,2.956534587663756e-16,0.0
314.0053174851423,0.00011324752739740925,2.9547078582521473e-16,0.0
314.04441664060056,0.00023139960536316698,2.9529349611651524e-16,0.0
314.0835157960588,0.00020353962137784247,2.951337879449068e-16,0.0
314.12261495151705,0.00011771237330584903,2.949644180127348e-16,0.0
314.1617141069753,0.00011259878847130262,2.9477897147356083e-16,0.0
314.20081326243354,0.0002298079270650791,2.946464351415059e-16,0.0
314.2399124178918,0.00020312053977960542,2.94438198570731e-16,0.0
314.27901157335,0.0001211523225552551,2.9427678739444e-16,0.0
314.3181107288082,0.00011491812523225762,2.941245012238161e-16,0.0
314.35720988426647,0.00022516801436039228,2.939231410808083e-16,0.0
314.3963090397247,0.0002062618104721551,2.9378144676817423e-16,0.0
314.43540819518296,0.00012162803988556715,2.9358032488923034e-16,0.0
314.4745073506412,0.00011838714575381635,2.9347297850517724e-16,0.0
314.51360650609945,0.0002187763506537035,2.9322819879536785e-16,0.0
314.5527056615577,0.00021198469260745082,2.9310290317947015e-16,0.0
314.59180481701594,0.00011969356120823022,2.929523689184203e-16,0.0
314.6309039724742,0.00012107434633446608,2.927457212304469e-16,0.0
314.67000312793243,0.00021250196575478916,2.9258695314730893e-16,0.0
314.7091022833907,0.00021844393347196926,2.92436616038811e-16,0.0
314.7482014388489,0.00011661523578935199,2.922462137491401e-16,0.0
314.78730059430717,0.00012156925943682498,2.921089993704299e-16,0.0
314.8263997497654,0.00020822350033375937,2.919126236248307e-16,0.0
314.86549890522366,0.00022369054640496773,2.9173736511052455e-16,0.0
314.9045980606819,0.00011416359803430212,2.9160606317778977e-16,0.0
314.9436972161401,0.00011920983374924124,2.914187405447998e-16,0.0
314.98279637159834,0.00020713765445393915,2.912693068920398e-16,0.0
315.0218955270566,0.0002262728610266921,2.9105428706368674e-16,0.0
315.06099468251483,0.00011412137048638944,2.9092895697203834e-16,0.0
315.1000938379731,0.00011413616296312153,2.9076656863082606e-16,0.0
315.1391929934313,0.0002092015751971458,2.905776397683615e-16,0.0
315.17829214888957,0.00022560799178119692,2.9042299030464906e-16,0.0
315.2173913043478,0.00011748495648635936,2.902513908826516e-16,0.0
315.25649045980606,0.00010732297626942263,2.9007499070486634e-16,0.0
315.2955896152643,0.00021306740478315583,2.899274216598612e-16,0.0
315.33468877072255,0.0002221983232096562,2.897613229745911e-16,0.0
315.3737879261808,0.000123823905874506,2.8957404258013964e-16,0.0
315.41288708163904,0.00010055179173858026,2.894160219184015e-16,0.0
315.4519862370973,0.0002165953277976738,2.892568356024839e-16,0.0
315.49108539255553,0.0002176722879586184,2.8907652052517556e-16,0.0
315.5301845480138,0.00013139869855354123,2.8891612550061057e-16,0.0
315.56928370347197,9.60528421729089e-05,2.887513710894595e-16,0.0
315.6083828589302,0.00021766262055892107,2.885810564903143e-16,0.0
315.64748201438846,0.00021444999425096825,2.884378210998107e-16,0.0
315.6865811698467,0.00013792726686293698,2.882383386754874e-16,0.0
315.72568032530495,9.548757269237698e-05,2.880925728968568e-16,0.0
315.7647794807632,0.00021494514794726002,2.8792323698073015e-16,0.0
315.80387863622144,0.00021480346430609545,2.877728927518827e-16,0.0
315.8429777916797,0.00014143335584956138,2.8759986592239016e-16,0.0
315.88207694713793,9.87036255108976e-05,2.87443087362037e-16,0.0
315.9211761025962,0.00020851208881301862,2.872666616119735e-16,0.0
315.9602752580544,0.00021953490906010756,2.8710639365863655e-16,0.0
315.99937441351267,0.00014091086507673012,2.869396689102149e-16,0.0
316.0384735689709,0.00010361618151739238,2.867850141289364e-16,0.0
316.07757272442916,0.00020011976639908906,2.8662772453526286e-16,0.0
316.1166718798874,0.00022722698975864787,2.8646540622428564e-16,0.0
316.15577103534565,0.00013682670459897852,2.862509109604447e-16,0.0
316.19487019080384,0.00010740344708779519,2.8615332123497685e-16,0.0
316.2339693462621,0.00019292902947817838,2.859604113235173e-16,0.0
316.27306850172033,0.00023481837923966178,2.8579740728243286e-16,0.0
316.3121676571786,0.00013141085922341322,2.8563751514633527e-16,0.0
316.3512668126368,0.0001077479694451673,2.8546433644881905e-16,0.0
316.39036596809507,0.0001902272927759685,2.853110615867893e-16,0.0
316.4294651235533,0.000239060060068972,2.851730471066286e-16,0.0
316.46856427901156,0.00012830544247210255,2.849353822825757e-16,0.0
316.5076634344698,0.00010351622803342565,2.8484435020977825e-16,0.0
316.54676258992805,0.0001933469753787604,2.846288163627066e-16,0.0
316.5858617453863,0.00023793001110276941,2.845036946642411e-16,0.0
316.62496090084454,0.0001308335736571584,2.8433317103990095e-16,0.0
316.6640600563028,9.510457055514968e-05,2.841709157616834e-16,0.0
316.70315921176103,0.00020043391990321255,2.8398265006111113e-16,0.0
316.7422583672193,0.00023156761435003473,2.838557037596951e-16,0.0
316.7813575226775,0.00013943604848805144,2.836738998634115e-16,0.0
316.8204566781357,8.470490339076219e-05,2.835429181398602e-16,0.0
316.85955583359396,0.0002074607416444226,2.8334992094110857e-16,0.0
316.8986549890522,0.00022260760812132336,2.831955201395949e-16,0.0
316.93775414451045,0.00015107348807295187,2.830377838753825e-16,0.0
316.9768532999687,7.633426010377063e-05,2.8287140280546907e-16,0.0
317.01595245542694,0.00021041903156069396,2.8272252798736426e-16,0.0
317.0550516108852,0.000215577236467076,2.825501185000498e-16,0.0
317.09415076634343,0.00016130526202546208,2.823802943746073e-16,0.0
317.1332499218017,7.438334429497546e-05,2.8223433904533415e-16,0.0
317.1723490772599,0.00020702567801352497,2.8206972545482847e-16,0.0
317.21144823271817,0.0002148098488205787,2.8191064891650473e-16,0.0
317.2505473881764,0.0001665273232938253,2.8173126290558023e-16,0.0
317.28964654363466,7.982402835605e-05,2.8159798521950247e-16,0.0
317.3287456990929,0.00019757660850762933,2.8141298804384635e-16,0.0
317.36784485455115,0.00022148222997797157,2.8126831708852235e-16,0.0
317.4069440100094,0.0001651607564065605,2.8111327689658156e-16,0.0
317.44604316546764,8.894382694807164e-05,2.809355921207525e-16,0.0
317.48514232092583,0.0001851445903796473,2.8076991885543973e-16,0.0
317.5242414763841,0.00023250838033047157,2.806467773229955e-16,0.0
317.5633406318423,0.0001581884371761579,2.8045753732519077e-16,0.0
317.60243978730057,9.690322200914848e-05,2.802956319383269e-16,0.0
317.6415389427588,0.00017489293046073757,2.801322903951846e-16,0.0
317.68063809821706,0.00024261078764850895,2.800223700442839e-16,0.0
317.7197372536753,0.00014928623331555196,2.7981000394518465e-16,0.0
317.75883640913355,0.00010034502273957353,2.7968271859500027e-16,0.0
317.7979355645918,0.00017171927282947695,2.794906822575837e-16,0.0
317.83703472005004,0.00024725223820688716,2.7937321935773716e-16,0.0
317.8761338755083,0.00014397726705219413,2.791894711771722e-16,0.0
317.91523303096653,9.782994351660588e-05,2.79026875173335e-16,0.0
317.9543321864248,0.00017672865521844365,2.788833361298476e-16,0.0
317.993431341883,0.00024442943982926145,2.7872404449312007e-16,0.0
318.03253049734127,0.00014669698183947401,2.7856925664768534e-16,0.0
318.0716296527995,8.975937395421345e-05,2.783969288755925e-16,0.0
318.1107288082577,0.000186183734601917,2.7823804740036974e-16,0.0
318.14982796371595,0.0002353065346387229,2.7810247979026187e-16,0.0
318.1889271191742,0.00015716177222172104,2.779356444317219e-16,0.0
318.22802627463244,7.842637456003357e-05,2.7777863464980423e-16,0.0
318.2671254300907,0.00019440994590962657,2.7762112105935407e-16,0.0
318.30622458554893,0.00022399089579372078,2.7743683370477215e-16,0.0
318.3453237410072,0.00017064142587828465,2.773153744171498e-16,0.0
318.3844228964654,6.817056560775682e-05,2.771356474543883e-16,0.0
318.42352205192367,0.00019703163592658487,2.7698002431700197e-16,0.0
318.4626212073819,0.0002161435550885329,2.76830805989159e-16,0.0
318.50172036284016,0.00018162679963245059,2.766956073094464e-16,0.0
318.5408195182984,6.441743205753408e-05,2.764896809599946e-16,0.0
318.57991867375665,0.00019239313298944456,2.763376167130895e-16,0.0
318.6190178292149,0.00021602330816223653,2.7621016048719e-16,0.0
318.65811698467314,0.00018649470149977626,2.7602143913631247e-16,0.0
318.6972161401314,6.932961742699473e-05,2.759034603654276e-16,0.0
318.7363152955896,0.00018176605147932626,2.75714738182473e-16,0.0
318.7754144510478,0.00022351322516957664,2.755529637175581e-16,0.0
318.81451360650607,0.00018436155138132313,2.754580835750062e-16,0.0
318.8536127619643,7.916663995100582e-05,2.7523601196143094e-16,0.0
318.89271191742256,0.0001689453310523535,2.7511054434560315e-16,0.0
318.9318110728808,0.00023434133037208708,2.7493921434530173e-16,0.0
318.97091022833905,0.00017709737300063724,2.7482441117606696e-16,0.0
319.0100093837973,8.868295589439089e-05,2.7460272700543915e-16,0.0
319.04910853925554,0.0001590282804116017,2.7450398307680784e-16,0.0
319.0882076947138,0.00024322293643277258,2.74334464514181e-16,0.0
319.12730685017203,0.00016878964477238582,2.74202356127688e-16,0.0
319.1664060056303,9.449219258719039e-05,2.7399648873105527e-16,0.0
319.2055051610885,0.0001558839914787862,2.738507373193339e-16,0.0
319.24460431654677,0.0002466037875513811,2.737424552414326e-16,0.0
319.283703472005,0.00016423372223051008,2.7354213382600297e-16,0.0
319.32280262746326,9.528299917005931e-05,2.7339995489364437e-16,0.0
319.36190178292145,0.00015948950935909564,2.732574583179276e-16,0.0
319.4010009383797,0.00024369833445141763,2.73062926252286e-16,0.0
319.44010009383794,0.00016629746863557578,2.729498836398595e-16,0.0
319.4791992492962,9.143414717283524e-05,2.727743645557415e-16,0.0
319.51829840475443,0.00016618638297953797,2.7261858763661926e-16,0.0
319.5573975602127,0.00023633701372859412,2.724621726060677e-16,0.0
319.5964967156709,0.00017401963376601097,2.7230846000524244e-16,0.0
319.63559587112917,8.472487274981931e-05,2.721622983594321e-16,0.0
319.6746950265874,0.00017162089064660097,2.719877795312169e-16,0.0
319.71379418204566,0.00022804319511702002,2.7185991520666456e-16,0.0
319.7528933375039,0.00018370965346059342,2.7168388652829893e-16,0.0
319.79199249296215,7.797834152064793e-05,2.7155974666480576e-16,0.0
319.8310916484204,0.00017304769234980822,2.7138553123817283e-16,0.0
319.87019080387864,0.00022244199117672602,2.7123023792061756e-16,0.0
319.9092899593369,0.00019164609681137016,2.710900307009003e-16,0.0
319.94838911479513,7.418950390844147e-05,2.709677568145667e-16,0.0
319.9874882702533,0.00016992799895074632,2.707461527190616e-16,0.0
320.02658742571157,0.00022145065302090955,2.7063462489599444e-16,0.0
320.0656865811698,0.00019577782108341155,2.7049279178958216e-16,0.0
320.10478573662806,7.489294318919871e-05,2.703413795987122e-16,0.0
320.1438848920863,0.00016355107336295285,2.701659555192892e-16,0.0
320.18298404754455,0.0002244272842340265,2.7001882779282804e-16,0.0
320.2220832030028,0.0001960341599437124,2.6989351119662596e-16,0.0
320.26118235846104,7.913988248469071e-05,2.6972487725260167e-16,0.0
320.3002815139193,0.00015621255157845435,2.695922890579667e-16,0.0
320.33938066937753,0.0002290212205664009,2.6940587220796347e-16,0.0
320.3784798248358,0.0001938393939880702,2.692856811595526e-16,0.0
320.417578980294,8.460842704959386e-05,2.6910458729019957e-16,0.0
320.45667813575227,0.00015015886204701256,2.689797521417067e-16,0.0
320.4957772912105,0.00023282622582184882,2.6878090299911455e-16,0.0
320.53487644666876,0.00019123611526433408,2.6866928825745306e-16,0.0
320.573975602127,8.93295120765606e-05,2.685083608305674e-16,0.0
320.61307475758525,0.00014661772490894693,2.683530563085742e-16,0.0
320.65217391304344,0.00023448648360799857,2.681976743654529e-16,0.0
320.6912730685017,0.00018992308913739835,2.680468952024487e-16,0.0
320.73037222395993,9.236792745043616e-05,2.6791828812952105e-16,0.0
320.7694713794182,0.00014545305690909317,2.677224516872742e-16,0.0
320.8085705348764,0.00023386927998083945,2.67575885509774e-16,0.0
320.84766969033467,0.0001906227897129145,2.6745950618373633e-16,0.0
320.8867688457929,9.368590272411373e-05,2.673101264713734e-16,0.0
320.92586800125116,0.00014565135804018317,2.671375912319586e-16,0.0
320.9649671567094,0.00023163957487520062,2.669843733278604e-16,0.0
321.00406631216765,0.00019309362339626002,2.6683311588307473e-16,0.0
321.0431654676259,9.374705461995118e-05,2.66697182979164e-16,0.0
321.08226462308414,0.00014611154855322342,2.6655904974290605e-16,0.0
321.1213637785424,0.00022869134041084746,2.6638668726829295e-16,0.0
321.16046293400063,0.00019662334050539321,2.6625411617217363e-16,0.0
321.1995620894589,9.314232824621012e-05,2.6610558522636626e-16,0.0
321.2386612449171,0.00014609013328080778,2.6593251157721236e-16,0.0
321.2777604003753,0.000225775656674777,2.658164089055873e-16,0.0
321.31685955583356,0.0002004974569630222,2.656405342706634e-16,0.0
321.3559587112918,9.239134100519091e-05,2.6551794869592925e-16,0.0
321.39505786675005,0.00014518623234147245,2.6535814444915206e-16,0.0
321.4341570222083,0.00022344180416432045,2.6521340137636674e-16,0.0
321.47325617766654,0.00020413556812412244,2.65045826902213e-16,0.0
321.5123553331248,9.196288402646187e-05,2.649254930533006e-16,0.0
321.55145448858303,0.00014315554525877336,2.647666041252852e-16,0.0
321.5905536440413,0.00022213930561355505,2.645953057528981e-16,0.0
321.6296527994995,0.0002070011050437471,2.644568396960246e-16,0.0
321.66875195495777,9.23832633450987e-05,2.643264692132794e-16,0.0
321.707851110416,0.0001398529951197003,2.641675961976082e-16,0.0
321.74695026587426,0.00022220799248061062,2.640033203541184e-16,0.0
321.7860494213325,0.000208572342436168,2.6385746941914e-16,0.0
321.82514857679075,9.419141283819431e-05,2.63751824398058e-16,0.0
321.864247732249,0.00013539150360446082,2.6354587629424767e-16,0.0
321.9033468877072,0.00022364432476854425,2.6344415577819614e-16,0.0
321.94244604316543,0.00020853862003687354,2.6326312103165493e-16,0.0
321.9815451986237,9.763024664394383e-05,2.631534605390997e-16,0.0
322.0206443540819,0.00013037072936479554,2.629442743935084e-16,0.0
322.05974350954017,0.0002258426531941435,2.6286077668389017e-16,0.0
322.0988426649984,0.00020713162220603902,2.6267111619504463e-16,0.0
322.13794182045666,0.0001022980660945207,2.625795263042553e-16,0.0
322.1770409759149,0.00012590250249673194,2.623507648294719e-16,0.0
322.21614013137315,0.00022764081953450963,2.622885679087451e-16,0.0
322.2552392868314,0.00020531642984521328,2.6209449310072317e-16,0.0
322.29433844228964,0.0001071374478884565,2.6195196806309526e-16,0.0
322.3334375977479,0.00012320160679305192,2.618206452376525e-16,0.0
322.37253675320613,0.00022778250223324758,2.6167095348912853e-16,0.0
322.4116359086644,0.00020455138693118767,2.615153500338522e-16,0.0
322.4507350641226,0.00011085058592648425,2.6139254296515985e-16,0.0
322.48983421958087,0.0001228206203074141,2.6124148532905825e-16,0.0
322.52893337503906,0.00022557785787687243,2.6105464005392493e-16,0.0
322.5680325304973,0.00020604589443263326,2.609490812006341e-16,0.0
322.60713168595555,0.00011249159803689857,2.6079319364572507e-16,0.0
322.6462308414138,0.00012410523944476307,2.606220074918625e-16,0.0
322.68532999687204,0.0002214029934096386,2.6050399588655656e-16,0.0
322.7244291523303,0.00020991153167650422,2.603466528138469e-16,0.0
322.76352830778853,0.00011196348367882851,2.602102962744579e-16,0.0
322.8026274632468,0.00012544864665036526,2.6003592301575975e-16,0.0
322.841726618705,0.0002167267132930481,2.5993625982868236e-16,0.0
322.88082577416327,0.00021491176212702507,2.5972171034366863e-16,0.0
322.9199249296215,0.00011024153615663602,2.5962696912403026e-16,0.0
322.95902408507976,0.00012516428352513198,2.5947416990819345e-16,0.0
322.998123240538,0.0002134900034428038,2.593254755350061e-16,0.0
323.03722239599625,0.00021909921747448801,2.591641656675791e-16,0.0
323.0763215514545,0.00010912813305845834,2.590168283300043e-16,0.0
323.11542070691274,0.00012233199943260177,2.589112781208951e-16,0.0
323.15451986237093,0.00021299355913158475,2.5873257269756627e-16,0.0
323.1936190178292,0.00022088298196314612,2.5858879863280514e-16,0.0
323.2327181732874,0.00011036850101479776,2.584578293980263e-16,0.0
323.27181732874567,0.00011724266692425386,2.583431069774811e-16,0.0
323.3109164842039,0.00021498873078362087,2.581707822148869e-16,0.0
323.35001563966216,0.00021987570617421274,2.580214429982181e-16,0.0
323.3891147951204,0.00011447149154041015,2.5787790972039347e-16,0.0
323.42821395057865,0.00011135790857937413,2.577902975978102e-16,0.0
323.4673131060369,0.0002177673864498191,2.57577281625113e-16,0.0
323.50641226149514,0.00021714566819688717,2.5744919561770084e-16,0.0
323.5455114169534,0.00012028091715353692,2.573255647273368e-16,0.0
323.58461057241163,0.00010670735952796824,2.571916781711768e-16,0.0
323.6237097278699,0.00021921550508898513,2.570020822467884e-16,0.0
323.6628088833281,0.00021473330586670953,2.5691274561002403e-16,0.0
323.70190803878637,0.00012577325854273876,2.5677560401512965e-16,0.0
323.7410071942446,0.00010474774193088224,2.5656431268385457e-16,0.0
323.78010634970286,0.0002180148834499561,2.5650090450013076e-16,0.0
323.81920550516105,0.00021452163535062843,2.5628026868751413e-16,0.0
323.8583046606193,0.0001292733870965269,2.5619475158976615e-16,0.0
323.89740381607754,0.0001053409325381936,2.5601256739543695e-16,0.0
323.9365029715358,0.00021430379615239146,2.5590040609123583e-16,0.0
323.97560212699403,0.0002170411288733478,2.5576619373613376e-16,0.0
324.0147012824523,0.00013025763763809328,2.5557689092776326e-16,0.0
324.0538004379105,0.00010688067660815766,2.5547150486824693e-16,0.0
324.09289959336877,0.00020956235150139515,2.553327189965497e-16,0.0
324.131998748827,0.00022114138434392206,2.5514285251825056e-16,0.0
324.17109790428526,0.00012954189102830263,2.550472853084472e-16,0.0
324.2101970597435,0.00010747318283303425,2.548771937284554e-16,0.0
324.24929621520175,0.00020575881512045614,2.547773022545836e-16,0.0
324.28839537066,0.00022484572782090965,2.545744699555314e-16,0.0
324.32749452611824,0.0001288447174982305,2.544901404785534e-16,0.0
324.3665936815765,0.00010605962948217249,2.543028750052009e-16,0.0
324.40569283703474,0.00020411214778939845,2.541902314214853e-16,0.0
324.4447919924929,0.00022666412181663882,2.54040488327712e-16,0.0
324.48389114795117,0.00012976968210601375,2.5388714250345594e-16,0.0
324.5229903034094,0.00010287216649668691,2.5377881311170924e-16,0.0
324.56208945886766,0.00020427933194498636,2.536151425241305e-16,0.0
324.6011886143259,0.00022646334130044438,2.5347116868409145e-16,0.0
324.64028776978415,0.00013269887615507218,2.5332772931250785e-16,0.0
324.6793869252424,9.923024630855123e-05,2.531992531716915e-16,0.0
324.71848608070064,0.00020467218023695886,2.5305426960733414e-16,0.0
324.7575852361589,0.0002254787510150555,2.528933798223086e-16,0.0
324.79668439161713,0.00013652344486632368,2.528003981384455e-16,0.0
324.8357835470754,9.67484673372581e-05,2.5262663574866774e-16,0.0
324.8748827025336,0.00020365440413334498,2.5249965737970273e-16,0.0
324.91398185799187,0.00022546886934929892,2.5232885890499076e-16,0.0
324.9530810134501,0.00013950417000048866,2.522398704281247e-16,0.0
324.99218016890836,9.620873635212123e-05,2.520620431946361e-16,0.0
325.0312793243666,0.00020070108948335415,2.519176043066879e-16,0.0
325.0703784798248,0.0002274273531971196,2.518118284944969e-16,0.0
325.10947763528304,0.00014050856630235827,2.5165419967444064e-16,0.0
325.1485767907413,9.690042646457916e-05,2.5150116960345716e-16,0.0
325.18767594619953,0.0001968353452658709,2.513867014182308e-16,0.0
325.2267751016578,0.0002307344809631997,2.51251992621166e-16,0.0
325.265874257116,0.00013982726984422753,2.5107457454986346e-16,0.0
325.30497341257427,9.709279286063949e-05,2.5097535440515193e-16,0.0
325.3440725680325,0.0001940973670484232,2.5082495223976036e-16,0.0
325.38317172349076,0.0002334712568242791,2.5065873321943453e-16,0.0
325.422270878949,0.00013921533306914812,2.5056223154870437e-16,0.0
325.46137003440725,9.516215665821499e-05,2.5039035907062985e-16,0.0
325.5004691898655,0.00019418468831411737,2.502592298326409e-16,0.0
325.53956834532374,0.0002336546742924915,2.5014329154176677e-16,0.0
325.578667500782,0.00014097359822757636,2.4996474262255167e-16,0.0
325.61776665624024,9.05135909395758e-05,2.4987818237174562e-16,0.0
325.6568658116985,0.00019706871823106696,2.4971722364419743e-16,0.0
325.69596496715667,0.0002305236460170282,2.4957865874538206e-16,0.0
325.7350641226149,0.0001463115544967392,2.494145599365093e-16,0.0
325.77416327807316,8.403225578214722e-05,2.4931565821701315e-16,0.0
325.8132624335314,0.00020076840606368996,2.4916403009342914e-16,0.0
325.85236158898965,0.00022521630922766228,2.490337175062805e-16,0.0
325.8914607444479,0.00015423367313328453,2.4887928105942574e-16,0.0
325.93055989990614,7.806453957673242e-05,2.487502270490098e-16,0.0
325.9696590553644,0.00020249406158614146,2.4861480030322633e-16,0.0
326.00875821082263,0.00022051037244580902,2.484925571451082e-16,0.0
326.0478573662809,0.00016206647430601283,2.4832198580099344e-16,0.0
326.0869565217391,7.554944891543825e-05,2.481989906979019e-16,0.0
326.12605567719737,0.0002001733096092868,2.4805616151292974e-16,0.0
326.1651548326556,0.0002194685916555196,2.4793012881071305e-16,0.0
326.20425398811386,0.00016700011922629086,2.477945969542753e-16,0.0
326.2433531435721,7.796620671817734e-05,2.4764943155668747e-16,0.0
326.28245229903035,0.0001934887627922228,2.4750264999652644e-16,0.0
326.3215514544886,0.0002234545346921399,2.473800396588748e-16,0.0
326.3606506099468,0.00016741135654425315,2.4723111558236347e-16,0.0
326.39974976540503,8.38852967078846e-05,2.47089721234734e-16,0.0
326.4388489208633,0.0001841997628892767,2.4699227506400544e-16,0.0
326.4779480763215,0.0002310295027380602,2.4681126815457684e-16,0.0
326.51704723177977,0.00016355760827753513,2.4670381389805396e-16,0.0
326.556146387238,9.018763565124821e-05,2.4654843747019863e-16,0.0
326.59524554269626,0.00017566536748306878,2.4641366527099805e-16,0.0
326.6343446981545,0.0002388147708668988,2.462762660026742e-16,0.0
326.67344385361275,0.00015768331094698598,2.4616070209658123e-16,0.0
326.712543009071,9.408246714920473e-05,2.460131417559659e-16,0.0
326.75164216452924,0.00017135677219137576,2.4588533592493304e-16,0.0
326.7907413199875,0.00024341888664053328,2.4575207624702754e-16,0.0
326.82984047544574,0.0001533780030563845,2.455877612115582e-16,0.0
326.868939630904,9.402216447439599e-05,2.454487812558078e-16,0.0
326.9080387863622,0.00017271413231378322,2.453546541021108e-16,0.0
326.9471379418205,0.00024296500128483947,2.452049184660914e-16,0.0
326.98623709727866,0.00015387401532191995,2.4506124214524935e-16,0.0
327.0253362527369,8.985269001303471e-05,2.4493284647391043e-16,0.0
327.06443540819515,0.00017808109216361595,2.4479920688788047e-16,0.0
327.1035345636534,0.00023773570937559102,2.4467201821516367e-16,0.0
327.14263371911164,0.00015992729501971333,2.445537838965104e-16,0.0
327.1817328745699,8.276599205284083e-05,2.443588403826128e-16,0.0
327.22083203002813,0.00018392300448588753,2.4426396185305525e-16,0.0
327.2599311854864,0.00023004144013943098,2.4411942040429725e-16,0.0
327.2990303409446,0.0001693105630888595,2.4398043560184865e-16,0.0
327.33812949640287,7.517555800906182e-05,2.4386703682201897e-16,0.0
327.3772286518611,0.00018693926473625368,2.436888374681969e-16,0.0
327.41632780731936,0.00022335510559524693,2.4358875974679794e-16,0.0
327.4554269627776,0.00017847620372510707,2.434509320972033e-16,0.0
327.49452611823585,7.020554978138681e-05,2.433282083375602e-16,0.0
327.5336252736941,0.00018538170012732266,2.431804587876336e-16,0.0
327.57272442915234,0.00022074277676663136,2.430454773005626e-16,0.0
327.61182358461053,0.0001844975765391101,2.4291461694450663e-16,0.0
327.6509227400688,7.016616390453361e-05,2.427856667168206e-16,0.0
327.690021895527,0.0001793988715179694,2.4265108537127937e-16,0.0
327.72912105098527,0.00022320884324349691,2.425211201210999e-16,0.0
327.7682202064435,0.00018604577990283974,2.4237236141752023e-16,0.0
327.80731936190176,7.474320050057011e-05,2.4227469963582333e-16,0.0
327.84641851736,0.00017079695030835845,2.421122492782605e-16,0.0
327.88551767281825,0.00022921662966992495,2.4200417950475547e-16,0.0
327.9246168282765,0.00018355938340394165,2.418549540954932e-16,0.0
327.96371598373474,8.14082970248255e-05,2.417210859323359e-16,0.0
328.002815139193,0.00016238947333634205,2.415724153047239e-16,0.0
328.04191429465124,0.0002358074072250433,2.414973279462517e-16,0.0
328.0810134501095,0.00017895267999826247,2.4131302538375896e-16,0.0
328.1201126055677,8.743952521921762e-05,2.4120425572631896e-16,0.0
328.159211761026,0.00015691207103877002,2.410192599194385e-16,0.0
328.1983109164842,0.0002402125258214468,2.4097220178483295e-16,0.0
328.2374100719424,0.0001749390169310536,2.4078761072713944e-16,0.0
328.27650922740065,9.105331483013162e-05,2.4063105116847087e-16,0.0
328.3156083828589,0.00015572652062828294,2.4056802349811064e-16,0.0
328.35470753831714,0.0002408768678220907,2.403976995460169e-16,0.0
328.3938066937754,0.00017396091016504394,2.402599342430867e-16,0.0
328.43290584923363,9.153919256328303e-05,2.40144188642665e-16,0.0
328.4720050046919,0.00015814497707636348,2.3997276990413163e-16,0.0
328.5111041601501,0.0002377510630748497,2.3987436831714136e-16,0.0
328.55020331560837,0.0001770517749460487,2.397336318987385e-16,0.0
328.5893024710666,8.912069297949199e-05,2.3960248903159493e-16,0.0
328.62840162652486,0.00016200602325913696,2.394685986205408e-16,0.0
328.6675007819831,0.00023211758588541082,2.3934123671741703e-16,0.0
328.70659993744135,0.00018338626000268473,2.3920068852467213e-16,0.0
328.7456990928996,8.482568808210234e-05,2.390925589334393e-16,0.0
328.78479824835784,0.00016490409329307832,2.389521032070529e-16,0.0
328.8238974038161,0.00022612311355755488,2.38791096367607e-16,0.0
328.8629965592743,0.0001908771659344508,2.3871741588002156e-16,0.0
328.9020957147325,8.035119927051593e-05,2.3851533106922767e-16,0.0
328.94119487019077,0.00016511192659250998,2.384222816165218e-16,0.0
328.980294025649,0.00022204650628736926,2.3830760696730576e-16,0.0
329.01939318110726,0.00019723462837632741,2.3814577639753026e-16,0.0
329.0584923365655,7.771755765762257e-05,2.3803639197156666e-16,0.0
329.09759149202375,0.00016196684694582566,2.3790169851724025e-16,0.0
329.136690647482,0.00022138857219048018,2.377785493613115e-16,0.0
329.17578980294024,0.0002007926449104418,2.3763715311570463e-16,0.0
329.2148889583985,7.845309748818455e-05,2.375296765206878e-16,0.0
329.25398811385674,0.00015594326834920602,2.373792938741354e-16,0.0
329.293087269315,0.00022415639602263576,2.372794764911426e-16,0.0
329.3321864247732,0.0002009509890929906,2.371145598464994e-16,0.0
329.3712855802315,8.2629720802003e-05,2.370081039447852e-16,0.0
329.4103847356897,0.00014855475075012828,2.368725179818648e-16,0.0
329.44948389114796,0.00022883667995882324,2.3671228484293867e-16,0.0
329.4885830466062,0.00019834611046047013,2.3660825480189827e-16,0.0
329.5276822020644,8.876789227290591e-05,2.3650130382899546e-16,0.0
329.56678135752264,0.00014199862879459078,2.3635138197443955e-16,0.0
329.6058805129809,0.0002331168923835642,2.362122860905471e-16,0.0
329.64497966843913,0.00019475909906979165,2.3611381795263104e-16,0.0
329.6840788238974,9.473161445772962e-05,2.3597011292709e-16,0.0
329.7231779793556,0.0001383387305783106,2.358247253545839e-16,0.0
329.76227713481387,0.00023489585675457903,2.3573279350129215e-16,0.0
329.8013762902721,0.00019258753942689712,2.355568273688721e-16,0.0
329.84047544573036,9.866471824008602e-05,2.354285110127657e-16,0.0
329.8795746011886,0.0001383521583093115,2.353307274690509e-16,0.0
329.91867375664685,0.00023313057197725686,2.3517288155613346e-16,0.0
329.9577729121051,0.00019376386817044396,2.350722237904331e-16,0.0
329.99687206756334,9.954022556595364e-05,2.3491815866320875e-16,0.0
330.0359712230216,0.00014089326182514398,2.348124168691158e-16,0.0
330.07507037847984,0.00022832266365425467,2.346772495027209e-16,0.0
330.1141695339381,0.00019855870935677326,2.3453323932225182e-16,0.0
330.15326868939627,9.748312974270923e-05,2.344076434458356e-16,0.0
330.1923678448545,0.00014349301446127491,2.3429651977448243e-16,0.0
330.23146700031276,0.00022251455310048508,2.3416445030889425e-16,0.0
330.270566155771,0.00020524353380910236,2.3402018573046525e-16,0.0
330.30966531122925,9.396347016467528e-05,2.3389852298550995e-16,0.0
330.3487644666875,0.0001436692826595566,2.338000530159549e-16,0.0
330.38786362214574,0.00021857226432321094,2.3365149197311372e-16,0.0
330.426962777604,0.0002109966253467829,2.3350520897321677e-16,0.0
330.46606193306224,9.161315957635116e-05,2.3342442534785255e-16,0.0
330.5051610885205,0.00014002556186108197,2.3326011599468635e-16,0.0
330.5442602439787,0.0002186933228846264,2.331452573157952e-16,0.0
330.583359399437,0.00021334249136588287,2.3304280636095913e-16,0.0
330.6224585548952,9.308646206968638e-05,2.328769917601985e-16,0.0
330.66155771035346,0.00013285390232249732,2.3277246625357214e-16,0.0
330.7006568658117,0.00022287999597274806,2.3263672835450233e-16,0.0
330.73975602126995,0.00021132299757675388,2.325065556596998e-16,0.0
330.77885517672814,9.910724606918682e-05,2.3238431660175136e-16,0.0
330.8179543321864,0.0001242877110620674,2.322797624366787e-16,0.0
330.85705348764463,0.000228715337974406,2.321363279124245e-16,0.0
330.8961526431029,0.0002060970251502259,2.3199115099601567e-16,0.0
330.9352517985611,0.00010770626952319638,2.3190311069826414e-16,0.0
330.97435095401937,0.00011777696005055722,2.317328148398931e-16,0.0
331.0134501094776,0.00023272433478254356,2.316289313182733e-16,0.0
331.05254926493586,0.00020078468987116103,2.3149636681618364e-16,0.0
331.0916484203941,0.0001156095132673998,2.3140739619589797e-16,0.0
331.13074757585235,0.00011634581418666062,2.312272046115566e-16,0.0
331.1698467313106,0.0002321816375865643,2.311381251106942e-16,0.0
331.20894588676884,0.0001991871451607001,2.309881446528806e-16,0.0
331.2480450422271,0.00011999095603216603,2.3087852387178197e-16,0.0
331.28714419768534,0.00012022053367025588,2.3074402744141854e-16,0.0
331.3262433531436,0.0002263784949461565,2.306242552840654e-16,0.0
331.3653425086018,0.00020345695603035357,2.304855259991001e-16,0.0
331.40444166406,0.00011946333953936597,2.303726248634966e-16,0.0
331.44354081951826,0.00012644595155936718,2.3022895149381993e-16,0.0
331.4826399749765,0.0002171054900870006,2.301323909504024e-16,0.0
331.52173913043475,0.00021237858078306418,2.2999623488363077e-16,0.0
331.560838285893,0.0001145542776090935,2.2986526794828425e-16,0.0
331.59993744135124,0.0001310404570037633,2.2975092520769684e-16,0.0
331.6390365968095,0.0002082211392824288,2.2961278652848613e-16,0.0
331.67813575226774,0.00022210241034540634,2.294941245499735e-16,0.0
331.717234907726,0.00010789833713853159,2.293618370853733e-16,0.0
331.7563340631842,0.00013110634221300004,2.2924136265964223e-16,0.0
331.7954332186425,0.000203951852333921,2.2913002153013623e-16,0.0
331.8345323741007,0.00022850457798697697,2.290194867561536e-16,0.0
331.87363152955896,0.00010373013796005347,2.2882618255978383e-16,0.0
331.9127306850172,0.0001257378162304479,2.2878097117973785e-16,0.0
331.95182984047545,0.00020621082524475376,2.286129018299077e-16,0.0
331.9909289959337,0.0002291705436634757,2.284881484309844e-16,0.0
332.03002815139195,0.00010567829567004391,2.2836983654968854e-16,0.0
332.06912730685013,0.0001162194782194891,2.2826258848726087e-16,0.0
332.1082264623084,0.00021306713675282954,2.2814494795029003e-16,0.0
332.1473256177666,0.0002243275552777869,2.279955631904018e-16,0.0
332.18642477322487,0.00011371382067241505,2.278788986521429e-16,0.0
332.2255239286831,0.00010584141269108021,2.277642909494414e-16,0.0
332.26462308414136,0.0002201366108737389,2.2763288952068065e-16,0.0
332.3037222395996,0.0002168377706621418,2.2750942708848585e-16,0.0
332.34282139505785,0.0001241650274965339,2.2739713033272376e-16,0.0
332.3819205505161,9.891651434956924e-05,2.2725807571836417e-16,0.0
332.42101970597435,0.00022334235575104062,2.271519261090887e-16,0.0
332.4601188614326,0.00021112188502224815,2.270163061005064e-16,0.0
332.49921801689084,0.0001326978246492366,2.268952684509345e-16,0.0
332.5383171723491,9.825201440098681e-05,2.2677241106246424e-16,0.0
332.5774163278073,0.0002208098754172544,2.266417188642785e-16,0.0
332.6165154832656,0.00021082638687403997,2.2653262796537313e-16,0.0
332.6556146387238,0.0001365360053182386,2.264239125210927e-16,0.0
332.694713794182,0.00010267670391992728,2.26279685872064e-16,0.0
332.73381294964025,0.000213471662595735,2.2614745205739653e-16,0.0
332.7729121050985,0.00021634616093678467,2.260660381815196e-16,0.0
332.81201126055674,0.0001352018419870931,2.259098997636574e-16,0.0
332.851110416015,0.00010815808494625321,2.2581665161198806e-16,0.0
332.89020957147324,0.0002046415416423733,2.25644818457667e-16,0.0
332.9293087269315,0.00022459489968760477,2.2557056442432035e-16,0.0
332.9684078823897,0.0001305545491162966,2.25427415838349e-16,0.0
333.007507037848,0.00011093493661887238,2.2528640643645976e-16,0.0
333.0466061933062,0.00019850165543215762,2.251935412726612e-16,0.0
333.08570534876446,0.00023130821998197193,2.250642013221249e-16,0.0
333.1248045042227,0.00012621253741343795,2.2494004792562197e-16,0.0
333.16390365968095,0.00010919004441540068,2.248193531810448e-16,0.0
333.2030028151392,0.00019765473019669577,2.2467937567370146e-16,0.0
333.24210197059745,0.0002335532411119927,2.2456560690767553e-16,0.0
333.2812011260557,0.00012584544289829922,2.2447112088895076e-16,0.0
333.3203002815139,0.00010329835544463526,2.2431449601567125e-16,0.0
333.3593994369721,0.00020132028539940547,2.2420962596981477e-16,0.0
333.39849859243037,0.00023097102856861707,2.2407708888948354e-16,0.0
333.4375977478886,0.00013065404318795187,2.23972381240591e-16,0.0
333.47669690334686,9.553121457407187e-05,2.238457554267859e-16,0.0
333.5157960588051,0.00020606841437517028,2.2373445888552855e-16,0.0
333.55489521426335,0.000225747404404776,2.235926101598795e-16,0.0
333.5939943697216,0.00013847226575989914,2.234875284639957e-16,0.0
333.63309352517985,8.924600828129636e-05,2.2335565875939093e-16,0.0
333.6721926806381,0.00020830320005646446,2.2325659009549696e-16,0.0
333.71129183609634,0.00022146595365251447,2.2308509662401507e-16,0.0
333.7503909915546,0.00014566543263836462,2.2302287958814425e-16,0.0
333.7894901470128,8.711049332154603e-05,2.2287740854649105e-16,0.0
333.8285893024711,0.00020625871980219513,2.2276416572239477e-16,0.0
333.8676884579293,0.00022102711405956233,2.2265084555579143e-16,0.0
333.90678761338756,0.0001495156259587853,2.2251157662022155e-16,0.0
333.94588676884575,8.906855599064044e-05,2.2238226622267017e-16,0.0
333.984985924304,0.00020066647830902073,2.2228284346821535e-16,0.0
334.02408507976224,0.00022471823625434576,2.221600099299133e-16,0.0
334.0631842352205,0.00014941007289022675,2.220273558916842e-16,0.0
334.10228339067874,9.24746375248885e-05,2.2193965428205037e-16,0.0
334.141382546137,0.00019425465083226966,2.2176990553662815e-16,0.0
334.1804817015952,0.00023012360039202876,2.2172217782331406e-16,0.0
334.2195808570535,0.00014695090983425066,2.2153597219155414e-16,0.0
334.2586800125117,9.430977087343336e-05,2.2144528621367866e-16,0.0
334.29777916796996,0.0001902227809070113,2.2133489947261177e-16,0.0
334.3368783234282,0.00023395646952191276,2.2119732196748027e-16,0.0
334.37597747888645,0.00014516467318140456,2.2107600904166671e-16,0.0
334.4150766343447,9.28835202301725e-05,2.2100532814439803e-16,0.0
334.45417578980295,0.00019017735395766773,2.208246919288613e-16,0.0
334.4932749452612,0.00023411955596084038,2.2072537045459974e-16,0.0
334.53237410071944,0.00014675305263304444,2.2062228793722108e-16,0.0
334.5714732561776,8.833217868606857e-05,2.2050261546856004e-16,0.0
334.61057241163587,0.00019299275871617237,2.2035460858303885e-16,0.0
334.6496715670941,0.00023076787470239046,2.2029076230918499e-16,0.0
334.68877072255236,0.00015217539021284248,2.2008859468129719e-16,0.0
334.7278698780106,8.248427442351342e-05,2.2007254732533708e-16,0.0
334.76696903346885,0.0001957174186692564,2.198814418271065e-16,0.0
334.8060681889271,0.00022617934170838985,2.1979678749204794e-16,0.0
334.84516734438535,0.00015933739310808396,2.19664366908181e-16,0.0
334.8842664998436,7.819046319729729e-05,2.1952743857938103e-16,0.0
334.92336565530184,0.0001955752920251305,2.1942891578115144e-16,0.0
334.9624648107601,0.00022352075786354018,2.1930324856184752e-16,0.0
335.0015639662183,0.00016518352122127782,2.1920148338585243e-16,0.0
335.0406631216766,7.775430740386183e-05,2.1907455358796508e-16,0.0
335.0797622771348,0.00019146147068897098,2.189337261965441e-16,0.0
335.11886143259306,0.00022489681887655468,2.1884210297632276e-16,0.0
335.1579605880513,0.00016752999731690148,2.187095273092561e-16,0.0
335.19705974350956,8.11338686614537e-05,2.1861974894469027e-16,0.0
335.23615889896774,0.0001843986075018501,2.1848597479376404e-16,0.0
335.275258054426,0.00022991351800504713,2.1832988648046802e-16,0.0
335.31435720988424,0.0001660362105125099,2.182808972698581e-16,0.0
335.3534563653425,8.604846973766341e-05,2.1810738276537395e-16,0.0
335.3925555208007,0.0001770491511648799,2.1804077112558128e-16,0.0
335.431654676259,0.00023602580579342683,2.17886866672017e-16,0.0
335.4707538317172,0.0001622917322305321,2.177838974381905e-16,0.0
335.50985298717546,8.98278433738096e-05,2.1766862260739387e-16,0.0
335.5489521426337,0.00017237019450565418,2.1755698470409416e-16,0.0
335.58805129809195,0.00024026153977310162,2.174235105685238e-16,0.0
335.6271504535502,0.000159112384335446,2.1731115680735822e-16,0.0
335.66624960900845,9.078910014827142e-05,2.1720497697053887e-16,0.0
335.7053487644667,0.00017184344316914876,2.1709912499613572e-16,0.0
335.74444791992494,0.00024082806160595531,2.1695366511742353e-16,0.0
335.7835470753832,0.0001590785596812877,2.168482839253758e-16,0.0
335.8226462308414,8.860697486674848e-05,2.1673225543583772e-16,0.0
335.8617453862996,0.00017455175330923463,2.1663929005117226e-16,0.0
335.90084454175786,0.00023779121726069823,2.1648215076094189e-16,0.0
335.9399436972161,0.00016296185058820196,2.163889632569598e-16,0.0
335.97904285267435,8.418801526480758e-05,2.1624549959111287e-16,0.0
336.0181420081326,0.0001780110253187093,2.161727429421337e-16,0.0
336.05724116359085,0.00023283068099577814,2.1603399636287015e-16,0.0
336.0963403190491,0.00016936979605526055,2.1590635541839758e-16,0.0
336.13543947450734,7.928868665544423e-05,2.1580883379527927e-16,0.0
336.1745386299656,0.00017984984835493726,2.1570269100768894e-16,0.0
336.2136377854238,0.00022830280759734465,2.1557545890830777e-16,0.0
336.2527369408821,0.0001759347510321405,2.1544495416186522e-16,0.0
336.2918360963403,7.581980683697267e-05,2.153373523472364e-16,0.0
336.33093525179856,0.00017893392234228785,2.152314691424088e-16,0.0
336.3700344072568,0.00022599764213116936,2.151104349185926e-16,0.0
336.40913356271506,0.00018079553638329564,2.149818919677052e-16,0.0
336.4482327181733,7.489364350370696e-05,2.148799557800573e-16,0.0
336.4873318736315,0.00017554829478518276,2.147873901018823e-16,0.0
336.52643102908974,0.00022627789619394606,2.146125549215205e-16,0.0
336.565530184548,0.00018332888191295636,2.145439426515013e-16,0.0
336.6046293400062,7.625495424149042e-05,2.144060879865896e-16,0.0
336.6437284954645,0.0001709030044767172,2.1429137164736428e-16,0.0
336.6828276509227,0.00022820027188455083,2.1421633273189121e-16,0.0
336.72192680638096,0.0001840505202121709,2.140716961507447e-16,0.0
336.7610259618392,7.874215411002834e-05,2.1396043289094135e-16,0.0
336.80012511729745,0.00016632779839672313,2.1382494459988104e-16,0.0
336.8392242727557,0.00023042480742005588,2.1376549614719093e-16,0.0
336.87832342821395,0.0001840024016886324,2.1359601508269874e-16,0.0
336.9174225836722,8.126374947111777e-05,2.1350447967979167e-16,0.0
336.95652173913044,0.00016257837102796082,2.1340881647320076e-16,0.0
336.9956208945887,0.00023209007531465166,2.1328407657033498e-16,0.0
337.03472005004693,0.000184030731533183,2.131388443673975e-16,0.0
337.0738192055052,8.336128809634003e-05,2.1306763342699049e-16,0.0
337.11291836096336,0.0001596624866314015,2.129010964510231e-16,0.0
337.1520175164216,0.0002330678596168943,2.1285219558180917e-16,0.0
337.19111667187985,0.00018439275537789692,2.1270253477906922e-16,0.0
337.2302158273381,8.514414617183605e-05,2.125870910707136e-16,0.0
337.26931498279635,0.00015724737436171422,2.12453309088612e-16,0.0
337.3084141382546,0.00023360697257500905,2.1238256775115203e-16,0.0
337.34751329371284,0.0001849273779972808,2.1223307731775697e-16,0.0
337.3866124491711,8.685636047065685e-05,2.1214122434371736e-16,0.0
337.4257116046293,0.00015523193207058757,2.1202541642544471e-16,0.0
337.4648107600876,0.00023377262150974385,2.119082417221621e-16,0.0
337.5039099155458,0.0001855830729603659,2.1177431244190293e-16,0.0
337.54300907100406,8.84345561774359e-05,2.1170094769508483e-16,0.0
337.5821082264623,0.00015396177079512544,2.115469744985534e-16,0.0
337.62120738192056,0.00023316794280350565,2.1148261680071337e-16,0.0
337.6603065373788,0.0001868066114070192,2.1133635722926845e-16,0.0
337.69940569283705,8.937903587885302e-05,2.1123205635089305e-16,0.0
337.7385048482953,0.0001538917643410055,2.1112103224085917e-16,0.0
337.7776040037535,0.00023117863474739518,2.110049796356631e-16,0.0
337.8167031592117,0.0001894056284202902,2.1091178485690192e-16,0.0
337.85580231467,8.90307525542649e-05,2.107960703247284e-16,0.0
337.8949014701282,0.00015496698618516747,2.1065838705523704e-16,0.0
337.93400062558646,0.0002275732075159427,2.1057417521909014e-16,0.0
337.9730997810447,0.00019390365675494412,2.1042939273334036e-16,0.0
338.01219893650295,8.707323351351671e-05,2.1036576000463868e-16,0.0
338.0512980919612,0.00015627553860711978,2.102165907471195e-16,0.0
338.09039724741945,0.00022303699267082257,2.1010093030543157e-16,0.0
338.1294964028777,0.00019987274649335346,2.1001641541558915e-16,0.0
338.16859555833594,8.400395954358488e-05,2.098744052271774e-16,0.0
338.2076947137942,0.00015631496940143812,2.0978143419497673e-16,0.0
338.24679386925243,0.0002192236497205168,2.0964694630425913e-16,0.0
338.2858930247107,0.00020583788899828615,2.0953972448428243e-16,0.0
338.3249921801689,8.133978792681212e-05,2.09447941338218e-16,0.0
338.36409133562717,0.00015368664410244853,2.0930247353725057e-16,0.0
338.40319049108535,0.0002180928093950818,2.0921844255073723e-16,0.0
338.4422896465436,0.00020987096189997007,2.0909658905427589e-16,0.0
338.48138880200185,8.120867945093151e-05,2.089899642705829e-16,0.0
338.5204879574601,0.0001477967691632246,2.0885679176029503e-16,0.0
338.55958711291834,0.000220734968437808,2.0879023157400092e-16,0.0
338.5986862683766,0.00021046983045053865,2.0865082149505375e-16,0.0
338.6377854238348,8.508392500281951e-05,2.0852651966769576e-16,0.0
338.6768845792931,0.00013929962126706666,2.084479970978864e-16,0.0
338.7159837347513,0.00022648582391963178,2.0830450615461575e-16,0.0
338.75508289020956,0.00020728320722685934,2.0820804775559203e-16,0.0
338.7941820456678,9.254255121923118e-05,2.0809400069067488e-16,0.0
338.83328120112606,0.00013017362526992083,2.0801487270049024e-16,0.0
338.8723803565843,0.00023310890414217366,2.0785516364366685e-16,0.0
338.91147951204255,0.0002014619026515354,2.0781175801828085e-16,0.0
338.9505786675008,0.00010149467519815657,2.0762941768248068e-16,0.0
338.98967782295904,0.00012324845797780082,2.0756372724395977e-16,0.0
339.0287769784172,0.00023786760194987903,2.0741571216178189e-16,0.0
339.0678761338755,0.00019550719304780483,2.073362204578367e-16,0.0
339.1069752893337,0.000109436525669139,2.0722471941591664e-16,0.0
339.14607444479196,0.00012093561717762538,2.0709339662473534e-16,0.0
339.1851736002502,0.00023866839919253093,2.0700666540309877e-16,0.0
339.22427275570845,0.0001924466508200588,2.0687722557269428e-16,0.0
339.2633719111667,0.00011440093520500944,2.0678213382647648e-16,0.0
339.30247106662495,0.0001236318914729007,2.066927638386266e-16,0.0
339.3415702220832,0.00023477110534461036,2.065436110999578e-16,0.0
339.38066937754144,0.00019438389250453063,2.0647893758160426e-16,0.0
339.4197685329997,0.00011535690539406718,2.0633635286842462e-16,0.0
339.45886768845793,0.00012936027934624657,2.0620559952978058e-16,0.0
339.4979668439162,0.00022703004107857454,2.061716693886661e-16,0.0
339.5370659993744,0.0002012347192713059,2.0600687678904546e-16,0.0
339.57616515483267,0.00011235377531344573,2.058930122811355e-16,0.0
339.6152643102909,0.00013508057994371888,2.0578711131498253e-16,0.0
339.6543634657491,0.00021774077461679216,2.0566832198708698e-16,0.0
339.69346262120735,0.00021076653991226128,2.0558458771018352e-16,0.0
339.7325617766656,0.0001065982770656838,2.054878080537251e-16,0.0
339.77166093212384,0.00013815020531567242,2.0533653288127386e-16,0.0
339.8107600875821,0.000210044831938226,2.0526851440271535e-16,0.0
339.8498592430403,0.00021982995151949595,2.0514447102525967e-16,0.0
339.8889583984986,0.0001004569529146988,2.0500467545218404e-16,0.0
339.9280575539568,0.00013700434124634165,2.0492729875029131e-16,0.0
339.96715670941506,0.00020678632207366682,2.0480115401212222e-16,0.0
340.0062558648733,0.00022565840947667208,2.0468331288698284e-16,0.0
340.04535502033156,9.707327098771736e-05,2.0460647433062367e-16,0.0
340.0844541757898,0.00013130395886053455,2.0448031898780773e-16,0.0
340.12355333124805,0.0002091060466050243,2.0435885463939745e-16,0.0
340.1626524867063,0.0002266331701548176,2.0430508135070836e-16,0.0
340.20175164216454,9.904154877112818e-05,2.041718825362795e-16,0.0
340.2408507976228,0.00012194720648281223,2.0401584822662924e-16,0.0
340.279949953081,0.0002157342476302294,2.0396398150446502e-16,0.0
340.3190491085392,0.00022262783665862322,2.0383916585510955e-16,0.0
340.35814826399746,0.00010659938302179873,2.0372386473071947e-16,0.0
340.3972474194557,0.00011109799523497699,2.036184080296351e-16,0.0
340.43634657491396,0.00022363376358383203,2.0352492563080895e-16,0.0
340.4754457303722,0.00021514861415314739,2.03402023718944e-16,0.0
340.51454488583045,0.0001173982727515238,2.0327345236581714e-16,0.0
340.5536440412887,0.00010206799848181522,2.0320819050518525e-16,0.0
340.59274319674694,0.0002293705530285633,2.030884759980116e-16,0.0
340.6318423522052,0.00020724180502056138,2.029519553260261e-16,0.0
340.67094150766343,0.0001280531463667077,2.02833077636482e-16,0.0
340.7100406631217,9.836782252063503e-05,2.0277193201570874e-16,0.0
340.7491398185799,0.0002302797771956017,2.0263563671426564e-16,0.0
340.78823897403817,0.0002027986453738851,2.0253399010459934e-16,0.0
340.8273381294964,0.0001355401107603352,2.0243035621986584e-16,0.0
340.86643728495466,0.00010145326054196542,2.023141262056e-16,0.0
340.9055364404129,0.0002251939098476436,2.0222138443921804e-16,0.0
340.9446355958711,0.0002048598002513095,2.0212891723876592e-16,0.0
340.98373475132934,0.0001378363037842941,2.020034817953312e-16,0.0
341.0228339067876,0.00010925492702231473,2.0187322144375302e-16,0.0
341.0619330622458,0.00021490505664006703,2.018296179567672e-16,0.0
341.1010322177041,0.00021360713272713372,2.0166613248787542e-16,0.0
341.1401313731623,0.00013427899458141318,2.0157669216898935e-16,0.0
341.17923052862056,0.00011768584001617151,2.014719129553792e-16,0.0
341.2183296840788,0.0002024089135458017,2.01371766386542e-16,0.0
341.25742883953706,0.00022594539445244783,2.0127946967660513e-16,0.0
341.2965279949953,0.00012598372446029978,2.0113660942303886e-16,0.0
341.33562715045355,0.00012291465084216479,2.0106025624178738e-16,0.0
341.3747263059118,0.00019253661005174899,2.0092627395679735e-16,0.0
341.41382546137004,0.0002371420195942622,2.0084895954929595e-16,0.0
341.4529246168283,0.00011633618913323194,2.0072314767974507e-16,0.0
341.49202377228653,0.00012240976308403403,2.0064725896442304e-16,0.0
341.5311229277448,0.00019009764802431514,2.0050868486101683e-16,0.0
341.57022208320296,0.00024290107976763516,2.0039787185233124e-16,0.0
341.6093212386612,0.00011088375196137529,2.003063172062168e-16,0.0
341.64842039411946,0.00011522486063373867,2.001890922459372e-16,0.0
341.6875195495777,0.00019663810947356645,2.0011005473174556e-16,0.0
341.72661870503595,0.00024077178939066804,1.999917919495894e-16,0.0
341.7657178604942,0.0001146959760921248,1.998985333381347e-16,0.0
341.80481701595244,0.0001022027886970392,1.9976651614430395e-16,0.0
341.8439161714107,0.00020887223063201343,1.9965208400351778e-16,0.0
341.88301532686893,0.00023097164070675518,1.9959975187356563e-16,0.0
341.9221144823272,0.0001277350552656125,1.9944635307094445e-16,0.0
341.9612136377854,8.642050493084262e-05,1.9937851379292305e-16,0.0
342.00031279324367,0.00022083411376846014,1.9924035600685085e-16,0.0
342.0394119487019,0.0002168532101887474,1.9915015586701504e-16,0.0
342.07851110416016,0.00014475755342586706,1.9903695998433182e-16,0.0
342.1176102596184,7.387333354064212e-05,1.989517616656286e-16,0.0
342.15670941507665,0.00022703409605597278,1.9882548906499472e-16,0.0
342.19580857053484,0.00020467776717454243,1.9868534849576532e-16,0.0
342.2349077259931,0.00015955052512980339,1.9862953527794742e-16,0.0
342.2740068814513,7.198715972733681e-05,1.984850865841468e-16,0.0
342.3131060369096,0.00022426047620231456,1.9845567031545477e-16,0.0
342.3522051923678,0.00020141019677628283,1.983144536369045e-16,0.0
342.39130434782606,0.0001675511373482011,1.9817490653500524e-16,0.0
342.4304035032843,8.200285636235542e-05,1.9810290948017582e-16,0.0
342.46950265874256,0.00021228709069245783,1.9799955244255847e-16,0.0
342.5086018142008,0.0002100451361810845,1.9789010940456902e-16,0.0
342.54770096965905,0.00016652796995398473,1.9778382886023072e-16,0.0
342.5868001251173,9.705775981978561e-05,1.9766572181893782e-16,0.0
342.62589928057554,0.0001941745653434986,1.9757169175523592e-16,0.0
342.6649984360338,0.00022686082004955393,1.9747880719058314e-16,0.0
342.70409759149203,0.000156833825389821,1.9736865966365373e-16,0.0
342.7431967469503,0.0001101412570406045,1.9726801233888488e-16,0.0
342.7822959024085,0.00017620492280485744,1.9717495529505883e-16,0.0
342.8213950578667,0.00024443982851546527,1.9704615581114938e-16,0.0
342.86049421332496,0.0001417448403557553,1.9692826964115087e-16,0.0
342.8995933687832,0.00011714853001456072,1.9684595920316063e-16,0.0
342.93869252424145,0.0001663063095363872,1.9675233963231545e-16,0.0
342.9777916796997,0.0002561430374434594,1.9663515310820285e-16,0.0
343.01689083515794,0.00012770370117151677,1.965516035025409e-16,0.0
343.0559899906162,0.00011635822729026121,1.9642307296594154e-16,0.0
343.09508914607443,0.00016926184612845458,1.9634792949137718e-16,0.0
343.1341883015327,0.00025826445042705814,1.962201427335987e-16,0.0
343.1732874569909,0.00012279195786415634,1.9611755694574356e-16,0.0
343.21238661244917,0.00010789764730216024,1.9604469854502312e-16,0.0
343.2514857679074,0.00018230308647263418,1.9589741962871794e-16,0.0
343.29058492336566,0.00025050871945962196,1.9580399244571014e-16,0.0
343.3296840788239,0.0001309360080020655,1.95740173551072e-16,0.0
343.36878323428215,9.352461523775315e-05,1.9557768657071173e-16,0.0
343.4078823897404,0.0001978882543969474,1.9554885926355274e-16,0.0
343.44698154519864,0.0002358336842707047,1.9538827640793232e-16,0.0
343.4860807006568,0.00014782792483461005,1.953047118246525e-16,0.0
343.5251798561151,7.66643115225425e-05,1.9518658670595137e-16,0.0
343.5642790115733,0.0002092960674289093,1.951127713641753e-16,0.0
343.60337816703156,0.00021977869484542199,1.9497620130566682e-16,0.0
343.6424773224898,0.00016584650686242737,1.949036710194775e-16,0.0
343.68157647794806,6.266097531303087e-05,1.947827188200538e-16,0.0
343.7206756334063,0.0002129647248873707,1.9469354006535751e-16,0.0
343.75977478886455,0.0002087274725767244,1.945967613171936e-16,0.0
343.7988739443228,0.00017937602413170735,1.944486254380077e-16,0.0
343.83797309978104,5.765810901044179e-05,1.9440993418628956e-16,0.0
343.8770722552393,0.00020849673609366195,1.9425481917657636e-16,0.0
343.91617141069753,0.00020676129724943153,1.9419142838225932e-16,0.0
343.9552705661558,0.0001859324950831704,1.9406014095455677e-16,0.0
343.994369721614,6.284746012507517e-05,1.939641759147348e-16,0.0
344.03346887707227,0.0001979916161078747,1.9387500804913808e-16,0.0
344.0725680325305,0.00021312563539738474,1.9374540052428594e-16,0.0
344.1116671879887,0.00018571168669460236,1.9370115685672602e-16,0.0
344.15076634344695,7.270672169436604e-05,1.9353828795486393e-16,0.0
344.1898654989052,0.0001850708129536123,1.9349808220035862e-16,0.0
344.22896465436344,0.00022342817668959152,1.933545701416195e-16,0.0
344.2680638098217,0.00018083452073808747,1.9328978013686416e-16,0.0
344.30716296527993,8.197267407012226e-05,1.9310063114222445e-16,0.0
344.3462621207382,0.00017352024373498804,1.9308553315030603e-16,0.0
344.3853612761964,0.00023315385797447396,1.9296240433479893e-16,0.0
344.42446043165467,0.00017432844835090893,1.9279862878151307e-16,0.0
344.4635595871129,8.837852058392358e-05,1.9279532872850416e-16,0.0
344.50265874257116,0.00016573817036918476,1.9258557877862083e-16,0.0
344.5417578980294,0.0002398559430088511,1.9259365139798858e-16,0.0
344.58085705348765,0.00016885271983685726,1.9246778113624846e-16,0.0
344.6199562089459,9.177252492753836e-05,1.9232321599969194e-16,0.0
344.65905536440414,0.000161882989262542,1.9227093789169732e-16,0.0
344.6981545198624,0.00024329933865605645,1.9212232052955913e-16,0.0
344.7372536753206,0.00016563979688284837,1.9210936465460627e-16,0.0
344.7763528307788,9.307128525229764e-05,1.9193343709691778e-16,0.0
344.81545198623706,0.0001605753096881928,1.9184155669042146e-16,0.0
344.8545511416953,0.000244489413323291,1.9171980286603962e-16,0.0
344.89365029715356,0.0001644261711043895,1.9172092689873001e-16,0.0
344.9327494526118,9.336571814603706e-05,1.9151129184938822e-16,0.0
344.97184860807005,0.0001604930708032118,1.914293769885066e-16,0.0
345.0109477635283,0.0002444290721700585,1.9137961054013746e-16,0.0
345.05004691898654,0.000164463361076304,1.912320095666955e-16,0.0
345.0891460744448,9.320041775039755e-05,1.9111855576719087e-16,0.0
345.12824522990303,0.00016133445459661218,1.910768855787308e-16,0.0
345.1673443853613,0.00024329623924226822,1.9090018023746737e-16,0.0
345.2064435408195,0.00016564398192341347,1.908901108800193e-16,0.0
345.24554269627777,9.230960509810579e-05,1.9075072804370393e-16,0.0
345.284641851736,0.00016352607546243073,1.9058269406881958e-16,0.0
345.32374100719426,0.00024049607650041062,1.9057456642510888e-16,0.0
345.36284016265245,0.0001687372107080864,1.9046476144945653e-16,0.0
345.4019393181107,8.996071065287898e-05,1.903112011008033e-16,0.0
345.44103847356894,0.00016718735565474972,1.9024839717799386e-16,0.0
345.4801376290272,0.00023546559272708624,1.9015294915423763e-16,0.0
345.51923678448543,0.00017455819307383272,1.9003742373816127e-16,0.0
345.5583359399437,8.565080187530876e-05,1.8993081014925346e-16,0.0
345.5974350954019,0.00017136200208912902,1.8983358494276032e-16,0.0
345.63653425086017,0.00022861273186271672,1.897697007161171e-16,0.0
345.6756334063184,0.0001828236960732172,1.8964628015898453e-16,0.0
345.71473256177666,7.9769019531961e-05,1.8955602473362314e-16,0.0
345.7538317172349,0.00017419635764694567,1.8941788758779469e-16,0.0
345.79293087269315,0.00022172623745131393,1.8937008014521748e-16,0.0
345.8320300281514,0.00019179561358321714,1.8925845246920405e-16,0.0
345.87112918360964,7.396653758164983e-05,1.8912581488262602e-16,0.0
345.9102283390679,0.00017384082649359595,1.890701098173906e-16,0.0
345.94932749452613,0.0002174222982443564,1.889697017318938e-16,0.0
345.9884266499843,0.0001990262242427639,1.888411771037256e-16,0.0
346.02752580544256,7.086159346663366e-05,1.8878766871550896e-16,0.0
346.0666249609008,0.00016939139785065636,1.886382025788823e-16,0.0
346.10572411635906,0.00021766609466329303,1.8857156244298467e-16,0.0
346.1448232718173,0.00020253196849235512,1.8841771593257658e-16,0.0
346.18392242727555,7.250390696097135e-05,1.8841546882561182e-16,0.0
346.2230215827338,0.00016142980381248962,1.8821391447907828e-16,0.0
346.26212073819204,0.00022231968413130278,1.881714931284973e-16,0.0
346.3012198936503,0.00020168579983809875,1.8808340797401862e-16,0.0
346.34031904910853,7.848838293425074e-05,1.879354159230184e-16,0.0
346.3794182045668,0.0001520128691151199,1.8789096248592411e-16,0.0
346.418517360025,0.00022908345741594476,1.877583679051256e-16,0.0
346.45761651548327,0.00019754545173189617,1.876847713205831e-16,0.0
346.4967156709415,8.627016832242012e-05,1.875782796810683e-16,0.0
346.53581482639976,0.0001439935487147089,1.8747511206529362e-16,0.0
346.574913981858,0.00023490097048197762,1.8739714766244502e-16,0.0
346.61401313731625,0.00019252386258089224,1.872756517801581e-16,0.0
346.65311229277444,9.311791110025477e-05,1.8717635704157679e-16,0.0
346.6922114482327,0.00013964863844544484,1.870876449218646e-16,0.0
346.73131060369093,0.00023755149563487067,1.869701227227392e-16,0.0
346.7704097591492,0.0001893541164014978,1.8691569613338622e-16,0.0
346.8095089146074,9.734766596159647e-05,1.8679204450706752e-16,0.0
346.84860807006567,0.00013929231659042703,1.866940890268713e-16,0.0
346.8877072255239,0.00023648789614111557,1.8656320469604184e-16,0.0
346.92680638098216,0.00018965751520809638,1.865444349714438e-16,0.0
346.9659055364404,9.860282089552403e-05,1.863974535643119e-16,0.0
347.00500469189865,0.00014120340656552044,1.8631007761204278e-16,0.0
347.0441038473569,0.0002327959428246593,1.8619542891811233e-16,0.0
347.08320300281514,0.00019308194379199803,1.8613519354465244e-16,0.0
347.1223021582734,9.769543376688606e-05,1.8600800556199307e-16,0.0
347.16140131373163,0.0001430136359519869,1.8590290169628383e-16,0.0
347.2005004691899,0.00022845759811120645,1.8585424993375837e-16,0.0
347.2395996246481,0.0001978158762142167,1.85721246122114e-16,0.0
347.2786987801063,9.61487836924169e-05,1.8562854081423433e-16,0.0
347.31779793556456,0.00014315267353675088,1.8556967512938747e-16,0.0
347.3568970910228,0.00022523272596888653,1.8541036674925616e-16,0.0
347.39599624648105,0.0002019653666508303,1.853205809961614e-16,0.0
347.4350954019393,9.543625993010058e-05,1.852766064279787e-16,0.0
347.47419455739754,0.00014139958880690087,1.851239409934855e-16,0.0
347.5132937128558,0.0002237376427052356,1.8506954195492712e-16,0.0
347.55239286831403,0.00020462977675253342,1.8494837212165233e-16,0.0
347.5914920237723,9.618486475626589e-05,1.848304945386736e-16,0.0
347.6305911792305,0.00013859329694430097,1.8485339140407138e-16,0.0
347.66969033468877,0.00022334632948657612,1.8459104291208478e-16,0.0
347.708789490147,0.00020611435666274887,1.8462098153959937e-16,0.0
347.74788864560526,9.794332191967708e-05,1.8445577355381085e-16,0.0
347.7869878010635,0.00013585286088399874,1.8436767319970843e-16,0.0
347.82608695652175,0.00022295202633329988,1.8429112088677787e-16,0.0
347.86518611198,0.00020738084869982194,1.841727725285309e-16,0.0
347.9042852674382,9.975584863236938e-05,1.8411307697018863e-16,0.0
347.94338442289643,0.00013374788829650995,1.8394596848493e-16,0.0
347.9824835783547,0.00022192372892435827,1.8388988954097556e-16,0.0
348.0215827338129,0.0002091640566621578,1.838132144744766e-16,0.0
348.06068188927117,0.000101011519557816,1.8371242083678348e-16,0.0
348.0997810447294,0.0001319490603333764,1.836145841031895e-16,0.0
348.13888020018766,0.00022055259929872742,1.8347261407688655e-16,0.0
348.1779793556459,0.0002113560711808583,1.8343395685926963e-16,0.0
348.21707851110415,0.00010192467481640728,1.833548492313646e-16,0.0
348.2561776665624,0.00012960354593213806,1.8321856128784864e-16,0.0
348.29527682202064,0.0002197438491689158,1.8312854004868134e-16,0.0
348.3343759774789,0.00021310344045436262,1.83048886793938e-16,0.0
348.37347513293713,0.00010338866827682013,1.829381162205754e-16,0.0
348.4125742883954,0.00012609918406145267,1.828583483819504e-16,0.0
348.4516734438536,0.00022020140532226444,1.8273856664911648e-16,0.0
348.49077259931187,0.00021351108498314232,1.8268348111579598e-16,0.0
348.52987175477006,0.00010628012895255987,1.825618728708077e-16,0.0
348.5689709102283,0.00012165338362407982,1.8246537827788625e-16,0.0
348.60807006568655,0.00022171231207352554,1.823889950549685e-16,0.0
348.6471692211448,0.00021241230278424233,1.8224666363296922e-16,0.0
348.68626837660304,0.00011066670978227754,1.8221994795944865e-16,0.0
348.7253675320613,0.00011737238800496453,1.8208650029356214e-16,0.0
348.76446668751953,0.00022311182338246167,1.8195449084881728e-16,0.0
348.8035658429778,0.0002106930300965742,1.8193936043918287e-16,0.0
348.842664998436,0.00011558624017016449,1.818189914778585e-16,0.0
348.88176415389427,0.00011468220494288152,1.8168883747413965e-16,0.0
348.9208633093525,0.000222960461545155,1.8164120596487158e-16,0.0
348.95996246481076,0.00020993060444895147,1.8152928524787582e-16,0.0
348.999061620269,0.00011957834168241603,1.8139289237140426e-16,0.0
349.03816077572725,0.00011435702379483545,1.8135644307856208e-16,0.0
349.0772599311855,0.00022042599411149912,1.8127902743433166e-16,0.0
349.11635908664374,0.00021145990825794655,1.8115359892261833e-16,0.0
349.155458242102,0.00012148978014973443,1.81039349883821e-16,0.0
349.1945573975602,0.00011585742309183502,1.809431401872748e-16,0.0
349.2336565530184,0.00021583882098648145,1.8088238640802324e-16,0.0
349.27275570847667,0.00021543621752635557,1.8076863476713647e-16,0.0
349.3118548639349,0.00012106760273439416,1.8067747246809104e-16,0.0
349.35095401939316,0.00011761411157430028,1.8061133404930304e-16,0.0
349.3900531748514,0.00021065380315149438,1.8044789286596952e-16,0.0
349.42915233030965,0.00022063883024429836,1.8043803080211642e-16,0.0
349.4682514857679,0.00011915899904490018,1.8029139120367327e-16,0.0
349.50735064122614,0.00011795564200251496,1.8022445713808564e-16,0.0
349.5464497966844,0.0002067851105498241,1.8012850956086542e-16,0.0
349.58554895214263,0.00022517580133373408,1.799949148777711e-16,0.0
349.6246481076009,0.00011744689121635118,1.7989172146838242e-16,0.0
349.6637472630591,0.00011591047139877155,1.798638119007748e-16,0.0
349.70284641851737,0.0002055626785941318,1.7977289739616143e-16,0.0
349.7419455739756,0.00022750388311923445,1.7961691232942262e-16,0.0
349.78104472943386,0.00011767765294373938,1.7959759870592007e-16,0.0
349.82014388489205,0.0001115428694105813,1.7944267420065886e-16,0.0
349.8592430403503,0.00020694154827166826,1.7940300661763849e-16,0.0
349.89834219580854,0.00022713051738372712,1.792491513069153e-16,0.0
349.9374413512668,0.0001206583581231969,1.791990641989769e-16,0.0
349.97654050672503,0.00010587137012514789,1.7908128854874557e-16,0.0
350.0156396621833,0.00020958259693594622,1.7900605058893959e-16,0.0
350.0547388176415,0.00022475620661993847,1.7890330012369381e-16,0.0
350.09383797309977,0.00012578288451555808,1.7879851677211142e-16,0.0
350.132937128558,0.00010045438549780218,1.7874314185392186e-16,0.0
350.17203628401626,0.0002117025147704015,1.7863948348791773e-16,0.0
350.2111354394745,0.00022189079461741584,1.7853007759320495e-16,0.0
350.25023459493275,0.00013152694230901784,1.7844411106803308e-16,0.0
350.289333750391,9.670793587759411e-05,1.7831626825407097e-16,0.0
350.32843290584924,0.00021199477966161285,1.7831096569838337e-16,0.0
350.3675320613075,0.0002201167665574829,1.7812833367289708e-16,0.0
350.40663121676573,0.00013637595052056798,1.781079459222266e-16,0.0
350.4457303722239,9.520660092547683e-05,1.7798569916654148e-16,0.0
350.48482952768217,0.00021010444033773805,1.77920784718649e-16,0.0
350.5239286831404,0.00022033595863749046,1.777633742306059e-16,0.0
350.56302783859866,0.00013946881191053594,1.7767831018101216e-16,0.0
350.6021269940569,9.545851530175224e-05,1.7760734655137938e-16,0.0
350.64122614951515,0.00020659125785751673,1.775441787273383e-16,0.0
350.6803253049734,0.00022242418224531507,1.7740596797551322e-16,0.0
350.71942446043164,0.0001407697799379038,1.7731822046298901e-16,0.0
350.7585236158899,9.634861513891335e-05,1.7726696756228096e-16,0.0
350.79762277134813,0.00020254639059957122,1.7717558614273437e-16,0.0
350.8367219268064,0.0002254732560328819,1.7705673277247015e-16,0.0
350.8758210822646,0.00014090280294597402,1.7698584695210462e-16,0.0
350.91492023772287,9.680099028362856e-05,1.7687322617811368e-16,0.0
350.9540193931811,0.0001990811415870301,1.7675395530757476e-16,0.0
350.99311854863936,0.00022835812561339882,1.767485433765654e-16,0.0
351.0322177040976,0.00014081540213231052,1.765799304530714e-16,0.0
351.0713168595558,9.616881747665926e-05,1.7650546204032366e-16,0.0
351.11041601501404,0.00019690455200382603,1.764389509212005e-16,0.0
351.1495151704723,0.000230217816158191,1.7630590582066395e-16,0.0
351.18861432593053,0.00014141224160168627,1.7629012312185706e-16,0.0
351.2277134813888,9.429272498872008e-05,1.7612073678027943e-16,0.0
351.266812636847,0.00019613965220806985,1.7607262682535108e-16,0.0
351.30591179230527,0.00023066537881292004,1.759550188138274e-16,0.0
351.3450109477635,0.00014327142198594198,1.758914087088794e-16,0.0
351.38411010322176,9.140563695681051e-05,1.7577983467328808e-16,0.0
351.42320925868,0.00019638129244895966,1.757260726959111e-16,0.0
351.46230841413825,0.00022979634467277924,1.7560434088993937e-16,0.0
351.5014075695965,0.00014650028129868095,1.7550302089931612e-16,0.0
351.54050672505474,8.803539353071391e-05,1.7541250031938325e-16,0.0
351.579605880513,0.0001968780861093609,1.753654980894956e-16,0.0
351.61870503597123,0.0002281312430806985,1.7522645436427286e-16,0.0
351.6578041914295,0.00015071825679470477,1.7514464510022105e-16,0.0
351.69690334688767,8.493889500211767e-05,1.750511903406293e-16,0.0
351.7360025023459,0.00019673898330265513,1.7498883495272494e-16,0.0
351.77510165780416,0.00022653611321870164,1.7486092052692465e-16,0.0
351.8142008132624,0.00015513618133653853,1.7477730024692137e-16,0.0
351.85329996872065,8.298002010587162e-05,1.7469287000610614e-16,0.0
351.8923991241789,0.00019516365750840668,1.7460059470762134e-16,0.0
351.93149827963714,0.00022603847181054882,1.7455162822227818e-16,0.0
351.9705974350954,0.00015873848894948356,1.7440978259248e-16,0.0
352.00969659055363,8.282791738859165e-05,1.7434720581017795e-16,0.0
352.0487957460119,0.00019173299923121146,1.7424338174202007e-16,0.0
352.0878949014701,0.0002274391504347504,1.7412908492566433e-16,0.0
352.12699405692837,0.00016059209766716698,1.740887147715449e-16,0.0
352.1660932123866,8.453095923469888e-05,1.7398957544316317e-16,0.0
352.20519236784486,0.00018672590892648293,1.738744857668615e-16,0.0
352.2442915233031,0.00023080361067317527,1.7377095912676479e-16,0.0
352.28339067876135,0.00016025982673653071,1.7370856839869135e-16,0.0
352.3224898342196,8.729938427569548e-05,1.7366226252576992e-16,0.0
352.3615889896778,0.00018130262689825997,1.7351965350528728e-16,0.0
352.40068814513603,0.00023516652252176615,1.7342063037307086e-16,0.0
352.4397873005943,0.00015820865071138475,1.7341268535108166e-16,0.0
352.4788864560525,8.974620366291473e-05,1.7321764269373678e-16,0.0
352.51798561151077,0.0001772851284688307,1.7317009075427896e-16,0.0
352.557084766969,0.00023876502363180026,1.7310582716704945e-16,0.0
352.59618392242726,0.00015598638914851728,1.7300552545289505e-16,0.0
352.6352830778855,9.042333165646336e-05,1.7290723150828385e-16,0.0
352.67438223334375,0.00017632864195605178,1.7278812076887084e-16,0.0
352.713481388802,0.00023976807134318213,1.7273437479498518e-16,0.0
352.75258054426024,0.00015582065543280472,1.7263625111751938e-16,0.0
352.7916796997185,8.835762882413958e-05,1.726038041581492e-16,0.0
352.83077885517673,0.0001787741638610994,1.7241678396756543e-16,0.0
352.869878010635,0.00023717254344057925,1.723778457401102e-16,0.0
352.9089771660932,0.00015944294191872868,1.7228311914620955e-16,0.0
352.94807632155147,8.347738464203158e-05,1.721876883715297e-16,0.0
352.98717547700966,0.00018310660915489587,1.7209660510215346e-16,0.0
353.0262746324679,0.00023150639198763953,1.7204427325822433e-16,0.0
353.06537378792615,0.00016675012999934203,1.718975444331763e-16,0.0
353.1044729433844,7.694267083690727e-05,1.718664823184642e-16,0.0
353.14357209884264,0.00018661115484131408,1.7175241263233091e-16,0.0
353.1826712543009,0.00022501482123157412,1.7167474877609926e-16,0.0
353.22177040975913,0.0001755651722514104,1.7157129575411975e-16,0.0
353.2608695652174,7.125762676386027e-05,1.7147563761242155e-16,0.0
353.2999687206756,0.00018670483435381604,1.714323375670627e-16,0.0
353.33906787613387,0.00022095785915652897,1.7129428664816804e-16,0.0
353.3781670315921,0.00018277059412318586,1.7122017237627887e-16,0.0
353.41726618705036,6.951764566205661e-05,1.711073153817771e-16,0.0
353.4563653425086,0.00018211581508298152,1.7109731365843048e-16,0.0
353.49546449796685,0.00022187099870856302,1.7093807053876118e-16,0.0
353.5345636534251,0.00018581906807637593,1.7089338533735423e-16,0.0
353.57366280888334,7.317039266551156e-05,1.7078733573101146e-16,0.0
353.61276196434153,0.00017357358784885705,1.7067443254615417e-16,0.0
353.6518611197998,0.00022769994444905988,1.7065800666721348e-16,0.0
353.690960275258,0.00018384878361059153,1.7052668377203768e-16,0.0
353.73005943071627,8.04348753584413e-05,1.7042553653870678e-16,0.0
353.7691585861745,0.0001639069752444049,1.7035540711135403e-16,0.0
353.80825774163276,0.00023554994012811668,1.702844200493873e-16,0.0
353.847356897091,0.00017825893585936043,1.7018906920175604e-16,0.0
353.88645605254925,8.780143105642507e-05,1.700617628154283e-16,0.0
353.9255552080075,0.00015718382467196977,1.6999763492422933e-16,0.0
353.96465436346574,0.00024136374663549963,1.699655874856022e-16,0.0
354.003753518924,0.000172590025936078,1.6978529955747245e-16,0.0
354.04285267438223,9.219388742418622e-05,1.6974615274770457e-16,0.0
354.0819518298405,0.0001564744821912149,1.6964790419738586e-16,0.0
354.1210509852987,0.00024202717876925877,1.6955772907780822e-16,0.0
354.16015014075697,0.00017116334293686453,1.694622522975308e-16,0.0
354.1992492962152,9.188627874218153e-05,1.6939444169292961e-16,0.0
354.2383484516734,0.0001614086466496838,1.692797169863683e-16,0.0
354.27744760713165,0.00023676082474574734,1.6922777779430208e-16,0.0
354.3165467625899,0.0001763592614478772,1.6911727806856923e-16,0.0
354.35564591804814,8.678715503645767e-05,1.6899207490636557e-16,0.0
354.3947450735064,0.00016825646857433638,1.689558030194644e-16,0.0
354.43384422896463,0.00022762769428406887,1.6888449232563134e-16,0.0
354.4729433844229,0.0001866136189251621,1.687660273140028e-16,0.0
354.5120425398811,7.869800975315478e-05,1.6869024287350014e-16,0.0
354.55114169533937,0.00017245666305185618,1.6859257606001434e-16,0.0
354.5902408507976,0.00021905070121004653,1.6850957585715844e-16,0.0
354.62934000625586,0.00019749027603262038,1.6842226607779235e-16,0.0
354.6684391617141,7.15290366672224e-05,1.6834532697484604e-16,0.0
354.70753831717235,0.00017089707257282575,1.6824789140178025e-16,0.0
354.7466374726306,0.00021588103842686923,1.6816626017552307e-16,0.0
354.78573662808884,0.0002044475781753322,1.6813002866970639e-16,0.0
354.8248357835471,7.0241403498172e-05,1.6798529628592542e-16,0.0
354.86393493900533,0.000162941068359113,1.6791450668680732e-16,0.0
354.9030340944635,0.00022028838387554047,1.6783459730173514e-16,0.0
354.94213324992177,0.00020485095942106066,1.6771199204911955e-16,0.0
354.98123240538,7.684712623503141e-05,1.6769675297709562e-16,0.0
355.02033156083826,0.0001506797162484129,1.6753649955825307e-16,0.0
355.0594307162965,0.00022999792646330157,1.674743596232355e-16,0.0
355.09852987175475,0.00019884433364054992,1.674066726451406e-16,0.0
355.137629027213,8.811011818746884e-05,1.6731578582741014e-16,0.0
355.17672818267124,0.00013862359992728685,1.6721559866744979e-16,0.0
355.2158273381295,0.00023991848133275592,1.6715362429866455e-16,0.0
355.25492649358773,0.0001894781202170357,1.6706192185565451e-16,0.0
355.294025649046,9.903243848535428e-05,1.6696705879253135e-16,0.0
355.3331248045042,0.0001321491461071301,1.6688760297094042e-16,0.0
355.37222395996247,0.0002452253891859343,1.6679101409609054e-16,0.0
355.4113231154207,0.00018194495989668372,1.6668973749000252e-16,0.0
355.45042227087896,0.00010590848780204838,1.6666198757083854e-16,0.0
355.4895214263372,0.00013404495906167022,1.6656212196904415e-16,0.0
355.5286205817954,0.00024339415288857105,1.6645886171876199e-16,0.0
355.56771973725364,0.000181215840575043,1.6638422258293532e-16,0.0
355.6068188927119,0.00010692097364593521,1.6626354134201381e-16,0.0
355.64591804817013,0.00014200837232791017,1.6621425451568414e-16,0.0
355.6850172036284,0.00023490295314363202,1.6608897252120857e-16,0.0
355.7241163590866,0.00018864769997472874,1.6603892762467368e-16,0.0
355.76321551454487,0.00010210735750029437,1.6596779320060045e-16,0.0
355.8023146700031,0.0001507451720796103,1.65874925318732e-16,0.0
355.84141382546136,0.0002230691443615673,1.657648248106255e-16,0.0
355.8805129809196,0.0002009516137615182,1.6567327190201303e-16,0.0
355.91961213637785,9.339745715760981e-05,1.6563438542535589e-16,0.0
355.9587112918361,0.00015559778254134094,1.6547807694763787e-16,0.0
355.99781044729434,0.00021300614865962445,1.6547742585982326e-16,0.0
356.0369096027526,0.00021282692972286968,1.653650160951443e-16,0.0
356.07600875821083,8.465255391548027e-05,1.6523826989025477e-16,0.0
356.1151079136691,0.0001541714029866667,1.6522797633171393e-16,0.0
356.15420706912727,0.00020934441724520112,1.6503487428389275e-16,0.0
356.1933062245855,0.00021998136916015918,1.6510638268770255e-16,0.0
356.23240538004376,8.085298588962146e-05,1.6491606134634991e-16,0.0
356.271504535502,0.0001464702704848463,1.648276871983978e-16,0.0
356.31060369096025,0.00021342451572842886,1.647384855482979e-16,0.0
356.3497028464185,0.00022049470869632017,1.6475107073008243e-16,0.0
356.38880200187674,8.497774675156448e-05,1.645075737532122e-16,0.0
356.427901157335,0.0001345879099505159,1.6455790028739205e-16,0.0
356.46700031279323,0.0002225176850052674,1.6441832138707863e-16,0.0
356.5060994682515,0.00021498721191875114,1.6430044810650084e-16,0.0
356.5451986237097,9.519006583360459e-05,1.643177814672616e-16,0.0
356.58429777916797,0.0001221987708849157,1.6409741042972531e-16,0.0
356.6233969346262,0.00023199564824585273,1.6415693040414688e-16,0.0
356.66249609008446,0.00020620731967538883,1.6397172097430565e-16,0.0
356.7015952455427,0.0001070467999916897,1.6394844085293593e-16,0.0
356.74069440100095,0.00011351914756429436,1.6382044177602965e-16,0.0
356.77979355645914,0.00023795721426276705,1.6379193950385685e-16,0.0
356.8188927119174,0.0001981229673960198,1.636043197578394e-16,0.0
356.85799186737563,0.00011684070695510211,1.6365884900763395e-16,0.0
356.8970910228339,0.00011129842078937138,1.6347195816178324e-16,0.0
356.9361901782921,0.00023846792708654332,1.634016184219651e-16,0.0
356.97528933375037,0.00019440030440702854,1.6336755926641635e-16,0.0
357.0143884892086,0.0001225577272161212,1.6322468617556058e-16,0.0
357.05348764466686,0.00011498617383394081,1.6316660152899902e-16,0.0
357.0925868001251,0.00023363613284658506,1.6307150440927347e-16,0.0
357.13168595558335,0.0001966723995485271,1.6302395008080715e-16,0.0
357.1707851110416,0.0001236817827482255,1.629340350054068e-16,0.0
357.20988426649984,0.00012146454058063791,1.6283199881104056e-16,0.0
357.2489834219581,0.00022516113831149952,1.6277142371104577e-16,0.0
357.28808257741633,0.00020386564714654413,1.6265000617619973e-16,0.0
357.3271817328746,0.00012085735923498872,1.6259485048212236e-16,0.0
357.3662808883328,0.00012741167707824323,1.6248571777703243e-16,0.0
357.405380043791,0.0002156676141782647,1.624083721542059e-16,0.0
357.44447919924926,0.00021321564864199805,1.623496397710329e-16,0.0
357.4835783547075,0.00011559866900060135,1.6223257878415477e-16,0.0
357.52267751016575,0.00013064325055180917,1.6218346045032263e-16,0.0
357.561776665624,0.00020791534338983054,1.620763005769714e-16,0.0
357.60087582108224,0.00022183834751334113,1.6200029418035556e-16,0.0
357.6399749765405,0.0001100144923072697,1.619188016052658e-16,0.0
357.67907413199873,0.00013021700060739962,1.6184952724760091e-16,0.0
357.718173287457,0.00020395012996148732,1.6176249494743086e-16,0.0
357.7572724429152,0.00022766274686099018,1.616321473822929e-16,0.0
357.79637159837347,0.00010641265997242076,1.6163105445444927e-16,0.0
357.8354707538317,0.00012614822867689445,1.6151305566556414e-16,0.0
357.87456990928996,0.00020442278048230035,1.6142808778219965e-16,0.0
357.9136690647482,0.0002296713511940675,1.613582270106244e-16,0.0
357.95276822020645,0.00010660179082481853,1.6126520095045902e-16,0.0
357.9918673756647,0.00011918037520588006,1.6118254251020586e-16,0.0
358.03096653112294,0.00020842811881077836,1.611008463827675e-16,0.0
358.07006568658113,0.0002278674636924364,1.6103338514128302e-16,0.0
358.1091648420394,0.0001110525226273946,1.6092720598879787e-16,0.0
358.1482639974976,0.00011069538237688924,1.6088244328059627e-16,0.0
358.18736315295587,0.00021396217780699438,1.607688878643233e-16,0.0
358.2264623084141,0.00022322509614034833,1.6067367161269304e-16,0.0
358.26556146387236,0.00011862608485536964,1.606172016285699e-16,0.0
358.3046606193306,0.00010264912211006281,1.6050659434838264e-16,0.0
358.34375977478885,0.00021868266136276706,1.604527414266806e-16,0.0
358.3828589302471,0.0002176022533163447,1.6036421261785075e-16,0.0
358.42195808570534,0.00012718017938676796,1.6028159353908228e-16,0.0
358.4610572411636,9.72249664098148e-05,1.6019709207131363e-16,0.0
358.50015639662183,0.00022062020016618719,1.60115134073498e-16,0.0
358.5392555520801,0.00021339242196891407,1.600288531173404e-16,0.0
358.5783547075383,0.0001344582134609515,1.5996661110380066e-16,0.0
358.61745386299657,9.590106865341705e-05,1.5983004928880217e-16,0.0
358.6565530184548,0.00021872015558212948,1.5980583842556977e-16,0.0
358.695652173913,0.00021269227495765523,1.5971338076524497e-16,0.0
358.73475132937125,0.00013875238542669516,1.5963130807500624e-16,0.0
358.7738504848295,9.83891000420565e-05,1.5954042761726698e-16,0.0
358.81294964028774,0.00021320465152178432,1.5945867065292777e-16,0.0
358.852048795746,0.00021620100624815844,1.593806843996842e-16,0.0
358.89114795120423,0.00013933218685264256,1.5931700030529227e-16,0.0
358.9302471066625,0.00010267065348977102,1.592149574521964e-16,0.0
358.9693462621207,0.00020567333942569642,1.5913510424522432e-16,0.0
359.00844541757897,0.000222672987538826,1.5910012187062226e-16,0.0
359.0475445730372,0.00013672441125203795,1.5896804843735382e-16,0.0
359.08664372849546,0.00010618847983669369,1.5890393368937198e-16,0.0
359.1257428839537,0.00019873134958685597,1.588368068741616e-16,0.0
359.16484203941195,0.00022951228543583298,1.5873699102450331e-16,0.0
359.2039411948702,0.0001327666666552946,1.5863812049490537e-16,0.0
359.24304035032844,0.00010699192143969964,1.5858571029683425e-16,0.0
359.2821395057867,0.0001949388900387149,1.5849074571284432e-16,0.0
359.3212386612449,0.00023406998349088405,1.5839750888740786e-16,0.0
359.3603378167031,0.00013014562291278686,1.583724418745375e-16,0.0
359.39943697216137,0.00010429577977922466,1.582222433954603e-16,0.0
359.4385361276196,0.00019536794376210544,1.5819801797487997e-16,0.0
359.47763528307786,0.0002348099197213807,1.5807970474494207e-16,0.0
359.5167344385361,0.00013114425731908165,1.5799151412947336e-16,0.0
359.55583359399435,9.863518657647967e-05,1.5792337376103054e-16,0.0
359.5949327494526,0.00019885013268745906,1.5786119754551288e-16,0.0
359.63403190491084,0.00023191585618543526,1.5776773778933062e-16,0.0
359.6731310603691,0.0001361369171084379,1.5768295541428474e-16,0.0
359.71223021582733,9.175823061638004e-05,1.5759851787624475e-16,0.0
359.7513293712856,0.00020272045158055952,1.5754060502575387e-16,0.0
359.7904285267438,0.000227230260483207,1.574231084152275e-16,0.0
359.82952768220207,0.00014330251153923143,1.5737447519781702e-16,0.0
359.8686268376603,8.611534491584586e-05,1.5727326006602156e-16,0.0
359.90772599311856,0.00020439935364654463,1.572254408660843e-16,0.0
359.94682514857675,0.00022345040174144733,1.571112370652727e-16,0.0
359.985924304035,0.0001499199020741353,1.5704298752502258e-16,0.0
360.02502345949324,8.368659857458886e-05,1.5697781918188866e-16,0.0
360.0641226149515,0.00020264979851186113,1.5688257059172957e-16,0.0
360.10322177040973,0.00022269995783989752,1.5679502358913343e-16,0.0
360.142320925868,0.0001539286703892889,1.5673688525708035e-16,0.0
360.1814200813262,8.460981728626071e-05,1.5663146578652363e-16,0.0
360.22051923678447,0.00019803299806968504,1.565775948857386e-16,0.0
360.2596183922427,0.000225227010803562,1.5647467225451958e-16,0.0
360.29871754770096,0.00015480390154997564,1.5644622780254682e-16,0.0
360.3378167031592,8.709519082080885e-05,1.5631192946417317e-16,0.0
360.37691585861745,0.0001925601997298739,1.562364430818741e-16,0.0
360.4160150140757,0.00022930914402791795,1.5623605346522064e-16,0.0
360.45511416953394,0.00015367664768373704,1.560413819750209e-16,0.0
360.4942133249922,8.883200959022932e-05,1.559851934093595e-16,0.0
360.53331248045043,0.00018861151759575,1.5596197634354684e-16,0.0
360.5724116359087,0.00023248551633179567,1.5587178080650943e-16,0.0
360.61151079136687,0.0001527486190216699,1.557495006535636e-16,0.0
360.6506099468251,8.833710041233568e-05,1.5570135975777289e-16,0.0
360.68970910228336,0.00018749077978951427,1.5564501857228293e-16,0.0
360.7288082577416,0.00023307979147590125,1.5548794981868305e-16,0.0
360.76790741319985,0.00015404368778531444,1.555124079194512e-16,0.0
360.8070065686581,8.549311278717939e-05,1.553657916672262e-16,0.0
360.84610572411634,0.0001885727435376885,1.5531168771166065e-16,0.0
360.8852048795746,0.00023107666976007429,1.5520661345012407e-16,0.0
360.92430403503283,0.00015807159509242965,1.551694288526311e-16,0.0
360.9634031904911,8.149685663218265e-05,1.5508477111216468e-16,0.0
361.0025023459493,0.0001898159709897264,1.5493540235027555e-16,0.0
361.04160150140757,0.00022806097315908948,1.5493469606994028e-16,0.0
361.0807006568658,0.00016350350864852945,1.548188149078984e-16,0.0
361.11979981232406,7.833200455894561e-05,1.5472989503782595e-16,0.0
361.1588989677823,0.00018916746772356237,1.5469216021294155e-16,0.0
361.19799812324055,0.00022627787487064236,1.546030486815148e-16,0.0
361.23709727869874,0.0001681700177217818,1.545215549926601e-16,0.0
361.276196434157,7.767525853009764e-05,1.5444375739866297e-16,0.0
361.31529558961523,0.00018575988626865107,1.5438120423747313e-16,0.0
361.3543947450735,0.00022720951480714068,1.5425046159232674e-16,0.0
361.3934939005317,0.00017044047253161236,1.5419345428480735e-16,0.0
361.43259305598997,7.970668984764401e-05,1.5417161379798156e-16,0.0
361.4716922114482,0.00018032190853251568,1.540208894157219e-16,0.0
361.51079136690646,0.00023058079493159194,1.539736879284285e-16,0.0
361.5498905223647,0.00017007383382018883,1.5388788953038929e-16,0.0
361.58898967782295,8.302036936749055e-05,1.5380515332242175e-16,0.0
361.6280888332812,0.00017474715059859287,1.5370273158003131e-16,0.0
361.66718798873944,0.00023461811521293603,1.5368105443847502e-16,0.0
361.7062871441977,0.0001682811954570392,1.5358055374795e-16,0.0
361.74538629965593,8.57488883512726e-05,1.5351695015317567e-16,0.0
361.7844854551142,0.0001709804283346364,1.5340860418590335e-16,0.0
361.8235846105724,0.00023730324299501472,1.5333473480405504e-16,0.0
361.8626837660306,0.00016702710715842743,1.532604605186578e-16,0.0
361.90178292148886,8.667935290736582e-05,1.5319273591433597e-16,0.0
361.9408820769471,0.00016976436958639915,1.5311541942985978e-16,0.0
361.97998123240535,0.00023760141602544027,1.5305601672833687e-16,0.0
362.0190803878636,0.0001678139647093607,1.529364413775635e-16,0.0
362.05817954332184,8.571881335282512e-05,1.528849650638927e-16,0.0
362.0972786987801,0.0001701978811809723,1.527990234862102e-16,0.0
362.13637785423833,0.00023594603852726423,1.527354356681071e-16,0.0
362.1754770096966,0.00017069134613050275,1.5264644164755267e-16,0.0
362.2145761651548,8.38061060513815e-05,1.5257923080468856e-16,0.0
362.25367532061307,0.00017053002153366811,1.5247926853490322e-16,0.0
362.2927744760713,0.00023383087857487296,1.5244145432497937e-16,0.0
362.33187363152956,0.00017434428706944032,1.523430763289388e-16,0.0
362.3709727869878,8.236612373644698e-05,1.52252613448099e-16,0.0
362.41007194244605,0.0001694604038447582,1.521942771060838e-16,0.0
362.4491710979043,0.00023274583631861809,1.5210461161917475e-16,0.0
362.4882702533625,0.00017718810716826235,1.520248879428373e-16,0.0
362.52736940882073,8.240157688136348e-05,1.519568188647795e-16,0.0
362.566468564279,0.00016697032973752972,1.519066740898037e-16,0.0
362.6055677197372,0.0002330873378124982,1.5177930466688798e-16,0.0
362.64466687519547,0.0001785408492815898,1.517230697825977e-16,0.0
362.6837660306537,8.374233494998605e-05,1.5165157163854143e-16,0.0
362.72286518611196,0.00016427082850590526,1.5158189371662137e-16,0.0
362.7619643415702,0.00023385988661863994,1.5150192076754393e-16,0.0
362.80106349702845,0.0001791145211345586,1.5139807690135841e-16,0.0
362.8401626524867,8.515433587970657e-05,1.5137266598669883e-16,0.0
362.87926180794494,0.0001629143966325331,1.5121711214854237e-16,0.0
362.9183609634032,0.0002334365598246866,1.5120178109994056e-16,0.0
362.95746011886143,0.00018057020177318124,1.5112887794111367e-16,0.0
362.9965592743197,8.521427786214706e-05,1.5101772771253976e-16,0.0
363.0356584297779,0.00016354517090926858,1.509488342876066e-16,0.0
363.07475758523617,0.00023078912764735407,1.5088082307793892e-16,0.0
363.11385674069436,0.00018430528979123902,1.5082253679472945e-16,0.0
363.1529558961526,8.322421231743341e-05,1.507012988754683e-16,0.0
363.19205505161085,0.00016522138211573042,1.5067259393184752e-16,0.0
363.2311542070691,0.00022636984146784603,1.5055325440822264e-16,0.0
363.27025336252734,0.00019024230268134735,1.5050911537207652e-16,0.0
363.3093525179856,7.975648961760998e-05,1.504197064336693e-16,0.0
363.34845167344383,0.0001659215093119877,1.503513412254427e-16,0.0
363.3875508289021,0.00022213583045320215,1.5025471633121152e-16,0.0
363.4266499843603,0.00019664552901702735,1.5023004480919421e-16,0.0
363.46574913981857,7.670987573977144e-05,1.5010559144825918e-16,0.0
363.5048482952768,0.00016377107480603184,1.5005198088282894e-16,0.0
363.54394745073506,0.0002205462921495833,1.4997457117651876e-16,0.0
363.5830466061933,0.00020112026907606313,1.498688203613287e-16,0.0
363.62214576165155,7.653407753984753e-05,1.4984542891619428e-16,0.0
363.6612449171098,0.00015812060623806917,1.4974431101675509e-16,0.0
363.70034407256804,0.0002229112323890391,1.4964228321091505e-16,0.0
363.7394432280263,0.00020196270657014238,1.4958577775042897e-16,0.0
363.7785423834845,8.047800002982872e-05,1.4953484613379184e-16,0.0
363.8176415389427,0.00015004303412241175,1.494187725753081e-16,0.0
363.85674069440097,0.00022828434785297346,1.4935023859284484e-16,0.0
363.8958398498592,0.0001991001402090854,1.49280042564801e-16,0.0
363.93493900531746,8.738660554310023e-05,1.4921941544745082e-16,0.0
363.9740381607757,0.00014211745293456836,1.491364625966849e-16,0.0
364.01313731623395,0.00023393781692341263,1.490467322108668e-16,0.0
364.0522364716922,0.00019432973165300546,1.48988625167841e-16,0.0
364.09133562715044,9.459350444242446e-05,1.4888721927914063e-16,0.0
364.1304347826087,0.00013730941606921357,1.4884456343944704e-16,0.0
364.16953393806693,0.00023695788501238577,1.487361039110783e-16,0.0
364.2086330935252,0.00019069103877937448,1.4870148172218217e-16,0.0
364.2477322489834,9.958800391366561e-05,1.4858376981495498e-16,0.0
364.28683140444167,0.00013711385154227505,1.485360737354162e-16,0.0
364.3259305598999,0.00023572291855587118,1.4847055161067598e-16,0.0
364.36502971535816,0.0001909100897234782,1.4837975926979056e-16,0.0
364.40412887081635,0.00010098042899599641,1.4830220994635338e-16,0.0
364.4432280262746,0.00014036982237755985,1.4824252044862405e-16,0.0
364.48232718173284,0.00023061608545392023,1.4814672481176189e-16,0.0
364.5214263371911,0.00019562748357240405,1.4809982155897955e-16,0.0
364.56052549264933,9.8840927019737e-05,1.4801861574494703e-16,0.0
364.5996246481076,0.0001441078917278337,1.479277281929125e-16,0.0
364.6387238035658,0.00022389393707335058,1.4786279429548261e-16,0.0
364.67782295902407,0.00020293884513538182,1.4781089885293988e-16,0.0
364.7169221144823,9.473053031803787e-05,1.4770905387099774e-16,0.0
364.75602126994056,0.00014545007287465166,1.4767335468628654e-16,0.0
364.7951204253988,0.00021870853710533007,1.4754346371376392e-16,0.0
364.83421958085705,0.00020970890431469837,1.4751751075616174e-16,0.0
364.8733187363153,9.134005390194443e-05,1.473960090824736e-16,0.0
364.91241789177354,0.00014290672899301669,1.4736882850207576e-16,0.0
364.9515170472318,0.00021745594514503062,1.472587393969475e-16,0.0
364.99061620269003,0.000213351467666998,1.4719803690000434e-16,0.0
365.0297153581482,9.13365887059827e-05,1.47117379653799e-16,0.0
365.06881451360647,0.00013676064040200116,1.4706256462329047e-16,0.0
365.1079136690647,0.00022033221502972366,1.469622263840372e-16,0.0
365.14701282452296,0.00021291666832885028,1.4690066447599748e-16,0.0
365.1861119799812,9.562002021536715e-05,1.4682150190539206e-16,0.0
365.22521113543945,0.00012885423708582257,1.4674408915315952e-16,0.0
365.2643102908977,0.0002253091032366374,1.4668586128173477e-16,0.0
365.30340944635594,0.0002093223500822871,1.4658189385407137e-16,0.0
365.3425086018142,0.00010269540000357886,1.4654611403690792e-16,0.0
365.38160775727243,0.00012188700471887965,1.4644311568463904e-16,0.0
365.4207069127307,0.00022951789066458122,1.46357431467351e-16,0.0
365.4598060681889,0.00020488765369040457,1.4630602264607737e-16,0.0
365.49890522364717,0.00010995469047399663,1.4623993584475954e-16,0.0
365.5380043791054,0.00011817340896759214,1.4614696641854935e-16,0.0
365.57710353456366,0.00023078489920430104,1.4607368597159176e-16,0.0
365.6162026900219,0.0002022747990831428,1.4600002624199642e-16,0.0
365.6553018454801,0.00011522661953425549,1.459185506656857e-16,0.0
365.69440100093834,0.00011831126972527904,1.4589271929284698e-16,0.0
365.7335001563966,0.00022843505043225134,1.4576329847770528e-16,0.0
365.77259931185483,0.00020315238088661712,1.4572430048320217e-16,0.0
365.8116984673131,0.00011748111845404679,1.456244930051413e-16,0.0
365.8507976227713,0.00012092115338526185,1.455681068478285e-16,0.0
365.88989677822957,0.00022331840823948312,1.455115396547786e-16,0.0
365.9289959336878,0.00020736413311902722,1.453840352912081e-16,0.0
365.96809508914606,0.00011689865674738582,1.4537480357105805e-16,0.0
366.0071942446043,0.00012375844184916093,1.4527219198939126e-16,0.0
366.04629340006255,0.00021729183623019906,1.4518030219581604e-16,0.0
366.0853925555208,0.00021324886193434684,1.4513713067391473e-16,0.0
366.12449171097904,0.00011463256922182901,1.4504155584230927e-16,0.0
366.1635908664373,0.00012499740601010497,1.4499943855452827e-16,0.0
366.20269002189553,0.00021237571942763677,1.4490714375913648e-16,0.0
366.2417891773538,0.0002187410252710988,1.448171277132106e-16,0.0
366.280888332812,0.0001123555085456247,1.4479559140206897e-16,0.0
366.3199874882702,0.00012381249153310193,1.4464590122304055e-16,0.0
366.35908664372846,0.00020987951973546246,1.4464588368176858e-16,0.0
366.3981857991867,0.00022234534027934017,1.4453467563025556e-16,0.0
366.43728495464495,0.00011161542222072095,1.4446726234076932e-16,0.0
366.4763841101032,0.00012036136279923549,1.4440359848030676e-16,0.0
366.51548326556144,0.00020991358479517314,1.443445866764307e-16,0.0
366.5545824210197,0.00022354726998806697,1.4424965103259912e-16,0.0
366.59368157647793,0.00011319073623201141,1.4418524683367774e-16,0.0
366.6327807319362,0.0001155021031517227,1.4413976278269556e-16,0.0
366.6718798873944,0.0002115477595197455,1.4402835064819132e-16,0.0
366.71097904285267,0.00022275123980518651,1.4398711311526403e-16,0.0
366.7500781983109,0.00011682776333387023,1.4391141832367602e-16,0.0
366.78917735376916,0.00011042608426584777,1.4378365378830708e-16,0.0
366.8282765092274,0.00021341596565843408,1.4376246399161197e-16,0.0
366.86737566468565,0.00022096873679891004,1.4370081938067874e-16,0.0
366.9064748201439,0.00012153223023564511,1.435942103262748e-16,0.0
366.9455739756021,0.00010626800450615522,1.4355112877802007e-16,0.0
366.98467313106033,0.00021432193097464008,1.4345246045277645e-16,0.0
367.0237722865186,0.00021941112495518441,1.4338099002887016e-16,0.0
367.0628714419768,0.00012611535918170065,1.4331365803967904e-16,0.0
367.10197059743507,0.00010373525270358247,1.4325121743295847e-16,0.0
367.1410697528933,0.00021359776475780937,1.431744981646179e-16,0.0
367.18016890835156,0.00021907191688076263,1.430913944086079e-16,0.0
367.2192680638098,0.00012962842499451653,1.4301720222405058e-16,0.0
367.25836721926805,0.00010285892398435479,1.4293813917736483e-16,0.0
367.2974663747263,0.000211233657527473,1.4287845443634426e-16,0.0
367.33656553018454,0.0002203738502744857,1.428214231757034e-16,0.0
367.3756646856428,0.0001316054110385835,1.4272527720475484e-16,0.0
367.41476384110103,0.00010299954029976223,1.4265671760861287e-16,0.0
367.4538629965593,0.00020785737131069447,1.4260653389783588e-16,0.0
367.4929621520175,0.0002229905931429338,1.4252901009591972e-16,0.0
367.5320613074758,0.00013218915188396401,1.424492500661151e-16,0.0
367.57116046293396,0.00010312527577350676,1.423736404555099e-16,0.0
367.6102596183922,0.00020455681245342612,1.4233254591697403e-16,0.0
367.64935877385045,0.00022594879924654475,1.4221961911922762e-16,0.0
367.6884579293087,0.00013215419865884913,1.4216872200041154e-16,0.0
367.72755708476694,0.00010222571889885165,1.4210858641695942e-16,0.0
367.7666562402252,0.00020247861451298493,1.4204700796925806e-16,0.0
367.80575539568343,0.00022801818484247623,1.419426956592637e-16,0.0
367.8448545511417,0.00013271583942670278,1.4185093128197986e-16,0.0
367.8839537065999,9.971008661328793e-05,1.4183789173246754e-16,0.0
367.92305286205817,0.00020224219816558308,1.4174148760190899e-16,0.0
367.9621520175164,0.0002282680669406136,1.4168035608654595e-16,0.0
368.00125117297466,0.00013500442990644102,1.4155028499490322e-16,0.0
368.0403503284329,9.571135605475761e-05,1.415718928084889e-16,0.0
368.07944948389115,0.00020346425421933673,1.413897708114589e-16,0.0
368.1185486393494,0.00022659410793824525,1.414196656429939e-16,0.0
368.15764779480764,0.0001393479768952734,1.412605120198163e-16,0.0
368.19674695026583,9.122401904289392e-05,1.4126769174672207e-16,0.0
368.2358461057241,0.0002047855550934242,1.4113330393510474e-16,0.0
368.2749452611823,0.0002239866932024408,1.4110399868884603e-16,0.0
368.31404441664057,0.00014487565993779935,1.4100838978862562e-16,0.0
368.3531435720988,8.78971159756529e-05,1.409553157624287e-16,0.0
368.39224272755706,0.00020448407163080622,1.4086683798123889e-16,0.0
368.4313418830153,0.00022228963051829076,1.4081678030968024e-16,0.0
368.47044103847355,0.0001498367279403068,1.4072902814225838e-16,0.0
368.5095401939318,8.724689795106958e-05,1.4066496729192908e-16,0.0
368.54863934939004,0.0002013600916137712,1.4063351327379875e-16,0.0
368.5877385048483,0.00022330547794491412,1.4050919255129074e-16,0.0
368.62683766030653,0.0001524386111618566,1.4043968470794772e-16,0.0
368.6659368157648,8.95295246319962e-05,1.4042087028303783e-16,0.0
368.705035971223,0.00019549353771044172,1.4032471093392426e-16,0.0
368.7441351266813,0.0002275750056535926,1.4024612484148996e-16,0.0
368.7832342821395,0.00015174063644168796,1.4018776136713137e-16,0.0
368.8223334375977,9.332347456602179e-05,1.4012551079518665e-16,0.0
368.86143259305595,0.0001885670396544388,1.4003555786139566e-16,0.0
368.9005317485142,0.0002337300578058256,1.3998857082273387e-16,0.0
368.93963090397244,0.00014831293587328008,1.3988970714989312e-16,0.0
368.9787300594307,9.631693862445018e-05,1.398471952762574e-16,0.0
369.01782921488893,0.0001834348071974713,1.3977215607013647e-16,0.0
369.0569283703472,0.00023904809358659635,1.3968859265439464e-16,0.0
369.0960275258054,0.000144446631160414,1.3964883483479078e-16,0.0
369.13512668126367,9.643688898287013e-05,1.3954248671880585e-16,0.0
369.1742258367219,0.00018268702358216214,1.3950566658796094e-16,0.0
369.21332499218016,0.00024080531491580873,1.393922940455758e-16,0.0
369.2524241476384,0.0001434805344592329,1.3935677659328436e-16,0.0
369.29152330309665,9.258989074105228e-05,1.3926698764506345e-16,0.0
369.3306224585549,0.00018678829598718337,1.3921871413268489e-16,0.0
369.36972161401314,0.00023759767898591267,1.3912188481845003e-16,0.0
369.4088207694714,0.0001478968568026169,1.3904514007215013e-16,0.0
369.44791992492964,8.505326342397058e-05,1.3899564716085966e-16,0.0
369.4870190803878,0.0001934489639541519,1.3889595061061982e-16,0.0
369.52611823584607,0.0002301605279155048,1.388575062070495e-16,0.0
369.5652173913043,0.0001573165002698583,1.3876871396070738e-16,0.0
369.60431654676256,7.574295221132671e-05,1.3871486539476508e-16,0.0
369.6434157022208,0.00019893113873416623,1.385987561477138e-16,0.0
369.68251485767905,0.00022147507965128042,1.385813111183475e-16,0.0
369.7216140131373,0.00016858239191976405,1.3852094689082118e-16,0.0
369.76071316859554,6.826617592759488e-05,1.3839407385748427e-16,0.0
369.7998123240538,0.00019997553696071365,1.3837713251948702e-16,0.0
369.83891147951203,0.00021581496408431785,1.382852501502172e-16,0.0
369.8780106349703,0.00017773344700614872,1.3821876372705505e-16,0.0
369.9171097904285,6.666037420039033e-05,1.3816331652455222e-16,0.0
369.9562089458868,0.0001951034400303826,1.3807109415442554e-16,0.0
369.995308101345,0.00021651216342487195,1.3802271944331102e-16,0.0
370.03440725680326,0.00018184955671242468,1.3795579129819994e-16,0.0
370.0735064122615,7.195927139493596e-05,1.3789648614171195e-16,0.0
370.1126055677197,0.00018514298696382326,1.3778572709130982e-16,0.0
370.15170472317794,0.00022362073945145916,1.377522001822415e-16,0.0
370.1908038786362,0.0001799976336624264,1.376784041512775e-16,0.0
370.22990303409443,8.097470403839422e-05,1.3760806096873084e-16,0.0
370.2690021895527,0.00017312426224753115,1.3752770291198548e-16,0.0
370.3081013450109,0.0002338138321722653,1.3749029826135977e-16,0.0
370.34720050046917,0.00017351645015690394,1.3737793166042234e-16,0.0
370.3862996559274,8.951444989117593e-05,1.3735153268179058e-16,0.0
370.42539881138566,0.00016335851213980214,1.3726419543108812e-16,0.0
370.4644979668439,0.00024263216296226256,1.3719802460642788e-16,0.0
370.50359712230215,0.00016573008994823037,1.3709975283169335e-16,0.0
370.5426962777604,9.474883297445084e-05,1.370637419798697e-16,0.0
370.58179543321864,0.00015936386341255872,1.3696399347640835e-16,0.0
370.6208945886769,0.0002468179768175953,1.369294164062781e-16,0.0
370.65999374413514,0.00016077108007424073,1.368518261369812e-16,0.0
370.6990928995934,9.556059234701883e-05,1.3675208334592584e-16,0.0
370.73819205505157,0.0001615223668952773,1.3673563608933167e-16,0.0
370.7772912105098,0.00024543882239238526,1.366179334662362e-16,0.0
370.81639036596806,0.0001613829194822423,1.3658361754441194e-16,0.0
370.8554895214263,9.235475049209739e-05,1.3650188733089263e-16,0.0
370.89458867688455,0.0001669415787800945,1.3642869537777508e-16,0.0
370.9336878323428,0.00023990326237848395,1.3635110229596183e-16,0.0
370.97278698780104,0.00016712026453340884,1.3630987066387858e-16,0.0
371.0118861432593,8.678644189420316e-05,1.3622493679862736e-16,0.0
371.05098529871753,0.00017182070357329413,1.361718573376921e-16,0.0
371.0900844541758,0.00023313055986704082,1.3607334062884158e-16,0.0
371.129183609634,0.00017500188537714143,1.3605640121161932e-16,0.0
371.1682827650923,8.125925703986562e-05,1.3594528539847192e-16,0.0
371.2073819205505,0.00017370927856855795,1.35882485767812e-16,0.0
371.24648107600876,0.0002280472777830081,1.3582130539289761e-16,0.0
371.285580231467,0.00018187827382468833,1.3577321944876584e-16,0.0
371.32467938692525,7.79236929416363e-05,1.3567626305434015e-16,0.0
371.36377854238344,0.0001722760435298597,1.3562165693416104e-16,0.0
371.4028776978417,0.00022599598076309435,1.3552171812872546e-16,0.0
371.44197685329993,0.00018618827562604168,1.3549895477119484e-16,0.0
371.4810760087582,7.741393519486371e-05,1.354098919636781e-16,0.0
371.5201751642164,0.00016890098244160454,1.3535656283795471e-16,0.0
371.55927431967467,0.00022617590596528338,1.3526504276249567e-16,0.0
371.5983734751329,0.00018832621946740204,1.352047631052007e-16,0.0
371.63747263059116,7.854555076500304e-05,1.3516104839202912e-16,0.0
371.6765717860494,0.0001655446272110637,1.3505103944587736e-16,0.0
371.71567094150765,0.00022664786633665366,1.3502229831354124e-16,0.0
371.7547700969659,0.00018991994632255808,1.3493059547339348e-16,0.0
371.79386925242414,7.951534666098923e-05,1.3486007514308068e-16,0.0
371.8329684078824,0.00016336647542917888,1.347957774540072e-16,0.0
371.87206756334064,0.00022600941336061402,1.3474792963510497e-16,0.0
371.9111667187989,0.0001924698642602043,1.3465824014283024e-16,0.0
371.9502658742571,7.93513569330157e-05,1.3459599584290171e-16,0.0
371.9893650297154,0.00016192658548751996,1.3453852563262837e-16,0.0
372.02846418517356,0.00022445716550234776,1.344447400403296e-16,0.0
372.0675633406318,0.00019611735224729846,1.3442588576970877e-16,0.0
372.10666249609005,7.858791941889453e-05,1.343119866314145e-16,0.0
372.1457616515483,0.00015961928281384922,1.3428312134173492e-16,0.0
372.18486080700654,0.0002236357505716377,1.3420611164548311e-16,0.0
372.2239599624648,0.00019945906127773224,1.3411046501548713e-16,0.0
372.26305911792304,7.901104402318205e-05,1.3407624296967002e-16,0.0
372.3021582733813,0.00015496114870165324,1.3399889782850518e-16,0.0
372.3412574288395,0.00022536263437068681,1.3394466017767348e-16,0.0
372.3803565842978,0.000200541991922371,1.3384887219833577e-16,0.0
372.419455739756,8.240286166112162e-05,1.3379828083993922e-16,0.0
372.45855489521426,0.00014779069935928443,1.337343969557224e-16,0.0
372.4976540506725,0.00023001876262883868,1.3365303503044023e-16,0.0
372.53675320613075,0.00019824895375497587,1.336081782162078e-16,0.0
372.575852361589,8.891379889136835e-05,1.3354902051277463e-16,0.0
372.61495151704725,0.00013978163469036082,1.3346349918348857e-16,0.0
372.65405067250543,0.00023590238490173976,1.3339874882870474e-16,0.0
372.6931498279637,0.00019326516992406874,1.333324070604914e-16,0.0
372.7322489834219,9.671611974319381e-05,1.3326364787761737e-16,0.0
372.77134813888017,0.00013395262044898433,1.3320027045335393e-16,0.0
372.8104472943384,0.00024011202519959912,1.3314587514824428e-16,0.0
372.84954644979666,0.00018818835393935888,1.3306756837301314e-16,0.0
372.8886456052549,0.00010318730485831314,1.3301166920355453e-16,0.0
372.92774476071315,0.00013293444114519963,1.329317345582163e-16,0.0
372.9668439161714,0.00024015373890637278,1.328714350004139e-16,0.0
373.00594307162964,0.00018646102209766044,1.3278941202168094e-16,0.0
373.0450422270879,0.0001062023166542457,1.3275567512889085e-16,0.0
373.08414138254614,0.00013684213289914717,1.3264681545956645e-16,0.0
373.1232405380044,0.0002352239507698324,1.3261382842287602e-16,0.0
373.1623396934626,0.000190238743454719,1.325216109694495e-16,0.0
373.2014388489209,0.00010485859529531327,1.3249487646931898e-16,0.0
373.2405380043791,0.00014297949650252063,1.323885326421987e-16,0.0
373.2796371598373,0.00022673117702473253,1.323294813651445e-16,0.0
373.31873631529555,0.00019869813147077258,1.3228488374359402e-16,0.0
373.3578354707538,9.980860148173634e-05,1.3219327847754543e-16,0.0
373.39693462621204,0.00014771306773300548,1.3212614153594324e-16,0.0
373.4360337816703,0.00021793631485915262,1.3208449287228017e-16,0.0
373.47513293712854,0.00020854962478475175,1.3201115745245618e-16,0.0
373.5142320925868,9.333607694293968e-05,1.3192507467952723e-16,0.0
373.553331248045,0.00014838433578544109,1.3187426183532378e-16,0.0
373.5924304035033,0.00021257279837052893,1.3181868068890107e-16,0.0
373.6315295589615,0.00021611362517506697,1.317220830434552e-16,0.0
373.67062871441976,8.889017437487211e-05,1.3168755479507035e-16,0.0
373.709727869878,0.00014415738545050868,1.3158915080058586e-16,0.0
373.74882702533625,0.0002127449969190793,1.3152716460647438e-16,0.0
373.7879261807945,0.0002190727663126177,1.3150273083411058e-16,0.0
373.82702533625275,8.94175350445782e-05,1.3141753755831255e-16,0.0
373.866124491711,0.0001360873370811563,1.3131048705131055e-16,0.0
373.9052236471692,0.00021756707807910294,1.3129540478626548e-16,0.0
373.9443228026274,0.00021720196921418082,1.3120252815423785e-16,0.0
373.98342195808567,9.511658435750661e-05,1.311511667803282e-16,0.0
374.0225211135439,0.00012671648941908645,1.3106910303387758e-16,0.0
374.06162026900216,0.00022392507409075025,1.310088827715628e-16,0.0
374.1007194244604,0.00021225312265211023,1.3095113160521618e-16,0.0
374.13981857991865,0.0001034011702045021,1.30909593947258e-16,0.0
374.1789177353769,0.00011914532311936742,1.307971102717701e-16,0.0
374.21801689083514,0.0002285343993494761,1.3079432380237143e-16,0.0
374.2571160462934,0.0002071502285706541,1.3065297110333404e-16,0.0
374.29621520175164,0.00011111899716584306,1.306578104640206e-16,0.0
374.3353143572099,0.00011552728043306073,1.3052837893710498e-16,0.0
374.3744135126681,0.0002295145548509284,1.3052055489749016e-16,0.0
374.4135126681264,0.00020461201700019426,1.3041454528717875e-16,0.0
374.4526118235846,0.0001162232356624059,1.303749818479956e-16,0.0
374.49171097904286,0.00011579155782129777,1.3030989249352494e-16,0.0
374.53081013450105,0.0002268606852548842,1.3023735511497606e-16,0.0
374.5699092899593,0.0002057567689378442,1.3016456346691196e-16,0.0
374.60900844541754,0.00011818856390784826,1.301017277255452e-16,0.0
374.6481076008758,0.00011795376199380321,1.3005009724751217e-16,0.0
374.68720675633404,0.00022205843119066883,1.2996298795504542e-16,0.0
374.7263059117923,0.00020969098843730906,1.2992060005464083e-16,0.0
374.7654050672505,0.00011779136006763033,1.2983699713926192e-16,0.0
374.8045042227088,0.00011970922049646332,1.2978788087317983e-16,0.0
374.843603378167,0.000217178675231701,1.29714393143466e-16,0.0
374.88270253362526,0.00021441632136716445,1.2967739681823356e-16,0.0
374.9218016890835,0.00011657104359630515,1.29583804308365e-16,0.0
374.96090084454175,0.00011968001810911179,1.294973402418682e-16,0.0
375.0,0.00021382005197033392,1.294932746193556e-16,0.0
375.03909915545825,0.00021816182592754147,1.2937281619204183e-16,0.0
375.0781983109165,0.00011607105969286851,1.2932655538246321e-16,0.0
375.11729746637474,0.00011770068355295447,1.2928173537409518e-16,0.0
375.156396621833,0.0002124206719786962,1.2918925934841708e-16,0.0
375.19549577729117,0.00022016533813162126,1.2915245751089298e-16,0.0
375.2345949327494,0.00011711678658068475,1.2905545102104385e-16,0.0
375.27369408820766,0.0001144783805724481,1.289942284089878e-16,0.0
375.3127932436659,0.00021233981323840744,1.2895593176611604e-16,0.0
375.35189239912415,0.00022068760970904926,1.288829764440572e-16,0.0
375.3909915545824,0.0001195704114618592,1.2880464687873286e-16,0.0
375.43009071004064,0.00011101327793844956,1.287634359666546e-16,0.0
375.4691898654989,0.0002125352720339323,1.2869086858363726e-16,0.0
375.50828902095714,0.00022053485388479917,1.2860698271612527e-16,0.0
375.5473881764154,0.0001227082186544218,1.2858713170475372e-16,0.0
375.5864873318736,0.00010806352550137717,1.2848297209706597e-16,0.0
375.6255864873319,0.00021223365609888782,1.284389749258974e-16,0.0
375.6646856427901,0.00022048188801870134,1.2837272889164395e-16,0.0
375.70378479824836,0.000125811817648306,1.2829868900856765e-16,0.0
375.7428839537066,0.00010589686497069235,1.2824144540863722e-16,0.0
375.78198310916486,0.00021117433954930375,1.2819668346674948e-16,0.0
375.82108226462304,0.0002209341877473985,1.2810919202357054e-16,0.0
375.8601814200813,0.00012849471412274875,1.2804795636144105e-16,0.0
375.89928057553954,0.00010440543594321158,1.28001254902822e-16,0.0
375.9383797309978,0.0002094505839326573,1.279143226591718e-16,0.0
375.977478886456,0.0002219544152938857,1.278477321259076e-16,0.0
376.0165780419143,0.0001306599088074696,1.277947256799277e-16,0.0
376.0556771973725,0.0001033864793242818,1.2773869171138598e-16,0.0
376.09477635283076,0.00020723326004318105,1.2766464901971558e-16,0.0
376.133875508289,0.00022348815147418444,1.2760295360669723e-16,0.0
376.17297466374725,0.00013228992895857815,1.2751604114466685e-16,0.0
376.2120738192055,0.00010269711307735191,1.2747787877633278e-16,0.0
376.25117297466375,0.0002046535919133583,1.2739970462561114e-16,0.0
376.290272130122,0.00022549736664664928,1.273584570153239e-16,0.0
376.32937128558024,0.00013333170276241143,1.2726923557157063e-16,0.0
376.3684704410385,0.00010217928387320332,1.2720902886904713e-16,0.0
376.4075695964967,0.00020191736007185834,1.2716528438171046e-16,0.0
376.4466687519549,0.00022786248180515633,1.2706882330845446e-16,0.0
376.48576790741316,0.0001338036582978611,1.2703439531922325e-16,0.0
376.5248670628714,0.0001015005510973731,1.2694778129306007e-16,0.0
376.56396621832965,0.00019948011357042326,1.2692301112453936e-16,0.0
376.6030653737879,0.00023018477760881553,1.2683655219782896e-16,0.0
376.64216452924614,0.0001340310104379033,1.2677773332369015e-16,0.0
376.6812636847044,0.00010013423848988408,1.267205246158204e-16,0.0
376.72036284016264,0.00019801737152479878,1.2666486869340957e-16,0.0
376.7594619956209,0.00023175403843317662,1.2658570274227307e-16,0.0
376.7985611510791,0.00013475812397993224,1.2654045242619504e-16,0.0
376.8376603065374,9.756768437139115e-05,1.264538300041178e-16,0.0
376.8767594619956,0.00019806899802252858,1.2642108324795082e-16,0.0
376.91585861745386,0.00023182261022579358,1.2632846863306962e-16,0.0
376.9549577729121,0.00013690562981294015,1.2628600522394574e-16,0.0
376.99405692837036,9.363708595912523e-05,1.2619668952773118e-16,0.0
377.0331560838286,0.00019955448857876258,1.2614020118879579e-16,0.0
377.0722552392868,0.00023007203135340907,1.2612464716088885e-16,0.0
377.11135439474504,0.00014099354329452548,1.2602640118288604e-16,0.0
377.1504535502033,8.8803834556089e-05,1.2593279448666535e-16,0.0
377.1895527056615,0.00020157518605085772,1.258932504418799e-16,0.0
377.2286518611198,0.00022698965736099352,1.2583403622065936e-16,0.0
377.267751016578,0.00014663738389562538,1.2576363823732623e-16,0.0
377.30685017203626,8.418911268528076e-05,1.2572034637349212e-16,0.0
377.3459493274945,0.00020274509511261472,1.2563378573747935e-16,0.0
377.38504848295275,0.00022386735585310197,1.255728159650262e-16,0.0
377.424147638411,0.0001525925110796129,1.255361215334965e-16,0.0
377.46324679386925,8.119224560229896e-05,1.2543701312224342e-16,0.0
377.5023459493275,0.00020186796954764974,1.2539125911911282e-16,0.0
377.54144510478574,0.0002222731914579291,1.2533918653824433e-16,0.0
377.580544260244,0.00015735302212895535,1.2528517710987534e-16,0.0
377.6196434157022,8.068786117097755e-05,1.2516587995673783e-16,0.0
377.6587425711605,0.00019856286170223992,1.2516492970119122e-16,0.0
377.6978417266187,0.00022316889414753606,1.2509223745441867e-16,0.0
377.7369408820769,0.00015988869232862998,1.250002492456774e-16,0.0
377.77604003753515,8.234236751526444e-05,1.2500235282983966e-16,0.0
377.8151391929934,0.00019352845430522554,1.2487726735595976e-16,0.0
377.85423834845164,0.00022625190060420247,1.2483753563421734e-16,0.0
377.8933375039099,0.00016014141034101443,1.2478757474910032e-16,0.0
377.93243665936814,8.478871471281666e-05,1.2469861824695988e-16,0.0
377.9715358148264,0.00018829476589693928,1.2468570935095127e-16,0.0
378.0106349702846,0.00023008925106851691,1.2457793731673092e-16,0.0
378.0497341257429,0.00015909686612383266,1.2453182836597518e-16,0.0
378.0888332812011,8.648945879302143e-05,1.2446969445827789e-16,0.0
378.12793243665936,0.00018447589926333936,1.243727435673828e-16,0.0
378.1670315921176,0.00023296621046818168,1.2436205593889363e-16,0.0
378.20613074757586,0.0001583526314527387,1.2428628033547054e-16,0.0
378.2452299030341,8.6500849286867e-05,1.242180924919408e-16,0.0
378.28432905849235,0.00018284572223081956,1.2414840685377237e-16,0.0
378.3234282139506,0.0002338271629162764,1.2410301130325125e-16,0.0
378.3625273694088,0.00015926689350202953,1.2404692793674394e-16,0.0
378.401626524867,8.479460267398755e-05,1.2394792581153546e-16,0.0
378.4407256803253,0.0001828768921379969,1.2389608895550846e-16,0.0
378.4798248357835,0.00023277243796765668,1.2388361518848882e-16,0.0
378.51892399124176,0.00016214152687983813,1.2375139799010356e-16,0.0
378.5580231467,8.219382412878607e-05,1.2374725746524613e-16,0.0
378.59712230215825,0.0001831524452247936,1.2365393984007726e-16,0.0
378.6362214576165,0.00023092058289781817,1.2359669603044545e-16,0.0
378.67532061307475,0.00016608480928635903,1.235394645147647e-16,0.0
378.714419768533,7.997316244047223e-05,1.2347512140519202e-16,0.0
378.75351892399124,0.00018230823883174765,1.234261856345501e-16,0.0
378.7926180794495,0.00022971620786745153,1.2333990521288951e-16,0.0
378.8317172349077,0.00016968143992528446,1.2330978104325325e-16,0.0
378.870816390366,7.917313759427146e-05,1.2321455048925324e-16,0.0
378.9099155458242,0.00017981185480197106,1.2317523189233071e-16,0.0
378.94901470128247,0.00023003469907536785,1.2310680795427376e-16,0.0
378.98811385674065,0.00017190366030268115,1.2304938442280464e-16,0.0
379.0272130121989,7.996105384196416e-05,1.2298004127232227e-16,0.0
379.06631216765714,0.0001761740593519617,1.2292327134987084e-16,0.0
379.1054113231154,0.00023166021532704576,1.2287833936727029e-16,0.0
379.14451047857364,0.0001726631693910653,1.2278688370877128e-16,0.0
379.1836096340319,8.158154382912347e-05,1.2275038445200444e-16,0.0
379.2227087894901,0.00017256048494554755,1.2268472368268777e-16,0.0
379.2618079449484,0.00023352544505798894,1.2259960766907168e-16,0.0
379.3009071004066,0.00017277384717788967,1.225718400969677e-16,0.0
379.34000625586486,8.29510611599118e-05,1.225162817755995e-16,0.0
379.3791054113231,0.00017002089403096387,1.2241505097434994e-16,0.0
379.41820456678136,0.00023449762886560303,1.2237510985448795e-16,0.0
379.4573037222396,0.00017338772826921384,1.2230586521272365e-16,0.0
379.49640287769785,8.334795321246758e-05,1.2226353651172203e-16,0.0
379.5355020331561,0.0001687970191100624,1.2218080225983615e-16,0.0
379.57460118861434,0.00023411313816103444,1.221311810235273e-16,0.0
379.6137003440725,0.00017521688240160777,1.2206907080647923e-16,0.0
379.6527994995308,8.276615650843367e-05,1.2201096088554228e-16,0.0
379.691898654989,0.00016821623578933283,1.2196245848037044e-16,0.0
379.73099781044726,0.00023281147725776272,1.2188453922870862e-16,0.0
379.7700969659055,0.00017806600480144765,1.2182234905942805e-16,0.0
379.80919612136375,8.185629239481947e-05,1.2177271705493331e-16,0.0
379.848295276822,0.00016724302430256186,1.2169948407309076e-16,0.0
379.88739443228025,0.00023157816273120026,1.2164621213195675e-16,0.0
379.9264935877385,0.00018103791983281256,1.2159853109372065e-16,0.0
379.96559274319674,8.151156678273228e-05,1.2153753727241013e-16,0.0
380.004691898655,0.00016522370826107545,1.2148267957362232e-16,0.0
380.0437910541132,0.000231232529738667,1.2138207991261012e-16,0.0
380.0828902095715,0.00018322221123403957,1.2136025994660712e-16,0.0
380.1219893650297,8.22734196277103e-05,1.2129281808861508e-16,0.0
380.16108852048797,0.00016230441446980315,1.2121840043147254e-16,0.0
380.2001876759462,0.00023183812703536137,1.2120118597545223e-16,0.0
380.2392868314044,0.00018433240359105632,1.2106773826536054e-16,0.0
380.27838598686265,8.394663465292964e-05,1.2107748507087765e-16,0.0
380.3174851423209,0.00015930483715953763,1.2096145644903822e-16,0.0
380.35658429777914,0.0002326735628697697,1.2092602122821462e-16,0.0
380.3956834532374,0.00018489037695181143,1.2087474420071032e-16,0.0
380.4347826086956,8.575164316774854e-05,1.207872573347926e-16,0.0
380.4738817641539,0.0001571406986362521,1.2076133263264935e-16,0.0
380.5129809196121,0.00023277301171645404,1.2067020828724444e-16,0.0
380.55208007507036,0.0001858690235205045,1.2062578416531413e-16,0.0
380.5911792305286,8.686648596899038e-05,1.2057288494745176e-16,0.0
380.63027838598686,0.00015615847657014483,1.2050503964109374e-16,0.0
380.6693775414451,0.00023160954580892594,1.2044615882706216e-16,0.0
380.70847669690335,0.00018800985736140466,1.203934795332537e-16,0.0
380.7475758523616,8.69322995864535e-05,1.2031518366632757e-16,0.0
380.78667500781984,0.00015587394789838178,1.2026558633160296e-16,0.0
380.8257741632781,0.00022945471213958423,1.2023492029659039e-16,0.0
380.86487331873633,0.00019128462246716563,1.2013243056754674e-16,0.0
380.9039724741945,8.625477280109898e-05,1.2009497811762833e-16,0.0
380.94307162965276,0.00015532101487966807,1.2002723360648942e-16,0.0
380.982170785111,0.0002272085642708759,1.199680386880422e-16,0.0
381.02126994056925,0.00019491974051280274,1.1991270158137987e-16,0.0
381.0603690960275,8.563746282185152e-05,1.1985047540241947e-16,0.0
381.09946825148575,0.00015370342618801664,1.1978578685470913e-16,0.0
381.138567406944,0.0002258119901432563,1.1975923021083132e-16,0.0
381.17766656240224,0.00019794487680588408,1.1966481257288614e-16,0.0
381.2167657178605,8.590402548304041e-05,1.1960531545391435e-16,0.0
381.2558648733187,0.0001508651100062521,1.195576249119826e-16,0.0
381.294964028777,0.00022562993504945115,1.1949880386146014e-16,0.0
381.3340631842352,0.00019981747352094934,1.194436439005064e-16,0.0
381.37316233969347,8.736664508657684e-05,1.1933721060282095e-16,0.0
381.4122614951517,0.0001473153808628114,1.1932689452407336e-16,0.0
381.45136065060996,0.00022626435874273138,1.192778308680479e-16,0.0
381.4904598060682,0.00020069767797466418,1.1916593426116662e-16,0.0
381.5295589615264,8.965957566016696e-05,1.191419161239344e-16,0.0
381.56865811698464,0.00014383318462813933,1.1907402746195535e-16,0.0
381.6077572724429,0.00022693646501020497,1.190025703656238e-16,0.0
381.6468564279011,0.0002012337783956697,1.1895831337781197e-16,0.0
381.6859555833594,9.209558627941982e-05,1.1889064056794551e-16,0.0
381.7250547388176,0.0001409097069803706,1.1883001797565216e-16,0.0
381.76415389427586,0.00022710523149404338,1.187809858071861e-16,0.0
381.8032530497341,0.00020202282684422812,1.1870393451957256e-16,0.0
381.84235220519236,9.421932402306222e-05,1.1865985760522072e-16,0.0
381.8814513606506,0.00013843334188222195,1.1862366454240203e-16,0.0
381.92055051610885,0.00022683239290157835,1.1850528599916325e-16,0.0
381.9596496715671,0.00020314051061940847,1.185044484390996e-16,0.0
381.99874882702534,9.61241548496546e-05,1.1840981465941635e-16,0.0
382.0378479824836,0.00013588310842402329,1.1836917070784636e-16,0.0
382.07694713794183,0.00022663255262547568,1.1829122924245502e-16,0.0
382.1160462934001,0.00020412410173365614,1.1826214011909466e-16,0.0
382.15514544885826,9.832739200544378e-05,1.181940230273813e-16,0.0
382.1942446043165,0.00013288066026449763,1.1814485379957234e-16,0.0
382.23334375977475,0.00022692180916654745,1.180763668366293e-16,0.0
382.272442915233,0.00020444645221073178,1.1800542500539741e-16,0.0
382.31154207069125,0.00010127208747481374,1.1799540096220726e-16,0.0
382.3506412261495,0.0001296593891810917,1.1790027737401714e-16,0.0
382.38974038160774,0.0002274941600903327,1.1784026366095603e-16,0.0
382.428839537066,0.0002041177401931469,1.177808502489101e-16,0.0
382.4679386925242,0.00010480702284095343,1.1776755142414505e-16,0.0
382.5070378479825,0.0001270671604440003,1.1766121394696925e-16,0.0
382.5461370034407,0.0002274847127837761,1.1764376935274136e-16,0.0
382.58523615889897,0.00020393855555863013,1.1750934058361387e-16,0.0
382.6243353143572,0.00010809333291112106,1.174980766496497e-16,0.0
382.66343446981546,0.00012599675499390866,1.174602019505381e-16,0.0
382.7025336252737,0.00022591250892895523,1.1737885597578177e-16,0.0
382.74163278073195,0.00020511888106116276,1.172943914841646e-16,0.0
382.78073193619014,0.00011005043700432424,1.172802518661307e-16,0.0
382.8198310916484,0.00012657364163816325,1.1721275313417567e-16,0.0
382.8589302471066,0.000222450381172299,1.17156084282489e-16,0.0
382.8980294025649,0.00020839211003589723,1.1706630732840027e-16,0.0
382.9371285580231,0.00011003988310246848,1.170341711763101e-16,0.0
382.97622771348136,0.0001277929777999847,1.169784630020083e-16,0.0
383.0153268689396,0.0002179212029731161,1.1691308763361457e-16,0.0
383.05442602439786,0.00021325546371556148,1.1684111773776091e-16,0.0
383.0935251798561,0.00010842260812311218,1.1681295486641018e-16,0.0
383.13262433531435,0.0001279860437812545,1.167149318068866e-16,0.0
383.1717234907726,0.000214133265265618,1.166801039809654e-16,0.0
383.21082264623084,0.00021802499673864871,1.1660812163405427e-16,0.0
383.2499218016891,0.00010671156029211932,1.1654779052490057e-16,0.0
383.28902095714733,0.00012573834099379992,1.1651707178785405e-16,0.0
383.3281201126056,0.00021293358058521587,1.1644332814484534e-16,0.0
383.3672192680638,0.00022072241725980805,1.163544235885455e-16,0.0
383.40631842352207,0.0001070178362154321,1.1638120527565922e-16,0.0
383.44541757898025,0.00012067366489474369,1.1622440756145607e-16,0.0
383.4845167344385,0.0002149157525451393,1.1622125760427643e-16,0.0
383.52361588989675,0.0002201847523429235,1.161577171185857e-16,0.0
383.562715045355,0.00011072559575317643,1.160729791332945e-16,0.0
383.60181420081324,0.00011382553696388986,1.1607713821803158e-16,0.0
383.6409133562715,0.00021879479191191717,1.1597561052274446e-16,0.0
383.68001251172973,0.00021681018055493323,1.159088284614868e-16,0.0
383.719111667188,0.00011731815548258485,1.1586776252418195e-16,0.0
383.7582108226462,0.00010745651329538314,1.15796832260837e-16,0.0
383.79730997810447,0.0002220678428892258,1.1579030088174242e-16,0.0
383.8364091335627,0.0002126109809895154,1.1568024046621664e-16,0.0
383.87550828902096,0.0001246171670029103,1.1563502693491187e-16,0.0
383.9146074444792,0.00010407501180200539,1.156163968418328e-16,0.0
383.95370659993745,0.00022240973514917856,1.1552611148329394e-16,0.0
383.9928057553957,0.00021037624754607377,1.1544830052381194e-16,0.0
384.03190491085394,0.00013011607258205918,1.1543421088567365e-16,0.0
384.0710040663121,0.00010477274735153293,1.1537012771623204e-16,0.0
384.1101032217704,0.0002188545869229445,1.1530305921792553e-16,0.0
384.1492023772286,0.0002120823578551962,1.1524081110352204e-16,0.0
384.18830153268686,0.0001321899581230878,1.1518778252284259e-16,0.0
384.2274006881451,0.00010827913086135654,1.1513851385446538e-16,0.0
384.26649984360336,0.00021229016322417844,1.1505757817516394e-16,0.0
384.3055989990616,0.00021752787089166368,1.1502277723237924e-16,0.0
384.34469815451985,0.0001307181209948282,1.149646167788558e-16,0.0
384.3837973099781,0.00011191214784922681,1.1490873625524196e-16,0.0
384.42289646543634,0.0002051502597379087,1.1483832023600849e-16,0.0
384.4619956208946,0.00022443860683490975,1.1478214040077006e-16,0.0
384.50109477635283,0.00012717796327117937,1.147256558469813e-16,0.0
384.5401939318111,0.00011327714586403247,1.1470388837324475e-16,0.0
384.5792930872693,0.00020027562054136116,1.145937591524483e-16,0.0
384.61839224272757,0.00022993871711728174,1.1458620815833023e-16,0.0
384.6574913981858,0.00012414640539486893,1.1449115112739334e-16,0.0
384.696590553644,0.00011127472076419729,1.1445963034884623e-16,0.0
384.73568970910225,0.0001992847415987519,1.1438537746596266e-16,0.0
384.7747888645605,0.00023211240927167767,1.14343757708044e-16,0.0
384.81388802001874,0.00012404460932341447,1.1424895844680555e-16,0.0
384.852987175477,0.00010631723287673053,1.1424318119324015e-16,0.0
384.89208633093523,0.0002015585083860955,1.1417269349493038e-16,0.0
384.9311854863935,0.0002307962700129196,1.1406753080760071e-16,0.0
384.9702846418517,0.00012760243628894878,1.140808920782735e-16,0.0
385.00938379730997,0.000100050669640548,1.1400606121511746e-16,0.0
385.0484829527682,0.00020480569870979872,1.1392352144194898e-16,0.0
385.08758210822646,0.0002274768021930377,1.1388673650318612e-16,0.0
385.1266812636847,0.00013344089169132952,1.1380087966718107e-16,0.0
385.16578041914295,9.463902410126977e-05,1.1375829019570003e-16,0.0
385.2048795746012,0.00020665231642066632,1.1369794718168023e-16,0.0
385.24397873005944,0.00022442227482836943,1.1366375004191804e-16,0.0
385.2830778855177,0.00013925818790735327,1.1359027329179553e-16,0.0
385.3221770409759,9.16431543304551e-05,1.1353620635484266e-16,0.0
385.3612761964341,0.00020592891091602251,1.1348097479608413e-16,0.0
385.40037535189236,0.00022338450508987176,1.134164265998043e-16,0.0
385.4394745073506,0.00014333992692762312,1.133472954814348e-16,0.0
385.47857366280886,9.108589382725892e-05,1.133339227720721e-16,0.0
385.5176728182671,0.00020302523909207238,1.1323170296912173e-16,0.0
385.55677197372535,0.0002246175547051955,1.1318981002997995e-16,0.0
385.5958711291836,0.00014531258772842263,1.1315702123043683e-16,0.0
385.63497028464184,9.164268958598207e-05,1.1305314130398726e-16,0.0
385.6740694401001,0.00019937942644898774,1.1305187892270454e-16,0.0
385.71316859555833,0.0002269704022180438,1.129570898773556e-16,0.0
385.7522677510166,0.0001460366409997667,1.1293085738458794e-16,0.0
385.7913669064748,9.18020876853731e-05,1.1286878937339126e-16,0.0
385.83046606193307,0.00019644292826744055,1.1280049613566158e-16,0.0
385.8695652173913,0.00022894115090896076,1.1274006832977675e-16,0.0
385.90866437284956,0.00014686176005451304,1.1267794084198308e-16,0.0
385.94776352830775,9.086312048797547e-05,1.1265137000479015e-16,0.0
385.986862683766,0.0001947197748662687,1.1262229181234282e-16,0.0
386.02596183922424,0.00022978102707017127,1.1249245274614108e-16,0.0
386.0650609946825,0.00014863270621112462,1.124877176770571e-16,0.0
386.10416015014073,8.918112747688593e-05,1.1240470522811804e-16,0.0
386.143259305599,0.00019356902909277215,1.1236944417321526e-16,0.0
386.1823584610572,0.00022988435553558938,1.1228858046576836e-16,0.0
386.22145761651547,0.00015110954406314002,1.122966667283109e-16,0.0
386.2605567719737,8.77332369345852e-05,1.1216753659747889e-16,0.0
386.29965592743196,0.00019191914713572995,1.1216054300677466e-16,0.0
386.3387550828902,0.00023029995531615138,1.120759932268694e-16,0.0
386.37785423834845,0.00015328649868677404,1.1203035961698395e-16,0.0
386.4169533938067,8.727865292829543e-05,1.1198679907617624e-16,0.0
386.45605254926494,0.0001892799526588171,1.1192183555929518e-16,0.0
386.4951517047232,0.00023173171606314603,1.1185728634797433e-16,0.0
386.53425086018143,0.00015433529965111183,1.1183729914897383e-16,0.0
386.5733500156397,8.765081731954801e-05,1.1171568193475097e-16,0.0
386.61244917109786,0.00018628010641183034,1.1175524113741533e-16,0.0
386.6515483265561,0.00023377924829331336,1.1162285835085687e-16,0.0
386.69064748201436,0.000154435600634802,1.1159156998031197e-16,0.0
386.7297466374726,8.778187899898977e-05,1.115297124594304e-16,0.0
386.76884579293085,0.00018432938143169152,1.114776102832046e-16,0.0
386.8079449483891,0.0002350677362437218,1.114575607933509e-16,0.0
386.84704410384734,0.0001549119425086978,1.113491933751894e-16,0.0
386.8861432593056,8.642984550301844e-05,1.11299980537534e-16,0.0
386.92524241476383,0.00018452611669959938,1.112898101619245e-16,0.0
386.9643415702221,0.0002342027016563337,1.111908600370905e-16,0.0
387.0034407256803,0.00015744749847334635,1.1116204192513159e-16,0.0
387.04253988113857,8.3025214955045e-05,1.110817372748063e-16,0.0
387.0816390365968,0.00018656658277216794,1.1105169635634968e-16,0.0
387.12073819205506,0.00023087519162433897,1.1097438358572388e-16,0.0
387.1598373475133,0.0001627282374766789,1.109182893528472e-16,0.0
387.19893650297155,7.822659497298088e-05,1.1089702245983164e-16,0.0
387.23803565842974,0.00018863589748568986,1.1077813649685451e-16,0.0
387.277134813888,0.00022642965938818156,1.1080285019440035e-16,0.0
387.31623396934623,0.00016961236860526215,1.1065024959356652e-16,0.0
387.3553331248045,7.400427012538208e-05,1.1072767078369085e-16,0.0
387.3944322802627,0.0001884258868936522,1.1052613231420336e-16,0.0
387.43353143572097,0.0002234468201435934,1.105742436202957e-16,0.0
387.4726305911792,0.00017564945923113508,1.1046368134782641e-16,0.0
387.51172974663746,7.285176771984673e-05,1.1043915028487826e-16,0.0
387.5508289020957,0.00018448948145921814,1.1036151096033222e-16,0.0
387.58992805755395,0.00022425200748772483,1.1033956260841832e-16,0.0
387.6290272130122,0.00017846853126342785,1.1027188382615267e-16,0.0
387.66812636847044,7.593045160445503e-05,1.1016888949734289e-16,0.0
387.7072255239287,0.00017719174320678782,1.1017111452977543e-16,0.0
387.74632467938693,0.000229133296567597,1.1013334125550534e-16,0.0
387.7854238348452,0.00017707245305918336,1.100003005371389e-16,0.0
387.8245229903034,8.182371042328749e-05,1.0996148226095185e-16,0.0
387.8636221457616,0.00016892556799619527,1.0994224916952769e-16,0.0
387.90272130121986,0.00023581827307164323,1.0990572980687487e-16,0.0
387.9418204566781,0.00017256844788211847,1.0979798756404912e-16,0.0
387.98091961213635,8.758656854561262e-05,1.0981373689154156e-16,0.0
388.0200187675946,0.00016327717128434495,1.0972135520663113e-16,0.0
388.05911792305284,0.00024076056221203983,1.0963936935904146e-16,0.0
388.0982170785111,0.00016810038306415477,1.0964913542875194e-16,0.0
388.13731623396933,9.052187645337144e-05,1.0956510032629112e-16,0.0
388.1764153894276,0.00016294063312277955,1.0950012629484117e-16,0.0
388.2155145448858,0.0002410888269908953,1.0947814069757807e-16,0.0
388.25461370034407,0.0001675421039770128,1.0941482357741494e-16,0.0
388.2937128558023,8.913345163609864e-05,1.093239936076329e-16,0.0
388.33281201126056,0.00016755389443885596,1.0929580014794517e-16,0.0
388.3719111667188,0.00023603823279761394,1.092426618698425e-16,0.0
388.41101032217705,0.00017298100257249788,1.0918430390143214e-16,0.0
388.4501094776353,8.350011060095218e-05,1.0913899556964729e-16,0.0
388.4892086330935,0.00017374754109691763,1.0907492077490687e-16,0.0
388.52830778855173,0.00022751653191007727,1.0902800417673217e-16,0.0
388.56740694401,0.0001829348671955399,1.0896827529863501e-16,0.0
388.6065060994682,7.554719171305891e-05,1.0886694294446462e-16,0.0
388.64560525492647,0.00017733665622005448,1.0891975968895448e-16,0.0
388.6847044103847,0.0002196560913643054,1.0871876681165893e-16,0.0
388.72380356584296,0.00019332254939807207,1.0879334638539418e-16,0.0
388.7629027213012,6.916325537254076e-05,1.0866649916019589e-16,0.0
388.80200187675945,0.0001754149224725163,1.0860505639339926e-16,0.0
388.8411010322177,0.0002169833780300645,1.086335751178843e-16,0.0
388.88020018767594,0.00019994113257499582,1.0850903895382976e-16,0.0
388.9192993431342,6.887713200861168e-05,1.0849357007458383e-16,0.0
388.95839849859243,0.00016737768113706076,1.0840825131363518e-16,0.0
388.9974976540507,0.00022154276219977132,1.0834849031097817e-16,0.0
389.0365968095089,0.00020030321341158865,1.0834051434670567e-16,0.0
389.07569596496717,7.598560673038697e-05,1.0824824501358869e-16,0.0
389.1147951204254,0.00015519618585498185,1.0821460080161095e-16,0.0
389.1538942758836,0.00023127099551748559,1.0816613121520351e-16,0.0
389.19299343134185,0.00019445576260608246,1.0811663096097158e-16,0.0
389.2320925868001,8.710948667909817e-05,1.0807542868979835e-16,0.0
389.27119174225834,0.00014313190765120594,1.079452770004064e-16,0.0
389.3102908977166,0.00024142982749381732,1.0793540259496088e-16,0.0
389.34939005317483,0.00018512985736679198,1.0789515165778451e-16,0.0
389.3884892086331,9.76573710729856e-05,1.0784499283884667e-16,0.0
389.4275883640913,0.0001363270943569643,1.0778635554673752e-16,0.0
389.46668751954957,0.0002473996162797178,1.0773112477499194e-16,0.0
389.5057866750078,0.00017713838452596467,1.0763915967424855e-16,0.0
389.54488583046606,0.00010431847711342002,1.0766472743238272e-16,0.0
389.5839849859243,0.00013768630895178563,1.075633978844604e-16,0.0
389.62308414138255,0.00024657132890209963,1.0750700200920802e-16,0.0
389.6621832968408,0.00017538793191304282,1.074481889263778e-16,0.0
389.70128245229904,0.00010545553742378733,1.0738472632292337e-16,0.0
389.7403816077573,0.00014541014108048926,1.0738472632292337e-16,0.0
389.7794807632155,0.0002390287075261065,1.0731606290870136e-16,0.0
389.8185799186737,0.00018174739177275495,1.0721725382801403e-16,0.0
389.85767907413197,0.00010102648026731836,1.0721993591955898e-16,0.0
389.8967782295902,0.00015460865160605433,1.071291568651532e-16,0.0
389.93587738504846,0.00022746566794278012,1.0707414373129579e-16,0.0
389.9749765405067,0.00019365115188842952,1.0707166005848653e-16,0.0
390.01407569596495,9.258782099810103e-05,1.0695459222487443e-16,0.0
390.0531748514232,0.0001606646014025393,1.0693698693678272e-16,0.0
390.09227400688144,0.0002164273971911532,1.0688405152411463e-16,0.0
390.1313731623397,0.00020618815104404283,1.0681191771807314e-16,0.0
390.17047231779793,8.336719990454561e-05,1.0679165859566613e-16,0.0
390.2095714732562,0.00016093281405026835,1.0671832437505182e-16,0.0
390.2486706287144,0.00021057017509713445,1.066631205944257e-16,0.0
390.28776978417267,0.00021498887030174484,1.0661487893517127e-16,0.0
390.3268689396309,7.78673741990506e-05,1.0658942870098758e-16,0.0
390.36596809508916,0.00015498293545950203,1.0649305661314186e-16,0.0
390.40506725054735,0.00021215424495697773,1.0646204922289769e-16,0.0
390.4441664060056,0.00021769012273054864,1.0641725272971499e-16,0.0
390.48326556146384,7.961180946118944e-05,1.0639512433758596e-16,0.0
390.5223647169221,0.00014438438525157045,1.0629992326214746e-16,0.0
390.56146387238033,0.00021962328142112814,1.0626206825759461e-16,0.0
390.6005630278386,0.0002142544932613256,1.0622306556805688e-16,0.0
390.6396621832968,8.797818270975083e-05,1.0612419538331544e-16,0.0
390.67876133875507,0.00013235054134610387,1.0609032937484623e-16,0.0
390.7178604942133,0.00022884488039705763,1.0604901846191676e-16,0.0
390.75695964967156,0.0002067897817646864,1.059763610502082e-16,0.0
390.7960588051298,9.900140659812916e-05,1.0594553387873441e-16,0.0
390.83515796058805,0.0001229934845080141,1.058439364219184e-16,0.0
390.8742571160463,0.00023557802632520378,1.0587381873992706e-16,0.0
390.91335627150454,0.00019898530388971357,1.057618509501153e-16,0.0
390.9524554269628,0.00010867495338175624,1.0568446415568182e-16,0.0
390.99155458242103,0.00011962650802307459,1.0567114848122707e-16,0.0
391.0306537378792,0.00023711617869529069,1.055938255814423e-16,0.0
391.06975289333747,0.00019489213811859957,1.0556074379019422e-16,0.0
391.1088520487957,0.0001144125897868387,1.0549784318605393e-16,0.0
391.14795120425396,0.00012259012699926883,1.0549196942995345e-16,0.0
391.1870503597122,0.00023284649353891645,1.0534316333611258e-16,0.0
391.22614951517045,0.00019700292499362049,1.0539435238993744e-16,0.0
391.2652486706287,0.00011514226217816946,1.0528929868821187e-16,0.0
391.30434782608694,0.00012901201308966148,1.0524342654554913e-16,0.0
391.3434469815452,0.00022423967973036509,1.0521049985770413e-16,0.0
391.38254613700343,0.00020476201379933986,1.0514554936596998e-16,0.0
391.4216452924617,0.00011123584901047155,1.0507384060999332e-16,0.0
391.4607444479199,0.00013493406329352403,1.0509717657030675e-16,0.0
391.49984360337817,0.00021449244749667046,1.0494209682761532e-16,0.0
391.5389427588364,0.0002149869339597326,1.0495652258796013e-16,0.0
391.57804191429466,0.00010456177146744366,1.0490745295200729e-16,0.0
391.6171410697529,0.0001372375774594079,1.0486797299748867e-16,0.0
391.6562402252111,0.00020761048505245526,1.0476879751763104e-16,0.0
391.69533938066934,0.00022371147950389566,1.0473147876885949e-16,0.0
391.7344385361276,9.847395571862603e-05,1.0467489267124979e-16,0.0
391.77353769158583,0.000134339288795435,1.0461096944370805e-16,0.0
391.8126368470441,0.00020667556320412363,1.0460087179754811e-16,0.0
391.8517360025023,0.00022783049191039492,1.0450746809729959e-16,0.0
391.89083515796057,9.69830446268899e-05,1.0448726787591697e-16,0.0
391.9299343134188,0.00012630595243524873,1.0442005176275144e-16,0.0
391.96903346887706,0.00021198624124117707,1.0438056691319074e-16,0.0
392.0081326243353,0.0002259825252300466,1.0430160061166106e-16,0.0
392.04723177979355,0.00010235196411343868,1.0424546467622362e-16,0.0
392.0863309352518,0.00011489929929999462,1.0419821037199413e-16,0.0
392.12543009071004,0.0002207606628758941,1.0418300348226676e-16,0.0
392.1645292461683,0.0002189328308335988,1.0406218027278184e-16,0.0
392.20362840162653,0.00011310939391867748,1.0408148329910074e-16,0.0
392.2427275570848,0.00010357822145420659,1.0394646702017598e-16,0.0
392.281826712543,0.0002287556676302679,1.0397394159644368e-16,0.0
392.3209258680012,0.00020960899389870272,1.03849636836901e-16,0.0
392.36002502345946,0.00012531226087565662,1.0386327684053145e-16,0.0
392.3991241789177,9.683384152874643e-05,1.0376143055669009e-16,0.0
392.43822333437595,0.00023224147044628192,1.0375363577506312e-16,0.0
392.4773224898342,0.00020248587552597328,1.0371286970283373e-16,0.0
392.51642164529244,0.0001350142153276644,1.036436168100187e-16,0.0
392.5555208007507,9.770599283606304e-05,1.0357204729390754e-16,0.0
392.59461995620893,0.00022924202174635195,1.0355824891538443e-16,0.0
392.6337191116672,0.00020174394819849481,1.0347014121292425e-16,0.0
392.6728182671254,0.00013953477178260744,1.0343557082255258e-16,0.0
392.71191742258367,0.00010495739430373516,1.033972474453041e-16,0.0
392.7510165780419,0.0002200885985081312,1.033303052751051e-16,0.0
392.79011573350016,0.00020863402447160158,1.0328516319326328e-16,0.0
392.8292148889584,0.00013787388064632054,1.032382700394298e-16,0.0
392.86831404441665,0.00011414287026830175,1.0320197404806207e-16,0.0
392.9074131998749,0.00020751202233239296,1.0313475566119611e-16,0.0
392.9465123553331,0.0002204540599995728,1.0310938207355505e-16,0.0
392.98561151079133,0.00013093553659697347,1.03023328860827e-16,0.0
393.0247106662496,0.00012088147890792482,1.0298989173104275e-16,0.0
393.0638098217078,0.0001961031521803553,1.0296351819206676e-16,0.0
393.10290897716607,0.0002323728198826294,1.0282352312427067e-16,0.0
393.1420081326243,0.00012167829561107896,1.0296351819206676e-16,0.0
393.18110728808256,0.0001224685256429517,1.026409709427737e-16,0.0
393.2202064435408,0.00019056980460853328,1.0283923211257644e-16,0.0
393.25930559899905,0.00024003491594483642,1.0265327034443589e-16,0.0
393.2984047544573,0.00011475875952833636,1.0252764911066206e-16,0.0
393.33750390991554,0.00011809147431603003,1.0263461694018307e-16,0.0
393.3766030653738,0.0001929164171383641,1.025555702143946e-16,0.0
393.41570222083203,0.00024112773959597075,1.0240083645844213e-16,0.0
393.4548013762903,0.0001145736364450836,1.0240296274477328e-16,0.0
393.4939005317485,0.00010871415263054877,1.0239413606882649e-16,0.0
393.53299968720677,0.00020093514050517638,1.0231853806865432e-16,0.0
393.57209884266496,0.00023589917717595118,1.022476021441882e-16,0.0
393.6111979981232,0.00012194526969390074,1.0223120810269591e-16,0.0
393.65029715358145,9.691611831873284e-05,1.0211347939836391e-16,0.0
393.6893963090397,0.00020994212113394252,1.0217671096113323e-16,0.0
393.72849546449794,0.0002269775710064565,1.0201539154889873e-16,0.0
393.7675946199562,0.00013346395532350504,1.0206434172624912e-16,0.0
393.80669377541443,8.648884306502102e-05,1.0191565199418525e-16,0.0
393.8457929308727,0.00021570332996238278,1.0194582806516962e-16,0.0
393.8848920863309,0.0002184599605265863,1.0184864922975238e-16,0.0
393.92399124178917,0.00014453063350865797,1.0188475858793753e-16,0.0
393.9630903972474,8.108119038970313e-05,1.017792292368508e-16,0.0
394.00218955270566,0.00021612268036863991,1.0161775761841671e-16,0.0
394.0412887081639,0.00021410684126463972,1.0172843596196641e-16,0.0
394.08038786362215,0.00015196568712482394,1.0168746730419266e-16,0.0
394.1194870190804,8.169253906197781e-05,1.0153925173030847e-16,0.0
394.15858617453864,0.00021155490138896805,1.0154623694561485e-16,0.0
394.19768532999683,0.00021526370791577322,1.0140722924139077e-16,0.0
394.2367844854551,0.00015477609795175518,1.0150046857623236e-16,0.0
394.2758836409133,8.582696957675885e-05,1.0135373993888887e-16,0.0
394.31498279637157,0.00020426246844086946,1.0130926363961659e-16,0.0
394.3540819518298,0.0002202401185389143,1.0125755148929434e-16,0.0
394.39318110728806,0.00015396830516671299,1.0123056234374986e-16,0.0
394.4322802627463,8.998266543523146e-05,1.0111597279224276e-16,0.0
394.47137941820455,0.00019722312985618243,1.0111994158960763e-16,0.0
394.5104785736628,0.00022588222700397684,1.0101587389467076e-16,0.0
394.54957772912104,0.00015182071874445216,1.0098618530901118e-16,0.0
394.5886768845793,9.201771151794317e-05,1.0098274198367921e-16,0.0
394.62777604003753,0.0001925478300175972,1.0091697791097978e-16,0.0
394.6668751954958,0.0002297624171059326,1.0083159209728727e-16,0.0
394.705974350954,0.0001506379355326734,1.0079920024259994e-16,0.0
394.74507350641227,9.167638296210712e-05,1.0072516520380546e-16,0.0
394.7841726618705,0.00019036097956434559,1.0073344505175345e-16,0.0
394.82327181732876,0.00023134499278638354,1.0064657940923291e-16,0.0
394.86237097278695,0.00015139617223983444,1.0053665658427249e-16,0.0
394.9014701282452,9.013086417000099e-05,1.0056658834066413e-16,0.0
394.94056928370344,0.00018910882796130155,1.0049347026009903e-16,0.0
394.9796684391617,0.00023180873684589093,1.0046688236775619e-16,0.0
395.01876759461993,0.00015328004816262677,1.0042992769316732e-16,0.0
395.0578667500782,8.903634527534444e-05,1.0037029283064262e-16,0.0
395.0969659055364,0.00018706584277411334,1.0030796768787723e-16,0.0
395.13606506099467,0.0002328694007733579,1.0025331165393783e-16,0.0
395.1751642164529,0.0001546039978364213,1.0022448016147831e-16,0.0
395.21426337191116,8.932607830736601e-05,1.0018676066884787e-16,0.0
395.2533625273694,0.00018377680893823955,1.0012247376575947e-16,0.0
395.29246168282765,0.00023529309050687248,1.0007805546230195e-16,0.0
395.3315608382859,0.00015432147485603512,1.0007832162399585e-16,0.0
395.37065999374414,9.045881593571407e-05,9.993206572202161e-17,0.0
395.4097591492024,0.00018049481412544486,9.995022573831341e-17,0.0
395.44885830466063,0.00023812814593058404,9.98586972244832e-17,0.0
395.4879574601188,0.00015303815679868838,9.98628931839918e-17,0.0
395.52705661557707,9.079239318117565e-05,9.975490267898587e-17,0.0
395.5661557710353,0.00017935804013574058,9.970977358654165e-17,0.0
395.60525492649356,0.00023927358465265037,9.969037027191559e-17,0.0
395.6443540819518,0.00015294899805679089,9.960285178191564e-17,0.0
395.68345323741005,8.867607452437582e-05,9.957433361219167e-17,0.0
395.7225523928683,0.00018166308246876696,9.953112440654023e-17,0.0
395.76165154832654,0.00023691793547654503,9.945092256568836e-17,0.0
395.8007507037848,0.0001564846979513746,9.942121465066925e-17,0.0
395.83984985924303,8.342321367070766e-05,9.938392510512021e-17,0.0
395.8789490147013,0.00018649698960868308,9.927154988955433e-17,0.0
395.9180481701595,0.0002308910054994858,9.928306968277531e-17,0.0
395.95714732561777,0.00016429513252090482,9.921313078174611e-17,0.0
395.996246481076,7.591274609637338e-05,9.917391149255401e-17,0.0
396.03534563653426,0.00019102210356770698,9.910614520730164e-17,0.0
396.0744447919925,0.0002232715447542468,9.906839137066634e-17,0.0
396.1135439474507,0.0001743750972428757,9.89986726384514e-17,0.0
396.15264310290894,6.887218738581749e-05,9.900752806038466e-17,0.0
396.1917422583672,0.00019206851875231407,9.888925940311494e-17,0.0
396.23084141382543,0.0002178321843531015,9.892262409497205e-17,0.0
396.2699405692837,0.0001832023336578142,9.881763174549436e-17,0.0
396.3090397247419,6.623935888110135e-05,9.881085815729853e-17,0.0
396.34813888020017,0.00018770740307845937,9.869590429539234e-17,0.0
396.3872380356584,0.00021806957907952084,9.871834746089422e-17,0.0
396.42633719111666,0.00018760319858642066,9.864196140942196e-17,0.0
396.4654363465749,7.033071598238774e-05,9.862229125922646e-17,0.0
396.50453550203315,0.00017814874249848277,9.850405414734538e-17,0.0
396.5436346574914,0.00022470291511720293,9.852564452459048e-17,0.0
396.58273381294964,0.00018608054141224558,9.84402808082638e-17,0.0
396.6218329684079,7.929287341923035e-05,9.840048745583301e-17,0.0
396.66093212386613,0.00016595821899371727,9.834600112265208e-17,0.0
396.7000312793244,0.00023494363458166813,9.826414135739822e-17,0.0
396.73913043478257,0.00017942807614364922,9.826983793391443e-17,0.0
396.7782295902408,8.906123869907245e-05,9.822776218349772e-17,0.0
396.81732874569906,0.00015547176982946123,9.812323630680873e-17,0.0
396.8564279011573,0.0002443140391076295,9.810284649963744e-17,0.0
396.89552705661555,0.00017072996874713204,9.804114439470608e-17,0.0
396.9346262120738,9.623430712622558e-05,9.798334588506082e-17,0.0
396.97372536753204,0.0001509099041583614,9.796773242487464e-17,0.0
397.0128245229903,0.00024905727133793445,9.790486343274356e-17,0.0
397.05192367844853,0.0001644849586764202,9.78047238402959e-17,0.0
397.0910228339068,9.893598937095218e-05,9.782240650057436e-17,0.0
397.130121989365,0.00015356749940095436,9.777048111168776e-17,0.0
397.16922114482327,0.0002475373390227384,9.768889466746713e-17,0.0
397.2083203002815,0.00016444092782039028,9.76404808220232e-17,0.0
397.24741945573976,9.677620603573654e-05,9.761972870726199e-17,0.0
397.286518611198,0.0001608275714064982,9.753655369932686e-17,0.0
397.32561776665625,0.0002405559295713337,9.752747170083095e-17,0.0
397.36471692211444,0.00017111447644991285,9.741279586962041e-17,0.0
397.4038160775727,9.069348318754983e-05,9.743714262709691e-17,0.0
397.44291523303093,0.00016837180883779685,9.739031572810068e-17,0.0
397.4820143884892,0.00023089414311308113,9.730218648961455e-17,0.0
397.5211135439474,0.00018163378599818952,9.732194521303752e-17,0.0
397.56021269940567,8.275740182537557e-05,9.72902173152498e-17,0.0
397.5993118548639,0.00017280394206634382,9.706539100310508e-17,0.0
397.63841101032216,0.00022219187398020605,9.71230737114545e-17,0.0
397.6775101657804,0.00019208522548152206,9.715017476386003e-17,0.0
397.71660932123865,7.575824697755401e-05,9.704164957795637e-17,0.0
397.7557084766969,0.00017269067081855067,9.702476866259498e-17,0.0
397.79480763215514,0.00021734593876074568,9.685825318447373e-17,0.0
397.8339067876134,0.00019966474197944404,9.694891633359332e-17,0.0
397.87300594307163,7.224111003226535e-05,9.685589412125932e-17,0.0
397.9121050985299,0.00016840744651022558,9.674274549296248e-17,0.0
397.9512042539881,0.00021719312357171614,9.674748673198499e-17,0.0
397.99030340944637,0.00020337470623301527,9.673030772123275e-17,0.0
398.02940256490456,7.310612700663527e-05,9.667073024665687e-17,0.0
398.0685017203628,0.00016146054748324387,9.656620585535935e-17,0.0
398.10760087582105,0.00022052144765497453,9.657806185387451e-17,0.0
398.1467000312793,0.00020370320804393127,9.652205403210694e-17,0.0
398.18579918673754,7.724737509755935e-05,9.64148515764569e-17,0.0
398.2248983421958,0.00015363180816357113,9.643218749874751e-17,0.0
398.26399749765403,0.00022534045580249433,9.640422687691013e-17,0.0
398.3030966531123,0.00020185601517193404,9.622578489765356e-17,0.0
398.3421958085705,8.288885086748496e-05,9.636895804914613e-17,0.0
398.38129496402877,0.00014625173372266254,9.617406069494842e-17,0.0
398.420394119487,0.00023013707432516193,9.620744654144586e-17,0.0
398.45949327494526,0.00019896978313387295,9.60876186280632e-17,0.0
398.4985924304035,8.88528146796665e-05,9.613725308032211e-17,0.0
398.53769158586175,0.00013995306102454577,9.596453876972529e-17,0.0
398.57679074132,0.0002342242694365422,9.60440539464152e-17,0.0
398.61588989677824,0.00019571071438806298,9.586610188040175e-17,0.0
398.65498905223643,9.469869960277779e-05,9.587912629842475e-17,0.0
398.6940882076947,0.00013501559282195233,9.58713447104298e-17,0.0
398.7331873631529,0.00023731094142933064,9.573249639768504e-17,0.0
398.77228651861117,0.00019246833002943325,9.578687059503541e-17,0.0
398.8113856740694,0.00010020403324816865,9.568000198317367e-17,0.0
398.85048482952766,0.00013190512374870812,9.563480746449564e-17,0.0
398.8895839849859,0.00023891944226011683,9.556012755653831e-17,0.0
398.92868314044415,0.00018990912313736412,9.554822100860747e-17,0.0
398.9677822959024,0.00010485552170112445,9.55691116808958e-17,0.0
399.00688145136064,0.0001313588385685163,9.535402596999481e-17,0.0
399.0459806068189,0.00023821732059340806,9.551938659946763e-17,0.0
399.08507976227713,0.0001892936755075994,9.530789804328424e-17,0.0
399.1241789177354,0.00010774206290078927,9.537373137478351e-17,0.0
399.1632780731936,0.0001337558935288632,9.5253792362435e-17,0.0
399.20237722865187,0.00023443540464369378,9.523387432336129e-17,0.0
399.2414763841101,0.00019203259462602287,9.517789059652762e-17,0.0
399.2805755395683,0.00010789220998224603,9.51048922293673e-17,0.0
399.31967469502655,0.0001383261488935965,9.51578494644443e-17,0.0
399.3587738504848,0.00022761187208210533,9.49703167225633e-17,0.0
399.39787300594304,0.00019858901140168303,9.504400769643977e-17,0.0
399.4369721614013,0.00010485210755528013,9.49693124521957e-17,0.0
399.47607131685953,0.00014308097539526463,9.483884245462646e-17,0.0
399.5151704723178,0.00021919400154703244,9.487914882609002e-17,0.0
399.554269627776,0.00020766623215554337,9.481229022052467e-17,0.0
399.59336878323427,9.927952244132087e-05,9.47545143479729e-17,0.0
399.6324679386925,0.00014558859407219412,9.476522567212954e-17,0.0
399.67156709415076,0.00021199922220985193,9.464796648957384e-17,0.0
399.710666249609,0.00021653560331169483,9.459113457867652e-17,0.0
399.74976540506725,9.33455269714617e-05,9.459238857741428e-17,0.0
399.7888645605255,0.00014396528849766702,9.450206401911242e-17,0.0
399.82796371598374,0.0002091208397740058,9.447806990362293e-17,0.0
399.867062871442,0.0002222447649700062,9.443365949370982e-17,0.0
399.9061620269002,9.044151035563083e-05,9.435210604585084e-17,0.0
399.9452611823584,0.00013760635646379847,9.426575714820383e-17,0.0
399.98436033781667,0.00021200819206104181,9.435490538309695e-17,0.0
400.0234594932749,0.0002228698286286432,9.418485670954572e-17,0.0
400.06255864873316,9.335459442413937e-05,9.413901716484996e-17,0.0
400.1016578041914,0.00012758024403788042,9.420579856849359e-17,0.0
400.14075695964965,0.00021921479947847812,9.403899921444826e-17,0.0
400.1798561151079,0.00021833776332423214,9.406446643746935e-17,0.0
400.21895527056614,0.00010182021752870682,9.399490375763495e-17,0.0
400.2580544260244,0.00011667576778204038,9.391226865018392e-17,0.0
400.29715358148263,0.00022715562856405157,9.397605958259754e-17,0.0
400.3362527369409,0.00021069544887409425,9.384905224005981e-17,0.0
400.3753518923991,0.00011265924946421395,9.379222326889201e-17,0.0
400.41445104785737,0.00010877505201839948,9.380231652558988e-17,0.0
400.4535502033156,0.00023207858939826856,9.372158148223631e-17,0.0
400.49264935877386,0.0002036462338687935,9.366703400610415e-17,0.0
400.5317485142321,0.0001221286789406046,9.366500912603828e-17,0.0
400.5708476696903,0.00010692608305090261,9.359272505898943e-17,0.0
400.60994682514854,0.00023167022999339082,9.347229257801547e-17,0.0
400.6490459806068,0.00020104836193323238,9.360695917172229e-17,0.0
400.68814513606503,0.0001275730748870224,9.349046893568485e-17,0.0
400.7272442915233,0.0001109470954048655,9.329148908034366e-17,0.0
400.7663434469815,0.00022577600498116488,9.336550520339739e-17,0.0
400.80544260243977,0.00020469597011572925,9.340503758552902e-17,0.0
400.844541757898,0.00012795859762380058,9.32328607997583e-17,0.0
400.88364091335626,0.00011755782148311015,9.319281122319298e-17,0.0
400.9227400688145,0.00021639568491990525,9.317376323871773e-17,0.0
400.96183922427275,0.00021311774487866857,9.311282877674695e-17,0.0
401.000938379731,0.00012396074449993447,9.307064398003904e-17,0.0
401.04003753518924,0.00012292377210621532,9.305060790409903e-17,0.0
401.0791366906475,0.0002070253389869122,9.294842291025351e-17,0.0
401.11823584610573,0.00022269462265268292,9.294459306180588e-17,0.0
401.157335001564,0.00011784300376063788,9.289474979967756e-17,0.0
401.19643415702217,0.00012450817743885724,9.279699606946724e-17,0.0
401.2355333124804,0.00020124711458061514,9.281290812576902e-17,0.0
401.27463246793866,0.000229835482937652,9.271720241413173e-17,0.0
401.3137316233969,0.00011292356521223963,9.269167816050844e-17,0.0
401.35283077885515,0.00012151404980092429,9.264884303834005e-17,0.0
401.3919299343134,0.00020088139395855412,9.258158747273555e-17,0.0
401.43102908977164,0.00023245572983200653,9.260206732072247e-17,0.0
401.4701282452299,0.0001122198454055627,9.249206017307922e-17,0.0
401.50922740068813,0.00011471197702393656,9.249708018590669e-17,0.0
401.5483265561464,0.00020497989536411102,9.239892338237919e-17,0.0
401.5874257116046,0.0002304304526690944,9.236584157753072e-17,0.0
401.62652486706287,0.00011662343185062541,9.233260504012582e-17,0.0
401.6656240225211,0.00010608117607647389,9.228029107728095e-17,0.0
401.70472317797936,0.00021066178890017173,9.224679760407048e-17,0.0
401.7438223334376,0.00022536265613490775,9.217919902186216e-17,0.0
401.78292148889585,0.00012441074090974679,9.216895150773988e-17,0.0
401.82202064435404,9.825486404536492e-05,9.205630921927322e-17,0.0
401.8611197998123,0.00021489974863829134,9.212714709145532e-17,0.0
401.90021895527053,0.00021988718982500399,9.194720511224411e-17,0.0
401.9393181107288,0.00013270707946350682,9.202308355717301e-17,0.0
401.978417266187,9.358076450931255e-05,9.189061007306437e-17,0.0
402.01751642164527,0.00021579495466747783,9.188857762990464e-17,0.0
402.0566155771035,0.00021661313488042705,9.187584689512681e-17,0.0
402.09571473256176,0.00013911101131987074,9.175314993032483e-17,0.0
402.13481388802,9.293971248767121e-05,9.173769383690037e-17,0.0
402.17391304347825,0.00021296866815571168,9.174568769085717e-17,0.0
402.2130121989365,0.00021700114753893756,9.167861263976604e-17,0.0
402.25211135439474,0.00014238353172164308,9.153728102783785e-17,0.0
402.291210509853,9.529864860566257e-05,9.160260368633698e-17,0.0
402.33030966531123,0.00020738425959243665,9.154909385807178e-17,0.0
402.3694088207695,0.00022078312907989307,9.14072014373582e-17,0.0
402.4085079762277,0.00014249207153973567,9.150001442860716e-17,0.0
402.4476071316859,9.85813741003042e-05,9.13616363811968e-17,0.0
402.48670628714416,0.00020088015567695742,9.130507661453049e-17,0.0
402.5258054426024,0.00022631406108001182,9.137418978604116e-17,0.0
402.56490459806065,0.00014041465659228385,9.119963287447468e-17,0.0
402.6040037535189,0.00010086013156408014,9.123099700381266e-17,0.0
402.64310290897714,0.000195521573100041,9.114963919557586e-17,0.0
402.6822020644354,0.00023149604110466406,9.109308936707408e-17,0.0
402.72130121989363,0.000137825919898053,9.111512946633471e-17,0.0
402.7604003753519,0.00010094230603548162,9.093377996931736e-17,0.0
402.7994995308101,0.00019284894407787734,9.101650925174378e-17,0.0
402.83859868626837,0.00023461749556130248,9.093542686055379e-17,0.0
402.8776978417266,0.00013660838026055588,9.079261864388884e-17,0.0
402.91679699718486,9.845704654611756e-05,9.089151609433055e-17,0.0
402.9558961526431,0.00019325338868788882,9.080608345692382e-17,0.0
402.99499530810135,0.00023482784983063502,9.069178886983962e-17,0.0
403.0340944635596,0.00013815071633467482,9.076770249536877e-17,0.0
403.0731936190178,9.37948659824016e-05,9.056477563284373e-17,0.0
403.11229277447603,0.00019582708772408354,9.06379478078044e-17,0.0
403.1513919299343,0.0002323153910458308,9.05832928653381e-17,0.0
403.1904910853925,0.0001426809658851846,9.043707485542348e-17,0.0
403.22959024085077,8.804141127439181e-05,9.04811638777132e-17,0.0
403.268689396309,0.00019880354324301546,9.041278109270849e-17,0.0
403.30778855176726,0.00022827052002138713,9.038913924782974e-17,0.0
403.3468877072255,0.0001491205632086849,9.033300947321429e-17,0.0
403.38598686268375,8.282920850158933e-05,9.027304068389036e-17,0.0
403.425086018142,0.00020030895309225657,9.023030452042899e-17,0.0
403.46418517360024,0.00022457705480449436,9.020237471814505e-17,0.0
403.5032843290585,0.00015560644788133142,9.018577180372313e-17,0.0
403.54238348451673,7.986859088281277e-05,9.008761354339006e-17,0.0
403.581482639975,0.00019906779846221216,9.010624763121529e-17,0.0
403.6205817954332,0.00022312026417979432,9.002239683101943e-17,0.0
403.65968095089147,0.00016029942905280227,8.99531062309202e-17,0.0
403.6987801063497,8.005253311760502e-05,8.993811532280098e-17,0.0
403.7378792618079,0.00019488842851446092,8.990219634758222e-17,0.0
403.77697841726615,0.00022483584644798562,8.985607946737752e-17,0.0
403.8160775727244,0.0001620880470801728,8.979131295174566e-17,0.0
403.85517672818264,8.274980702190281e-05,8.979167566914929e-17,0.0
403.8942758836409,0.00018885273358698837,8.968724545424874e-17,0.0
403.93337503909913,0.00022906348770785717,8.969792481523624e-17,0.0
403.9724741945574,0.00016105417600851657,8.961953364485161e-17,0.0
404.0115733500156,8.612937920851931e-05,8.956206911059356e-17,0.0
404.05067250547387,0.00018306723911359427,8.952773674161281e-17,0.0
404.0897716609321,0.00023378175136461052,8.953660680016272e-17,0.0
404.12887081639036,0.00015862295171590799,8.943094708886402e-17,0.0
404.1679699718486,8.818057694614246e-05,8.937915365576046e-17,0.0
404.20706912730685,0.00017979232687383685,8.937958914464868e-17,0.0
404.2461682827651,0.00023662266138664865,8.930381783631429e-17,0.0
404.28526743822334,0.00015718102253498825,8.929722244156476e-17,0.0
404.3243665936816,8.75452756772776e-05,8.922236911248781e-17,0.0
404.3634657491398,0.00018011862769773897,8.913328506799293e-17,0.0
404.402564904598,0.00023603550156597368,8.920191201098553e-17,0.0
404.44166406005627,0.0001589434864090425,8.899399575941794e-17,0.0
404.4807632155145,8.395295377961332e-05,8.911148061030164e-17,0.0
404.51986237097276,0.0001830957444350318,8.898971060696371e-17,0.0
404.558961526431,0.0002320907289384748,8.89294816544344e-17,0.0
404.59806068188925,0.0001644795718849867,8.894475103720616e-17,0.0
404.6371598373475,7.843348989907552e-05,8.882698740409645e-17,0.0
404.67625899280574,0.00018618524326918196,8.877337307469559e-17,0.0
404.715358148264,0.00022666922137095418,8.88419848664302e-17,0.0
404.75445730372223,0.00017214529036001353,8.87147470653487e-17,0.0
404.7935564591805,7.330025702757078e-05,8.866157104369109e-17,0.0
404.8326556146387,0.0001866671832481719,8.864532827440619e-17,0.0
404.87175477009697,0.00022280897314873796,8.862567659353237e-17,0.0
404.9108539255552,0.00017903033054786217,8.854477936618429e-17,0.0
404.94995308101346,7.14193864017826e-05,8.855842306366496e-17,0.0
404.98905223647165,0.0001829699632965866,8.841856745760885e-17,0.0
405.0281513919299,0.00022312468524823408,8.846525328743142e-17,0.0
405.06725054738814,0.00018251854861602073,8.834709974574617e-17,0.0
405.1063497028464,7.430646370229403e-05,8.839347627406665e-17,0.0
405.14544885830463,0.0001754127733934126,8.825439870517615e-17,0.0
405.1845480137629,0.00022803535219036378,8.825750122475874e-17,0.0
405.2236471692211,0.0001814736636809653,8.822485229775636e-17,0.0
405.26274632467937,8.067581045113036e-05,8.81530625315307e-17,0.0
405.3018454801376,0.00016629310573722196,8.811579325702673e-17,0.0
405.34094463559586,0.00023531340896003946,8.811976441417171e-17,0.0
405.3800437910541,0.00017680170973944292,8.80462582448656e-17,0.0
405.41914294651235,8.75287966932087e-05,8.797631227070683e-17,0.0
405.4582421019706,0.00015913961570739862,8.793628167098898e-17,0.0
405.49734125742884,0.00024143270374284414,8.793202612318498e-17,0.0
405.5364404128871,0.00017133770331411713,8.783312984402666e-17,0.0
405.57553956834533,9.210032593219989e-05,8.785397858200912e-17,0.0
405.6146387238035,0.00015688855054451082,8.774587060492801e-17,0.0
405.65373787926177,0.0002434842298120256,8.7707392934454e-17,0.0
405.69283703472,0.00016876087233118082,8.771361521010995e-17,0.0
405.73193619017826,9.281853366299837e-05,8.763478648170432e-17,0.0
405.7710353456365,0.00015979531737897608,8.761635578854477e-17,0.0
405.81013450109475,0.00024047829095057862,8.75460375221427e-17,0.0
405.849233656553,0.00017147860927808559,8.746985455371398e-17,0.0
405.88833281201124,8.956105324168952e-05,8.749733634536015e-17,0.0
405.9274319674695,0.00016517173004343514,8.74082206727627e-17,0.0
405.96653112292773,0.0002337485938118795,8.739595078186351e-17,0.0
406.005630278386,0.00017886498643685097,8.727518542422359e-17,0.0
406.0447294338442,8.370327076761363e-05,8.7347327758371e-17,0.0
406.08382858930247,0.00016931088544732897,8.720287011601966e-17,0.0
406.1229277447607,0.00022645647143340256,8.72166764157556e-17,0.0
406.16202690021896,0.00018775264140219255,8.719363022080776e-17,0.0
406.2011260556772,7.795081995654449e-05,8.710285270726162e-17,0.0
406.24022521113545,0.00016955701073420042,8.706239982778012e-17,0.0
406.27932436659364,0.0002221261656480998,8.70280840414951e-17,0.0
406.3184235220519,0.0001945933529876418,8.697628180882978e-17,0.0
406.35752267751013,7.543355193312455e-05,8.696650610253447e-17,0.0
406.3966218329684,0.00016529246104339006,8.694514843988163e-17,0.0
406.4357209884266,0.0002226023424387358,8.684494154884188e-17,0.0
406.47482014388487,0.0001972756537053535,8.68138233503809e-17,0.0
406.5139192993431,7.76864016763398e-05,8.674564998490305e-17,0.0
406.55301845480136,0.00015798937615660278,8.674314518903331e-17,0.0
406.5921176102596,0.00022686341727697583,8.664363955784238e-17,0.0
406.63121676571785,0.00019586012636313432,8.66647539211027e-17,0.0
406.6703159211761,8.331596085968217e-05,8.65566239450249e-17,0.0
406.70941507663434,0.00015054582495205112,8.656898075111691e-17,0.0
406.7485142320926,0.00023187120541884692,8.648493028972541e-17,0.0
406.78761338755083,0.00019239543758370697,8.646752732386428e-17,0.0
406.8267125430091,8.933895317943536e-05,8.641763396633484e-17,0.0
406.8658116984673,0.0001458709728460414,8.635755132105714e-17,0.0
406.9049108539255,0.0002346065310912224,8.631713546905666e-17,0.0
406.94401000938376,0.0001899027161373967,8.632165499714834e-17,0.0
406.983109164842,9.326821567586924e-05,8.62625734364888e-17,0.0
407.02220832030025,0.00014512288998069748,8.619397576896221e-17,0.0
407.0613074757585,0.00023365106313751773,8.615352135040333e-17,0.0
407.10040663121674,0.00019069187730540863,8.614489744323871e-17,0.0
407.139505786675,9.406429712007262e-05,8.605830189352757e-17,0.0
407.17860494213323,0.00014698832840235606,8.603493658899101e-17,0.0
407.2177040975915,0.00022967393313513118,8.597219774247023e-17,0.0
407.2568032530497,0.00019492604024512009,8.59849294136445e-17,0.0
407.29590240850797,9.225278471055337e-05,8.592152769164483e-17,0.0
407.3350015639662,0.0001488136011373945,8.585042833017739e-17,0.0
407.37410071942446,0.00022491496437402914,8.582837621412496e-17,0.0
407.4131998748827,0.00020068248304131237,8.580599285178721e-17,0.0
407.45229903034095,8.962611981663434e-05,8.569908251192412e-17,0.0
407.4913981857992,0.00014838408069793102,8.573317103696e-17,0.0
407.5304973412574,0.00022190054197690904,8.562841655883006e-17,0.0
407.56959649671563,0.00020541481752900056,8.563932590329298e-17,0.0
407.6086956521739,8.844842863666648e-05,8.555410692787408e-17,0.0
407.6477948076321,0.00014496917045379046,8.553639435176658e-17,0.0
407.68689396309037,0.00022194271894927558,8.547776696068848e-17,0.0
407.7259931185486,0.00020747516156376415,8.546072315689661e-17,0.0
407.76509227400686,9.015319183421551e-05,8.534506186710452e-17,0.0
407.8041914294651,0.0001394205509343313,8.540872738956041e-17,0.0
407.84329058492335,0.00022442292180629137,8.529745919534592e-17,0.0
407.8823897403816,0.00020680456567475174,8.529100248900727e-17,0.0
407.92148889583984,9.440700411975993e-05,8.52242184213054e-17,0.0
407.9605880512981,0.00013357970833800947,8.514671910215474e-17,0.0
407.99968720675633,0.0002274378951820571,8.516784316466539e-17,0.0
408.0387863622146,0.00020472060058951034,8.510377567527317e-17,0.0
408.0778855176728,9.956951077590415e-05,8.505557698805382e-17,0.0
408.11698467313107,0.0001292339462477101,8.501410162150681e-17,0.0
408.15608382858926,0.00022915843548304904,8.49890597079069e-17,0.0
408.1951829840475,0.00020304149623230925,8.493612148884933e-17,0.0
408.23428213950575,0.00010397882495639641,8.485520146248658e-17,0.0
408.273381294964,0.00012709135519900844,8.486848220588519e-17,0.0
408.31248045042224,0.0002288201097616052,8.478057600735935e-17,0.0
408.3515796058805,0.00020299441088385774,8.476792507928811e-17,0.0
408.39067876133873,0.00010683860682981639,8.467954763393872e-17,0.0
408.429777916797,0.00012652591864360257,8.469321501840001e-17,0.0
408.4688770722552,0.00022686377035607792,8.463489666156529e-17,0.0
408.50797622771347,0.0002045989350442749,8.455436585792149e-17,0.0
408.5470753831717,0.00010836058468641698,8.459895099249294e-17,0.0
408.58617453862996,0.00012631423156290065,8.446367444790212e-17,0.0
408.6252736940882,0.00022435130992926055,8.448121655322598e-17,0.0
408.66437284954645,0.0002069789163930204,8.443120513168955e-17,0.0
408.7034720050047,0.0001093470479894699,8.440740385723627e-17,0.0
408.74257116046294,0.00012562911170443754,8.434578503083265e-17,0.0
408.78167031592113,0.0002221029865846644,8.428738835275898e-17,0.0
408.8207694713794,0.0002092667486484465,8.428009093992657e-17,0.0
408.8598686268376,0.00011049298810907061,8.421518283593509e-17,0.0
408.89896778229587,0.0001244896111800041,8.420445279268456e-17,0.0
408.9380669377541,0.00022015381656888332,8.411903541746444e-17,0.0
408.97716609321236,0.00021130609368592528,8.409144637796358e-17,0.0
409.0162652486706,0.00011183832627134601,8.400519184772486e-17,0.0
409.05536440412885,0.000123474932892307,8.401947840530262e-17,0.0
409.0944635595871,0.00021793249530850808,8.392272605560368e-17,0.0
409.13356271504534,0.00021364081510372968,8.390656836893505e-17,0.0
409.1726618705036,0.0001127969817910728,8.390315080356589e-17,0.0
409.21176102596183,0.00012299677713004133,8.378729324817079e-17,0.0
409.2508601814201,0.00021500031219335295,8.381454771124954e-17,0.0
409.2899593368783,0.00021684424389261888,8.371756977848723e-17,0.0
409.32905849233657,0.00011276047282747232,8.370590830229093e-17,0.0
409.3681576477948,0.00012270433920788103,8.36773403040613e-17,0.0
409.40725680325306,0.0002117449146680471,8.362682183952072e-17,0.0
409.44635595871125,0.00022073081342872264,8.353662240010111e-17,0.0
409.4854551141695,0.00011183083544588828,8.362427243479509e-17,0.0
409.52455426962774,0.00012152627067351389,8.342278166712374e-17,0.0
409.563653425086,0.00020945058991121192,8.349935133572398e-17,0.0
409.60275258054423,0.00022413055599905445,8.33819350192954e-17,0.0
409.6418517360025,0.00011117395108463721,8.340647369590361e-17,0.0
409.6809508914607,0.00011832079921904177,8.330926367680041e-17,0.0
409.72005004691897,0.0002095391257874017,8.326102135588832e-17,0.0
409.7591492023772,0.0002254649663967495,8.326608460552537e-17,0.0
409.79824835783546,0.00011259829394417241,8.321016458039276e-17,0.0
409.8373475132937,0.00011267256245760893,8.317593091109485e-17,0.0
409.87644666875195,0.000212392898910089,8.310865360122807e-17,0.0
409.9155458242102,0.00022373946713343093,8.306789383808787e-17,0.0
409.95464497966844,0.00011732029958968979,8.305113679734684e-17,0.0
409.9937441351267,0.00010543627982262659,8.297752168317378e-17,0.0
410.03284329058494,0.0002167195604089362,8.2957001930662e-17,0.0
410.0719424460431,0.0002193685324056007,8.291983770198356e-17,0.0
410.11104160150137,0.00012480717145474095,8.287842246394722e-17,0.0
410.1501407569596,9.87799997062485e-05,8.282616018169396e-17,0.0
410.18923991241786,0.00022007824652449498,8.277436963314371e-17,0.0
410.2283390678761,0.0002143874244953973,8.2773897913153e-17,0.0
410.26743822333435,0.00013289333059409092,8.266266689409115e-17,0.0
410.3065373787926,9.53715033994858e-05,8.271845071929652e-17,0.0
410.34563653425084,0.00022014093516405708,8.260849860477188e-17,0.0
410.3847356897091,0.00021173481214974168,8.260514473660128e-17,0.0
410.42383484516733,0.00013897340051832963,8.250223660711176e-17,0.0
410.4629340006256,9.660088865500065e-05,8.251577166883046e-17,0.0
410.5020331560838,0.00021585223603194824,8.245385475384442e-17,0.0
410.54113231154207,0.00021362599661893256,8.242550712253253e-17,0.0
410.5802314670003,0.00014119351023750905,8.236725296238629e-17,0.0
410.61933062245856,0.00010127914687256701,8.235132029145438e-17,0.0
410.6584297779168,0.0002080315631935403,8.226543659707348e-17,0.0
410.697528933375,0.0002199749740929826,8.228855403129857e-17,0.0
410.73662808883324,0.00013916332791040083,8.218592626822917e-17,0.0
410.7757272442915,0.00010648736200557947,8.219134612898656e-17,0.0
410.81482639974973,0.00019926982749390913,8.214274583977575e-17,0.0
410.853925555208,0.0002283151336493377,8.206100911962728e-17,0.0
410.8930247106662,0.00013422445329186878,8.203774429657913e-17,0.0
410.93212386612447,0.00010941711693497807,8.201463980385452e-17,0.0
410.9712230215827,0.00019296551593876664,8.196855223948228e-17,0.0
411.01032217704096,0.00023528205300614924,8.194668059694617e-17,0.0
411.0494213324992,0.00012922198338514453,8.18478111773175e-17,0.0
411.08852048795745,0.0001084572714987159,8.189586315742882e-17,0.0
411.1276196434157,0.00019155490474750036,8.182270462885464e-17,0.0
411.16671879887394,0.00023830728240766967,8.172926752513696e-17,0.0
411.2058179543322,0.00012744816226318228,8.170010558087246e-17,0.0
411.24491710979044,0.00010346365579731017,8.172512065004332e-17,0.0
411.2840162652487,0.00019494754211992531,8.158129454898119e-17,0.0
411.32311542070687,0.00023658751454807113,8.163486185205789e-17,0.0
411.3622145761651,0.0001307528456994943,8.153663830530868e-17,0.0
411.40131373162336,9.566208844086927e-05,8.151880498175599e-17,0.0
411.4404128870816,0.00020065793833251927,8.146449879124091e-17,0.0
411.47951204253985,0.00023124770422073402,8.143505734135453e-17,0.0
411.5186111979981,0.0001382646721257151,8.135019839500523e-17,0.0
411.55771035345634,8.734149089346118e-05,8.137371351552718e-17,0.0
411.5968095089146,0.0002054810146604397,8.127021095478753e-17,0.0
411.63590866437283,0.0002248325286846032,8.129225115611915e-17,0.0
411.6750078198311,0.00014721535060559088,8.122746395864916e-17,0.0
411.7141069752893,8.117736368920306e-05,8.11769579758534e-17,0.0
411.75320613074757,0.00020711299993215375,8.116955618031488e-17,0.0
411.7923052862058,0.00022021930273935478,8.113989377124598e-17,0.0
411.83140444166406,0.00015479694383567532,8.102871673539398e-17,0.0
411.8705035971223,7.898360429096479e-05,8.10635637347683e-17,0.0
411.90960275258055,0.00020484944488678662,8.095314519503378e-17,0.0
411.9487019080388,0.00021926733178841427,8.097253635680108e-17,0.0
411.987801063497,0.00015934059572491016,8.088505609278012e-17,0.0
412.02690021895523,8.057017764115017e-05,8.089523416637495e-17,0.0
412.0659993744135,0.00019949254288664613,8.080543483348524e-17,0.0
412.1050985298717,0.00022197770945863867,8.080519252713174e-17,0.0
412.14419768532997,0.0001605765194664046,8.074310483461011e-17,0.0
412.1832968407882,8.410295850577611e-05,8.072544546005646e-17,0.0
412.22239599624646,0.0001927917272315993,8.067955887635035e-17,0.0
412.2614951517047,0.00022680636972666432,8.063809120540849e-17,0.0
412.30059430716295,0.0001593665752610894,8.055416955726282e-17,0.0
412.3396934626212,8.755998695976685e-05,8.056006037370373e-17,0.0
412.37879261807944,0.00018666137034066877,8.052276846222455e-17,0.0
412.4178917735377,0.00023176368438454321,8.044436348803269e-17,0.0
412.45699092899594,0.0001571817801545622,8.040891889902055e-17,0.0
412.4960900844542,8.966793766859908e-05,8.039467729036723e-17,0.0
412.5351892399124,0.00018244362176362823,8.032695572551943e-17,0.0
412.5742883953707,0.0002353623805312616,8.028720478006648e-17,0.0
412.61338755082886,0.0001555022822807072,8.028131506824842e-17,0.0
412.6524867062871,8.999612635531832e-05,8.02197274738665e-17,0.0
412.69158586174535,0.00018053446683918058,8.015749738954127e-17,0.0
412.7306850172036,0.00023695033642853842,8.014575037253056e-17,0.0
412.76978417266184,0.0001553414358110322,8.008404037556677e-17,0.0
412.8088833281201,8.868566398083946e-05,8.006232208890603e-17,0.0
412.84798248357833,0.00018051424575568073,8.002870696161428e-17,0.0
412.8870816390366,0.0002365695475713588,7.996582963532545e-17,0.0
412.9261807944948,0.00015706701272029592,7.99412327269079e-17,0.0
412.96527994995307,8.615675977649266e-05,7.988737344977169e-17,0.0
413.0043791054113,0.00018155792340108785,7.988393727230422e-17,0.0
413.04347826086956,0.0002346714702271448,7.98144085137651e-17,0.0
413.0825774163278,0.0001605031435520229,7.97721719828378e-17,0.0
413.12167657178605,8.29402917908441e-05,7.972519793831256e-17,0.0
413.1607757272443,0.00018276725698128808,7.972408816618277e-17,0.0
413.19987488270255,0.00023192717245622008,7.96607547716745e-17,0.0
413.23897403816073,0.00016511153374177434,7.962814143766661e-17,0.0
413.278073193619,7.965982899298684e-05,7.956140930886722e-17,0.0
413.3171723490772,0.00018330299198786453,7.957354343978057e-17,0.0
413.35627150453547,0.0002291739209288515,7.948024705932507e-17,0.0
413.3953706599937,0.00017010250369738617,7.949739993272145e-17,0.0
413.43446981545196,7.707009294810439e-05,7.94006821327813e-17,0.0
413.4735689709102,0.00018245322924157837,7.940767296387206e-17,0.0
413.51266812636845,0.0002273544898733328,7.933055329457581e-17,0.0
413.5517672818267,0.00017452632542502746,7.929398993954624e-17,0.0
413.59086643728494,7.596336497130523e-05,7.926672260946452e-17,0.0
413.6299655927432,0.0001797936657380167,7.922880889944167e-17,0.0
413.66906474820144,0.0002272670092072019,7.918746083709302e-17,0.0
413.7081639036597,0.00017747634730228248,7.912474475852741e-17,0.0
413.7472630591179,7.682214476269398e-05,7.910292657838449e-17,0.0
413.7863622145762,0.00017543920936182293,7.907546981495533e-17,0.0
413.8254613700344,0.00022913471397834214,7.903757593375369e-17,0.0
413.8645605254926,0.0001784315867881572,7.895131817152603e-17,0.0
413.90365968095085,7.941347805960025e-05,7.895449447966575e-17,0.0
413.9427588364091,0.0001702222393528988,7.889708127437264e-17,0.0
413.98185799186734,0.00023229439885664283,7.88528399750469e-17,0.0
414.0209571473256,0.00017761033496068213,7.884014131310678e-17,0.0
414.06005630278383,8.274650441273018e-05,7.878128796657919e-17,0.0
414.0991554582421,0.0001655574404432184,7.87351315865558e-17,0.0
414.1382546137003,0.00023534663110684413,7.871561560592925e-17,0.0
414.1773537691586,0.000176104422274485,7.867214859878669e-17,0.0
414.2164529246168,8.549663539660291e-05,7.859718547784165e-17,0.0
414.25555208007506,0.0001628385636594911,7.860874985244317e-17,0.0
414.2946512355333,0.00023678357766498454,7.854016991173666e-17,0.0
414.33375039099155,0.00017555206106781922,7.853128049720477e-17,0.0
414.3728495464498,8.658185630225002e-05,7.847321808203702e-17,0.0
414.41194870190805,0.00016257200484790567,7.84193204111675e-17,0.0
414.4510478573663,0.00023576342901922764,7.840300710666492e-17,0.0
414.4901470128245,0.00017729606698666236,7.835561370069807e-17,0.0
414.5292461682827,8.561641178661226e-05,7.831480284212425e-17,0.0
414.56834532374097,0.00016390400089826004,7.827890583653067e-17,0.0
414.6074444791992,0.00023263404661094894,7.827139363257963e-17,0.0
414.64654363465746,0.0001814650638997546,7.816869326177121e-17,0.0
414.6856427901157,8.315758670296643e-05,7.816867060880447e-17,0.0
414.72474194557395,0.00016504321350000584,7.813000222307242e-17,0.0
414.7638411010322,0.00022891215226022806,7.80848586469047e-17,0.0
414.80294025649044,0.00018675608282558236,7.802954733697189e-17,0.0
414.8420394119487,8.065525812566862e-05,7.800907005808598e-17,0.0
414.88113856740694,0.00016428175905466746,7.793489351101234e-17,0.0
414.9202377228652,0.00022657454811579288,7.79249214793616e-17,0.0
414.9593368783234,0.0001911836072387619,7.787572314577708e-17,0.0
414.9984360337817,7.988321255103521e-05,7.783154762733097e-17,0.0
415.0375351892399,0.00016092664802550458,7.778109274226826e-17,0.0
415.07663434469816,0.00022686600204633076,7.77814616436126e-17,0.0
415.1157335001564,0.00019322941048340768,7.771131001114752e-17,0.0
415.1548326556146,8.182357796615935e-05,7.76772388910188e-17,0.0
415.19393181107284,0.00015572241781103028,7.762852467188374e-17,0.0
415.2330309665311,0.00022938108832586053,7.762286636380504e-17,0.0
415.27213012198933,0.00019270683442114975,7.75642809090867e-17,0.0
415.3112292774476,8.582753739483056e-05,7.75132481982434e-17,0.0
415.3503284329058,0.00015059809419482024,7.748737514003206e-17,0.0
415.3894275883641,0.00023222845402979655,7.745507219040238e-17,0.0
415.4285267438223,0.0001909789866916271,7.741676491722433e-17,0.0
415.46762589928056,9.001422491895844e-05,7.738058689419967e-17,0.0
415.5067250547388,0.00014765690653101619,7.733037656465169e-17,0.0
415.54582421019705,0.00023319984088935103,7.7323817006663e-17,0.0
415.5849233656553,0.00019034982697674983,7.726196018177377e-17,0.0
415.62402252111355,9.244821536963854e-05,7.719415485363484e-17,0.0
415.6631216765718,0.00014774734786086557,7.720246264047403e-17,0.0
415.70222083203004,0.00023109870708908767,7.714111311841293e-17,0.0
415.7413199874883,0.0001926855060097542,7.713669304841516e-17,0.0
415.78041914294647,9.210623326661802e-05,7.703022732427551e-17,0.0
415.8195182984047,0.00014970549998019394,7.703845010775326e-17,0.0
415.85861745386296,0.00022651719540458707,7.697858404982604e-17,0.0
415.8977166093212,0.00019802772576039745,7.697260108845856e-17,0.0
415.93681576477945,8.938917309285839e-05,7.690710732778856e-17,0.0
415.9759149202377,0.00015105556297364577,7.685890534159228e-17,0.0
416.01501407569594,0.000221737853805403,7.68091150335395e-17,0.0
416.0541132311542,0.00020439452572174432,7.680697326021379e-17,0.0
416.09321238661244,8.623001802904033e-05,7.675237039281302e-17,0.0
416.1323115420707,0.0001494938583945928,7.670234131735587e-17,0.0
416.1714106975289,0.0002196222660102562,7.667838411599388e-17,0.0
416.2105098529872,0.0002089684202631168,7.663728927195005e-17,0.0
416.2496090084454,8.548404771825254e-05,7.659125159770796e-17,0.0
416.28870816390366,0.00014406910291778717,7.656576274175554e-17,0.0
416.3278073193619,0.00022180200019095443,7.650884164882887e-17,0.0
416.36690647482015,0.00020965852914252276,7.648112749349905e-17,0.0
416.40600563027834,8.917823970820436e-05,7.647145908723463e-17,0.0
416.4451047857366,0.00013570632593000096,7.63865373342715e-17,0.0
416.48420394119483,0.00022740653133489,7.635465943016232e-17,0.0
416.5233030966531,0.00020616362497925602,7.636996554016593e-17,0.0
416.5624022521113,9.676640092715065e-05,7.627967832410367e-17,0.0
416.6015014075696,0.00012708397771114328,7.625148883010193e-17,0.0
416.6406005630278,0.00023352037575311048,7.623321259985826e-17,0.0
416.67969971848606,0.0002002826981345896,7.619743002236007e-17,0.0
416.7187988739443,0.00010554831444942367,7.612522345659328e-17,0.0
416.75789802940255,0.00012162945588616951,7.61168892069634e-17,0.0
416.7969971848608,0.00023690169340194174,7.60814705353085e-17,0.0
416.83609634031905,0.0001953455570778167,7.602012218064347e-17,0.0
416.8751954957773,0.00011252590078812878,7.600549472364695e-17,0.0
416.91429465123554,0.0001214760033402363,7.594357353548e-17,0.0
416.9533938066938,0.00023557777362140595,7.593459533742756e-17,0.0
416.992492962152,0.000194615095791486,7.587325179357954e-17,0.0
417.0315921176102,0.00011570616380175548,7.582723547312483e-17,0.0
417.07069127306846,0.0001257663479017003,7.579118486105166e-17,0.0
417.1097904285267,0.00022962744596376162,7.575049385747071e-17,0.0
417.14888958398495,0.00019924445076308547,7.573068692998559e-17,0.0
417.1879887394432,0.00011458725370086551,7.5670456130185e-17,0.0
417.22708789490144,0.00013135764993560183,7.564791739013551e-17,0.0
417.2661870503597,0.00022113479299563032,7.560676763060371e-17,0.0
417.30528620581794,0.00020749674480876658,7.554879028010854e-17,0.0
417.3443853612762,0.0001102346709902239,7.554345375675018e-17,0.0
417.3834845167344,0.00013501361583704132,7.547120918439897e-17,0.0
417.4225836721927,0.00021335714127139872,7.543280602799934e-17,0.0
417.4616828276509,0.00021604183743152128,7.542593212204452e-17,0.0
417.50078198310916,0.0001050407212128859,7.536786114511183e-17,0.0
417.5398811385674,0.00013486638584246923,7.5326444875061e-17,0.0
417.57898029402565,0.0002091833835305934,7.530422363510846e-17,0.0
417.6180794494839,0.0002219369808096505,7.52517415329549e-17,0.0
417.65717860494215,0.00010191820972549731,7.522795816861873e-17,0.0
417.69627776040033,0.00013076835358523728,7.51985661251978e-17,0.0
417.7353769158586,0.00020954155357389716,7.512657485877907e-17,0.0
417.7744760713168,0.0002238392426594047,7.511228864111539e-17,0.0
417.8135752267751,0.00010279261991036618,7.506899672792501e-17,0.0
417.8526743822333,0.00012403209378594328,7.503768846269212e-17,0.0
417.89177353769156,0.00021301034986908089,7.498775552032453e-17,0.0
417.9308726931498,0.000222226809750627,7.495674708517809e-17,0.0
417.96997184860805,0.00010737332793988838,7.494061145830618e-17,0.0
418.0090710040663,0.00011680990912909185,7.489244765676996e-17,0.0
418.04817015952455,0.0002170073608516491,7.483115630228401e-17,0.0
418.0872693149828,0.000218895210421628,7.483013973253962e-17,0.0
418.12636847044104,0.00011363909513085811,7.47735933182158e-17,0.0
418.1654676258993,0.00011116308957626243,7.473014004390893e-17,0.0
418.2045667813575,0.00021938892831152405,7.471367450487471e-17,0.0
418.2436659368158,0.0002159852012306814,7.463444961367808e-17,0.0
418.282765092274,0.00011943214852208347,7.464535122891989e-17,0.0
418.3218642477322,0.0001080821678765241,7.456749923877923e-17,0.0
418.36096340319045,0.00021932378086707955,7.456021536987707e-17,0.0
418.4000625586487,0.00021492245640555803,7.450066939835399e-17,0.0
418.43916171410694,0.00012354522973348397,7.447384986550718e-17,0.0
418.4782608695652,0.00010712669292161123,7.4441157161582e-17,0.0
418.51736002502344,0.00021726290252629767,7.43782353316625e-17,0.0
418.5564591804817,0.00021585474342815177,7.436231621383686e-17,0.0
418.5955583359399,0.00012590672892437004,7.43389632731197e-17,0.0
418.6346574913982,0.00010704431505197907,7.426294536220353e-17,0.0
418.6737566468564,0.00021432690472276478,7.424476234984747e-17,0.0
418.71285580231466,0.00021794364942114084,7.423508617497695e-17,0.0
418.7519549577729,0.00012720297029894962,7.413689985091019e-17,0.0
418.79105411323116,0.00010674409128763013,7.412133212952441e-17,0.0
418.8301532686894,0.00021153117132028263,7.411432809560087e-17,0.0
418.86925242414765,0.00022018006095780122,7.403410620050536e-17,0.0
418.9083515796059,0.00012826982203196276,7.402071512598985e-17,0.0
418.9474507350641,0.00010582060077219626,7.398896026995811e-17,0.0
418.9865498905223,0.00020928043406491972,7.395322188867925e-17,0.0
419.0256490459806,0.00022203584343613683,7.390008452189582e-17,0.0
419.0647482014388,0.00012957276159511924,7.384708065226379e-17,0.0
419.10384735689706,0.00010446573424812124,7.385716820580841e-17,0.0
419.1429465123553,0.0002073966576513405,7.37804674224141e-17,0.0
419.18204566781355,0.00022356642725674473,7.377381099871513e-17,0.0
419.2211448232718,0.00013106861966039393,7.371713716320065e-17,0.0
419.26024397873005,0.00010303869013279816,7.369097752309862e-17,0.0
419.2993431341883,0.00020555566753103339,7.364347249984656e-17,0.0
419.33844228964654,0.00022505623749266695,7.359293914847916e-17,0.0
419.3775414451048,0.00013248814666346444,7.356783598534817e-17,0.0
419.416640600563,0.00010165552480358827,7.356164718535645e-17,0.0
419.4557397560213,0.00020371705735652186,7.34961292835457e-17,0.0
419.4948389114795,0.00022657516723263504,7.345500159286415e-17,0.0
419.53393806693776,0.00013375340797410173,7.343133817438798e-17,0.0
419.57303722239595,0.00010007969042769104,7.33817088104468e-17,0.0
419.6121363778542,0.00020220304652418595,7.335395470872572e-17,0.0
419.65123553331244,0.00022781296749997923,7.331495347430137e-17,0.0
419.6903346887707,0.00013517448546575844,7.327279262795851e-17,0.0
419.72943384422894,9.795183927261587e-05,7.325824139859533e-17,0.0
419.7685329996872,0.00020139569540910638,7.319090828875534e-17,0.0
419.8076321551454,0.00022830295247422137,7.317066992785377e-17,0.0
419.8467313106037,0.00013727033998065668,7.314476811146629e-17,0.0
419.8858304660619,9.514259703531991e-05,7.306803641349355e-17,0.0
419.92492962152016,0.0002013238740213491,7.306341714651288e-17,0.0
419.9640287769784,0.00022783049536022925,7.303469433460163e-17,0.0
420.00312793243666,0.00014034811831882288,7.29535961396458e-17,0.0
420.0422270878949,9.1961511905819e-05,7.295580854967391e-17,0.0
420.08132624335315,0.0002015009542083771,7.291633220988268e-17,0.0
420.1204253988114,0.000226699789736891,7.285571757395767e-17,0.0
420.15952455426964,0.00014418467480486954,7.283561497408878e-17,0.0
420.1986237097278,8.907678408956775e-05,7.279116955759186e-17,0.0
420.2377228651861,0.0002011609605026164,7.276592373532187e-17,0.0
420.2768220206443,0.00022565023370264608,7.273902977602261e-17,0.0
420.31592117610256,0.00014808817685415022,7.264808172135817e-17,0.0
420.3550203315608,8.716408009439391e-05,7.269502159307312e-17,0.0
420.39411948701905,0.0001997090810081469,7.257709181729863e-17,0.0
420.4332186424773,0.0002254519957342875,7.257710549412916e-17,0.0
420.47231779793555,0.0001512877224766946,7.25359083251934e-17,0.0
420.5114169533938,8.648935594343456e-05,7.250682398712035e-17,0.0
420.55051610885204,0.00019706537303600547,7.246881148124103e-17,0.0
420.5896152643103,0.0002264438746884647,7.23888417977104e-17,0.0
420.6287144197685,0.00015335225138047976,7.242333987507194e-17,0.0
420.6678135752268,8.67459488055984e-05,7.232844514571678e-17,0.0
420.706912730685,0.0001936963970261967,7.23250019592219e-17,0.0
420.74601188614326,0.000228348882776707,7.230905828990534e-17,0.0
420.7851110416015,0.0001543802724508076,7.221896788472333e-17,0.0
420.82421019705976,8.72823772214936e-05,7.221443266512457e-17,0.0
420.86330935251794,0.00019033825911655806,7.217253529371151e-17,0.0
420.9024085079762,0.00023049316131926368,7.213332780586659e-17,0.0
420.94150766343444,0.0001548859538948631,7.213222987771844e-17,0.0
420.9806068188927,8.750036223574422e-05,7.202752446340553e-17,0.0
421.0197059743509,0.0001875970027886468,7.204242620232221e-17,0.0
421.0588051298092,0.00023222458470553023,7.19786853292015e-17,0.0
421.0979042852674,0.00015548244875181818,7.196395873456336e-17,0.0
421.13700344072566,8.711147447551325e-05,7.193315132374489e-17,0.0
421.1761025961839,0.00018569301943193147,7.18806625978472e-17,0.0
421.21520175164216,0.00023320644022819736,7.185919160523174e-17,0.0
421.2543009071004,0.00015658121800592517,7.175164504254267e-17,0.0
421.29340006255865,8.613561180273072e-05,7.183111107809176e-17,0.0
421.3324992180169,0.00018450536156509032,7.172086809348665e-17,0.0
421.37159837347514,0.00023342130694181576,7.16939024275328e-17,0.0
421.4106975289334,0.00015831211079756223,7.165359564782974e-17,0.0
421.44979668439163,8.472202384863415e-05,7.163118375576639e-17,0.0
421.4888958398498,0.0001838126593183646,7.16052723343445e-17,0.0
421.52799499530806,0.00023296998197113998,7.154653892201919e-17,0.0
421.5670941507663,0.00016067599695870335,7.149848134655641e-17,0.0
421.60619330622455,8.296715695870381e-05,7.150166188475791e-17,0.0
421.6452924616828,0.00018346186563961579,7.1441699000062e-17,0.0
421.68439161714105,0.0002319019721565718,7.142737793938491e-17,0.0
421.7234907725993,0.0001637176416701307,7.135135811389934e-17,0.0
421.76258992805754,8.089382420318843e-05,7.133291345550853e-17,0.0
421.8016890835158,0.0001832947782065756,7.130616479815105e-17,0.0
421.840788238974,0.00023027207875163405,7.124837587341471e-17,0.0
421.8798873944323,0.00016748418902212995,7.125169003987436e-17,0.0
421.9189865498905,7.863474921311121e-05,7.116622848625286e-17,0.0
421.95808570534876,0.00018292553431112013,7.117716029484289e-17,0.0
421.997184860807,0.00022840084747251168,7.11127516501798e-17,0.0
422.03628401626526,0.00017175719557063093,7.105614275081629e-17,0.0
422.0753831717235,7.668457171149852e-05,7.10748420726459e-17,0.0
422.1144823271817,0.00018164599084255658,7.101004812020837e-17,0.0
422.15358148263994,0.00022707801901800123,7.096565752979606e-17,0.0
422.1926806380982,0.000175816490125679,7.095514838968329e-17,0.0
422.2317797935564,7.59472903582214e-05,7.090707980128565e-17,0.0
422.2708789490147,0.00017866808970524734,7.08762790255967e-17,0.0
422.3099781044729,0.00022738027461970884,7.082114414116315e-17,0.0
422.34907725993116,0.00017854132705715986,7.07791190955299e-17,0.0
422.3881764153894,7.732095172422911e-05,7.07875290162547e-17,0.0
422.42727557084766,0.00017365598160299283,7.070757329145638e-17,0.0
422.4663747263059,0.00023000777615703598,7.069768554804984e-17,0.0
422.50547388176415,0.00017891779033977494,7.065683808993639e-17,0.0
422.5445730372224,8.094208496787983e-05,7.060434598920412e-17,0.0
422.58367219268064,0.0001672741343797047,7.05649697703224e-17,0.0
422.6227713481389,0.0002345287545720345,7.055659549351341e-17,0.0
422.66187050359713,0.00017674302651798048,7.051482380897652e-17,0.0
422.7009696590554,8.5775680301373e-05,7.045964549061485e-17,0.0
422.74006881451356,0.00016136234205182045,7.045175426932319e-17,0.0
422.7791679699718,0.00023920370195121054,7.040918169897448e-17,0.0
422.81826712543005,0.0001731801315867598,7.035888871574937e-17,0.0
422.8573662808883,8.999831235409234e-05,7.033518842091795e-17,0.0
422.89646543634655,0.00015831157108190088,7.028687042603602e-17,0.0
422.9355645918048,0.0002416678242519862,7.025448068709795e-17,0.0
422.97466374726304,0.00017072680987746908,7.021873187833558e-17,0.0
423.0137629027213,9.178255058542706e-05,7.020111411408245e-17,0.0
423.0528620581795,0.00015956419597566571,7.017442996242899e-17,0.0
423.0919612136378,0.00024009415893215842,7.009561358498313e-17,0.0
423.131060369096,0.00017213831114608956,7.009969025619041e-17,0.0
423.17015952455426,8.999136941793088e-05,7.005071493022636e-17,0.0
423.2092586800125,0.0001642527589737242,7.001495242299328e-17,0.0
423.24835783547076,0.00023426828133828452,6.997601884852583e-17,0.0
423.287456990929,0.0001785131323213587,6.997292883610437e-17,0.0
423.32655614638725,8.470764477316634e-05,6.988801021839077e-17,0.0
423.3656553018455,0.00016941838650095254,6.989559805871097e-17,0.0
423.4047544573037,0.00022615594315589975,6.983340253425427e-17,0.0
423.4438536127619,0.0001881252548858739,6.978764779003662e-17,0.0
423.4829527682202,7.768564631294365e-05,6.977479137873642e-17,0.0
423.5220519236784,0.0001716164425946967,6.971828174065306e-17,0.0
423.56115107913666,0.00021953737746358305,6.972379158985534e-17,0.0
423.6002502345949,0.000197289482913941,6.965772836319589e-17,0.0
423.63934939005316,7.249649451851303e-05,6.961288900807961e-17,0.0
423.6784485455114,0.00016854188469192882,6.961038156509669e-17,0.0
423.71754770096965,0.000218240735499215,6.950416962247509e-17,0.0
423.7566468564279,0.0002023423348839693,6.955418542477451e-17,0.0
423.79574601188614,7.312164247416795e-05,6.946261815654079e-17,0.0
423.8348451673444,0.00016003030624878257,6.944682855956783e-17,0.0
423.87394432280263,0.00022347573669927228,6.940758579674327e-17,0.0
423.9130434782609,0.00020130029459433348,6.938194838054981e-17,0.0
423.9521426337191,8.041388537595154e-05,6.934096730317236e-17,0.0
423.99124178917737,0.00014849279716892905,6.929069354048527e-17,0.0
424.03034094463555,0.00023258644857893516,6.92677611572523e-17,0.0
424.0694401000938,0.00019481608969889347,6.924125338975806e-17,0.0
424.10853925555205,9.098563395943857e-05,6.92088465872381e-17,0.0
424.1476384110103,0.00013860390366082027,6.913310857237204e-17,0.0
424.18673756646854,0.00024066202852149449,6.915409114292997e-17,0.0
424.2258367219268,0.00018643585465312278,6.912189686362676e-17,0.0
424.264935877385,0.00010025349596937298,6.902969563074381e-17,0.0
424.3040350328433,0.00013529753024143097,6.904846070466877e-17,0.0
424.3431341883015,0.0002432870620191798,6.897927845570354e-17,0.0
424.38223334375976,0.00018162921567828905,6.894517595293503e-17,0.0
424.421332499218,0.00010479294287438653,6.894194848901437e-17,0.0
424.46043165467626,0.00014000108524912428,6.888620914130246e-17,0.0
424.4995308101345,0.00023849515044491523,6.884564221996426e-17,0.0
424.53862996559275,0.0001847720497998464,6.881591342254011e-17,0.0
424.577729121051,0.00010299931311077554,6.878987516505994e-17,0.0
424.61682827650924,0.00014905280246598436,6.874860175529949e-17,0.0
424.6559274319674,0.00022765551253425224,6.869924238078426e-17,0.0
424.6950265874257,0.00019559622429924067,6.86742842649474e-17,0.0
424.7341257428839,9.53706677040978e-05,6.865287985581215e-17,0.0
424.77322489834216,0.0001566550411795,6.859621639793401e-17,0.0
424.8123240538004,0.0002154346903804226,6.857409272330355e-17,0.0
424.85142320925866,0.00020921052331333598,6.852971363766954e-17,0.0
424.8905223647169,8.497385397244778e-05,6.849869449865219e-17,0.0
424.92962152017515,0.00015825642541292877,6.846699060475437e-17,0.0
424.9687206756334,0.00020826530481477025,6.840869721130554e-17,0.0
425.00781983109164,0.0002195498664362717,6.845188699819366e-17,0.0
425.0469189865499,7.776241432334278e-05,6.829435308459572e-17,0.0
425.08601814200813,0.00015194487377328408,6.834053977639873e-17,0.0
425.1251172974664,0.00021061751809788284,6.827209256127317e-17,0.0
425.1642164529246,0.0002223696269587357,6.824710075901739e-17,0.0
425.20331560838287,8.005853900570611e-05,6.824596962349043e-17,0.0
425.2424147638411,0.00013877204201278995,6.816800797104352e-17,0.0
425.2815139192993,0.00022135220284660734,6.815595108129961e-17,0.0
425.32061307475755,0.0002165800534503944,6.811227104391974e-17,0.0
425.3597122302158,9.204014862602543e-05,6.807265588021775e-17,0.0
425.39881138567404,0.0001228459128920646,6.80580918365589e-17,0.0
425.4379105411323,0.00023456309555457613,6.800546670921483e-17,0.0
425.4770096965905,0.00020464875112821378,6.799984516898737e-17,0.0
425.5161088520488,0.00010765770830577408,6.794372160480777e-17,0.0
425.555208007507,0.00011089568092202488,6.792497921778999e-17,0.0
425.59430716296526,0.00024369992918205852,6.784900121567964e-17,0.0
425.6334063184235,0.00019230411629231578,6.785121118333911e-17,0.0
425.67250547388176,0.00012073751242262012,6.782924924868234e-17,0.0
425.71160462934,0.00010918580373358783,6.776705936605908e-17,0.0
425.75070378479825,0.0002445869672791787,6.772082543512848e-17,0.0
425.7898029402565,0.00018663143913530037,6.77460295909652e-17,0.0
425.82890209571474,0.0001274609301320713,6.76614357705918e-17,0.0
425.868001251173,0.00011770821725810252,6.764565505664424e-17,0.0
425.9071004066312,0.00023647938961229801,6.760509380414677e-17,0.0
425.9461995620894,0.0001917292178258089,6.755917081916795e-17,0.0
425.98529871754766,0.0001263984123055626,6.755043414237097e-17,0.0
426.0243978730059,0.00013016380408398202,6.747405194014198e-17,0.0
426.06349702846416,0.00022210913855249701,6.747418280488542e-17,0.0
426.1025961839224,0.00020530442741255675,6.743776362593873e-17,0.0
426.14169533938065,0.00011839967780551234,6.739764606174393e-17,0.0
426.1807944948389,0.00013992674137381037,6.739137354244831e-17,0.0
426.21989365029714,0.0002070457504198479,6.726852463010731e-17,0.0
426.2589928057554,0.00022085685652662118,6.732053830444984e-17,0.0
426.29809196121363,0.00010666527574733257,6.725307952634478e-17,0.0
426.3371911166719,0.00014312058166222235,6.72039234047192e-17,0.0
426.3762902721301,0.00019777460262319563,6.721410086061895e-17,0.0
426.41538942758837,0.00023224346894977718,6.713105342181542e-17,0.0
426.4544885830466,9.664454245584124e-05,6.715188862754895e-17,0.0
426.49358773850486,0.000138724657106713,6.70416093044971e-17,0.0
426.5326868939631,0.00019807256390725903,6.707440399263258e-17,0.0
426.5717860494213,0.00023609308726593102,6.698186963047727e-17,0.0
426.61088520487954,9.42294168982552e-05,6.700653334006599e-17,0.0
426.6499843603378,0.0001281183838196541,6.695991146104786e-17,0.0
426.689083515796,0.00020625541856198766,6.688667641838889e-17,0.0
426.7281826712543,0.00023224914112527384,6.689073138662586e-17,0.0
426.7672818267125,0.0001011399571075769,6.685713275358708e-17,0.0
426.80638098217077,0.00011465638285110941,6.679500605431782e-17,0.0
426.845480137629,0.00021684215183666848,6.680971910226392e-17,0.0
426.88457929308726,0.00022338993972505534,6.673160577060664e-17,0.0
426.9236784485455,0.00011326849176740655,6.671802974207605e-17,0.0
426.96277760400375,0.00010300955023955341,6.668922111760578e-17,0.0
427.001876759462,0.0002244701075844271,6.661682988643538e-17,0.0
427.04097591492024,0.00021406617350764706,6.66621009694693e-17,0.0
427.0800750703785,0.00012504656101666883,6.653254048804564e-17,0.0
427.11917422583673,9.743009564948312e-05,6.655279040941601e-17,0.0
427.158273381295,0.0002261823781764856,6.649669422956972e-17,0.0
427.19737253675316,0.00020889731109414872,6.649319753435645e-17,0.0
427.2364716922114,0.0001327730765408901,6.641801498923196e-17,0.0
427.27557084766966,9.888053079117698e-05,6.641356532054294e-17,0.0
427.3146700031279,0.0002218263627298008,6.638199967135059e-17,0.0
427.35376915858615,0.00021020148062467724,6.632246932898909e-17,0.0
427.3928683140444,0.00013510535801878937,6.632337989312874e-17,0.0
427.43196746950264,0.00010431808382519643,6.625685529528548e-17,0.0
427.4710666249609,0.00021357305642551847,6.625236733637809e-17,0.0
427.51016578041913,0.00021675668003432916,6.6222217498908e-17,0.0
427.5492649358774,0.00013272874620264292,6.614099553729363e-17,0.0
427.5883640913356,0.0001095488442773074,6.614166545310244e-17,0.0
427.62746324679387,0.0002049635227881178,6.610257521493123e-17,0.0
427.6665624022521,0.00022500408907523113,6.60630461778141e-17,0.0
427.70566155771036,0.00012792341386737467,6.604706837457491e-17,0.0
427.7447607131686,0.00011168442113619902,6.596045961450064e-17,0.0
427.78385986862685,0.00019948224881339308,6.598073775393317e-17,0.0
427.82295902408504,0.00023133310397979086,6.595760582916236e-17,0.0
427.8620581795433,0.00012389211816185808,6.586692498041119e-17,0.0
427.9011573350015,0.00010963316804116724,6.587185699022786e-17,0.0
427.9402564904598,0.0001989421448561545,6.581930738348012e-17,0.0
427.979355645918,0.00023356067555191785,6.578818242185456e-17,0.0
428.01845480137627,0.00012354372658289446,6.57684570657676e-17,0.0
428.0575539568345,0.00010379350977431539,6.57434596364629e-17,0.0
428.09665311229276,0.00020266520482759587,6.566901902722597e-17,0.0
428.135752267751,0.00023132368033444497,6.57014686392644e-17,0.0
428.17485142320925,0.00012799657495377552,6.560625117702341e-17,0.0
428.2139505786675,9.568231399705985e-05,6.560282713078116e-17,0.0
428.25304973412574,0.00020816610977965292,6.558350149139794e-17,0.0
428.292148889584,0.00022586759356418872,6.549619124984856e-17,0.0
428.33124804504223,0.00013605574881269525,6.551622749858553e-17,0.0
428.3703472005005,8.759681846009593e-05,6.548298724636543e-17,0.0
428.4094463559587,0.0002126102902176563,6.542156228524843e-17,0.0
428.4485455114169,0.0002195434936627776,6.538262145646625e-17,0.0
428.48764466687516,0.00014521087963121411,6.536890703394558e-17,0.0
428.5267438223334,8.20889035407593e-05,6.535409417377432e-17,0.0
428.56584297779165,0.0002139059815461016,6.527219203050392e-17,0.0
428.6049421332499,0.00021505678945682522,6.526098900547808e-17,0.0
428.64404128870814,0.00015297400205116997,6.524328863899154e-17,0.0
428.6831404441664,8.093472046363605e-05,6.51742599806409e-17,0.0
428.72223959962463,0.00021114396956024655,6.517431088685933e-17,0.0
428.7613387550829,0.0002144812676455445,6.512521185782788e-17,0.0
428.8004379105411,0.0001576141511695373,6.507843317417521e-17,0.0
428.83953706599937,8.403196806324961e-05,6.508247097452179e-17,0.0
428.8786362214576,0.00020465459595171072,6.501455834154941e-17,0.0
428.91773537691586,0.00021835419830254615,6.497437197514001e-17,0.0
428.9568345323741,0.00015839447504735534,6.498680928143194e-17,0.0
428.99593368783235,8.951965544481514e-05,6.49139775445935e-17,0.0
429.0350328432906,0.0001958999152049565,6.492633434527594e-17,0.0
429.07413199874884,0.0002254397452279169,6.482649047482707e-17,0.0
429.113231154207,0.00015563745476623276,6.484497453401538e-17,0.0
429.1523303096653,9.501798494010218e-05,6.481172021354036e-17,0.0
429.1914294651235,0.00018718776544067643,6.475836265899721e-17,0.0
429.23052862058177,0.00023335931724658045,6.474553283120672e-17,0.0
429.26962777604,0.00015072441528369787,6.468068505417363e-17,0.0
429.30872693149826,9.861039187979884e-05,6.465882729802743e-17,0.0
429.3478260869565,0.000181029854387997,6.46609405153727e-17,0.0
429.38692524241475,0.00023960838981698128,6.458403608748005e-17,0.0
429.426024397873,0.00014590696840640624,6.456851419544062e-17,0.0
429.46512355333124,9.918794441384861e-05,6.452674372000346e-17,0.0
429.5042227087895,0.00017909217476043637,6.4502201238082e-17,0.0
429.54332186424773,0.0002424103676205396,6.44911736271207e-17,0.0
429.582421019706,0.00014366496114098998,6.441205534079698e-17,0.0
429.6215201751642,9.65083671288777e-05,6.442175457861635e-17,0.0
429.66061933062247,0.00018126094720883362,6.434519142970868e-17,0.0
429.6997184860807,0.00024121556394902748,6.43581162904875e-17,0.0
429.7388176415389,0.00014555517091237752,6.427835882754124e-17,0.0
429.77791679699715,9.118879680605853e-05,6.428512441227053e-17,0.0
429.8170159524554,0.0001856794187572819,6.423750378099626e-17,0.0
429.85611510791364,0.00023684128707046934,6.421083604207982e-17,0.0
429.8952142633719,0.00015126224880339655,6.415587260874023e-17,0.0
429.93431341883013,8.463659114577741e-05,6.414341401350044e-17,0.0
429.9734125742884,0.0001897994648414127,6.412037433676984e-17,0.0
430.0125117297466,0.00023121585113037622,6.405952806848701e-17,0.0
430.05161088520487,0.00015882782842448323,6.405885111508829e-17,0.0
430.0907100406631,7.878287358103927e-05,6.400268647250884e-17,0.0
430.12980919612136,0.00019158503792394068,6.398200020773826e-17,0.0
430.1689083515796,0.00022666159348069408,6.39455517430551e-17,0.0
430.20800750703785,0.00016585373006997324,6.390864314978825e-17,0.0
430.2471066624961,7.540690785922099e-05,6.386524677024902e-17,0.0
430.28620581795434,0.0001902167924358079,6.388508874679108e-17,0.0
430.3253049734126,0.00022484876735525715,6.37842334229346e-17,0.0
430.3644041288708,0.00017063759321096154,6.378976948315632e-17,0.0
430.403503284329,7.515927171332123e-05,6.374233679644066e-17,0.0
430.44260243978727,0.00018620848139707568,6.371411221775927e-17,0.0
430.4817015952455,0.00022597485508603064,6.368136413350635e-17,0.0
430.52080075070376,0.00017270926507503167,6.367723624035185e-17,0.0
430.559899906162,7.716371395395816e-05,6.361080759067531e-17,0.0
430.59899906162025,0.00018102831012309627,6.357275724549162e-17,0.0
430.6380982170785,0.00022882272322046547,6.356194268456351e-17,0.0
430.67719737253674,0.00017278681992505108,6.353979113403362e-17,0.0
430.716296527995,7.977735372158168e-05,6.345492024043313e-17,0.0
430.75539568345323,0.00017633966847965026,6.347918696797061e-17,0.0
430.7944948389115,0.00023167164813565956,6.338385738675215e-17,0.0
430.8335939943697,0.00017226486194907696,6.34181354716014e-17,0.0
430.87269314982797,8.167665176857623e-05,6.33335056167039e-17,0.0
430.9117923052862,0.00017314682356707272,6.334610981121217e-17,0.0
430.95089146074446,0.00023332821411208154,6.328729295302357e-17,0.0
430.98999061620265,0.00017241189494220083,6.325844749375917e-17,0.0
431.0290897716609,8.239872653762683e-05,6.321125013453183e-17,0.0
431.06818892711914,0.00017136350498321738,6.31978315530427e-17,0.0
431.1072880825774,0.0002336220117885631,6.317422943410268e-17,0.0
431.14638723803563,0.0001736836745687019,6.311470920723435e-17,0.0
431.1854863934939,8.229486935648698e-05,6.311070212777246e-17,0.0
431.2245855489521,0.00017014968781431386,6.306346283010698e-17,0.0
431.26368470441037,0.00023319582183983065,6.305861503977437e-17,0.0
431.3027838598686,0.00017564271538173963,6.295466027747061e-17,0.0
431.34188301532686,8.209730982517726e-05,6.296720356836131e-17,0.0
431.3809821707851,0.00016873100142010701,6.294480282117056e-17,0.0
431.42008132624335,0.00023280642186797199,6.290654417108197e-17,0.0
431.4591804817016,0.0001775539844658446,6.288203828307414e-17,0.0
431.49827963715984,8.230537004488279e-05,6.283823397015179e-17,0.0
431.5373787926181,0.0001670382075745666,6.278990343480166e-17,0.0
431.57647794807633,0.00023261687449814512,6.280913723022271e-17,0.0
431.6155771035345,0.00017916190713558825,6.270711333644701e-17,0.0
431.65467625899277,8.27448915594533e-05,6.271181261442883e-17,0.0
431.693775414451,0.00016571265657914296,6.270335557771616e-17,0.0
431.73287456990926,0.00023201323418753968,6.261960799556689e-17,0.0
431.7719737253675,0.0001810421871354123,6.26235955509953e-17,0.0
431.81107288082575,8.265097586701471e-05,6.256068666690959e-17,0.0
431.850172036284,0.0001654662759858649,6.255353752390959e-17,0.0
431.88927119174224,0.000230124839242722,6.255812628151998e-17,0.0
431.9283703472005,0.00018422430896415326,6.243174046517357e-17,0.0
431.96746950265873,8.123795614534952e-05,6.245782639605198e-17,0.0
432.006568658117,0.00016624100192564874,6.243721185693441e-17,0.0
432.0456678135752,0.00022669947610228788,6.238499878120993e-17,0.0
432.08476696903347,0.00018926381444327688,6.2370118893425e-17,0.0
432.1238661244917,7.840308407670915e-05,6.231444193468827e-17,0.0
432.16296527994996,0.00016686191582192473,6.228673115084582e-17,0.0
432.2020644354082,0.00022273992491630978,6.228605038445496e-17,0.0
432.24116359086645,0.00019545497720725705,6.219597784166926e-17,0.0
432.28026274632464,7.52455327126243e-05,6.221133616477679e-17,0.0
432.3193619017829,0.00016551806368096666,6.216661025673597e-17,0.0
432.35846105724113,0.0002203836720161406,6.214802702703631e-17,0.0
432.3975602126994,0.00020088496490503507,6.209686577414608e-17,0.0
432.4366593681576,7.404027190303438e-05,6.206003630442918e-17,0.0
432.47575852361587,0.0001607276685922014,6.20529393989799e-17,0.0
432.5148576790741,0.000221797897498816,6.201982127049518e-17,0.0
432.55395683453236,0.00020331731299504598,6.197122054168202e-17,0.0
432.5930559899906,7.706721352320765e-05,6.196163286402024e-17,0.0
432.63215514544885,0.00015224124801822578,6.19087988387089e-17,0.0
432.6712543009071,0.00022758926125839845,6.188363761051667e-17,0.0
432.71035345636534,0.00020131245438048296,6.185710921558308e-17,0.0
432.7494526118236,8.465677548394384e-05,6.180855583071313e-17,0.0
432.78855176728183,0.00014157641251359338,6.177313459407673e-17,0.0
432.8276509227401,0.0002360276641405003,6.17597861084896e-17,0.0
432.8667500781983,0.00019508508946088762,6.16921320839662e-17,0.0
432.9058492336565,9.472608389509079e-05,6.170112365325943e-17,0.0
432.94494838911476,0.00013195846377795414,6.164996924970136e-17,0.0
432.984047544573,0.0002438404703852256,6.163841479995717e-17,0.0
433.02314670003125,0.00018685256199827763,6.157862737368527e-17,0.0
433.0622458554895,0.00010426246771246365,6.156001406125951e-17,0.0
433.10134501094774,0.00012716163238038732,6.154940878496066e-17,0.0
433.140444166406,0.00024782134493492395,6.14684102183042e-17,0.0
433.17954332186423,0.00018038286878703852,6.147682544220137e-17,0.0
433.2186424773225,0.00011073234705042848,6.14473506817966e-17,0.0
433.2577416327807,0.00012908020389713253,6.139450003103724e-17,0.0
433.29684078823897,0.00024614872270301984,6.137625720994123e-17,0.0
433.3359399436972,0.00017935369367435834,6.133338365627527e-17,0.0
433.37503909915546,0.00011269102727714496,6.131123137254807e-17,0.0
433.4141382546137,0.00013606807228614727,6.129597671941856e-17,0.0
433.45323741007195,0.00023901026323048537,6.124200087103332e-17,0.0
433.4923365655302,0.000185021119233489,6.122645042695541e-17,0.0
433.5314357209884,0.0001099762062195264,6.117536930754352e-17,0.0
433.57053487644663,0.00014427094724657713,6.114766022021878e-17,0.0
433.6096340319049,0.00022855952179278756,6.11324256240419e-17,0.0
433.6487331873631,0.00019533014806509316,6.109675075557343e-17,0.0
433.68783234282137,0.00010373103244945931,6.104583359046977e-17,0.0
433.7269314982796,0.00015013295038506663,6.103592932478974e-17,0.0
433.76603065373786,0.00021820995387012305,6.099413313306124e-17,0.0
433.8051298091961,0.00020651022729188323,6.096414313099231e-17,0.0
433.84422896465435,9.624403757844022e-05,6.091784490875821e-17,0.0
433.8833281201126,0.00015170866981179069,6.090346511239863e-17,0.0
433.92242727557084,0.00021125951535030138,6.086819978504498e-17,0.0
433.9615264310291,0.00021528745337660908,6.084063674488944e-17,0.0
434.00062558648733,9.039124329731034e-05,6.08101699852863e-17,0.0
434.0397247419456,0.00014880335129680258,6.075413726036303e-17,0.0
434.0788238974038,0.00020930420921591692,6.074264145593466e-17,0.0
434.11792305286207,0.00022003892912701736,6.072579777035447e-17,0.0
434.15702220832026,8.843012352755971e-05,6.066840795267402e-17,0.0
434.1961213637785,0.00014256742556946963,6.063862493409195e-17,0.0
434.23522051923675,0.00021159098087949487,6.06323112165192e-17,0.0
434.274319674695,0.00022086180936256334,6.055894100577972e-17,0.0
434.31341883015324,9.070489390035976e-05,6.059380577634069e-17,0.0
434.3525179856115,0.00013482573253383425,6.049382885487415e-17,0.0
434.39161714106973,0.00021594636817450348,6.051391970245808e-17,0.0
434.430716296528,0.00021900190707827892,6.045877846145817e-17,0.0
434.4698154519862,9.575902126935581e-05,6.04353564188042e-17,0.0
434.50891460744447,0.0001272941820584954,6.041191317034558e-17,0.0
434.5480137629027,0.00022032182692620754,6.037242436430349e-17,0.0
434.58711291836096,0.00021600254586820185,6.032495799461099e-17,0.0
434.6262120738192,0.00010179804039544196,6.032975713294118e-17,0.0
434.66531122927745,0.00012096694016184389,6.026561199619751e-17,0.0
434.7044103847357,0.0002236624167458572,6.024342224105517e-17,0.0
434.74350954019394,0.00021296410278756508,6.022181520320591e-17,0.0
434.7826086956522,0.00010777245833644335,6.019284190548187e-17,0.0
434.8217078511104,0.00011603814753456424,6.016317295554969e-17,0.0
434.8608070065686,0.0002257999268568452,6.010530640128011e-17,0.0
434.89990616202687,0.00021031449981008695,6.008383313027671e-17,0.0
434.9390053174851,0.00011341033897747235,6.00778736203936e-17,0.0
434.97810447294336,0.00011239739242623823,6.004304193082081e-17,0.0
435.0172036284016,0.00022681573094671467,5.998313977557745e-17,0.0
435.05630278385985,0.00020818554341786005,5.997216415153513e-17,0.0
435.0954019393181,0.00011866226788868579,5.996968003315605e-17,0.0
435.13450109477634,0.0001101999557294528,5.98825175215898e-17,0.0
435.1736002502346,0.0002264870291065619,5.990087200180616e-17,0.0
435.21269940569283,0.00020699626084161841,5.983855182769292e-17,0.0
435.2517985611511,0.00012316275569423374,5.982855623343411e-17,0.0
435.2908977166093,0.00010991050270853898,5.978653640245395e-17,0.0
435.32999687206757,0.00022425017040523745,5.976388679963441e-17,0.0
435.3690960275258,0.00020763504852945006,5.975361205956134e-17,0.0
435.40819518298406,0.0001261218910240428,5.96681759937213e-17,0.0
435.44729433844225,0.00011171752380752618,5.969250730879182e-17,0.0
435.4863934939005,0.00021970152151293677,5.960564800821268e-17,0.0
435.52549264935874,0.00021093418582989184,5.961388812183647e-17,0.0
435.564591804817,0.0001267102601779878,5.958638166412587e-17,0.0
435.60369096027523,0.00011489681907978638,5.956313188441603e-17,0.0
435.6427901157335,0.00021327011813147912,5.949321240298868e-17,0.0
435.6818892711917,0.00021678486996817186,5.947366968717074e-17,0.0
435.72098842664997,0.00012468787956650758,5.948030208617964e-17,0.0
435.7600875821082,0.00011782931194097063,5.938504031489337e-17,0.0
435.79918673756646,0.0002065607475150866,5.9390332945468e-17,0.0
435.8382858930247,0.00022371638716898648,5.935617890901842e-17,0.0
435.87738504848295,0.00012094400653756743,5.934068878357704e-17,0.0
435.9164842039412,0.00011868319005239886,5.928743926534076e-17,0.0
435.95558335939944,0.0002019402741482484,5.926854551492142e-17,0.0
435.9946825148577,0.00022941190627228473,5.920990831607005e-17,0.0
436.03378167031593,0.00011760324640117204,5.921495564665147e-17,0.0
436.0728808257741,0.00011622232573864987,5.916795033846279e-17,0.0
436.11197998123237,0.00020127731071954176,5.915255520851463e-17,0.0
436.1510791366906,0.00023180399706262007,5.908083684498376e-17,0.0
436.19017829214886,0.00011727213413295462,5.910061358101085e-17,0.0
436.2292774476071,0.000110367211185537,5.906339863160579e-17,0.0
436.26837660306535,0.00020455979666353418,5.901746010227888e-17,0.0
436.3074757585236,0.00023008914704240427,5.898218993869328e-17,0.0
436.34657491398184,0.000121386056072903,5.89616168409536e-17,0.0
436.3856740694401,0.00010242808926923785,5.89511658954286e-17,0.0
436.42477322489833,0.0002096668319921718,5.888196974449224e-17,0.0
436.4638723803566,0.00022524354696901196,5.888461262923288e-17,0.0
436.5029715358148,0.0001289750344144588,5.88267007693194e-17,0.0
436.54207069127307,9.491899176968024e-05,5.881027403044422e-17,0.0
436.5811698467313,0.00021357774513688913,5.874579582866385e-17,0.0
436.62026900218956,0.0002198185349428063,5.878131861529382e-17,0.0
436.6593681576478,0.0001372930485017882,5.869828774364265e-17,0.0
436.698467313106,9.062154956235572e-05,5.869928391771463e-17,0.0
436.73756646856424,0.00021395193277448229,5.865686295379041e-17,0.0
436.7766656240225,0.0002168610413357047,5.86223629708196e-17,0.0
436.81576477948073,0.00014351328705233086,5.860523624580003e-17,0.0
436.854863934939,9.083320813318703e-05,5.856856331698528e-17,0.0
436.8939630903972,0.00021013493776662616,5.852625655264587e-17,0.0
436.93306224585547,0.00021821422082575823,5.852369080823913e-17,0.0
436.9721614013137,0.0001459910460238863,5.844458526147809e-17,0.0
437.01126055677196,9.428064228995359e-05,5.846382377146473e-17,0.0
437.0503597122302,0.00020337879331819368,5.842170581909761e-17,0.0
437.08945886768845,0.00022332667823505274,5.837607625998719e-17,0.0
437.1285580231467,0.00014476734123814472,5.838175518907642e-17,0.0
437.16765717860494,9.819005118690035e-05,5.83481035880229e-17,0.0
437.2067563340632,0.00019630941424876022,5.827806976922376e-17,0.0
437.24585548952143,0.00022969177838650835,5.825335170080589e-17,0.0
437.2849546449797,0.00014149361104986462,5.827287027022213e-17,0.0
437.32405380043787,0.00010013260035033399,5.81744412745712e-17,0.0
437.3631529558961,0.0001916824480948433,5.819265176417487e-17,0.0
437.40225211135436,0.0002344741000742889,5.816357807531918e-17,0.0
437.4413512668126,0.00013877389808712699,5.810603495755363e-17,0.0
437.48045042227085,9.89696241384745e-05,5.806829037507342e-17,0.0
437.5195495777291,0.00019085712179695932,5.809938871155595e-17,0.0
437.55864873318734,0.00023596138872429193,5.802296725528856e-17,0.0
437.5977478886456,0.0001388884766891565,5.799196559834108e-17,0.0
437.63684704410383,9.494682799385427e-05,5.79996939990086e-17,0.0
437.6759461995621,0.0001930643617745078,5.790723683513837e-17,0.0
437.7150453550203,0.00023414005652657875,5.792837462812232e-17,0.0
437.75414451047857,0.00014247343186904351,5.787430573578293e-17,0.0
437.7932436659368,8.937813670913292e-05,5.786334407766898e-17,0.0
437.83234282139506,0.00019615530158672128,5.779341480505867e-17,0.0
437.8714419768533,0.00023042130180904764,5.78093452464842e-17,0.0
437.91054113231155,0.00014831260099397954,5.776332221593636e-17,0.0
437.9496402877698,8.405411592117651e-05,5.773672518080289e-17,0.0
437.988739443228,0.00019807014353189647,5.767999388705438e-17,0.0
438.02783859868623,0.00022676768632859412,5.766961118123128e-17,0.0
438.0669377541445,0.00015444167593185143,5.763922099957069e-17,0.0
438.1060369096027,8.041922748823675e-05,5.762098819801168e-17,0.0
438.14513606506097,0.0001978345230125707,5.755864394326492e-17,0.0
438.1842352205192,0.00022463069751791896,5.756623501910641e-17,0.0
438.22333437597746,0.00015941531408376577,5.751886781391549e-17,0.0
438.2624335314357,7.887033769250831e-05,5.747174365832305e-17,0.0
438.30153268689395,0.00019567242183773885,5.747798384242836e-17,0.0
438.3406318423522,0.00022431741218838501,5.743748493153858e-17,0.0
438.37973099781044,0.00016284145711228582,5.738796057650029e-17,0.0
438.4188301532687,7.87902532856756e-05,5.738723303866654e-17,0.0
438.45792930872693,0.00019245551557091489,5.732977914027609e-17,0.0
438.4970284641852,0.00022521604446877684,5.732474797489113e-17,0.0
438.5361276196434,0.00016514286243482019,5.727108295392994e-17,0.0
438.57522677510167,7.932252378354697e-05,5.725966224569951e-17,0.0
438.61432593055986,0.0001889293854438668,5.722654334657469e-17,0.0
438.6534250860181,0.00022661020051249067,5.720177882118179e-17,0.0
438.69252424147635,0.000166893594616196,5.717664681931043e-17,0.0
438.7316233969346,8.010515115416192e-05,5.713873640714175e-17,0.0
438.77072255239284,0.00018522844239903525,5.710057748532567e-17,0.0
438.8098217078511,0.00022833572604759032,5.706913493963484e-17,0.0
438.84892086330933,0.00016821301251838917,5.703813817657212e-17,0.0
438.8880200187676,8.138244738700648e-05,5.702027352483554e-17,0.0
438.9271191742258,0.00018101718002004158,5.700560516018865e-17,0.0
438.96621832968407,0.0002307625181909232,5.693727545017692e-17,0.0
439.0053174851423,0.00016866157310600088,5.694878039028802e-17,0.0
439.04441664060056,8.352884464394381e-05,5.689648010953762e-17,0.0
439.0835157960588,0.00017612735227938968,5.686253271356935e-17,0.0
439.12261495151705,0.00023416843075960663,5.683661067732503e-17,0.0
439.1617141069753,0.00016772726403665777,5.679861779164291e-17,0.0
439.20081326243354,8.641972275411106e-05,5.680605071791283e-17,0.0
439.23991241789173,0.00017116961732246077,5.674397260119515e-17,0.0
439.27901157335,0.00023806425912013904,5.67356186783833e-17,0.0
439.3181107288082,0.00016554965341776182,5.668895271817826e-17,0.0
439.35720988426647,8.919523666750916e-05,5.66562682982884e-17,0.0
439.3963090397247,0.00016757411594458743,5.665227468522371e-17,0.0
439.43540819518296,0.00024109371971285025,5.658885382621434e-17,0.0
439.4745073506412,0.0001633527460182674,5.66086416416816e-17,0.0
439.51360650609945,9.05985003971595e-05,5.652257203768995e-17,0.0
439.5527056615577,0.0001668119907033747,5.653242626227598e-17,0.0
439.59180481701594,0.00024165784617216093,5.651789787160215e-17,0.0
439.6309039724742,0.0001631320710378167,5.644225490886387e-17,0.0
439.67000312793243,8.958825013195467e-05,5.642719864037155e-17,0.0
439.7091022833907,0.00016919344737550444,5.642000419676207e-17,0.0
439.7482014388489,0.0002388641374068107,5.63387896266608e-17,0.0
439.78730059430717,0.0001664825105215774,5.636252394332934e-17,0.0
439.8263997497654,8.588900722037862e-05,5.632593414493094e-17,0.0
439.8654989052236,0.00017328746190637838,5.626946830245219e-17,0.0
439.90459806068185,0.0002332622962647034,5.626655626954189e-17,0.0
439.9436972161401,0.0001732862242307609,5.621697375254007e-17,0.0
439.98279637159834,8.035499949900436e-05,5.619457724879305e-17,0.0
440.0218955270566,0.00017658003690290046,5.617988054008739e-17,0.0
440.06099468251483,0.00022696070265254935,5.614431621955661e-17,0.0
440.1000938379731,0.00018150702150919045,5.609845909209955e-17,0.0
440.1391929934313,7.505174955422764e-05,5.611528291236315e-17,0.0
440.17829214888957,0.0001767790624709347,5.602566008026548e-17,0.0
440.2173913043478,0.00022284886671405964,5.605637808775922e-17,0.0
440.25649045980606,0.00018830950005870723,5.597231854696748e-17,0.0
440.2955896152643,7.265884276267683e-05,5.599014999241935e-17,0.0
440.33468877072255,0.0001728827817765181,5.591618856294944e-17,0.0
440.3737879261808,0.00022300508349447029,5.593572940991216e-17,0.0
440.41288708163904,0.00019149984323331271,5.586188566680978e-17,0.0
440.4519862370973,7.478111608706634e-05,5.586451219373471e-17,0.0
440.49108539255553,0.0001656716112831799,5.582721373898628e-17,0.0
440.5301845480137,0.00022724048713360242,5.578871967278429e-17,0.0
440.56928370347197,0.00019049215440974728,5.577782016500679e-17,0.0
440.6083828589302,8.046707749713065e-05,5.572157484187364e-17,0.0
440.64748201438846,0.00015756952035671053,5.570658352344616e-17,0.0
440.6865811698467,0.00023310934996030458,5.569709786136531e-17,0.0
440.72568032530495,0.00018662459369262735,5.562375691197259e-17,0.0
440.7647794807632,8.698455169847806e-05,5.562326638918225e-17,0.0
440.80387863622144,0.00015171925322927788,5.557310708364775e-17,0.0
440.8429777916797,0.00023739989784738217,5.558273036504865e-17,0.0
440.88207694713793,0.00018275117354463253,5.551401915543878e-17,0.0
440.9211761025962,9.166905194247431e-05,5.549955917172607e-17,0.0
440.9602752580544,0.0001502647357731889,5.547061757342656e-17,0.0
440.99937441351267,0.00023782369792510165,5.543422818410067e-17,0.0
441.0384735689709,0.0001819549346955141,5.543586168644138e-17,0.0
441.07757272442916,9.295972084743223e-05,5.538362269340681e-17,0.0
441.1166718798874,0.00015285709282323337,5.5366682173069213e-17,0.0
441.1557710353456,0.00023398937292847064,5.5339983235262065e-17,0.0
441.19487019080384,0.00018572374368872174,5.5311447643991814e-17,0.0
441.2339693462621,9.068861556388666e-05,5.526468965108376e-17,0.0
441.27306850172033,0.00015692072607271243,5.5269723074223473e-17,0.0
441.3121676571786,0.0002275235888939308,5.520287878887529e-17,0.0
441.3512668126368,0.00019295217852490726,5.5208425663956517e-17,0.0
441.39036596809507,8.609713308455759e-05,5.514963378047527e-17,0.0
441.4294651235533,0.00015939074177758676,5.5153695380492396e-17,0.0
441.46856427901156,0.00022138911376098076,5.512493668940955e-17,0.0
441.5076634344698,0.00020077025871380243,5.5078763127746623e-17,0.0
441.54676258992805,8.161316540185946e-05,5.507259000985059e-17,0.0
441.5858617453863,0.0001582537741450507,5.5027708733586834e-17,0.0
441.62496090084454,0.00021846555096943874,5.498875334485439e-17,0.0
441.6640600563028,0.00020629867252228634,5.499283313349619e-17,0.0
441.70315921176103,8.0005878185661e-05,5.4948246359810596e-17,0.0
441.7422583672193,0.00015317966868586312,5.4898878993627846e-17,0.0
441.78135752267747,0.0002199337359005394,5.4881532464403156e-17,0.0
441.8204566781357,0.00020794868762137906,5.4868685935987687e-17,0.0
441.85955583359396,8.273515582685684e-05,5.483503937458368e-17,0.0
441.8986549890522,0.00014546197668668652,5.478965586858028e-17,0.0
441.93775414451045,0.00022463004458202966,5.478410736745943e-17,0.0
441.9768532999687,0.00020587799681581864,5.473325652153992e-17,0.0
442.01595245542694,8.886582189891699e-05,5.470612396102757e-17,0.0
442.0550516108852,0.00013748564913386885,5.4707022796049334e-17,0.0
442.09415076634343,0.00022994180736131496,5.463619046899114e-17,0.0
442.1332499218017,0.00020177148866221687,5.460236201201223e-17,0.0
442.1723490772599,9.598787070235303e-05,5.462204129210049e-17,0.0
442.21144823271817,0.00013173947068136204,5.4532930667378234e-17,0.0
442.2505473881764,0.00023335553767783995,5.4553927018252354e-17,0.0
442.28964654363466,0.0001980895417817961,5.453130246036482e-17,0.0
442.3287456990929,0.00010184491019926239,5.445069277736777e-17,0.0
442.36784485455115,0.0001295717940347687,5.4488094079642826e-17,0.0
442.40694401000934,0.00023353252072794432,5.4404142608861104e-17,0.0
442.4460431654676,0.00019694280588937213,5.4365470178185e-17,0.0
442.48514232092583,0.0001051655722387447,5.439456751092797e-17,0.0
442.5242414763841,0.00013048488407384692,5.4354928964034e-17,0.0
442.5633406318423,0.00023060485236097965,5.429400203973703e-17,0.0
442.60243978730057,0.00019907337922125644,5.430377800809327e-17,0.0
442.6415389427588,0.00010578726356896069,5.42605278193268e-17,0.0
442.68063809821706,0.00013265300769533086,5.421407232401748e-17,0.0
442.7197372536753,0.00022588456591706802,5.4221203196906756e-17,0.0
442.75883640913355,0.0002036247550374031,5.4176695874770523e-17,0.0
442.7979355645918,0.00010448527110925553,5.413984275208417e-17,0.0
442.83703472005004,0.00013411045912163397,5.411326532953443e-17,0.0
442.8761338755083,0.0002212171736817761,5.4088600300801803e-17,0.0
442.91523303096653,0.000208828835362917,5.40856900944051e-17,0.0
442.9543321864248,0.00010264758292872341,5.402547922934333e-17,0.0
442.993431341883,0.00013360202066020865,5.401778061271474e-17,0.0
443.0325304973412,0.0002181944311141589,5.396050958702373e-17,0.0
443.07162965279946,0.00021297589457235975,5.396782037728599e-17,0.0
443.1107288082577,0.00010178925150952594,5.393388236659575e-17,0.0
443.14982796371595,0.0001308288294910361,5.388481850894893e-17,0.0
443.1889271191742,0.0002175146104076958,5.387256833081711e-17,0.0
443.22802627463244,0.00021505808138148089,5.3826197733985566e-17,0.0
443.2671254300907,0.00010295726779938978,5.3838397350189806e-17,0.0
443.30622458554893,0.0001263313902982344,5.377657078075156e-17,0.0
443.3453237410072,0.00021878591510249819,5.377170598849814e-17,0.0
443.3844228964654,0.00021497290736011243,5.3723104749765996e-17,0.0
443.42352205192367,0.00010628647216652096,5.370503646749651e-17,0.0
443.4626212073819,0.0001212249866499631,5.3681905049526074e-17,0.0
443.50172036284016,0.00022083041231735852,5.363867693377967e-17,0.0
443.5408195182984,0.00021343303574191557,5.3629112009669547e-17,0.0
443.57991867375665,0.00011100944496796958,5.3607908092755376e-17,0.0
443.6190178292149,0.00011684401137560584,5.355469091876748e-17,0.0
443.65811698467314,0.00022224178151214423,5.356718506541244e-17,0.0
443.69721614013133,0.00021169817697784304,5.3507926361254197e-17,0.0
443.7363152955896,0.0001158736338144564,5.3469601086818594e-17,0.0
443.7754144510478,0.00011427800418829625,5.346822848092008e-17,0.0
443.81451360650607,0.00022190838229153222,5.345309635661346e-17,0.0
443.8536127619643,0.0002111495973363943,5.3403851116907455e-17,0.0
443.89271191742256,0.0001196407614912329,5.337726015673934e-17,0.0
443.9318110728808,0.0001138842249004731,5.3347115285107017e-17,0.0
443.97091022833905,0.0002193815755399911,5.331656205233041e-17,0.0
444.0100093837973,0.00021273631833781172,5.330828051015002e-17,0.0
444.04910853925554,0.00012147343450297915,5.3259045082903224e-17,0.0
444.0882076947138,0.00011505525361235399,5.323290427405479e-17,0.0
444.12730685017203,0.00021507644017862646,5.3225170066662104e-17,0.0
444.1664060056303,0.00021647960045655026,5.3140726371301864e-17,0.0
444.2055051610885,0.00012121264736243864,5.318149771651191e-17,0.0
444.24460431654677,0.00011645890194190467,5.3100699760453825e-17,0.0
444.283703472005,0.00021025167910596233,5.311714304335927e-17,0.0
444.3228026274632,0.00022134703799139838,5.3053782838240646e-17,0.0
444.36190178292145,0.00011955728866070536,5.303610981159941e-17,0.0
444.4010009383797,0.0001166090031536854,5.301905305318595e-17,0.0
444.44010009383794,0.00020663503275776245,5.2965720599264616e-17,0.0
444.4791992492962,0.00022564693526795087,5.29664317447768e-17,0.0
444.51829840475443,0.00011802553337791308,5.29359251831798e-17,0.0
444.5573975602127,0.00011445202881095034,5.290633100372906e-17,0.0
444.5964967156709,0.00020563522885753963,5.2857826560036246e-17,0.0
444.63559587112917,0.0002277648614384816,5.284732024878409e-17,0.0
444.6746950265874,0.00011845230206040251,5.282339187489936e-17,0.0
444.71379418204566,0.00010979613968110706,5.281457940943328e-17,0.0
444.7528933375039,0.00020745503752290706,5.2761266962409695e-17,0.0
444.79199249296215,0.0002269155223988028,5.275085765818554e-17,0.0
444.8310916484204,0.00012196877306866274,5.2712854548078364e-17,0.0
444.87019080387864,0.00010353659698677277,5.268887518113699e-17,0.0
444.9092899593369,0.00021077576398508325,5.264010116628616e-17,0.0
444.9483891147951,0.00022363710381884913,5.2643989850019836e-17,0.0
444.9874882702533,0.00012811211505460668,5.262261350789127e-17,0.0
445.02658742571157,9.756796894311737e-05,5.254229927111379e-17,0.0
445.0656865811698,0.00021336399940923207,5.2581055130810613e-17,0.0
445.10478573662806,0.00021979587433225138,5.2509800133278347e-17,0.0
445.1438848920863,0.00013496075250070644,5.248810248072248e-17,0.0
445.18298404754455,9.410063375100896e-05,5.2490318923168005e-17,0.0
445.2220832030028,0.00021319900139788104,5.242929248015362e-17,0.0
445.26118235846104,0.00021787365302333695,5.239048247709817e-17,0.0
445.3002815139193,0.0001401795194079704,5.2415252825759736e-17,0.0
445.33938066937753,9.43012210228005e-05,5.235450384709102e-17,0.0
445.3784798248358,0.00020948095346633137,5.233328179057739e-17,0.0
445.417578980294,0.00021958991989272296,5.2306245551426195e-17,0.0
445.45667813575227,0.00014213900200318882,5.2289589421857464e-17,0.0
445.4957772912105,9.725893993838611e-05,5.2248379234801884e-17,0.0
445.53487644666876,0.00020314949553455603,5.221941750204696e-17,0.0
445.57397560212695,0.00022465600699617293,5.21954212733552e-17,0.0
445.6130747575852,0.00014065910246061113,5.217784938545816e-17,0.0
445.65217391304344,0.00010053282393451207,5.214459753269374e-17,0.0
445.6912730685017,0.00019670225300429464,5.211390945891102e-17,0.0
445.73037222395993,0.00023077653208744713,5.2097274754234116e-17,0.0
445.7694713794182,0.0001372975366315028,5.2066308623354304e-17,0.0
445.8085705348764,0.00010164276463292024,5.203635358567983e-17,0.0
445.84766969033467,0.00019309713077167426,5.202657553558533e-17,0.0
445.8867688457929,0.00023495934139142806,5.197974885129397e-17,0.0
445.92586800125116,0.00013496763283952744,5.1950656607931064e-17,0.0
445.9649671567094,9.916796270012175e-05,5.194430693657653e-17,0.0
446.00406631216765,0.0001939395201138846,5.188860214952857e-17,0.0
446.0431654676259,0.00023511142799586112,5.190384071298527e-17,0.0
446.08226462308414,0.00013650759371840675,5.1844151181836045e-17,0.0
446.1213637785424,9.321671582245761e-05,5.181096346412899e-17,0.0
446.16046293400063,0.00019821757001971718,5.1806711938080706e-17,0.0
446.1995620894589,0.00023109153318273218,5.17744473308934e-17,0.0
446.23866124491707,0.00014266063900600948,5.1736314081898535e-17,0.0
446.2777604003753,8.553079242999681e-05,5.1716099722059835e-17,0.0
446.31685955583356,0.00020288209746192063,5.168316295527723e-17,0.0
446.3559587112918,0.00022493996518421197,5.165192407665531e-17,0.0
446.39505786675005,0.00015137751431202007,5.164234916509177e-17,0.0
446.4341570222083,7.915954569001351e-05,5.160618696364112e-17,0.0
446.47325617766654,0.0002047149368103017,5.157992473163906e-17,0.0
446.5123553331248,0.0002201033985792074,5.1561784576955065e-17,0.0
446.55145448858303,0.00015925950345438775,5.151399813680851e-17,0.0
446.5905536440413,7.708341683224947e-05,5.148510160491411e-17,0.0
446.6296527994995,0.0002019804740733672,5.147236509159961e-17,0.0
446.66875195495777,0.00021958313421476184,5.146310038650774e-17,0.0
446.707851110416,0.00016353533578453453,5.13955719880811e-17,0.0
446.74695026587426,7.987190013700516e-05,5.143702424156277e-17,0.0
446.7860494213325,0.00019519540208406995,5.135129222805818e-17,0.0
446.82514857679075,0.00022388141211199063,5.135651946584129e-17,0.0
446.86424773224894,0.00016327654685989267,5.1297019474267073e-17,0.0
446.9033468877072,8.505874803754785e-05,5.1337383998205577e-17,0.0
446.94244604316543,0.00018698868437186484,5.123785661948377e-17,0.0
446.9815451986237,0.00023056893306820701,5.1269290520727506e-17,0.0
447.0206443540819,0.00015978337939240138,5.1199420209774716e-17,0.0
447.05974350954017,8.926268429909985e-05,5.119977003787594e-17,0.0
447.0988426649984,0.00018093902744388925,5.116621406819684e-17,0.0
447.13794182045666,0.0002359702493998794,5.113199028036785e-17,0.0
447.1770409759149,0.00015616268821651663,5.109924605538061e-17,0.0
447.21614013137315,9.017402189660154e-05,5.109489141190729e-17,0.0
447.2552392868314,0.00017945090474930762,5.105081651026231e-17,0.0
447.29433844228964,0.0002373833052190177,5.106401817462974e-17,0.0
447.3334375977479,0.00015580931987575604,5.096261124233308e-17,0.0
447.37253675320613,8.724540077900968e-05,5.100694849041503e-17,0.0
447.4116359086644,0.00018196214265393896,5.091548398322474e-17,0.0
447.4507350641226,0.00023444444032901784,5.0926073096436395e-17,0.0
447.4898342195808,0.00016011531466603664,5.090472343477871e-17,0.0
447.52893337503906,8.177905058728237e-05,5.08505908029182e-17,0.0
447.5680325304973,0.00018532930797493424,5.082328106336763e-17,0.0
447.60713168595555,0.00022932871792994506,5.082680260073277e-17,0.0
447.6462308414138,0.00016732141182806035,5.0766607540288246e-17,0.0
447.68532999687204,7.667315997841208e-05,5.0796707680277177e-17,0.0
447.7244291523303,0.00018602294258836336,5.071571679577323e-17,0.0
447.76352830778853,0.00022572270846762867,5.06881092992969e-17,0.0
447.8026274632468,0.0001738323857259124,5.0713132270259273e-17,0.0
447.841726618705,7.524063976574675e-05,5.0657391134800745e-17,0.0
447.88082577416327,0.00018214801940899506,5.0601940084469254e-17,0.0
447.9199249296215,0.00022663309822387143,5.062483438018597e-17,0.0
447.95902408507976,0.00017652949335285242,5.058101576033237e-17,0.0
447.998123240538,7.877047765207144e-05,5.0534249793957566e-17,0.0
448.03722239599625,0.00017437992532384045,5.055199207541169e-17,0.0
448.0763215514545,0.0002321856582698192,5.0503833127355564e-17,0.0
448.1154207069127,0.0001743597541657012,5.049076069106867e-17,0.0
448.15451986237093,8.525652522837238e-05,5.044097998052847e-17,0.0
448.1936190178292,0.0001658524699333605,5.0444779934239e-17,0.0
448.2327181732874,0.00023940629626378323,5.038394047811787e-17,0.0
448.27181732874567,0.00016892608096682077,5.0397152323745995e-17,0.0
448.3109164842039,9.117745848013211e-05,5.035967073056307e-17,0.0
448.35001563966216,0.0001608102418901689,5.0342849044066854e-17,0.0
448.3891147951204,0.00024419136430671955,5.026657901005241e-17,0.0
448.42821395057865,0.00016409032313604855,5.0308418055773067e-17,0.0
448.4673131060369,9.36656898354649e-05,5.0231967139190955e-17,0.0
448.50641226149514,0.00016192908655359331,5.021584127762236e-17,0.0
448.5455114169534,0.0002436140570795064,5.0204331812802944e-17,0.0
448.58461057241163,0.0001641466449732802,5.016962460038585e-17,0.0
448.6237097278699,9.137710955207605e-05,5.0134474126735997e-17,0.0
448.6628088833281,0.0001681131399218614,5.010087982034459e-17,0.0
448.70190803878637,0.00023727909756725548,5.010481072255029e-17,0.0
448.74100719424456,0.00017085118740399949,5.006797914410016e-17,0.0
448.7801063497028,8.469625709635162e-05,5.0021933203401564e-17,0.0
448.81920550516105,0.00017530819969507116,5.0041888896413805e-17,0.0
448.8583046606193,0.00022760369920851611,4.9958838453712455e-17,0.0
448.89740381607754,0.0001819487835640308,4.9955289177491755e-17,0.0
448.9365029715358,7.584631172939857e-05,4.9934944874225936e-17,0.0
448.97560212699403,0.00017925240661131634,4.990920298335181e-17,0.0
449.0147012824523,0.00021901414494850506,4.9874986926018524e-17,0.0
449.0538004379105,0.000192949478661721,4.984916977017122e-17,0.0
449.09289959336877,6.880413635536686e-05,4.984346715042715e-17,0.0
449.131998748827,0.00017746088030420312,4.980706219986988e-17,0.0
449.17109790428526,0.00021584067094310483,4.9756965405997e-17,0.0
449.2101970597435,0.00019988317875619402,4.9766346881354217e-17,0.0
449.24929621520175,6.779547445831751e-05,4.9708654720038744e-17,0.0
449.28839537066,0.00016988162979263507,4.973564144906831e-17,0.0
449.32749452611824,0.00021958832210126151,4.96732077391781e-17,0.0
449.3665936815765,0.00020086467598731954,4.96532248676735e-17,0.0
449.4056928370347,7.369463579982718e-05,4.9630727917099945e-17,0.0
449.4447919924929,0.00015875568964889857,4.958800011095017e-17,0.0
449.48389114795117,0.00022793728869477045,4.959490316219658e-17,0.0
449.5229903034094,0.00019647873149414565,4.953629015834852e-17,0.0
449.56208945886766,8.316313207827375e-05,4.9536369087558654e-17,0.0
449.6011886143259,0.00014787426834466587,4.949147730612388e-17,0.0
449.64028776978415,0.00023660174265007915,4.950241445511944e-17,0.0
449.6793869252424,0.00018941976976044646,4.942244859593077e-17,0.0
449.71848608070064,9.212964559254536e-05,4.943949752182107e-17,0.0
449.7575852361589,0.0001410091955940362,4.938433240748857e-17,0.0
449.79668439161713,0.00024195670980214435,4.9377588456753276e-17,0.0
449.8357835470754,0.00018341938435081852,4.9343514818016316e-17,0.0
449.8748827025336,9.804838998015899e-05,4.931180979056375e-17,0.0
449.91398185799187,0.00013977255680228085,4.9304543845936625e-17,0.0
449.9530810134501,0.0002424608694404985,4.925333983107013e-17,0.0
449.99218016890836,0.00018147487716067988,4.9233788414930754e-17,0.0
450.03127932436655,0.00010011838696874643,4.923367063332935e-17,0.0
450.0703784798248,0.0001426841566134863,4.918605186947049e-17,0.0
450.10947763528304,0.0002387659930317207,4.917402310700597e-17,0.0
450.1485767907413,0.00018422647168875192,4.914562065880139e-17,0.0
450.18767594619953,9.895066855386833e-05,4.9086799214950436e-17,0.0
450.2267751016578,0.00014666831501921292,4.91057417822776e-17,0.0
450.265874257116,0.00023298668415512437,4.906855001265304e-17,0.0
450.30497341257427,0.00018994339519601275,4.9042392108915943e-17,0.0
450.3440725680325,9.608608349349748e-05,4.903770118718709e-17,0.0
450.38317172349076,0.00014922665194581336,4.8974805303376504e-17,0.0
450.422270878949,0.00022750376793257015,4.8969700225734775e-17,0.0
450.46137003440725,0.00019612449373253144,4.8954370877033313e-17,0.0
450.5004691898655,9.330438054003178e-05,4.889388145333631e-17,0.0
450.53956834532374,0.0001494284289634885,4.8889527466872455e-17,0.0
450.578667500782,0.00022378394468902017,4.888789361330055e-17,0.0
450.61776665624024,0.0002010893741192783,4.8817044484680145e-17,0.0
450.6568658116984,9.180279917557552e-05,4.88217782935645e-17,0.0
450.69596496715667,0.0001477158091793535,4.881721095737487e-17,0.0
450.7350641226149,0.00022188490139568302,4.8737600472319317e-17,0.0
450.77416327807316,0.00020451287557233657,4.8772084437549745e-17,0.0
450.8132624335314,9.170625059155939e-05,4.8705514911428997e-17,0.0
450.85236158898965,0.00014512085931964175,4.8715946394377066e-17,0.0
450.8914607444479,0.00022095840768177082,4.8651826388628854e-17,0.0
450.93055989990614,0.00020700149744304743,4.86326497526371e-17,0.0
450.9696590553644,9.236568908499187e-05,4.860986635221664e-17,0.0
451.00875821082263,0.0001424007542658821,4.862125517845481e-17,0.0
451.0478573662809,0.0002202464832248791,4.856732419753037e-17,0.0
451.0869565217391,0.00020923805354097067,4.8531135719123113e-17,0.0
451.12605567719737,9.318165710450724e-05,4.8519167722055796e-17,0.0
451.1651548326556,0.00013956637091638575,4.8504437014797605e-17,0.0
451.20425398811386,0.00021973187575110719,4.845960772250221e-17,0.0
451.2433531435721,0.0002112972347107418,4.84397369059811e-17,0.0
451.2824522990303,9.422105866480151e-05,4.840048182307639e-17,0.0
451.32155145448854,0.00013607210927437698,4.840540017680046e-17,0.0
451.3606506099468,0.00022001898269970809,4.838021977797513e-17,0.0
451.39974976540503,0.0002125812400555132,4.8343737290853615e-17,0.0
451.4388489208633,9.618770460019421e-05,4.8323056762491117e-17,0.0
451.4779480763215,0.00013145938737942907,4.827153504785466e-17,0.0
451.51704723177977,0.00022162774827150613,4.8276677029899944e-17,0.0
451.556146387238,0.0002123617025271307,4.825180161761588e-17,0.0
451.59524554269626,9.978923500192031e-05,4.819322917616201e-17,0.0
451.6343446981545,0.00012595426272805267,4.8178298000807106e-17,0.0
451.67344385361275,0.00022429905811436357,4.816412019928151e-17,0.0
451.712543009071,0.00021048568737583212,4.8160662164704854e-17,0.0
451.75164216452924,0.00010499058458096448,4.8101301689982863e-17,0.0
451.7907413199875,0.00012062283175729986,4.8083695443069616e-17,0.0
451.82984047544574,0.00022689738591650564,4.8066327370530404e-17,0.0
451.868939630904,0.0002077548577146999,4.803263050430507e-17,0.0
451.9080387863622,0.00011081761811785098,4.802477586997527e-17,0.0
451.9471379418204,0.00011692323185050881,4.799551250429389e-17,0.0
451.98623709727866,0.00022798196649729613,4.796062984965318e-17,0.0
452.0253362527369,0.00020570361573244166,4.796529384711922e-17,0.0
452.06443540819515,0.00011585108312904134,4.792512208079677e-17,0.0
452.1035345636534,0.00011580264036253566,4.788066129498759e-17,0.0
452.14263371911164,0.00022659941665278662,4.791182539915467e-17,0.0
452.1817328745699,0.00020581130881036202,4.7795224699105264e-17,0.0
452.22083203002813,0.00011893994805275187,4.7860096554527147e-17,0.0
452.2599311854864,0.0001169728619476959,4.778408879080627e-17,0.0
452.2990303409446,0.00022280596126043789,4.778264286288163e-17,0.0
452.33812949640287,0.00020859436916598336,4.7736023276477935e-17,0.0
452.3772286518611,0.00011969794607759188,4.7738108399393564e-17,0.0
452.41632780731936,0.00011905759073482715,4.7707825438288666e-17,0.0
452.4554269627776,0.0002176815317881966,4.768284362760347e-17,0.0
452.49452611823585,0.000213270458509331,4.7641589679017594e-17,0.0
452.5336252736941,0.00011864728911849206,4.765562651230527e-17,0.0
452.5727244291523,0.0001204483340159816,4.7590783720192275e-17,0.0
452.61182358461053,0.0002128345482532505,4.7595573462137415e-17,0.0
452.6509227400688,0.0002182709167694761,4.756083805997817e-17,0.0
452.690021895527,0.000117002166576446,4.754776251691007e-17,0.0
452.72912105098527,0.00012009909400312953,4.750913663265294e-17,0.0
452.7682202064435,0.0002096073015169577,4.747071215491997e-17,0.0
452.80731936190176,0.0002221397406947329,4.746540384235291e-17,0.0
452.84641851736,0.00011612764024685821,4.745510635238371e-17,0.0
452.88551767281825,0.000117840830567591,4.737543889646464e-17,0.0
452.9246168282765,0.00020842079510259567,4.73991600838764e-17,0.0
452.96371598373474,0.00022418349448656997,4.735833606638777e-17,0.0
453.002815139193,0.00011687338984067851,4.732734132969256e-17,0.0
453.04191429465124,0.0001142555911426141,4.7306899547382614e-17,0.0
453.0810134501095,0.00020870352336413195,4.730111460000141e-17,0.0
453.1201126055677,0.000224600275591462,4.724484603532183e-17,0.0
453.159211761026,0.00011920527792706261,4.7229803219101126e-17,0.0
453.19831091648416,0.00011027735370571293,4.7228976703033504e-17,0.0
453.2374100719424,0.00020941601588357001,4.717741981255928e-17,0.0
453.27650922740065,0.00022416087709049184,4.718185238919405e-17,0.0
453.3156083828589,0.00012242363494762082,4.7121515278847613e-17,0.0
453.35470753831714,0.00010670775790648316,4.714888888144378e-17,0.0
453.3938066937754,0.00020971344434172898,4.7071311611714823e-17,0.0
453.43290584923363,0.00022368631933564255,4.707503166394659e-17,0.0
453.4720050046919,0.0001257337268949561,4.7043542345209694e-17,0.0
453.5111041601501,0.0001038789741314593,4.7033012813362234e-17,0.0
453.55020331560837,0.0002092973749173799,4.698760209796007e-17,0.0
453.5893024710666,0.00022362760996204719,4.6974413679737955e-17,0.0
453.62840162652486,0.00012868916961754297,4.6959494789977064e-17,0.0
453.6675007819831,0.00010164570392876751,4.691346987555206e-17,0.0
453.70659993744135,0.00020834893826169763,4.6917563957513135e-17,0.0
453.7456990928996,0.00022397039426540498,4.691179293011292e-17,0.0
453.78479824835784,0.00013127686344488086,4.6823280067035566e-17,0.0
453.82389740381603,9.965731035829508e-05,4.682414483580792e-17,0.0
453.8629965592743,0.0002072185198737678,4.682820250410494e-17,0.0
453.9020957147325,0.00022444681775979862,4.679648181687582e-17,0.0
453.94119487019077,0.00013372311827438216,4.6734041613477544e-17,0.0
453.980294025649,9.765442378001497e-05,4.6763690286405876e-17,0.0
454.01939318110726,0.0002061384893261858,4.6728545068415676e-17,0.0
454.0584923365655,0.00022482142764843546,4.664662715336531e-17,0.0
454.09759149202375,0.0001362387699827726,4.669721830163172e-17,0.0
454.136690647482,9.557910516721658e-05,4.662843156303434e-17,0.0
454.17578980294024,0.00020513965119750772,4.661886359133618e-17,0.0
454.2148889583985,0.00022502240412612947,4.658451059267243e-17,0.0
454.25398811385674,0.00013889737339998798,4.658538578931697e-17,0.0
454.293087269315,9.349210631242465e-05,4.6514682067205545e-17,0.0
454.3321864247732,0.00020415560549333188,4.654326148457209e-17,0.0
454.3712855802315,0.00022507768702917678,4.649873757204847e-17,0.0
454.4103847356897,0.0001416913234555822,4.6472310695734634e-17,0.0
454.4494838911479,9.144419824694863e-05,4.642032050780103e-17,0.0
454.48858304660615,0.00020314380231106736,4.645352350160076e-17,0.0
454.5276822020644,0.00022499838742030693,4.640544883739152e-17,0.0
454.56678135752264,0.00014464087694729202,4.637151494689392e-17,0.0
454.6058805129809,8.945594090696264e-05,4.6339882042611416e-17,0.0
454.64497966843913,0.0002020702147464794,4.6348586686149466e-17,0.0
454.6840788238974,0.0002247814534548838,4.629836323682781e-17,0.0
454.7231779793556,0.00014778940760579675,4.629778306144307e-17,0.0
454.76227713481387,8.763535009578905e-05,4.624741752524039e-17,0.0
454.8013762902721,0.00020077096841798325,4.625954246494412e-17,0.0
454.84047544573036,0.00022456369809214344,4.620147161994683e-17,0.0
454.8795746011886,0.00015104506132413597,4.6198147314810463e-17,0.0
454.91867375664685,8.630471867237246e-05,4.61737188699259e-17,0.0
454.9577729121051,0.00019886316629207323,4.616731067746665e-17,0.0
454.99687206756334,0.00022477015312830377,4.6094368853219026e-17,0.0
455.0359712230216,0.0001540122708609258,4.6114225897209425e-17,0.0
455.07507037847984,8.594475178118973e-05,4.608570945113513e-17,0.0
455.114169533938,0.0001958781485850314,4.605288300537494e-17,0.0
455.15326868939627,0.00022602923279308314,4.603533271556065e-17,0.0
455.1923678448545,0.0001560228555361976,4.600921846125218e-17,0.0
455.23146700031276,8.687670366438078e-05,4.5998581117735425e-17,0.0
455.270566155771,0.00019162226873758572,4.5938060707624125e-17,0.0
455.30966531122925,0.0002287716167425961,4.593790503764477e-17,0.0
455.3487644666875,0.00015645058789691594,4.5919866409166414e-17,0.0
455.38786362214574,8.887104161893982e-05,4.587323116838574e-17,0.0
455.426962777604,0.00018656927523581524,4.588468843051738e-17,0.0
455.46606193306224,0.00023273271866841103,4.5835165356552055e-17,0.0
455.5051610885205,0.0001551902989441744,4.583146288161538e-17,0.0
455.5442602439787,9.103803548642085e-05,4.5809743739372086e-17,0.0
455.583359399437,0.0001819795932140627,4.578634690084208e-17,0.0
455.6224585548952,0.00023677480458641852,4.576032052369354e-17,0.0
455.66155771035346,0.00015304846571603383,4.5711658284403556e-17,0.0
455.7006568658117,9.213485015942197e-05,4.571871626676826e-17,0.0
455.7397560212699,0.00017947396099338148,4.564362894307163e-17,0.0
455.77885517672814,0.00023926400625130212,4.57018851912699e-17,0.0
455.8179543321864,0.00015173057159378114,4.5599648092130477e-17,0.0
455.85705348764463,9.107830233693977e-05,4.56080934497914e-17,0.0
455.8961526431029,0.00018008092350736612,4.558144003118261e-17,0.0
455.9352517985611,0.00023883377135678905,4.555139466520561e-17,0.0
455.97435095401937,0.00015314942083082564,4.557987553605833e-17,0.0
456.0134501094776,8.741267718388462e-05,4.550203156479014e-17,0.0
456.05254926493586,0.00018335776252986874,4.5470291451893306e-17,0.0
456.0916484203941,0.00023515103215228738,4.551734391083464e-17,0.0
456.13074757585235,0.0001582085370852424,4.539809899361482e-17,0.0
456.1698467313106,8.163873407688284e-05,4.5461277650754346e-17,0.0
456.20894588676884,0.00018739309739909253,4.537381034173678e-17,0.0
456.2480450422271,0.0002293410470095437,4.5411674763405233e-17,0.0
456.28714419768534,0.00016598392073012628,4.533758361584655e-17,0.0
456.3262433531436,7.536356745330932e-05,4.535452814593031e-17,0.0
456.36534250860177,0.00018973933545638033,4.5281885972540294e-17,0.0
456.40444166406,0.0002237992346210816,4.5323936841374196e-17,0.0
456.44354081951826,0.00017412698003618288,4.524916870795426e-17,0.0
456.4826399749765,7.103952936858149e-05,4.525305392577844e-17,0.0
456.52173913043475,0.00018855724353717643,4.522862361447654e-17,0.0
456.560838285893,0.00022120803100191395,4.5201486323960594e-17,0.0
456.59993744135124,0.00018008738032262195,4.516967762593153e-17,0.0
456.6390365968095,7.079890836905513e-05,4.515289640004407e-17,0.0
456.67813575226774,0.00018338978511459476,4.511599373060032e-17,0.0
456.717234907726,0.0002230223408900448,4.512853888531337e-17,0.0
456.7563340631842,0.00018223412574009675,4.5072217622141115e-17,0.0
456.7954332186425,7.476416600542576e-05,4.504941201839491e-17,0.0
456.8345323741007,0.00017540790953358997,4.5035924339772616e-17,0.0
456.87363152955896,0.00022846838338108505,4.502262306107233e-17,0.0
456.9127306850172,0.00018046590078419118,4.4985983481328484e-17,0.0
456.95182984047545,8.088837360457947e-05,4.499337151449939e-17,0.0
456.99092899593364,0.0001670844508346128,4.4894137016385483e-17,0.0
457.0300281513919,0.00023500389390358412,4.4936109502779055e-17,0.0
457.06912730685013,0.00017628311859571496,4.491370464664162e-17,0.0
457.1082264623084,8.656017761324446e-05,4.4870139484502345e-17,0.0
457.1473256177666,0.00016120020912781865,4.484928165726728e-17,0.0
457.18642477322487,0.00023980503260807696,4.4817313381111184e-17,0.0
457.2255239286831,0.0001722724410316238,4.480360212283106e-17,0.0
457.26462308414136,8.99175743512021e-05,4.479135263051344e-17,0.0
457.3037222395996,0.00015937217962701987,4.4772324151343714e-17,0.0
457.34282139505785,0.00024110451483171625,4.473001432906092e-17,0.0
457.3819205505161,0.00017095464390370655,4.4746530057375495e-17,0.0
457.42101970597435,9.02502809389133e-05,4.4662235930108946e-17,0.0
457.4601188614326,0.00016108134450403444,4.468494002043299e-17,0.0
457.49921801689084,0.00023877737691209566,4.4658180988726645e-17,0.0
457.5383171723491,0.00017341643168136356,4.462912171824419e-17,0.0
457.5774163278073,8.795654100688025e-05,4.457673046802733e-17,0.0
457.6165154832656,0.00016418091222687275,4.463265698272062e-17,0.0
457.65561463872376,0.00023417666838254544,4.4527932717589385e-17,0.0
457.694713794182,0.0001787736532980496,4.455348920666435e-17,0.0
457.73381294964025,8.430027960418012e-05,4.451277256143806e-17,0.0
457.7729121050985,0.0001663602732540384,4.452338060834713e-17,0.0
457.81201126055674,0.00022939000154711196,4.44479683079038e-17,0.0
457.851110416015,0.0001849832147525776,4.4483073170574644e-17,0.0
457.89020957147324,8.094818879656832e-05,4.438971297037658e-17,0.0
457.9293087269315,0.0001662725577295083,4.443319876498305e-17,0.0
457.9684078823897,0.0002262035352819178,4.43679588187569e-17,0.0
458.007507037848,0.0001901687635566256,4.4351671408775745e-17,0.0
458.0466061933062,7.926938386822062e-05,4.434614652903501e-17,0.0
458.08570534876446,0.000163821377129753,4.4314217844336144e-17,0.0
458.1248045042227,0.00022529646712483303,4.426496102641939e-17,0.0
458.16390365968095,0.00019343256012936338,4.4282577997284837e-17,0.0
458.2030028151392,7.970182030768512e-05,4.4257635964503736e-17,0.0
458.24210197059745,0.00015980632819437838,4.421555837152422e-17,0.0
458.28120112605563,0.00022618692519875877,4.423987363597705e-17,0.0
458.3203002815139,0.0001948980350248312,4.4154253761220466e-17,0.0
458.3593994369721,8.174041582435268e-05,4.415775433271789e-17,0.0
458.39849859243037,0.00015527461325012283,4.415711457719285e-17,0.0
458.4375977478886,0.00022788748096394198,4.4114482783202554e-17,0.0
458.47669690334686,0.00019523424209290906,4.4101003857103395e-17,0.0
458.5157960588051,8.45681308741032e-05,4.408143931841059e-17,0.0
458.55489521426335,0.0001509492914775551,4.404214605753444e-17,0.0
458.5939943697216,0.0002296395780550875,4.4024352238679346e-17,0.0
458.63309352517985,0.00019506275635934147,4.401655972552135e-17,0.0
458.6721926806381,8.766248766740491e-05,4.39997725674602e-17,0.0
458.71129183609634,0.0001470661605882598,4.395081339225552e-17,0.0
458.7503909915546,0.00023116255171227375,4.3939151579246904e-17,0.0
458.7894901470128,0.00019465058115681068,4.3925299689788395e-17,0.0
458.8285893024711,9.08965049317304e-05,4.3904553793739584e-17,0.0
458.8676884579293,0.00014367450149839014,4.387111312429822e-17,0.0
458.9067876133875,0.00023236913032585136,4.385115021716077e-17,0.0
458.94588676884575,0.0001940811481537193,4.382585569773494e-17,0.0
458.984985924304,9.420933160190939e-05,4.381667364819628e-17,0.0
459.02408507976224,0.00014106014053041232,4.377808470375631e-17,0.0
459.0631842352205,0.00023292978751481924,4.379453293955535e-17,0.0
459.10228339067874,0.00019370119734820468,4.371963943665265e-17,0.0
459.141382546137,9.722270593287518e-05,4.3742410858699735e-17,0.0
459.1804817015952,0.0001398131786855656,4.367703432770255e-17,0.0
459.2195808570535,0.00023215493910988197,4.3693234021050226e-17,0.0
459.2586800125117,0.00019436587152482895,4.3656104084535044e-17,0.0
459.29777916796996,9.917041730721431e-05,4.3631741192440136e-17,0.0
459.3368783234282,0.00014035108052892482,4.361701705951807e-17,0.0
459.37597747888645,0.0002293858244251842,4.359314646533855e-17,0.0
459.4150766343447,0.00019709387835396106,4.354534106757231e-17,0.0
459.45417578980295,9.924236319778388e-05,4.357371846873999e-17,0.0
459.4932749452612,0.0001422551356723656,4.3509487432866985e-17,0.0
459.5323741007194,0.00022467245602461857,4.351414945300279e-17,0.0
459.5714732561776,0.00020222484102653686,4.346868154270766e-17,0.0
459.61057241163587,9.716633303683877e-05,4.347197430710944e-17,0.0
459.6496715670941,0.00014408682159021608,4.344896544431288e-17,0.0
459.68877072255236,0.00021926884278373397,4.340759934084527e-17,0.0
459.7278698780106,0.00020875760189838842,4.339103493927774e-17,0.0
459.76696903346885,9.37625277417744e-05,4.33589387663629e-17,0.0
459.8060681889271,0.00014394534556451386,4.3350604659446103e-17,0.0
459.84516734438535,0.00021544854506385495,4.333721733330279e-17,0.0
459.8842664998436,0.0002145467449959704,4.3304239242474607e-17,0.0
459.92336565530184,9.113659978588479e-05,4.326760862047646e-17,0.0
459.9624648107601,0.0001403881699946335,4.326136501612223e-17,0.0
460.0015639662183,0.0002153730326878657,4.3254959602844163e-17,0.0
460.0406631216766,0.0002172936496568445,4.3230352980202757e-17,0.0
460.0797622771348,9.193744188576058e-05,4.318876280366741e-17,0.0
460.11886143259306,0.0001332388780705555,4.3172372623130906e-17,0.0
460.15796058805125,0.00021950681238651668,4.316653625576289e-17,0.0
460.1970597435095,0.00021572229098023657,4.3139878904634296e-17,0.0
460.23615889896774,9.747237884111465e-05,4.3112087319201086e-17,0.0
460.275258054426,0.00012404720810649394,4.309521568151398e-17,0.0
460.31435720988424,0.00022592458076133455,4.3076791417165666e-17,0.0
460.3534563653425,0.00021042659068972326,4.304618954161884e-17,0.0
460.3925555208007,0.0001063621749631484,4.3055844070799414e-17,0.0
460.431654676259,0.00011596088550860093,4.29967316112508e-17,0.0
460.4707538317172,0.0002312598803529958,4.298793553302143e-17,0.0
460.50985298717546,0.00020406100413007352,4.2948990986340656e-17,0.0
460.5489521426337,0.0001154451794342756,4.2952714825787056e-17,0.0
460.58805129809195,0.00011244287691068638,4.2928997314085986e-17,0.0
460.6271504535502,0.00023246209765073845,4.2913676229560227e-17,0.0
460.66624960900845,0.00020047158678464854,4.286260484953754e-17,0.0
460.7053487644667,0.00012161303241304695,4.289663926627248e-17,0.0
460.74444791992494,0.00011479400006421592,4.282673649633224e-17,0.0
460.7835470753832,0.00022822083693549975,4.2835573856838e-17,0.0
460.82264623084137,0.00020257497129333636,4.278279985232208e-17,0.0
460.8617453862996,0.00012300330806087664,4.2787381586432454e-17,0.0
460.90084454175786,0.00012082265671133676,4.2746655844848856e-17,0.0
460.9399436972161,0.0002196399001699552,4.2730568673846766e-17,0.0
460.97904285267435,0.00021019105287365335,4.271535039585307e-17,0.0
461.0181420081326,0.00011955853777167595,4.269390672419486e-17,0.0
461.05724116359085,0.00012652929781025945,4.2681254126911775e-17,0.0
461.0963403190491,0.00021006057332621593,4.264196985527024e-17,0.0
461.13543947450734,0.00022002909092355246,4.2611568229177136e-17,0.0
461.1745386299656,0.00011325812627461421,4.265247432875913e-17,0.0
461.2136377854238,0.0001285575581928514,4.254697844081881e-17,0.0
461.2527369408821,0.0002037560080823949,4.258499368455338e-17,0.0
461.2918360963403,0.00022784314125778214,4.2537659782394876e-17,0.0
461.33093525179856,0.00010784396590393357,4.252630624125794e-17,0.0
461.3700344072568,0.00012540684223467222,4.250885160521177e-17,0.0
461.40913356271506,0.00020349652468029452,4.246025812556515e-17,0.0
461.44823271817324,0.0002306645155081315,4.2495798448352666e-17,0.0
461.4873318736315,0.00010725498375381037,4.2439112329030526e-17,0.0
461.52643102908974,0.00011769030363227361,4.240516009863697e-17,0.0
461.565530184548,0.00020854460531711166,4.2409957794572615e-17,0.0
461.6046293400062,0.00022796368347277507,4.2358247325462646e-17,0.0
461.6437284954645,0.00011277618549558903,4.238491072188244e-17,0.0
461.6828276509227,0.00010795530964721337,4.23349904550928e-17,0.0
461.72192680638096,0.0002152289658637554,4.231364986995872e-17,0.0
461.7610259618392,0.00022178124964750186,4.231974638869168e-17,0.0
461.80012511729745,0.0001219050784328665,4.226775723196124e-17,0.0
461.8392242727557,9.994791671493504e-05,4.223661399589544e-17,0.0
461.87832342821395,0.00021948263885771807,4.2247474945832935e-17,0.0
461.9174225836722,0.00021588032866317236,4.2232129473713607e-17,0.0
461.95652173913044,0.00013058038673321103,4.216201368381361e-17,0.0
461.9956208945887,9.676454633285183e-05,4.219423776690515e-17,0.0
462.03472005004693,0.00021899033473292916,4.214903665638843e-17,0.0
462.0738192055051,0.00021383685124650443,4.21195729034138e-17,0.0
462.11291836096336,0.00013575040783928214,4.2107067772005803e-17,0.0
462.1520175164216,9.851025502150251e-05,4.211133555771464e-17,0.0
462.19111667187985,0.00021401996340412565,4.204852448027964e-17,0.0
462.2302158273381,0.00021678501332043795,4.205405962058514e-17,0.0
462.26931498279635,0.0001364805312292384,4.202614266518612e-17,0.0
462.3084141382546,0.00010224650737612059,4.200972261909076e-17,0.0
462.34751329371284,0.00020713056771438893,4.1981811220578755e-17,0.0
462.3866124491711,0.00022269359584844073,4.1948526755137605e-17,0.0
462.4257116046293,0.00013408376170916483,4.195967725397997e-17,0.0
462.4648107600876,0.00010446726813439164,4.1920383803115925e-17,0.0
462.5039099155458,0.00020187112225325443,4.186491149205297e-17,0.0
462.54300907100406,0.0002279629610110894,4.1910535000660426e-17,0.0
462.5821082264623,0.00013156541625745878,4.1833118042872486e-17,0.0
462.62120738192056,0.00010311146446763252,4.184689283660323e-17,0.0
462.6603065373788,0.00020068692146822783,4.1820675588031774e-17,0.0
462.699405692837,0.00022975179470273845,4.1783948863852784e-17,0.0
462.73850484829524,0.00013211560898587145,4.1788256222219077e-17,0.0
462.7776040037535,9.817220622259311e-05,4.176260801761159e-17,0.0
462.8167031592117,0.00020324455502813618,4.171697148969251e-17,0.0
462.85580231467,0.0002274285130489289,4.175457776115629e-17,0.0
462.8949014701282,0.0001369662286108183,4.166993047813486e-17,0.0
462.93400062558646,9.158119700471139e-05,4.1675429084690605e-17,0.0
462.9730997810447,0.00020673212710847145,4.1652323752591966e-17,0.0
463.01219893650295,0.0002228200987110146,4.1668887781705167e-17,0.0
463.0512980919612,0.00014444623082679448,4.1596642348476233e-17,0.0
463.09039724741945,8.653848939711766e-05,4.161637907439481e-17,0.0
463.1294964028777,0.0002078122683532131,4.1561895595980255e-17,0.0
463.16859555833594,0.00021932968094773148,4.156279615288597e-17,0.0
463.2076947137942,0.0001512948647385696,4.152303195793763e-17,0.0
463.24679386925243,8.582852906351535e-05,4.1504980074622624e-17,0.0
463.2858930247107,0.00020449283067477126,4.14965941717751e-17,0.0
463.3249921801689,0.00022002857717006962,4.14695778406691e-17,0.0
463.3640913356271,0.0001546764807018616,4.146190135967516e-17,0.0
463.40319049108535,8.966521809857161e-05,4.141680366901076e-17,0.0
463.4422896465436,0.00019701698290733907,4.141139984598167e-17,0.0
463.48138880200185,0.00022561321344489568,4.1386861619534037e-17,0.0
463.5204879574601,0.0001534168385088608,4.13938132403789e-17,0.0
463.55958711291834,9.554841620655707e-05,4.132534298911326e-17,0.0
463.5986862683766,0.00018781221247146055,4.1352962995402836e-17,0.0
463.6377854238348,0.0002339163295552747,4.1320209855458025e-17,0.0
463.6768845792931,0.0001484059462725603,4.12415617725356e-17,0.0
463.7159837347513,0.00010030129354763047,4.132016076302804e-17,0.0
463.75508289020956,0.000180547022718107,4.1232646971160337e-17,0.0
463.7941820456678,0.00024138505571277648,4.122853606729917e-17,0.0
463.83328120112606,0.00014239634450823873,4.125750317866411e-17,0.0
463.8723803565843,0.00010169856587945735,4.1160837443679833e-17,0.0
463.91147951204255,0.00017827672829184594,4.118093289070831e-17,0.0
463.9505786675008,0.00024502859178212645,4.1157465771421563e-17,0.0
463.989677822959,0.00013903653949855042,4.1140377263169394e-17,0.0
464.0287769784172,9.892085860963376e-05,4.110927127065474e-17,0.0
464.0678761338755,0.00018152198480581274,4.112142953639768e-17,0.0
464.1069752893337,0.0002435806012520442,4.1054423831206803e-17,0.0
464.14607444479196,0.0001409768661096153,4.108586896285747e-17,0.0
464.1851736002502,9.246641359141927e-05,4.099471451882541e-17,0.0
464.22427275570845,0.00018803166807349677,4.1074405045586617e-17,0.0
464.2633719111667,0.0002377496303005443,4.096461552772155e-17,0.0
464.30247106662495,0.00014814431096234654,4.098427091687613e-17,0.0
464.3415702220832,8.391784810934195e-05,4.094064027787697e-17,0.0
464.38066937754144,0.00019445174974372516,4.094626059689743e-17,0.0
464.4197685329997,0.00022980721610451975,4.090021082452673e-17,0.0
464.45886768845793,0.00015803771481105085,4.089802837707635e-17,0.0
464.4979668439162,7.560494400441239e-05,4.089078902261095e-17,0.0
464.5370659993744,0.00019812208874568887,4.0842958481107854e-17,0.0
464.57616515483267,0.0002226748819539948,4.081914008380464e-17,0.0
464.61526431029085,0.00016759470277408474,4.0812184491783146e-17,0.0
464.6543634657491,6.995894692697975e-05,4.0762713638145545e-17,0.0
464.69346262120735,0.0001978777760049912,4.0789608571086836e-17,0.0
464.7325617766656,0.00021870778441504193,4.076881480554748e-17,0.0
464.77166093212384,0.0001746585373523061,4.075256736388406e-17,0.0
464.8107600875821,6.838244637282502e-05,4.0688404639866753e-17,0.0
464.8498592430403,0.00019401506114180228,4.072169188863348e-17,0.0
464.8889583984986,0.00021869847469106976,4.067020453435667e-17,0.0
464.9280575539568,0.00017842502927745244,4.06840648740442e-17,0.0
464.96715670941506,7.038811195274359e-05,4.061229187066054e-17,0.0
465.0062558648733,0.00018783752762119584,4.062072946220865e-17,0.0
465.04535502033156,0.00022176408575632037,4.0607785864313824e-17,0.0
465.0844541757898,0.00017926669080028357,4.0578634038440375e-17,0.0
465.12355333124805,7.41968035131432e-05,4.055890988701316e-17,0.0
465.1626524867063,0.0001810325059815303,4.056611652418435e-17,0.0
465.20175164216454,0.00022614811852040274,4.050049606743358e-17,0.0
465.2408507976227,0.00017829403025711087,4.052353247565163e-17,0.0
465.279949953081,7.807365213820253e-05,4.0498872682220717e-17,0.0
465.3190491085392,0.00017504188743988335,4.0468551902660683e-17,0.0
465.35814826399746,0.00023021846460566508,4.0438229033271713e-17,0.0
465.3972474194557,0.00017683076593597385,4.0419727518907386e-17,0.0
465.43634657491396,8.101767923312558e-05,4.0435934131314613e-17,0.0
465.4754457303722,0.0001706072331575998,4.0387725847588535e-17,0.0
465.51454488583045,0.0002330477922849838,4.036901151821446e-17,0.0
465.5536440412887,0.00017592737198093017,4.0361959209227305e-17,0.0
465.59274319674694,8.277679503973879e-05,4.032878357261795e-17,0.0
465.6318423522052,0.00016765358968613011,4.032010558318354e-17,0.0
465.67094150766343,0.00023450737902888167,4.030932639350384e-17,0.0
465.7100406631217,0.000176042590561449,4.027596222834491e-17,0.0
465.7491398185799,8.364061266230205e-05,4.025908744007346e-17,0.0
465.78823897403817,0.00016552771493874203,4.024105366060353e-17,0.0
465.8273381294964,0.00023506817018597426,4.0218618871299344e-17,0.0
465.8664372849546,0.000176987919570773,4.0179733108777173e-17,0.0
465.90553644041285,8.420926825414522e-05,4.0183997528377757e-17,0.0
465.9446355958711,0.00016342353470417818,4.0162383849089155e-17,0.0
465.98373475132934,0.00023547041866453215,4.0135970704021924e-17,0.0
466.0228339067876,0.0001781295847031444,4.010311164411227e-17,0.0
466.0619330622458,8.514621659222762e-05,4.0124082506309504e-17,0.0
466.1010322177041,0.00016079482272047575,4.0067972975276374e-17,0.0
466.1401313731623,0.00023634152239177658,4.0066890392566395e-17,0.0
466.17923052862056,0.0001787507074311999,4.007377715304702e-17,0.0
466.2183296840788,8.689487576674279e-05,3.995731625203985e-17,0.0
466.25742883953706,0.00015764542617734449,4.004734090703552e-17,0.0
466.2965279949953,0.00023783879465308184,3.995293344396314e-17,0.0
466.33562715045355,0.00017845731953131013,4.0004960344546054e-17,0.0
466.3747263059118,8.942119187190172e-05,3.995228557231374e-17,0.0
466.41382546137004,0.00015463265252870756,3.994582413704122e-17,0.0
466.4529246168283,0.0002394522379408434,3.9905729716474543e-17,0.0
466.49202377228653,0.00017751970416474342,3.991357527644447e-17,0.0
466.5311229277447,9.21245927929418e-05,3.987083963250195e-17,0.0
466.57022208320296,0.00015287794144522377,3.98791524149057e-17,0.0
466.6093212386612,0.00024010859235147026,3.9819047044360226e-17,0.0
466.64842039411946,0.00017699943119762855,3.983536417333001e-17,0.0
466.6875195495777,9.400048380806911e-05,3.978032700831835e-17,0.0
466.72661870503595,0.00015339854930737824,3.980618875609745e-17,0.0
466.7657178604942,0.00023860295738823407,3.972300523584379e-17,0.0
466.80481701595244,0.00017844993637145025,3.977319161473652e-17,0.0
466.8439161714107,9.399185776644387e-05,3.9737677441998095e-17,0.0
466.88301532686893,0.0001563467422438488,3.968125671919923e-17,0.0
466.9221144823272,0.00023422771112616934,3.96869808523274e-17,0.0
466.9612136377854,0.00018309529140390156,3.967208924672474e-17,0.0
467.00031279324367,9.1413390076867e-05,3.9671687786484264e-17,0.0
467.0394119487019,0.00016060036789095132,3.963347894358341e-17,0.0
467.07851110416016,0.00022737574895734965,3.9576162417934826e-17,0.0
467.1176102596184,0.00019087092253386242,3.961642310901881e-17,0.0
467.1567094150766,8.638296458143915e-05,3.9580729299992176e-17,0.0
467.19580857053484,0.00016409426468468475,3.954255091417534e-17,0.0
467.2349077259931,0.00021984211791029003,3.9532154666724207e-17,0.0
467.2740068814513,0.00020010306024135466,3.9537991289155476e-17,0.0
467.3131060369096,8.02223697142004e-05,3.951510223524296e-17,0.0
467.3522051923678,0.00016466221952664975,3.946595827755764e-17,0.0
467.39130434782606,0.0002144673963140975,3.950781188000057e-17,0.0
467.4304035032843,0.00020814647225658695,3.9419981727838576e-17,0.0
467.46950265874256,7.55997376786882e-05,3.944648173626218e-17,0.0
467.5086018142008,0.00016089994702902531,3.943012486706485e-17,0.0
467.54770096965905,0.0002138485092076596,3.940440875428113e-17,0.0
467.5868001251173,0.00021250286332473138,3.937569165152605e-17,0.0
467.62589928057554,7.562240588383765e-05,3.9367823066811774e-17,0.0
467.6649984360338,0.0001527882080972829,3.9322273232547935e-17,0.0
467.70409759149203,0.00021860062086700427,3.934570184032361e-17,0.0
467.7431967469503,0.0002118345509302257,3.92971623064976e-17,0.0
467.78229590240846,8.144828286114298e-05,3.930397936179384e-17,0.0
467.8213950578667,0.00014201025947472383,3.926165928605494e-17,0.0
467.86049421332496,0.0002266484290619059,3.92414243187419e-17,0.0
467.8995933687832,0.00020661825833985756,3.923371156905921e-17,0.0
467.93869252424145,9.100485927300006e-05,3.923594238549672e-17,0.0
467.9777916796997,0.00013179819345950512,3.915730128665125e-17,0.0
468.01689083515794,0.00023433025889151116,3.9192453610408213e-17,0.0
468.0559899906162,0.00019930238475123692,3.912849498422768e-17,0.0
468.09508914607443,0.0001007213279951319,3.9165272823128426e-17,0.0
468.1341883015327,0.00012581885822306028,3.9114892928322496e-17,0.0
468.1732874569909,0.0002382780142919759,3.911529911729757e-17,0.0
468.21238661244917,0.00019365941654644073,3.906932722629393e-17,0.0
468.2514857679074,0.000107575355983546,3.909004668233751e-17,0.0
468.29058492336566,0.00012590510947549372,3.904925202393415e-17,0.0
468.3296840788239,0.00023682876233637213,3.9024297833678167e-17,0.0
468.36878323428215,0.0001930154058121816,3.89904699309429e-17,0.0
468.40788238974034,0.00010994359981531839,3.900955266657871e-17,0.0
468.4469815451986,0.00013045295301133175,3.897544674342212e-17,0.0
468.4860807006568,0.00023063212374013794,3.895913209459472e-17,0.0
468.5251798561151,0.00019806590068812733,3.893346914022074e-17,0.0
468.5642790115733,0.00010786649456166456,3.893123665031723e-17,0.0
468.60337816703156,0.0001356477348155157,3.8890406823818725e-17,0.0
468.6424773224898,0.00022247113169849946,3.88829876313584e-17,0.0
468.68157647794806,0.0002063215065641748,3.887021776480866e-17,0.0
468.7206756334063,0.00010312034560715726,3.882430432394579e-17,0.0
468.75977478886455,0.00013798887510011793,3.884986452883746e-17,0.0
468.7988739443228,0.00021615410448756628,3.8787397247252994e-17,0.0
468.83797309978104,0.00021386751213618965,3.8798455699133466e-17,0.0
468.8770722552393,9.88943434303027e-05,3.8765268983113976e-17,0.0
468.91617141069753,0.00013579015598809958,3.8769500745309204e-17,0.0
468.9552705661558,0.00021449249035663032,3.870577619226144e-17,0.0
468.994369721614,0.0002176417321739127,3.875565688862858e-17,0.0
469.03346887707227,9.844959459331208e-05,3.868863256946212e-17,0.0
469.07256803253046,0.00012954849193159393,3.8695848168017375e-17,0.0
469.1116671879887,0.00021745882729670165,3.8651610874534333e-17,0.0
469.15076634344695,0.00021676413909643843,3.8692556327041883e-17,0.0
469.1898654989052,0.00010285570976370441,3.8601331135360184e-17,0.0
469.22896465436344,0.00012167569666028145,3.864365978575708e-17,0.0
469.2680638098217,0.00022226905108974735,3.859011669889633e-17,0.0
469.30716296527993,0.0002127811383344392,3.858635960607827e-17,0.0
469.3462621207382,0.00011009794615165771,3.8561481905691924e-17,0.0
469.3853612761964,0.00011554422943198069,3.8532600730928995e-17,0.0
469.42446043165467,0.00022536106077650057,3.859358908717684e-17,0.0
469.4635595871129,0.000208919984554183,3.848250530332166e-17,0.0
469.50265874257116,0.00011680687495547863,3.851638206377772e-17,0.0
469.5417578980294,0.00011361027153939621,3.847195269368724e-17,0.0
469.58085705348765,0.00022447080291258006,3.845825902521829e-17,0.0
469.6199562089459,0.00020834799820402836,3.844279002767379e-17,0.0
469.65905536440414,0.00012039255710368886,3.844480135689725e-17,0.0
469.6981545198623,0.00011558905231714186,3.839100318155222e-17,0.0
469.7372536753206,0.00021966429510626102,3.839459005805514e-17,0.0
469.7763528307788,0.00021211213396877437,3.8386106655565457e-17,0.0
469.81545198623706,0.00012008933953651389,3.837454491568758e-17,0.0
469.8545511416953,0.00011873499808117431,3.8315609346782915e-17,0.0
469.89365029715356,0.00021323373998917452,3.83140425112266e-17,0.0
469.9327494526118,0.00021841430772107575,3.8319378303519686e-17,0.0
469.97184860807005,0.00011717057141318068,3.830641660901247e-17,0.0
470.0109477635283,0.00011993616782185998,3.8246495251360804e-17,0.0
470.05004691898654,0.00020851952260674838,3.8258230210459316e-17,0.0
470.0891460744448,0.00022395940761185164,3.8239846631348436e-17,0.0
470.12824522990303,0.00011450514676384178,3.8205948396780385e-17,0.0
470.1673443853613,0.00011742942224723538,3.819670661954408e-17,0.0
470.2064435408195,0.00020789545451093877,3.819888460772821e-17,0.0
470.24554269627777,0.00022605219609518037,3.815824870992091e-17,0.0
470.284641851736,0.00011512863916489291,3.815005913973269e-17,0.0
470.3237410071942,0.00011141938574553489,3.810056347219504e-17,0.0
470.36284016265245,0.0002110983735882388,3.813840969960614e-17,0.0
470.4019393181107,0.0002239956797760406,3.8088056772916664e-17,0.0
470.44103847356894,0.00012011663261762709,3.813113103824385e-17,0.0
470.4801376290272,0.00010397033251611922,3.804649086304452e-17,0.0
470.51923678448543,0.00021543548776411234,3.80692450332585e-17,0.0
470.5583359399437,0.00021940698912879697,3.803606884068731e-17,0.0
470.5974350954019,0.00012770891447723716,3.8009208820436245e-17,0.0
470.63653425086017,9.822116206929363e-05,3.80114176765296e-17,0.0
470.6756334063184,0.00021764688433348315,3.796873247303165e-17,0.0
470.71473256177666,0.00021546015847908348,3.7955549040182224e-17,0.0
470.7538317172349,0.00013472955478766038,3.798065625545479e-17,0.0
470.79293087269315,9.663786209391395e-05,3.790706342502941e-17,0.0
470.8320300281514,0.000215769024439862,3.790636756429968e-17,0.0
470.87112918360964,0.00021512789033604172,3.792029534612065e-17,0.0
470.9102283390679,0.0001385753654199658,3.787871989185898e-17,0.0
470.9493274945261,9.910667262720466e-05,3.78477832432905e-17,0.0
470.9884266499843,0.0002100387309679275,3.785827449805465e-17,0.0
471.02752580544256,0.00021921404327627597,3.784224130560954e-17,0.0
471.0666249609008,0.0001383481137674051,3.779515314449161e-17,0.0
471.10572411635906,0.00010304049902940545,3.7821870063809985e-17,0.0
471.1448232718173,0.00020277937088759485,3.776169317150164e-17,0.0
471.18392242727555,0.00022578427554556646,3.773350874079399e-17,0.0
471.2230215827338,0.00013516126910300528,3.7785274725715744e-17,0.0
471.26212073819204,0.00010538074665822873,3.775152612613289e-17,0.0
471.3012198936503,0.00019731351998148955,3.7697194404370414e-17,0.0
471.34031904910853,0.00023153827689565795,3.771206791969549e-17,0.0
471.3794182045668,0.00013178046188242864,3.7658097584831133e-17,0.0
471.418517360025,0.0001042141784717645,3.768857389972908e-17,0.0
471.45761651548327,0.0001960783094595273,3.7604966494002723e-17,0.0
471.4967156709415,0.0002337806087004541,3.76917518997339e-17,0.0
471.53581482639976,0.00013137728440595998,3.754978508804769e-17,0.0
471.57491398185795,9.931079626906952e-05,3.761100023976666e-17,0.0
471.6140131373162,0.0001989956053806435,3.7591115701569515e-17,0.0
471.65311229277444,0.00023168589335253187,3.7559510939066976e-17,0.0
471.6922114482327,0.00013554849689947045,3.753286713115927e-17,0.0
471.73131060369093,9.208428817050819e-05,3.756712514020623e-17,0.0
471.7704097591492,0.00020357160891914416,3.7492730554969935e-17,0.0
471.8095089146074,0.00022658846315936422,3.749396173179736e-17,0.0
471.84860807006567,0.00014315207331275296,3.74812123778266e-17,0.0
471.8877072255239,8.520600694180856e-05,3.7464060077716874e-17,0.0
471.92680638098216,0.00020658803138674607,3.74742676920355e-17,0.0
471.9659055364404,0.00022139440138103746,3.73957652027443e-17,0.0
472.00500469189865,0.000151250478554174,3.7397806937579733e-17,0.0
472.0441038473569,8.157697814825405e-05,3.743618144384168e-17,0.0
472.08320300281514,0.00020581583295768938,3.7367549631454065e-17,0.0
472.1223021582734,0.0002191890465807828,3.7417120234229375e-17,0.0
472.16140131373163,0.00015697732667687765,3.733283563325378e-17,0.0
472.2005004691899,8.253471671621084e-05,3.7324258899651085e-17,0.0
472.23959962464806,0.00020085265343917187,3.73025334956749e-17,0.0
472.2786987801063,0.00022150537946479077,3.735415167643284e-17,0.0
472.31779793556456,0.00015876109332883193,3.729101074881382e-17,0.0
472.3568970910228,8.681345772380443e-05,3.722963366954007e-17,0.0
472.39599624648105,0.0001931464040121643,3.7311873483018295e-17,0.0
472.4350954019393,0.00022742712982402156,3.723334152210001e-17,0.0
472.47419455739754,0.0001567181905743592,3.721429859711649e-17,0.0
472.5132937128558,9.169958407762499e-05,3.724134116688661e-17,0.0
472.55239286831403,0.0001854062524197796,3.7188822423426495e-17,0.0
472.5914920237723,0.00023429637794141254,3.716376527009065e-17,0.0
472.6305911792305,0.00015252559818477145,3.7171422686529155e-17,0.0
472.66969033468877,9.478628374525968e-05,3.7155477658894894e-17,0.0
472.708789490147,0.000180462543529282,3.709481248452456e-17,0.0
472.74788864560526,0.0002392690090136572,3.712922222880297e-17,0.0
472.7869878010635,0.00014886035997857758,3.711009003346092e-17,0.0
472.82608695652175,9.474438839489467e-05,3.703341074154413e-17,0.0
472.86518611197994,0.00017985677492517285,3.709377607883084e-17,0.0
472.9042852674382,0.0002405240123573608,3.7040388908742496e-17,0.0
472.94338442289643,0.0001483280919982735,3.70191017612907e-17,0.0
472.9824835783547,9.136399287813123e-05,3.704697657177151e-17,0.0
473.0215827338129,0.00018302252098671156,3.6969937991789076e-17,0.0
473.06068188927117,0.00023774962397847148,3.7006007706800004e-17,0.0
473.0997810447294,0.00015214609443490386,3.699243067157074e-17,0.0
473.13888020018766,8.540619114545518e-05,3.692804232272685e-17,0.0
473.1779793556459,0.00018775137619544998,3.6936015816529836e-17,0.0
473.21707851110415,0.00023209965191383828,3.692516478609566e-17,0.0
473.2561776665624,0.00015950261917176912,3.688217689687794e-17,0.0
473.29527682202064,7.846704436740268e-05,3.6937290021416745e-17,0.0
473.3343759774789,0.0001914238205405796,3.686107314455671e-17,0.0
473.37347513293713,0.00022581411020731204,3.685904642387531e-17,0.0
473.4125742883954,0.00016815464664959333,3.6882642442003236e-17,0.0
473.4516734438536,7.278632278275062e-05,3.6798373729495704e-17,0.0
473.4907725993118,0.00019201685189972759,3.6818747680812704e-17,0.0
473.52987175477006,0.00022152959229802222,3.679310682244646e-17,0.0
473.5689709102283,0.00017557314854946116,3.6794405688892166e-17,0.0
473.60807006568655,7.063988902294298e-05,3.6777285933398156e-17,0.0
473.6471692211448,0.0001885822834116346,3.676549841365954e-17,0.0
473.68626837660304,0.00022128608968226233,3.673404705919577e-17,0.0
473.7253675320613,0.00017978659502081273,3.6709802695973326e-17,0.0
473.76446668751953,7.30810619080422e-05,3.6691404958254354e-17,0.0
473.8035658429778,0.00018141220985899275,3.6703621338246774e-17,0.0
473.842664998436,0.000225545693547604,3.666897737574214e-17,0.0
473.88176415389427,0.00017981539727431815,3.668016945256515e-17,0.0
473.9208633093525,7.909099285125094e-05,3.6609120291692755e-17,0.0
473.95996246481076,0.000172084329913792,3.664065307060485e-17,0.0
473.999061620269,0.00023285869274049635,3.6659009493958746e-17,0.0
474.03816077572725,0.00017593072376295704,3.6527617986907954e-17,0.0
474.0772599311855,8.630388411415736e-05,3.6591202571867755e-17,0.0
474.1163590866437,0.00016331448820160486,3.657775256151454e-17,0.0
474.15545824210193,0.00024046060455934303,3.655952641475214e-17,0.0
474.1945573975602,0.00016983928016269846,3.651722553460736e-17,0.0
474.2336565530184,9.226082809724296e-05,3.6528663808456034e-17,0.0
474.27275570847667,0.00015823957030391877,3.652575084701196e-17,0.0
474.3118548639349,0.0002453657008468792,3.6439601528784884e-17,0.0
474.35095401939316,0.00016458739080848754,3.647375117238866e-17,0.0
474.3900531748514,9.507168762744488e-05,3.647961194630823e-17,0.0
474.42915233030965,0.0001588563827812492,3.6456796503969346e-17,0.0
474.4682514857679,0.0002454036219349744,3.640195694814371e-17,0.0
474.50735064122614,0.00016365094384118774,3.6412338032694443e-17,0.0
474.5464497966844,9.366206159335699e-05,3.638150103513185e-17,0.0
474.58554895214263,0.00016449639176704925,3.639604335015858e-17,0.0
474.6246481076009,0.00023999805412685166,3.633629726830669e-17,0.0
474.6637472630591,0.00016898955037581977,3.638407411215649e-17,0.0
474.70284641851737,8.798504710929538e-05,3.633013666852293e-17,0.0
474.7419455739756,0.0001719823365729977,3.6292013542696705e-17,0.0
474.7810447294338,0.00023065778159685665,3.635799914385859e-17,0.0
474.82014388489205,0.00017943478155631057,3.628841776981729e-17,0.0
474.8592430403503,7.9361744455646e-05,3.626383465051426e-17,0.0
474.89834219580854,0.00017733671075893814,3.629853246147469e-17,0.0
474.9374413512668,0.00022097842521689415,3.6226081389650526e-17,0.0
474.97654050672503,0.00019123163519837059,3.6260420279166634e-17,0.0
475.0156396621833,7.093309700722569e-05,3.619769248455679e-17,0.0
475.0547388176415,0.00017745775824600942,3.6205116712479855e-17,0.0
475.09383797309977,0.00021559547336550888,3.6223259588778315e-17,0.0
475.132937128558,0.00020006950030404923,3.6140459469753156e-17,0.0
475.17203628401626,6.742736094688702e-05,3.614995382866966e-17,0.0
475.2111354394745,0.00017109550824152275,3.6183792988509694e-17,0.0
475.25023459493275,0.00021770816799680922,3.610279627039609e-17,0.0
475.289333750391,0.00020283604640725954,3.6155660749829945e-17,0.0
475.32843290584924,7.20871245428629e-05,3.6066624867620867e-17,0.0
475.3675320613075,0.00015935758301897319,3.6056718012442996e-17,0.0
475.4066312167657,0.00022661676749856084,3.6121579573165916e-17,0.0
475.4457303722239,0.00019863141434456986,3.604238394140307e-17,0.0
475.48482952768217,8.296470565858534e-05,3.599293834509071e-17,0.0
475.5239286831404,0.0001459013591448388,3.60727585399266e-17,0.0
475.56302783859866,0.0002379382377657056,3.594605041461482e-17,0.0
475.6021269940569,0.00018930568567124303,3.6026281156504644e-17,0.0
475.64122614951515,9.506149997650635e-05,3.600569873091493e-17,0.0
475.6803253049734,0.00013630282557548993,3.597319896563891e-17,0.0
475.71942446043164,0.0002462579362747725,3.5932126052104984e-17,0.0
475.7585236158899,0.00017946565904657414,3.5962603198792055e-17,0.0
475.79762277134813,0.0001040214199932169,3.591367497287056e-17,0.0
475.8367219268064,0.00013529903252041694,3.5922178829756126e-17,0.0
475.8758210822646,0.0002476460401102438,3.589880446196196e-17,0.0
475.91492023772287,0.00017511388323108215,3.589033038564815e-17,0.0
475.9540193931811,0.00010719185110141842,3.584847349322465e-17,0.0
475.99311854863936,0.00014276144903562486,3.585595435380726e-17,0.0
476.03221770409755,0.00024098292511984834,3.584042369148383e-17,0.0
476.0713168595558,0.00018008785545360178,3.5831521784537996e-17,0.0
476.11041601501404,0.00010369100200010097,3.5826758462317754e-17,0.0
476.1495151704723,0.00015361311815272752,3.576508553251126e-17,0.0
476.18861432593053,0.00022841151915891562,3.580395719654979e-17,0.0
476.2277134813888,0.0001928073137845533,3.575161978424846e-17,0.0
476.266812636847,9.455423382890336e-05,3.57328758113418e-17,0.0
476.30591179230527,0.00016185915280406414,3.576537923276604e-17,0.0
476.3450109477635,0.0002150353111928253,3.571465678395585e-17,0.0
476.38411010322176,0.0002075557744534476,3.5715861530255456e-17,0.0
476.42320925868,8.312351922175282e-05,3.5696942441511654e-17,0.0
476.46230841413825,0.00016349172166602914,3.569030728581946e-17,0.0
476.5014075695965,0.00020721163272387064,3.5642905376662e-17,0.0
476.54050672505474,0.00021839784756623083,3.566672297189817e-17,0.0
476.579605880513,7.524110713297497e-05,3.5637612044972054e-17,0.0
476.61870503597123,0.00015726832586277005,3.561981248429944e-17,0.0
476.6578041914294,0.00020891016713060897,3.562336619166245e-17,0.0
476.69690334688767,0.0002217050317990174,3.5568132112520775e-17,0.0
476.7360025023459,7.669807905922078e-05,3.560545259669394e-17,0.0
476.77510165780416,0.00014471504210260988,3.554623375075052e-17,0.0
476.8142008132624,0.00021861029885522182,3.557976019164699e-17,0.0
476.85329996872065,0.0002169811539726245,3.553159077867523e-17,0.0
476.8923991241789,8.724675685327963e-05,3.553739506399029e-17,0.0
476.93149827963714,0.00012992137803478083,3.550704993160307e-17,0.0
476.9705974350954,0.00023060127145731876,3.551299170957418e-17,0.0
477.00969659055363,0.00020688466284604672,3.5454742651662125e-17,0.0
477.0487957460119,0.00010104024040099888,3.5510694893934595e-17,0.0
477.0878949014701,0.00011870497051262042,3.5428666973734456e-17,0.0
477.12699405692837,0.00023897152467202264,3.545937632842034e-17,0.0
477.1660932123866,0.00019656705743138308,3.5351612150351736e-17,0.0
477.20519236784486,0.00011248231106304046,3.550064612021716e-17,0.0
477.2442915233031,0.00011583408578187454,3.535860971751893e-17,0.0
477.2833906787613,0.00024026681506296614,3.540885753032505e-17,0.0
477.32248983421954,0.00019170275472465325,3.5347064881737075e-17,0.0
477.3615889896778,0.00011840403079288178,3.5325196050992896e-17,0.0
477.40068814513603,0.00012110411780625901,3.538532998374202e-17,0.0
477.4397873005943,0.00023423693595354793,3.536439621768343e-17,0.0
477.4788864560525,0.00019516087699440935,3.5322453684493264e-17,0.0
477.51798561151077,0.00011795926185301444,3.530425652845738e-17,0.0
477.557084766969,0.00012964604668547444,3.5308312795978956e-17,0.0
477.59618392242726,0.00022355294698801677,3.526698079799869e-17,0.0
477.6352830778855,0.00020499877185470734,3.5276541539022406e-17,0.0
477.67438223334375,0.00011236299969868936,3.529451408792292e-17,0.0
477.713481388802,0.0001362148517297727,3.521988364614449e-17,0.0
477.75258054426024,0.00021278726826220708,3.522069012512158e-17,0.0
477.7916796997185,0.00021630744333554975,3.521484374946904e-17,0.0
477.83077885517673,0.00010464474816706419,3.52268633412353e-17,0.0
477.869878010635,0.0001377696262467398,3.519121606231868e-17,0.0
477.9089771660932,0.00020647310894009887,3.5180401585740724e-17,0.0
477.9480763215514,0.00022455108253694023,3.5193752031032516e-17,0.0
477.98717547700966,9.895336198018809e-05,3.50933386571391e-17,0.0
478.0262746324679,0.00013373109008527704,3.516844513517533e-17,0.0
478.06537378792615,0.00020666926575180477,3.5124467631575473e-17,0.0
478.1044729433844,0.00022741608832036614,3.5083440182918803e-17,0.0
478.14357209884264,9.869212874223864e-05,3.5094596236819963e-17,0.0
478.1826712543009,0.00012548039607237992,3.5069470464342516e-17,0.0
478.22177040975913,0.00021190158671988192,3.507424491065464e-17,0.0
478.2608695652174,0.0002250598316589643,3.503693917812443e-17,0.0
478.2999687206756,0.00010419734121919546,3.5047981747841554e-17,0.0
478.33906787613387,0.00011565893751983695,3.501558496716238e-17,0.0
478.3781670315921,0.00021865457894494394,3.5005009476407995e-17,0.0
478.41726618705036,0.00021950680684811117,3.5022535152331444e-17,0.0
478.4563653425086,0.00011286091813806465,3.494794616549015e-17,0.0
478.49546449796685,0.00010722845772419112,3.500804513498652e-17,0.0
478.5345636534251,0.00022372879192595133,3.49187516202098e-17,0.0
478.5736628088833,0.00021358044203065256,3.4962246939275574e-17,0.0
478.61276196434153,0.00012156870030508507,3.4943232160685667e-17,0.0
478.6518611197998,0.00010227245234151544,3.492767363835191e-17,0.0
478.690960275258,0.00022550639109806964,3.4899040270443154e-17,0.0
478.73005943071627,0.00020966385034806964,3.48985469642875e-17,0.0
478.7691585861745,0.00012836909436731198,3.490153798730078e-17,0.0
478.80825774163276,0.00010111125271273662,3.486181529744109e-17,0.0
478.847356897091,0.00022393920742767103,3.485520950985972e-17,0.0
478.88645605254925,0.00020882927724826528,3.4855523276364005e-17,0.0
478.9255552080075,0.0001326518525936899,3.4823552968123896e-17,0.0
478.96465436346574,0.0001026136615401381,3.4818979576261396e-17,0.0
479.003753518924,0.0002198716227284444,3.479272626721832e-17,0.0
479.04285267438223,0.00021086163095002748,3.479367415712761e-17,0.0
479.0819518298405,0.00013463515470007027,3.4780161404712673e-17,0.0
479.1210509852987,0.00010537751200741433,3.4764288382580115e-17,0.0
479.16015014075697,0.00021427569897291234,3.476605592520029e-17,0.0
479.19924929621516,0.00021500320136646592,3.471843394045712e-17,0.0
479.2383484516734,0.00013473353403174447,3.475491375900393e-17,0.0
479.27744760713165,0.00010849470426752327,3.471524242755133e-17,0.0
479.3165467625899,0.00020784037709085167,3.46813161831737e-17,0.0
479.35564591804814,0.00022061045378485544,3.472271216553655e-17,0.0
479.3947450735064,0.00013315941566417248,3.4683436556244044e-17,0.0
479.43384422896463,0.00011145756075250484,3.465528338785077e-17,0.0
479.4729433844229,0.00020111711193935436,3.4653428924640245e-17,0.0
479.5120425398811,0.0002271753791866898,3.462425790498953e-17,0.0
479.55114169533937,0.00012998557552078527,3.464715808915916e-17,0.0
479.5902408507976,0.00011369014173536176,3.4612917237859335e-17,0.0
479.62934000625586,0.00019502033347079317,3.4601051531571537e-17,0.0
479.6684391617141,0.0002338915248538143,3.462786585849942e-17,0.0
479.70753831717235,0.0001256441897527536,3.456591368398588e-17,0.0
479.7466374726306,0.0001142751212931246,3.458836008575248e-17,0.0
479.78573662808884,0.00019113169253462035,3.4529853704203197e-17,0.0
479.82483578354703,0.00023934281590159238,3.455488146173641e-17,0.0
479.8639349390053,0.00012153724892052999,3.4598725762891585e-17,0.0
479.9030340944635,0.00011210193918545486,3.449434755950835e-17,0.0
479.94213324992177,0.0001912432670703178,3.451098390113926e-17,0.0
479.98123240538,0.0002417180707570594,3.450639964032822e-17,0.0
480.02033156083826,0.00012016384335813705,3.4507589959309736e-17,0.0
480.0594307162965,0.00010631283088666163,3.4477448972396904e-17,0.0
480.09852987175475,0.0001961372857648668,3.4430828576601413e-17,0.0
480.137629027213,0.0002395030237902488,3.446438790840337e-17,0.0
480.17672818267124,0.00012406353983957432,3.4415766543085903e-17,0.0
480.2158273381295,9.682888271620642e-05,3.444550433813564e-17,0.0
480.25492649358773,0.00020457063766943047,3.437108899039971e-17,0.0
480.294025649046,0.0002323296392768449,3.4411967918040645e-17,0.0
480.3331248045042,0.00013384891575788955,3.4370155276189134e-17,0.0
480.37222395996247,8.487028625900847e-05,3.43750564849347e-17,0.0
480.4113231154207,0.00021351232549186465,3.4378054058006e-17,0.0
480.4504222708789,0.00022166655829483062,3.4300095353666576e-17,0.0
480.48952142633715,0.00014735725155480436,3.435474556241741e-17,0.0
480.5286205817954,7.348982834487795e-05,3.4311736636267423e-17,0.0
480.56771973725364,0.00021939193049592439,3.4290917347288916e-17,0.0
480.6068188927119,0.00021103683906265915,3.427375737723362e-17,0.0
480.64591804817013,0.00016085111982537718,3.428206936801229e-17,0.0
480.6850172036284,6.755022318164572e-05,3.432314297788753e-17,0.0
480.7241163590866,0.00021937692923155644,3.4224609955438295e-17,0.0
480.76321551454487,0.00020521798283328218,3.4250095117450786e-17,0.0
480.8023146700031,0.0001706706707996197,3.4239823531167474e-17,0.0
480.84141382546136,7.08264285891935e-05,3.4270081125427755e-17,0.0
480.8805129809196,0.000212201461970749,3.418685750989226e-17,0.0
480.91961213637785,0.0002079216395424877,3.425254774941052e-17,0.0
480.9587112918361,0.0001742138064754117,3.4153827803751544e-17,0.0
480.99781044729434,8.165791027257568e-05,3.4217500743676294e-17,0.0
481.0369096027526,0.000198617576417472,3.416647846252933e-17,0.0
481.07600875821083,0.00021914489365793135,3.418785002340386e-17,0.0
481.115107913669,0.00017039376496427256,3.4119893551198807e-17,0.0
481.15420706912727,9.493745842517002e-05,3.415660641401747e-17,0.0
481.1933062245855,0.00018163446777558936,3.413549278991312e-17,0.0
481.23240538004376,0.00023500396095957695,3.4075128308846874e-17,0.0
481.271504535502,0.0001599300036992039,3.414053650860599e-17,0.0
481.31060369096025,0.0001062835203690285,3.40519052869463e-17,0.0
481.3497028464185,0.000166443965704296,3.40786464724505e-17,0.0
481.38880200187674,0.00025010351612258255,3.408029284923518e-17,0.0
481.427901157335,0.00014567541481366462,3.4019935250520236e-17,0.0
481.46700031279323,0.0001129522065837718,3.4034736461792253e-17,0.0
481.5060994682515,0.00015917806071778166,3.4044928807418055e-17,0.0
481.5451986237097,0.0002597746031108986,3.4005350502866905e-17,0.0
481.58429777916797,0.0001329061594739705,3.403890597915618e-17,0.0
481.6233969346262,0.00011347659487849338,3.394138658718513e-17,0.0
481.66249609008446,0.000163466331525657,3.403786571206038e-17,0.0
481.7015952455427,0.00026107581885013884,3.395138203355598e-17,0.0
481.7406944010009,0.000128458476040493,3.395329287169208e-17,0.0
481.77979355645914,0.00010734758976609927,3.3970599562279046e-17,0.0
481.8188927119174,0.00017737522773818884,3.397487909163355e-17,0.0
481.85799186737563,0.0002530737919090677,3.391503586817227e-17,0.0
481.8970910228339,0.00013668338630023843,3.393182939268015e-17,0.0
481.9361901782921,9.48596733263616e-05,3.3925887699051126e-17,0.0
481.97528933375037,0.00019507926272456348,3.388606079011119e-17,0.0
482.0143884892086,0.00023697076387121758,3.392870832867322e-17,0.0
482.05348764466686,0.0001554133093966354,3.387547490041116e-17,0.0
482.0925868001251,7.714123300323847e-05,3.3870455683449226e-17,0.0
482.13168595558335,0.00021057418842250803,3.387356651613326e-17,0.0
482.1707851110416,0.00021633935418519443,3.3840526886694767e-17,0.0
482.20988426649984,0.00017832436145994444,3.384553687711779e-17,0.0
482.2489834219581,5.667749707421863e-05,3.382329471724651e-17,0.0
482.28808257741633,0.0002194299054153999,3.380494386046552e-17,0.0
482.3271817328746,0.00019735335118871894,3.3795045745462604e-17,0.0
482.36628088833277,0.00019925093175344934,3.3756640181903036e-17,0.0
482.405380043791,3.982339304086982e-05,3.381225005102992e-17,0.0
482.44447919924926,0.00021901163015873137,3.3768798574696e-17,0.0
482.4835783547075,0.0001879089713543519,3.371604897408684e-17,0.0
482.52267751016575,0.00021366560571763722,3.3734454208223453e-17,0.0
482.561776665624,4.042182009196669e-05,3.371167921279895e-17,0.0
482.60087582108224,0.0002083936729013987,3.3721501182343255e-17,0.0
482.6399749765405,0.00019361354706861288,3.370737796589442e-17,0.0
482.67907413199873,0.0002187065168756928,3.3641130801435277e-17,0.0
482.718173287457,5.926095988203322e-05,3.370906522852973e-17,0.0
482.7572724429152,0.0001884095655898676,3.367465649427318e-17,0.0
482.79637159837347,0.00021295709395411115,3.364547706808254e-17,0.0
482.8354707538317,0.00021313044243313786,3.363833754384068e-17,0.0
482.87456990928996,8.301615161580938e-05,3.3643422820591516e-17,0.0
482.9136690647482,0.00016198551630233136,3.3621181563240785e-17,0.0
482.95276822020645,0.00023862606042664722,3.359839800316757e-17,0.0
482.99186737566464,0.00019747888079680077,3.36101873280006e-17,0.0
483.0309665311229,0.00010493078265645283,3.3587260276011776e-17,0.0
483.07006568658113,0.00013494071561618798,3.359910091265673e-17,0.0
483.1091648420394,0.0002626178562566663,3.3557504815576815e-17,0.0
483.1482639974976,0.00017450578391781888,3.356178511210953e-17,0.0
483.18736315295587,0.00012186716186890979,3.3605627254573426e-17,0.0
483.2264623084141,0.00011680728369919724,3.3531560710182854e-17,0.0
483.26556146387236,0.0002789613181857576,3.3558454663385414e-17,0.0
483.3046606193306,0.00014995318845074866,3.351773811892455e-17,0.0
483.34375977478885,0.00013199564951448876,3.352544111507565e-17,0.0
483.3828589302471,0.00011707775146229673,3.3529748723386294e-17,0.0
483.42195808570534,0.00028422354943754966,3.3521958230816476e-17,0.0
483.4610572411636,0.00013312051492221473,3.3461580026009734e-17,0.0
483.50015639662183,0.00013435737990356197,3.347006108395185e-17,0.0
483.5392555520801,0.0001344954030577841,3.3495794652761137e-17,0.0
483.5783547075383,0.0002774743943002224,3.34467788620664e-17,0.0
483.61745386299657,0.00013339949072321624,3.3433422062409897e-17,0.0
483.65655301845476,0.00012883383513404183,3.345867856540376e-17,0.0
483.695652173913,0.00015854181783084363,3.3395929485544765e-17,0.0
483.73475132937125,0.00026022997250918766,3.345028379350144e-17,0.0
483.7738504848295,0.0001509518476679218,3.3353164963618406e-17,0.0
483.81294964028774,0.00011617862498773146,3.340624253310772e-17,0.0
483.852048795746,0.00018018376258533325,3.337778618779266e-17,0.0
483.89114795120423,0.00023637804150867397,3.3386987142493734e-17,0.0
483.9302471066625,0.000176687077199834,3.336341287397737e-17,0.0
483.9693462621207,9.805751980688546e-05,3.337271825006377e-17,0.0
484.00844541757897,0.0001944923696251366,3.3320918724790236e-17,0.0
484.0475445730372,0.0002119118481758835,3.334926617536861e-17,0.0
484.08664372849546,0.0002016260965281168,3.334410882704153e-17,0.0
484.1257428839537,7.720264218965913e-05,3.328305462833526e-17,0.0
484.16484203941195,0.00019956287592007323,3.3314120143776263e-17,0.0
484.2039411948702,0.00019389867700045328,3.332426994946879e-17,0.0
484.24304035032844,0.00022045553348819043,3.3302035181895274e-17,0.0
484.28213950578663,5.805726750289745e-05,3.3230361301628866e-17,0.0
484.3212386612449,0.00019558618508829875,3.3308266485417193e-17,0.0
484.3603378167031,0.0001877274368903272,3.326191748011027e-17,0.0
484.39943697216137,0.0002309600268027179,3.323266489181827e-17,0.0
484.4385361276196,4.7912967032111287e-05,3.3242767684388526e-17,0.0
484.47763528307786,0.00018420887737497153,3.3213480260638013e-17,0.0
484.5167344385361,0.0001937075841971646,3.3222611120781316e-17,0.0
484.55583359399435,0.0002330955814758834,3.320352630065861e-17,0.0
484.5949327494526,5.2403676208094123e-05,3.3185484281055876e-17,0.0
484.63403190491084,0.0001679639190153817,3.318878099985379e-17,0.0
484.6731310603691,0.00020734516073164604,3.3174948376642285e-17,0.0
484.71223021582733,0.00022822116085785326,3.315275594675753e-17,0.0
484.7513293712856,6.637411141322149e-05,3.3137090664674256e-17,0.0
484.7904285267438,0.00014974383884127908,3.3169005273051906e-17,0.0
484.82952768220207,0.0002232118209196898,3.3128790732344196e-17,0.0
484.8686268376603,0.00021841181889938814,3.31321424861354e-17,0.0
484.9077259931185,8.255794162206335e-05,3.30857925033773e-17,0.0
484.94682514857675,0.00013242015965110512,3.312589683846403e-17,0.0
484.985924304035,0.00023751562742099826,3.306160757215568e-17,0.0
485.02502345949324,0.0002059291659405727,3.3116095197963784e-17,0.0
485.0641226149515,9.762126469004159e-05,3.3074000793179797e-17,0.0
485.10322177040973,0.00011870638107319725,3.309684080241623e-17,0.0
485.142320925868,0.00024820325650825594,3.303096194160697e-17,0.0
485.1814200813262,0.0001930339698966975,3.310782535168425e-17,0.0
485.22051923678447,0.00011028070664532985,3.2999988974520564e-17,0.0
485.2596183922427,0.00011107523498713566,3.3053324227349504e-17,0.0
485.29871754770096,0.0002541577769982643,3.306296229300213e-17,0.0
485.3378167031592,0.00018219237808420497,3.299347372701059e-17,0.0
485.37691585861745,0.00011978571911937358,3.3055233224331704e-17,0.0
485.4160150140757,0.0001111247867165336,3.293776564035959e-17,0.0
485.45511416953394,0.00025458123713881003,3.304290784415259e-17,0.0
485.4942133249922,0.00017627708139671174,3.296299111840284e-17,0.0
485.5333124804504,0.0001253286428142082,3.294966907486596e-17,0.0
485.5724116359086,0.00011839041542539665,3.2974835513524575e-17,0.0
485.61151079136687,0.00024894241924154804,3.2943221044095574e-17,0.0
485.6506099468251,0.00017791345684019456,3.2922964490604715e-17,0.0
485.68970910228336,0.00012601291094578254,3.2968216797762915e-17,0.0
485.7288082577416,0.00013008249636927346,3.2886680282886836e-17,0.0
485.76790741319985,0.00023747622743672088,3.293749175193709e-17,0.0
485.8070065686581,0.00018775246258019478,3.290747176630132e-17,0.0
485.84610572411634,0.00012120459395865808,3.2879491700771247e-17,0.0
485.8852048795746,0.00014225635046923997,3.287580167720274e-17,0.0
485.92430403503283,0.00022198244591995902,3.2929151484853276e-17,0.0
485.9634031904911,0.0002033186192175384,3.283729628174009e-17,0.0
486.0025023459493,0.00011114711788999449,3.284049986971263e-17,0.0
486.04160150140757,0.00015109577242844707,3.2866637656400537e-17,0.0
486.0807006568658,0.00020646424866504066,3.2853466879527666e-17,0.0
486.11979981232406,0.000219908145036728,3.281059144405844e-17,0.0
486.15889896778225,9.781157723159958e-05,3.28034781391027e-17,0.0
486.1979981232405,0.00015367891999476733,3.286481265927008e-17,0.0
486.23709727869874,0.00019668629609536468,3.277129864518793e-17,0.0
486.276196434157,0.0002325094166233772,3.285106521071144e-17,0.0
486.31529558961523,8.593499248830409e-05,3.2745079601171476e-17,0.0
486.3543947450735,0.00014845916053154697,3.2772136980388635e-17,0.0
486.3934939005317,0.00019739354335931682,3.280796130519976e-17,0.0
486.43259305598997,0.00023734584504900242,3.278551465619619e-17,0.0
486.4716922114482,8.271638357446491e-05,3.277615480074145e-17,0.0
486.51079136690646,0.00013568029336180623,3.272302004438532e-17,0.0
486.5498905223647,0.0002083598330114935,3.273776191760859e-17,0.0
486.58898967782295,0.00023286014995236142,3.276091704791247e-17,0.0
486.6280888332812,9.206351982825546e-05,3.275023216576249e-17,0.0
486.66718798873944,0.00011785148329370399,3.2695223530245104e-17,0.0
486.7062871441977,0.00022405318298324676,3.2748684818617365e-17,0.0
486.74538629965593,0.00022039330747880705,3.2664521916388435e-17,0.0
486.7844854551142,0.00010945773145767041,3.272673244917175e-17,0.0
486.82358461057237,0.00010034763639570556,3.267848263148543e-17,0.0
486.8626837660306,0.00023736593230785019,3.2645784133732524e-17,0.0
486.90178292148886,0.00020457872307342036,3.26957088542928e-17,0.0
486.9408820769471,0.00012735104320388445,3.264249988607785e-17,0.0
486.97998123240535,9.107256393474505e-05,3.2669426300302617e-17,0.0
487.0190803878636,0.00024289563007875225,3.26238233994031e-17,0.0
487.05817954332184,0.00019278594027645246,3.262835063342753e-17,0.0
487.0972786987801,0.00014010833264649434,3.262530785339733e-17,0.0
487.13637785423833,9.518900778460397e-05,3.2587755331949237e-17,0.0
487.1754770096966,0.000238284411851966,3.261316342095255e-17,0.0
487.2145761651548,0.000191955404985301,3.260854610035621e-17,0.0
487.25367532061307,0.000144613659305191,3.256711103234637e-17,0.0
487.2927744760713,0.00010861753092364494,3.256833757921291e-17,0.0
487.33187363152956,0.0002245911534008086,3.259348488822742e-17,0.0
487.3709727869878,0.00020329240401082354,3.253409731020174e-17,0.0
487.41007194244605,0.00014010366438100736,3.2567087465139675e-17,0.0
487.44917109790424,0.00012298293889103233,3.2542340401128324e-17,0.0
487.4882702533625,0.00020629871654006792,3.254495726027856e-17,0.0
487.52736940882073,0.0002211112451222878,3.253860587883336e-17,0.0
487.566468564279,0.00012826571523364216,3.249567015357078e-17,0.0
487.6055677197372,0.00013220093649764952,3.2535189839277526e-17,0.0
487.64466687519547,0.00019063285771938801,3.2484839053520375e-17,0.0
487.6837660306537,0.0002375564938066754,3.2521752713142755e-17,0.0
487.72286518611196,0.00011358598296072625,3.250729819347046e-17,0.0
487.7619643415702,0.0001333597760493894,3.24631319561215e-17,0.0
487.80106349702845,0.00018481764451272565,3.248313350325639e-17,0.0
487.8401626524867,0.0002467794067916079,3.248246788778916e-17,0.0
487.87926180794494,0.0001033290531562933,3.246394271483927e-17,0.0
487.9183609634032,0.000126071478563029,3.245463893499874e-17,0.0
487.95746011886143,0.00019109216634417283,3.2445633635261906e-17,0.0
487.9965592743197,0.00024628603590403655,3.244946703523577e-17,0.0
488.0356584297779,0.0001044206073289812,3.242642353141277e-17,0.0
488.0747575852361,0.00011204712101861695,3.24015636688201e-17,0.0
488.11385674069436,0.0002048032399728605,3.244788993460815e-17,0.0
488.1529558961526,0.0002369750618143887,3.238765685668727e-17,0.0
488.19205505161085,0.00011685674070546805,3.243073348541378e-17,0.0
488.2311542070691,9.498078305284261e-05,3.2381726951421984e-17,0.0
488.27025336252734,0.00021858896959662004,3.241003007818313e-17,0.0
488.3093525179856,0.00022275256531748312,3.2362265191743036e-17,0.0
488.34845167344383,0.00013401924457421522,3.2378788262207025e-17,0.0
488.3875508289021,8.05508790592369e-05,3.2377610491625685e-17,0.0
488.4266499843603,0.0002267757235594781,3.236341023853659e-17,0.0
488.46574913981857,0.0002096006582536197,3.236460011085427e-17,0.0
488.5048482952768,0.00014923864065690963,3.235846846995313e-17,0.0
488.54394745073506,7.499899730584408e-05,3.2330945659310194e-17,0.0
488.5830466061933,0.00022678295239493936,3.232865307573173e-17,0.0
488.62214576165155,0.00020342679995395224,3.230948560070989e-17,0.0
488.6612449171098,0.00015856675648216894,3.2335309711407335e-17,0.0
488.700344072568,7.996790908232393e-05,3.230258605959799e-17,0.0
488.73944322802623,0.0002189493741247345,3.2289493866271536e-17,0.0
488.7785423834845,0.00020682391474021678,3.230474336548253e-17,0.0
488.8176415389427,0.00016063531011193145,3.2300771517927885e-17,0.0
488.85674069440097,9.04886936236592e-05,3.225328277471158e-17,0.0
488.8958398498592,0.0002059519327653146,3.2287917843910687e-17,0.0
488.93493900531746,0.0002175107302072167,3.226432205952145e-17,0.0
488.9740381607757,0.00015615076672610565,3.22456191740379e-17,0.0
489.01313731623395,0.00010072184638201497,3.2262116149996504e-17,0.0
489.0522364716922,0.0001920266911434525,3.223820284436797e-17,0.0
489.09133562715044,0.00023046023858212233,3.219641073139168e-17,0.0
489.1304347826087,0.0001474915531425591,3.2257607302702324e-17,0.0
489.16953393806693,0.00010724792984387994,3.217643482239369e-17,0.0
489.2086330935252,0.00018176209883137898,3.2240571213913314e-17,0.0
489.2477322489834,0.00024101154573421068,3.2182377857566135e-17,0.0
489.28683140444167,0.00013827461836902994,3.220026000468989e-17,0.0
489.3259305598999,0.00010874197727597792,3.21797885517694e-17,0.0
489.3650297153581,0.00017829946314265903,3.218939779639904e-17,0.0
489.40412887081635,0.00024634883558814194,3.215968443081056e-17,0.0
489.4432280262746,0.000132537991820086,3.217004256435533e-17,0.0
489.48232718173284,0.00010521125100087558,3.2181101545993164e-17,0.0
489.5214263371911,0.00018177620434188174,3.213129981726775e-17,0.0
489.56052549264933,0.00024561738630360895,3.214146983472071e-17,0.0
489.5996246481076,0.0001331772781387319,3.2162133548079205e-17,0.0
489.6387238035658,9.753491882754067e-05,3.2138238826664806e-17,0.0
489.67782295902407,0.0001895477667037225,3.212456145856565e-17,0.0
489.7169221144823,0.0002395998489383033,3.2139963852577276e-17,0.0
489.75602126994056,0.0001403555917382041,3.209822681604187e-17,0.0
489.7951204253988,8.72860975285598e-05,3.215105510295187e-17,0.0
489.83421958085705,0.0001979379060907441,3.20804370830417e-17,0.0
489.8733187363153,0.0002303846567982115,3.210376642041578e-17,0.0
489.91241789177354,0.00015161883245687544,3.210157905219017e-17,0.0
489.9515170472318,7.678887709017082e-05,3.2087004463544526e-17,0.0
489.99061620269,0.00020374729290169,3.2080580509915254e-17,0.0
490.0297153581482,0.0002210408476584735,3.204318999991904e-17,0.0
490.06881451360647,0.00016352179312597754,3.209510026151876e-17,0.0
490.1079136690647,6.91701712416731e-05,3.205736259397932e-17,0.0
490.14701282452296,0.0002048687644584087,3.2040919285630084e-17,0.0
490.1861119799812,0.00021501855336435624,3.2060014615445014e-17,0.0
490.22521113543945,0.00017297204462941637,3.204325159061633e-17,0.0
490.2643102908977,6.748676250280712e-05,3.202809320772599e-17,0.0
490.30340944635594,0.0002004593853371163,3.20239606090416e-17,0.0
490.3425086018142,0.0002149559715823273,3.203488439498612e-17,0.0
490.38160775727243,0.0001777952941247638,3.2009048891890704e-17,0.0
490.4207069127307,7.238312375430575e-05,3.201860960784541e-17,0.0
490.4598060681889,0.00019108201620825167,3.201085530776967e-17,0.0
490.49890522364717,0.00022124669381091432,3.1991758301902e-17,0.0
490.5380043791054,0.00017700402025184182,3.197934323558162e-17,0.0
490.57710353456366,8.12596189492279e-05,3.1993907592700625e-17,0.0
490.61620269002185,0.00017888115046808413,3.1992339796423906e-17,0.0
490.6553018454801,0.0002315898149436062,3.196269037950247e-17,0.0
490.69440100093834,0.00017108985240961905,3.196089962761001e-17,0.0
490.7335001563966,9.04536780116291e-05,3.1988306201387316e-17,0.0
490.77259931185483,0.00016752315320177217,3.19535482515188e-17,0.0
490.8116984673131,0.00024207018917647664,3.1954690041999016e-17,0.0
490.8507976227713,0.00016232538048563128,3.192910242625563e-17,0.0
490.88989677822957,9.700849970032904e-05,3.1947327841761964e-17,0.0
490.9289959336878,0.00016124187275746166,3.1944527854878334e-17,0.0
490.96809508914606,0.0002488258669395089,3.1900367316840056e-17,0.0
491.0071942446043,0.0001547155757521916,3.192643162918935e-17,0.0
491.04629340006255,9.906768089360013e-05,3.1922390858482666e-17,0.0
491.0853925555208,0.0001625346134430726,3.1921672116277666e-17,0.0
491.12449171097904,0.00024934306269383083,3.187586995188493e-17,0.0
491.1635908664373,0.00015277347921929604,3.192302242091095e-17,0.0
491.20269002189553,9.589923374087046e-05,3.188747573321049e-17,0.0
491.2417891773537,0.00017010465710078803,3.189474800347782e-17,0.0
491.28088833281197,0.00024321513893412993,3.185718689438489e-17,0.0
491.3199874882702,0.0001587623963967696,3.184638437595132e-17,0.0
491.35908664372846,8.799075450186137e-05,3.188995054421431e-17,0.0
491.3981857991867,0.00017963085594685293,3.185905563072483e-17,0.0
491.43728495464495,0.00023246592784767302,3.1853447732006196e-17,0.0
491.4763841101032,0.0001707501807940609,3.1830707623597414e-17,0.0
491.51548326556144,7.729336869916566e-05,3.1841383875672e-17,0.0
491.5545824210197,0.000186410376176862,3.1854226546489993e-17,0.0
491.59368157647793,0.00022129590770177108,3.18200488043673e-17,0.0
491.6327807319362,0.00018402816392113058,3.1830047996990784e-17,0.0
491.6718798873944,6.754710622145181e-05,3.181948809831741e-17,0.0
491.71097904285267,0.00018727840762577442,3.1817408804350116e-17,0.0
491.7500781983109,0.0002147338628019589,3.181314503533083e-17,0.0
491.78917735376916,0.00019394697162466632,3.178619196770139e-17,0.0
491.8282765092274,6.370543163620146e-05,3.182262790666059e-17,0.0
491.8673756646856,0.00018133826818249172,3.1798759262153825e-17,0.0
491.90647482014384,0.0002159742732857728,3.179404513228537e-17,0.0
491.9455739756021,0.00019764106305404568,3.1781547953842526e-17,0.0
491.98467313106033,6.828838862562714e-05,3.180613460390159e-17,0.0
492.0237722865186,0.00017008112902739759,3.1775357348722905e-17,0.0
492.0628714419768,0.000224118670466652,3.177270911709792e-17,0.0
492.10197059743507,0.00019462908259496666,3.177758574107301e-17,0.0
492.1410697528933,7.837002861580905e-05,3.17603867364584e-17,0.0
492.18016890835156,0.0001571294421496327,3.1768115848435567e-17,0.0
492.2192680638098,0.00023485771950412977,3.177468353129556e-17,0.0
492.25836721926805,0.00018686989275490704,3.172904096644616e-17,0.0
492.2974663747263,8.89929182105574e-05,3.1729430709705324e-17,0.0
492.33656553018454,0.0001472652623000562,3.176187680380159e-17,0.0
492.3756646856428,0.00024329327857897497,3.1730997485033434e-17,0.0
492.41476384110103,0.0001783255307167007,3.171023586856975e-17,0.0
492.4538629965593,9.658128584238674e-05,3.1769109789941726e-17,0.0
492.4929621520175,0.0001441699317476809,3.1691300968383347e-17,0.0
492.5320613074757,0.00024619047494458374,3.170193438437274e-17,0.0
492.57116046293396,0.00017360076818338313,3.1699556382850465e-17,0.0
492.6102596183922,9.941513380646261e-05,3.1698866221096626e-17,0.0
492.64935877385045,0.0001478611062638802,3.171294195853362e-17,0.0
492.6884579293087,0.00024282946582950733,3.1673703383642165e-17,0.0
492.72755708476694,0.00017552030488031964,3.1658219694205755e-17,0.0
492.7666562402252,9.736356272330739e-05,3.1713617717651263e-17,0.0
492.80575539568343,0.00015481748057041416,3.164836244030492e-17,0.0
492.8448545511417,0.00023491241300217837,3.168835766534685e-17,0.0
492.8839537065999,0.00018329121186439658,3.163316387531332e-17,0.0
492.92305286205817,9.168532385001605e-05,3.167769975010263e-17,0.0
492.9621520175164,0.00016074499743982013,3.1647426967925375e-17,0.0
493.00125117297466,0.00022582537874526264,3.168102713698058e-17,0.0
493.0403503284329,0.0001933679933404303,3.165082005486978e-17,0.0
493.07944948389115,8.482768427074897e-05,3.1633502453405475e-17,0.0
493.1185486393494,0.00016278665411032683,3.164591788520956e-17,0.0
493.1576477948076,0.00021926075899973636,3.165765295562929e-17,0.0
493.19674695026583,0.00020194689107119702,3.1613076525900593e-17,0.0
493.2358461057241,7.988252638651579e-05,3.162150150081685e-17,0.0
493.2749452611823,0.0001601305716393318,3.166369724071001e-17,0.0
493.31404441664057,0.0002174671583162248,3.162286615940484e-17,0.0
493.3531435720988,0.00020669564048653201,3.1610628295921397e-17,0.0
493.39224272755706,7.923859713961705e-05,3.16127679047669e-17,0.0
493.4313418830153,0.00015374645548412496,3.1624357071639895e-17,0.0
493.47044103847355,0.00022016532854444643,3.1594217779356605e-17,0.0
493.5095401939318,0.0002072055790274685,3.162940808265935e-17,0.0
493.54863934939004,8.301170118854743e-05,3.156316434941519e-17,0.0
493.5877385048483,0.0001457612871959145,3.1610994219117964e-17,0.0
493.62683766030653,0.0002250916581005021,3.1557525175110577e-17,0.0
493.6659368157648,0.00020467363599850253,3.161499414831449e-17,0.0
493.705035971223,8.920530469897915e-05,3.154997649328078e-17,0.0
493.7441351266813,0.00013859295458600455,3.156252450562898e-17,0.0
493.78323428213946,0.00022959201671732103,3.158181993366194e-17,0.0
493.8223334375977,0.00020117708318215556,3.15517671080528e-17,0.0
493.86143259305595,9.543528210064732e-05,3.1564233181616736e-17,0.0
493.9005317485142,0.00013396192284247603,3.1556912429148615e-17,0.0
493.93963090397244,0.00023190038883857863,3.1556288513657406e-17,0.0
493.9787300594307,0.0001987485363411735,3.154517845020217e-17,0.0
494.01782921488893,0.00010013836823366086,3.1527364018788506e-17,0.0
494.0569283703472,0.00013221056170021516,3.155544241621601e-17,0.0
494.0960275258054,0.00023154345614886989,3.1524848331975686e-17,0.0
494.13512668126367,0.00019856041766868403,3.1534513814911844e-17,0.0
494.1742258367219,0.00010278426368552719,3.153514359370664e-17,0.0
494.21332499218016,0.0001324275686270564,3.153274406816155e-17,0.0
494.2524241476384,0.0002290970017647047,3.152300403861281e-17,0.0
494.29152330309665,0.00020061748004647218,3.15439362162968e-17,0.0
494.3306224585549,0.00010363780142199898,3.148179671029124e-17,0.0
494.36972161401314,0.00013322569941962237,3.152568664170508e-17,0.0
494.40882076947133,0.00022566485102877099,3.152509053097159e-17,0.0
494.4479199249296,0.00020407764466068556,3.1501573768146186e-17,0.0
494.4870190803878,0.00010341688460344177,3.1496216112658587e-17,0.0
494.52611823584607,0.00013347313042728245,3.152561299079167e-17,0.0
494.5652173913043,0.00022235821660644922,3.148043543674833e-17,0.0
494.60431654676256,0.0002078565309257003,3.1517374011493465e-17,0.0
494.6434157022208,0.0001029707225642297,3.146519889277288e-17,0.0
494.68251485767905,0.00013258265553512207,3.148961273207411e-17,0.0
494.7216140131373,0.00021994605907168046,3.1490419137397776e-17,0.0
494.76071316859554,0.000211083069378146,3.147759751453135e-17,0.0
494.7998123240538,0.00010303370647550807,3.146341073250955e-17,0.0
494.83891147951203,0.00013046448033186535,3.1467023517669816e-17,0.0
494.8780106349703,0.00021872638253468178,3.147800883128952e-17,0.0
494.9171097904285,0.00021327162168779384,3.142877984121833e-17,0.0
494.9562089458868,0.0001040722905533163,3.147678926618494e-17,0.0
494.995308101345,0.0001273800673734404,3.1452688556915466e-17,0.0
495.03440725680326,0.0002185577373458798,3.143914279906808e-17,0.0
495.07350641226145,0.00021432507880721612,3.1453030871142464e-17,0.0
495.1126055677197,0.00010620701786050746,3.1433407360483684e-17,0.0
495.15170472317794,0.00012382355187720646,3.1433439224631054e-17,0.0
495.1908038786362,0.0002189635668349276,3.1467050407777613e-17,0.0
495.22990303409443,0.00021449962804578787,3.1420735833003593e-17,0.0
495.2690021895527,0.00010919399924167006,3.145756987913591e-17,0.0
495.3081013450109,0.00012041714759068778,3.1433530325322896e-17,0.0
495.34720050046917,0.00021928213441450582,3.141550344908285e-17,0.0
495.3862996559274,0.0002143483863452103,3.1441068604494376e-17,0.0
495.42539881138566,0.00011248822781647735,3.1435971126600846e-17,0.0
495.4644979668439,0.00011774105795559744,3.142502979610268e-17,0.0
495.50359712230215,0.00021888302164532625,3.140555633305908e-17,0.0
495.5426962777604,0.0002145684100857876,3.1429696320126646e-17,0.0
495.58179543321864,0.0001154209200113653,3.141828481709104e-17,0.0
495.6208945886769,0.00011607895371388703,3.142574705297775e-17,0.0
495.65999374413514,0.00021743430470615413,3.140138957320302e-17,0.0
495.6990928995933,0.00021570443182930012,3.1390148860004744e-17,0.0
495.73819205505157,0.00011747148642248179,3.140613972822947e-17,0.0
495.7772912105098,0.00011521187461355715,3.139859108947492e-17,0.0
495.81639036596806,0.0002151168787326613,3.139989312003641e-17,0.0
495.8554895214263,0.00021781642281892,3.13897988773485e-17,0.0
495.89458867688455,0.00011854334045748251,3.139212347842357e-17,0.0
495.9336878323428,0.00011445953265258406,3.139888098395551e-17,0.0
495.97278698780104,0.00021262868055446358,3.138621673330413e-17,0.0
496.0118861432593,0.00022035266276490111,3.140118422437918e-17,0.0
496.05098529871753,0.00011910386928343904,3.135983424595859e-17,0.0
496.0900844541758,0.00011301294867822778,3.13789638611959e-17,0.0
496.129183609634,0.00021087126419185606,3.1375115368168714e-17,0.0
496.1682827650923,0.00022239412063284952,3.139489039818167e-17,0.0
496.2073819205505,0.00012004059689220173,3.135022530621059e-17,0.0
496.24648107600876,0.00011038242919470365,3.1381918646059364e-17,0.0
496.285580231467,0.00021040319726086672,3.1361513888120514e-17,0.0
496.3246793869252,0.0002231756181213068,3.135050843573715e-17,0.0
496.36377854238344,0.0001221830904260769,3.1373448523513585e-17,0.0
496.4028776978417,0.0001067226619823673,3.134213033132488e-17,0.0
496.44197685329993,0.00021099933827522827,3.1353090979633066e-17,0.0
496.4810760087582,0.00022258759993164543,3.136919779546159e-17,0.0
496.5201751642164,0.00012571636026836427,3.1320737152571316e-17,0.0
496.55927431967467,0.0001028563168659599,3.132323090349734e-17,0.0
496.5983734751329,0.00021169348885687075,3.136421908139337e-17,0.0
496.63747263059116,0.00022134946257160997,3.134001843755549e-17,0.0
496.6765717860494,0.00012995322248161444,3.1354279434822725e-17,0.0
496.71567094150765,9.989276346221846e-05,3.129754776456257e-17,0.0
496.7547700969659,0.00021134340213613495,3.133269377276494e-17,0.0
496.79386925242414,0.00022067337409946628,3.135524638758579e-17,0.0
496.8329684078824,0.0001337140320767531,3.1340571013795154e-17,0.0
496.87206756334064,9.852408740634083e-05,3.130516726806572e-17,0.0
496.9111667187989,0.00020936124577789308,3.1318164075753603e-17,0.0
496.95026587425707,0.00022150201705392695,3.134867981840513e-17,0.0
496.9893650297153,0.00013605301823285687,3.130554349555774e-17,0.0
497.02846418517356,9.84551527250905e-05,3.1326751516319967e-17,0.0
497.0675633406318,0.00020616221089923617,3.131278096195543e-17,0.0
497.10666249609005,0.00022378214555389552,3.132963742056463e-17,0.0
497.1457616515483,0.00013687876406764645,3.131506977589704e-17,0.0
497.18486080700654,9.851780479488187e-05,3.129384272899291e-17,0.0
497.2239599624648,0.00020303087301031802,3.134182969997411e-17,0.0
497.26305911792304,0.00022637610559575849,3.127525253591628e-17,0.0
497.3021582733813,0.00013714072199886714,3.1324656756450756e-17,0.0
497.3412574288395,9.741896646602491e-05,3.1327662805677694e-17,0.0
497.3803565842978,0.00020135152398268992,3.125790808035357e-17,0.0
497.419455739756,0.00022776562567352232,3.1344441210955856e-17,0.0
497.45855489521426,0.00013838044179007822,3.1304655888533954e-17,0.0
497.4976540506725,9.455751894983021e-05,3.126761474526339e-17,0.0
497.53675320613075,0.00020157261053213807,3.131078009266106e-17,0.0
497.57585236158894,0.00022708299150098874,3.1289498673372674e-17,0.0
497.6149515170472,0.00014170056384729858,3.131106903251311e-17,0.0
497.65405067250543,9.049799188974643e-05,3.1284483914671935e-17,0.0
497.6931498279637,0.00020268655128399162,3.1267008255904845e-17,0.0
497.7322489834219,0.00022483852851606668,3.1312110242257205e-17,0.0
497.77134813888017,0.00014679635285766055,3.1309505196062997e-17,0.0
497.8104472943384,8.691291364341046e-05,3.12574444465021e-17,0.0
497.84954644979666,0.00020274239409652677,3.127644683014014e-17,0.0
497.8886456052549,0.00022288932812505335,3.1303356519184533e-17,0.0
497.92774476071315,0.0001519388476635939,3.126506072212366e-17,0.0
497.9668439161714,8.576083406933156e-05,3.129011742952319e-17,0.0
498.00594307162964,0.00020004750109888045,3.127744833428525e-17,0.0
498.0450422270879,0.0002234464378572562,3.128238486213259e-17,0.0
498.08414138254614,0.00015496868975814175,3.129186200223848e-17,0.0
498.1232405380044,8.781902201160531e-05,3.127698039221225e-17,0.0
498.1623396934626,0.00019430066878251375,3.126036068613455e-17,0.0
498.2014388489209,0.00022748867428270479,3.130432273581961e-17,0.0
498.24053800437906,0.00015454911005376913,3.1267632002367844e-17,0.0
498.2796371598373,9.182771027984378e-05,3.1280669228653985e-17,0.0
498.31873631529555,0.00018711987364558908,3.123996046477086e-17,0.0
498.3578354707538,0.00023375812507664374,3.1294395738904633e-17,0.0
498.39693462621204,0.00015107752266531297,3.127118163989371e-17,0.0
498.4360337816703,9.526243536141757e-05,3.126059965754438e-17,0.0
498.47513293712854,0.0001815956816240264,3.127894305267469e-17,0.0
498.5142320925868,0.00023930544210964597,3.124936989375568e-17,0.0
498.553331248045,0.00014696453977466265,3.1282139738763044e-17,0.0
498.5924304035033,9.576927758765136e-05,3.126869169725348e-17,0.0
498.6315295589615,0.0001806111511364823,3.123947215947697e-17,0.0
498.67062871441976,0.00024113368439851384,3.127375150398594e-17,0.0
498.709727869878,0.0001458307720915892,3.127059962518461e-17,0.0
498.74882702533625,9.212847608371882e-05,3.125935452040917e-17,0.0
498.7879261807945,0.00018464151601489535,3.125702800718854e-17,0.0
498.82702533625275,0.00023780217690406923,3.125251216490175e-17,0.0
498.86612449171093,0.00015028173005029172,3.125027709110142e-17,0.0
498.9052236471692,8.47269875140375e-05,3.12713496319053e-17,0.0
498.9443228026274,0.0001910698143110814,3.123577852333455e-17,0.0
498.98342195808567,0.0002303505867545952,3.127533822538396e-17,0.0
499.0225211135439,0.00015967283354259814,3.127247811601658e-17,0.0
499.06162026900216,7.583650407335872e-05,3.1256766015302176e-17,0.0
499.1007194244604,0.0001958061193205688,3.123861627474118e-17,0.0
499.13981857991865,0.00022227854228309597,3.124773621859484e-17,0.0
499.1789177353769,0.00017038574106207371,3.1269121409622176e-17,0.0
499.21801689083514,6.950117406776653e-05,3.1239262930791104e-17,0.0
499.2571160462934,0.00019552853423367958,3.126423483526883e-17,0.0
499.29621520175164,0.00021817265408162183,3.122336899241629e-17,0.0
499.3353143572099,0.00017816933566625724,3.1282916874690925e-17,0.0
499.3744135126681,6.964215418671279e-05,3.123824720933199e-17,0.0
499.4135126681264,0.00018911934069947868,3.1254308748499294e-17,0.0
499.4526118235846,0.00022093932215522531,3.1223802993760445e-17,0.0
499.4917109790428,0.00018019379022340103,3.1278726930083736e-17,0.0
499.53081013450105,7.63008780907583e-05,3.124675205408135e-17,0.0
499.5699092899593,0.00017820880691563697,3.1240214250079224e-17,0.0
499.60900844541754,0.00022950243600969983,3.12238519759891e-17,0.0
499.6481076008758,0.00017608644478989737,3.125667178092949e-17,0.0
499.68720675633404,8.548815624646078e-05,3.128147309831478e-17,0.0
499.7263059117923,0.00016692369992479255,3.1218392126480147e-17,0.0
499.7654050672505,0.00023946272492398338,3.125776995710255e-17,0.0
499.8045042227088,0.00016824998490418496,3.12341529119616e-17,0.0
499.843603378167,9.283718452998014e-05,3.125528732004162e-17,0.0
499.88270253362526,0.00016034786654283066,3.125926435050316e-17,0.0
499.9218016890835,0.00024593184483846314,3.125485704911344e-17,0.0
499.96090084454175,0.00016136775908335668,3.1208504017176635e-17,0.0
500.0,4.7794436328711535e-05,1.564567960362519e-17,0.0
